scenario,date,time_ns,complete,opportunity,eligible_fraction,reason
H336,2022-01-01,1641081599999999999,True,0.0000987297854612896386171936418,0.02673611111111111111111111111,
H336,2022-01-02,1641167999999999999,True,0.0004423355257395604824416737518,0.1114583333333333333333333334,
H336,2022-01-03,1641254399999999999,True,0.000826456365939661327305448646,0.2027777777777777777777777778,
H336,2022-01-04,1641340799999999999,True,0.001079630974222563596267617288,0.2701388888888888888888888888,
H336,2022-01-05,1641427199999999999,True,0.0009253963284391352150996536515,0.2319444444444444444444444444,
H336,2022-01-06,1641513599999999999,True,0.00003797047842487107136061404893,0.009722222222222222222222222225,
H336,2022-01-07,1641599999999999999,True,0.00005532501421472048203048514405,0.01319444444444444444444444444,
H336,2022-01-08,1641686399999999999,True,0.0004576885131142949823985059191,0.1107638888888888888888888889,
H336,2022-01-09,1641772799999999999,True,0.0001195245686951452366497515229,0.02847222222222222222222222222,
H336,2022-01-10,1641859199999999999,True,0.0000557783612343246444315134463,0.01493055555555555555555555556,
H336,2022-01-11,1641945599999999999,True,0.000002627939075084007011862934114,0.0006944444444444444444444444445,
H336,2022-01-12,1642031999999999999,True,0E-31,0,
H336,2022-01-13,1642118399999999999,True,0E-32,0,
H336,2022-01-14,1642204799999999999,True,0E-32,0,
H336,2022-01-15,1642291199999999999,True,0E-31,0,
H336,2022-01-16,1642377599999999999,True,0E-31,0,
H336,2022-01-17,1642463999999999999,True,0E-31,0,
H336,2022-01-18,1642550399999999999,True,0E-30,0,
H336,2022-01-19,1642636799999999999,True,0E-30,0,
H336,2022-01-20,1642723199999999999,True,0.00002041516459181950650427357889,0.005555555555555555555555555555,
H336,2022-01-21,1642809599999999999,True,0.000005083571707400293561449993215,0.001388888888888888888888888889,
H336,2022-01-22,1642895999999999999,True,0E-30,0,
H336,2022-01-23,1642982399999999999,True,0E-31,0,
H336,2022-01-24,1643068799999999999,True,0E-32,0,
H336,2022-01-25,1643155199999999999,True,0E-31,0,
H336,2022-01-26,1643241599999999999,True,0E-31,0,
H336,2022-01-27,1643327999999999999,True,0E-31,0,
H336,2022-01-28,1643414399999999999,True,0E-32,0,
H336,2022-01-29,1643500799999999999,True,0E-33,0,
H336,2022-01-30,1643587199999999999,True,0E-33,0,
H336,2022-01-31,1643673599999999999,True,0E-31,0,
H336,2022-02-01,1643759999999999999,True,0E-32,0,
H336,2022-02-02,1643846399999999999,True,0E-31,0,
H336,2022-02-03,1643932799999999999,True,0E-34,0,
H336,2022-02-04,1644019199999999999,True,0E-32,0,
H336,2022-02-05,1644105599999999999,True,0E-32,0,
H336,2022-02-06,1644191999999999999,True,0E-30,0,
H336,2022-02-07,1644278399999999999,True,0E-30,0,
H336,2022-02-08,1644364799999999999,True,0E-30,0,
H336,2022-02-09,1644451199999999999,True,0E-30,0,
H336,2022-02-10,1644537599999999999,True,0E-31,0,
H336,2022-02-11,1644623999999999999,True,0E-31,0,
H336,2022-02-12,1644710399999999999,True,0E-31,0,
H336,2022-02-13,1644796799999999999,True,0E-30,0,
H336,2022-02-14,1644883199999999999,True,0E-30,0,
H336,2022-02-15,1644969599999999999,True,0E-30,0,
H336,2022-02-16,1645055999999999999,True,0E-30,0,
H336,2022-02-17,1645142399999999999,True,0.00003712678206689279346793029906,0.01076388888888888888888888889,
H336,2022-02-18,1645228799999999999,True,0E-31,0,
H336,2022-02-19,1645315199999999999,True,0E-31,0,
H336,2022-02-20,1645401599999999999,True,0E-31,0,
H336,2022-02-21,1645487999999999999,True,0E-31,0,
H336,2022-02-22,1645574399999999999,True,0E-33,0,
H336,2022-02-23,1645660799999999999,True,0E-31,0,
H336,2022-02-24,1645747199999999999,True,0E-31,0,
H336,2022-02-25,1645833599999999999,True,0E-32,0,
H336,2022-02-26,1645919999999999999,True,0E-32,0,
H336,2022-02-27,1646006399999999999,True,0E-30,0,
H336,2022-02-28,1646092799999999999,True,0E-32,0,
H336,2022-03-01,1646179199999999999,True,0E-31,0,
H336,2022-03-02,1646265599999999999,True,0E-31,0,
H336,2022-03-03,1646351999999999999,True,0.0002164182108878591498735355206,0.0607638888888888888888888889,
H336,2022-03-04,1646438399999999999,True,0.0001676159777713361252685201642,0.04618055555555555555555555556,
H336,2022-03-05,1646524799999999999,True,0.000001302183565705694993436342718,0.0003472222222222222222222222222,
H336,2022-03-06,1646611199999999999,True,0E-30,0,
H336,2022-03-07,1646697599999999999,True,0E-32,0,
H336,2022-03-08,1646783999999999999,True,0E-32,0,
H336,2022-03-09,1646870399999999999,True,0E-30,0,
H336,2022-03-10,1646956799999999999,True,0E-30,0,
H336,2022-03-11,1647043199999999999,True,0E-31,0,
H336,2022-03-12,1647129599999999999,True,0E-32,0,
H336,2022-03-13,1647215999999999999,True,0E-32,0,
H336,2022-03-14,1647302399999999999,True,0E-31,0,
H336,2022-03-15,1647388799999999999,True,0E-31,0,
H336,2022-03-16,1647475199999999999,True,0E-31,0,
H336,2022-03-17,1647561599999999999,True,0E-30,0,
H336,2022-03-18,1647647999999999999,True,0.000001190320586853630263444953104,0.0003472222222222222222222222222,
H336,2022-03-19,1647734399999999999,True,0.00008587351262193658210318520175,0.02465277777777777777777777778,
H336,2022-03-20,1647820799999999999,True,0.0007355893169347184048056626305,0.1920138888888888888888888888,
H336,2022-03-21,1647907199999999999,True,0.00003034103688164488058730739152,0.00763888888888888888888888889,
H336,2022-03-22,1647993599999999999,True,0.0005055044791841689673514360415,0.1236111111111111111111111111,
H336,2022-03-23,1648079999999999999,True,0E-30,0,
H336,2022-03-24,1648166399999999999,True,0E-30,0,
H336,2022-03-25,1648252799999999999,True,0.000006160023352149804293611421235,0.001736111111111111111111111111,
H336,2022-03-26,1648339199999999999,True,0E-30,0,
H336,2022-03-27,1648425599999999999,True,0E-31,0,
H336,2022-03-28,1648511999999999999,True,0E-30,0,
H336,2022-03-29,1648598399999999999,True,0.00009743047686218182724283772525,0.02777777777777777777777777778,
H336,2022-03-30,1648684799999999999,True,0.000580553367090305553918955356,0.1559027777777777777777777778,
H336,2022-03-31,1648771199999999999,True,0.0003122454179826297659511557582,0.0777777777777777777777777778,
H336,2022-04-01,1648857599999999999,True,0.0001795623881840630011560967056,0.04409722222222222222222222222,
H336,2022-04-02,1648943999999999999,True,0.00008115768274354822883738340335,0.02013888888888888888888888889,
H336,2022-04-03,1649030399999999999,True,0.0000604481293331345477180627706,0.01458333333333333333333333334,
H336,2022-04-04,1649116799999999999,True,0.00003644036884709096589921824280,0.009722222222222222222222222225,
H336,2022-04-05,1649203199999999999,True,0.00006360428773780847315602477395,0.01527777777777777777777777778,
H336,2022-04-06,1649289599999999999,True,0.00001017035150219267304561011294,0.002430555555555555555555555556,
H336,2022-04-07,1649375999999999999,True,0E-31,0,
H336,2022-04-08,1649462399999999999,True,0E-32,0,
H336,2022-04-09,1649548799999999999,True,0E-31,0,
H336,2022-04-10,1649635199999999999,True,0E-30,0,
H336,2022-04-11,1649721599999999999,True,0E-30,0,
H336,2022-04-12,1649807999999999999,True,0E-32,0,
H336,2022-04-13,1649894399999999999,True,0E-32,0,
H336,2022-04-14,1649980799999999999,True,0E-31,0,
H336,2022-04-15,1650067199999999999,True,0E-31,0,
H336,2022-04-16,1650153599999999999,True,0E-32,0,
H336,2022-04-17,1650239999999999999,True,0E-31,0,
H336,2022-04-18,1650326399999999999,True,0E-31,0,
H336,2022-04-19,1650412799999999999,True,0E-31,0,
H336,2022-04-20,1650499199999999999,True,0E-31,0,
H336,2022-04-21,1650585599999999999,True,0E-31,0,
H336,2022-04-22,1650671999999999999,True,0E-31,0,
H336,2022-04-23,1650758399999999999,True,0E-31,0,
H336,2022-04-24,1650844799999999999,True,0E-30,0,
H336,2022-04-25,1650931199999999999,True,0E-30,0,
H336,2022-04-26,1651017599999999999,True,0E-31,0,
H336,2022-04-27,1651103999999999999,True,0E-31,0,
H336,2022-04-28,1651190399999999999,True,0E-31,0,
H336,2022-04-29,1651276799999999999,True,0E-31,0,
H336,2022-04-30,1651363199999999999,True,0E-31,0,
H336,2022-05-01,1651449599999999999,True,0E-31,0,
H336,2022-05-02,1651535999999999999,True,0E-30,0,
H336,2022-05-03,1651622399999999999,True,0.00003393839982569843425809178972,0.00972222222222222222222222222,
H336,2022-05-04,1651708799999999999,True,0E-31,0,
H336,2022-05-05,1651795199999999999,True,0.0007100710160023435871232982905,0.1979166666666666666666666666,
H336,2022-05-06,1651881599999999999,True,0E-31,0,
H336,2022-05-07,1651967999999999999,True,0E-31,0,
H336,2022-05-08,1652054399999999999,True,0E-31,0,
H336,2022-05-09,1652140799999999999,True,0.00001978374583173640823134322879,0.005555555555555555555555555555,
H336,2022-05-10,1652227199999999999,True,0.00007179449977695568687054872445,0.02083333333333333333333333333,
H336,2022-05-11,1652313599999999999,True,0.00007874978540280294508044853185,0.02152777777777777777777777778,
H336,2022-05-12,1652399999999999999,True,0E-31,0,
H336,2022-05-13,1652486399999999999,True,0E-30,0,
H336,2022-05-14,1652572799999999999,True,0E-31,0,
H336,2022-05-15,1652659199999999999,True,0E-32,0,
H336,2022-05-16,1652745599999999999,True,0E-30,0,
H336,2022-05-17,1652831999999999999,True,0E-31,0,
H336,2022-05-18,1652918399999999999,True,0E-31,0,
H336,2022-05-19,1653004799999999999,True,0E-32,0,
H336,2022-05-20,1653091199999999999,True,0E-32,0,
H336,2022-05-21,1653177599999999999,True,0E-30,0,
H336,2022-05-22,1653263999999999999,True,0E-31,0,
H336,2022-05-23,1653350399999999999,True,0E-30,0,
H336,2022-05-24,1653436799999999999,True,0E-31,0,
H336,2022-05-25,1653523199999999999,True,0E-31,0,
H336,2022-05-26,1653609599999999999,True,0E-31,0,
H336,2022-05-27,1653695999999999999,True,0E-31,0,
H336,2022-05-28,1653782399999999999,True,0.000001193438976700592519283268620,0.0003472222222222222222222222222,
H336,2022-05-29,1653868799999999999,True,0.000001359521831283983641526779580,0.0003472222222222222222222222222,
H336,2022-05-30,1653955199999999999,True,0.00001683960995970717566676408154,0.004166666666666666666666666666,
H336,2022-05-31,1654041599999999999,True,0.0001137275323368556241270177550,0.02777777777777777777777777778,
H336,2022-06-01,1654127999999999999,True,0.0001132848423102026070126741948,0.03020833333333333333333333334,
H336,2022-06-02,1654214399999999999,True,0E-30,0,
H336,2022-06-03,1654300799999999999,True,0E-30,0,
H336,2022-06-04,1654387199999999999,True,0E-30,0,
H336,2022-06-05,1654473599999999999,True,0E-30,0,
H336,2022-06-06,1654559999999999999,True,0E-30,0,
H336,2022-06-07,1654646399999999999,True,0.000001196176394617129501445638514,0.0003472222222222222222222222222,
H336,2022-06-08,1654732799999999999,True,0E-31,0,
H336,2022-06-09,1654819199999999999,True,0E-30,0,
H336,2022-06-10,1654905599999999999,True,0.000001211129744003456928790156670,0.0003472222222222222222222222222,
H336,2022-06-11,1654991999999999999,True,0E-31,0,
H336,2022-06-12,1655078399999999999,True,0E-30,0,
H336,2022-06-13,1655164799999999999,True,0E-31,0,
H336,2022-06-14,1655251199999999999,True,0E-32,0,
H336,2022-06-15,1655337599999999999,True,0E-31,0,
H336,2022-06-16,1655423999999999999,True,0E-31,0,
H336,2022-06-17,1655510399999999999,True,0E-31,0,
H336,2022-06-18,1655596799999999999,True,0E-32,0,
H336,2022-06-19,1655683199999999999,True,0E-31,0,
H336,2022-06-20,1655769599999999999,True,0E-31,0,
H336,2022-06-21,1655855999999999999,True,0E-32,0,
H336,2022-06-22,1655942399999999999,True,0E-32,0,
H336,2022-06-23,1656028799999999999,True,0E-32,0,
H336,2022-06-24,1656115199999999999,True,0E-31,0,
H336,2022-06-25,1656201599999999999,True,0E-31,0,
H336,2022-06-26,1656287999999999999,True,0E-31,0,
H336,2022-06-27,1656374399999999999,True,0E-31,0,
H336,2022-06-28,1656460799999999999,True,0E-32,0,
H336,2022-06-29,1656547199999999999,True,0E-32,0,
H336,2022-06-30,1656633599999999999,True,0E-31,0,
H336,2022-07-01,1656719999999999999,True,0E-31,0,
H336,2022-07-02,1656806399999999999,True,0E-31,0,
H336,2022-07-03,1656892799999999999,True,0E-32,0,
H336,2022-07-04,1656979199999999999,True,0E-31,0,
H336,2022-07-05,1657065599999999999,True,0E-31,0,
H336,2022-07-06,1657151999999999999,True,0E-31,0,
H336,2022-07-07,1657238399999999999,True,0E-30,0,
H336,2022-07-08,1657324799999999999,True,0E-30,0,
H336,2022-07-09,1657411199999999999,True,0E-30,0,
H336,2022-07-10,1657497599999999999,True,0.000001225886636186147769306997061,0.0003472222222222222222222222222,
H336,2022-07-11,1657583999999999999,True,0E-30,0,
H336,2022-07-12,1657670399999999999,True,0E-31,0,
H336,2022-07-13,1657756799999999999,True,0E-31,0,
H336,2022-07-14,1657843199999999999,True,0E-30,0,
H336,2022-07-15,1657929599999999999,True,0E-31,0,
H336,2022-07-16,1658015999999999999,True,0E-32,0,
H336,2022-07-17,1658102399999999999,True,0E-31,0,
H336,2022-07-18,1658188799999999999,True,0.00002893453256446022758613589705,0.008333333333333333333333333335,
H336,2022-07-19,1658275199999999999,True,0.00003671455048970920054776058608,0.01006944444444444444444444444,
H336,2022-07-20,1658361599999999999,True,0.00002295154718029757111018309228,0.00590277777777777777777777778,
H336,2022-07-21,1658447999999999999,True,0.0000692325180079583494778370512,0.01736111111111111111111111111,
H336,2022-07-22,1658534399999999999,True,0.000003751243269752552913292396437,0.001041666666666666666666666666,
H336,2022-07-23,1658620799999999999,True,0E-30,0,
H336,2022-07-24,1658707199999999999,True,0.000998361426800030683307748125,0.2763888888888888888888888889,
H336,2022-07-25,1658793599999999999,True,0.00005704776514686421471706609025,0.01493055555555555555555555556,
H336,2022-07-26,1658879999999999999,True,0E-30,0,
H336,2022-07-27,1658966399999999999,True,0E-30,0,
H336,2022-07-28,1659052799999999999,True,0E-30,0,
H336,2022-07-29,1659139199999999999,True,0.0004264261152841968172066687347,0.1163194444444444444444444444,
H336,2022-07-30,1659225599999999999,True,0.0001711520162947228932477714801,0.04444444444444444444444444444,
H336,2022-07-31,1659311999999999999,True,0E-30,0,
H336,2022-08-01,1659398399999999999,True,0E-30,0,
H336,2022-08-02,1659484799999999999,True,0.000006244006519823835308411486325,0.001736111111111111111111111111,
H336,2022-08-03,1659571199999999999,True,0E-30,0,
H336,2022-08-04,1659657599999999999,True,0E-30,0,
H336,2022-08-05,1659743999999999999,True,0E-30,0,
H336,2022-08-06,1659830399999999999,True,0.0000902499657804213528095360844,0.02534722222222222222222222222,
H336,2022-08-07,1659916799999999999,True,0E-30,0,
H336,2022-08-08,1660003199999999999,True,0E-30,0,
H336,2022-08-09,1660089599999999999,True,0E-31,0,
H336,2022-08-10,1660175999999999999,True,0E-31,0,
H336,2022-08-11,1660262399999999999,True,0E-31,0,
H336,2022-08-12,1660348799999999999,True,0E-30,0,
H336,2022-08-13,1660435199999999999,True,0E-30,0,
H336,2022-08-14,1660521599999999999,True,0E-31,0,
H336,2022-08-15,1660607999999999999,True,0E-31,0,
H336,2022-08-16,1660694399999999999,True,0E-32,0,
H336,2022-08-17,1660780799999999999,True,0E-31,0,
H336,2022-08-18,1660867199999999999,True,0E-30,0,
H336,2022-08-19,1660953599999999999,True,0E-30,0,
H336,2022-08-20,1661039999999999999,True,0E-31,0,
H336,2022-08-21,1661126399999999999,True,0E-32,0,
H336,2022-08-22,1661212799999999999,True,0E-32,0,
H336,2022-08-23,1661299199999999999,True,0E-31,0,
H336,2022-08-24,1661385599999999999,True,0E-31,0,
H336,2022-08-25,1661471999999999999,True,0E-32,0,
H336,2022-08-26,1661558399999999999,True,0E-32,0,
H336,2022-08-27,1661644799999999999,True,0E-32,0,
H336,2022-08-28,1661731199999999999,True,0E-31,0,
H336,2022-08-29,1661817599999999999,True,0E-30,0,
H336,2022-08-30,1661903999999999999,True,0E-30,0,
H336,2022-08-31,1661990399999999999,True,0E-31,0,
H336,2022-09-01,1662076799999999999,True,0E-31,0,
H336,2022-09-02,1662163199999999999,True,0E-31,0,
H336,2022-09-03,1662249599999999999,True,0E-31,0,
H336,2022-09-04,1662335999999999999,True,0E-30,0,
H336,2022-09-05,1662422399999999999,True,0E-30,0,
H336,2022-09-06,1662508799999999999,True,0E-31,0,
H336,2022-09-07,1662595199999999999,True,0E-32,0,
H336,2022-09-08,1662681599999999999,True,0E-33,0,
H336,2022-09-09,1662767999999999999,True,0E-31,0,
H336,2022-09-10,1662854399999999999,True,0E-30,0,
H336,2022-09-11,1662940799999999999,True,0E-30,0,
H336,2022-09-12,1663027199999999999,True,0.000003549667219159501282921936496,0.001041666666666666666666666666,
H336,2022-09-13,1663113599999999999,True,0.00002628592184161866045121501081,0.006944444444444444444444444445,
H336,2022-09-14,1663199999999999999,True,0E-30,0,
H336,2022-09-15,1663286399999999999,True,0E-30,0,
H336,2022-09-16,1663372799999999999,True,0E-30,0,
H336,2022-09-17,1663459199999999999,True,0E-30,0,
H336,2022-09-18,1663545599999999999,True,0E-30,0,
H336,2022-09-19,1663631999999999999,True,0E-31,0,
H336,2022-09-20,1663718399999999999,True,0E-31,0,
H336,2022-09-21,1663804799999999999,True,0E-30,0,
H336,2022-09-22,1663891199999999999,True,0E-32,0,
H336,2022-09-23,1663977599999999999,True,0E-31,0,
H336,2022-09-24,1664063999999999999,True,0E-31,0,
H336,2022-09-25,1664150399999999999,True,0E-31,0,
H336,2022-09-26,1664236799999999999,True,0E-32,0,
H336,2022-09-27,1664323199999999999,True,0E-32,0,
H336,2022-09-28,1664409599999999999,True,0E-32,0,
H336,2022-09-29,1664495999999999999,True,0E-32,0,
H336,2022-09-30,1664582399999999999,True,0E-31,0,
H336,2022-10-01,1664668799999999999,True,0E-30,0,
H336,2022-10-02,1664755199999999999,True,0E-30,0,
H336,2022-10-03,1664841599999999999,True,0E-31,0,
H336,2022-10-04,1664927999999999999,True,0.000004869180644863915182045315743,0.001388888888888888888888888889,
H336,2022-10-05,1665014399999999999,True,0.000009267769423395448784337208665,0.002430555555555555555555555556,
H336,2022-10-06,1665100799999999999,True,0.000002810145486851784194020783623,0.0006944444444444444444444444445,
H336,2022-10-07,1665187199999999999,True,0.000004265639555695555133651144340,0.001041666666666666666666666666,
H336,2022-10-08,1665273599999999999,True,0E-31,0,
H336,2022-10-09,1665359999999999999,True,0E-31,0,
H336,2022-10-10,1665446399999999999,True,0E-31,0,
H336,2022-10-11,1665532799999999999,True,0E-30,0,
H336,2022-10-12,1665619199999999999,True,0E-30,0,
H336,2022-10-13,1665705599999999999,True,0E-31,0,
H336,2022-10-14,1665791999999999999,True,0E-31,0,
H336,2022-10-15,1665878399999999999,True,0E-31,0,
H336,2022-10-16,1665964799999999999,True,0E-31,0,
H336,2022-10-17,1666051199999999999,True,0E-31,0,
H336,2022-10-18,1666137599999999999,True,0E-31,0,
H336,2022-10-19,1666223999999999999,True,0E-30,0,
H336,2022-10-20,1666310399999999999,True,0E-30,0,
H336,2022-10-21,1666396799999999999,True,0E-30,0,
H336,2022-10-22,1666483199999999999,True,0E-31,0,
H336,2022-10-23,1666569599999999999,True,0E-31,0,
H336,2022-10-24,1666655999999999999,True,0E-30,0,
H336,2022-10-25,1666742399999999999,True,0E-31,0,
H336,2022-10-26,1666828799999999999,True,0E-31,0,
H336,2022-10-27,1666915199999999999,True,0E-31,0,
H336,2022-10-28,1667001599999999999,True,0E-31,0,
H336,2022-10-29,1667087999999999999,True,0E-31,0,
H336,2022-10-30,1667174399999999999,True,0E-31,0,
H336,2022-10-31,1667260799999999999,True,0E-31,0,
H336,2022-11-01,1667347199999999999,True,0E-31,0,
H336,2022-11-02,1667433599999999999,True,0E-31,0,
H336,2022-11-03,1667519999999999999,True,0E-31,0,
H336,2022-11-04,1667606399999999999,True,0E-32,0,
H336,2022-11-05,1667692799999999999,True,0E-30,0,
H336,2022-11-06,1667779199999999999,True,0E-30,0,
H336,2022-11-07,1667865599999999999,True,0E-30,0,
H336,2022-11-08,1667951999999999999,True,0E-32,0,
H336,2022-11-09,1668038399999999999,True,0E-31,0,
H336,2022-11-10,1668124799999999999,True,0E-30,0,
H336,2022-11-11,1668211199999999999,True,0E-30,0,
H336,2022-11-12,1668297599999999999,True,0E-30,0,
H336,2022-11-13,1668383999999999999,True,0E-30,0,
H336,2022-11-14,1668470399999999999,True,0E-31,0,
H336,2022-11-15,1668556799999999999,True,0E-31,0,
H336,2022-11-16,1668643199999999999,True,0E-31,0,
H336,2022-11-17,1668729599999999999,True,0E-30,0,
H336,2022-11-18,1668815999999999999,True,0E-31,0,
H336,2022-11-19,1668902399999999999,True,0E-32,0,
H336,2022-11-20,1668988799999999999,True,0E-32,0,
H336,2022-11-21,1669075199999999999,True,0E-31,0,
H336,2022-11-22,1669161599999999999,True,0E-32,0,
H336,2022-11-23,1669247999999999999,True,0E-31,0,
H336,2022-11-24,1669334399999999999,True,0E-31,0,
H336,2022-11-25,1669420799999999999,True,0E-31,0,
H336,2022-11-26,1669507199999999999,True,0E-31,0,
H336,2022-11-27,1669593599999999999,True,0E-31,0,
H336,2022-11-28,1669679999999999999,True,0E-31,0,
H336,2022-11-29,1669766399999999999,True,0E-31,0,
H336,2022-11-30,1669852799999999999,True,0E-31,0,
H336,2022-12-01,1669939199999999999,True,0E-31,0,
H336,2022-12-02,1670025599999999999,True,0E-30,0,
H336,2022-12-03,1670111999999999999,True,0E-31,0,
H336,2022-12-04,1670198399999999999,True,0E-32,0,
H336,2022-12-05,1670284799999999999,True,0E-31,0,
H336,2022-12-06,1670371199999999999,True,0E-31,0,
H336,2022-12-07,1670457599999999999,True,0E-31,0,
H336,2022-12-08,1670543999999999999,True,0E-31,0,
H336,2022-12-09,1670630399999999999,True,0E-31,0,
H336,2022-12-10,1670716799999999999,True,0E-31,0,
H336,2022-12-11,1670803199999999999,True,0E-31,0,
H336,2022-12-12,1670889599999999999,True,0E-31,0,
H336,2022-12-13,1670975999999999999,True,0E-31,0,
H336,2022-12-14,1671062399999999999,True,0E-30,0,
H336,2022-12-15,1671148799999999999,True,0.0005490805920821598847592424015,0.1604166666666666666666666666,
H336,2022-12-16,1671235199999999999,True,0E-30,0,
H336,2022-12-17,1671321599999999999,True,0E-30,0,
H336,2022-12-18,1671407999999999999,True,0E-30,0,
H336,2022-12-19,1671494399999999999,True,0E-31,0,
H336,2022-12-20,1671580799999999999,True,0E-31,0,
H336,2022-12-21,1671667199999999999,True,0E-30,0,
H336,2022-12-22,1671753599999999999,True,0E-30,0,
H336,2022-12-23,1671839999999999999,True,0E-30,0,
H336,2022-12-24,1671926399999999999,True,0E-30,0,
H336,2022-12-25,1672012799999999999,True,0E-30,0,
H336,2022-12-26,1672099199999999999,True,0E-30,0,
H336,2022-12-27,1672185599999999999,True,0E-30,0,
H336,2022-12-28,1672271999999999999,True,0E-30,0,
H336,2022-12-29,1672358399999999999,True,0E-30,0,
H336,2022-12-30,1672444799999999999,True,0.00001917426571466602695146519090,0.005555555555555555555555555555,
H336,2022-12-31,1672531199999999999,True,0.0004417734660498684513739591998,0.1184027777777777777777777778,
H336,2023-01-01,1672617599999999999,True,0.000680650101182612009620842488,0.1736111111111111111111111111,
H336,2023-01-02,1672703999999999999,True,0E-30,0,
H336,2023-01-03,1672790399999999999,True,0E-30,0,
H336,2023-01-04,1672876799999999999,True,0E-30,0,
H336,2023-01-05,1672963199999999999,True,0.00000999965727061225862619349786,0.002777777777777777777777777778,
H336,2023-01-06,1673049599999999999,True,0.00002167752043522057199561524068,0.005555555555555555555555555555,
H336,2023-01-07,1673135999999999999,True,0E-30,0,
H336,2023-01-08,1673222399999999999,True,0E-30,0,
H336,2023-01-09,1673308799999999999,True,0E-30,0,
H336,2023-01-10,1673395199999999999,True,0.0002811109015607778014584433072,0.07916666666666666666666666665,
H336,2023-01-11,1673481599999999999,True,0.000001315053128860608469857354869,0.0003472222222222222222222222222,
H336,2023-01-12,1673567999999999999,True,0.001054985207311454428890496908,0.2927083333333333333333333334,
H336,2023-01-13,1673654399999999999,True,0.0002389863974294552267278878060,0.06145833333333333333333333335,
H336,2023-01-14,1673740799999999999,True,0.00592774625417897225745720969,0.819097222222222222222222222,
H336,2023-01-15,1673827199999999999,True,0.00798128559732504356792449036,1,
H336,2023-01-16,1673913599999999999,True,0.006771635959565684228199880795,0.9899305555555555555555555555,
H336,2023-01-17,1673999999999999999,True,0.003778538306783879385358697143,0.660763888888888888888888889,
H336,2023-01-18,1674086399999999999,True,0.002539794602414840416469935651,0.512500000000000000000000000,
H336,2023-01-19,1674172799999999999,True,0.003061180887298084423622908098,0.6666666666666666666666666665,
H336,2023-01-20,1674259199999999999,True,0.000837949657980233301930398214,0.1899305555555555555555555556,
H336,2023-01-21,1674345599999999999,True,0.002299046148191668770747027724,0.532638888888888888888888889,
H336,2023-01-22,1674431999999999999,True,0.003400060970606924692725164676,0.8006944444444444444444444445,
H336,2023-01-23,1674518399999999999,True,0.002862726385959781286658758532,0.674652777777777777777777778,
H336,2023-01-24,1674604799999999999,True,0.002002018240628605147646282747,0.4736111111111111111111111112,
H336,2023-01-25,1674691199999999999,True,0.0002614084192139856613853638291,0.0621527777777777777777777778,
H336,2023-01-26,1674777599999999999,True,0.0002644080662422242559041944618,0.06284722222222222222222222225,
H336,2023-01-27,1674863999999999999,True,0.00003208476227201710466625208241,0.00763888888888888888888888889,
H336,2023-01-28,1674950399999999999,True,0.00001604678886706050288924816332,0.003819444444444444444444444444,
H336,2023-01-29,1675036799999999999,True,0.001497184733317243450278517618,0.3569444444444444444444444444,
H336,2023-01-30,1675123199999999999,True,0.002547942923389557729146308156,0.6069444444444444444444444445,
H336,2023-01-31,1675209599999999999,True,0.0003149989636091629619270299328,0.0750000000000000000000000000,
H336,2023-02-01,1675295999999999999,True,0.0006138945787383250288276888525,0.1461805555555555555555555556,
H336,2023-02-02,1675382399999999999,True,0.003927010271735363897858343165,0.9350694444444444444444444445,
H336,2023-02-03,1675468799999999999,True,0.002697825040572088336933810576,0.642361111111111111111111111,
H336,2023-02-04,1675555199999999999,True,0.001847697932998491392923296890,0.4399305555555555555555555556,
H336,2023-02-05,1675641599999999999,True,0.001608535708895053633527284204,0.3829861111111111111111111111,
H336,2023-02-06,1675727999999999999,True,0.0006124998837923070968146544685,0.1458333333333333333333333334,
H336,2023-02-07,1675814399999999999,True,0.0001166665804126784015446738484,0.02777777777777777777777777778,
H336,2023-02-08,1675900799999999999,True,0.000972708359797540489342510583,0.2315972222222222222222222222,
H336,2023-02-09,1675987199999999999,True,0.000670833340049021324455758966,0.1597222222222222222222222222,
H336,2023-02-10,1676073599999999999,True,0.000001458332217269358798780891153,0.0003472222222222222222222222222,
H336,2023-02-11,1676159999999999999,True,0E-30,0,
H336,2023-02-12,1676246399999999999,True,0E-30,0,
H336,2023-02-13,1676332799999999999,True,0E-30,0,
H336,2023-02-14,1676419199999999999,True,0E-30,0,
H336,2023-02-15,1676505599999999999,True,0E-30,0,
H336,2023-02-16,1676591999999999999,True,0.0007694315327688347850508363005,0.165625,
H336,2023-02-17,1676678399999999999,True,0.003180702794631246960113633973,0.773263888888888888888888889,
H336,2023-02-18,1676764799999999999,True,0.003838301780754832477110432914,0.924652777777777777777777778,
H336,2023-02-19,1676851199999999999,True,0.002596931096153319098281252003,0.6256944444444444444444444445,
H336,2023-02-20,1676937599999999999,True,0.002814318855782974587050857492,0.673611111111111111111111111,
H336,2023-02-21,1677023999999999999,True,0.001517902634658938191135567196,0.3611111111111111111111111111,
H336,2023-02-22,1677110399999999999,True,0.0001601466508332839950275372094,0.03819444444444444444444444444,
H336,2023-02-23,1677196799999999999,True,0E-30,0,
H336,2023-02-24,1677283199999999999,True,0E-30,0,
H336,2023-02-25,1677369599999999999,True,0E-30,0,
H336,2023-02-26,1677455999999999999,True,0E-30,0,
H336,2023-02-27,1677542399999999999,True,0E-30,0,
H336,2023-02-28,1677628799999999999,True,0E-30,0,
H336,2023-03-01,1677715199999999999,True,0E-30,0,
H336,2023-03-02,1677801599999999999,True,0E-30,0,
H336,2023-03-03,1677887999999999999,True,0E-30,0,
H336,2023-03-04,1677974399999999999,True,0E-30,0,
H336,2023-03-05,1678060799999999999,True,0E-30,0,
H336,2023-03-06,1678147199999999999,True,0E-30,0,
H336,2023-03-07,1678233599999999999,True,0E-30,0,
H336,2023-03-08,1678319999999999999,True,0E-30,0,
H336,2023-03-09,1678406399999999999,True,0E-30,0,
H336,2023-03-10,1678492799999999999,True,0E-31,0,
H336,2023-03-11,1678579199999999999,True,0E-31,0,
H336,2023-03-12,1678665599999999999,True,0E-31,0,
H336,2023-03-13,1678751999999999999,True,0E-31,0,
H336,2023-03-14,1678838399999999999,True,0.000837283039608487654357287117,0.1638888888888888888888888889,
H336,2023-03-15,1678924799999999999,True,0.00527581919577575201470058210,0.922222222222222222222222222,
H336,2023-03-16,1679011199999999999,True,0.001225126348848854726469025906,0.2031250000000000000000000000,
H336,2023-03-17,1679097599999999999,True,0.0002187589845516012689907786150,0.0513888888888888888888888889,
H336,2023-03-18,1679183999999999999,True,0.0007156811545027237984370548995,0.1743055555555555555555555556,
H336,2023-03-19,1679270399999999999,True,0.0002183405021483672613196157128,0.05243055555555555555555555555,
H336,2023-03-20,1679356799999999999,True,0.00000713487636720992786346645611,0.001736111111111111111111111111,
H336,2023-03-21,1679443199999999999,True,0.000001188074185205062152561594915,0.0003472222222222222222222222222,
H336,2023-03-22,1679529599999999999,True,0E-30,0,
H336,2023-03-23,1679615999999999999,True,0E-30,0,
H336,2023-03-24,1679702399999999999,True,0.000001197487259874755645080188755,0.0003472222222222222222222222222,
H336,2023-03-25,1679788799999999999,True,0E-30,0,
H336,2023-03-26,1679875199999999999,True,0E-31,0,
H336,2023-03-27,1679961599999999999,True,0E-31,0,
H336,2023-03-28,1680047999999999999,True,0E-31,0,
H336,2023-03-29,1680134399999999999,True,0E-30,0,
H336,2023-03-30,1680220799999999999,True,0E-30,0,
H336,2023-03-31,1680307199999999999,True,0E-30,0,
H336,2023-04-01,1680393599999999999,True,0E-30,0,
H336,2023-04-02,1680479999999999999,True,0E-30,0,
H336,2023-04-03,1680566399999999999,True,0E-31,0,
H336,2023-04-04,1680652799999999999,True,0E-31,0,
H336,2023-04-05,1680739199999999999,True,0E-31,0,
H336,2023-04-06,1680825599999999999,True,0E-31,0,
H336,2023-04-07,1680911999999999999,True,0E-31,0,
H336,2023-04-08,1680998399999999999,True,0E-31,0,
H336,2023-04-09,1681084799999999999,True,0E-31,0,
H336,2023-04-10,1681171199999999999,True,0E-31,0,
H336,2023-04-11,1681257599999999999,True,0E-31,0,
H336,2023-04-12,1681343999999999999,True,0E-30,0,
H336,2023-04-13,1681430399999999999,True,0E-30,0,
H336,2023-04-14,1681516799999999999,True,0.0003796209647712282260364537788,0.1097222222222222222222222222,
H336,2023-04-15,1681603199999999999,True,0.001290629303600363558661675646,0.34375,
H336,2023-04-16,1681689599999999999,True,0.001452726028759363525802641936,0.3673611111111111111111111111,
H336,2023-04-17,1681775999999999999,True,0.000844620317052698364543464980,0.2072916666666666666666666666,
H336,2023-04-18,1681862399999999999,True,0.000609280441002497114801394021,0.1472222222222222222222222222,
H336,2023-04-19,1681948799999999999,True,0.00002024926998782969539076748920,0.004861111111111111111111111111,
H336,2023-04-20,1682035199999999999,True,0E-30,0,
H336,2023-04-21,1682121599999999999,True,0E-30,0,
H336,2023-04-22,1682207999999999999,True,0E-30,0,
H336,2023-04-23,1682294399999999999,True,0E-31,0,
H336,2023-04-24,1682380799999999999,True,0E-30,0,
H336,2023-04-25,1682467199999999999,True,0E-30,0,
H336,2023-04-26,1682553599999999999,True,0E-30,0,
H336,2023-04-27,1682639999999999999,True,0E-30,0,
H336,2023-04-28,1682726399999999999,True,0E-30,0,
H336,2023-04-29,1682812799999999999,True,0E-30,0,
H336,2023-04-30,1682899199999999999,True,0E-30,0,
H336,2023-05-01,1682985599999999999,True,0E-31,0,
H336,2023-05-02,1683071999999999999,True,0E-31,0,
H336,2023-05-03,1683158399999999999,True,0E-31,0,
H336,2023-05-04,1683244799999999999,True,0E-30,0,
H336,2023-05-05,1683331199999999999,True,0E-30,0,
H336,2023-05-06,1683417599999999999,True,0.00001778200379567234437889946622,0.005208333333333333333333333335,
H336,2023-05-07,1683503999999999999,True,0E-30,0,
H336,2023-05-08,1683590399999999999,True,0E-30,0,
H336,2023-05-09,1683676799999999999,True,0E-30,0,
H336,2023-05-10,1683763199999999999,True,0E-30,0,
H336,2023-05-11,1683849599999999999,True,0E-30,0,
H336,2023-05-12,1683935999999999999,True,0E-31,0,
H336,2023-05-13,1684022399999999999,True,0E-31,0,
H336,2023-05-14,1684108799999999999,True,0E-31,0,
H336,2023-05-15,1684195199999999999,True,0E-31,0,
H336,2023-05-16,1684281599999999999,True,0E-32,0,
H336,2023-05-17,1684367999999999999,True,0E-31,0,
H336,2023-05-18,1684454399999999999,True,0E-30,0,
H336,2023-05-19,1684540799999999999,True,0E-30,0,
H336,2023-05-20,1684627199999999999,True,0E-30,0,
H336,2023-05-21,1684713599999999999,True,0E-30,0,
H336,2023-05-22,1684799999999999999,True,0E-30,0,
H336,2023-05-23,1684886399999999999,True,0E-30,0,
H336,2023-05-24,1684972799999999999,True,0E-30,0,
H336,2023-05-25,1685059199999999999,True,0E-30,0,
H336,2023-05-26,1685145599999999999,True,0E-30,0,
H336,2023-05-27,1685231999999999999,True,0E-30,0,
H336,2023-05-28,1685318399999999999,True,0.00000385558381753804839822383475,0.001041666666666666666666666666,
H336,2023-05-29,1685404799999999999,True,0.000009246457181370382512193638015,0.002430555555555555555555555556,
H336,2023-05-30,1685491199999999999,True,0E-30,0,
H336,2023-05-31,1685577599999999999,True,0E-30,0,
H336,2023-06-01,1685663999999999999,True,0E-30,0,
H336,2023-06-02,1685750399999999999,True,0E-30,0,
H336,2023-06-03,1685836799999999999,True,0E-30,0,
H336,2023-06-04,1685923199999999999,True,0E-30,0,
H336,2023-06-05,1686009599999999999,True,0E-30,0,
H336,2023-06-06,1686095999999999999,True,0E-30,0,
H336,2023-06-07,1686182399999999999,True,0E-30,0,
H336,2023-06-08,1686268799999999999,True,0E-30,0,
H336,2023-06-09,1686355199999999999,True,0E-30,0,
H336,2023-06-10,1686441599999999999,True,0E-30,0,
H336,2023-06-11,1686527999999999999,True,0E-30,0,
H336,2023-06-12,1686614399999999999,True,0E-30,0,
H336,2023-06-13,1686700799999999999,True,0E-30,0,
H336,2023-06-14,1686787199999999999,True,0E-30,0,
H336,2023-06-15,1686873599999999999,True,0E-32,0,
H336,2023-06-16,1686959999999999999,True,0E-31,0,
H336,2023-06-17,1687046399999999999,True,0E-32,0,
H336,2023-06-18,1687132799999999999,True,0E-31,0,
H336,2023-06-19,1687219199999999999,True,0E-31,0,
H336,2023-06-20,1687305599999999999,True,0E-31,0,
H336,2023-06-21,1687391999999999999,True,0E-31,0,
H336,2023-06-22,1687478399999999999,True,0E-30,0,
H336,2023-06-23,1687564799999999999,True,0.00001333795804148669550406400365,0.003819444444444444444444444444,
H336,2023-06-24,1687651199999999999,True,0.000002701448988263582509852278782,0.0006944444444444444444444444445,
H336,2023-06-25,1687737599999999999,True,0.00001287824928252579868123947276,0.003472222222222222222222222222,
H336,2023-06-26,1687823999999999999,True,0E-30,0,
H336,2023-06-27,1687910399999999999,True,0.000002878424275182285727267491980,0.0006944444444444444444444444445,
H336,2023-06-28,1687996799999999999,True,0E-30,0,
H336,2023-06-29,1688083199999999999,True,0E-30,0,
H336,2023-06-30,1688169599999999999,True,0.00002117387914267354261722389402,0.005555555555555555555555555555,
H336,2023-07-01,1688255999999999999,True,0.000002450095864948193070859319080,0.0006944444444444444444444444445,
H336,2023-07-02,1688342399999999999,True,0.0001920413377675942486047713110,0.04930555555555555555555555556,
H336,2023-07-03,1688428799999999999,True,0.0003198984103584024986353485559,0.07951388888888888888888888885,
H336,2023-07-04,1688515199999999999,True,0.00002429279287453384329832835834,0.00590277777777777777777777778,
H336,2023-07-05,1688601599999999999,True,0.000002870475633042851473860308112,0.0006944444444444444444444444445,
H336,2023-07-06,1688687999999999999,True,0.00001671771651747798096831005832,0.004166666666666666666666666666,
H336,2023-07-07,1688774399999999999,True,0E-30,0,
H336,2023-07-08,1688860799999999999,True,0E-30,0,
H336,2023-07-09,1688947199999999999,True,0E-30,0,
H336,2023-07-10,1689033599999999999,True,0E-30,0,
H336,2023-07-11,1689119999999999999,True,0E-30,0,
H336,2023-07-12,1689206399999999999,True,0E-30,0,
H336,2023-07-13,1689292799999999999,True,0E-30,0,
H336,2023-07-14,1689379199999999999,True,0E-30,0,
H336,2023-07-15,1689465599999999999,True,0E-30,0,
H336,2023-07-16,1689551999999999999,True,0E-30,0,
H336,2023-07-17,1689638399999999999,True,0E-30,0,
H336,2023-07-18,1689724799999999999,True,0E-30,0,
H336,2023-07-19,1689811199999999999,True,0E-30,0,
H336,2023-07-20,1689897599999999999,True,0E-30,0,
H336,2023-07-21,1689983999999999999,True,0E-30,0,
H336,2023-07-22,1690070399999999999,True,0E-30,0,
H336,2023-07-23,1690156799999999999,True,0E-30,0,
H336,2023-07-24,1690243199999999999,True,0E-30,0,
H336,2023-07-25,1690329599999999999,True,0E-30,0,
H336,2023-07-26,1690415999999999999,True,0E-30,0,
H336,2023-07-27,1690502399999999999,True,0E-30,0,
H336,2023-07-28,1690588799999999999,True,0E-30,0,
H336,2023-07-29,1690675199999999999,True,0E-30,0,
H336,2023-07-30,1690761599999999999,True,0E-30,0,
H336,2023-07-31,1690847999999999999,True,0E-30,0,
H336,2023-08-01,1690934399999999999,True,0E-30,0,
H336,2023-08-02,1691020799999999999,True,0E-30,0,
H336,2023-08-03,1691107199999999999,True,0E-30,0,
H336,2023-08-04,1691193599999999999,True,0E-30,0,
H336,2023-08-05,1691279999999999999,True,0E-30,0,
H336,2023-08-06,1691366399999999999,True,0E-30,0,
H336,2023-08-07,1691452799999999999,True,0E-30,0,
H336,2023-08-08,1691539199999999999,True,0E-30,0,
H336,2023-08-09,1691625599999999999,True,0E-30,0,
H336,2023-08-10,1691711999999999999,True,0E-30,0,
H336,2023-08-11,1691798399999999999,True,0E-30,0,
H336,2023-08-12,1691884799999999999,True,0E-30,0,
H336,2023-08-13,1691971199999999999,True,0E-30,0,
H336,2023-08-14,1692057599999999999,True,0E-30,0,
H336,2023-08-15,1692143999999999999,True,0.000001413950752212644468434396702,0.0003472222222222222222222222222,
H336,2023-08-16,1692230399999999999,True,0E-30,0,
H336,2023-08-17,1692316799999999999,True,0.00003045970004433974295140729311,0.00833333333333333333333333333,
H336,2023-08-18,1692403199999999999,True,0E-30,0,
H336,2023-08-19,1692489599999999999,True,0E-32,0,
H336,2023-08-20,1692575999999999999,True,0E-32,0,
H336,2023-08-21,1692662399999999999,True,0E-32,0,
H336,2023-08-22,1692748799999999999,True,0E-33,0,
H336,2023-08-23,1692835199999999999,True,0E-33,0,
H336,2023-08-24,1692921599999999999,True,0E-32,0,
H336,2023-08-25,1693007999999999999,True,0E-31,0,
H336,2023-08-26,1693094399999999999,True,0E-32,0,
H336,2023-08-27,1693180799999999999,True,0E-32,0,
H336,2023-08-28,1693267199999999999,True,0E-32,0,
H336,2023-08-29,1693353599999999999,True,0E-32,0,
H336,2023-08-30,1693439999999999999,True,0E-32,0,
H336,2023-08-31,1693526399999999999,True,0E-31,0,
H336,2023-09-01,1693612799999999999,True,0E-31,0,
H336,2023-09-02,1693699199999999999,True,0E-31,0,
H336,2023-09-03,1693785599999999999,True,0E-32,0,
H336,2023-09-04,1693871999999999999,True,0E-32,0,
H336,2023-09-05,1693958399999999999,True,0E-32,0,
H336,2023-09-06,1694044799999999999,True,0E-32,0,
H336,2023-09-07,1694131199999999999,True,0E-31,0,
H336,2023-09-08,1694217599999999999,True,0E-31,0,
H336,2023-09-09,1694303999999999999,True,0E-32,0,
H336,2023-09-10,1694390399999999999,True,0E-32,0,
H336,2023-09-11,1694476799999999999,True,0E-31,0,
H336,2023-09-12,1694563199999999999,True,0E-31,0,
H336,2023-09-13,1694649599999999999,True,0E-32,0,
H336,2023-09-14,1694735999999999999,True,0E-32,0,
H336,2023-09-15,1694822399999999999,True,0E-32,0,
H336,2023-09-16,1694908799999999999,True,0E-31,0,
H336,2023-09-17,1694995199999999999,True,0E-33,0,
H336,2023-09-18,1695081599999999999,True,0E-33,0,
H336,2023-09-19,1695167999999999999,True,0E-31,0,
H336,2023-09-20,1695254399999999999,True,0E-31,0,
H336,2023-09-21,1695340799999999999,True,0E-32,0,
H336,2023-09-22,1695427199999999999,True,0E-31,0,
H336,2023-09-23,1695513599999999999,True,0E-31,0,
H336,2023-09-24,1695599999999999999,True,0E-31,0,
H336,2023-09-25,1695686399999999999,True,0E-31,0,
H336,2023-09-26,1695772799999999999,True,0E-31,0,
H336,2023-09-27,1695859199999999999,True,0E-31,0,
H336,2023-09-28,1695945599999999999,True,0E-31,0,
H336,2023-09-29,1696031999999999999,True,0E-31,0,
H336,2023-09-30,1696118399999999999,True,0E-32,0,
H336,2023-10-01,1696204799999999999,True,0E-32,0,
H336,2023-10-02,1696291199999999999,True,0E-31,0,
H336,2023-10-03,1696377599999999999,True,0E-31,0,
H336,2023-10-04,1696463999999999999,True,0E-31,0,
H336,2023-10-05,1696550399999999999,True,0E-31,0,
H336,2023-10-06,1696636799999999999,True,0E-31,0,
H336,2023-10-07,1696723199999999999,True,0E-31,0,
H336,2023-10-08,1696809599999999999,True,0E-31,0,
H336,2023-10-09,1696895999999999999,True,0E-31,0,
H336,2023-10-10,1696982399999999999,True,0E-30,0,
H336,2023-10-11,1697068799999999999,True,0E-30,0,
H336,2023-10-12,1697155199999999999,True,0E-30,0,
H336,2023-10-13,1697241599999999999,True,0E-30,0,
H336,2023-10-14,1697327999999999999,True,0E-30,0,
H336,2023-10-15,1697414399999999999,True,0E-31,0,
H336,2023-10-16,1697500799999999999,True,0E-31,0,
H336,2023-10-17,1697587199999999999,True,0E-31,0,
H336,2023-10-18,1697673599999999999,True,0E-32,0,
H336,2023-10-19,1697759999999999999,True,0E-32,0,
H336,2023-10-20,1697846399999999999,True,0E-31,0,
H336,2023-10-21,1697932799999999999,True,0E-31,0,
H336,2023-10-22,1698019199999999999,True,0E-31,0,
H336,2023-10-23,1698105599999999999,True,0E-31,0,
H336,2023-10-24,1698191999999999999,True,0E-30,0,
H336,2023-10-25,1698278399999999999,True,0.00005654007128899767822909220725,0.01597222222222222222222222222,
H336,2023-10-26,1698364799999999999,True,0.001619695372878556126327089994,0.4246527777777777777777777778,
H336,2023-10-27,1698451199999999999,True,0.003439911629391883074575367181,0.861111111111111111111111111,
H336,2023-10-28,1698537599999999999,True,0.004094205846669399072111316979,1,
H336,2023-10-29,1698623999999999999,True,0.004147195347055627144286232094,1,
H336,2023-10-30,1698710399999999999,True,0.004086775938994348235767082360,0.9791666666666666666666666665,
H336,2023-10-31,1698796799999999999,True,0.004182565903000376180672276744,0.9989583333333333333333333335,
H336,2023-11-01,1698883199999999999,True,0.004183377410991324115826312856,0.9975694444444444444444444445,
H336,2023-11-02,1698969599999999999,True,0.004305740802477362473943290924,0.8381944444444444444444444445,
H336,2023-11-03,1699055999999999999,True,0.002541925520817290083314228374,0.5211805555555555555555555555,
H336,2023-11-04,1699142399999999999,True,0.001509143001114522027963217184,0.3295138888888888888888888889,
H336,2023-11-05,1699228799999999999,True,0.004322253432870751524176331816,0.9979166666666666666666666665,
H336,2023-11-06,1699315199999999999,True,0.004265795642850218627366909749,1,
H336,2023-11-07,1699401599999999999,True,0.004212477007391056908945600536,0.995138888888888888888888889,
H336,2023-11-08,1699487999999999999,True,0.004215004948706524947982367308,0.999652777777777777777777778,
H336,2023-11-09,1699574399999999999,True,0.005214047547302118668653999325,0.9958333333333333333333333335,
H336,2023-11-10,1699660799999999999,True,0.007522790390555658916789711955,0.965277777777777777777777778,
H336,2023-11-11,1699747199999999999,True,0.007005038295144969869119931915,1,
H336,2023-11-12,1699833599999999999,True,0.00736259770236298124987799369,1,
H336,2023-11-13,1699919999999999999,True,0.00883425024037535743290345907,1,
H336,2023-11-14,1700006399999999999,True,0.00798111805417145763876928828,0.9958333333333333333333333335,
H336,2023-11-15,1700092799999999999,True,0.006288248359367365620412574855,0.999652777777777777777777778,
H336,2023-11-16,1700179199999999999,True,0.00540161159552293100204982059,0.998611111111111111111111111,
H336,2023-11-17,1700265599999999999,True,0.004893433013514574482813877283,1,
H336,2023-11-18,1700351999999999999,True,0.004543543503712570945013591910,0.9993055555555555555555555555,
H336,2023-11-19,1700438399999999999,True,0.004266134959865338832575479014,0.975347222222222222222222222,
H336,2023-11-20,1700524799999999999,True,0.004286651227366354143414789886,1,
H336,2023-11-21,1700611199999999999,True,0.004235954896011742874028199748,0.998263888888888888888888889,
H336,2023-11-22,1700697599999999999,True,0.003124958055691810788132083092,0.740625000000000000000000000,
H336,2023-11-23,1700783999999999999,True,0.004038260888939855373927947408,0.959027777777777777777777778,
H336,2023-11-24,1700870399999999999,True,0.003434137353033779678234315477,0.8166666666666666666666666665,
H336,2023-11-25,1700956799999999999,True,0.001860250996780100710733113220,0.4427083333333333333333333334,
H336,2023-11-26,1701043199999999999,True,0.001312783365033547999882189620,0.3125,
H336,2023-11-27,1701129599999999999,True,0.000514808223043462616288408209,0.1225694444444444444444444444,
H336,2023-11-28,1701215999999999999,True,0.001054377711350885180142323932,0.2510416666666666666666666667,
H336,2023-11-29,1701302399999999999,True,0.0005410420918476132121723350385,0.1288194444444444444444444444,
H336,2023-11-30,1701388799999999999,True,0.0002012500001830234346653746440,0.04791666666666666666666666666,
H336,2023-12-01,1701475199999999999,True,0.0001516666667479834169259675206,0.03611111111111111111111111111,
H336,2023-12-02,1701561599999999999,True,0.0005419671189261963432943171275,0.1295138888888888888888888889,
H336,2023-12-03,1701647999999999999,True,0.001608368587931231610330650082,0.3843750000000000000000000000,
H336,2023-12-04,1701734399999999999,True,0.004015709714316441409209612166,0.968402777777777777777777778,
H336,2023-12-05,1701820799999999999,True,0.003153773032261800794306003434,0.7555555555555555555555555555,
H336,2023-12-06,1701907199999999999,True,0.004163151831095651233979383566,0.9944444444444444444444444445,
H336,2023-12-07,1701993599999999999,True,0.004175736793895095808038845068,0.9958333333333333333333333335,
H336,2023-12-08,1702079999999999999,True,0.005200261686542122438723109215,1,
H336,2023-12-09,1702166399999999999,True,0.00706872644520863986021242810,1,
H336,2023-12-10,1702252799999999999,True,0.00806075049913379340657110809,1,
H336,2023-12-11,1702339199999999999,True,0.006611669422537380889746317725,0.890277777777777777777777778,
H336,2023-12-12,1702425599999999999,True,0.00584530155835612718297505218,1,
H336,2023-12-13,1702511999999999999,True,0.005365320707964523079158969455,0.9993055555555555555555555555,
H336,2023-12-14,1702598399999999999,True,0.004822706369908047810975453937,0.984375000000000000000000000,
H336,2023-12-15,1702684799999999999,True,0.004554849037025952674315525174,1,
H336,2023-12-16,1702771199999999999,True,0.004386084219195652741240329595,1,
H336,2023-12-17,1702857599999999999,True,0.004313237837316852390218077558,1,
H336,2023-12-18,1702943999999999999,True,0.004659980984256747810962827712,0.999652777777777777777777778,
H336,2023-12-19,1703030399999999999,True,0.004546462099631540932719639318,1,
H336,2023-12-20,1703116799999999999,True,0.004777037934480622947468598446,1,
H336,2023-12-21,1703203199999999999,True,0.00786627264868130179941539241,1,
H336,2023-12-22,1703289599999999999,True,0.01141188329072240398484106284,1,
H336,2023-12-23,1703375999999999999,True,0.01007588116388041745576535156,1,
H336,2023-12-24,1703462399999999999,True,0.00841229380439589184813339576,1,
H336,2023-12-25,1703548799999999999,True,0.00823561268927155645949488764,1,
H336,2023-12-26,1703635199999999999,True,0.01169417513898682041829200504,1,
H336,2023-12-27,1703721599999999999,True,0.01298659500413856981985569000,1,
H336,2023-12-28,1703807999999999999,True,0.01419918399280827095815467250,1,
H336,2023-12-29,1703894399999999999,True,0.01744299573839220531220096601,1,
H336,2023-12-30,1703980799999999999,True,0.01654903474741200597306478921,1,
H336,2023-12-31,1704067199999999999,True,0.01457370332005623389409971423,1,
H336,2024-01-01,1704153599999999999,True,0.01409592470817647537244300436,1,
H336,2024-01-02,1704239999999999999,True,0.01726409993984554708341171922,1,
H336,2024-01-03,1704326399999999999,True,0.01459385143084526402848650186,0.9756944444444444444444444445,
H336,2024-01-04,1704412799999999999,True,0.00865331473140533573705771131,0.865277777777777777777777778,
H336,2024-01-05,1704499199999999999,True,0.002959897518647637498443149624,0.4052083333333333333333333333,
H336,2024-01-06,1704585599999999999,True,0.002379527362452203637011477700,0.4118055555555555555555555556,
H336,2024-01-07,1704671999999999999,True,0.0000642527671283407808148880775,0.01284722222222222222222222222,
H336,2024-01-08,1704758399999999999,True,0.001417993445040549051400766342,0.3163194444444444444444444444,
H336,2024-01-09,1704844799999999999,True,0.003105633116973139887707679578,0.709722222222222222222222222,
H336,2024-01-10,1704931199999999999,True,0.004092899517908042903003253900,0.954861111111111111111111111,
H336,2024-01-11,1705017599999999999,True,0.003475449693345556521281901794,0.819097222222222222222222222,
H336,2024-01-12,1705103999999999999,True,0.004116861538143018604028385910,0.975347222222222222222222222,
H336,2024-01-13,1705190399999999999,True,0.003958725031465944479354864317,0.940277777777777777777777778,
H336,2024-01-14,1705276799999999999,True,0.004071978316534057452657196756,0.968402777777777777777777778,
H336,2024-01-15,1705363199999999999,True,0.003891361528423919025923556519,0.9260416666666666666666666665,
H336,2024-01-16,1705449599999999999,True,0.002413931659436309454600656236,0.574652777777777777777777778,
H336,2024-01-17,1705535999999999999,True,0.001871048162447307399850756794,0.4454861111111111111111111111,
H336,2024-01-18,1705622399999999999,True,0.003587499996540450919196207198,0.8541666666666666666666666665,
H336,2024-01-19,1705708799999999999,True,0.002958958318971829009709257964,0.704513888888888888888888889,
H336,2024-01-20,1705795199999999999,True,0.003011458324995392114542048486,0.717013888888888888888888889,
H336,2024-01-21,1705881599999999999,True,0.002153958343032709289360485027,0.512847222222222222222222222,
H336,2024-01-22,1705967999999999999,True,0.002030000004447763114732979872,0.4833333333333333333333333334,
H336,2024-01-23,1706054399999999999,True,0.001044166667846852621410499800,0.2486111111111111111111111111,
H336,2024-01-24,1706140799999999999,True,0.0000656250000300287363898243171,0.01562500000000000000000000000,
H336,2024-01-25,1706227199999999999,True,0.00001749999995904727328325584984,0.004166666666666666666666666666,
H336,2024-01-26,1706313599999999999,True,0.000005833333311565652069572194515,0.001388888888888888888888888888,
H336,2024-01-27,1706399999999999999,True,0E-30,0,
H336,2024-01-28,1706486399999999999,True,0E-30,0,
H336,2024-01-29,1706572799999999999,True,0E-30,0,
H336,2024-01-30,1706659199999999999,True,0.000001379322333251583286651725832,0.0003472222222222222222222222222,
H336,2024-01-31,1706745599999999999,True,0E-30,0,
H336,2024-02-01,1706831999999999999,True,0E-30,0,
H336,2024-02-02,1706918399999999999,True,0E-30,0,
H336,2024-02-03,1707004799999999999,True,0E-30,0,
H336,2024-02-04,1707091199999999999,True,0E-30,0,
H336,2024-02-05,1707177599999999999,True,0.000002741468613766002535784841670,0.0006944444444444444444444444445,
H336,2024-02-06,1707263999999999999,True,0E-30,0,
H336,2024-02-07,1707350399999999999,True,0.000001193489785065531126670847558,0.0003472222222222222222222222222,
H336,2024-02-08,1707436799999999999,True,0E-30,0,
H336,2024-02-09,1707523199999999999,True,0.000001232132189191802293816890244,0.0003472222222222222222222222222,
H336,2024-02-10,1707609599999999999,True,0.000002487727360891305602731555416,0.0006944444444444444444444444445,
H336,2024-02-11,1707695999999999999,True,0.0001953651897879371238724037094,0.0503472222222222222222222222,
H336,2024-02-12,1707782399999999999,True,0.001837888740452776632493981495,0.4708333333333333333333333334,
H336,2024-02-13,1707868799999999999,True,0.003811679404989988726319495968,0.964236111111111111111111111,
H336,2024-02-14,1707955199999999999,True,0.004000113097658408476540784861,0.962152777777777777777777778,
H336,2024-02-15,1708041599999999999,True,0.004422150160375297003360185024,1,
H336,2024-02-16,1708127999999999999,True,0.004521012394315393892017625368,0.999652777777777777777777778,
H336,2024-02-17,1708214399999999999,True,0.004513723401145901044597398704,1,
H336,2024-02-18,1708300799999999999,True,0.00507606530737960636687324189,1,
H336,2024-02-19,1708387199999999999,True,0.00559631709369716605582461437,1,
H336,2024-02-20,1708473599999999999,True,0.00604161981857979938667418714,1,
H336,2024-02-21,1708559999999999999,True,0.00609612626551072703557638553,0.999652777777777777777777778,
H336,2024-02-22,1708646399999999999,True,0.00530430789185677041361069491,1,
H336,2024-02-23,1708732799999999999,True,0.004879538879021984947015830012,1,
H336,2024-02-24,1708819199999999999,True,0.004601431724760821637915375254,1,
H336,2024-02-25,1708905599999999999,True,0.00522413097206159605643829235,1,
H336,2024-02-26,1708991999999999999,True,0.00846127883351867648295610846,1,
H336,2024-02-27,1709078399999999999,True,0.01208135540703618707208703960,0.9993055555555555555555555555,
H336,2024-02-28,1709164799999999999,True,0.01333835329120401135316611938,0.998611111111111111111111111,
H336,2024-02-29,1709251199999999999,True,0.01958197886641059192341823580,1,
H336,2024-03-01,1709337599999999999,True,0.02172186302035118836775683935,1,
H336,2024-03-02,1709423999999999999,True,0.02129385575066348637627120436,1,
H336,2024-03-03,1709510399999999999,True,0.02026416133809726268582369475,0.999652777777777777777777778,
H336,2024-03-04,1709596799999999999,True,0.01955598543442987564781706260,1,
H336,2024-03-05,1709683199999999999,True,0.02306544494978383010200001144,0.9979166666666666666666666665,
H336,2024-03-06,1709769599999999999,True,0.02191262930105912500161546580,1,
H336,2024-03-07,1709855999999999999,True,0.01926810059217891978081491142,1,
H336,2024-03-08,1709942399999999999,True,0.01934326884784467740818807968,0.999652777777777777777777778,
H336,2024-03-09,1710028799999999999,True,0.01738118322800031152240599748,1,
H336,2024-03-10,1710115199999999999,True,0.01701745083179066902895495876,1,
H336,2024-03-11,1710201599999999999,True,0.01919673831977725588310801526,1,
H336,2024-03-12,1710287999999999999,True,0.02108806492936504228249898865,1,
H336,2024-03-13,1710374399999999999,True,0.02060312366891985492636223466,1,
H336,2024-03-14,1710460799999999999,True,0.01893836702094503886730758375,1,
H336,2024-03-15,1710547199999999999,True,0.01620355483325526124534811278,0.998611111111111111111111111,
H336,2024-03-16,1710633599999999999,True,0.01250005532722629747356727346,1,
H336,2024-03-17,1710719999999999999,True,0.01022434233681058663955433590,1,
H336,2024-03-18,1710806399999999999,True,0.01012337285662745126956445676,1,
H336,2024-03-19,1710892799999999999,True,0.01057015851564739295531370776,0.999652777777777777777777778,
H336,2024-03-20,1710979199999999999,True,0.00867514883364857643116339545,0.999652777777777777777777778,
H336,2024-03-21,1711065599999999999,True,0.007448664226636185214973269145,1,
H336,2024-03-22,1711151999999999999,True,0.00742602568578092073786567915,1,
H336,2024-03-23,1711238399999999999,True,0.006251870973876547548005293375,1,
H336,2024-03-24,1711324799999999999,True,0.00596632514463461386172879436,1,
H336,2024-03-25,1711411199999999999,True,0.007015837118584395804340453065,1,
H336,2024-03-26,1711497599999999999,True,0.008661623513789364742282526965,1,
H336,2024-03-27,1711583999999999999,True,0.01008230964879020024033806695,0.999652777777777777777777778,
H336,2024-03-28,1711670399999999999,True,0.01199798299758440578130546016,1,
H336,2024-03-29,1711756799999999999,True,0.01221175000832331385308813404,1,
H336,2024-03-30,1711843199999999999,True,0.01216292666395850230414812196,1,
H336,2024-03-31,1711929599999999999,True,0.01444285671765259700181161841,1,
H336,2024-04-01,1712015999999999999,True,0.01726621539271994256339246212,1,
H336,2024-04-02,1712102399999999999,True,0.01202325850638383030166188176,0.9958333333333333333333333335,
H336,2024-04-03,1712188799999999999,True,0.008323156656214658096850980985,0.999652777777777777777777778,
H336,2024-04-04,1712275199999999999,True,0.00531790839189803106657814678,0.840625,
H336,2024-04-05,1712361599999999999,True,0.004611151562123748519719998183,0.877777777777777777777777778,
H336,2024-04-06,1712447999999999999,True,0.003416535284188460607639338254,0.673263888888888888888888889,
H336,2024-04-07,1712534399999999999,True,0.004347206240879743288407262328,0.9493055555555555555555555555,
H336,2024-04-08,1712620799999999999,True,0.00506339695144599753875383521,0.999652777777777777777777778,
H336,2024-04-09,1712707199999999999,True,0.00698560297153546863865950061,0.999652777777777777777777778,
H336,2024-04-10,1712793599999999999,True,0.006608976822756815907340984615,1,
H336,2024-04-11,1712879999999999999,True,0.006227199339595185929817892065,1,
H336,2024-04-12,1712966399999999999,True,0.00598886318037065668046369188,0.9913194444444444444444444445,
H336,2024-04-13,1713052799999999999,True,0.004850183625004769433555272574,0.9069444444444444444444444445,
H336,2024-04-14,1713139199999999999,True,0.0001784373510775666697761042002,0.03402777777777777777777777778,
H336,2024-04-15,1713225599999999999,True,0E-30,0,
H336,2024-04-16,1713311999999999999,True,0.000001272889008475492148104805261,0.0003472222222222222222222222222,
H336,2024-04-17,1713398399999999999,True,0E-30,0,
H336,2024-04-18,1713484799999999999,True,0E-30,0,
H336,2024-04-19,1713571199999999999,True,0E-30,0,
H336,2024-04-20,1713657599999999999,True,0E-30,0,
H336,2024-04-21,1713743999999999999,True,0E-30,0,
H336,2024-04-22,1713830399999999999,True,0E-30,0,
H336,2024-04-23,1713916799999999999,True,0E-31,0,
H336,2024-04-24,1714003199999999999,True,0E-31,0,
H336,2024-04-25,1714089599999999999,True,0E-30,0,
H336,2024-04-26,1714175999999999999,True,0E-30,0,
H336,2024-04-27,1714262399999999999,True,0E-30,0,
H336,2024-04-28,1714348799999999999,True,0E-30,0,
H336,2024-04-29,1714435199999999999,True,0E-30,0,
H336,2024-04-30,1714521599999999999,True,0E-30,0,
H336,2024-05-01,1714607999999999999,True,0E-30,0,
H336,2024-05-02,1714694399999999999,True,0E-30,0,
H336,2024-05-03,1714780799999999999,True,0E-30,0,
H336,2024-05-04,1714867199999999999,True,0E-30,0,
H336,2024-05-05,1714953599999999999,True,0E-30,0,
H336,2024-05-06,1715039999999999999,True,0E-30,0,
H336,2024-05-07,1715126399999999999,True,0E-30,0,
H336,2024-05-08,1715212799999999999,True,0E-30,0,
H336,2024-05-09,1715299199999999999,True,0E-30,0,
H336,2024-05-10,1715385599999999999,True,0E-30,0,
H336,2024-05-11,1715471999999999999,True,0E-30,0,
H336,2024-05-12,1715558399999999999,True,0E-30,0,
H336,2024-05-13,1715644799999999999,True,0E-30,0,
H336,2024-05-14,1715731199999999999,True,0E-30,0,
H336,2024-05-15,1715817599999999999,True,0E-30,0,
H336,2024-05-16,1715903999999999999,True,0E-30,0,
H336,2024-05-17,1715990399999999999,True,0E-30,0,
H336,2024-05-18,1716076799999999999,True,0E-30,0,
H336,2024-05-19,1716163199999999999,True,0E-30,0,
H336,2024-05-20,1716249599999999999,True,0E-30,0,
H336,2024-05-21,1716335999999999999,True,0.001313013348660520229014249454,0.3326388888888888888888888889,
H336,2024-05-22,1716422399999999999,True,0.003544880626483251037544242132,0.832986111111111111111111111,
H336,2024-05-23,1716508799999999999,True,0.004230164250511039133889611468,0.9989583333333333333333333335,
H336,2024-05-24,1716595199999999999,True,0.004217353044988938010309829054,1,
H336,2024-05-25,1716681599999999999,True,0.004208716131177611602394755685,1,
H336,2024-05-26,1716767999999999999,True,0.004204410414277346316669948776,1,
H336,2024-05-27,1716854399999999999,True,0.004202222446350175939811304236,1,
H336,2024-05-28,1716940799999999999,True,0.004232686347258215295591948409,1,
H336,2024-05-29,1717027199999999999,True,0.004670945470338091933256073159,1,
H336,2024-05-30,1717113599999999999,True,0.00541843688258004779512125378,1,
H336,2024-05-31,1717199999999999999,True,0.005300704145691867238717538065,1,
H336,2024-06-01,1717286399999999999,True,0.005176562730886733644615748275,0.9993055555555555555555555555,
H336,2024-06-02,1717372799999999999,True,0.004953866472634885281403508108,1,
H336,2024-06-03,1717459199999999999,True,0.004969380496764944202787127304,1,
H336,2024-06-04,1717545599999999999,True,0.004815152906841101754239671552,1,
H336,2024-06-05,1717631999999999999,True,0.004989141651823512748785139072,1,
H336,2024-06-06,1717718399999999999,True,0.00543979378251415254827227149,1,
H336,2024-06-07,1717804799999999999,True,0.005446322595640146014913403925,0.9979166666666666666666666665,
H336,2024-06-08,1717891199999999999,True,0.00500687975873590832333847636,1,
H336,2024-06-09,1717977599999999999,True,0.004603496620922526904583802586,1,
H336,2024-06-10,1718063999999999999,True,0.004401748310462884375497726612,1,
H336,2024-06-11,1718150399999999999,True,0.004212566337033507775467133606,0.9791666666666666666666666665,
H336,2024-06-12,1718236799999999999,True,0.002936454857071083937869791319,0.690625000000000000000000000,
H336,2024-06-13,1718323199999999999,True,0.001726079251321380709732532618,0.4090277777777777777777777778,
H336,2024-06-14,1718409599999999999,True,0.0008244057738466103959426812615,0.1958333333333333333333333334,
H336,2024-06-15,1718495999999999999,True,0.0002072329957066454739116850726,0.04930555555555555555555555556,
H336,2024-06-16,1718582399999999999,True,0.00000875521056702309947028561211,0.002083333333333333333333333333,
H336,2024-06-17,1718668799999999999,True,0.000001458434901582256737412699064,0.0003472222222222222222222222222,
H336,2024-06-18,1718755199999999999,True,0E-30,0,
H336,2024-06-19,1718841599999999999,True,0E-30,0,
H336,2024-06-20,1718927999999999999,True,0E-30,0,
H336,2024-06-21,1719014399999999999,True,0E-30,0,
H336,2024-06-22,1719100799999999999,True,0E-30,0,
H336,2024-06-23,1719187199999999999,True,0E-30,0,
H336,2024-06-24,1719273599999999999,True,0E-30,0,
H336,2024-06-25,1719359999999999999,True,0E-30,0,
H336,2024-06-26,1719446399999999999,True,0.00001255476983777206236917562687,0.003472222222222222222222222222,
H336,2024-06-27,1719532799999999999,True,0.00008077318149155778555820934375,0.02048611111111111111111111112,
H336,2024-06-28,1719619199999999999,True,0.0003328307139322435277872887614,0.08194444444444444444444444445,
H336,2024-06-29,1719705599999999999,True,0.0007950185459414021112146760905,0.1934027777777777777777777778,
H336,2024-06-30,1719791999999999999,True,0.0004485245543245157268461602958,0.1079861111111111111111111111,
H336,2024-07-01,1719878399999999999,True,0.00003046069225334398122819282280,0.007291666666666666666666666665,
H336,2024-07-02,1719964799999999999,True,0.0003768087804938850714574681936,0.08993055555555555555555555555,
H336,2024-07-03,1720051199999999999,True,0.0004063707999448249416452226184,0.0968750000000000000000000000,
H336,2024-07-04,1720137599999999999,True,0.00003060093463950862529415958124,0.007291666666666666666666666665,
H336,2024-07-05,1720223999999999999,True,0.000001457996823046985462420894539,0.0003472222222222222222222222222,
H336,2024-07-06,1720310399999999999,True,0E-30,0,
H336,2024-07-07,1720396799999999999,True,0E-30,0,
H336,2024-07-08,1720483199999999999,True,0E-30,0,
H336,2024-07-09,1720569599999999999,True,0E-30,0,
H336,2024-07-10,1720655999999999999,True,0.000001199235138590060651426527363,0.0003472222222222222222222222222,
H336,2024-07-11,1720742399999999999,True,0.000001258273951586552463959934168,0.0003472222222222222222222222222,
H336,2024-07-12,1720828799999999999,True,0E-30,0,
H336,2024-07-13,1720915199999999999,True,0E-30,0,
H336,2024-07-14,1721001599999999999,True,0E-30,0,
H336,2024-07-15,1721087999999999999,True,0E-30,0,
H336,2024-07-16,1721174399999999999,True,0E-30,0,
H336,2024-07-17,1721260799999999999,True,0E-31,0,
H336,2024-07-18,1721347199999999999,True,0E-31,0,
H336,2024-07-19,1721433599999999999,True,0E-31,0,
H336,2024-07-20,1721519999999999999,True,0E-31,0,
H336,2024-07-21,1721606399999999999,True,0E-31,0,
H336,2024-07-22,1721692799999999999,True,0E-31,0,
H336,2024-07-23,1721779199999999999,True,0E-30,0,
H336,2024-07-24,1721865599999999999,True,0E-30,0,
H336,2024-07-25,1721951999999999999,True,0E-30,0,
H336,2024-07-26,1722038399999999999,True,0E-30,0,
H336,2024-07-27,1722124799999999999,True,0E-30,0,
H336,2024-07-28,1722211199999999999,True,0E-30,0,
H336,2024-07-29,1722297599999999999,True,0E-30,0,
H336,2024-07-30,1722383999999999999,True,0E-30,0,
H336,2024-07-31,1722470399999999999,True,0E-30,0,
H336,2024-08-01,1722556799999999999,True,0E-30,0,
H336,2024-08-02,1722643199999999999,True,0E-30,0,
H336,2024-08-03,1722729599999999999,True,0E-30,0,
H336,2024-08-04,1722815999999999999,True,0E-30,0,
H336,2024-08-05,1722902399999999999,True,0.00000632032060744423269522724159,0.001736111111111111111111111111,
H336,2024-08-06,1722988799999999999,True,0E-31,0,
H336,2024-08-07,1723075199999999999,True,0E-31,0,
H336,2024-08-08,1723161599999999999,True,0E-31,0,
H336,2024-08-09,1723247999999999999,True,0E-31,0,
H336,2024-08-10,1723334399999999999,True,0E-32,0,
H336,2024-08-11,1723420799999999999,True,0E-32,0,
H336,2024-08-12,1723507199999999999,True,0E-32,0,
H336,2024-08-13,1723593599999999999,True,0E-31,0,
H336,2024-08-14,1723679999999999999,True,0E-32,0,
H336,2024-08-15,1723766399999999999,True,0E-32,0,
H336,2024-08-16,1723852799999999999,True,0E-31,0,
H336,2024-08-17,1723939199999999999,True,0E-32,0,
H336,2024-08-18,1724025599999999999,True,0E-32,0,
H336,2024-08-19,1724111999999999999,True,0E-31,0,
H336,2024-08-20,1724198399999999999,True,0E-32,0,
H336,2024-08-21,1724284799999999999,True,0E-32,0,
H336,2024-08-22,1724371199999999999,True,0E-31,0,
H336,2024-08-23,1724457599999999999,True,0E-31,0,
H336,2024-08-24,1724543999999999999,True,0E-32,0,
H336,2024-08-25,1724630399999999999,True,0E-32,0,
H336,2024-08-26,1724716799999999999,True,0E-32,0,
H336,2024-08-27,1724803199999999999,True,0E-31,0,
H336,2024-08-28,1724889599999999999,True,0E-31,0,
H336,2024-08-29,1724975999999999999,True,0E-31,0,
H336,2024-08-30,1725062399999999999,True,0E-31,0,
H336,2024-08-31,1725148799999999999,True,0E-31,0,
H336,2024-09-01,1725235199999999999,True,0E-31,0,
H336,2024-09-02,1725321599999999999,True,0E-32,0,
H336,2024-09-03,1725407999999999999,True,0E-32,0,
H336,2024-09-04,1725494399999999999,True,0E-31,0,
H336,2024-09-05,1725580799999999999,True,0E-31,0,
H336,2024-09-06,1725667199999999999,True,0E-31,0,
H336,2024-09-07,1725753599999999999,True,0E-31,0,
H336,2024-09-08,1725839999999999999,True,0E-31,0,
H336,2024-09-09,1725926399999999999,True,0E-31,0,
H336,2024-09-10,1726012799999999999,True,0E-31,0,
H336,2024-09-11,1726099199999999999,True,0E-31,0,
H336,2024-09-12,1726185599999999999,True,0E-31,0,
H336,2024-09-13,1726271999999999999,True,0E-31,0,
H336,2024-09-14,1726358399999999999,True,0E-31,0,
H336,2024-09-15,1726444799999999999,True,0E-31,0,
H336,2024-09-16,1726531199999999999,True,0E-33,0,
H336,2024-09-17,1726617599999999999,True,0E-31,0,
H336,2024-09-18,1726703999999999999,True,0E-30,0,
H336,2024-09-19,1726790399999999999,True,0E-30,0,
H336,2024-09-20,1726876799999999999,True,0E-30,0,
H336,2024-09-21,1726963199999999999,True,0E-30,0,
H336,2024-09-22,1727049599999999999,True,0E-30,0,
H336,2024-09-23,1727135999999999999,True,0E-30,0,
H336,2024-09-24,1727222399999999999,True,0E-30,0,
H336,2024-09-25,1727308799999999999,True,0E-31,0,
H336,2024-09-26,1727395199999999999,True,0E-31,0,
H336,2024-09-27,1727481599999999999,True,0E-30,0,
H336,2024-09-28,1727567999999999999,True,0E-30,0,
H336,2024-09-29,1727654399999999999,True,0E-30,0,
H336,2024-09-30,1727740799999999999,True,0E-30,0,
H336,2024-10-01,1727827199999999999,True,0E-30,0,
H336,2024-10-02,1727913599999999999,True,0E-30,0,
H336,2024-10-03,1727999999999999999,True,0E-30,0,
H336,2024-10-04,1728086399999999999,True,0E-30,0,
H336,2024-10-05,1728172799999999999,True,0E-31,0,
H336,2024-10-06,1728259199999999999,True,0E-31,0,
H336,2024-10-07,1728345599999999999,True,0E-31,0,
H336,2024-10-08,1728431999999999999,True,0E-31,0,
H336,2024-10-09,1728518399999999999,True,0E-30,0,
H336,2024-10-10,1728604799999999999,True,0E-30,0,
H336,2024-10-11,1728691199999999999,True,0E-30,0,
H336,2024-10-12,1728777599999999999,True,0E-30,0,
H336,2024-10-13,1728863999999999999,True,0E-31,0,
H336,2024-10-14,1728950399999999999,True,0E-30,0,
H336,2024-10-15,1729036799999999999,True,0E-30,0,
H336,2024-10-16,1729123199999999999,True,0E-30,0,
H336,2024-10-17,1729209599999999999,True,0E-30,0,
H336,2024-10-18,1729295999999999999,True,0.000001387881743083880857820337302,0.0003472222222222222222222222222,
H336,2024-10-19,1729382399999999999,True,0E-30,0,
H336,2024-10-20,1729468799999999999,True,0.00005513785555239212635638849325,0.01319444444444444444444444444,
H336,2024-10-21,1729555199999999999,True,0.002900418633142859630640701031,0.693402777777777777777777778,
H336,2024-10-22,1729641599999999999,True,0.0004774726890248645761904190066,0.1138888888888888888888888888,
H336,2024-10-23,1729727999999999999,True,0.00001165270812289493234100535493,0.002777777777777777777777777778,
H336,2024-10-24,1729814399999999999,True,0.00000728981306362570480724319606,0.001736111111111111111111111111,
H336,2024-10-25,1729900799999999999,True,0.00000145812275395022705218681415,0.0003472222222222222222222222222,
H336,2024-10-26,1729987199999999999,True,0E-30,0,
H336,2024-10-27,1730073599999999999,True,0E-30,0,
H336,2024-10-28,1730159999999999999,True,0.00001707355740985282187958590478,0.004166666666666666666666666666,
H336,2024-10-29,1730246399999999999,True,0.0005340499414311509068022261245,0.1295138888888888888888888889,
H336,2024-10-30,1730332799999999999,True,0.004015729532600868535249072462,0.9649305555555555555555555555,
H336,2024-10-31,1730419199999999999,True,0.003321070605541964518607284233,0.7944444444444444444444444445,
H336,2024-11-01,1730505599999999999,True,0.003649583553157467857604070386,0.8711805555555555555555555555,
H336,2024-11-02,1730591999999999999,True,0.001135626092516166009354412784,0.2708333333333333333333333334,
H336,2024-11-03,1730678399999999999,True,0.0001573421533873221958229836846,0.03750000000000000000000000000,
H336,2024-11-04,1730764799999999999,True,0.00000583143649009874345106097914,0.001388888888888888888888888889,
H336,2024-11-05,1730851199999999999,True,0E-30,0,
H336,2024-11-06,1730937599999999999,True,0.003198994429406659959014222975,0.7649305555555555555555555555,
H336,2024-11-07,1731023999999999999,True,0.003899754281282519967295959804,0.9006944444444444444444444445,
H336,2024-11-08,1731110399999999999,True,0.003240742643022061293465616467,0.7493055555555555555555555555,
H336,2024-11-09,1731196799999999999,True,0.001970260039321497437251118669,0.4586805555555555555555555556,
H336,2024-11-10,1731283199999999999,True,0.004752435423665034440299415323,0.957986111111111111111111111,
H336,2024-11-11,1731369599999999999,True,0.00707203155034073820450825079,1,
H336,2024-11-12,1731455999999999999,True,0.01054374050570884137052189412,1,
H336,2024-11-13,1731542399999999999,True,0.01047751435954936648732876505,1,
H336,2024-11-14,1731628799999999999,True,0.00790672269129377841467174103,1,
H336,2024-11-15,1731715199999999999,True,0.006257088702564938529460241345,1,
H336,2024-11-16,1731801599999999999,True,0.005630727419213124254995493845,1,
H336,2024-11-17,1731887999999999999,True,0.005359151979281590166983210825,1,
H336,2024-11-18,1731974399999999999,True,0.006884852111421593737991239805,1,
H336,2024-11-19,1732060799999999999,True,0.008892702376236482635637124415,1,
H336,2024-11-20,1732147199999999999,True,0.00693659017221887428101186037,0.885763888888888888888888889,
H336,2024-11-21,1732233599999999999,True,0.005822183996615468189488915545,0.9291666666666666666666666665,
H336,2024-11-22,1732319999999999999,True,0.006946298961529434270878831705,1,
H336,2024-11-23,1732406399999999999,True,0.00714988160294742030479143138,1,
H336,2024-11-24,1732492799999999999,True,0.007985573859277501989205360585,1,
H336,2024-11-25,1732579199999999999,True,0.008436359812509444079465278085,1,
H336,2024-11-26,1732665599999999999,True,0.00879535929748054612822023723,1,
H336,2024-11-27,1732751999999999999,True,0.00883285010649064336995178742,1,
H336,2024-11-28,1732838399999999999,True,0.00730985739543224977755851763,1,
H336,2024-11-29,1732924799999999999,True,0.006618857240300419051404779615,1,
H336,2024-11-30,1733011199999999999,True,0.00656718459158674050224494716,1,
H336,2024-12-01,1733097599999999999,True,0.00635373634156705701405415365,1,
H336,2024-12-02,1733183999999999999,True,0.00815564492242263732836660590,1,
H336,2024-12-03,1733270399999999999,True,0.008724821781210699916093511555,1,
H336,2024-12-04,1733356799999999999,True,0.008745998356731318095287921405,1,
H336,2024-12-05,1733443199999999999,True,0.01166187625051894076451654134,0.995486111111111111111111111,
H336,2024-12-06,1733529599999999999,True,0.01099832979612141301632191944,1,
H336,2024-12-07,1733615999999999999,True,0.01028801371881313087157378232,1,
H336,2024-12-08,1733702399999999999,True,0.00913878784247246222999774019,1,
H336,2024-12-09,1733788799999999999,True,0.008540779517001245675423488325,0.990625,
H336,2024-12-10,1733875199999999999,True,0.00581636893378143707535352403,0.873263888888888888888888889,
H336,2024-12-11,1733961599999999999,True,0.001506033072233311640028164863,0.2673611111111111111111111111,
H336,2024-12-12,1734047999999999999,True,0.00002970663712275483040583816865,0.00625000000000000000000000000,
H336,2024-12-13,1734134399999999999,True,0E-30,0,
H336,2024-12-14,1734220799999999999,True,0.000001426950304743224575360299204,0.0003472222222222222222222222222,
H336,2024-12-15,1734307199999999999,True,0.00001551298131520023392634156200,0.003819444444444444444444444444,
H336,2024-12-16,1734393599999999999,True,0.0001316620281292541085001990034,0.03194444444444444444444444444,
H336,2024-12-17,1734479999999999999,True,0E-30,0,
H336,2024-12-18,1734566399999999999,True,0.00000841706468134267075256126246,0.002083333333333333333333333334,
H336,2024-12-19,1734652799999999999,True,0.00002912282991562291649062204639,0.00798611111111111111111111111,
H336,2024-12-20,1734739199999999999,True,0.0003573493212558344783071478534,0.08888888888888888888888888885,
H336,2024-12-21,1734825599999999999,True,0E-30,0,
H336,2024-12-22,1734911999999999999,True,0E-30,0,
H336,2024-12-23,1734998399999999999,True,0E-30,0,
H336,2024-12-24,1735084799999999999,True,0E-30,0,
H336,2024-12-25,1735171199999999999,True,0E-30,0,
H336,2024-12-26,1735257599999999999,True,0E-30,0,
H336,2024-12-27,1735343999999999999,True,0.000001384007171850685141756733834,0.0003472222222222222222222222222,
H336,2024-12-28,1735430399999999999,True,0E-30,0,
H336,2024-12-29,1735516799999999999,True,0E-30,0,
H336,2024-12-30,1735603199999999999,True,0.00002724277858154610787877542530,0.007291666666666666666666666665,
H336,2024-12-31,1735689599999999999,True,0.00002250726020773540226230141294,0.00590277777777777777777777778,
H336,2025-01-01,1735775999999999999,True,0.000001384383705337657015727118244,0.0003472222222222222222222222222,
H336,2025-01-02,1735862399999999999,True,0.0001329208176479784252692630640,0.03263888888888888888888888889,
H336,2025-01-03,1735948799999999999,True,0.000001435519673566270176384535072,0.0003472222222222222222222222222,
H336,2025-01-04,1736035199999999999,True,0E-30,0,
H336,2025-01-05,1736121599999999999,True,0E-30,0,
H336,2025-01-06,1736207999999999999,True,0.000002715519755941376492578006958,0.0006944444444444444444444444445,
H336,2025-01-07,1736294399999999999,True,0.00000692441510672946853165077603,0.001736111111111111111111111111,
H336,2025-01-08,1736380799999999999,True,0.000001451442438716783706224309698,0.0003472222222222222222222222222,
H336,2025-01-09,1736467199999999999,True,0E-30,0,
H336,2025-01-10,1736553599999999999,True,0E-30,0,
H336,2025-01-11,1736639999999999999,True,0E-30,0,
H336,2025-01-12,1736726399999999999,True,0E-30,0,
H336,2025-01-13,1736812799999999999,True,0.000002646653984685478228879468257,0.0006944444444444444444444444445,
H336,2025-01-14,1736899199999999999,True,0E-30,0,
H336,2025-01-15,1736985599999999999,True,0E-30,0,
H336,2025-01-16,1737071999999999999,True,0E-30,0,
H336,2025-01-17,1737158399999999999,True,0E-30,0,
H336,2025-01-18,1737244799999999999,True,0E-30,0,
H336,2025-01-19,1737331199999999999,True,0.0007526815062442440592498661785,0.19375,
H336,2025-01-20,1737417599999999999,True,0.001314940055795835096417079604,0.3340277777777777777777777778,
H336,2025-01-21,1737503999999999999,True,0.0001581614154098060356727908400,0.03958333333333333333333333333,
H336,2025-01-22,1737590399999999999,True,0.00001447305558565806664973847211,0.003472222222222222222222222222,
H336,2025-01-23,1737676799999999999,True,0.000002758906114742185232541480688,0.0006944444444444444444444444445,
H336,2025-01-24,1737763199999999999,True,0.000004367900684757574184829038864,0.001041666666666666666666666666,
H336,2025-01-25,1737849599999999999,True,0E-30,0,
H336,2025-01-26,1737935999999999999,True,0E-30,0,
H336,2025-01-27,1738022399999999999,True,0E-30,0,
H336,2025-01-28,1738108799999999999,True,0E-30,0,
H336,2025-01-29,1738195199999999999,True,0.000001232652549457506319172560046,0.0003472222222222222222222222222,
H336,2025-01-30,1738281599999999999,True,0.000001258630028039577883838755926,0.0003472222222222222222222222222,
H336,2025-01-31,1738367999999999999,True,0E-30,0,
H336,2025-02-01,1738454399999999999,True,0E-30,0,
H336,2025-02-02,1738540799999999999,True,0E-30,0,
H336,2025-02-03,1738627199999999999,True,0E-31,0,
H336,2025-02-04,1738713599999999999,True,0E-30,0,
H336,2025-02-05,1738799999999999999,True,0E-30,0,
H336,2025-02-06,1738886399999999999,True,0E-31,0,
H336,2025-02-07,1738972799999999999,True,0E-31,0,
H336,2025-02-08,1739059199999999999,True,0E-31,0,
H336,2025-02-09,1739145599999999999,True,0E-31,0,
H336,2025-02-10,1739231999999999999,True,0E-30,0,
H336,2025-02-11,1739318399999999999,True,0E-31,0,
H336,2025-02-12,1739404799999999999,True,0E-31,0,
H336,2025-02-13,1739491199999999999,True,0E-30,0,
H336,2025-02-14,1739577599999999999,True,0E-30,0,
H336,2025-02-15,1739663999999999999,True,0E-30,0,
H336,2025-02-16,1739750399999999999,True,0E-30,0,
H336,2025-02-17,1739836799999999999,True,0E-30,0,
H336,2025-02-18,1739923199999999999,True,0E-30,0,
H336,2025-02-19,1740009599999999999,True,0E-30,0,
H336,2025-02-20,1740095999999999999,True,0E-30,0,
H336,2025-02-21,1740182399999999999,True,0E-30,0,
H336,2025-02-22,1740268799999999999,True,0E-30,0,
H336,2025-02-23,1740355199999999999,True,0E-30,0,
H336,2025-02-24,1740441599999999999,True,0E-31,0,
H336,2025-02-25,1740527999999999999,True,0E-31,0,
H336,2025-02-26,1740614399999999999,True,0E-31,0,
H336,2025-02-27,1740700799999999999,True,0E-30,0,
H336,2025-02-28,1740787199999999999,True,0E-30,0,
H336,2025-03-01,1740873599999999999,True,0E-31,0,
H336,2025-03-02,1740959999999999999,True,0E-31,0,
H336,2025-03-03,1741046399999999999,True,0E-31,0,
H336,2025-03-04,1741132799999999999,True,0E-32,0,
H336,2025-03-05,1741219199999999999,True,0E-32,0,
H336,2025-03-06,1741305599999999999,True,0E-31,0,
H336,2025-03-07,1741391999999999999,True,0E-31,0,
H336,2025-03-08,1741478399999999999,True,0E-31,0,
H336,2025-03-09,1741564799999999999,True,0E-31,0,
H336,2025-03-10,1741651199999999999,True,0E-31,0,
H336,2025-03-11,1741737599999999999,True,0E-31,0,
H336,2025-03-12,1741823999999999999,True,0E-31,0,
H336,2025-03-13,1741910399999999999,True,0E-31,0,
H336,2025-03-14,1741996799999999999,True,0E-31,0,
H336,2025-03-15,1742083199999999999,True,0E-31,0,
H336,2025-03-16,1742169599999999999,True,0E-31,0,
H336,2025-03-17,1742255999999999999,True,0E-31,0,
H336,2025-03-18,1742342399999999999,True,0E-31,0,
H336,2025-03-19,1742428799999999999,True,0E-31,0,
H336,2025-03-20,1742515199999999999,True,0E-31,0,
H336,2025-03-21,1742601599999999999,True,0E-31,0,
H336,2025-03-22,1742687999999999999,True,0E-31,0,
H336,2025-03-23,1742774399999999999,True,0E-31,0,
H336,2025-03-24,1742860799999999999,True,0E-31,0,
H336,2025-03-25,1742947199999999999,True,0E-32,0,
H336,2025-03-26,1743033599999999999,True,0E-33,0,
H336,2025-03-27,1743119999999999999,True,0E-32,0,
H336,2025-03-28,1743206399999999999,True,0E-32,0,
H336,2025-03-29,1743292799999999999,True,0E-31,0,
H336,2025-03-30,1743379199999999999,True,0E-31,0,
H336,2025-03-31,1743465599999999999,True,0E-31,0,
H336,2025-04-01,1743551999999999999,True,0E-31,0,
H336,2025-04-02,1743638399999999999,True,0E-31,0,
H336,2025-04-03,1743724799999999999,True,0E-31,0,
H336,2025-04-04,1743811199999999999,True,0E-31,0,
H336,2025-04-05,1743897599999999999,True,0E-31,0,
H336,2025-04-06,1743983999999999999,True,0E-31,0,
H336,2025-04-07,1744070399999999999,True,0E-31,0,
H336,2025-04-08,1744156799999999999,True,0E-32,0,
H336,2025-04-09,1744243199999999999,True,0E-31,0,
H336,2025-04-10,1744329599999999999,True,0E-31,0,
H336,2025-04-11,1744415999999999999,True,0E-31,0,
H336,2025-04-12,1744502399999999999,True,0E-33,0,
H336,2025-04-13,1744588799999999999,True,0E-31,0,
H336,2025-04-14,1744675199999999999,True,0E-30,0,
H336,2025-04-15,1744761599999999999,True,0E-30,0,
H336,2025-04-16,1744847999999999999,True,0E-31,0,
H336,2025-04-17,1744934399999999999,True,0E-31,0,
H336,2025-04-18,1745020799999999999,True,0E-31,0,
H336,2025-04-19,1745107199999999999,True,0E-32,0,
H336,2025-04-20,1745193599999999999,True,0E-31,0,
H336,2025-04-21,1745279999999999999,True,0E-31,0,
H336,2025-04-22,1745366399999999999,True,0E-31,0,
H336,2025-04-23,1745452799999999999,True,0E-32,0,
H336,2025-04-24,1745539199999999999,True,0E-31,0,
H336,2025-04-25,1745625599999999999,True,0E-32,0,
H336,2025-04-26,1745711999999999999,True,0E-32,0,
H336,2025-04-27,1745798399999999999,True,0E-32,0,
H336,2025-04-28,1745884799999999999,True,0E-32,0,
H336,2025-04-29,1745971199999999999,True,0E-31,0,
H336,2025-04-30,1746057599999999999,True,0E-31,0,
H336,2025-05-01,1746143999999999999,True,0E-31,0,
H336,2025-05-02,1746230399999999999,True,0E-31,0,
H336,2025-05-03,1746316799999999999,True,0E-31,0,
H336,2025-05-04,1746403199999999999,True,0E-31,0,
H336,2025-05-05,1746489599999999999,True,0E-32,0,
H336,2025-05-06,1746575999999999999,True,0E-32,0,
H336,2025-05-07,1746662399999999999,True,0E-31,0,
H336,2025-05-08,1746748799999999999,True,0E-31,0,
H336,2025-05-09,1746835199999999999,True,0E-30,0,
H336,2025-05-10,1746921599999999999,True,0E-30,0,
H336,2025-05-11,1747007999999999999,True,0.000002572440399417150872602844826,0.0006944444444444444444444444445,
H336,2025-05-12,1747094399999999999,True,0E-30,0,
H336,2025-05-13,1747180799999999999,True,0E-30,0,
H336,2025-05-14,1747267199999999999,True,0E-30,0,
H336,2025-05-15,1747353599999999999,True,0E-30,0,
H336,2025-05-16,1747439999999999999,True,0E-30,0,
H336,2025-05-17,1747526399999999999,True,0E-30,0,
H336,2025-05-18,1747612799999999999,True,0E-30,0,
H336,2025-05-19,1747699199999999999,True,0E-31,0,
H336,2025-05-20,1747785599999999999,True,0E-30,0,
H336,2025-05-21,1747871999999999999,True,0E-30,0,
H336,2025-05-22,1747958399999999999,True,0E-30,0,
H336,2025-05-23,1748044799999999999,True,0E-30,0,
H336,2025-05-24,1748131199999999999,True,0E-30,0,
H336,2025-05-25,1748217599999999999,True,0E-30,0,
H336,2025-05-26,1748303999999999999,True,0E-30,0,
H336,2025-05-27,1748390399999999999,True,0E-30,0,
H336,2025-05-28,1748476799999999999,True,0.000001228175526529916433231762283,0.0003472222222222222222222222222,
H336,2025-05-29,1748563199999999999,True,0.00000641597087441257997451627447,0.001736111111111111111111111111,
H336,2025-05-30,1748649599999999999,True,0E-30,0,
H336,2025-05-31,1748735999999999999,True,0E-30,0,
H336,2025-06-01,1748822399999999999,True,0E-30,0,
H336,2025-06-02,1748908799999999999,True,0E-30,0,
H336,2025-06-03,1748995199999999999,True,0E-30,0,
H336,2025-06-04,1749081599999999999,True,0E-30,0,
H336,2025-06-05,1749167999999999999,True,0E-31,0,
H336,2025-06-06,1749254399999999999,True,0E-32,0,
H336,2025-06-07,1749340799999999999,True,0E-32,0,
H336,2025-06-08,1749427199999999999,True,0E-31,0,
H336,2025-06-09,1749513599999999999,True,0E-32,0,
H336,2025-06-10,1749599999999999999,True,0E-31,0,
H336,2025-06-11,1749686399999999999,True,0E-30,0,
H336,2025-06-12,1749772799999999999,True,0E-30,0,
H336,2025-06-13,1749859199999999999,True,0E-30,0,
H336,2025-06-14,1749945599999999999,True,0E-30,0,
H336,2025-06-15,1750031999999999999,True,0E-31,0,
H336,2025-06-16,1750118399999999999,True,0E-31,0,
H336,2025-06-17,1750204799999999999,True,0E-30,0,
H336,2025-06-18,1750291199999999999,True,0E-31,0,
H336,2025-06-19,1750377599999999999,True,0E-31,0,
H336,2025-06-20,1750463999999999999,True,0E-31,0,
H336,2025-06-21,1750550399999999999,True,0E-30,0,
H336,2025-06-22,1750636799999999999,True,0E-31,0,
H336,2025-06-23,1750723199999999999,True,0E-31,0,
H336,2025-06-24,1750809599999999999,True,0E-31,0,
H336,2025-06-25,1750895999999999999,True,0E-31,0,
H336,2025-06-26,1750982399999999999,True,0E-31,0,
H336,2025-06-27,1751068799999999999,True,0E-31,0,
H336,2025-06-28,1751155199999999999,True,0E-31,0,
H336,2025-06-29,1751241599999999999,True,0E-31,0,
H336,2025-06-30,1751327999999999999,True,0E-30,0,
H336,2025-07-01,1751414399999999999,True,0E-30,0,
H336,2025-07-02,1751500799999999999,True,0E-30,0,
H336,2025-07-03,1751587199999999999,True,0E-30,0,
H336,2025-07-04,1751673599999999999,True,0E-30,0,
H336,2025-07-05,1751759999999999999,True,0E-30,0,
H336,2025-07-06,1751846399999999999,True,0E-30,0,
H336,2025-07-07,1751932799999999999,True,0E-30,0,
H336,2025-07-08,1752019199999999999,True,0E-30,0,
H336,2025-07-09,1752105599999999999,True,0E-30,0,
H336,2025-07-10,1752191999999999999,True,0E-30,0,
H336,2025-07-11,1752278399999999999,True,0E-30,0,
H336,2025-07-12,1752364799999999999,True,0E-30,0,
H336,2025-07-13,1752451199999999999,True,0E-30,0,
H336,2025-07-14,1752537599999999999,True,0.0002257730756431177045757064964,0.0579861111111111111111111111,
H336,2025-07-15,1752623999999999999,True,0.0009170435625964992096747651405,0.2267361111111111111111111111,
H336,2025-07-16,1752710399999999999,True,0.0003813737967272859441048120160,0.0940972222222222222222222222,
H336,2025-07-17,1752796799999999999,True,0.0009206259723916859153549250495,0.2305555555555555555555555556,
H336,2025-07-18,1752883199999999999,True,0.001786349392139659286294111034,0.4361111111111111111111111112,
H336,2025-07-19,1752969599999999999,True,0.000002859520994259592557330736420,0.0006944444444444444444444444445,
H336,2025-07-20,1753055999999999999,True,0.00001744163033202029185492908154,0.004166666666666666666666666667,
H336,2025-07-21,1753142399999999999,True,0.0001409334298533036505533119288,0.03368055555555555555555555556,
H336,2025-07-22,1753228799999999999,True,0.0007666103725185989007290949135,0.1826388888888888888888888889,
H336,2025-07-23,1753315199999999999,True,0.0003659380915483404613776309312,0.0871527777777777777777777778,
H336,2025-07-24,1753401599999999999,True,0.00000874698917726653088087549503,0.002083333333333333333333333333,
H336,2025-07-25,1753487999999999999,True,0.00003354075322692507545258739704,0.00798611111111111111111111111,
H336,2025-07-26,1753574399999999999,True,0.00000729112635241994233886882955,0.001736111111111111111111111111,
H336,2025-07-27,1753660799999999999,True,0.0001239079614894303720775303264,0.02951388888888888888888888888,
H336,2025-07-28,1753747199999999999,True,0.0001093435335633425520866651890,0.02604166666666666666666666666,
H336,2025-07-29,1753833599999999999,True,0.000001314369300307597917642904256,0.0003472222222222222222222222222,
H336,2025-07-30,1753919999999999999,True,0E-30,0,
H336,2025-07-31,1754006399999999999,True,0E-30,0,
H336,2025-08-01,1754092799999999999,True,0E-30,0,
H336,2025-08-02,1754179199999999999,True,0E-30,0,
H336,2025-08-03,1754265599999999999,True,0E-30,0,
H336,2025-08-04,1754351999999999999,True,0E-30,0,
H336,2025-08-05,1754438399999999999,True,0E-30,0,
H336,2025-08-06,1754524799999999999,True,0E-30,0,
H336,2025-08-07,1754611199999999999,True,0E-30,0,
H336,2025-08-08,1754697599999999999,True,0E-30,0,
H336,2025-08-09,1754783999999999999,True,0E-30,0,
H336,2025-08-10,1754870399999999999,True,0.000001287739853117846319031702983,0.0003472222222222222222222222222,
H336,2025-08-11,1754956799999999999,True,0.00001652166331951705913963618494,0.004513888888888888888888888889,
H336,2025-08-12,1755043199999999999,True,0.000001249892790809585063767499466,0.0003472222222222222222222222222,
H336,2025-08-13,1755129599999999999,True,0.0003678933110049596651589928100,0.0954861111111111111111111111,
H336,2025-08-14,1755215999999999999,True,0.001469863875225135830436690249,0.3711805555555555555555555556,
H336,2025-08-15,1755302399999999999,True,0.000002652026807569339200970393674,0.0006944444444444444444444444445,
H336,2025-08-16,1755388799999999999,True,0.000001231977037677266479204742710,0.0003472222222222222222222222222,
H336,2025-08-17,1755475199999999999,True,0E-30,0,
H336,2025-08-18,1755561599999999999,True,0E-30,0,
H336,2025-08-19,1755647999999999999,True,0E-30,0,
H336,2025-08-20,1755734399999999999,True,0E-30,0,
H336,2025-08-21,1755820799999999999,True,0E-30,0,
H336,2025-08-22,1755907199999999999,True,0E-30,0,
H336,2025-08-23,1755993599999999999,True,0E-30,0,
H336,2025-08-24,1756079999999999999,True,0E-30,0,
H336,2025-08-25,1756166399999999999,True,0E-30,0,
H336,2025-08-26,1756252799999999999,True,0E-30,0,
H336,2025-08-27,1756339199999999999,True,0E-30,0,
H336,2025-08-28,1756425599999999999,True,0E-30,0,
H336,2025-08-29,1756511999999999999,True,0E-30,0,
H336,2025-08-30,1756598399999999999,True,0E-31,0,
H336,2025-08-31,1756684799999999999,True,0E-31,0,
H336,2025-09-01,1756771199999999999,True,0E-31,0,
H336,2025-09-02,1756857599999999999,True,0E-31,0,
H336,2025-09-03,1756943999999999999,True,0E-31,0,
H336,2025-09-04,1757030399999999999,True,0E-31,0,
H336,2025-09-05,1757116799999999999,True,0E-31,0,
H336,2025-09-06,1757203199999999999,True,0E-32,0,
H336,2025-09-07,1757289599999999999,True,0E-31,0,
H336,2025-09-08,1757375999999999999,True,0E-30,0,
H336,2025-09-09,1757462399999999999,True,0E-30,0,
H336,2025-09-10,1757548799999999999,True,0E-30,0,
H336,2025-09-11,1757635199999999999,True,0E-30,0,
H336,2025-09-12,1757721599999999999,True,0E-30,0,
H336,2025-09-13,1757807999999999999,True,0E-30,0,
H336,2025-09-14,1757894399999999999,True,0E-30,0,
H336,2025-09-15,1757980799999999999,True,0E-30,0,
H336,2025-09-16,1758067199999999999,True,0E-30,0,
H336,2025-09-17,1758153599999999999,True,0E-30,0,
H336,2025-09-18,1758239999999999999,True,0E-30,0,
H336,2025-09-19,1758326399999999999,True,0E-31,0,
H336,2025-09-20,1758412799999999999,True,0E-31,0,
H336,2025-09-21,1758499199999999999,True,0E-31,0,
H336,2025-09-22,1758585599999999999,True,0E-31,0,
H336,2025-09-23,1758671999999999999,True,0E-31,0,
H336,2025-09-24,1758758399999999999,True,0E-32,0,
H336,2025-09-25,1758844799999999999,True,0E-32,0,
H336,2025-09-26,1758931199999999999,True,0E-31,0,
H336,2025-09-27,1759017599999999999,True,0E-31,0,
H336,2025-09-28,1759103999999999999,True,0E-30,0,
H336,2025-09-29,1759190399999999999,True,0E-30,0,
H336,2025-09-30,1759276799999999999,True,0E-31,0,
H336,2025-10-01,1759363199999999999,True,0E-31,0,
H336,2025-10-02,1759449599999999999,True,0E-31,0,
H336,2025-10-03,1759535999999999999,True,0.000001235342363805445736020171924,0.0003472222222222222222222222222,
H336,2025-10-04,1759622399999999999,True,0E-30,0,
H336,2025-10-05,1759708799999999999,True,0.00000644456583663569253755089118,0.001736111111111111111111111111,
H336,2025-10-06,1759795199999999999,True,0E-30,0,
H336,2025-10-07,1759881599999999999,True,0E-30,0,
H336,2025-10-08,1759967999999999999,True,0E-30,0,
H336,2025-10-09,1760054399999999999,True,0E-30,0,
H336,2025-10-10,1760140799999999999,True,0E-31,0,
H336,2025-10-11,1760227199999999999,True,0E-32,0,
H336,2025-10-12,1760313599999999999,True,0E-32,0,
H336,2025-10-13,1760399999999999999,True,0E-33,0,
H336,2025-10-14,1760486399999999999,True,0E-31,0,
H336,2025-10-15,1760572799999999999,True,0E-31,0,
H336,2025-10-16,1760659199999999999,True,0E-31,0,
H336,2025-10-17,1760745599999999999,True,0E-31,0,
H336,2025-10-18,1760831999999999999,True,0E-31,0,
H336,2025-10-19,1760918399999999999,True,0E-31,0,
H336,2025-10-20,1761004799999999999,True,0E-31,0,
H336,2025-10-21,1761091199999999999,True,0E-31,0,
H336,2025-10-22,1761177599999999999,True,0E-31,0,
H336,2025-10-23,1761263999999999999,True,0E-31,0,
H336,2025-10-24,1761350399999999999,True,0E-30,0,
H336,2025-10-25,1761436799999999999,True,0E-30,0,
H336,2025-10-26,1761523199999999999,True,0E-30,0,
H336,2025-10-27,1761609599999999999,True,0E-30,0,
H336,2025-10-28,1761695999999999999,True,0E-30,0,
H336,2025-10-29,1761782399999999999,True,0E-31,0,
H336,2025-10-30,1761868799999999999,True,0E-31,0,
H336,2025-10-31,1761955199999999999,True,0E-33,0,
H336,2025-11-01,1762041599999999999,True,0E-31,0,
H336,2025-11-02,1762127999999999999,True,0E-30,0,
H336,2025-11-03,1762214399999999999,True,0E-30,0,
H336,2025-11-04,1762300799999999999,True,0E-30,0,
H336,2025-11-05,1762387199999999999,True,0E-30,0,
H336,2025-11-06,1762473599999999999,True,0E-30,0,
H336,2025-11-07,1762559999999999999,True,0E-30,0,
H336,2025-11-08,1762646399999999999,True,0E-30,0,
H336,2025-11-09,1762732799999999999,True,0E-30,0,
H336,2025-11-10,1762819199999999999,True,0E-30,0,
H336,2025-11-11,1762905599999999999,True,0E-30,0,
H336,2025-11-12,1762991999999999999,True,0E-31,0,
H336,2025-11-13,1763078399999999999,True,0E-30,0,
H336,2025-11-14,1763164799999999999,True,0E-30,0,
H336,2025-11-15,1763251199999999999,True,0E-30,0,
H336,2025-11-16,1763337599999999999,True,0E-30,0,
H336,2025-11-17,1763423999999999999,True,0.000001205926740664736403417256116,0.0003472222222222222222222222222,
H336,2025-11-18,1763510399999999999,True,0E-30,0,
H336,2025-11-19,1763596799999999999,True,0E-30,0,
H336,2025-11-20,1763683199999999999,True,0E-30,0,
H336,2025-11-21,1763769599999999999,True,0E-30,0,
H336,2025-11-22,1763855999999999999,True,0E-30,0,
H336,2025-11-23,1763942399999999999,True,0E-30,0,
H336,2025-11-24,1764028799999999999,True,0E-31,0,
H336,2025-11-25,1764115199999999999,True,0E-31,0,
H336,2025-11-26,1764201599999999999,True,0E-31,0,
H336,2025-11-27,1764287999999999999,True,0E-31,0,
H336,2025-11-28,1764374399999999999,True,0E-31,0,
H336,2025-11-29,1764460799999999999,True,0E-31,0,
H336,2025-11-30,1764547199999999999,True,0E-31,0,
H336,2025-12-01,1764633599999999999,True,0E-30,0,
H336,2025-12-02,1764719999999999999,True,0E-31,0,
H336,2025-12-03,1764806399999999999,True,0E-31,0,
H336,2025-12-04,1764892799999999999,True,0E-31,0,
H336,2025-12-05,1764979199999999999,True,0E-30,0,
H336,2025-12-06,1765065599999999999,True,0E-31,0,
H336,2025-12-07,1765151999999999999,True,0E-31,0,
H336,2025-12-08,1765238399999999999,True,0E-31,0,
H336,2025-12-09,1765324799999999999,True,0E-30,0,
H336,2025-12-10,1765411199999999999,True,0E-30,0,
H336,2025-12-11,1765497599999999999,True,0E-31,0,
H336,2025-12-12,1765583999999999999,True,0E-30,0,
H336,2025-12-13,1765670399999999999,True,0E-31,0,
H336,2025-12-14,1765756799999999999,True,0E-31,0,
H336,2025-12-15,1765843199999999999,True,0E-30,0,
H336,2025-12-16,1765929599999999999,True,0E-31,0,
H336,2025-12-17,1766015999999999999,True,0E-31,0,
H336,2025-12-18,1766102399999999999,True,0E-32,0,
H336,2025-12-19,1766188799999999999,True,0E-31,0,
H336,2025-12-20,1766275199999999999,True,0E-30,0,
H336,2025-12-21,1766361599999999999,True,0E-30,0,
H336,2025-12-22,1766447999999999999,True,0E-31,0,
H336,2025-12-23,1766534399999999999,True,0E-31,0,
H336,2025-12-24,1766620799999999999,True,0E-30,0,
H336,2025-12-25,1766707199999999999,True,0E-30,0,
H336,2025-12-26,1766793599999999999,True,0E-30,0,
H336,2025-12-27,1766879999999999999,True,0E-30,0,
H336,2025-12-28,1766966399999999999,True,0E-30,0,
H336,2025-12-29,1767052799999999999,True,0E-30,0,
H336,2025-12-30,1767139199999999999,True,0E-30,0,
H336,2025-12-31,1767225599999999999,True,0E-30,0,
H336,2026-01-01,1767311999999999999,True,0E-30,0,
H336,2026-01-02,1767398399999999999,True,0E-30,0,
H336,2026-01-03,1767484799999999999,True,0E-30,0,
H336,2026-01-04,1767571199999999999,True,0E-30,0,
H336,2026-01-05,1767657599999999999,True,0E-30,0,
H336,2026-01-06,1767743999999999999,True,0E-30,0,
H336,2026-01-07,1767830399999999999,True,0E-30,0,
H336,2026-01-08,1767916799999999999,True,0E-30,0,
H336,2026-01-09,1768003199999999999,True,0E-30,0,
H336,2026-01-10,1768089599999999999,True,0E-30,0,
H336,2026-01-11,1768175999999999999,True,0E-30,0,
H336,2026-01-12,1768262399999999999,True,0E-30,0,
H336,2026-01-13,1768348799999999999,True,0E-30,0,
H336,2026-01-14,1768435199999999999,True,0E-30,0,
H336,2026-01-15,1768521599999999999,True,0E-31,0,
H336,2026-01-16,1768607999999999999,True,0E-31,0,
H336,2026-01-17,1768694399999999999,True,0E-30,0,
H336,2026-01-18,1768780799999999999,True,0E-30,0,
H336,2026-01-19,1768867199999999999,True,0E-30,0,
H336,2026-01-20,1768953599999999999,True,0E-30,0,
H336,2026-01-21,1769039999999999999,True,0E-31,0,
H336,2026-01-22,1769126399999999999,True,0E-31,0,
H336,2026-01-23,1769212799999999999,True,0E-31,0,
H336,2026-01-24,1769299199999999999,True,0E-31,0,
H336,2026-01-25,1769385599999999999,True,0E-31,0,
H336,2026-01-26,1769471999999999999,True,0E-32,0,
H336,2026-01-27,1769558399999999999,True,0E-31,0,
H336,2026-01-28,1769644799999999999,True,0E-30,0,
H336,2026-01-29,1769731199999999999,True,0E-30,0,
H336,2026-01-30,1769817599999999999,True,0E-31,0,
H336,2026-01-31,1769903999999999999,True,0E-32,0,
H336,2026-02-01,1769990399999999999,True,0E-31,0,
H336,2026-02-02,1770076799999999999,True,0E-32,0,
H336,2026-02-03,1770163199999999999,True,0E-33,0,
H336,2026-02-04,1770249599999999999,True,0E-32,0,
H336,2026-02-05,1770335999999999999,True,0E-31,0,
H336,2026-02-06,1770422399999999999,True,0E-31,0,
H336,2026-02-07,1770508799999999999,True,0E-31,0,
H336,2026-02-08,1770595199999999999,True,0E-31,0,
H336,2026-02-09,1770681599999999999,True,0E-31,0,
H336,2026-02-10,1770767999999999999,True,0E-31,0,
H336,2026-02-11,1770854399999999999,True,0E-30,0,
H336,2026-02-12,1770940799999999999,True,0E-31,0,
H336,2026-02-13,1771027199999999999,True,0E-32,0,
H336,2026-02-14,1771113599999999999,True,0E-32,0,
H336,2026-02-15,1771199999999999999,True,0E-32,0,
H336,2026-02-16,1771286399999999999,True,0E-32,0,
H336,2026-02-17,1771372799999999999,True,0E-31,0,
H336,2026-02-18,1771459199999999999,True,0E-31,0,
H336,2026-02-19,1771545599999999999,True,0E-31,0,
H336,2026-02-20,1771631999999999999,True,0E-31,0,
H336,2026-02-21,1771718399999999999,True,0E-32,0,
H336,2026-02-22,1771804799999999999,True,0E-32,0,
H336,2026-02-23,1771891199999999999,True,0E-32,0,
H336,2026-02-24,1771977599999999999,True,0E-31,0,
H336,2026-02-25,1772063999999999999,True,0E-31,0,
H336,2026-02-26,1772150399999999999,True,0E-32,0,
H336,2026-02-27,1772236799999999999,True,0E-31,0,
H336,2026-02-28,1772323199999999999,True,0E-32,0,
H336,2026-03-01,1772409599999999999,True,0E-32,0,
H336,2026-03-02,1772495999999999999,True,0E-32,0,
H336,2026-03-03,1772582399999999999,True,0E-32,0,
H336,2026-03-04,1772668799999999999,True,0E-32,0,
H336,2026-03-05,1772755199999999999,True,0E-31,0,
H336,2026-03-06,1772841599999999999,True,0E-32,0,
H336,2026-03-07,1772927999999999999,True,0E-32,0,
H336,2026-03-08,1773014399999999999,True,0E-32,0,
H336,2026-03-09,1773100799999999999,True,0E-31,0,
H336,2026-03-10,1773187199999999999,True,0E-32,0,
H336,2026-03-11,1773273599999999999,True,0E-32,0,
H336,2026-03-12,1773359999999999999,True,0E-31,0,
H336,2026-03-13,1773446399999999999,True,0E-32,0,
H336,2026-03-14,1773532799999999999,True,0E-32,0,
H336,2026-03-15,1773619199999999999,True,0E-32,0,
H336,2026-03-16,1773705599999999999,True,0E-32,0,
H336,2026-03-17,1773791999999999999,True,0E-33,0,
H336,2026-03-18,1773878399999999999,True,0E-31,0,
H336,2026-03-19,1773964799999999999,True,0E-31,0,
H336,2026-03-20,1774051199999999999,True,0E-31,0,
H336,2026-03-21,1774137599999999999,True,0E-32,0,
H336,2026-03-22,1774223999999999999,True,0E-32,0,
H336,2026-03-23,1774310399999999999,True,0E-31,0,
H336,2026-03-24,1774396799999999999,True,0E-32,0,
H336,2026-03-25,1774483199999999999,True,0E-32,0,
H336,2026-03-26,1774569599999999999,True,0E-32,0,
H336,2026-03-27,1774655999999999999,True,0E-32,0,
H336,2026-03-28,1774742399999999999,True,0E-31,0,
H336,2026-03-29,1774828799999999999,True,0E-31,0,
H336,2026-03-30,1774915199999999999,True,0E-31,0,
H336,2026-03-31,1775001599999999999,True,0E-31,0,
H336,2026-04-01,1775087999999999999,True,0E-31,0,
H336,2026-04-02,1775174399999999999,True,0E-32,0,
H336,2026-04-03,1775260799999999999,True,0E-31,0,
H336,2026-04-04,1775347199999999999,True,0E-32,0,
H336,2026-04-05,1775433599999999999,True,0E-31,0,
H336,2026-04-06,1775519999999999999,True,0E-33,0,
H336,2026-04-07,1775606399999999999,True,0E-32,0,
H336,2026-04-08,1775692799999999999,True,0E-32,0,
H336,2026-04-09,1775779199999999999,True,0E-31,0,
H336,2026-04-10,1775865599999999999,True,0E-31,0,
H336,2026-04-11,1775951999999999999,True,0E-31,0,
H336,2026-04-12,1776038399999999999,True,0E-33,0,
H336,2026-04-13,1776124799999999999,True,0E-32,0,
H336,2026-04-14,1776211199999999999,True,0E-32,0,
H336,2026-04-15,1776297599999999999,True,0E-30,0,
H336,2026-04-16,1776383999999999999,True,0E-32,0,
H336,2026-04-17,1776470399999999999,True,0E-32,0,
H336,2026-04-18,1776556799999999999,True,0E-31,0,
H336,2026-04-19,1776643199999999999,True,0E-30,0,
H336,2026-04-20,1776729599999999999,True,0E-30,0,
H336,2026-04-21,1776815999999999999,True,0E-30,0,
H336,2026-04-22,1776902399999999999,True,0E-31,0,
H336,2026-04-23,1776988799999999999,True,0E-32,0,
H336,2026-04-24,1777075199999999999,True,0E-32,0,
H336,2026-04-25,1777161599999999999,True,0E-30,0,
H336,2026-04-26,1777247999999999999,True,0E-31,0,
H336,2026-04-27,1777334399999999999,True,0E-31,0,
H336,2026-04-28,1777420799999999999,True,0E-31,0,
H336,2026-04-29,1777507199999999999,True,0E-31,0,
H336,2026-04-30,1777593599999999999,True,0E-31,0,
H336,2026-05-01,1777679999999999999,True,0E-31,0,
H336,2026-05-02,1777766399999999999,True,0E-31,0,
H336,2026-05-03,1777852799999999999,True,0E-31,0,
H336,2026-05-04,1777939199999999999,True,0E-33,0,
H336,2026-05-05,1778025599999999999,True,0E-31,0,
H336,2026-05-06,1778111999999999999,True,0E-31,0,
H336,2026-05-07,1778198399999999999,True,0E-30,0,
H336,2026-05-08,1778284799999999999,True,0E-30,0,
H336,2026-05-09,1778371199999999999,True,0E-31,0,
H336,2026-05-10,1778457599999999999,True,0E-31,0,
H336,2026-05-11,1778543999999999999,True,0E-31,0,
H336,2026-05-12,1778630399999999999,True,0E-31,0,
H336,2026-05-13,1778716799999999999,True,0E-30,0,
H336,2026-05-14,1778803199999999999,True,0E-30,0,
H336,2026-05-15,1778889599999999999,True,0E-31,0,
H336,2026-05-16,1778975999999999999,True,0E-31,0,
H336,2026-05-17,1779062399999999999,True,0E-31,0,
H336,2026-05-18,1779148799999999999,True,0E-31,0,
H336,2026-05-19,1779235199999999999,True,0E-30,0,
H336,2026-05-20,1779321599999999999,True,0E-30,0,
H336,2026-05-21,1779407999999999999,True,0E-30,0,
H336,2026-05-22,1779494399999999999,True,0E-30,0,
H336,2026-05-23,1779580799999999999,True,0E-30,0,
H336,2026-05-24,1779667199999999999,True,0E-30,0,
H336,2026-05-25,1779753599999999999,True,0E-30,0,
H336,2026-05-26,1779839999999999999,True,0E-30,0,
H336,2026-05-27,1779926399999999999,True,0E-30,0,
H336,2026-05-28,1780012799999999999,True,0E-30,0,
H336,2026-05-29,1780099199999999999,True,0E-30,0,
H336,2026-05-30,1780185599999999999,True,0E-30,0,
H336,2026-05-31,1780271999999999999,True,0E-30,0,
H336,2026-06-01,1780358399999999999,True,0E-30,0,
H336,2026-06-02,1780444799999999999,True,0E-30,0,
H336,2026-06-03,1780531199999999999,True,0E-30,0,
H336,2026-06-04,1780617599999999999,True,0E-30,0,
H336,2026-06-05,1780703999999999999,True,0E-31,0,
H336,2026-06-06,1780790399999999999,True,0E-31,0,
H336,2026-06-07,1780876799999999999,True,0E-31,0,
H336,2026-06-08,1780963199999999999,True,0E-31,0,
H336,2026-06-09,1781049599999999999,True,0E-31,0,
H336,2026-06-10,1781135999999999999,True,0E-32,0,
H336,2026-06-11,1781222399999999999,True,0E-31,0,
H336,2026-06-12,1781308799999999999,True,0E-31,0,
H336,2026-06-13,1781395199999999999,True,0E-31,0,
H336,2026-06-14,1781481599999999999,True,0E-32,0,
H336,2026-06-15,1781567999999999999,True,0E-32,0,
H336,2026-06-16,1781654399999999999,True,0E-31,0,
H336,2026-06-17,1781740799999999999,True,0E-31,0,
H336,2026-06-18,1781827199999999999,True,0E-32,0,
H336,2026-06-19,1781913599999999999,True,0E-32,0,
H336,2026-06-20,1781999999999999999,True,0E-31,0,
H336,2026-06-21,1782086399999999999,True,0E-31,0,
H336,2026-06-22,1782172799999999999,True,0E-31,0,
H336,2026-06-23,1782259199999999999,True,0E-31,0,
H336,2026-06-24,1782345599999999999,True,0E-31,0,
H336,2026-06-25,1782431999999999999,True,0E-31,0,
H336,2026-06-26,1782518399999999999,True,0E-31,0,
H336,2026-06-27,1782604799999999999,True,0E-32,0,
H336,2026-06-28,1782691199999999999,True,0E-32,0,
H336,2026-06-29,1782777599999999999,True,0E-32,0,
H336,2026-06-30,1782863999999999999,True,0E-32,0,
H336,2026-07-01,1782950399999999999,True,0E-31,0,
H336,2026-07-02,1783036799999999999,True,0E-30,0,
H336,2026-07-03,1783123199999999999,True,0E-30,0,
H336,2026-07-04,1783209599999999999,True,0E-30,0,
H336,2026-07-05,1783295999999999999,True,0E-30,0,
H336,2026-07-06,1783382399999999999,True,0E-30,0,
H336,2026-07-07,1783468799999999999,True,0E-30,0,
H336,2026-07-08,1783555199999999999,True,0E-30,0,
H336,2026-07-09,1783641599999999999,True,0E-30,0,
H336,2026-07-10,1783727999999999999,True,0E-30,0,
H336,2026-07-11,1783814399999999999,True,0E-30,0,
H336,2026-07-12,1783900799999999999,True,0E-30,0,
H336,2026-07-13,1783987199999999999,True,0E-31,0,
H336,2026-07-14,1784073599999999999,True,0E-31,0,
H336,2026-07-15,1784159999999999999,True,0E-30,0,
H336,2026-07-16,1784246399999999999,True,0E-30,0,
H336,2026-07-17,1784332799999999999,True,0E-30,0,
H336,2026-07-18,1784419199999999999,True,0E-30,0,
H336,2026-07-19,1784505599999999999,True,0E-30,0,
H336,2026-07-20,1784591999999999999,True,0E-30,0,
H336,2026-07-21,1784678399999999999,True,0E-30,0,
H336,2026-07-22,1784764799999999999,True,0E-30,0,
H336,2026-07-23,1784851199999999999,True,0E-31,0,
H336,2026-07-24,1784937599999999999,True,0E-32,0,
H336,2026-07-25,1785023999999999999,True,0E-31,0,
H336,2026-07-26,1785110399999999999,True,0E-31,0,
H336,2026-07-27,1785196799999999999,True,0E-31,0,
H336,2026-07-28,1785283199999999999,True,0E-31,0,
H336,2026-07-29,1785369599999999999,True,0E-31,0,
H336,2026-07-30,1785455999999999999,True,0E-30,0,
H336,2026-07-31,1785542399999999999,True,0E-31,0,
H336,2026-08-01,1785628799999999999,True,0E-31,0,
H336,2026-08-02,1785715199999999999,True,0E-30,0,
H336,2026-08-03,1785801599999999999,True,0E-30,0,
H336,2026-08-04,1785887999999999999,True,0E-30,0,
H336,2026-08-05,1785974399999999999,True,0E-30,0,
H336,2026-08-06,1786060799999999999,True,0E-31,0,
H336,2026-08-07,1786147199999999999,True,0E-31,0,
H336,2026-08-08,1786233599999999999,True,0E-31,0,
H336,2026-08-09,1786319999999999999,True,0E-30,0,
H336,2026-08-10,1786406399999999999,True,0E-30,0,
H336,2026-08-11,1786492799999999999,True,0E-30,0,
H336,2026-08-12,1786579199999999999,True,0E-30,0,
H336,2026-08-13,1786665599999999999,True,0E-30,0,
H336,2026-08-14,1786751999999999999,True,0E-30,0,
H336,2026-08-15,1786838399999999999,True,0E-30,0,
H336,2026-08-16,1786924799999999999,True,0E-30,0,
H336,2026-08-17,1787011199999999999,True,0E-30,0,
H336,2026-08-18,1787097599999999999,True,0E-30,0,
H336,2026-08-19,1787183999999999999,True,0E-30,0,
H336,2026-08-20,1787270399999999999,True,0E-30,0,
H336,2026-08-21,1787356799999999999,True,0.0001580443516825777330404005661,0.04409722222222222222222222222,
H336,2026-08-22,1787443199999999999,True,0.0009246694750123318533857827765,0.2559027777777777777777777778,
H336,2026-08-23,1787529599999999999,True,0.0008448647090943022634902062395,0.2222222222222222222222222222,
H336,2026-08-24,1787615999999999999,True,0.0000748185934946026031096367337,0.01875,
H336,2026-08-25,1787702399999999999,True,0.000001295565678568940748750906456,0.0003472222222222222222222222222,
H336,2026-08-26,1787788799999999999,True,0E-30,0,
H336,2026-08-27,1787875199999999999,True,0E-30,0,
H336,2026-08-28,1787961599999999999,True,0E-30,0,
H336,2026-08-29,1788047999999999999,True,0E-30,0,
H336,2026-08-30,1788134399999999999,True,0E-30,0,
H336,2026-08-31,1788220799999999999,True,0.000001259617931368337967824504684,0.0003472222222222222222222222222,
