fill_id,order_id,symbol,market,side,purpose,time_ns,submitted_at,generated_at,eligible_at,delay_applied_seconds,delay_configured_seconds,delay_scope,reference_price_model,fill_at,window_end,window_start,quantity,net_quantity,price,reference_price,gross_notional,ordinary_fee_usdt,base_fee_quantity,specific_liquidation_charge_usdt,slippage_and_tick_usdt,tick_rounding_usdt,capacity_used_before,capacity_used_after,subject_to_participation,ledger_checked,scenario,strategy,run_id
fill-conditional-00000001-1673683380000000000,conditional-00000001,ETHUSDT,spot,BUY,open_spot,1673683380000000000,1673683260001000000,1673683260001000000,1673683260001000000,0,0,all_client,vwap,1673683380000000000,1673683380000000000,1673683320000000000,1.7207,1.7189793,1552.92,1552.758333687836923699204285,2672.109444,2.672109444,0.0017207,0,0.2781792233390053907791868005,0.0109960968613392913182654565,0,1.7207,True,True,BASE_E3,conditional,run_ad71d751b20623006c195ff3
fill-conditional-00000002-1673683440000000000,conditional-00000002,ETHUSDT,spot,SELL,close_spot,1673683440000000000,1673683380000000000,1673683380000000000,1673683380000000000,0,0,all_client,vwap,1673683440000000000,1673683440000000000,1673683380000000000,1.7189,1.7189,1553.12,1553.281283108878413333743448,2669.657968,2.669657968,0,0,0.2772295358511046793716127672,0.0102360160975195689036761986,0,1.7189,True,True,BASE_E3,conditional,run_ad71d751b20623006c195ff3
fill-conditional-00000003-1673798520000000000,conditional-00000003,ETHUSDT,spot,BUY,open_spot,1673798520000000000,1673798460000000000,1673798460000000000,1673798460000000000,0,0,all_client,vwap,1673798520000000000,1673798520000000000,1673798460000000000,1.9269,1.9249731,1556.25,1556.093388051792728390880380,2998.738125,2.998738125,0.0019269,0,0.3017755630005916636125957780,0.0019319280568917227789571108,0,1.9269,True,True,BASE_E3,conditional,run_ad71d751b20623006c195ff3
fill-conditional-00000004-1673798580000000000,conditional-00000004,ETHUSDT,futures,SELL,open_perp,1673798580000000000,1673798520000000000,1673798520000000000,1673798520000000000,0,0,all_client,vwap,1673798580000000000,1673798580000000000,1673798520000000000,1.925,1.925,1555.82,1555.982684372332775929769552,2994.95350,1.497476750,0,0,0.313167416740593664806387600,0.013640749998919605439906875,0,1.925,True,True,BASE_E3,conditional,run_ad71d751b20623006c195ff3
fill-conditional-00000005-1675613040000000000,conditional-00000005,ETHUSDT,futures,BUY,reduce_perp,1675613040000000000,1675612980000000000,1675612980000000000,1675612980000000000,0,0,all_client,vwap,1675613040000000000,1675613040000000000,1675612980000000000,0.097,0.097,1642.83,1642.656922630217239210941182,159.35451,0.079677255,0,0,0.016788504868927796538705346,0.000854732719414689318359228,0,0.097,True,True,BASE_E3,conditional,run_ad71d751b20623006c195ff3
fill-conditional-00000006-1675613100000000000,conditional-00000006,ETHUSDT,spot,SELL,reduce_spot,1675613100000000000,1675613040000000000,1675613040000000000,1675613040000000000,0,0,all_client,vwap,1675613100000000000,1675613100000000000,1675613040000000000,0.0970,0.0970,1643.41,1643.581043985824473629351678,159.410770,0.159410770,0,0,0.0165912666249739420471127660,0.0006485304983114446529080710,0,0.0970,True,True,BASE_E3,conditional,run_ad71d751b20623006c195ff3
fill-conditional-00000007-1676217840000000000,conditional-00000007,ETHUSDT,spot,BUY,increase_spot,1676217840000000000,1676217780000000000,1676217780000000000,1676217780000000000,0,0,all_client,vwap,1676217840000000000,1676217840000000000,1676217780000000000,0.1291,0.1289709,1535.74,1535.586057714768172412829384,198.264034,0.198264034,0.0001291,0,0.0198739490234289415037265256,0.0000495330183312843978768903,0,0.1291,True,True,BASE_E3,conditional,run_ad71d751b20623006c195ff3
fill-conditional-00000008-1676217900000000000,conditional-00000008,ETHUSDT,futures,SELL,increase_perp,1676217900000000000,1676217840000000000,1676217840000000000,1676217840000000000,0,0,all_client,vwap,1676217900000000000,1676217900000000000,1676217840000000000,0.129,0.129,1534.92,1535.074620909720650466725650,198.00468,0.099002340,0,0,0.019946097353963910207608850,0.000143634744228513816588033,0,0.129,True,True,BASE_E3,conditional,run_ad71d751b20623006c195ff3
fill-conditional-00000009-1676822640000000000,conditional-00000009,ETHUSDT,futures,BUY,reduce_perp,1676822640000000000,1676822580000000000,1676822580000000000,1676822580000000000,0,0,all_client,vwap,1676822640000000000,1676822640000000000,1676822580000000000,0.204,0.204,1713.99,1713.812925198172559027676711,349.65396,0.174826980,0,0,0.036123259572797958353950956,0.001161475898755238149786284,0,0.204,True,True,BASE_E3,conditional,run_ad71d751b20623006c195ff3
fill-conditional-00000010-1676822700000000000,conditional-00000010,ETHUSDT,spot,SELL,reduce_spot,1676822700000000000,1676822640000000000,1676822640000000000,1676822640000000000,0,0,all_client,vwap,1676822700000000000,1676822700000000000,1676822640000000000,0.2040,0.2040,1712.34,1712.512500777752105388594061,349.317360,0.349317360,0,0,0.0351901586614294992731884440,0.0002549036455633563232612080,0,0.2040,True,True,BASE_E3,conditional,run_ad71d751b20623006c195ff3
fill-conditional-00000011-1677427440000000000,conditional-00000011,ETHUSDT,spot,BUY,increase_spot,1677427440000000000,1677427380000000000,1677427380000000000,1677427380000000000,0,0,all_client,vwap,1677427440000000000,1677427440000000000,1677427380000000000,0.1211,0.1209789,1604.38,1604.212784001118802880917418,194.290418,0.194290418,0.0001211,0,0.0202498574645129711209006802,0.0008228406502594224180127390,0,0.1211,True,True,BASE_E3,conditional,run_ad71d751b20623006c195ff3
fill-conditional-00000012-1677427500000000000,conditional-00000012,ETHUSDT,futures,SELL,increase_perp,1677427500000000000,1677427440000000000,1677427440000000000,1677427440000000000,0,0,all_client,vwap,1677427500000000000,1677427500000000000,1677427440000000000,0.121,0.121,1603.55,1603.717639218026983742383859,194.02955,0.097014775,0,0,0.020284345381265032828446939,0.000879361946726906325164141,0,0.121,True,True,BASE_E3,conditional,run_ad71d751b20623006c195ff3
fill-conditional-00000013-1678637040000000000,conditional-00000013,ETHUSDT,spot,BUY,increase_spot,1678637040000000000,1678636980000000000,1678636980000000000,1678636980000000000,0,0,all_client,vwap,1678637040000000000,1678637040000000000,1678636980000000000,0.1932,0.1930068,1455.91,1455.764293450015635936954119,281.281812,0.281281812,0.0001932,0,0.0281505054569791369804642092,0.0000251393075248348941623352,0,0.1932,True,True,BASE_E3,conditional,run_ad71d751b20623006c195ff3
fill-conditional-00000014-1678637100000000000,conditional-00000014,ETHUSDT,futures,SELL,increase_perp,1678637100000000000,1678637040000000000,1678637040000000000,1678637040000000000,0,0,all_client,vwap,1678637100000000000,1678637100000000000,1678637040000000000,0.193,0.193,1454.26,1454.414614108942467151422375,280.67218,0.140336090,0,0,0.029840523025896160224518375,0.001770320973593570608495969,0,0.193,True,True,BASE_E3,conditional,run_ad71d751b20623006c195ff3
fill-conditional-00000015-1679241840000000000,conditional-00000015,ETHUSDT,futures,BUY,reduce_perp,1679241840000000000,1679241780000000000,1679241780000000000,1679241780000000000,0,0,all_client,vwap,1679241840000000000,1679241840000000000,1679241780000000000,0.392,0.392,1798.52,1798.335392624085477231166864,705.01984,0.352509920,0,0,0.072366091358492925382589312,0.001871343967628774675127448,0,0.392,True,True,BASE_E3,conditional,run_ad71d751b20623006c195ff3
fill-conditional-00000016-1679241900000000000,conditional-00000016,ETHUSDT,spot,SELL,reduce_spot,1679241900000000000,1679241840000000000,1679241840000000000,1679241840000000000,0,0,all_client,vwap,1679241900000000000,1679241900000000000,1679241840000000000,0.3920,0.3920,1799.37,1799.554088778819243925192128,705.353040,0.705353040,0,0,0.0721628012971436186753141760,0.0016202810170139043134467280,0,0.3920,True,True,BASE_E3,conditional,run_ad71d751b20623006c195ff3
fill-conditional-00000017-1679659200000000000,conditional-00000017,ETHUSDT,futures,BUY,close_perp,1679659200000000000,1679659140000000000,1679659140000000000,1679659140000000000,0,0,all_client,vwap,1679659200000000000,1679659200000000000,1679659140000000000,1.675,1.675,1746.83,1746.651222547725505012021826,2925.94025,1.462970125,0,0,0.299452232559779104863441450,0.006888152783035082773928100,0,1.675,True,True,BASE_E3,conditional,run_ad71d751b20623006c195ff3
fill-conditional-00000138-1679666460000000000,conditional-00000138,ETHUSDT,spot,SELL,close_spot,1679666460000000000,1679666400000000000,1679666400000000000,1679666400000000000,0,0,all_client,vwap,1679666460000000000,1679666460000000000,1679666400000000000,1.6750,1.6750,1770.96,1771.140682754896609043074383,2966.358000,2.966358000,0,0,0.3026436144518201471495915250,0.0059775500903749651348773000,0,1.6750,True,True,BASE_E3,conditional,run_ad71d751b20623006c195ff3
fill-conditional-00000139-1699545720000000000,conditional-00000139,ETHUSDT,spot,BUY,open_spot,1699545720000000000,1699545660000000000,1699545660000000000,1699545660000000000,0,0,all_client,vwap,1699545720000000000,1699545720000000000,1699545660000000000,1.4795,1.4780205,2043.90,2043.695045322639568844682304,3023.950050,3.023950050,0.0014795,0,0.3032304451547578942925312320,0.0008657631992733700819608260,0,1.4795,True,True,BASE_E3,conditional,run_ad71d751b20623006c195ff3
fill-conditional-00000140-1699545780000000000,conditional-00000140,ETHUSDT,futures,SELL,open_perp,1699545780000000000,1699545720000000000,1699545720000000000,1699545720000000000,0,0,all_client,vwap,1699545780000000000,1699545780000000000,1699545720000000000,1.478,1.478,2050.10,2050.309459218892824415927920,3030.04780,1.515023900,0,0,0.309580725523594486741465760,0.006544987451042127292791306,0,1.478,True,True,BASE_E3,conditional,run_ad71d751b20623006c195ff3
fill-conditional-00000141-1699804980000000000,conditional-00000141,BTCUSDT,spot,BUY,open_spot,1699804980000000000,1699804860001000000,1699804860001000000,1699804860001000000,0,0,all_client,vwap,1699804980000000000,1699804980000000000,1699804920000000000,0.08109,0.08100891,37184.70,37180.97354879750431555282896,3015.3073230,3.0153073230,0.00008109,0,0.3021779280103750518210996336,0.0006774135031760893262819784,0,0.08109,True,True,BASE_E3,conditional,run_ad71d751b20623006c195ff3
fill-conditional-00000142-1699805040000000000,conditional-00000142,BTCUSDT,futures,SELL,open_perp,1699805040000000000,1699804980000000000,1699804980000000000,1699804980000000000,0,0,all_client,vwap,1699805040000000000,1699805040000000000,1699804980000000000,0.081,0.081,37197.5,37201.26993074169907500658496,3012.9975,1.50649875,0,0,0.30536439007762507553338176,0.00403410363861731302582830,0,0.081,True,True,BASE_E3,conditional,run_ad71d751b20623006c195ff3
fill-conditional-00000143-1701619500000000000,conditional-00000143,BTCUSDT,futures,BUY,reduce_perp,1701619500000000000,1701619440000000000,1701619440000000000,1701619440000000000,0,0,all_client,vwap,1701619500000000000,1701619500000000000,1701619440000000000,0.005,0.005,39782.5,39778.46749106847562593358508,198.9125,0.09945625,0,0,0.02016254465762187033207460,0.00027331091208763251910780,0,0.005,True,True,BASE_E3,conditional,run_ad71d751b20623006c195ff3
fill-conditional-00000144-1701619560000000000,conditional-00000144,BTCUSDT,spot,SELL,reduce_spot,1701619560000000000,1701619500000000000,1701619500000000000,1701619500000000000,0,0,all_client,vwap,1701619560000000000,1701619560000000000,1701619500000000000,0.00500,0.00500,39751.38,39755.36269418127001490463403,198.7569000,0.1987569000,0,0,0.0199134709063500745231701500,0.0000357895592594395157178500,0,0.00500,True,True,BASE_E3,conditional,run_ad71d751b20623006c195ff3
fill-conditional-00000145-1701965040000000000,conditional-00000145,ETHUSDT,futures,BUY,reduce_perp,1701965040000000000,1701964980000000000,1701964980000000000,1701964980000000000,0,0,all_client,vwap,1701965040000000000,1701965040000000000,1701964980000000000,0.172,0.172,2330.45,2330.207680695270393532141219,400.83740,0.200418700,0,0,0.041678920413492312471710332,0.001599348305533661702957524,0,0.172,True,True,BASE_E3,conditional,run_ad71d751b20623006c195ff3
fill-conditional-00000146-1701965100000000000,conditional-00000146,ETHUSDT,spot,SELL,reduce_spot,1701965100000000000,1701965040000000000,1701965040000000000,1701965040000000000,0,0,all_client,vwap,1701965100000000000,1701965100000000000,1701965040000000000,0.1720,0.1720,2327.97,2328.209925905017050280368303,400.410840,0.400410840,0,0,0.0412672556629326482233481160,0.0012220449373663549585257520,0,0.1720,True,True,BASE_E3,conditional,run_ad71d751b20623006c195ff3
fill-conditional-00000147-1702224300000000000,conditional-00000147,BTCUSDT,futures,BUY,reduce_perp,1702224300000000000,1702224240000000000,1702224240000000000,1702224240000000000,0,0,all_client,vwap,1702224300000000000,1702224300000000000,1702224240000000000,0.007,0.007,43974.5,43970.04496247113163972286374,307.8215,0.15391075,0,0,0.03118526270207852193995382,0.00040623122834872979214779,0,0.007,True,True,BASE_E3,conditional,run_ad71d751b20623006c195ff3
fill-conditional-00000148-1702224360000000000,conditional-00000148,BTCUSDT,spot,SELL,reduce_spot,1702224360000000000,1702224300000000000,1702224300000000000,1702224300000000000,0,0,all_client,vwap,1702224360000000000,1702224360000000000,1702224300000000000,0.00700,0.00700,43924.40,43928.79703571310943315239853,307.4708000,0.3074708000,0,0,0.0307792499917660320667897100,0.0000290920667668554635830300,0,0.00700,True,True,BASE_E3,conditional,run_ad71d751b20623006c195ff3
fill-conditional-00000149-1702829100000000000,conditional-00000149,BTCUSDT,spot,BUY,increase_spot,1702829100000000000,1702829040000000000,1702829040000000000,1702829040000000000,0,0,all_client,vwap,1702829100000000000,1702829100000000000,1702829040000000000,0.00300,0.00299700,41785.52,41781.33439292270243771177070,125.3565600,0.1253565600,0.00000300,0,0.0125568212318926868646879000,0.0000224209140158761333743600,0,0.00300,True,True,BASE_E3,conditional,run_ad71d751b20623006c195ff3
fill-conditional-00000150-1702829160000000000,conditional-00000150,BTCUSDT,futures,SELL,increase_perp,1702829160000000000,1702829100000000000,1702829100000000000,1702829100000000000,0,0,all_client,vwap,1702829160000000000,1702829160000000000,1702829100000000000,0.003,0.003,41799.0,41803.18620419941896054178529,125.3970,0.06269850,0,0,0.01255861259825688162535587,0.00001765673699705593719333,0,0.003,True,True,BASE_E3,conditional,run_ad71d751b20623006c195ff3
fill-conditional-00000151-1704973620000000000,conditional-00000151,ETHUSDT,futures,BUY,close_perp,1704973620000000000,1704973560000000000,1704973560000000000,1704973560000000000,0,0,all_client,vwap,1704973620000000000,1704973620000000000,1704973560000000000,1.306,1.306,2658.73,2658.459326999301139059803325,3472.30138,1.736150690,0,0,0.353498938912712387896857550,0.006304150806603659135647670,0,1.306,True,True,BASE_E3,conditional,run_ad71d751b20623006c195ff3
fill-conditional-00000152-1704973680000000000,conditional-00000152,ETHUSDT,spot,SELL,close_spot,1704973680000000000,1704973620000000000,1704973620000000000,1704973620000000000,0,0,all_client,vwap,1704973680000000000,1704973680000000000,1704973620000000000,1.3060,1.3060,2658.02,2658.294344763398440633855951,3471.374120,3.471374120,0,0,0.3582942609983634678158720060,0.0111210195722636314690898900,0,1.3060,True,True,BASE_E3,conditional,run_ad71d751b20623006c195ff3
fill-conditional-00000153-1704984360000000000,conditional-00000153,BTCUSDT,futures,BUY,close_perp,1704984360000000000,1704984300000000000,1704984300000000000,1704984300000000000,0,0,all_client,vwap,1704984360000000000,1704984360000000000,1704984300000000000,0.072,0.072,48723.4,48718.52579076127296815113223,3508.0848,1.75404240,0,0,0.35094306518834629311847944,0.00016967949486512774779152,0,0.072,True,True,BASE_E3,conditional,run_ad71d751b20623006c195ff3
fill-conditional-00000154-1704984420000000000,conditional-00000154,BTCUSDT,spot,SELL,close_spot,1704984420000000000,1704984360000000000,1704984360000000000,1704984360000000000,0,0,all_client,vwap,1704984420000000000,1704984420000000000,1704984360000000000,0.07200,0.07200,48837.11,48841.99876736061818418998276,3516.2719200,3.5162719200,0,0,0.3519912499645092616787587200,0.0003288588395128107525907200,0,0.07200,True,True,BASE_E3,conditional,run_ad71d751b20623006c195ff3
fill-conditional-00000155-1708329720000000000,conditional-00000155,BTCUSDT,spot,BUY,open_spot,1708329720000000000,1708329660000000000,1708329660000000000,1708329660000000000,0,0,all_client,vwap,1708329720000000000,1708329720000000000,1708329660000000000,0.05806,0.05800194,52406.75,52401.50817748701836905329659,3042.7359050,3.0427359050,0.00005806,0,0.3043402151037134927655999846,0.0000970586252238641148765248,0,0.05806,True,True,BASE_E3,conditional,run_ad71d751b20623006c195ff3
fill-conditional-00000156-1708329780000000000,conditional-00000156,BTCUSDT,futures,SELL,open_perp,1708329780000000000,1708329720000000000,1708329720000000000,1708329720000000000,0,0,all_client,vwap,1708329780000000000,1708329780000000000,1708329720000000000,0.058,0.058,52373.9,52379.20386708988658823297468,3037.6862,1.51884310,0,0,0.30762429121342211751253144,0.00382490878430077530078004,0,0.058,True,True,BASE_E3,conditional,run_ad71d751b20623006c195ff3
fill-conditional-00000157-1708473720000000000,conditional-00000157,ETHUSDT,spot,BUY,open_spot,1708473720000000000,1708473660000000000,1708473660000000000,1708473660000000000,0,0,all_client,vwap,1708473720000000000,1708473720000000000,1708473660000000000,1.0200,1.0189800,3014.23,3013.924626145401329430226889,3074.514600,3.074514600,0.0010200,0,0.3114813316906439811685732200,0.0040610198238130455666897600,0,1.0200,True,True,BASE_E3,conditional,run_ad71d751b20623006c195ff3
fill-conditional-00000158-1708473780000000000,conditional-00000158,ETHUSDT,futures,SELL,open_perp,1708473780000000000,1708473720000000000,1708473720000000000,1708473720000000000,0,0,all_client,vwap,1708473780000000000,1708473780000000000,1708473720000000000,1.019,1.019,3013.74,3014.050258462601773325306416,3071.00106,1.535500530,0,0,0.316153373391207018487237904,0.009021652053867897785388815,0,1.019,True,True,BASE_E3,conditional,run_ad71d751b20623006c195ff3
fill-conditional-00000159-1709078640000000000,conditional-00000159,ETHUSDT,futures,BUY,reduce_perp,1709078640000000000,1709078580000000000,1709078580000000000,1709078580000000000,0,0,all_client,vwap,1709078640000000000,1709078640000000000,1709078580000000000,0.070,0.070,3245.89,3245.564135333415466789601904,227.21230,0.113606150,0,0,0.022810526660917324727866720,0.000091577713583416460339520,0,0.070,True,True,BASE_E3,conditional,run_ad71d751b20623006c195ff3
fill-conditional-00000160-1709078700000000000,conditional-00000160,ETHUSDT,spot,SELL,reduce_spot,1709078700000000000,1709078640000000000,1709078640000000000,1709078640000000000,0,0,all_client,vwap,1709078700000000000,1709078700000000000,1709078640000000000,0.0700,0.0700,3242.46,3242.791859918564941644462791,226.972200,0.226972200,0,0,0.0232301942995459151123953700,0.0005306512801159605208841500,0,0.0700,True,True,BASE_E3,conditional,run_ad71d751b20623006c195ff3
fill-conditional-00000161-1709539440000000000,conditional-00000161,BTCUSDT,futures,BUY,reduce_perp,1709539440000000000,1709539380000000000,1709539380000000000,1709539380000000000,0,0,all_client,vwap,1709539440000000000,1709539440000000000,1709539380000000000,0.010,0.010,64183.6,64177.09611097626098354289043,641.8360,0.32091800,0,0,0.06503889023739016457109570,0.00086179412641390358755280,0,0.010,True,True,BASE_E3,conditional,run_ad71d751b20623006c195ff3
fill-conditional-00000162-1709539500000000000,conditional-00000162,BTCUSDT,spot,SELL,reduce_spot,1709539500000000000,1709539440000000000,1709539440000000000,1709539440000000000,0,0,all_client,vwap,1709539500000000000,1709539500000000000,1709539440000000000,0.01000,0.01000,64106.08,64112.49558539000876248734524,641.0608000,0.6410608000,0,0,0.0641558539000876248734524000,0.0000433583146976161109651000,0,0.01000,True,True,BASE_E3,conditional,run_ad71d751b20623006c195ff3
fill-conditional-00000163-1709593440000000000,conditional-00000163,BTCUSDT,futures,BUY,close_perp,1709593440000000000,1709593380000000000,1709593380000000000,1709593380000000000,0,0,all_client,vwap,1709593440000000000,1709593440000000000,1709593380000000000,0.048,0.048,68159.2,68152.35731979527336006899583,3271.6416,1.63582080,0,0,0.32844864982687871668820016,0.00131733469186140455986896,0,0.048,True,True,BASE_E3,conditional,run_ad71d751b20623006c195ff3
fill-conditional-00000164-1709593500000000000,conditional-00000164,BTCUSDT,spot,SELL,close_spot,1709593500000000000,1709593440000000000,1709593440000000000,1709593440000000000,0,0,all_client,vwap,1709593500000000000,1709593500000000000,1709593440000000000,0.04800,0.04800,68103.28,68110.10035624208352705178001,3268.9574400,3.2689574400,0,0,0.3273770996200092984854404800,0.0004486179100472975555918400,0,0.04800,True,True,BASE_E3,conditional,run_ad71d751b20623006c195ff3
fill-conditional-00000165-1709683320000000000,conditional-00000165,BTCUSDT,spot,BUY,open_spot,1709683320000000000,1709683260000000000,1709683260000000000,1709683260000000000,0,0,all_client,vwap,1709683320000000000,1709683320000000000,1709683260000000000,0.04805,0.04800195,63778.85,63772.46923335380594369772334,3064.5737425,3.0645737425,0.00004805,0,0.3065958373496244053243935130,0.0001691226833593677649260645,0,0.04805,True,True,BASE_E3,conditional,run_ad71d751b20623006c195ff3
fill-conditional-00000166-1709683380000000000,conditional-00000166,BTCUSDT,futures,SELL,open_perp,1709683380000000000,1709683320000000000,1709683320000000000,1709683320000000000,0,0,all_client,vwap,1709683380000000000,1709683380000000000,1709683320000000000,0.048,0.048,63833.7,63840.16687275735953320674094,3064.0176,1.53200880,0,0,0.31040989235325759392356512,0.00397709136402226816417296,0,0.048,True,True,BASE_E3,conditional,run_ad71d751b20623006c195ff3
fill-conditional-00000167-1709683440000000000,conditional-00000167,ETHUSDT,futures,BUY,reduce_perp,1709683440000000000,1709683380000000000,1709683380000000000,1709683380000000000,0,0,all_client,vwap,1709683440000000000,1709683440000000000,1709683380000000000,0.080,0.080,3559.15,3558.789925376812643844655819,284.73200,0.142366000,0,0,0.028805969854988492427534480,0.000335650451973991276777200,0,0.080,True,True,BASE_E3,conditional,run_ad71d751b20623006c195ff3
fill-conditional-00000168-1709683500000000000,conditional-00000168,ETHUSDT,spot,SELL,reduce_spot,1709683500000000000,1709683440000000000,1709683440000000000,1709683440000000000,0,0,all_client,vwap,1709683500000000000,1709683500000000000,1709683440000000000,0.0800,0.0800,3554.07,3554.428096921869247174385728,284.325600,0.284325600,0,0,0.0286477537495397739508582400,0.0002123289741648199734631200,0,0.0800,True,True,BASE_E3,conditional,run_ad71d751b20623006c195ff3
fill-conditional-00000169-1709843400000000000,conditional-00000169,ETHUSDT,futures,BUY,close_perp,1709843400000000000,1709843340000000000,1709843340000000000,1709843340000000000,0,0,all_client,vwap,1709843400000000000,1709843400000000000,1709843340000000000,0.869,0.869,3909.76,3909.363891269567009770023343,3397.58144,1.698790720,0,0,0.344218486746268509849714933,0.004494764594943136700700195,0,0.869,True,True,BASE_E3,conditional,run_ad71d751b20623006c195ff3
fill-conditional-00000170-1709843460000000000,conditional-00000170,ETHUSDT,spot,SELL,close_spot,1709843460000000000,1709843400000000000,1709843400000000000,1709843400000000000,0,0,all_client,vwap,1709843460000000000,1709843460000000000,1709843400000000000,0.8690,0.8690,3905.51,3905.910480610003464108432601,3393.888190,3.393888190,0,0,0.3480176500930103102279302690,0.0085940293280010091969077020,0,0.8690,True,True,BASE_E3,conditional,run_ad71d751b20623006c195ff3
fill-conditional-00000171-1709942520000000000,conditional-00000171,ETHUSDT,spot,BUY,open_spot,1709942520000000000,1709942460000000000,1709942460000000000,1709942460000000000,0,0,all_client,vwap,1709942520000000000,1709942520000000000,1709942460000000000,0.7978,0.7970022,3882.77,3882.377548906263566033166238,3097.673906,3.097673906,0.0007978,0,0.3130974825829270187399753236,0.0033614017311853114418490210,0,0.7978,True,True,BASE_E3,conditional,run_ad71d751b20623006c195ff3
fill-conditional-00000172-1709942580000000000,conditional-00000172,ETHUSDT,futures,SELL,open_perp,1709942580000000000,1709942520000000000,1709942520000000000,1709942520000000000,0,0,all_client,vwap,1709942580000000000,1709942580000000000,1709942520000000000,0.797,0.797,3883.68,3884.073535415376854463323473,3095.29296,1.547646480,0,0,0.313647726055353007268807981,0.004087065282747471968081377,0,0.797,True,True,BASE_E3,conditional,run_ad71d751b20623006c195ff3
fill-conditional-00000173-1710288240000000000,conditional-00000173,BTCUSDT,futures,BUY,reduce_perp,1710288240000000000,1710288180000000000,1710288180000000000,1710288180000000000,0,0,all_client,vwap,1710288240000000000,1710288240000000000,1710288180000000000,0.005,0.005,71447.7,71440.50120316697299589990103,357.2385,0.17861925,0,0,0.03599398416513502050049485,0.00027373356355153400254490,0,0.005,True,True,BASE_E3,conditional,run_ad71d751b20623006c195ff3
fill-conditional-00000174-1710288300000000000,conditional-00000174,BTCUSDT,spot,SELL,reduce_spot,1710288300000000000,1710288240000000000,1710288240000000000,1710288240000000000,0,0,all_client,vwap,1710288300000000000,1710288300000000000,1710288240000000000,0.00500,0.00500,71397.39,71404.53123038210865931559921,356.9869500,0.3569869500,0,0,0.0357061519105432965779960500,0.0000038862953522422483382500,0,0.00500,True,True,BASE_E3,conditional,run_ad71d751b20623006c195ff3
fill-conditional-00000175-1710893040000000000,conditional-00000175,BTCUSDT,spot,BUY,increase_spot,1710893040000000000,1710892980000000000,1710892980000000000,1710892980000000000,0,0,all_client,vwap,1710893040000000000,1710893040000000000,1710892980000000000,0.00700,0.00699300,62169.59,62163.36617112731152589655661,435.1871300,0.4351871300,0.00000700,0,0.0435668021088193187241037300,0.0000524457890302006559761100,0,0.00700,True,True,BASE_E3,conditional,run_ad71d751b20623006c195ff3
fill-conditional-00000176-1710893100000000000,conditional-00000176,BTCUSDT,futures,SELL,increase_perp,1710893100000000000,1710893040000000000,1710893040000000000,1710893040000000000,0,0,all_client,vwap,1710893100000000000,1710893100000000000,1710893040000000000,0.007,0.007,62001.5,62007.70641880280395495128248,434.0105,0.21700525,0,0,0.04344493161962768465897736,0.00003953712646572189051145,0,0.007,True,True,BASE_E3,conditional,run_ad71d751b20623006c195ff3
fill-conditional-00000177-1711152240000000000,conditional-00000177,ETHUSDT,spot,BUY,increase_spot,1711152240000000000,1711152180000000000,1711152180000000000,1711152180000000000,0,0,all_client,vwap,1711152240000000000,1711152240000000000,1711152180000000000,0.1412,0.1410588,3329.15,3328.812754047367067992280892,470.075980,0.470075980,0.0001412,0,0.0476191285117699994899380496,0.0006162924246211764898870560,0,0.1412,True,True,BASE_E3,conditional,run_ad71d751b20623006c195ff3
fill-conditional-00000178-1711152300000000000,conditional-00000178,ETHUSDT,futures,SELL,increase_perp,1711152300000000000,1711152240000000000,1711152240000000000,1711152240000000000,0,0,all_client,vwap,1711152300000000000,1711152300000000000,1711152240000000000,0.141,0.141,3328.82,3329.152974392282164996982781,469.36362,0.234681810,0,0,0.046949389311785264574572121,0.000008332372854086048114703,0,0.141,True,True,BASE_E3,conditional,run_ad71d751b20623006c195ff3
fill-conditional-00000179-1711497840000000000,conditional-00000179,BTCUSDT,futures,BUY,reduce_perp,1711497840000000000,1711497780000000000,1711497780000000000,1711497780000000000,0,0,all_client,vwap,1711497840000000000,1711497840000000000,1711497780000000000,0.006,0.006,70075.5,70068.48867208208636169303121,420.4530,0.21022650,0,0,0.04206796750748182984181274,0.00002687430423257802479694,0,0.006,True,True,BASE_E3,conditional,run_ad71d751b20623006c195ff3
fill-conditional-00000180-1711497900000000000,conditional-00000180,BTCUSDT,spot,SELL,reduce_spot,1711497900000000000,1711497840000000000,1711497840000000000,1711497840000000000,0,0,all_client,vwap,1711497900000000000,1711497900000000000,1711497840000000000,0.00600,0.00600,69995.43,70002.43552931481029525401797,419.9725800,0.4199725800,0,0,0.0420331758888617715241078200,0.0000317145712728853469554200,0,0.00600,True,True,BASE_E3,conditional,run_ad71d751b20623006c195ff3
fill-conditional-00000181-1711757040000000000,conditional-00000181,ETHUSDT,futures,BUY,reduce_perp,1711757040000000000,1711756980000000000,1711756980000000000,1711756980000000000,0,0,all_client,vwap,1711757040000000000,1711757040000000000,1711756980000000000,0.046,0.046,3509.69,3509.338891579350989596441946,161.44574,0.080722870,0,0,0.016150987349854478563670484,0.000008028448589464011526860,0,0.046,True,True,BASE_E3,conditional,run_ad71d751b20623006c195ff3
fill-conditional-00000182-1711757100000000000,conditional-00000182,ETHUSDT,spot,SELL,reduce_spot,1711757100000000000,1711757040000000000,1711757040000000000,1711757040000000000,0,0,all_client,vwap,1711757100000000000,1711757100000000000,1711757040000000000,0.0460,0.0460,3506.61,3506.961186006323750351258001,161.304060,0.161304060,0,0,0.0161545562908925161578680460,0.0000225348352634269062522500,0,0.0460,True,True,BASE_E3,conditional,run_ad71d751b20623006c195ff3
fill-conditional-00000183-1712102640000000000,conditional-00000183,BTCUSDT,spot,BUY,increase_spot,1712102640000000000,1712102580000000000,1712102580000000000,1712102580000000000,0,0,all_client,vwap,1712102640000000000,1712102640000000000,1712102580000000000,0.00301,0.00300699,65545.73,65539.17353187580034468245498,197.2926473,0.1972926473,0.00000301,0,0.0197349690538409625058105102,0.0000076778207463466020610777,0,0.00301,True,True,BASE_E3,conditional,run_ad71d751b20623006c195ff3
fill-conditional-00000184-1712102700000000000,conditional-00000184,BTCUSDT,futures,SELL,increase_perp,1712102700000000000,1712102640000000000,1712102640000000000,1712102640000000000,0,0,all_client,vwap,1712102700000000000,1712102700000000000,1712102640000000000,0.003,0.003,65483.5,65490.10881398935226797894503,196.4505,0.09822525,0,0,0.01982644196805680393683509,0.00017940932385999825644142,0,0.003,True,True,BASE_E3,conditional,run_ad71d751b20623006c195ff3
fill-conditional-00000185-1712361840000000000,conditional-00000185,ETHUSDT,spot,BUY,increase_spot,1712361840000000000,1712361780000000000,1712361780000000000,1712361780000000000,0,0,all_client,vwap,1712361840000000000,1712361840000000000,1712361780000000000,0.0540,0.0539460,3314.71,3314.368764033551731980741459,178.994340,0.178994340,0.0000540,0,0.0184267421882064730399612140,0.0005291508624252936872652180,0,0.0540,True,True,BASE_E3,conditional,run_ad71d751b20623006c195ff3
fill-conditional-00000186-1712361900000000000,conditional-00000186,ETHUSDT,futures,SELL,increase_perp,1712361900000000000,1712361840000000000,1712361840000000000,1712361840000000000,0,0,all_client,vwap,1712361900000000000,1712361900000000000,1712361840000000000,0.054,0.054,3315.23,3315.570507220091096212310974,179.02242,0.089511210,0,0,0.018387389884919195464792596,0.000483309145930703545246122,0,0.054,True,True,BASE_E3,conditional,run_ad71d751b20623006c195ff3
fill-conditional-00000187-1713571440000000000,conditional-00000187,ETHUSDT,spot,BUY,increase_spot,1713571440000000000,1713571380000000000,1713571380000000000,1713571380000000000,0,0,all_client,vwap,1713571440000000000,1713571440000000000,1713571380000000000,0.0841,0.0840159,3052.62,3052.306619823708047997354751,256.725342,0.256725342,0.0000841,0,0.0263552728261531634224654409,0.0006853741534357787388077274,0,0.0841,True,True,BASE_E3,conditional,run_ad71d751b20623006c195ff3
fill-conditional-00000188-1713571500000000000,conditional-00000188,ETHUSDT,futures,SELL,increase_perp,1713571500000000000,1713571440000000000,1713571440000000000,1713571440000000000,0,0,all_client,vwap,1713571500000000000,1713571500000000000,1713571440000000000,0.084,0.084,3055.08,3055.388259295107083685966824,256.62672,0.128313360,0,0,0.025893780788995029621213216,0.000228519410916130118251068,0,0.084,True,True,BASE_E3,conditional,run_ad71d751b20623006c195ff3
fill-conditional-00000189-1714521840000000000,conditional-00000189,BTCUSDT,spot,BUY,increase_spot,1714521840000000000,1714521780000000000,1714521780000000000,1714521780000000000,0,0,all_client,vwap,1714521840000000000,1714521840000000000,1714521780000000000,0.00200,0.00199800,60701.08,60695.00952977092457218346017,121.4021600,0.1214021600,0.00000200,0,0.0121409404581508556330796600,0.0000019385521966707186429600,0,0.00200,True,True,BASE_E3,conditional,run_ad71d751b20623006c195ff3
fill-conditional-00000190-1714521900000000000,conditional-00000190,BTCUSDT,futures,SELL,increase_perp,1714521900000000000,1714521840000000000,1714521840000000000,1714521840000000000,0,0,all_client,vwap,1714521900000000000,1714521900000000000,1714521840000000000,0.002,0.002,60673.6,60679.76117220901578676976394,121.3472,0.06067360,0,0,0.01232234441803157353952788,0.00018639218358977038217392,0,0.002,True,True,BASE_E3,conditional,run_ad71d751b20623006c195ff3
fill-conditional-00000191-1716336240000000000,conditional-00000191,BTCUSDT,futures,BUY,reduce_perp,1716336240000000000,1716336180000000000,1716336180000000000,1716336180000000000,0,0,all_client,vwap,1716336240000000000,1716336240000000000,1716336180000000000,0.004,0.004,70161.5,70154.40497136131816398587681,280.6460,0.14032300,0,0,0.02838011455472734405649276,0.00031835256618281679089840,0,0.004,True,True,BASE_E3,conditional,run_ad71d751b20623006c195ff3
fill-conditional-00000192-1716336300000000000,conditional-00000192,BTCUSDT,spot,SELL,reduce_spot,1716336300000000000,1716336240000000000,1716336240000000000,1716336240000000000,0,0,all_client,vwap,1716336300000000000,1716336300000000000,1716336240000000000,0.00400,0.00400,70108.77,70115.78593744827985906429639,280.4350800,0.2804350800,0,0,0.0280637497931194362571855600,0.0000174354181401243135598400,0,0.00400,True,True,BASE_E3,conditional,run_ad71d751b20623006c195ff3
fill-conditional-00000193-1716595440000000000,conditional-00000193,ETHUSDT,futures,BUY,reduce_perp,1716595440000000000,1716595380000000000,1716595380000000000,1716595380000000000,0,0,all_client,vwap,1716595440000000000,1716595440000000000,1716595380000000000,0.183,0.183,3721.53,3721.147969017019949717670971,681.03999,0.340519995,0,0,0.069911669885349201666212307,0.001814662052337736586378946,0,0.183,True,True,BASE_E3,conditional,run_ad71d751b20623006c195ff3
fill-conditional-00000194-1716595500000000000,conditional-00000194,ETHUSDT,spot,SELL,reduce_spot,1716595500000000000,1716595440000000000,1716595440000000000,1716595440000000000,0,0,all_client,vwap,1716595500000000000,1716595500000000000,1716595440000000000,0.1830,0.1830,3721.21,3721.585909274393942160042679,680.981430,0.680981430,0,0,0.0687913972140914152878102570,0.0006863750743700061462815250,0,0.1830,True,True,BASE_E3,conditional,run_ad71d751b20623006c195ff3
fill-conditional-00000195-1718409840000000000,conditional-00000195,ETHUSDT,spot,BUY,increase_spot,1718409840000000000,1718409780000000000,1718409780000000000,1718409780000000000,0,0,all_client,vwap,1718409840000000000,1718409840000000000,1718409780000000000,0.0641,0.0640359,3482.27,3481.916105472928089710534908,223.213507,0.223213507,0.0000641,0,0.0226846391853094495547123972,0.0003655569492279804996678999,0,0.0641,True,True,BASE_E3,conditional,run_ad71d751b20623006c195ff3
fill-conditional-00000196-1718409900000000000,conditional-00000196,ETHUSDT,futures,SELL,increase_perp,1718409900000000000,1718409840000000000,1718409840000000000,1718409840000000000,0,0,all_client,vwap,1718409900000000000,1718409900000000000,1718409840000000000,0.064,0.064,3481.80,3482.152547428499519981164589,222.83520,0.111417600,0,0,0.022563035423969278794533696,0.000277259120426881866654272,0,0.064,True,True,BASE_E3,conditional,run_ad71d751b20623006c195ff3
fill-conditional-00000197-1718755440000000000,conditional-00000197,BTCUSDT,spot,BUY,increase_spot,1718755440000000000,1718755380000000000,1718755380000000000,1718755380000000000,0,0,all_client,vwap,1718755440000000000,1718755440000000000,1718755380000000000,0.00300,0.00299700,65116.55,65110.03601212548066951275742,195.3496500,0.1953496500,0.00000300,0,0.0195419636235579914617277400,0.0000089528199203472608739000,0,0.00300,True,True,BASE_E3,conditional,run_ad71d751b20623006c195ff3
fill-conditional-00000198-1718755500000000000,conditional-00000198,BTCUSDT,futures,SELL,increase_perp,1718755500000000000,1718755440000000000,1718755440000000000,1718755440000000000,0,0,all_client,vwap,1718755500000000000,1718755500000000000,1718755440000000000,0.003,0.003,65131.3,65137.91374116873870420066816,195.3939,0.09769695,0,0,0.01984122350621611260200448,0.00029984938386549099074427,0,0.003,True,True,BASE_E3,conditional,run_ad71d751b20623006c195ff3
fill-conditional-00000199-1719360240000000000,conditional-00000199,BTCUSDT,spot,BUY,increase_spot,1719360240000000000,1719360180000000000,1719360180000000000,1719360180000000000,0,0,all_client,vwap,1719360240000000000,1719360240000000000,1719360180000000000,0.00300,0.00299700,61755.23,61749.05336802736181505418481,185.2656900,0.1852656900,0.00000300,0,0.0185298959179145548374455700,0.0000051799075063462929293100,0,0.00300,True,True,BASE_E3,conditional,run_ad71d751b20623006c195ff3
fill-conditional-00000200-1719360300000000000,conditional-00000200,BTCUSDT,futures,SELL,increase_perp,1719360300000000000,1719360240000000000,1719360240000000000,1719360240000000000,0,0,all_client,vwap,1719360300000000000,1719360300000000000,1719360240000000000,0.003,0.003,61721.1,61727.28298844485647121146906,185.1633,0.09258165,0,0,0.01854896533456941363440718,0.00003078043803595669304373,0,0.003,True,True,BASE_E3,conditional,run_ad71d751b20623006c195ff3
fill-conditional-00000201-1720224240000000000,conditional-00000201,ETHUSDT,spot,BUY,increase_spot,1720224240000000000,1720224180000000000,1720224180000000000,1720224180000000000,0,0,all_client,vwap,1720224240000000000,1720224240000000000,1720224180000000000,0.1541,0.1539459,2979.42,2979.116271985036451114942140,459.128622,0.459128622,0.0001541,0,0.0468044871058828831874162260,0.0008963053545934714757350006,0,0.1541,True,True,BASE_E3,conditional,run_ad71d751b20623006c195ff3
fill-conditional-00000202-1720224300000000000,conditional-00000202,ETHUSDT,futures,SELL,increase_perp,1720224300000000000,1720224240000000000,1720224240000000000,1720224240000000000,0,0,all_client,vwap,1720224300000000000,1720224300000000000,1720224240000000000,0.154,0.154,2975.81,2976.110444954187114406436401,458.27474,0.229137370,0,0,0.046268522944815618591205754,0.000436422092521137029346578,0,0.154,True,True,BASE_E3,conditional,run_ad71d751b20623006c195ff3
fill-conditional-00000203-1721433840000000000,conditional-00000203,ETHUSDT,futures,BUY,reduce_perp,1721433840000000000,1721433780000000000,1721433780000000000,1721433780000000000,0,0,all_client,vwap,1721433840000000000,1721433840000000000,1721433780000000000,0.156,0.156,3502.57,3502.219070824627046989649643,546.40092,0.273200460,0,0,0.054744951358180669614655692,0.000110333853316487681617152,0,0.156,True,True,BASE_E3,conditional,run_ad71d751b20623006c195ff3
fill-conditional-00000204-1721433900000000000,conditional-00000204,ETHUSDT,spot,SELL,reduce_spot,1721433900000000000,1721433840000000000,1721433840000000000,1721433840000000000,0,0,all_client,vwap,1721433900000000000,1721433900000000000,1721433840000000000,0.1560,0.1560,3503.37,3503.729621558952224305853841,546.525720,0.546525720,0,0,0.0561009631965469917131991960,0.0014427811002273370140279360,0,0.1560,True,True,BASE_E3,conditional,run_ad71d751b20623006c195ff3
fill-conditional-00000205-1721779440000000000,conditional-00000205,BTCUSDT,futures,BUY,reduce_perp,1721779440000000000,1721779380000000000,1721779380000000000,1721779380000000000,0,0,all_client,vwap,1721779440000000000,1721779440000000000,1721779380000000000,0.003,0.003,65936.2,65929.56852049530315969257045,197.8086,0.09890430,0,0,0.01989443851409052092228865,0.00011556795794192997438087,0,0.003,True,True,BASE_E3,conditional,run_ad71d751b20623006c195ff3
fill-conditional-00000206-1721779500000000000,conditional-00000206,BTCUSDT,spot,SELL,reduce_spot,1721779500000000000,1721779440000000000,1721779440000000000,1721779440000000000,0,0,all_client,vwap,1721779500000000000,1721779500000000000,1721779440000000000,0.00300,0.00300,65970.36,65976.96002974978576507697263,197.9110800,0.1979110800,0,0,0.0198000892493572952309178900,0.0000070012404323595013947900,0,0.00300,True,True,BASE_E3,conditional,run_ad71d751b20623006c195ff3
fill-conditional-00000207-1722038640000000000,conditional-00000207,ETHUSDT,spot,BUY,increase_spot,1722038640000000000,1722038580000000000,1722038580000000000,1722038580000000000,0,0,all_client,vwap,1722038640000000000,1722038640000000000,1722038580000000000,0.0671,0.0670329,3267.73,3267.399912785354091529844995,219.264683,0.219264683,0.0000671,0,0.0221488521027404583474008355,0.0002245986879507323932356091,0,0.0671,True,True,BASE_E3,conditional,run_ad71d751b20623006c195ff3
fill-conditional-00000208-1722038700000000000,conditional-00000208,ETHUSDT,futures,SELL,increase_perp,1722038700000000000,1722038640000000000,1722038640000000000,1722038640000000000,0,0,all_client,vwap,1722038700000000000,1722038700000000000,1722038640000000000,0.067,0.067,3267.99,3268.318857500239531590480971,218.95533,0.109477665,0,0,0.022033452516048616562225057,0.000135716170797011700568841,0,0.067,True,True,BASE_E3,conditional,run_ad71d751b20623006c195ff3
fill-conditional-00000209-1722643440000000000,conditional-00000209,ETHUSDT,spot,BUY,increase_spot,1722643440000000000,1722643380000000000,1722643380000000000,1722643380000000000,0,0,all_client,vwap,1722643440000000000,1722643440000000000,1722643380000000000,0.0911,0.0910089,2989.40,2989.100995028318737182781801,272.334340,0.272334340,0.0000911,0,0.0272393529201630426485779289,0.0000086428554550589528428031,0,0.0911,True,True,BASE_E3,conditional,run_ad71d751b20623006c195ff3
fill-conditional-00000210-1722643500000000000,conditional-00000210,ETHUSDT,futures,SELL,increase_perp,1722643500000000000,1722643440000000000,1722643440000000000,1722643440000000000,0,0,all_client,vwap,1722643500000000000,1722643500000000000,1722643440000000000,0.091,0.091,2991.66,2991.968058046105479460482629,272.24106,0.136120530,0,0,0.028033282195598630903919239,0.000806372867379071040828871,0,0.091,True,True,BASE_E3,conditional,run_ad71d751b20623006c195ff3
fill-conditional-00000211-1722989040000000000,conditional-00000211,BTCUSDT,spot,BUY,increase_spot,1722989040000000000,1722988980000000000,1722988980000000000,1722988980000000000,0,0,all_client,vwap,1722989040000000000,1722989040000000000,1722988980000000000,0.00501,0.00500499,56064.00,56058.38435254932438169005806,280.8806400,0.2808806400,0.00000501,0,0.0281343937278848477328091194,0.0000491431672576362175823793,0,0.00501,True,True,BASE_E3,conditional,run_ad71d751b20623006c195ff3
fill-conditional-00000212-1722989100000000000,conditional-00000212,BTCUSDT,futures,SELL,increase_perp,1722989100000000000,1722989040000000000,1722989040000000000,1722989040000000000,0,0,all_client,vwap,1722989100000000000,1722989100000000000,1722989040000000000,0.005,0.005,55943.9,55949.49980749191240512629090,279.7195,0.13985975,0,0,0.02799903745956202563145450,0.00002428755581606942889135,0,0.005,True,True,BASE_E3,conditional,run_ad71d751b20623006c195ff3
fill-conditional-00000213-1723248240000000000,conditional-00000213,ETHUSDT,futures,BUY,close_perp,1723248240000000000,1723248180000000000,1723248180000000000,1723248180000000000,0,0,all_client,vwap,1723248240000000000,1723248240000000000,1723248180000000000,1.067,1.067,2591.57,2591.308405951127219432549499,2765.20519,1.382602595,0,0,0.279120850147256865469684567,0.002628243232271591156231482,0,1.067,True,True,BASE_E3,conditional,run_ad71d751b20623006c195ff3
fill-conditional-00000214-1723248300000000000,conditional-00000214,ETHUSDT,spot,SELL,close_spot,1723248300000000000,1723248240000000000,1723248240000000000,1723248240000000000,0,0,all_client,vwap,1723248300000000000,1723248300000000000,1723248240000000000,0.7386,0.7386,2592.23,2592.493383878453427636085966,1914.621078,1.914621078,0,0,0.1945353326257016520130944876,0.0030537712924390818478928802,0,0.7386,True,True,BASE_E3,conditional,run_ad71d751b20623006c195ff3
fill-conditional-00000215-1723248360000000000,conditional-00000215,ETHUSDT,spot,SELL,close_spot,1723248360000000000,1723248300000000000,1723248300000000000,1723248300000000000,0,0,all_client,vwap,1723248360000000000,1723248360000000000,1723248300000000000,0.3284,0.3284,2591.78,2592.040537596077548941814607,851.140552,0.851140552,0,0,0.0855605465518670724919169388,0.0004379352972118857846678984,0,0.3284,True,True,BASE_E3,conditional,run_ad71d751b20623006c195ff3
fill-conditional-00000216-1724198640000000000,conditional-00000216,BTCUSDT,futures,BUY,close_perp,1724198640000000000,1724198580000000000,1724198580000000000,1724198580000000000,0,0,all_client,vwap,1724198640000000000,1724198640000000000,1724198580000000000,0.053,0.053,59126.4,59120.40411495213956607701219,3133.6992,1.56684960,0,0,0.31778190753660299791835393,0.00444376572735665821814583,0,0.053,True,True,BASE_E3,conditional,run_ad71d751b20623006c195ff3
fill-conditional-00000217-1724198700000000000,conditional-00000217,BTCUSDT,spot,SELL,close_spot,1724198700000000000,1724198640000000000,1724198640000000000,1724198640000000000,0,0,all_client,vwap,1724198700000000000,1724198700000000000,1724198640000000000,0.05300,0.05300,59120.18,59126.10201693247213515962758,3133.3695400,3.1333695400,0,0,0.3138668974210231634602617400,0.0004985567312810611439158600,0,0.05300,True,True,BASE_E3,conditional,run_ad71d751b20623006c195ff3
fill-conditional-00000218-1731283380000000000,conditional-00000218,BTCUSDT,spot,BUY,open_spot,1731283380000000000,1731283260001000000,1731283260001000000,1731283260001000000,0,0,all_client,vwap,1731283380000000000,1731283380000000000,1731283320000000000,0.03904,0.03900096,80398.64,80390.59530018233112697606085,3138.7629056,3.1387629056,0.00003904,0,0.3140650808817928028545844160,0.0002201968298809821348697216,0,0.03904,True,True,BASE_E3,conditional,run_ad71d751b20623006c195ff3
fill-conditional-00000219-1731283380000000000,conditional-00000219,ETHUSDT,spot,BUY,open_spot,1731283380000000000,1731283260001000000,1731283260001000000,1731283260001000000,0,0,all_client,vwap,1731283380000000000,1731283380000000000,1731283320000000000,1.0030,1.0019970,3183.10,3182.778059813637612649816649,3192.649300,3.192649300,0.0010030,0,0.3229060069214745122339010530,0.0036733675221666596851241070,0,1.0030,True,True,BASE_E3,conditional,run_ad71d751b20623006c195ff3
fill-conditional-00000220-1731283440000000000,conditional-00000220,BTCUSDT,futures,SELL,open_perp,1731283440000000000,1731283380000000000,1731283380000000000,1731283380000000000,0,0,all_client,vwap,1731283440000000000,1731283440000000000,1731283380000000000,0.039,0.039,80473.4,80481.51293794225695899800291,3138.4626,1.56923130,0,0,0.31640457974802140092211349,0.00252667929004659878202129,0,0.039,True,True,BASE_E3,conditional,run_ad71d751b20623006c195ff3
fill-conditional-00000221-1731283440000000000,conditional-00000221,ETHUSDT,futures,SELL,open_perp,1731283440000000000,1731283380000000000,1731283380000000000,1731283380000000000,0,0,all_client,vwap,1731283440000000000,1731283440000000000,1731283380000000000,1.002,1.002,3185.24,3185.567456076293019281120543,3191.61048,1.595805240,0,0,0.328110988445605319682784086,0.008917129346760759150815862,0,1.002,True,True,BASE_E3,conditional,run_ad71d751b20623006c195ff3
fill-conditional-00000222-1731888300000000000,conditional-00000222,BTCUSDT,futures,BUY,reduce_perp,1731888300000000000,1731888240000000000,1731888240000000000,1731888240000000000,0,0,all_client,vwap,1731888300000000000,1731888300000000000,1731888240000000000,0.004,0.004,89820.6,89811.58368361402183206410435,359.2824,0.17964120,0,0,0.03606526554391267174358260,0.00014063207046706301075696,0,0.004,True,True,BASE_E3,conditional,run_ad71d751b20623006c195ff3
fill-conditional-00000223-1731888360000000000,conditional-00000223,BTCUSDT,spot,SELL,reduce_spot,1731888360000000000,1731888300000000000,1731888300000000000,1731888300000000000,0,0,all_client,vwap,1731888360000000000,1731888360000000000,1731888300000000000,0.00400,0.00400,89847.19,89856.17822406442967456273313,359.3887600,0.3593887600,0,0,0.0359528962577186982509325200,0.0000104249680929263811074400,0,0.00400,True,True,BASE_E3,conditional,run_ad71d751b20623006c195ff3
fill-conditional-00000224-1732493100000000000,conditional-00000224,BTCUSDT,futures,BUY,reduce_perp,1732493100000000000,1732493040000000000,1732493040000000000,1732493040000000000,0,0,all_client,vwap,1732493100000000000,1732493100000000000,1732493040000000000,0.003,0.003,97776.0,97766.21397184343180768381098,293.3280,0.14666400,0,0,0.02935808446970457694856706,0.00002822027815154740626192,0,0.003,True,True,BASE_E3,conditional,run_ad71d751b20623006c195ff3
fill-conditional-00000225-1732493160000000000,conditional-00000225,BTCUSDT,spot,SELL,reduce_spot,1732493160000000000,1732493100000000000,1732493100000000000,1732493100000000000,0,0,all_client,vwap,1732493160000000000,1732493160000000000,1732493100000000000,0.00300,0.00300,97826.65,97836.43635203820092768355614,293.4799500,0.2934799500,0,0,0.0293590561146027830506684200,0.0000081252089913227723633400,0,0.00300,True,True,BASE_E3,conditional,run_ad71d751b20623006c195ff3
fill-conditional-00000226-1733097900000000000,conditional-00000226,ETHUSDT,futures,BUY,reduce_perp,1733097900000000000,1733097840000000000,1733097840000000000,1733097840000000000,0,0,all_client,vwap,1733097900000000000,1733097900000000000,1733097840000000000,0.138,0.138,3716.57,3716.197857477204082509053952,512.88666,0.256443330,0,0,0.051355668145836613750554624,0.000072137712651197411929734,0,0.138,True,True,BASE_E3,conditional,run_ad71d751b20623006c195ff3
fill-conditional-00000227-1733097960000000000,conditional-00000227,ETHUSDT,spot,SELL,reduce_spot,1733097960000000000,1733097900000000000,1733097900000000000,1733097900000000000,0,0,all_client,vwap,1733097960000000000,1733097960000000000,1733097900000000000,0.1380,0.1380,3705.41,3705.783510171072924905775333,511.346580,0.511346580,0,0,0.0515444036080636369969959540,0.0004045911677028306332961900,0,0.1380,True,True,BASE_E3,conditional,run_ad71d751b20623006c195ff3
fill-conditional-00000228-1733702700000000000,conditional-00000228,ETHUSDT,futures,BUY,reduce_perp,1733702700000000000,1733702640000000000,1733702640000000000,1733702640000000000,0,0,all_client,vwap,1733702700000000000,1733702700000000000,1733702640000000000,0.058,0.058,3999.44,3999.035909580271564476366305,231.96752,0.115983760,0,0,0.023437244344249260370754310,0.000242836068683685296791364,0,0.058,True,True,BASE_E3,conditional,run_ad71d751b20623006c195ff3
fill-conditional-00000229-1733702760000000000,conditional-00000229,ETHUSDT,spot,SELL,reduce_spot,1733702760000000000,1733702700000000000,1733702700000000000,1733702700000000000,0,0,all_client,vwap,1733702760000000000,1733702760000000000,1733702700000000000,0.0580,0.0580,3994.17,3994.573898357629139582291627,231.661860,0.231661860,0,0,0.0234261047424900957729143660,0.0002575761320158467633370840,0,0.0580,True,True,BASE_E3,conditional,run_ad71d751b20623006c195ff3
fill-conditional-00000230-1734305100000000000,conditional-00000230,BTCUSDT,futures,BUY,close_perp,1734305100000000000,1734305040000000000,1734305040000000000,1734305040000000000,0,0,all_client,vwap,1734305100000000000,1734305100000000000,1734305040000000000,0.032,0.032,104684.2,104673.6733097312293695756009,3349.8944,1.67494720,0,0,0.3368540886006601735807712,0.0018983340095202395981280,0,0.032,True,True,BASE_E3,conditional,run_ad71d751b20623006c195ff3
fill-conditional-00000231-1734305160000000000,conditional-00000231,BTCUSDT,spot,SELL,close_spot,1734305160000000000,1734305100000000000,1734305100000000000,1734305100000000000,0,0,all_client,vwap,1734305160000000000,1734305160000000000,1734305100000000000,0.03200,0.03200,104689.91,104700.3897687014843672978534,3350.0771200,3.3500771200,0,0,0.335352598447499753531308800,0.000311351187655003555955200,0,0.03200,True,True,BASE_E3,conditional,run_ad71d751b20623006c195ff3
fill-conditional-00000232-1734912300000000000,conditional-00000232,ETHUSDT,spot,BUY,increase_spot,1734912300000000000,1734912240000000000,1734912240000000000,1734912240000000000,0,0,all_client,vwap,1734912300000000000,1734912300000000000,1734912240000000000,0.1772,0.1770228,3281.15,3280.814765711792967818403420,581.419780,0.581419780,0.0001772,0,0.0594035158702861025789139760,0.0012674782218731311891719280,0,0.1772,True,True,BASE_E3,conditional,run_ad71d751b20623006c195ff3
fill-conditional-00000233-1734912360000000000,conditional-00000233,ETHUSDT,futures,SELL,increase_perp,1734912360000000000,1734912300000000000,1734912300000000000,1734912300000000000,0,0,all_client,vwap,1734912360000000000,1734912360000000000,1734912300000000000,0.177,0.177,3282.80,3283.133758220063675080984137,581.05560,0.290527800,0,0,0.059075204951270489334192249,0.000963737430775362285258903,0,0.177,True,True,BASE_E3,conditional,run_ad71d751b20623006c195ff3
fill-conditional-00000234-1736121900000000000,conditional-00000234,ETHUSDT,futures,BUY,reduce_perp,1736121900000000000,1736121840000000000,1736121840000000000,1736121840000000000,0,0,all_client,vwap,1736121900000000000,1736121900000000000,1736121840000000000,0.097,0.097,3639.24,3638.869229757233292988367280,353.00628,0.176503140,0,0,0.035964713548370580128373840,0.000667682019725417186386651,0,0.097,True,True,BASE_E3,conditional,run_ad71d751b20623006c195ff3
fill-conditional-00000235-1736121960000000000,conditional-00000235,ETHUSDT,spot,SELL,reduce_spot,1736121960000000000,1736121900000000000,1736121900000000000,1736121900000000000,0,0,all_client,vwap,1736121960000000000,1736121960000000000,1736121900000000000,0.0970,0.0970,3638.69,3639.061843482847788818237591,352.952930,0.352952930,0,0,0.0360688178362355153690463270,0.0007699179544518918175093990,0,0.0970,True,True,BASE_E3,conditional,run_ad71d751b20623006c195ff3
fill-conditional-00000236-1736726700000000000,conditional-00000236,ETHUSDT,spot,BUY,increase_spot,1736726700000000000,1736726640000000000,1736726640000000000,1736726640000000000,0,0,all_client,vwap,1736726700000000000,1736726700000000000,1736726640000000000,0.1001,0.0999999,3275.87,3275.539123029238635521973228,327.914587,0.327914587,0.0001001,0,0.0331207847732125842504798772,0.0003326381516899055089049575,0,0.1001,True,True,BASE_E3,conditional,run_ad71d751b20623006c195ff3
fill-conditional-00000237-1736726760000000000,conditional-00000237,ETHUSDT,futures,SELL,increase_perp,1736726760000000000,1736726700000000000,1736726700000000000,1736726700000000000,0,0,all_client,vwap,1736726760000000000,1736726760000000000,1736726700000000000,0.100,0.100,3271.03,3271.359707586957645491946592,327.10300,0.163551500,0,0,0.032970758695764549194659200,0.000257161619894972739739700,0,0.100,True,True,BASE_E3,conditional,run_ad71d751b20623006c195ff3
fill-conditional-00000238-1738541100000000000,conditional-00000238,ETHUSDT,spot,BUY,increase_spot,1738541100000000000,1738541040000000000,1738541040000000000,1738541040000000000,0,0,all_client,vwap,1738541100000000000,1738541100000000000,1738541040000000000,0.1441,0.1439559,2856.36,2856.069904410173627105953821,411.601476,0.411601476,0.0001441,0,0.0418027744939803340320543939,0.0006468071714297320654576544,0,0.1441,True,True,BASE_E3,conditional,run_ad71d751b20623006c195ff3
fill-conditional-00000239-1738541160000000000,conditional-00000239,ETHUSDT,futures,SELL,increase_perp,1738541160000000000,1738541100000000000,1738541100000000000,1738541100000000000,0,0,all_client,vwap,1738541160000000000,1738541160000000000,1738541100000000000,0.144,0.144,2854.07,2854.356980846713079425444187,410.98608,0.205493040,0,0,0.041325241926683437263962928,0.000222501402490768920236592,0,0.144,True,True,BASE_E3,conditional,run_ad71d751b20623006c195ff3
fill-conditional-00000240-1739145900000000000,conditional-00000240,ETHUSDT,spot,BUY,increase_spot,1739145900000000000,1739145840000000000,1739145840000000000,1739145840000000000,0,0,all_client,vwap,1739145900000000000,1739145900000000000,1739145840000000000,0.0951,0.0950049,2643.71,2643.437573240511377707339076,251.416821,0.251416821,0.0000951,0,0.0259077848273679800320538724,0.0007686935058507168300570690,0,0.0951,True,True,BASE_E3,conditional,run_ad71d751b20623006c195ff3
fill-conditional-00000241-1739145960000000000,conditional-00000241,ETHUSDT,futures,SELL,increase_perp,1739145960000000000,1739145900000000000,1739145900000000000,1739145900000000000,0,0,all_client,vwap,1739145960000000000,1739145960000000000,1739145900000000000,0.095,0.095,2642.45,2642.723212550890261494659676,251.03275,0.125516375,0,0,0.025955192334574841992669220,0.000849321815341384508469950,0,0.095,True,True,BASE_E3,conditional,run_ad71d751b20623006c195ff3
fill-conditional-00000242-1740355500000000000,conditional-00000242,ETHUSDT,futures,BUY,reduce_perp,1740355500000000000,1740355440000000000,1740355440000000000,1740355440000000000,0,0,all_client,vwap,1740355500000000000,1740355500000000000,1740355440000000000,0.079,0.079,2820.52,2820.233736989071864162778871,222.82108,0.111410540,0,0,0.022614777863322731140469191,0.000334931341109063413583229,0,0.079,True,True,BASE_E3,conditional,run_ad71d751b20623006c195ff3
fill-conditional-00000243-1740355560000000000,conditional-00000243,ETHUSDT,spot,SELL,reduce_spot,1740355560000000000,1740355500000000000,1740355500000000000,1740355500000000000,0,0,all_client,vwap,1740355560000000000,1740355560000000000,1740355500000000000,0.0790,0.0790,2822.92,2823.210424081781709215673546,223.010680,0.223010680,0,0,0.0229435024607550280382101340,0.0006401401105089525354063410,0,0.0790,True,True,BASE_E3,conditional,run_ad71d751b20623006c195ff3
fill-conditional-00000244-1740960300000000000,conditional-00000244,ETHUSDT,spot,BUY,increase_spot,1740960300000000000,1740960240000000000,1740960240000000000,1740960240000000000,0,0,all_client,vwap,1740960300000000000,1740960300000000000,1740960240000000000,0.1452,0.1450548,2500.46,2500.208117474359684396538070,363.066792,0.363066792,0.0001452,0,0.0365733427229738256226722360,0.0002703208572461230052344752,0,0.1452,True,True,BASE_E3,conditional,run_ad71d751b20623006c195ff3
fill-conditional-00000245-1740960360000000000,conditional-00000245,ETHUSDT,futures,SELL,increase_perp,1740960360000000000,1740960300000000000,1740960300000000000,1740960300000000000,0,0,all_client,vwap,1740960360000000000,1740960360000000000,1740960300000000000,0.145,0.145,2500.53,2500.781649157207991473654906,362.57685,0.181288425,0,0,0.036489127795158763679961370,0.000227793882379247803593445,0,0.145,True,True,BASE_E3,conditional,run_ad71d751b20623006c195ff3
fill-conditional-00000246-1741565100000000000,conditional-00000246,ETHUSDT,spot,BUY,increase_spot,1741565100000000000,1741565040000000000,1741565040000000000,1741565040000000000,0,0,all_client,vwap,1741565100000000000,1741565100000000000,1741565040000000000,0.3043,0.3039957,2030.91,2030.703037461092051888822446,618.005913,0.618005913,0.0003043,0,0.0629787005896886102313296822,0.0011844071597475790923528896,0,0.3043,True,True,BASE_E3,conditional,run_ad71d751b20623006c195ff3
fill-conditional-00000247-1741565160000000000,conditional-00000247,ETHUSDT,futures,SELL,increase_perp,1741565160000000000,1741565100000000000,1741565100000000000,1741565100000000000,0,0,all_client,vwap,1741565160000000000,1741565160000000000,1741565100000000000,0.304,0.304,2026.96,2027.170331214880478331315051,616.19584,0.308097920,0,0,0.063940689323665412719775504,0.002314711254733046178503376,0,0.304,True,True,BASE_E3,conditional,run_ad71d751b20623006c195ff3
fill-conditional-00000248-1742169900000000000,conditional-00000248,ETHUSDT,spot,BUY,increase_spot,1742169900000000000,1742169840000000000,1742169840000000000,1742169840000000000,0,0,all_client,vwap,1742169900000000000,1742169900000000000,1742169840000000000,0.1161,0.1159839,1890.26,1890.065017216292583100997869,219.459186,0.219459186,0.0001161,0,0.0226375011884311019741474091,0.0006938463385499450843447991,0,0.1161,True,True,BASE_E3,conditional,run_ad71d751b20623006c195ff3
fill-conditional-00000249-1742169960000000000,conditional-00000249,ETHUSDT,futures,SELL,increase_perp,1742169960000000000,1742169900000000000,1742169900000000000,1742169900000000000,0,0,all_client,vwap,1742169960000000000,1742169960000000000,1742169900000000000,0.116,0.116,1889.59,1889.787880099702905483659802,219.19244,0.109596220,0,0,0.022954091565537036104537032,0.001032552156380482400926576,0,0.116,True,True,BASE_E3,conditional,run_ad71d751b20623006c195ff3
fill-conditional-00000250-1742774700000000000,conditional-00000250,ETHUSDT,futures,BUY,reduce_perp,1742774700000000000,1742774640000000000,1742774640000000000,1742774640000000000,0,0,all_client,vwap,1742774700000000000,1742774700000000000,1742774640000000000,0.096,0.096,2003.13,2002.919756494348370010379023,192.30048,0.096150240,0,0,0.020183376542556479003613792,0.000955346880210734651514144,0,0.096,True,True,BASE_E3,conditional,run_ad71d751b20623006c195ff3
fill-conditional-00000251-1742774760000000000,conditional-00000251,ETHUSDT,spot,SELL,reduce_spot,1742774760000000000,1742774700000000000,1742774700000000000,1742774700000000000,0,0,all_client,vwap,1742774760000000000,1742774760000000000,1742774700000000000,0.0960,0.0960,2001.91,2002.118672440712377835075422,192.183360,0.192183360,0,0,0.0200325543083882721672405120,0.0008122150529574333400237440,0,0.0960,True,True,BASE_E3,conditional,run_ad71d751b20623006c195ff3
fill-conditional-00000252-1743379500000000000,conditional-00000252,ETHUSDT,spot,BUY,increase_spot,1743379500000000000,1743379440000000000,1743379440000000000,1743379440000000000,0,0,all_client,vwap,1743379500000000000,1743379500000000000,1743379440000000000,0.1762,0.1760238,1806.84,1806.649575788566699490875568,318.365208,0.318365208,0.0001762,0,0.0335527460545475497077249184,0.0017195805291530044626956128,0,0.1762,True,True,BASE_E3,conditional,run_ad71d751b20623006c195ff3
fill-conditional-00000253-1743379560000000000,conditional-00000253,ETHUSDT,futures,SELL,increase_perp,1743379560000000000,1743379500000000000,1743379500000000000,1743379500000000000,0,0,all_client,vwap,1743379560000000000,1743379560000000000,1743379500000000000,0.176,0.176,1806.31,1806.490652860145396081172022,317.91056,0.158955280,0,0,0.031794903385589710286275872,6.67895251151315247280E-7,0,0.176,True,True,BASE_E3,conditional,run_ad71d751b20623006c195ff3
fill-conditional-00000254-1743984300000000000,conditional-00000254,ETHUSDT,spot,BUY,increase_spot,1743984300000000000,1743984240000000000,1743984240000000000,1743984240000000000,0,0,all_client,vwap,1743984300000000000,1743984300000000000,1743984240000000000,0.2582,0.2579418,1578.01,1577.843874505349547005109057,407.442182,0.407442182,0.0002582,0,0.0428936027187469632808414826,0.0021536738790188379771695424,0,0.2582,True,True,BASE_E3,conditional,run_ad71d751b20623006c195ff3
fill-conditional-00000255-1743984360000000000,conditional-00000255,ETHUSDT,futures,SELL,increase_perp,1743984360000000000,1743984300000000000,1743984300000000000,1743984300000000000,0,0,all_client,vwap,1743984360000000000,1743984360000000000,1743984300000000000,0.258,0.258,1576.91,1577.074544238112591700600510,406.84278,0.203421390,0,0,0.042452413433048658754931580,0.001763890191705353889056100,0,0.258,True,True,BASE_E3,conditional,run_ad71d751b20623006c195ff3
fill-conditional-00000256-1745798700000000000,conditional-00000256,ETHUSDT,futures,BUY,close_perp,1745798700000000000,1745798640000000000,1745798640000000000,1745798640000000000,0,0,all_client,vwap,1745798700000000000,1745798700000000000,1745798640000000000,2.049,2.049,1789.95,1789.770160851791874598013519,3667.60755,1.833803775,0,0,0.368490414678448948670299569,0.001766508719916793565167320,0,2.049,True,True,BASE_E3,conditional,run_ad71d751b20623006c195ff3
fill-conditional-00000257-1745798760000000000,conditional-00000257,ETHUSDT,spot,SELL,close_spot,1745798760000000000,1745798700000000000,1745798700000000000,1745798700000000000,0,0,all_client,vwap,1745798760000000000,1745798760000000000,1745798700000000000,0.8433,0.8433,1791.29,1791.469524514779540107763527,1510.594857,1.510594857,0,0,0.1513930233135861728769823191,0.0003183983112548142596949183,0,0.8433,True,True,BASE_E3,conditional,run_ad71d751b20623006c195ff3
fill-conditional-00000258-1745798820000000000,conditional-00000258,ETHUSDT,spot,SELL,close_spot,1745798820000000000,1745798760000000000,1745798760000000000,1745798760000000000,0,0,all_client,vwap,1745798820000000000,1745798820000000000,1745798760000000000,1.2057,1.2057,1790.55,1790.733376027385889005103257,2158.866135,2.158866135,0,0,0.2210964762191663734529969649,0.0051877530715444568156520579,0,1.2057,True,True,BASE_E3,conditional,run_ad71d751b20623006c195ff3
fill-permanent-00000001-1641254520000000000,permanent-00000001,BTCUSDT,spot,BUY,open_spot,1641254520000000000,1641254460000000000,1641254460000000000,1641254460000000000,0,0,all_client,vwap,1641254520000000000,1641254520000000000,1641254460000000000,0.06407,0.06400593,46489.60,46484.94359389278897011571490,2978.5886720,2.9785886720,0.00006407,0,0.2983359392890106846861463570,0.0005069056829395857546150671,0,0.06407,True,True,BASE_E3,permanent,run_dfea4b7ac1475668d5968c97
fill-permanent-00000002-1641254580000000000,permanent-00000002,BTCUSDT,futures,SELL,open_perp,1641254580000000000,1641254520000000000,1641254520000000000,1641254520000000000,0,0,all_client,vwap,1641254580000000000,1641254580000000000,1641254520000000000,0.064,0.064,46487.0,46491.74079714449370982455396,2975.1680,1.48758400,0,0,0.30341101724759742877145344,0.00586387614587266902857600,0,0.064,True,True,BASE_E3,permanent,run_dfea4b7ac1475668d5968c97
fill-permanent-00000003-1641369780000000000,permanent-00000003,ETHUSDT,spot,BUY,open_spot,1641369780000000000,1641369660017000000,1641369660017000000,1641369660017000000,0,0,all_client,vwap,1641369780000000000,1641369780000000000,1641369720000000000,0.7858,0.7850142,3812.26,3811.871905867494342026666183,2995.673908,2.995673908,0.0007858,0,0.3049643693229460354457133986,0.0054274749598783300492576700,0,0.7858,True,True,BASE_E3,permanent,run_dfea4b7ac1475668d5968c97
fill-permanent-00000004-1641369840000000000,permanent-00000004,ETHUSDT,futures,SELL,open_perp,1641369840000000000,1641369780000000000,1641369780000000000,1641369780000000000,0,0,all_client,vwap,1641369840000000000,1641369840000000000,1641369780000000000,0.785,0.785,3808.53,3808.914201177548167831738181,2989.69605,1.494848025,0,0,0.301597924375311747914472085,0.002598159582874216739680495,0,0.785,True,True,BASE_E3,permanent,run_dfea4b7ac1475668d5968c97
fill-permanent-00000005-1641859440000000000,permanent-00000005,BTCUSDT,spot,BUY,increase_spot,1641859440000000000,1641859380000000000,1641859380000000000,1641859380000000000,0,0,all_client,vwap,1641859440000000000,1641859440000000000,1641859380000000000,0.00701,0.00700299,41745.93,41741.75374746109755286781124,292.6389693,0.2926389693,0.00000701,0,0.0292755302977061543966432076,0.0000145609207359250120828798,0,0.00701,True,True,BASE_E3,permanent,run_dfea4b7ac1475668d5968c97
fill-permanent-00000006-1641859500000000000,permanent-00000006,BTCUSDT,futures,SELL,increase_perp,1641859500000000000,1641859440000000000,1641859440000000000,1641859440000000000,0,0,all_client,vwap,1641859500000000000,1641859500000000000,1641859440000000000,0.007,0.007,41743.3,41747.49620453913984469824372,292.2031,0.14610155,0,0,0.02937343177397891288770604,0.00015018443080151499641730,0,0.007,True,True,BASE_E3,permanent,run_dfea4b7ac1475668d5968c97
fill-permanent-00000007-1641974700000000000,permanent-00000007,ETHUSDT,spot,BUY,increase_spot,1641974700000000000,1641974640000000000,1641974640000000000,1641974640000000000,0,0,all_client,vwap,1641974700000000000,1641974700000000000,1641974640000000000,0.1252,0.1250748,3222.42,3222.089956276748713932560023,403.446984,0.403446984,0.0001252,0,0.0413214741510610156434851204,0.0009809078984761217450494692,0,0.1252,True,True,BASE_E3,permanent,run_dfea4b7ac1475668d5968c97
fill-permanent-00000008-1641974760000000000,permanent-00000008,ETHUSDT,futures,SELL,increase_perp,1641974760000000000,1641974700000000000,1641974700000000000,1641974700000000000,0,0,all_client,vwap,1641974760000000000,1641974760000000000,1641974700000000000,0.125,0.125,3219.19,3219.513551030829996655790454,402.39875,0.201199375,0,0,0.040443878853749581973806750,0.000199959465864207015609375,0,0.125,True,True,BASE_E3,permanent,run_dfea4b7ac1475668d5968c97
fill-permanent-00000009-1646813100000000000,permanent-00000009,ETHUSDT,spot,BUY,increase_spot,1646813100000000000,1646813040000000000,1646813040000000000,1646813040000000000,0,0,all_client,vwap,1646813100000000000,1646813100000000000,1646813040000000000,0.0080,0.0079920,2737.54,2737.260194053277647814801803,21.900320,0.021900320,0.0000080,0,0.0022384475737788174815855760,0.0000486394185361953633337360,0,0.0080,True,True,BASE_E3,permanent,run_dfea4b7ac1475668d5968c97
fill-permanent-00000010-1646813160000000000,permanent-00000010,ETHUSDT,futures,SELL,increase_perp,1646813160000000000,1646813100000000000,1646813100000000000,1646813100000000000,0,0,all_client,vwap,1646813160000000000,1646813160000000000,1646813100000000000,0.008,0.008,2729.30,2729.573999968233933782576101,21.83440,0.010917200,0,0,0.002191999745871470260608808,0.000008340545896883113582744,0,0.008,True,True,BASE_E3,permanent,run_dfea4b7ac1475668d5968c97
fill-permanent-00000011-1648512240000000000,permanent-00000011,BTCUSDT,futures,BUY,reduce_perp,1648512240000000000,1648512180000000000,1648512180000000000,1648512180000000000,0,0,all_client,vwap,1648512240000000000,1648512240000000000,1648512180000000000,0.008,0.008,47137.9,47133.13195770487745319404443,377.1032,0.18855160,0,0,0.03814433836098037444764456,0.00043783279481647248508936,0,0.008,True,True,BASE_E3,permanent,run_dfea4b7ac1475668d5968c97
fill-permanent-00000012-1648512300000000000,permanent-00000012,BTCUSDT,spot,SELL,reduce_spot,1648512300000000000,1648512240000000000,1648512240000000000,1648512240000000000,0,0,all_client,vwap,1648512300000000000,1648512300000000000,1648512240000000000,0.00800,0.00800,47157.10,47161.82313552197176249669319,377.2568000,0.3772568000,0,0,0.0377850841757740999735455200,0.0000556256673565225635481600,0,0.00800,True,True,BASE_E3,permanent,run_dfea4b7ac1475668d5968c97
fill-permanent-00000013-1649721840000000000,permanent-00000013,BTCUSDT,spot,BUY,increase_spot,1649721840000000000,1649721780000000000,1649721780000000000,1649721780000000000,0,0,all_client,vwap,1649721840000000000,1649721840000000000,1649721780000000000,0.00901,0.00900099,39628.14,39624.17685881231961439373227,357.0495414,0.3570495414,0.00000901,0,0.0357079021010002743124722473,0.0000065187512103743399035236,0,0.00901,True,True,BASE_E3,permanent,run_dfea4b7ac1475668d5968c97
fill-permanent-00000014-1649721900000000000,permanent-00000014,BTCUSDT,futures,SELL,increase_perp,1649721900000000000,1649721840000000000,1649721840000000000,1649721840000000000,0,0,all_client,vwap,1649721900000000000,1649721900000000000,1649721840000000000,0.009,0.009,39640.2,39644.21278391613054734907239,356.7618,0.17838090,0,0,0.03611505524517492614165151,0.00043526373965040864903732,0,0.009,True,True,BASE_E3,permanent,run_dfea4b7ac1475668d5968c97
fill-permanent-00000015-1649837100000000000,permanent-00000015,ETHUSDT,spot,BUY,increase_spot,1649837100000000000,1649837040000000000,1649837040000000000,1649837040000000000,0,0,all_client,vwap,1649837100000000000,1649837100000000000,1649837040000000000,0.0120,0.0119880,3056.95,3056.641097457835268577664958,36.683400,0.036683400,0.0000120,0,0.0037068305059767770680205040,0.0000388611890273747457273120,0,0.0120,True,True,BASE_E3,permanent,run_dfea4b7ac1475668d5968c97
fill-permanent-00000016-1649837160000000000,permanent-00000016,ETHUSDT,futures,SELL,increase_perp,1649837160000000000,1649837100000000000,1649837100000000000,1649837100000000000,0,0,all_client,vwap,1649837160000000000,1649837160000000000,1649837100000000000,0.012,0.012,3052.77,3053.083309956471542291825088,36.63324,0.018316620,0,0,0.003759719477658507501901056,0.000096019505710741651150860,0,0.012,True,True,BASE_E3,permanent,run_dfea4b7ac1475668d5968c97
fill-permanent-00000025-1653758160000000000,permanent-00000025,BTCUSDT,futures,BUY,close_perp,1653758160000000000,1653758100000000000,1653758100000000000,1653758100000000000,0,0,all_client,vwap,1653758160000000000,1653758160000000000,1653758100000000000,0.072,0.072,28905.5,28902.56085186546911367099185,2081.1960,1.04059800,0,0,0.21161866568622381568858680,0.00352022755279243807015560,0,0.072,True,True,BASE_E3,permanent,run_dfea4b7ac1475668d5968c97
fill-permanent-00000026-1653758160000000000,permanent-00000026,ETHUSDT,futures,BUY,close_perp,1653758160000000000,1653758100000000000,1653758100000000000,1653758100000000000,0,0,all_client,vwap,1653758160000000000,1653758160000000000,1653758100000000000,0.930,0.930,1775.38,1775.195265891094071005232744,1651.10340,0.825551700,0,0,0.171802721282513965133548080,0.006709561554642216530061690,0,0.930,True,True,BASE_E3,permanent,run_dfea4b7ac1475668d5968c97
fill-permanent-00000027-1653758220000000000,permanent-00000027,BTCUSDT,spot,SELL,close_spot,1653758220000000000,1653758160000000000,1653758160000000000,1653758160000000000,0,0,all_client,vwap,1653758220000000000,1653758220000000000,1653758160000000000,0.07200,0.07200,28993.54,28996.44233374245366417577768,2087.5348800,2.0875348800,0,0,0.2089680294566638206559929600,0.0001936446537181542739272000,0,0.07200,True,True,BASE_E3,permanent,run_dfea4b7ac1475668d5968c97
fill-permanent-00000028-1653758220000000000,permanent-00000028,ETHUSDT,spot,SELL,close_spot,1653758220000000000,1653758160000000000,1653758160000000000,1653758160000000000,0,0,all_client,vwap,1653758220000000000,1653758220000000000,1653758160000000000,0.9300,0.9300,1785.42,1785.602520513232741827160561,1660.440600,1.660440600,0,0,0.1697440773064498992593217300,0.0036830428987192542693958500,0,0.9300,True,True,BASE_E3,permanent,run_dfea4b7ac1475668d5968c97
fill-permanent-00000029-1654041720000000000,permanent-00000029,BTCUSDT,spot,BUY,open_spot,1654041720000000000,1654041660000000000,1654041660000000000,1654041660000000000,0,0,all_client,vwap,1654041720000000000,1654041720000000000,1654041660000000000,0.09509,0.09499491,31830.69,31827.50724917310611937723037,3026.7803121,3.0267803121,0.00009509,0,0.3026477761293391084191641167,9.6969520423300063219E-9,0,0.09509,True,True,BASE_E3,permanent,run_dfea4b7ac1475668d5968c97
fill-permanent-00000030-1654041780000000000,permanent-00000030,BTCUSDT,futures,SELL,open_perp,1654041780000000000,1654041720000000000,1654041720000000000,1654041720000000000,0,0,all_client,vwap,1654041780000000000,1654041780000000000,1654041720000000000,0.095,0.095,31829.7,31832.91746292828584442532517,3023.8215,1.51191075,0,0,0.30565897818715522040589115,0.00324626228933650488385080,0,0.095,True,True,BASE_E3,permanent,run_dfea4b7ac1475668d5968c97
fill-permanent-00000031-1655251440000000000,permanent-00000031,BTCUSDT,spot,BUY,increase_spot,1655251440000000000,1655251380000000000,1655251380000000000,1655251380000000000,0,0,all_client,vwap,1655251440000000000,1655251440000000000,1655251380000000000,0.04204,0.04199796,21987.73,21985.52343841104741404726872,924.3641692,0.9243641692,0.00004204,0,0.0927638491995667134528230112,0.0003367086644866701241681620,0,0.04204,True,True,BASE_E3,permanent,run_dfea4b7ac1475668d5968c97
fill-permanent-00000032-1655251500000000000,permanent-00000032,BTCUSDT,futures,SELL,increase_perp,1655251500000000000,1655251440000000000,1655251440000000000,1655251440000000000,0,0,all_client,vwap,1655251500000000000,1655251500000000000,1655251440000000000,0.042,0.042,21994.5,21996.71392539730608697942040,923.7690,0.46188450,0,0,0.09298486668685565313565680,0.00059866820018696757034332,0,0.042,True,True,BASE_E3,permanent,run_dfea4b7ac1475668d5968c97
fill-permanent-00000033-1655856240000000000,permanent-00000033,BTCUSDT,spot,BUY,increase_spot,1655856240000000000,1655856180000000000,1655856180000000000,1655856180000000000,0,0,all_client,vwap,1655856240000000000,1655856240000000000,1655856180000000000,0.00901,0.00900099,20677.73,20675.65445942820965088572807,186.3063473,0.1863063473,0.00000901,0,0.0187006205518310455195900893,0.0000718558838862286241420736,0,0.00901,True,True,BASE_E3,permanent,run_dfea4b7ac1475668d5968c97
fill-permanent-00000034-1655856300000000000,permanent-00000034,BTCUSDT,futures,SELL,increase_perp,1655856300000000000,1655856240000000000,1655856240000000000,1655856240000000000,0,0,all_client,vwap,1655856300000000000,1655856300000000000,1655856240000000000,0.009,0.009,20626.4,20628.55242290672118490012253,185.6376,0.09281880,0,0,0.01937180616049066410110277,0.00080610897987461503469268,0,0.009,True,True,BASE_E3,permanent,run_dfea4b7ac1475668d5968c97
fill-permanent-00000035-1657670640000000000,permanent-00000035,BTCUSDT,spot,BUY,increase_spot,1657670640000000000,1657670580000000000,1657670580000000000,1657670580000000000,0,0,all_client,vwap,1657670640000000000,1657670640000000000,1657670580000000000,0.01001,0.00999999,19286.29,19284.35226505607668389055485,193.0557629,0.1930557629,0.00001001,0,0.0193967267886723942555459515,0.0000930901713512614949714609,0,0.01001,True,True,BASE_E3,permanent,run_dfea4b7ac1475668d5968c97
fill-permanent-00000036-1657670700000000000,permanent-00000036,BTCUSDT,futures,SELL,increase_perp,1657670700000000000,1657670640000000000,1657670640000000000,1657670640000000000,0,0,all_client,vwap,1657670700000000000,1657670700000000000,1657670640000000000,0.010,0.010,19284.2,19286.17688556613551081230388,192.8420,0.09642100,0,0,0.01976885566135510812303880,0.00048267877578897261222650,0,0.010,True,True,BASE_E3,permanent,run_dfea4b7ac1475668d5968c97
fill-permanent-00000037-1658275440000000000,permanent-00000037,BTCUSDT,futures,BUY,reduce_perp,1658275440000000000,1658275380000000000,1658275380000000000,1658275380000000000,0,0,all_client,vwap,1658275440000000000,1658275440000000000,1658275380000000000,0.027,0.027,23395.2,23392.79775941603964422943135,631.6704,0.31583520,0,0,0.06486049576692960580535355,0.00169994181650629876593417,0,0.027,True,True,BASE_E3,permanent,run_dfea4b7ac1475668d5968c97
fill-permanent-00000038-1658275500000000000,permanent-00000038,BTCUSDT,spot,SELL,reduce_spot,1658275500000000000,1658275440000000000,1658275440000000000,1658275440000000000,0,0,all_client,vwap,1658275500000000000,1658275500000000000,1658275440000000000,0.02700,0.02700,23372.73,23375.07668179731569571917089,631.0637100,0.6310637100,0,0,0.0633604085275237844176140300,0.0002477014866710320391721900,0,0.02700,True,True,BASE_E3,permanent,run_dfea4b7ac1475668d5968c97
fill-permanent-00000039-1658649780000000000,permanent-00000039,ETHUSDT,spot,BUY,open_spot,1658649780000000000,1658649660011000000,1658649660011000000,1658649660011000000,0,0,all_client,vwap,1658649780000000000,1658649780000000000,1658649720000000000,1.8859,1.8840141,1600.99,1600.828860409955138870716953,3019.307041,3.019307041,0.0018859,0,0.3038931528656036037148983373,0.0019928380808901640752692525,0,1.8859,True,True,BASE_E3,permanent,run_dfea4b7ac1475668d5968c97
fill-permanent-00000040-1658649840000000000,permanent-00000040,ETHUSDT,futures,SELL,open_perp,1658649840000000000,1658649780000000000,1658649780000000000,1658649780000000000,0,0,all_client,vwap,1658649840000000000,1658649840000000000,1658649780000000000,1.884,1.884,1603.33,1603.498170102818696306431973,3020.67372,1.510336860,0,0,0.316832473710423841317837132,0.014733418463052798933705720,0,1.884,True,True,BASE_E3,permanent,run_dfea4b7ac1475668d5968c97
fill-permanent-00000041-1658880240000000000,permanent-00000041,BTCUSDT,spot,BUY,increase_spot,1658880240000000000,1658880180000000000,1658880180000000000,1658880180000000000,0,0,all_client,vwap,1658880240000000000,1658880240000000000,1658880180000000000,0.00601,0.00600399,21216.01,21213.88587489930863510711848,127.5082201,0.1275082201,0.00000601,0,0.0127659918551551030062179352,0.0000164464443406185165185681,0,0.00601,True,True,BASE_E3,permanent,run_dfea4b7ac1475668d5968c97
fill-permanent-00000042-1658880300000000000,permanent-00000042,BTCUSDT,futures,SELL,increase_perp,1658880300000000000,1658880240000000000,1658880240000000000,1658880240000000000,0,0,all_client,vwap,1658880300000000000,1658880300000000000,1658880240000000000,0.006,0.006,21210.4,21212.60523706192542815810350,127.2624,0.06363120,0,0,0.01323142237155256894862100,0.00050385922931541369172614,0,0.006,True,True,BASE_E3,permanent,run_dfea4b7ac1475668d5968c97
fill-permanent-00000043-1659254700000000000,permanent-00000043,ETHUSDT,futures,BUY,reduce_perp,1659254700000000000,1659254640000000000,1659254640000000000,1659254640000000000,0,0,all_client,vwap,1659254700000000000,1659254700000000000,1659254640000000000,0.101,0.101,1699.15,1698.973374496330407252842136,171.61415,0.085807075,0,0,0.017839175870628867462944264,0.000679544788215930349690580,0,0.101,True,True,BASE_E3,permanent,run_dfea4b7ac1475668d5968c97
fill-permanent-00000044-1659254760000000000,permanent-00000044,ETHUSDT,spot,SELL,reduce_spot,1659254760000000000,1659254700000000000,1659254700000000000,1659254700000000000,0,0,all_client,vwap,1659254760000000000,1659254760000000000,1659254700000000000,0.1010,0.1010,1700.78,1700.950740746809103272000393,171.778780,0.171778780,0,0,0.0172448154277194304720396930,0.0000652129461766585289924930,0,0.1010,True,True,BASE_E3,permanent,run_dfea4b7ac1475668d5968c97
fill-permanent-00000045-1660464300000000000,permanent-00000045,ETHUSDT,futures,BUY,reduce_perp,1660464300000000000,1660464240000000000,1660464240000000000,1660464240000000000,0,0,all_client,vwap,1660464300000000000,1660464300000000000,1660464240000000000,0.274,0.274,2010.55,2010.344660601046638756940020,550.89070,0.275445350,0,0,0.056262995313220980598434520,0.001179551612752302696494364,0,0.274,True,True,BASE_E3,permanent,run_dfea4b7ac1475668d5968c97
fill-permanent-00000046-1660464360000000000,permanent-00000046,ETHUSDT,spot,SELL,reduce_spot,1660464360000000000,1660464300000000000,1660464300000000000,1660464300000000000,0,0,all_client,vwap,1660464360000000000,1660464360000000000,1660464300000000000,0.2740,0.2740,2009.61,2009.816631220010201047837747,550.633140,0.550633140,0,0,0.0566169542827950871075426780,0.0015479785873668075988318620,0,0.2740,True,True,BASE_E3,permanent,run_dfea4b7ac1475668d5968c97
fill-permanent-00000047-1660694640000000000,permanent-00000047,BTCUSDT,futures,BUY,reduce_perp,1660694640000000000,1660694580000000000,1660694580000000000,1660694580000000000,0,0,all_client,vwap,1660694640000000000,1660694640000000000,1660694580000000000,0.008,0.008,23825.2,23822.77614933401096923109502,190.6016,0.09530080,0,0,0.01939080532791224615123984,0.00033258440844503737585496,0,0.008,True,True,BASE_E3,permanent,run_dfea4b7ac1475668d5968c97
fill-permanent-00000048-1660694700000000000,permanent-00000048,BTCUSDT,spot,SELL,reduce_spot,1660694700000000000,1660694640000000000,1660694640000000000,1660694640000000000,0,0,all_client,vwap,1660694700000000000,1660694700000000000,1660694640000000000,0.00800,0.00800,23843.00,23845.38754886054435056493584,190.7440000,0.1907440000,0,0,0.0191003908843548045194867200,0.0000240808452663690390348000,0,0.00800,True,True,BASE_E3,permanent,run_dfea4b7ac1475668d5968c97
fill-permanent-00000049-1661069100000000000,permanent-00000049,ETHUSDT,spot,BUY,increase_spot,1661069100000000000,1661069040000000000,1661069040000000000,1661069040000000000,0,0,all_client,vwap,1661069100000000000,1661069100000000000,1661069040000000000,0.3954,0.3950046,1592.69,1592.524665699581604253817302,629.749626,0.629749626,0.0003954,0,0.0653731823854336780406387892,0.0024047571036722214084427464,0,0.3954,True,True,BASE_E3,permanent,run_dfea4b7ac1475668d5968c97
fill-permanent-00000050-1661069160000000000,permanent-00000050,ETHUSDT,futures,SELL,increase_perp,1661069160000000000,1661069100000000000,1661069100000000000,1661069100000000000,0,0,all_client,vwap,1661069160000000000,1661069160000000000,1661069100000000000,0.395,0.395,1590.16,1590.320861580533961981363529,628.11320,0.314056600,0,0,0.063540324310914982638593955,0.000722650278483891140330235,0,0.395,True,True,BASE_E3,permanent,run_dfea4b7ac1475668d5968c97
fill-permanent-00000051-1661299440000000000,permanent-00000051,BTCUSDT,spot,BUY,increase_spot,1661299440000000000,1661299380000000000,1661299380000000000,1661299380000000000,0,0,all_client,vwap,1661299440000000000,1661299440000000000,1661299380000000000,0.00901,0.00900099,21522.02,21519.86612347446621341814650,193.9134002,0.1939134002,0.00000901,0,0.0194064274950594171025000350,0.0000170281178089230442103269,0,0.00901,True,True,BASE_E3,permanent,run_dfea4b7ac1475668d5968c97
fill-permanent-00000052-1661299500000000000,permanent-00000052,BTCUSDT,futures,SELL,increase_perp,1661299500000000000,1661299440000000000,1661299440000000000,1661299440000000000,0,0,all_client,vwap,1661299500000000000,1661299500000000000,1661299440000000000,0.009,0.009,21524.1,21526.26192641447849722563000,193.7169,0.09685845,0,0,0.01945733773030647503067000,0.00008370199653344438316696,0,0.009,True,True,BASE_E3,permanent,run_dfea4b7ac1475668d5968c97
fill-permanent-00000053-1662883500000000000,permanent-00000053,ETHUSDT,futures,BUY,reduce_perp,1662883500000000000,1662883440000000000,1662883440000000000,1662883440000000000,0,0,all_client,vwap,1662883500000000000,1662883500000000000,1662883440000000000,0.183,0.183,1759.50,1759.314432715839355915111317,321.98850,0.160994250,0,0,0.033958813001397867534628989,0.001763358882698007321382476,0,0.183,True,True,BASE_E3,permanent,run_dfea4b7ac1475668d5968c97
fill-permanent-00000054-1662883560000000000,permanent-00000054,ETHUSDT,spot,SELL,reduce_spot,1662883560000000000,1662883500000000000,1662883500000000000,1662883500000000000,0,0,all_client,vwap,1662883560000000000,1662883560000000000,1662883500000000000,0.1830,0.1830,1759.70,1759.881880979833647504143641,322.025100,0.322025100,0,0,0.0332842193095574932582863030,0.0010783808876265375089605410,0,0.1830,True,True,BASE_E3,permanent,run_dfea4b7ac1475668d5968c97
fill-permanent-00000055-1663113840000000000,permanent-00000055,BTCUSDT,spot,BUY,increase_spot,1663113840000000000,1663113780000000000,1663113780000000000,1663113780000000000,0,0,all_client,vwap,1663113840000000000,1663113840000000000,1663113780000000000,0.01401,0.01399599,20138.76,20136.74222094888884366581104,282.1440276,0.2821440276,0.00001401,0,0.0282690845060673002419873296,0.0000575086545179069720115438,0,0.01401,True,True,BASE_E3,permanent,run_dfea4b7ac1475668d5968c97
fill-permanent-00000056-1663113900000000000,permanent-00000056,BTCUSDT,futures,SELL,increase_perp,1663113900000000000,1663113840000000000,1663113840000000000,1663113840000000000,0,0,all_client,vwap,1663113900000000000,1663113900000000000,1663113840000000000,0.014,0.014,20132.8,20134.87504607853256462053407,281.8592,0.14092960,0,0,0.02905064509945590468747698,0.00086182003494595909700828,0,0.014,True,True,BASE_E3,permanent,run_dfea4b7ac1475668d5968c97
fill-permanent-00000057-1664697900000000000,permanent-00000057,ETHUSDT,spot,BUY,increase_spot,1664697900000000000,1664697840000000000,1664697840000000000,1664697840000000000,0,0,all_client,vwap,1664697900000000000,1664697900000000000,1664697840000000000,0.0160,0.0159840,1312.68,1312.542054951341007850191573,21.002880,0.021002880,0.0000160,0,0.0022071207785438743969348320,0.0001070534906217287843745280,0,0.0160,True,True,BASE_E3,permanent,run_dfea4b7ac1475668d5968c97
fill-permanent-00000058-1664697960000000000,permanent-00000058,ETHUSDT,futures,SELL,increase_perp,1664697960000000000,1664697900000000000,1664697900000000000,1664697900000000000,0,0,all_client,vwap,1664697960000000000,1664697960000000000,1664697900000000000,0.016,0.016,1311.89,1312.022479546743396426497776,20.99024,0.010495120,0,0,0.002119672747894342823964416,0.000020436780619553389682016,0,0.016,True,True,BASE_E3,permanent,run_dfea4b7ac1475668d5968c97
fill-permanent-00000059-1672560300000000000,permanent-00000059,ETHUSDT,spot,BUY,increase_spot,1672560300000000000,1672560240000000000,1672560240000000000,1672560240000000000,0,0,all_client,vwap,1672560300000000000,1672560300000000000,1672560240000000000,0.0190,0.0189810,1195.98,1195.856792517382950194219046,22.723620,0.022723620,0.0000190,0,0.0023409421697239463098381260,0.0000688142639409187044691080,0,0.0190,True,True,BASE_E3,permanent,run_dfea4b7ac1475668d5968c97
fill-permanent-00000060-1672560360000000000,permanent-00000060,ETHUSDT,futures,SELL,increase_perp,1672560360000000000,1672560300000000000,1672560300000000000,1672560300000000000,0,0,all_client,vwap,1672560360000000000,1672560360000000000,1672560300000000000,0.019,0.019,1195.78,1195.907280498966573708431985,22.71982,0.011359910,0,0,0.002418329480364900460207715,0.000146105647416863970161698,0,0.019,True,True,BASE_E3,permanent,run_dfea4b7ac1475668d5968c97
fill-permanent-00000061-1673656800000000000,permanent-00000061,ETHUSDT,futures,BUY,close_perp,1673656800000000000,1673656740000000000,1673656740000000000,1673656740000000000,0,0,all_client,vwap,1673656800000000000,1673656800000000000,1673656740000000000,1.756,1.756,1564.65,1564.484487969120318169028532,2747.52540,1.373762700,0,0,0.290639126224721295185897808,0.015915650137343767315416140,0,1.756,True,True,BASE_E3,permanent,run_dfea4b7ac1475668d5968c97
fill-permanent-00000062-1673656860000000000,permanent-00000062,ETHUSDT,spot,SELL,close_spot,1673656860000000000,1673656800000000000,1673656800000000000,1673656800000000000,0,0,all_client,vwap,1673656860000000000,1673656860000000000,1673656800000000000,1.7560,1.7560,1577.62,1577.779797657125161048746901,2770.300720,2.770300720,0,0,0.2806046859117828015995581560,0.0035465534431916233193976560,0,1.7560,True,True,BASE_E3,permanent,run_dfea4b7ac1475668d5968c97
fill-permanent-00000063-1673769780000000000,permanent-00000063,ETHUSDT,spot,BUY,open_spot,1673769780000000000,1673769660002000000,1673769660002000000,1673769660002000000,0,0,all_client,vwap,1673769780000000000,1673769780000000000,1673769720000000000,1.8318,1.8299682,1530.31,1530.152382233999883750541507,2803.221858,2.803221858,0.0018318,0,0.2887242237590129457580674774,0.0084309103813888470526435602,0,1.8318,True,True,BASE_E3,permanent,run_dfea4b7ac1475668d5968c97
fill-permanent-00000064-1673769840000000000,permanent-00000064,ETHUSDT,futures,SELL,open_perp,1673769840000000000,1673769780000000000,1673769780000000000,1673769780000000000,0,0,all_client,vwap,1673769840000000000,1673769840000000000,1673769780000000000,1.825,1.825,1531.08,1531.236803858103467757381195,2794.22100,1.397110500,0,0,0.286167041038828657220680875,0.006716324334724774354959025,0,1.825,True,True,BASE_E3,permanent,run_dfea4b7ac1475668d5968c97
fill-permanent-00000065-1673769900000000000,permanent-00000065,ETHUSDT,futures,BUY,close_perp,1673769900000000000,1673769840000000000,1673769840000000000,1673769840000000000,0,0,all_client,vwap,1673769900000000000,1673769900000000000,1673769840000000000,1.825,1.825,1530.10,1529.944154996744553528318726,2792.43250,1.396216250,0,0,0.284417130941189810818325050,0.005202322654283929799406650,0,1.825,True,True,BASE_E3,permanent,run_dfea4b7ac1475668d5968c97
fill-permanent-00000066-1673769960000000000,permanent-00000066,ETHUSDT,spot,SELL,close_spot,1673769960000000000,1673769900000000000,1673769900000000000,1673769900000000000,0,0,all_client,vwap,1673769960000000000,1673769960000000000,1673769900000000000,0.7593,0.7593,1529.01,1529.167850479228177932062591,1160.977293,1.160977293,0,0,0.1198558688779555038151253463,0.0037461539910677082647440305,0,0.7593,True,True,BASE_E3,permanent,run_dfea4b7ac1475668d5968c97
fill-permanent-00000067-1673770020000000000,permanent-00000067,ETHUSDT,spot,SELL,close_spot,1673770020000000000,1673769960000000000,1673769960000000000,1673769960000000000,0,0,all_client,vwap,1673770020000000000,1673770020000000000,1673769960000000000,0.6788,0.6788,1528.85,1529.009879981850698424016004,1037.783380,1.037783380,0,0,0.1085265316802540902220635152,0.0047373410270860648130410376,0,0.6788,True,True,BASE_E3,permanent,run_dfea4b7ac1475668d5968c97
fill-permanent-00000068-1673770080000000000,permanent-00000068,ETHUSDT,spot,SELL,close_spot,1673770080000000000,1673770020000000000,1673770020000000000,1673770020000000000,0,0,all_client,vwap,1673770080000000000,1673770080000000000,1673770020000000000,0.3919,0.3919,1528.37,1528.525578957313731788892878,598.968203,0.598968203,0,0,0.0609713933712514880671188882,0.0010684759319143629183122891,0,0.3919,True,True,BASE_E3,permanent,run_dfea4b7ac1475668d5968c97
fill-permanent-00000069-1673884920000000000,permanent-00000069,ETHUSDT,spot,BUY,open_spot,1673884920000000000,1673884860000000000,1673884860000000000,1673884860000000000,0,0,all_client,vwap,1673884920000000000,1673884920000000000,1673884860000000000,1.8038,1.8019962,1549.83,1549.665169623598850785034165,2795.583354,2.795583354,0.0018038,0,0.2973210329523929539553731730,0.0177924296556881932507694616,0,1.8038,True,True,BASE_E3,permanent,run_dfea4b7ac1475668d5968c97
fill-permanent-00000070-1673884980000000000,permanent-00000070,ETHUSDT,futures,SELL,open_perp,1673884980000000000,1673884920000000000,1673884920000000000,1673884920000000000,0,0,all_client,vwap,1673884980000000000,1673884980000000000,1673884920000000000,1.802,1.802,1548.11,1548.265285938465537842498066,2789.69422,1.394847110,0,0,0.279825261114899192181514932,0.000827856588787702262296432,0,1.802,True,True,BASE_E3,permanent,run_dfea4b7ac1475668d5968c97
fill-permanent-00000071-1674605040000000000,permanent-00000071,BTCUSDT,futures,BUY,reduce_perp,1674605040000000000,1674604980000000000,1674604980000000000,1674604980000000000,0,0,all_client,vwap,1674605040000000000,1674605040000000000,1674604980000000000,0.016,0.016,22649.6,22647.31662127112013791279123,362.3936,0.18119680,0,0,0.03653405966207779339534032,0.00029835306804400117467984,0,0.016,True,True,BASE_E3,permanent,run_dfea4b7ac1475668d5968c97
fill-permanent-00000072-1674605100000000000,permanent-00000072,BTCUSDT,spot,SELL,reduce_spot,1674605100000000000,1674605040000000000,1674605040000000000,1674605040000000000,0,0,all_client,vwap,1674605100000000000,1674605100000000000,1674605040000000000,0.01600,0.01600,22654.59,22656.86264278988394570651942,362.4734400,0.3624734400,0,0,0.0363622846381431313043107200,0.0001113044096793169911803200,0,0.01600,True,True,BASE_E3,permanent,run_dfea4b7ac1475668d5968c97
fill-permanent-00000073-1675094640000000000,permanent-00000073,ETHUSDT,spot,BUY,increase_spot,1675094640000000000,1675094580000000000,1675094580000000000,1675094580000000000,0,0,all_client,vwap,1675094640000000000,1675094640000000000,1675094580000000000,0.1202,0.1200798,1584.47,1584.306065782917335657046846,190.453294,0.190453294,0.0001202,0,0.0197048928933362540229691108,0.0006615339826255876483713698,0,0.1202,True,True,BASE_E3,permanent,run_dfea4b7ac1475668d5968c97
fill-permanent-00000074-1675094700000000000,permanent-00000074,ETHUSDT,futures,SELL,increase_perp,1675094700000000000,1675094640000000000,1675094640000000000,1675094640000000000,0,0,all_client,vwap,1675094700000000000,1675094700000000000,1675094640000000000,0.120,0.120,1582.86,1583.023385650795843880711416,189.94320,0.094971600,0,0,0.019606278095501265685369920,0.000609997467691715558801400,0,0.120,True,True,BASE_E3,permanent,run_dfea4b7ac1475668d5968c97
fill-permanent-00000075-1676304240000000000,permanent-00000075,ETHUSDT,spot,BUY,increase_spot,1676304240000000000,1676304180000000000,1676304180000000000,1676304180000000000,0,0,all_client,vwap,1676304240000000000,1676304240000000000,1676304180000000000,0.1421,0.1419579,1479.71,1479.558048961759209540856625,210.266791,0.210266791,0.0001421,0,0.0215922425340163242442735875,0.0005677226582697258766979669,0,0.1421,True,True,BASE_E3,permanent,run_dfea4b7ac1475668d5968c97
fill-permanent-00000076-1676304300000000000,permanent-00000076,ETHUSDT,futures,SELL,increase_perp,1676304300000000000,1676304240000000000,1676304240000000000,1676304240000000000,0,0,all_client,vwap,1676304300000000000,1676304300000000000,1676304240000000000,0.142,0.142,1480.53,1480.679496959173288421446065,210.23526,0.105117630,0,0,0.021228568202606955845341230,0.000202919345786695149756640,0,0.142,True,True,BASE_E3,permanent,run_dfea4b7ac1475668d5968c97
fill-permanent-00000077-1676909040000000000,permanent-00000077,ETHUSDT,futures,BUY,reduce_perp,1676909040000000000,1676908980000000000,1676908980000000000,1676908980000000000,0,0,all_client,vwap,1676909040000000000,1676909040000000000,1676908980000000000,0.273,0.273,1705.27,1705.091222027072232797349870,465.53871,0.232769355,0,0,0.048806386609280446323485490,0.002257396247941374368117835,0,0.273,True,True,BASE_E3,permanent,run_dfea4b7ac1475668d5968c97
fill-permanent-00000078-1676909100000000000,permanent-00000078,ETHUSDT,spot,SELL,reduce_spot,1676909100000000000,1676909040000000000,1676909040000000000,1676909040000000000,0,0,all_client,vwap,1676909100000000000,1676909100000000000,1676909040000000000,0.2730,0.2730,1703.80,1703.978714950131627130470888,465.137400,0.465137400,0,0,0.0487891813859342066185524240,0.0022705624677956131978905930,0,0.2730,True,True,BASE_E3,permanent,run_dfea4b7ac1475668d5968c97
fill-permanent-00000079-1677024240000000000,permanent-00000079,BTCUSDT,futures,BUY,reduce_perp,1677024240000000000,1677024180000000000,1677024180000000000,1677024180000000000,0,0,all_client,vwap,1677024240000000000,1677024240000000000,1677024180000000000,0.009,0.009,24431.1,24428.62819114817190506735087,219.8799,0.10993995,0,0,0.02224627966645285439384217,0.00026051429441949967928151,0,0.009,True,True,BASE_E3,permanent,run_dfea4b7ac1475668d5968c97
fill-permanent-00000080-1677024300000000000,permanent-00000080,BTCUSDT,spot,SELL,reduce_spot,1677024300000000000,1677024240000000000,1677024240000000000,1677024240000000000,0,0,all_client,vwap,1677024300000000000,1677024300000000000,1677024240000000000,0.00900,0.00900,24426.43,24428.88270032923562964364441,219.8378700,0.2198378700,0,0,0.0220743029631206667927996900,0.0000883085328243547261204500,0,0.00900,True,True,BASE_E3,permanent,run_dfea4b7ac1475668d5968c97
fill-permanent-00000081-1677629040000000000,permanent-00000081,BTCUSDT,spot,BUY,increase_spot,1677629040000000000,1677628980000000000,1677628980000000000,1677628980000000000,0,0,all_client,vwap,1677629040000000000,1677629040000000000,1677628980000000000,0.00701,0.00700299,23161.17,23158.84703020168776285043743,162.3598017,0.1623598017,0.00000701,0,0.0162840182861687824184336157,0.0000496665179973992966754853,0,0.00701,True,True,BASE_E3,permanent,run_dfea4b7ac1475668d5968c97
fill-permanent-00000082-1677629100000000000,permanent-00000082,BTCUSDT,futures,SELL,increase_perp,1677629100000000000,1677629040000000000,1677629040000000000,1677629040000000000,0,0,all_client,vwap,1677629100000000000,1677629100000000000,1677629040000000000,0.007,0.007,23155.5,23157.87530448761279253547542,162.0885,0.08104425,0,0,0.01662713141328954774832794,0.00041661870014821879355309,0,0.007,True,True,BASE_E3,permanent,run_dfea4b7ac1475668d5968c97
fill-permanent-00000083-1678118640000000000,permanent-00000083,ETHUSDT,spot,BUY,increase_spot,1678118640000000000,1678118580000000000,1678118580000000000,1678118580000000000,0,0,all_client,vwap,1678118640000000000,1678118640000000000,1678118580000000000,0.1461,0.1459539,1579.89,1579.730292900042760082875392,230.821929,0.230821929,0.0001461,0,0.0233332073037527518919052288,0.0002533477244831271670943520,0,0.1461,True,True,BASE_E3,permanent,run_dfea4b7ac1475668d5968c97
fill-permanent-00000084-1678118700000000000,permanent-00000084,ETHUSDT,futures,SELL,increase_perp,1678118700000000000,1678118640000000000,1678118640000000000,1678118640000000000,0,0,all_client,vwap,1678118700000000000,1678118700000000000,1678118640000000000,0.146,0.146,1578.69,1578.853763653478199346626390,230.48874,0.115244370,0,0,0.023909493407817104607452940,0.000858228458476322896992142,0,0.146,True,True,BASE_E3,permanent,run_dfea4b7ac1475668d5968c97
fill-permanent-00000085-1678723440000000000,permanent-00000085,ETHUSDT,futures,BUY,reduce_perp,1678723440000000000,1678723380000000000,1678723380000000000,1678723380000000000,0,0,all_client,vwap,1678723440000000000,1678723440000000000,1678723380000000000,0.103,0.103,1667.02,1666.849597994376275421664210,171.70306,0.085851530,0,0,0.017551406579243631568586370,0.000382855719901555931743272,0,0.103,True,True,BASE_E3,permanent,run_dfea4b7ac1475668d5968c97
fill-permanent-00000086-1678723500000000000,permanent-00000086,ETHUSDT,spot,SELL,reduce_spot,1678723500000000000,1678723440000000000,1678723440000000000,1678723440000000000,0,0,all_client,vwap,1678723500000000000,1678723500000000000,1678723440000000000,0.1030,0.1030,1664.95,1665.121783615375120610135561,171.489850,0.171489850,0,0,0.0176937123836374228439627830,0.0005429580123990591016783410,0,0.1030,True,True,BASE_E3,permanent,run_dfea4b7ac1475668d5968c97
fill-permanent-00000087-1678838640000000000,permanent-00000087,BTCUSDT,futures,BUY,reduce_perp,1678838640000000000,1678838580000000000,1678838580000000000,1678838580000000000,0,0,all_client,vwap,1678838640000000000,1678838640000000000,1678838580000000000,0.008,0.008,24690.9,24688.34145380750375921466033,197.5272,0.09876360,0,0,0.02046836953996992628271736,0.00071769637692392327534560,0,0.008,True,True,BASE_E3,permanent,run_dfea4b7ac1475668d5968c97
fill-permanent-00000088-1678838700000000000,permanent-00000088,BTCUSDT,spot,SELL,reduce_spot,1678838700000000000,1678838640000000000,1678838640000000000,1678838640000000000,0,0,all_client,vwap,1678838700000000000,1678838700000000000,1678838640000000000,0.00800,0.00800,24667.55,24670.02464083867002314762889,197.3404000,0.1973404000,0,0,0.0197971267093601851810311200,0.0000611069966892491625130400,0,0.00800,True,True,BASE_E3,permanent,run_dfea4b7ac1475668d5968c97
fill-permanent-00000089-1679328240000000000,permanent-00000089,ETHUSDT,futures,BUY,reduce_perp,1679328240000000000,1679328180000000000,1679328180000000000,1679328180000000000,0,0,all_client,vwap,1679328240000000000,1679328240000000000,1679328180000000000,0.096,0.096,1764.47,1764.285753126212843965989447,169.38912,0.084694560,0,0,0.017687699883566979265013088,0.000750556653555335962939584,0,0.096,True,True,BASE_E3,permanent,run_dfea4b7ac1475668d5968c97
fill-permanent-00000090-1679328300000000000,permanent-00000090,ETHUSDT,spot,SELL,reduce_spot,1679328300000000000,1679328240000000000,1679328240000000000,1679328240000000000,0,0,all_client,vwap,1679328300000000000,1679328300000000000,1679328240000000000,0.0960,0.0960,1767.51,1767.690469907297573011316457,169.680960,0.169680960,0,0,0.0173251111005670090863798720,0.0003552825894569523854712000,0,0.0960,True,True,BASE_E3,permanent,run_dfea4b7ac1475668d5968c97
fill-permanent-00000091-1679443440000000000,permanent-00000091,BTCUSDT,futures,BUY,reduce_perp,1679443440000000000,1679443380000000000,1679443380000000000,1679443380000000000,0,0,all_client,vwap,1679443440000000000,1679443440000000000,1679443380000000000,0.015,0.015,28091.3,28088.49041382178981221276466,421.3695,0.21068475,0,0,0.04214379267315281680853010,0.00001105705242013209021090,0,0.015,True,True,BASE_E3,permanent,run_dfea4b7ac1475668d5968c97
fill-permanent-00000092-1679443500000000000,permanent-00000092,BTCUSDT,spot,SELL,reduce_spot,1679443500000000000,1679443440000000000,1679443440000000000,1679443440000000000,0,0,all_client,vwap,1679443500000000000,1679443500000000000,1679443440000000000,0.01500,0.01500,28100.48,28103.29630151028406358681370,421.5072000,0.4215072000,0,0,0.0422445226542609538022055000,0.0000895782019955277068253000,0,0.01500,True,True,BASE_E3,permanent,run_dfea4b7ac1475668d5968c97
fill-permanent-00000093-1679659200000000000,permanent-00000093,BTCUSDT,futures,BUY,close_perp,1679659200000000000,1679659140000000000,1679659140000000000,1679659140000000000,0,0,all_client,vwap,1679659200000000000,1679659200000000000,1679659140000000000,0.109,0.109,27592.2,27589.35746521915028068755914,3007.5498,1.50377490,0,0,0.30983629111261940505605374,0.00911229474173066699655890,0,0.109,True,True,BASE_E3,permanent,run_dfea4b7ac1475668d5968c97
fill-permanent-00000094-1679659200000000000,permanent-00000094,ETHUSDT,futures,BUY,close_perp,1679659200000000000,1679659140000000000,1679659140000000000,1679659140000000000,0,0,all_client,vwap,1679659200000000000,1679659200000000000,1679659140000000000,1.738,1.738,1746.83,1746.651222547725505012021826,3035.99054,1.517995270,0,0,0.310715212053072289106066412,0.007147229574277596334977336,0,1.738,True,True,BASE_E3,permanent,run_dfea4b7ac1475668d5968c97
fill-permanent-00000335-1679666460000000000,permanent-00000335,BTCUSDT,spot,SELL,close_spot,1679666460000000000,1679666400000000000,1679666400000000000,1679666400000000000,0,0,all_client,vwap,1679666460000000000,1679666460000000000,1679666400000000000,0.10900,0.10900,27972.48,27975.28334404967756015247837,3049.0003200,3.0490003200,0,0,0.3055645014148540566201423300,0.0006339129647125712144800800,0,0.10900,True,True,BASE_E3,permanent,run_dfea4b7ac1475668d5968c97
fill-permanent-00000336-1679666460000000000,permanent-00000336,ETHUSDT,spot,SELL,close_spot,1679666460000000000,1679666400000000000,1679666400000000000,1679666400000000000,0,0,all_client,vwap,1679666460000000000,1679666460000000000,1679666400000000000,1.7380,1.7380,1770.96,1771.140682754896609043074383,3077.928480,3.077928480,0,0,0.3140266280103065168632776540,0.0062023773475054862115920880,0,1.7380,True,True,BASE_E3,permanent,run_dfea4b7ac1475668d5968c97
fill-permanent-00000337-1681459380000000000,permanent-00000337,BTCUSDT,spot,BUY,open_spot,1681459380000000000,1681459260008000000,1681459260008000000,1681459260008000000,0,0,all_client,vwap,1681459380000000000,1681459380000000000,1681459320000000000,0.10010,0.09999990,30774.91,30771.83264455123074524771318,3080.5684910,3.0805684910,0.00010010,0,0.3080432804218024007039106820,0.0000172356498445809439812050,0,0.10010,True,True,BASE_E3,permanent,run_dfea4b7ac1475668d5968c97
fill-permanent-00000338-1681459380000000000,permanent-00000338,ETHUSDT,spot,BUY,open_spot,1681459380000000000,1681459260008000000,1681459260008000000,1681459260008000000,0,0,all_client,vwap,1681459380000000000,1681459380000000000,1681459320000000000,1.4665,1.4650335,2110.92,2110.706120184448478421973015,3095.664180,3.095664180,0.0014665,0,0.3136547495063063941765735025,0.0041196969812570248159916020,0,1.4665,True,True,BASE_E3,permanent,run_dfea4b7ac1475668d5968c97
fill-permanent-00000339-1681459440000000000,permanent-00000339,BTCUSDT,futures,SELL,open_perp,1681459440000000000,1681459380000000000,1681459380000000000,1681459380000000000,0,0,all_client,vwap,1681459440000000000,1681459440000000000,1681459380000000000,0.100,0.100,30781.6,30784.68017260798899339458341,3078.1600,1.53908000,0,0,0.30801726079889933945834100,0.00017045907281944952439500,0,0.100,True,True,BASE_E3,permanent,run_dfea4b7ac1475668d5968c97
fill-permanent-00000340-1681459440000000000,permanent-00000340,ETHUSDT,futures,SELL,open_perp,1681459440000000000,1681459380000000000,1681459380000000000,1681459380000000000,0,0,all_client,vwap,1681459440000000000,1681459440000000000,1681459380000000000,1.465,1.465,2110.52,2110.734352798589591326525513,3091.91180,1.545955900,0,0,0.314026849933751293359876545,0.004804267248757918230539900,0,1.465,True,True,BASE_E3,permanent,run_dfea4b7ac1475668d5968c97
fill-permanent-00000341-1682064300000000000,permanent-00000341,BTCUSDT,spot,BUY,increase_spot,1682064300000000000,1682064240000000000,1682064240000000000,1682064240000000000,0,0,all_client,vwap,1682064300000000000,1682064300000000000,1682064240000000000,0.00901,0.00900099,28170.48,28167.66132435582814246674227,253.8160248,0.2538160248,0.00000901,0,0.0253962675539884363746521473,0.0000172047007438352182896506,0,0.00901,True,True,BASE_E3,permanent,run_dfea4b7ac1475668d5968c97
fill-permanent-00000342-1682064300000000000,permanent-00000342,ETHUSDT,spot,BUY,increase_spot,1682064300000000000,1682064240000000000,1682064240000000000,1682064240000000000,0,0,all_client,vwap,1682064300000000000,1682064300000000000,1682064240000000000,0.1361,0.1359639,1928.50,1928.300533150635591060609665,262.468850,0.262468850,0.0001361,0,0.0271474381984960566510245935,0.0009032679423159062566896914,0,0.1361,True,True,BASE_E3,permanent,run_dfea4b7ac1475668d5968c97
fill-permanent-00000343-1682064360000000000,permanent-00000343,BTCUSDT,futures,SELL,increase_perp,1682064360000000000,1682064300000000000,1682064300000000000,1682064300000000000,0,0,all_client,vwap,1682064360000000000,1682064360000000000,1682064300000000000,0.009,0.009,28150.3,28153.14850601185660228759954,253.3527,0.12667635,0,0,0.02563655410670942058839586,0.00029872045129874964633702,0,0.009,True,True,BASE_E3,permanent,run_dfea4b7ac1475668d5968c97
fill-permanent-00000344-1682064360000000000,permanent-00000344,ETHUSDT,futures,SELL,increase_perp,1682064360000000000,1682064300000000000,1682064300000000000,1682064300000000000,0,0,all_client,vwap,1682064360000000000,1682064360000000000,1682064300000000000,0.136,0.136,1927.48,1927.676051168008765181910058,262.13728,0.131068640,0,0,0.026662958849192064739767888,0.000446564553307145533293912,0,0.136,True,True,BASE_E3,permanent,run_dfea4b7ac1475668d5968c97
fill-permanent-00000345-1683878700000000000,permanent-00000345,BTCUSDT,spot,BUY,increase_spot,1683878700000000000,1683878640000000000,1683878640000000000,1683878640000000000,0,0,all_client,vwap,1683878700000000000,1683878700000000000,1683878640000000000,0.00700,0.00699300,26343.94,26341.29993274016633998287150,184.4075800,0.1844075800,0.00000700,0,0.0184804708188356201198995000,0.0000415608659175036819114700,0,0.00700,True,True,BASE_E3,permanent,run_dfea4b7ac1475668d5968c97
fill-permanent-00000346-1683878760000000000,permanent-00000346,BTCUSDT,futures,SELL,increase_perp,1683878760000000000,1683878700000000000,1683878700000000000,1683878700000000000,0,0,all_client,vwap,1683878760000000000,1683878760000000000,1683878700000000000,0.007,0.007,26326.6,26329.33099934030539979433051,184.2862,0.09214310,0,0,0.01911699538213779856031357,0.00068646368259958478045756,0,0.007,True,True,BASE_E3,permanent,run_dfea4b7ac1475668d5968c97
fill-permanent-00000347-1686297900000000000,permanent-00000347,ETHUSDT,spot,BUY,increase_spot,1686297900000000000,1686297840000000000,1686297840000000000,1686297840000000000,0,0,all_client,vwap,1686297900000000000,1686297900000000000,1686297840000000000,0.0131,0.0130869,1836.50,1836.314688270825152630356014,24.058150,0.024058150,0.0000131,0,0.0024275836521905005423362166,0.0000220114105557195923904450,0,0.0131,True,True,BASE_E3,permanent,run_dfea4b7ac1475668d5968c97
fill-permanent-00000348-1686297960000000000,permanent-00000348,ETHUSDT,futures,SELL,increase_perp,1686297960000000000,1686297900000000000,1686297900000000000,1686297900000000000,0,0,all_client,vwap,1686297960000000000,1686297960000000000,1686297900000000000,0.013,0.013,1834.87,1835.062496434717677711297058,23.85331,0.011926655,0,0,0.002502453651329810246861754,0.000116872405964677265837064,0,0.013,True,True,BASE_E3,permanent,run_dfea4b7ac1475668d5968c97
fill-permanent-00000349-1687507500000000000,permanent-00000349,BTCUSDT,futures,BUY,reduce_perp,1687507500000000000,1687507440000000000,1687507440000000000,1687507440000000000,0,0,all_client,vwap,1687507500000000000,1687507500000000000,1687507440000000000,0.013,0.013,29908.5,29905.50813110078434265201249,388.8105,0.19440525,0,0,0.03889429568980354552383763,0.00001713511937252587839003,0,0.013,True,True,BASE_E3,permanent,run_dfea4b7ac1475668d5968c97
fill-permanent-00000350-1687507560000000000,permanent-00000350,BTCUSDT,spot,SELL,reduce_spot,1687507560000000000,1687507500000000000,1687507500000000000,1687507500000000000,0,0,all_client,vwap,1687507560000000000,1687507560000000000,1687507500000000000,0.01300,0.01300,29921.30,29924.29602366049853584773490,388.9769000,0.3889769000,0,0,0.0389483075864809660205537000,0.0000467227557223179239516900,0,0.01300,True,True,BASE_E3,permanent,run_dfea4b7ac1475668d5968c97
fill-permanent-00000351-1692345900000000000,permanent-00000351,BTCUSDT,spot,BUY,increase_spot,1692345900000000000,1692345840000000000,1692345840000000000,1692345840000000000,0,0,all_client,vwap,1692345900000000000,1692345900000000000,1692345840000000000,0.01502,0.01500498,26465.47,26462.81412561387906365838880,397.5113594,0.3975113594,0.00001502,0,0.0398912332795364638510002240,0.0001440864628644174973853072,0,0.01502,True,True,BASE_E3,permanent,run_dfea4b7ac1475668d5968c97
fill-permanent-00000352-1692345900000000000,permanent-00000352,ETHUSDT,spot,BUY,increase_spot,1692345900000000000,1692345840000000000,1692345840000000000,1692345840000000000,0,0,all_client,vwap,1692345900000000000,1692345900000000000,1692345840000000000,0.0310,0.0309690,1692.39,1692.216268408927136678469490,52.464090,0.052464090,0.0000310,0,0.0053856793232587629674458100,0.0001398088911910888437425530,0,0.0310,True,True,BASE_E3,permanent,run_dfea4b7ac1475668d5968c97
fill-permanent-00000353-1692345960000000000,permanent-00000353,BTCUSDT,futures,SELL,increase_perp,1692345960000000000,1692345900000000000,1692345900000000000,1692345900000000000,0,0,all_client,vwap,1692345960000000000,1692345960000000000,1692345900000000000,0.015,0.015,26446.8,26449.45324966970092920498924,396.7020,0.19835100,0,0,0.03979874504551393807483860,0.00012456517100938668103110,0,0.015,True,True,BASE_E3,permanent,run_dfea4b7ac1475668d5968c97
fill-permanent-00000354-1692345960000000000,permanent-00000354,ETHUSDT,futures,SELL,increase_perp,1692345960000000000,1692345900000000000,1692345900000000000,1692345900000000000,0,0,all_client,vwap,1692345960000000000,1692345960000000000,1692345900000000000,0.031,0.031,1691.03,1691.208524308135624812660734,52.42193,0.026210965,0,0,0.005534253552204369192482754,0.000291507126849148755563508,0,0.031,True,True,BASE_E3,permanent,run_dfea4b7ac1475668d5968c97
fill-permanent-00000355-1697789100000000000,permanent-00000355,BTCUSDT,futures,BUY,reduce_perp,1697789100000000000,1697789040000000000,1697789040000000000,1697789040000000000,0,0,all_client,vwap,1697789100000000000,1697789100000000000,1697789040000000000,0.011,0.011,29253.2,29250.25178791899844227773611,321.7852,0.16089260,0,0,0.03243033289101713494490279,0.00025505592430623665839732,0,0.011,True,True,BASE_E3,permanent,run_dfea4b7ac1475668d5968c97
fill-permanent-00000356-1697789160000000000,permanent-00000356,BTCUSDT,spot,SELL,reduce_spot,1697789160000000000,1697789100000000000,1697789100000000000,1697789100000000000,0,0,all_client,vwap,1697789160000000000,1697789160000000000,1697789100000000000,0.01100,0.01100,29290.62,29293.55889960055716427485353,322.1968200,0.3221968200,0,0,0.0323278956061288070233888300,0.0001049808165681941426864400,0,0.01100,True,True,BASE_E3,permanent,run_dfea4b7ac1475668d5968c97
fill-permanent-00000357-1698393900000000000,permanent-00000357,BTCUSDT,futures,BUY,reduce_perp,1698393900000000000,1698393840000000000,1698393840000000000,1698393840000000000,0,0,all_client,vwap,1698393900000000000,1698393900000000000,1698393840000000000,0.015,0.015,33994.3,33990.86504414883362251783304,509.9145,0.25495725,0,0,0.05152433776749566223250440,0.00053804020127241179872770,0,0.015,True,True,BASE_E3,permanent,run_dfea4b7ac1475668d5968c97
fill-permanent-00000358-1698393900000000000,permanent-00000358,ETHUSDT,spot,BUY,increase_spot,1698393900000000000,1698393840000000000,1698393840000000000,1698393840000000000,0,0,all_client,vwap,1698393900000000000,1698393900000000000,1698393840000000000,0.1171,0.1169829,1779.33,1779.150076433149715562657312,208.359543,0.208359543,0.0001171,0,0.0210690496781683076128287648,0.0002352022831361244435900162,0,0.1171,True,True,BASE_E3,permanent,run_dfea4b7ac1475668d5968c97
fill-permanent-00000359-1698393960000000000,permanent-00000359,BTCUSDT,spot,SELL,reduce_spot,1698393960000000000,1698393900000000000,1698393900000000000,1698393900000000000,0,0,all_client,vwap,1698393960000000000,1698393960000000000,1698393900000000000,0.01500,0.01500,33981.43,33984.82924111372820296724630,509.7214500,0.5097214500,0,0,0.0509886167059230445086945000,0.0000113728442524522042437000,0,0.01500,True,True,BASE_E3,permanent,run_dfea4b7ac1475668d5968c97
fill-permanent-00000360-1698393960000000000,permanent-00000360,ETHUSDT,futures,SELL,increase_perp,1698393960000000000,1698393900000000000,1698393900000000000,1698393900000000000,0,0,all_client,vwap,1698393960000000000,1698393960000000000,1698393900000000000,0.117,0.117,1779.22,1779.400774291310936171785490,208.16874,0.104084370,0,0,0.021150592083379532098902330,0.000331603024171194145692387,0,0.117,True,True,BASE_E3,permanent,run_dfea4b7ac1475668d5968c97
fill-permanent-00000361-1699603500000000000,permanent-00000361,BTCUSDT,futures,BUY,reduce_perp,1699603500000000000,1699603440000000000,1699603440000000000,1699603440000000000,0,0,all_client,vwap,1699603500000000000,1699603500000000000,1699603440000000000,0.006,0.006,36507.6,36503.94059402337666118397112,219.0456,0.10952280,0,0,0.02195643585974003289617328,0.00005407150332600689946288,0,0.006,True,True,BASE_E3,permanent,run_dfea4b7ac1475668d5968c97
fill-permanent-00000362-1699603500000000000,permanent-00000362,ETHUSDT,futures,BUY,reduce_perp,1699603500000000000,1699603440000000000,1699603440000000000,1699603440000000000,0,0,all_client,vwap,1699603500000000000,1699603500000000000,1699603440000000000,0.266,0.266,2103.50,2103.283467912348139823941909,559.53100,0.279765500,0,0,0.057597535315394806831452206,0.001650195068926346312135402,0,0.266,True,True,BASE_E3,permanent,run_dfea4b7ac1475668d5968c97
fill-permanent-00000363-1699603560000000000,permanent-00000363,BTCUSDT,spot,SELL,reduce_spot,1699603560000000000,1699603500000000000,1699603500000000000,1699603500000000000,0,0,all_client,vwap,1699603560000000000,1699603560000000000,1699603500000000000,0.00600,0.00600,36462.11,36465.76426810318709016077191,218.7726600,0.2187726600,0,0,0.0219256086191225409646314600,0.0000461500582606287105349800,0,0.00600,True,True,BASE_E3,permanent,run_dfea4b7ac1475668d5968c97
fill-permanent-00000364-1699603560000000000,permanent-00000364,ETHUSDT,spot,SELL,reduce_spot,1699603560000000000,1699603500000000000,1699603500000000000,1699603500000000000,0,0,all_client,vwap,1699603560000000000,1699603560000000000,1699603500000000000,0.2660,0.2660,2100.48,2100.691850729764205401500796,558.727680,0.558727680,0,0,0.0563522941172786367992117360,0.0004738908878669089355318360,0,0.2660,True,True,BASE_E3,permanent,run_dfea4b7ac1475668d5968c97
fill-permanent-00000433-1699634820000000000,permanent-00000433,BTCUSDT,futures,BUY,close_perp,1699634820000000000,1699634760000000000,1699634760000000000,1699634760000000000,0,0,all_client,vwap,1699634820000000000,1699634820000000000,1699634760000000000,0.086,0.086,37370.6,37366.80536371617354875475534,3213.8716,1.60693580,0,0,0.32633872040907480709104076,0.00498419428111571457174948,0,0.086,True,True,BASE_E3,permanent,run_dfea4b7ac1475668d5968c97
fill-permanent-00000434-1699634880000000000,permanent-00000434,BTCUSDT,spot,SELL,close_spot,1699634880000000000,1699634820000000000,1699634820000000000,1699634820000000000,0,0,all_client,vwap,1699634880000000000,1699634880000000000,1699634820000000000,0.08600,0.08600,37310.24,37313.97931812614138877173604,3208.6806400,3.2086806400,0,0,0.3215813588481594343692994400,0.0006811367122746184258628200,0,0.08600,True,True,BASE_E3,permanent,run_dfea4b7ac1475668d5968c97
fill-permanent-00000435-1699747320000000000,permanent-00000435,BTCUSDT,spot,BUY,open_spot,1699747320000000000,1699747260000000000,1699747260000000000,1699747260000000000,0,0,all_client,vwap,1699747320000000000,1699747320000000000,1699747260000000000,0.08408,0.08399592,37162.35,37158.62567910211674937555185,3124.6103880,3.1246103880,0.00008408,0,0.3131409010940237125036004520,0.0007111763841331148748504072,0,0.08408,True,True,BASE_E3,permanent,run_dfea4b7ac1475668d5968c97
fill-permanent-00000436-1699747380000000000,permanent-00000436,BTCUSDT,futures,SELL,open_perp,1699747380000000000,1699747320000000000,1699747320000000000,1699747320000000000,0,0,all_client,vwap,1699747380000000000,1699747380000000000,1699747320000000000,0.084,0.084,37203.4,37207.20887271041934206841948,3125.0856,1.56254280,0,0,0.31994530767522473374723632,0.00740475314445721127386176,0,0.084,True,True,BASE_E3,permanent,run_dfea4b7ac1475668d5968c97
fill-permanent-00000437-1700208300000000000,permanent-00000437,ETHUSDT,spot,BUY,increase_spot,1700208300000000000,1700208240000000000,1700208240000000000,1700208240000000000,0,0,all_client,vwap,1700208300000000000,1700208300000000000,1700208240000000000,0.0971,0.0970029,1975.32,1975.116761774155199999581501,191.803572,0.191803572,0.0000971,0,0.0197344317295300800406362529,0.0005560479727030330486403311,0,0.0971,True,True,BASE_E3,permanent,run_dfea4b7ac1475668d5968c97
fill-permanent-00000438-1700208360000000000,permanent-00000438,ETHUSDT,futures,SELL,increase_perp,1700208360000000000,1700208300000000000,1700208300000000000,1700208300000000000,0,0,all_client,vwap,1700208360000000000,1700208360000000000,1700208300000000000,0.097,0.097,1974.73,1974.932917386141393173931592,191.54881,0.095774405,0,0,0.019682986455715137871364424,0.000526137157069566357577303,0,0.097,True,True,BASE_E3,permanent,run_dfea4b7ac1475668d5968c97
fill-permanent-00000439-1700813100000000000,permanent-00000439,ETHUSDT,futures,BUY,reduce_perp,1700813100000000000,1700813040000000000,1700813040000000000,1700813040000000000,0,0,all_client,vwap,1700813100000000000,1700813100000000000,1700813040000000000,0.079,0.079,2078.89,2078.677315478687529116188949,164.23231,0.082116155,0,0,0.016802077183685199821073029,0.000380526391403568341055128,0,0.079,True,True,BASE_E3,permanent,run_dfea4b7ac1475668d5968c97
fill-permanent-00000440-1700813160000000000,permanent-00000440,ETHUSDT,spot,SELL,reduce_spot,1700813160000000000,1700813100000000000,1700813100000000000,1700813100000000000,0,0,all_client,vwap,1700813160000000000,1700813160000000000,1700813100000000000,0.0790,0.0790,2077.61,2077.820326832494114938689285,164.131190,0.164131190,0,0,0.0166158197670350801564535150,0.0002010391850583766484378640,0,0.0790,True,True,BASE_E3,permanent,run_dfea4b7ac1475668d5968c97
fill-permanent-00000441-1702022700000000000,permanent-00000441,ETHUSDT,futures,BUY,reduce_perp,1702022700000000000,1702022640000000000,1702022640000000000,1702022640000000000,0,0,all_client,vwap,1702022700000000000,1702022700000000000,1702022640000000000,0.172,0.172,2355.63,2355.386939054991108163352990,405.16836,0.202584180,0,0,0.041806482541529395903285720,0.001293827189783548842876100,0,0.172,True,True,BASE_E3,permanent,run_dfea4b7ac1475668d5968c97
fill-permanent-00000442-1702022760000000000,permanent-00000442,ETHUSDT,spot,SELL,reduce_spot,1702022760000000000,1702022700000000000,1702022700000000000,1702022700000000000,0,0,all_client,vwap,1702022760000000000,1702022760000000000,1702022700000000000,0.1720,0.1720,2352.07,2352.305644167510815789725256,404.556040,0.404556040,0,0,0.0405307968118603158327440320,0.0000711397321791298011606760,0,0.1720,True,True,BASE_E3,permanent,run_dfea4b7ac1475668d5968c97
fill-permanent-00000443-1702166640000000000,permanent-00000443,BTCUSDT,futures,BUY,reduce_perp,1702166640000000000,1702166580000000000,1702166580000000000,1702166580000000000,0,0,all_client,vwap,1702166640000000000,1702166640000000000,1702166580000000000,0.012,0.012,43796.8,43792.38459287449487968284032,525.5616,0.26278080,0,0,0.05298488550606144380591616,0.00043402399461204995029680,0,0.012,True,True,BASE_E3,permanent,run_dfea4b7ac1475668d5968c97
fill-permanent-00000444-1702166700000000000,permanent-00000444,BTCUSDT,spot,SELL,reduce_spot,1702166700000000000,1702166640000000000,1702166640000000000,1702166640000000000,0,0,all_client,vwap,1702166700000000000,1702166700000000000,1702166640000000000,0.01200,0.01200,43754.45,43758.82666419373448435187336,525.0534000,0.5250534000,0,0,0.0525199703248138122224803200,0.0000093783277813308412580400,0,0.01200,True,True,BASE_E3,permanent,run_dfea4b7ac1475668d5968c97
fill-permanent-00000445-1704441900000000000,permanent-00000445,ETHUSDT,spot,BUY,increase_spot,1704441900000000000,1704441840000000000,1704441840000000000,1704441840000000000,0,0,all_client,vwap,1704441900000000000,1704441900000000000,1704441840000000000,0.0721,0.0720279,2256.47,2256.237106265516009878088623,162.691487,0.162691487,0.0000721,0,0.0167916382562956877898102817,0.0005241687201213173585892528,0,0.0721,True,True,BASE_E3,permanent,run_dfea4b7ac1475668d5968c97
fill-permanent-00000446-1704441960000000000,permanent-00000446,ETHUSDT,futures,SELL,increase_perp,1704441960000000000,1704441900000000000,1704441900000000000,1704441900000000000,0,0,all_client,vwap,1704441960000000000,1704441960000000000,1704441900000000000,0.072,0.072,2254.78,2255.007538873105255099436893,162.34416,0.081172080,0,0,0.016382798863578367159456296,0.000146744583692009322740328,0,0.072,True,True,BASE_E3,permanent,run_dfea4b7ac1475668d5968c97
fill-permanent-00000447-1704984180000000000,permanent-00000447,BTCUSDT,futures,BUY,close_perp,1704984180000000000,1704984120000000000,1704984120000000000,1704984120000000000,0,0,all_client,vwap,1704984180000000000,1704984180000000000,1704984120000000000,0.072,0.072,48480.6,48475.70140834761520017020766,3490.6032,1.74530160,0,0,0.35269859897170558774504848,0.00367354883160275830382304,0,0.072,True,True,BASE_E3,permanent,run_dfea4b7ac1475668d5968c97
fill-permanent-00000448-1704984240000000000,permanent-00000448,BTCUSDT,spot,SELL,close_spot,1704984240000000000,1704984180000000000,1704984180000000000,1704984180000000000,0,0,all_client,vwap,1704984240000000000,1704984240000000000,1704984180000000000,0.07200,0.07200,48463.36,48468.21049118181961922360796,3489.3619200,3.4893619200,0,0,0.3492353650910125840997731200,0.0002642495545034828413632000,0,0.07200,True,True,BASE_E3,permanent,run_dfea4b7ac1475668d5968c97
fill-permanent-00000449-1704984660000000000,permanent-00000449,ETHUSDT,futures,BUY,close_perp,1704984660000000000,1704984600000000000,1704984600000000000,1704984600000000000,0,0,all_client,vwap,1704984660000000000,1704984660000000000,1704984600000000000,1.414,1.414,2677.95,2677.679336489415615338821068,3786.62130,1.893310650,0,0,0.382718203966319910907009848,0.004094345786716542898100700,0,1.414,True,True,BASE_E3,permanent,run_dfea4b7ac1475668d5968c97
fill-permanent-00000450-1704984720000000000,permanent-00000450,ETHUSDT,spot,SELL,close_spot,1704984720000000000,1704984660000000000,1704984660000000000,1704984660000000000,0,0,all_client,vwap,1704984720000000000,1704984720000000000,1704984660000000000,1.4140,1.4140,2676.91,2677.180833891297089486889253,3785.150740,3.785150740,0,0,0.3829591222940845344614037420,0.0044057523818551260079574960,0,1.4140,True,True,BASE_E3,permanent,run_dfea4b7ac1475668d5968c97
fill-permanent-00000451-1705075320000000000,permanent-00000451,BTCUSDT,spot,BUY,open_spot,1705075320000000000,1705075260000000000,1705075260000000000,1705075260000000000,0,0,all_client,vwap,1705075320000000000,1705075320000000000,1705075260000000000,0.07107,0.07099893,44333.10,44328.65925617416126096548800,3150.7534170,3.1507534170,0.00007107,0,0.3156036637023591831827678400,0.0005598823687294191010860315,0,0.07107,True,True,BASE_E3,permanent,run_dfea4b7ac1475668d5968c97
fill-permanent-00000452-1705075320000000000,permanent-00000452,ETHUSDT,spot,BUY,open_spot,1705075320000000000,1705075260000000000,1705075260000000000,1705075260000000000,0,0,all_client,vwap,1705075320000000000,1705075320000000000,1705075260000000000,1.2072,1.2059928,2648.16,2647.895064536841986684840770,3196.858752,3.196858752,0.0012072,0,0.3198300911243536740602224560,0.0001761989334661094276285712,0,1.2072,True,True,BASE_E3,permanent,run_dfea4b7ac1475668d5968c97
fill-permanent-00000453-1705075380000000000,permanent-00000453,BTCUSDT,futures,SELL,open_perp,1705075380000000000,1705075320000000000,1705075320000000000,1705075320000000000,0,0,all_client,vwap,1705075380000000000,1705075380000000000,1705075320000000000,0.071,0.071,44472.2,44476.65994568333596906388569,3157.5262,1.57876310,0,0,0.31665614351685380353588399,0.00087185790250211815553030,0,0.071,True,True,BASE_E3,permanent,run_dfea4b7ac1475668d5968c97
fill-permanent-00000454-1705075380000000000,permanent-00000454,ETHUSDT,futures,SELL,open_perp,1705075380000000000,1705075320000000000,1705075320000000000,1705075320000000000,0,0,all_client,vwap,1705075380000000000,1705075380000000000,1705075320000000000,1.206,1.206,2654.11,2654.382250820255604810968591,3200.85666,1.600428330,0,0,0.328334489228259402028120746,0.008215989779336576087917764,0,1.206,True,True,BASE_E3,permanent,run_dfea4b7ac1475668d5968c97
fill-permanent-00000455-1705680240000000000,permanent-00000455,BTCUSDT,spot,BUY,increase_spot,1705680240000000000,1705680180000000000,1705680180000000000,1705680180000000000,0,0,all_client,vwap,1705680240000000000,1705680240000000000,1705680180000000000,0.00701,0.00700299,40938.31,40934.21527016880553339599209,286.9775531,0.2869775531,0.00000701,0,0.0287040561166732108940954491,0.0000091712122848782151848531,0,0.00701,True,True,BASE_E3,permanent,run_dfea4b7ac1475668d5968c97
fill-permanent-00000456-1705680240000000000,permanent-00000456,ETHUSDT,spot,BUY,increase_spot,1705680240000000000,1705680180000000000,1705680180000000000,1705680180000000000,0,0,all_client,vwap,1705680240000000000,1705680240000000000,1705680180000000000,0.0911,0.0910089,2465.95,2465.693745397874285633601960,224.648045,0.224648045,0.0000911,0,0.0233447942536525787788614440,0.0008823242330779440367393480,0,0.0911,True,True,BASE_E3,permanent,run_dfea4b7ac1475668d5968c97
fill-permanent-00000457-1705680300000000000,permanent-00000457,BTCUSDT,futures,SELL,increase_perp,1705680300000000000,1705680240000000000,1705680240000000000,1705680240000000000,0,0,all_client,vwap,1705680300000000000,1705680300000000000,1705680240000000000,0.007,0.007,40938.0,40942.12730122271800572111915,286.5660,0.14328300,0,0,0.02889110855902604004783405,0.00023161944817013744382928,0,0.007,True,True,BASE_E3,permanent,run_dfea4b7ac1475668d5968c97
fill-permanent-00000458-1705680300000000000,permanent-00000458,ETHUSDT,futures,SELL,increase_perp,1705680300000000000,1705680240000000000,1705680240000000000,1705680240000000000,0,0,all_client,vwap,1705680300000000000,1705680300000000000,1705680240000000000,0.091,0.091,2466.97,2467.225001211189452639262563,224.49427,0.112247135,0,0,0.023205110218240190172893233,0.000753362707218366153875967,0,0.091,True,True,BASE_E3,permanent,run_dfea4b7ac1475668d5968c97
fill-permanent-00000459-1706285040000000000,permanent-00000459,ETHUSDT,spot,BUY,increase_spot,1706285040000000000,1706284980000000000,1706284980000000000,1706284980000000000,0,0,all_client,vwap,1706285040000000000,1706285040000000000,1706284980000000000,0.1061,0.1059939,2260.79,2260.562779243401477291514698,239.869819,0.239869819,0.0001061,0,0.0241081222751032593702905422,0.0001235511873307696962276211,0,0.1061,True,True,BASE_E3,permanent,run_dfea4b7ac1475668d5968c97
fill-permanent-00000460-1706285100000000000,permanent-00000460,ETHUSDT,futures,SELL,increase_perp,1706285100000000000,1706285040000000000,1706285040000000000,1706285040000000000,0,0,all_client,vwap,1706285100000000000,1706285100000000000,1706285040000000000,0.106,0.106,2257.54,2257.775609011477398107294569,239.29924,0.119649620,0,0,0.024974555216604199373224314,0.001042133761082538953287040,0,0.106,True,True,BASE_E3,permanent,run_dfea4b7ac1475668d5968c97
fill-permanent-00000461-1706889840000000000,permanent-00000461,BTCUSDT,futures,BUY,reduce_perp,1706889840000000000,1706889780000000000,1706889780000000000,1706889780000000000,0,0,all_client,vwap,1706889840000000000,1706889840000000000,1706889780000000000,0.005,0.005,43389.9,43385.50247514950896098437082,216.9495,0.10847475,0,0,0.02198762425245519507814590,0.00029487301488044059765370,0,0.005,True,True,BASE_E3,permanent,run_dfea4b7ac1475668d5968c97
fill-permanent-00000462-1706889900000000000,permanent-00000462,BTCUSDT,spot,SELL,reduce_spot,1706889900000000000,1706889840000000000,1706889840000000000,1706889840000000000,0,0,all_client,vwap,1706889900000000000,1706889900000000000,1706889840000000000,0.00500,0.00500,43381.42,43385.76242014963606359471683,216.9071000,0.2169071000,0,0,0.0217121007481803179735841500,0.0000192195381054999417868000,0,0.00500,True,True,BASE_E3,permanent,run_dfea4b7ac1475668d5968c97
fill-permanent-00000463-1707494640000000000,permanent-00000463,BTCUSDT,futures,BUY,reduce_perp,1707494640000000000,1707494580000000000,1707494580000000000,1707494580000000000,0,0,all_client,vwap,1707494640000000000,1707494640000000000,1707494580000000000,0.006,0.006,47209.1,47204.29535317265638863083620,283.2546,0.14162730,0,0,0.02882788096406166821498280,0.00050530375215807438180432,0,0.006,True,True,BASE_E3,permanent,run_dfea4b7ac1475668d5968c97
fill-permanent-00000464-1707494640000000000,permanent-00000464,ETHUSDT,futures,BUY,reduce_perp,1707494640000000000,1707494580000000000,1707494580000000000,1707494580000000000,0,0,all_client,vwap,1707494640000000000,1707494640000000000,1707494580000000000,0.117,0.117,2494.89,2494.638819107985048686181192,291.90213,0.145951065,0,0,0.029388164365749303716800536,0.000200890182185878647172230,0,0.117,True,True,BASE_E3,permanent,run_dfea4b7ac1475668d5968c97
fill-permanent-00000465-1707494700000000000,permanent-00000465,BTCUSDT,spot,SELL,reduce_spot,1707494700000000000,1707494640000000000,1707494640000000000,1707494640000000000,0,0,all_client,vwap,1707494700000000000,1707494700000000000,1707494640000000000,0.00600,0.00600,47220.36,47225.08770001734574219379382,283.3221600,0.2833221600,0,0,0.0283662001040744531627629200,0.0000311474840640457174466400,0,0.00600,True,True,BASE_E3,permanent,run_dfea4b7ac1475668d5968c97
fill-permanent-00000466-1707494700000000000,permanent-00000466,ETHUSDT,spot,SELL,reduce_spot,1707494700000000000,1707494640000000000,1707494640000000000,1707494640000000000,0,0,all_client,vwap,1707494700000000000,1707494700000000000,1707494640000000000,0.1170,0.1170,2494.51,2494.764786412136188537235727,291.857670,0.291857670,0,0,0.0298100102199340588565800590,0.0006212622189120654506943510,0,0.1170,True,True,BASE_E3,permanent,run_dfea4b7ac1475668d5968c97
fill-permanent-00000467-1708099440000000000,permanent-00000467,BTCUSDT,futures,BUY,reduce_perp,1708099440000000000,1708099380000000000,1708099380000000000,1708099380000000000,0,0,all_client,vwap,1708099440000000000,1708099440000000000,1708099380000000000,0.006,0.006,51933.3,51928.01210258031837492350980,311.5998,0.15579990,0,0,0.03172738451808975045894120,0.00057057725654155943398710,0,0.006,True,True,BASE_E3,permanent,run_dfea4b7ac1475668d5968c97
fill-permanent-00000468-1708099440000000000,permanent-00000468,ETHUSDT,futures,BUY,reduce_perp,1708099440000000000,1708099380000000000,1708099380000000000,1708099380000000000,0,0,all_client,vwap,1708099440000000000,1708099440000000000,1708099380000000000,0.129,0.129,2779.51,2779.224542413180627163111258,358.55679,0.179278395,0,0,0.036824028699699095958647718,0.000972032102569065868243599,0,0.129,True,True,BASE_E3,permanent,run_dfea4b7ac1475668d5968c97
fill-permanent-00000469-1708099500000000000,permanent-00000469,BTCUSDT,spot,SELL,reduce_spot,1708099500000000000,1708099440000000000,1708099440000000000,1708099440000000000,0,0,all_client,vwap,1708099500000000000,1708099500000000000,1708099440000000000,0.00600,0.00600,51920.45,51925.64810249184304683103900,311.5227000,0.3115227000,0,0,0.0311886149510582809862340000,0.0000332260895631751581354000,0,0.00600,True,True,BASE_E3,permanent,run_dfea4b7ac1475668d5968c97
fill-permanent-00000470-1708099500000000000,permanent-00000470,ETHUSDT,spot,SELL,reduce_spot,1708099500000000000,1708099440000000000,1708099440000000000,1708099440000000000,0,0,all_client,vwap,1708099500000000000,1708099500000000000,1708099440000000000,0.1290,0.1290,2779.68,2779.958587886096766444676085,358.578720,0.358578720,0,0,0.0359378373064828713632149650,0.0000763715227522230760785930,0,0.1290,True,True,BASE_E3,permanent,run_dfea4b7ac1475668d5968c97
fill-permanent-00000471-1708704240000000000,permanent-00000471,ETHUSDT,futures,BUY,reduce_perp,1708704240000000000,1708704180000000000,1708704180000000000,1708704180000000000,0,0,all_client,vwap,1708704240000000000,1708704240000000000,1708704180000000000,0.056,0.056,2918.02,2917.725204419033401007870185,163.40912,0.081704560,0,0,0.016508552534129543559269640,0.000169291389382956513625568,0,0.056,True,True,BASE_E3,permanent,run_dfea4b7ac1475668d5968c97
fill-permanent-00000472-1708704300000000000,permanent-00000472,ETHUSDT,spot,SELL,reduce_spot,1708704300000000000,1708704240000000000,1708704240000000000,1708704240000000000,0,0,all_client,vwap,1708704300000000000,1708704300000000000,1708704240000000000,0.0560,0.0560,2912.72,2913.015681488453118565437153,163.112320,0.163112320,0,0,0.0165581633533746396644805680,0.0002452755370393022005141040,0,0.0560,True,True,BASE_E3,permanent,run_dfea4b7ac1475668d5968c97
fill-permanent-00000473-1709037960000000000,permanent-00000473,BTCUSDT,futures,BUY,close_perp,1709037960000000000,1709037900000000000,1709037900000000000,1709037900000000000,0,0,all_client,vwap,1709037960000000000,1709037960000000000,1709037900000000000,0.061,0.061,57382.0,57376.22716352544268099835836,3500.3020,1.75015100,0,0,0.35214302494799645910014004,0.00214803925049125874604980,0,0.061,True,True,BASE_E3,permanent,run_dfea4b7ac1475668d5968c97
fill-permanent-00000474-1709038020000000000,permanent-00000474,BTCUSDT,spot,SELL,close_spot,1709038020000000000,1709037960000000000,1709037960000000000,1709037960000000000,0,0,all_client,vwap,1709038020000000000,1709038020000000000,1709037960000000000,0.06100,0.06100,57224.28,57230.01110281395431568938808,3490.6810800,3.4906810800,0,0,0.3495972716512132570526728800,0.0004942039240481357269675400,0,0.06100,True,True,BASE_E3,permanent,run_dfea4b7ac1475668d5968c97
fill-permanent-00000475-1709136120000000000,permanent-00000475,BTCUSDT,spot,BUY,open_spot,1709136120000000000,1709136060000000000,1709136060000000000,1709136060000000000,0,0,all_client,vwap,1709136120000000000,1709136120000000000,1709136060000000000,0.05205,0.05199795,61093.28,61087.16544828461973007742591,3179.9052240,3.1799052240,0.00005205,0,0.3182624167855430494699813845,0.0003037206272216037749285175,0,0.05205,True,True,BASE_E3,permanent,run_dfea4b7ac1475668d5968c97
fill-permanent-00000476-1709136180000000000,permanent-00000476,BTCUSDT,futures,SELL,open_perp,1709136180000000000,1709136120000000000,1709136120000000000,1709136120000000000,0,0,all_client,vwap,1709136180000000000,1709136180000000000,1709136120000000000,0.052,0.052,61226.9,61233.05682960414408646113376,3183.7988,1.59189940,0,0,0.32015513941549249597895552,0.00174324390155094672935780,0,0.052,True,True,BASE_E3,permanent,run_dfea4b7ac1475668d5968c97
fill-permanent-00000477-1709137920000000000,permanent-00000477,ETHUSDT,futures,BUY,close_perp,1709137920000000000,1709137860000000000,1709137860000000000,1709137860000000000,0,0,all_client,vwap,1709137920000000000,1709137920000000000,1709137860000000000,1.101,1.101,3395.44,3395.091609114711999114013181,3738.37944,1.869189720,0,0,0.383578364702088975471487719,0.009778778538559184369035218,0,1.101,True,True,BASE_E3,permanent,run_dfea4b7ac1475668d5968c97
fill-permanent-00000478-1709137980000000000,permanent-00000478,ETHUSDT,spot,SELL,close_spot,1709137980000000000,1709137920000000000,1709137920000000000,1709137920000000000,0,0,all_client,vwap,1709137980000000000,1709137980000000000,1709137920000000000,1.1010,1.1010,3384.67,3385.012011120243599828019464,3726.521670,3.726521670,0,0,0.3765542433882034106494298640,0.0038644209638645903083648620,0,1.1010,True,True,BASE_E3,permanent,run_dfea4b7ac1475668d5968c97
fill-permanent-00000479-1709251320000000000,permanent-00000479,ETHUSDT,spot,BUY,open_spot,1709251320000000000,1709251260000000000,1709251260000000000,1709251260000000000,0,0,all_client,vwap,1709251320000000000,1709251320000000000,1709251260000000000,0.9629,0.9619371,3341.72,3341.379694655208490004372386,3217.742188,3.217742188,0.0009629,0,0.3276800164997449747898295206,0.0059385657013949492873087333,0,0.9629,True,True,BASE_E3,permanent,run_dfea4b7ac1475668d5968c97
fill-permanent-00000480-1709251380000000000,permanent-00000480,ETHUSDT,futures,SELL,open_perp,1709251380000000000,1709251320000000000,1709251320000000000,1709251320000000000,0,0,all_client,vwap,1709251380000000000,1709251380000000000,1709251320000000000,0.962,0.962,3346.01,3346.347301916598732461143081,3218.86162,1.609430810,0,0,0.324484443767980627619643922,0.002565833323603829556882254,0,0.962,True,True,BASE_E3,permanent,run_dfea4b7ac1475668d5968c97
fill-permanent-00000481-1709741040000000000,permanent-00000481,BTCUSDT,futures,BUY,reduce_perp,1709741040000000000,1709740980000000000,1709740980000000000,1709740980000000000,0,0,all_client,vwap,1709741040000000000,1709741040000000000,1709740980000000000,0.004,0.004,66700.0,66693.31340367758848297910945,266.8000,0.13340000,0,0,0.02674638528964606808356220,0.00006905992817503269037056,0,0.004,True,True,BASE_E3,permanent,run_dfea4b7ac1475668d5968c97
fill-permanent-00000482-1709741100000000000,permanent-00000482,BTCUSDT,spot,SELL,reduce_spot,1709741100000000000,1709741040000000000,1709741040000000000,1709741040000000000,0,0,all_client,vwap,1709741100000000000,1709741100000000000,1709741040000000000,0.00400,0.00400,66614.27,66620.94093536539685013903514,266.4570800,0.2664570800,0,0,0.0266837414615874005561405600,0.0000353650874412418160849600,0,0.00400,True,True,BASE_E3,permanent,run_dfea4b7ac1475668d5968c97
fill-permanent-00000483-1709856240000000000,permanent-00000483,ETHUSDT,futures,BUY,reduce_perp,1709856240000000000,1709856180000000000,1709856180000000000,1709856180000000000,0,0,all_client,vwap,1709856240000000000,1709856240000000000,1709856180000000000,0.127,0.127,3876.05,3875.658569335969316942276390,492.25835,0.246129175,0,0,0.049711694331896748330898470,0.000490830501329938005731514,0,0.127,True,True,BASE_E3,permanent,run_dfea4b7ac1475668d5968c97
fill-permanent-00000484-1709856300000000000,permanent-00000484,ETHUSDT,spot,SELL,reduce_spot,1709856300000000000,1709856240000000000,1709856240000000000,1709856240000000000,0,0,all_client,vwap,1709856300000000000,1709856300000000000,1709856240000000000,0.1270,0.1270,3871.35,3871.740831408392291703329769,491.661450,0.491661450,0,0,0.0496355888658210463228806630,0.0004644803069344642182483720,0,0.1270,True,True,BASE_E3,permanent,run_dfea4b7ac1475668d5968c97
fill-permanent-00000485-1710345840000000000,permanent-00000485,BTCUSDT,futures,BUY,reduce_perp,1710345840000000000,1710345780000000000,1710345780000000000,1710345780000000000,0,0,all_client,vwap,1710345840000000000,1710345840000000000,1710345780000000000,0.004,0.004,72594.2,72586.85113652374019630864603,290.3768,0.14518840,0,0,0.02939545390503921476541588,0.00036071345042971868689244,0,0.004,True,True,BASE_E3,permanent,run_dfea4b7ac1475668d5968c97
fill-permanent-00000486-1710345900000000000,permanent-00000486,BTCUSDT,spot,SELL,reduce_spot,1710345900000000000,1710345840000000000,1710345840000000000,1710345840000000000,0,0,all_client,vwap,1710345900000000000,1710345900000000000,1710345840000000000,0.00400,0.00400,72523.24,72530.50247513365154004246837,290.0929600,0.2900929600,0,0,0.0290499005346061601698734800,0.0000376995445526995538564800,0,0.00400,True,True,BASE_E3,permanent,run_dfea4b7ac1475668d5968c97
fill-permanent-00000487-1710950640000000000,permanent-00000487,BTCUSDT,spot,BUY,increase_spot,1710950640000000000,1710950580000000000,1710950580000000000,1710950580000000000,0,0,all_client,vwap,1710950640000000000,1710950640000000000,1710950580000000000,0.00701,0.00700299,63544.97,63538.60882992979051064711479,445.4502397,0.4454502397,0.00000701,0,0.0445918021921685203637253221,0.0000512374023877372157617050,0,0.00701,True,True,BASE_E3,permanent,run_dfea4b7ac1475668d5968c97
fill-permanent-00000488-1710950700000000000,permanent-00000488,BTCUSDT,futures,SELL,increase_perp,1710950700000000000,1710950640000000000,1710950640000000000,1710950640000000000,0,0,all_client,vwap,1710950700000000000,1710950700000000000,1710950640000000000,0.007,0.007,63692.8,63699.20131005325263588201564,445.8496,0.22292480,0,0,0.04480917037276845117410948,0.00021972945573117432899208,0,0.007,True,True,BASE_E3,permanent,run_dfea4b7ac1475668d5968c97
fill-permanent-00000489-1711065840000000000,permanent-00000489,ETHUSDT,spot,BUY,increase_spot,1711065840000000000,1711065780000000000,1711065780000000000,1711065780000000000,0,0,all_client,vwap,1711065840000000000,1711065840000000000,1711065780000000000,0.0981,0.0980019,3496.00,3495.650237766653075195383082,342.957600,0.342957600,0.0000981,0,0.0343116750913333233329196558,0.0000193462588424566652529780,0,0.0981,True,True,BASE_E3,permanent,run_dfea4b7ac1475668d5968c97
fill-permanent-00000490-1711065900000000000,permanent-00000490,ETHUSDT,futures,SELL,increase_perp,1711065900000000000,1711065840000000000,1711065840000000000,1711065840000000000,0,0,all_client,vwap,1711065900000000000,1711065900000000000,1711065840000000000,0.098,0.098,3497.01,3497.363405989159960332657839,342.70698,0.171353490,0,0,0.034633786937676112600468222,0.000359625558982344989208154,0,0.098,True,True,BASE_E3,permanent,run_dfea4b7ac1475668d5968c97
fill-permanent-00000491-1711555440000000000,permanent-00000491,BTCUSDT,futures,BUY,reduce_perp,1711555440000000000,1711555380000000000,1711555380000000000,1711555380000000000,0,0,all_client,vwap,1711555440000000000,1711555440000000000,1711555380000000000,0.004,0.004,69253.6,69246.64306151776678318585596,277.0144,0.13850720,0,0,0.02782775392893286725657616,0.00012909670432576054330180,0,0.004,True,True,BASE_E3,permanent,run_dfea4b7ac1475668d5968c97
fill-permanent-00000492-1711555500000000000,permanent-00000492,BTCUSDT,spot,SELL,reduce_spot,1711555500000000000,1711555440000000000,1711555440000000000,1711555440000000000,0,0,all_client,vwap,1711555500000000000,1711555500000000000,1711555440000000000,0.00400,0.00400,69219.01,69225.94120877027304244232165,276.8760400,0.2768760400,0,0,0.0277248350810921697692866000,0.0000344585975840605523096800,0,0.00400,True,True,BASE_E3,permanent,run_dfea4b7ac1475668d5968c97
fill-permanent-00000493-1712160240000000000,permanent-00000493,BTCUSDT,spot,BUY,increase_spot,1712160240000000000,1712160180000000000,1712160180000000000,1712160180000000000,0,0,all_client,vwap,1712160240000000000,1712160240000000000,1712160180000000000,0.00200,0.00199800,65997.36,65990.75156696594173043397939,131.9947200,0.1319947200,0.00000200,0,0.0132168660681165391320412200,0.0000187157547233507859544200,0,0.00200,True,True,BASE_E3,permanent,run_dfea4b7ac1475668d5968c97
fill-permanent-00000494-1712160300000000000,permanent-00000494,BTCUSDT,futures,SELL,increase_perp,1712160300000000000,1712160240000000000,1712160240000000000,1712160240000000000,0,0,all_client,vwap,1712160300000000000,1712160300000000000,1712160240000000000,0.002,0.002,66032.4,66039.09887091906478013101600,132.0648,0.06603240,0,0,0.01339774183812956026203200,0.00018992206394574730600580,0,0.002,True,True,BASE_E3,permanent,run_dfea4b7ac1475668d5968c97
fill-permanent-00000495-1712275440000000000,permanent-00000495,ETHUSDT,spot,BUY,increase_spot,1712275440000000000,1712275380000000000,1712275380000000000,1712275380000000000,0,0,all_client,vwap,1712275440000000000,1712275440000000000,1712275380000000000,0.0551,0.0550449,3320.64,3320.301966264734386621289639,182.967264,0.182967264,0.0000551,0,0.0186256588131352971669408911,0.0003307949790166106966575832,0,0.0551,True,True,BASE_E3,permanent,run_dfea4b7ac1475668d5968c97
fill-permanent-00000496-1712275500000000000,permanent-00000496,ETHUSDT,futures,SELL,increase_perp,1712275500000000000,1712275440000000000,1712275440000000000,1712275440000000000,0,0,all_client,vwap,1712275500000000000,1712275500000000000,1712275440000000000,0.055,0.055,3320.78,3321.112990741017349156441145,182.64290,0.091321450,0,0,0.018314490755954203604262975,0.000048369306878608183902555,0,0.055,True,True,BASE_E3,permanent,run_dfea4b7ac1475668d5968c97
fill-permanent-00000497-1712880240000000000,permanent-00000497,ETHUSDT,futures,BUY,reduce_perp,1712880240000000000,1712880180000000000,1712880180000000000,1712880180000000000,0,0,all_client,vwap,1712880240000000000,1712880240000000000,1712880180000000000,0.050,0.050,3510.78,3510.421961376041396321087056,175.53900,0.087769500,0,0,0.017901931197930183945647200,0.000349821391049976964041750,0,0.050,True,True,BASE_E3,permanent,run_dfea4b7ac1475668d5968c97
fill-permanent-00000498-1712880300000000000,permanent-00000498,ETHUSDT,spot,SELL,reduce_spot,1712880300000000000,1712880240000000000,1712880240000000000,1712880240000000000,0,0,all_client,vwap,1712880300000000000,1712880300000000000,1712880240000000000,0.0500,0.0500,3507.61,3507.965007019882394511401641,175.380500,0.175380500,0,0,0.0177503509941197255700820500,0.0002105259590203135975250500,0,0.0500,True,True,BASE_E3,permanent,run_dfea4b7ac1475668d5968c97
fill-permanent-00000499-1713369840000000000,permanent-00000499,BTCUSDT,spot,BUY,increase_spot,1713369840000000000,1713369780000000000,1713369780000000000,1713369780000000000,0,0,all_client,vwap,1713369840000000000,1713369840000000000,1713369780000000000,0.00501,0.00500499,60226.36,60220.33002645343650628339685,301.7340636,0.3017340636,0.00000501,0,0.0302101674682831035201817815,0.0000397821250299318305337981,0,0.00501,True,True,BASE_E3,permanent,run_dfea4b7ac1475668d5968c97
fill-permanent-00000500-1713369900000000000,permanent-00000500,BTCUSDT,futures,SELL,increase_perp,1713369900000000000,1713369840000000000,1713369840000000000,1713369840000000000,0,0,all_client,vwap,1713369900000000000,1713369900000000000,1713369840000000000,0.005,0.005,60082.4,60088.43803951834519355586330,300.4120,0.15020600,0,0,0.03019019759172596777931650,0.00014597857196679518253855,0,0.005,True,True,BASE_E3,permanent,run_dfea4b7ac1475668d5968c97
fill-permanent-00000501-1713485040000000000,permanent-00000501,ETHUSDT,spot,BUY,increase_spot,1713485040000000000,1713484980000000000,1713484980000000000,1713484980000000000,0,0,all_client,vwap,1713485040000000000,1713485040000000000,1713484980000000000,0.1381,0.1379619,3061.25,3060.937199997788766380404048,422.758625,0.422758625,0.0001381,0,0.0431976803053713628662009712,0.0009261375734019000024876472,0,0.1381,True,True,BASE_E3,permanent,run_dfea4b7ac1475668d5968c97
fill-permanent-00000502-1713485100000000000,permanent-00000502,ETHUSDT,futures,SELL,increase_perp,1713485100000000000,1713485040000000000,1713485040000000000,1713485040000000000,0,0,all_client,vwap,1713485100000000000,1713485100000000000,1713485040000000000,0.138,0.138,3058.89,3059.199743509716993187783228,422.12682,0.211063410,0,0,0.042744604340945059914085464,0.000527647880510965408094100,0,0.138,True,True,BASE_E3,permanent,run_dfea4b7ac1475668d5968c97
fill-permanent-00000503-1713974640000000000,permanent-00000503,BTCUSDT,futures,BUY,reduce_perp,1713974640000000000,1713974580000000000,1713974580000000000,1713974580000000000,0,0,all_client,vwap,1713974640000000000,1713974640000000000,1713974580000000000,0.004,0.004,64758.8,64752.28772351964041430525699,259.0352,0.12951760,0,0,0.02604910592143834277897204,0.00014819083203048661324992,0,0.004,True,True,BASE_E3,permanent,run_dfea4b7ac1475668d5968c97
fill-permanent-00000504-1713974700000000000,permanent-00000504,BTCUSDT,spot,SELL,reduce_spot,1713974700000000000,1713974640000000000,1713974640000000000,1713974640000000000,0,0,all_client,vwap,1713974700000000000,1713974700000000000,1713974640000000000,0.00400,0.00400,64870.76,64877.25004457575266393509764,259.4830400,0.2594830400,0,0,0.0259601783030106557403905600,0.0000092782851803546748165200,0,0.00400,True,True,BASE_E3,permanent,run_dfea4b7ac1475668d5968c97
fill-permanent-00000505-1714579440000000000,permanent-00000505,BTCUSDT,spot,BUY,increase_spot,1714579440000000000,1714579380000000000,1714579380000000000,1714579380000000000,0,0,all_client,vwap,1714579440000000000,1714579440000000000,1714579380000000000,0.00700,0.00699300,56970.03,56964.33108323031804371350842,398.7902100,0.3987902100,0.00000700,0,0.0398924173877736940054410600,0.0000173856295124713748416100,0,0.00700,True,True,BASE_E3,permanent,run_dfea4b7ac1475668d5968c97
fill-permanent-00000506-1714579500000000000,permanent-00000506,BTCUSDT,futures,SELL,increase_perp,1714579500000000000,1714579440000000000,1714579440000000000,1714579440000000000,0,0,all_client,vwap,1714579500000000000,1714579500000000000,1714579440000000000,0.007,0.007,56996.0,57001.79691708583764091618550,398.9720,0.19948600,0,0,0.04057841960086348641329850,0.00067716175890340006465716,0,0.007,True,True,BASE_E3,permanent,run_dfea4b7ac1475668d5968c97
fill-permanent-00000507-1715184240000000000,permanent-00000507,BTCUSDT,futures,BUY,reduce_perp,1715184240000000000,1715184180000000000,1715184180000000000,1715184180000000000,0,0,all_client,vwap,1715184240000000000,1715184240000000000,1715184180000000000,0.004,0.004,62194.0,62187.73830728288166722890663,248.7760,0.12438800,0,0,0.02504677086847333108437348,0.00017167554556017841748192,0,0.004,True,True,BASE_E3,permanent,run_dfea4b7ac1475668d5968c97
fill-permanent-00000508-1715184300000000000,permanent-00000508,BTCUSDT,spot,SELL,reduce_spot,1715184300000000000,1715184240000000000,1715184240000000000,1715184240000000000,0,0,all_client,vwap,1715184300000000000,1715184300000000000,1715184240000000000,0.00400,0.00400,62151.95,62158.17518018273070040856200,248.6078000,0.2486078000,0,0,0.0249007207309228016342480000,0.0000374506588497093540845600,0,0.00400,True,True,BASE_E3,permanent,run_dfea4b7ac1475668d5968c97
fill-permanent-00000509-1716393840000000000,permanent-00000509,BTCUSDT,futures,BUY,reduce_perp,1716393840000000000,1716393780000000000,1716393780000000000,1716393780000000000,0,0,all_client,vwap,1716393840000000000,1716393840000000000,1716393780000000000,0.007,0.007,70412.2,70405.07422207453403826887405,492.8854,0.24644270,0,0,0.04988044547826173211788165,0.00059689352280955829109342,0,0.007,True,True,BASE_E3,permanent,run_dfea4b7ac1475668d5968c97
fill-permanent-00000510-1716393900000000000,permanent-00000510,BTCUSDT,spot,SELL,reduce_spot,1716393900000000000,1716393840000000000,1716393840000000000,1716393840000000000,0,0,all_client,vwap,1716393900000000000,1716393900000000000,1716393840000000000,0.00700,0.00700,70306.16,70313.19806904247431156964324,492.1431200,0.4921431200,0,0,0.0492664832973201809875026800,0.0000472446489904489694039600,0,0.00700,True,True,BASE_E3,permanent,run_dfea4b7ac1475668d5968c97
fill-permanent-00000511-1716509040000000000,permanent-00000511,ETHUSDT,futures,BUY,reduce_perp,1716509040000000000,1716508980000000000,1716508980000000000,1716508980000000000,0,0,all_client,vwap,1716509040000000000,1716509040000000000,1716508980000000000,0.202,0.202,3775.87,3775.485975209862372991695964,762.72574,0.381362870,0,0,0.077573007607800655677415272,0.001308190908561435742982932,0,0.202,True,True,BASE_E3,permanent,run_dfea4b7ac1475668d5968c97
fill-permanent-00000512-1716509100000000000,permanent-00000512,ETHUSDT,spot,SELL,reduce_spot,1716509100000000000,1716509040000000000,1716509040000000000,1716509040000000000,0,0,all_client,vwap,1716509100000000000,1716509100000000000,1716509040000000000,0.2020,0.2020,3770.94,3771.324146364082478491819708,761.729880,0.761729880,0,0,0.0775975655446606553475810160,0.0014168177881061892820462520,0,0.2020,True,True,BASE_E3,permanent,run_dfea4b7ac1475668d5968c97
fill-permanent-00000513-1716998640000000000,permanent-00000513,BTCUSDT,spot,BUY,increase_spot,1716998640000000000,1716998580000000000,1716998580000000000,1716998580000000000,0,0,all_client,vwap,1716998640000000000,1716998640000000000,1716998580000000000,0.00301,0.00300699,67201.48,67194.75198680942977118191081,202.2764548,0.2022764548,0.00000301,0,0.0202513197036163887424484619,0.0000256993555867503813227100,0,0.00301,True,True,BASE_E3,permanent,run_dfea4b7ac1475668d5968c97
fill-permanent-00000514-1716998700000000000,permanent-00000514,BTCUSDT,futures,SELL,increase_perp,1716998700000000000,1716998640000000000,1716998640000000000,1716998640000000000,0,0,all_client,vwap,1716998700000000000,1716998700000000000,1716998640000000000,0.003,0.003,67251.7,67258.42913920290037513532566,201.7551,0.10087755,0,0,0.02018741760870112540597698,0.00000988886694025529343639,0,0.003,True,True,BASE_E3,permanent,run_dfea4b7ac1475668d5968c97
fill-permanent-00000515-1717603440000000000,permanent-00000515,BTCUSDT,futures,BUY,reduce_perp,1717603440000000000,1717603380000000000,1717603380000000000,1717603380000000000,0,0,all_client,vwap,1717603440000000000,1717603440000000000,1717603380000000000,0.003,0.003,71697.1,71689.85375158773362366176737,215.0913,0.10754565,0,0,0.02173874523679912901469789,0.00023178911132280892759935,0,0.003,True,True,BASE_E3,permanent,run_dfea4b7ac1475668d5968c97
fill-permanent-00000516-1717603500000000000,permanent-00000516,BTCUSDT,spot,SELL,reduce_spot,1717603500000000000,1717603440000000000,1717603440000000000,1717603440000000000,0,0,all_client,vwap,1717603500000000000,1717603500000000000,1717603440000000000,0.00300,0.00300,71602.49,71609.65578197628750704628834,214.8074700,0.2148074700,0,0,0.0214973459288625211388650200,0.0000144491942696348867511300,0,0.00300,True,True,BASE_E3,permanent,run_dfea4b7ac1475668d5968c97
fill-permanent-00000517-1718323440000000000,permanent-00000517,ETHUSDT,spot,BUY,increase_spot,1718323440000000000,1718323380000000000,1718323380000000000,1718323380000000000,0,0,all_client,vwap,1718323440000000000,1718323440000000000,1718323380000000000,0.0791,0.0790209,3477.27,3476.920333554060931762336575,275.052057,0.275052057,0.0000791,0,0.0276586158737802975991769175,0.0001561760353676756289368081,0,0.0791,True,True,BASE_E3,permanent,run_dfea4b7ac1475668d5968c97
fill-permanent-00000518-1718323500000000000,permanent-00000518,ETHUSDT,futures,SELL,increase_perp,1718323500000000000,1718323440000000000,1718323440000000000,1718323440000000000,0,0,all_client,vwap,1718323500000000000,1718323500000000000,1718323440000000000,0.079,0.079,3476.82,3477.168845852263816885498890,274.66878,0.137334390,0,0,0.027558822328841533954412310,0.000089188446608649801016860,0,0.079,True,True,BASE_E3,permanent,run_dfea4b7ac1475668d5968c97
fill-permanent-00000519-1718813040000000000,permanent-00000519,BTCUSDT,spot,BUY,increase_spot,1718813040000000000,1718812980000000000,1718812980000000000,1718812980000000000,0,0,all_client,vwap,1718813040000000000,1718813040000000000,1718812980000000000,0.00500,0.00499500,64978.01,64971.51078936364489729738955,324.8900500,0.3248900500,0.00000500,0,0.0324960531817755135130522500,0.0000102977870936910644035500,0,0.00500,True,True,BASE_E3,permanent,run_dfea4b7ac1475668d5968c97
fill-permanent-00000520-1718813100000000000,permanent-00000520,BTCUSDT,futures,SELL,increase_perp,1718813100000000000,1718813040000000000,1718813040000000000,1718813040000000000,0,0,all_client,vwap,1718813100000000000,1718813100000000000,1718813040000000000,0.005,0.005,64943.6,64950.10522613309965434983691,324.7180,0.16235900,0,0,0.03252613066549827174918455,0.00005107805243172192200965,0,0.005,True,True,BASE_E3,permanent,run_dfea4b7ac1475668d5968c97
fill-permanent-00000521-1719417840000000000,permanent-00000521,BTCUSDT,spot,BUY,increase_spot,1719417840000000000,1719417780000000000,1719417780000000000,1719417780000000000,0,0,all_client,vwap,1719417840000000000,1719417840000000000,1719417780000000000,0.00300,0.00299700,61428.71,61422.56001270279291364864606,184.2861300,0.1842861300,0.00000300,0,0.0184499618916212590540618200,0.0000231938878104211799672400,0,0.00300,True,True,BASE_E3,permanent,run_dfea4b7ac1475668d5968c97
fill-permanent-00000522-1719417900000000000,permanent-00000522,BTCUSDT,futures,SELL,increase_perp,1719417900000000000,1719417840000000000,1719417840000000000,1719417840000000000,0,0,all_client,vwap,1719417900000000000,1719417900000000000,1719417840000000000,0.003,0.003,61362.1,61368.27451306846690690142772,184.0863,0.09204315,0,0,0.01852353920540072070428316,0.00011305685148018063221274,0,0.003,True,True,BASE_E3,permanent,run_dfea4b7ac1475668d5968c97
fill-permanent-00000523-1720137840000000000,permanent-00000523,ETHUSDT,spot,BUY,increase_spot,1720137840000000000,1720137780000000000,1720137780000000000,1720137780000000000,0,0,all_client,vwap,1720137840000000000,1720137840000000000,1720137780000000000,0.1341,0.1339659,3048.80,3048.491798625477208563864413,408.844080,0.408844080,0.0001341,0,0.0413298043235063315857822167,0.0004495293039386822189408541,0,0.1341,True,True,BASE_E3,permanent,run_dfea4b7ac1475668d5968c97
fill-permanent-00000524-1720137900000000000,permanent-00000524,ETHUSDT,futures,SELL,increase_perp,1720137900000000000,1720137840000000000,1720137840000000000,1720137840000000000,0,0,all_client,vwap,1720137900000000000,1720137900000000000,1720137840000000000,0.134,0.134,3043.56,3043.868647947757734549176812,407.83704,0.203918520,0,0,0.041358824999536429589692808,0.000570985117036475946733796,0,0.134,True,True,BASE_E3,permanent,run_dfea4b7ac1475668d5968c97
fill-permanent-00000525-1720627440000000000,permanent-00000525,BTCUSDT,spot,BUY,increase_spot,1720627440000000000,1720627380000000000,1720627380000000000,1720627380000000000,0,0,all_client,vwap,1720627440000000000,1720627440000000000,1720627380000000000,0.00301,0.00300699,57744.03,57738.24977814526449309886588,173.8095303,0.1738095303,0.00000301,0,0.0173984677827538757724137012,0.0000192545995321511599909323,0,0.00301,True,True,BASE_E3,permanent,run_dfea4b7ac1475668d5968c97
fill-permanent-00000526-1720627500000000000,permanent-00000526,BTCUSDT,futures,SELL,increase_perp,1720627500000000000,1720627440000000000,1720627440000000000,1720627440000000000,0,0,all_client,vwap,1720627500000000000,1720627500000000000,1720627440000000000,0.003,0.003,57749.4,57755.25106441245465912966197,173.2482,0.08662410,0,0,0.01755319323736397738898591,0.00022661791804024099124700,0,0.003,True,True,BASE_E3,permanent,run_dfea4b7ac1475668d5968c97
fill-permanent-00000527-1721232240000000000,permanent-00000527,BTCUSDT,futures,BUY,reduce_perp,1721232240000000000,1721232180000000000,1721232180000000000,1721232180000000000,0,0,all_client,vwap,1721232240000000000,1721232240000000000,1721232180000000000,0.006,0.006,64615.5,64608.95495301528294093349855,387.6930,0.19384650,0,0,0.03927028190830235439900870,0.00050490893649318463444860,0,0.006,True,True,BASE_E3,permanent,run_dfea4b7ac1475668d5968c97
fill-permanent-00000528-1721232300000000000,permanent-00000528,BTCUSDT,spot,SELL,reduce_spot,1721232300000000000,1721232240000000000,1721232240000000000,1721232240000000000,0,0,all_client,vwap,1721232300000000000,1721232300000000000,1721232240000000000,0.00600,0.00600,64644.46,64650.92748221670733190228476,387.8667600,0.3878667600,0,0,0.0388048933002439914137085600,0.0000143368109139670145671800,0,0.00600,True,True,BASE_E3,permanent,run_dfea4b7ac1475668d5968c97
fill-permanent-00000529-1721347440000000000,permanent-00000529,ETHUSDT,futures,BUY,reduce_perp,1721347440000000000,1721347380000000000,1721347380000000000,1721347380000000000,0,0,all_client,vwap,1721347440000000000,1721347440000000000,1721347380000000000,0.114,0.114,3418.85,3418.500683435962376447849935,389.74890,0.194874450,0,0,0.039822088300289084945107410,0.000851180509119113853601920,0,0.114,True,True,BASE_E3,permanent,run_dfea4b7ac1475668d5968c97
fill-permanent-00000530-1721347500000000000,permanent-00000530,ETHUSDT,spot,SELL,reduce_spot,1721347500000000000,1721347440000000000,1721347440000000000,1721347440000000000,0,0,all_client,vwap,1721347500000000000,1721347500000000000,1721347440000000000,0.1140,0.1140,3419.36,3419.704025814062112327724511,389.807040,0.389807040,0,0,0.0392189428030808053605942540,0.0002343169088004972800582460,0,0.1140,True,True,BASE_E3,permanent,run_dfea4b7ac1475668d5968c97
fill-permanent-00000531-1721952240000000000,permanent-00000531,ETHUSDT,spot,BUY,increase_spot,1721952240000000000,1721952180000000000,1721952180000000000,1721952180000000000,0,0,all_client,vwap,1721952240000000000,1721952240000000000,1721952180000000000,0.0771,0.0770229,3174.95,3174.631297533205161483332527,244.788645,0.244788645,0.0000771,0,0.0245719601898820496350621683,0.0000955528859010378400256940,0,0.0771,True,True,BASE_E3,permanent,run_dfea4b7ac1475668d5968c97
fill-permanent-00000532-1721952300000000000,permanent-00000532,ETHUSDT,futures,SELL,increase_perp,1721952300000000000,1721952240000000000,1721952240000000000,1721952240000000000,0,0,all_client,vwap,1721952300000000000,1721952300000000000,1721952240000000000,0.077,0.077,3173.34,3173.665110741020534303962640,244.34718,0.122173590,0,0,0.025033527058581141405123280,0.000596305705875283290982788,0,0.077,True,True,BASE_E3,permanent,run_dfea4b7ac1475668d5968c97
fill-permanent-00000533-1723046640000000000,permanent-00000533,BTCUSDT,spot,BUY,increase_spot,1723046640000000000,1723046580000000000,1723046580000000000,1723046580000000000,0,0,all_client,vwap,1723046640000000000,1723046640000000000,1723046580000000000,0.00801,0.00800199,56023.54,56017.93619544457667393537655,448.7485554,0.4487485554,0.00000801,0,0.0448864744889408417776338345,0.0000161075963897358618115791,0,0.00801,True,True,BASE_E3,permanent,run_dfea4b7ac1475668d5968c97
fill-permanent-00000534-1723046700000000000,permanent-00000534,BTCUSDT,futures,SELL,increase_perp,1723046700000000000,1723046640000000000,1723046640000000000,1723046640000000000,0,0,all_client,vwap,1723046700000000000,1723046700000000000,1723046640000000000,0.008,0.008,55921.3,55926.89619671546597055894938,447.3704,0.22368520,0,0,0.04476957372372776447159504,0.00002805676635539169514792,0,0.008,True,True,BASE_E3,permanent,run_dfea4b7ac1475668d5968c97
fill-permanent-00000535-1723161840000000000,permanent-00000535,ETHUSDT,spot,BUY,increase_spot,1723161840000000000,1723161780000000000,1723161780000000000,1723161780000000000,0,0,all_client,vwap,1723161840000000000,1723161840000000000,1723161780000000000,0.1402,0.1400598,2678.59,2678.315953233643293959956438,375.538318,0.375538318,0.0001402,0,0.0384213566432101868141073924,0.0008713669788745078327887532,0,0.1402,True,True,BASE_E3,permanent,run_dfea4b7ac1475668d5968c97
fill-permanent-00000536-1723161900000000000,permanent-00000536,ETHUSDT,futures,SELL,increase_perp,1723161900000000000,1723161840000000000,1723161840000000000,1723161840000000000,0,0,all_client,vwap,1723161900000000000,1723161900000000000,1723161840000000000,0.140,0.140,2678.51,2678.787179753435553002518669,374.99140,0.187495700,0,0,0.038805165480977420352613660,0.001302144964429322610578380,0,0.140,True,True,BASE_E3,permanent,run_dfea4b7ac1475668d5968c97
fill-permanent-00000537-1724256240000000000,permanent-00000537,BTCUSDT,futures,BUY,reduce_perp,1724256240000000000,1724256180000000000,1724256180000000000,1724256180000000000,0,0,all_client,vwap,1724256240000000000,1724256240000000000,1724256180000000000,0.003,0.003,59392.3,59386.34026364891789038698728,178.1769,0.08908845,0,0,0.01787920905324632883903816,0.00006330697415165347192206,0,0.003,True,True,BASE_E3,permanent,run_dfea4b7ac1475668d5968c97
fill-permanent-00000538-1724256300000000000,permanent-00000538,BTCUSDT,spot,SELL,reduce_spot,1724256300000000000,1724256240000000000,1724256240000000000,1724256240000000000,0,0,all_client,vwap,1724256300000000000,1724256300000000000,1724256240000000000,0.00300,0.00300,59391.78,59397.72607277165779972660868,178.1753400,0.1781753400,0,0,0.0178382183149733991798260400,0.0000189004931419018399080600,0,0.00300,True,True,BASE_E3,permanent,run_dfea4b7ac1475668d5968c97
fill-permanent-00000539-1724371440000000000,permanent-00000539,ETHUSDT,spot,BUY,increase_spot,1724371440000000000,1724371380000000000,1724371380000000000,1724371380000000000,0,0,all_client,vwap,1724371440000000000,1724371440000000000,1724371380000000000,0.0700,0.0699300,2622.69,2622.426634117863454971489808,183.588300,0.183588300,0.0000700,0,0.0184356117495581519957134400,0.0000786253107331078109130100,0,0.0700,True,True,BASE_E3,permanent,run_dfea4b7ac1475668d5968c97
fill-permanent-00000540-1724371500000000000,permanent-00000540,ETHUSDT,futures,SELL,increase_perp,1724371500000000000,1724371440000000000,1724371440000000000,1724371440000000000,0,0,all_client,vwap,1724371500000000000,1724371500000000000,1724371440000000000,0.070,0.070,2620.57,2620.841116042201066832666116,183.43990,0.091719950,0,0,0.018978122954074678286628120,0.000632235141779270818799430,0,0.070,True,True,BASE_E3,permanent,run_dfea4b7ac1475668d5968c97
fill-permanent-00000541-1727280240000000000,permanent-00000541,BTCUSDT,futures,BUY,reduce_perp,1727280240000000000,1727280180000000000,1727280180000000000,1727280180000000000,0,0,all_client,vwap,1727280240000000000,1727280240000000000,1727280180000000000,0.004,0.004,63492.1,63485.71876308684152523694071,253.9684,0.12698420,0,0,0.02552494765263389905223716,0.00013066014739916244214240,0,0.004,True,True,BASE_E3,permanent,run_dfea4b7ac1475668d5968c97
fill-permanent-00000542-1727280300000000000,permanent-00000542,BTCUSDT,spot,SELL,reduce_spot,1727280300000000000,1727280240000000000,1727280240000000000,1727280240000000000,0,0,all_client,vwap,1727280300000000000,1727280300000000000,1727280240000000000,0.00400,0.00400,63472.49,63478.83878233621813498358647,253.8899600,0.2538899600,0,0,0.0253951293448725399343458800,0.0000035938319380526803524400,0,0.00400,True,True,BASE_E3,permanent,run_dfea4b7ac1475668d5968c97
fill-permanent-00000543-1728000240000000000,permanent-00000543,ETHUSDT,spot,BUY,increase_spot,1728000240000000000,1728000180000000000,1728000180000000000,1728000180000000000,0,0,all_client,vwap,1728000240000000000,1728000240000000000,1728000180000000000,0.1101,0.1099899,2351.92,2351.678983763142120281127450,258.946392,0.258946392,0.0001101,0,0.0265358876780525570478677550,0.0006439020668203623035725137,0,0.1101,True,True,BASE_E3,permanent,run_dfea4b7ac1475668d5968c97
fill-permanent-00000544-1728000300000000000,permanent-00000544,ETHUSDT,futures,SELL,increase_perp,1728000300000000000,1728000240000000000,1728000240000000000,1728000240000000000,0,0,all_client,vwap,1728000300000000000,1728000300000000000,1728000240000000000,0.110,0.110,2350.80,2351.035225423110353083949686,258.58800,0.129294000,0,0,0.025874796542138839234465460,0.000013409062484625350542010,0,0.110,True,True,BASE_E3,permanent,run_dfea4b7ac1475668d5968c97
fill-permanent-00000545-1729094640000000000,permanent-00000545,BTCUSDT,futures,BUY,reduce_perp,1729094640000000000,1729094580000000000,1729094580000000000,1729094580000000000,0,0,all_client,vwap,1729094640000000000,1729094640000000000,1729094580000000000,0.003,0.003,67811.2,67804.36553181667363926196281,203.4336,0.10171680,0,0,0.02050340454997908221411157,0.00016209489043408012233297,0,0.003,True,True,BASE_E3,permanent,run_dfea4b7ac1475668d5968c97
fill-permanent-00000546-1729094700000000000,permanent-00000546,BTCUSDT,spot,SELL,reduce_spot,1729094700000000000,1729094640000000000,1729094640000000000,1729094640000000000,0,0,all_client,vwap,1729094700000000000,1729094700000000000,1729094640000000000,0.00300,0.00300,67841.53,67848.32445688946280668732354,203.5245900,0.2035245900,0,0,0.0203833706683884200619706200,0.0000288733313215812199644300,0,0.00300,True,True,BASE_E3,permanent,run_dfea4b7ac1475668d5968c97
fill-permanent-00000547-1729209840000000000,permanent-00000547,ETHUSDT,futures,BUY,reduce_perp,1729209840000000000,1729209780000000000,1729209780000000000,1729209780000000000,0,0,all_client,vwap,1729209840000000000,1729209840000000000,1729209780000000000,0.084,0.084,2605.78,2605.509497690414376749047507,218.88552,0.109442760,0,0,0.022722194005192353080009412,0.000835914224592872315317392,0,0.084,True,True,BASE_E3,permanent,run_dfea4b7ac1475668d5968c97
fill-permanent-00000548-1729209900000000000,permanent-00000548,ETHUSDT,spot,SELL,reduce_spot,1729209900000000000,1729209840000000000,1729209840000000000,1729209840000000000,0,0,all_client,vwap,1729209900000000000,1729209900000000000,1729209840000000000,0.0840,0.0840,2606.05,2606.316768821889048161090500,218.908200,0.218908200,0,0,0.0224085810386800455316020000,0.0005155201805761775270488440,0,0.0840,True,True,BASE_E3,permanent,run_dfea4b7ac1475668d5968c97
fill-permanent-00000635-1730150100000000000,permanent-00000635,BTCUSDT,futures,BUY,close_perp,1730150100000000000,1730150040000000000,1730150040000000000,1730150040000000000,0,0,all_client,vwap,1730150100000000000,1730150100000000000,1730150040000000000,0.049,0.049,69656.1,69649.08051291478996231271257,3413.1489,1.70657445,0,0,0.34395486717529184667708407,0.00267437266200937586175184,0,0.049,True,True,BASE_E3,permanent,run_dfea4b7ac1475668d5968c97
fill-permanent-00000636-1730150100000000000,permanent-00000636,ETHUSDT,futures,BUY,close_perp,1730150100000000000,1730150040000000000,1730150040000000000,1730150040000000000,0,0,all_client,vwap,1730150100000000000,1730150100000000000,1730150040000000000,1.286,1.286,2519.15,2518.895833778777899470325916,3239.62690,1.619813450,0,0,0.326857760491621281160872024,0.002927756267670443288987586,0,1.286,True,True,BASE_E3,permanent,run_dfea4b7ac1475668d5968c97
fill-permanent-00000637-1730150160000000000,permanent-00000637,BTCUSDT,spot,SELL,close_spot,1730150160000000000,1730150100000000000,1730150100000000000,1730150100000000000,0,0,all_client,vwap,1730150160000000000,1730150160000000000,1730150100000000000,0.04900,0.04900,69710.21,69717.19069639284168724384594,3415.8002900,3.4158002900,0,0,0.3420541232492426749484510600,0.0004398888369177506809564400,0,0.04900,True,True,BASE_E3,permanent,run_dfea4b7ac1475668d5968c97
fill-permanent-00000638-1730150160000000000,permanent-00000638,ETHUSDT,spot,SELL,close_spot,1730150160000000000,1730150100000000000,1730150100000000000,1730150100000000000,0,0,all_client,vwap,1730150160000000000,1730150160000000000,1730150100000000000,1.2860,1.2860,2521.26,2521.512764529959614470513348,3242.340360,3.242340360,0,0,0.3250551855280642090801655280,0.0007886440095114026592579420,0,1.2860,True,True,BASE_E3,permanent,run_dfea4b7ac1475668d5968c97
fill-permanent-00000639-1730246520000000000,permanent-00000639,BTCUSDT,spot,BUY,open_spot,1730246520000000000,1730246460000000000,1730246460000000000,1730246460000000000,0,0,all_client,vwap,1730246520000000000,1730246520000000000,1730246460000000000,0.04604,0.04599396,72761.83,72754.55363298448388898331836,3349.9546532,3.3499546532,0.00004604,0,0.3350039373943617512080227056,0.0000419724681011873831435924,0,0.04604,True,True,BASE_E3,permanent,run_dfea4b7ac1475668d5968c97
fill-permanent-00000640-1730246520000000000,permanent-00000640,ETHUSDT,spot,BUY,open_spot,1730246520000000000,1730246460000000000,1730246460000000000,1730246460000000000,0,0,all_client,vwap,1730246520000000000,1730246520000000000,1730246460000000000,1.2117,1.2104883,2639.12,2638.848801619814086143607891,3197.821704,3.197821704,0.0012117,0,0.3286110772712718197903184753,0.0088617679789989469722972516,0,1.2117,True,True,BASE_E3,permanent,run_dfea4b7ac1475668d5968c97
fill-permanent-00000642-1730246580000000000,permanent-00000642,ETHUSDT,spot,SELL,close_spot,1730246580000000000,1730246520000000000,1730246520000000000,1730246520000000000,0,0,all_client,vwap,1730246580000000000,1730246580000000000,1730246520000000000,1.2104,1.2104,2639.56,2639.825873026556375930774391,3194.923424,3.194923424,0,0,0.3218127113438374266093228664,0.0022881876727030428666624656,0,1.2104,True,True,BASE_E3,permanent,run_dfea4b7ac1475668d5968c97
fill-permanent-00000643-1730246640000000000,permanent-00000643,BTCUSDT,spot,SELL,close_spot,1730246640000000000,1730246580000000000,1730246580000000000,1730246580000000000,0,0,all_client,vwap,1730246640000000000,1730246640000000000,1730246580000000000,0.04600,0.04600,72674.62,72681.89486886958385043257770,3343.0325200,3.3430325200,0,0,0.3346439680008571198985742000,0.0003072516040570341865842400,0,0.04600,True,True,BASE_E3,permanent,run_dfea4b7ac1475668d5968c97
fill-permanent-00000644-1730361720000000000,permanent-00000644,BTCUSDT,spot,BUY,open_spot,1730361720000000000,1730361660000000000,1730361660000000000,1730361660000000000,0,0,all_client,vwap,1730361720000000000,1730361720000000000,1730361660000000000,0.04605,0.04600395,72431.20,72423.95727452910036148619101,3335.4567600,3.3354567600,0.00004605,0,0.3335275079349283535609039895,0.0000151846857218463962600385,0,0.04605,True,True,BASE_E3,permanent,run_dfea4b7ac1475668d5968c97
fill-permanent-00000645-1730361720000000000,permanent-00000645,ETHUSDT,spot,BUY,open_spot,1730361720000000000,1730361660000000000,1730361660000000000,1730361660000000000,0,0,all_client,vwap,1730361720000000000,1730361720000000000,1730361660000000000,1.2662,1.2649338,2645.58,2645.306062042883597269620889,3349.833396,3.349833396,0.0012662,0,0.3468602413007891372060303482,0.0119115877249192161197510638,0,1.2662,True,True,BASE_E3,permanent,run_dfea4b7ac1475668d5968c97
fill-permanent-00000646-1730361780000000000,permanent-00000646,BTCUSDT,futures,SELL,open_perp,1730361780000000000,1730361720000000000,1730361720000000000,1730361720000000000,0,0,all_client,vwap,1730361780000000000,1730361780000000000,1730361720000000000,0.046,0.046,72382.5,72389.77728171158417692780256,3329.5950,1.66479750,0,0,0.33475495873287213867891776,0.00176198323699885146504988,0,0.046,True,True,BASE_E3,permanent,run_dfea4b7ac1475668d5968c97
fill-permanent-00000647-1730361780000000000,permanent-00000647,ETHUSDT,futures,SELL,open_perp,1730361780000000000,1730361720000000000,1730361720000000000,1730361720000000000,0,0,all_client,vwap,1730361780000000000,1730361780000000000,1730361720000000000,1.265,1.265,2643.07,2643.338938432922501646157124,3343.48355,1.671741775,0,0,0.340207117646964582388761860,0.005824741935199885930522620,0,1.265,True,True,BASE_E3,permanent,run_dfea4b7ac1475668d5968c97
fill-permanent-00000648-1730966640000000000,permanent-00000648,ETHUSDT,futures,BUY,reduce_perp,1730966640000000000,1730966580000000000,1730966580000000000,1730966580000000000,0,0,all_client,vwap,1730966640000000000,1730966640000000000,1730966580000000000,0.079,0.079,2823.29,2823.007464302464013853313612,223.03991,0.111519955,0,0,0.022320320105342905588224652,0.000018561137353439878783503,0,0.079,True,True,BASE_E3,permanent,run_dfea4b7ac1475668d5968c97
fill-permanent-00000649-1730966700000000000,permanent-00000649,ETHUSDT,spot,SELL,reduce_spot,1730966700000000000,1730966640000000000,1730966640000000000,1730966640000000000,0,0,all_client,vwap,1730966700000000000,1730966700000000000,1730966640000000000,0.0790,0.0790,2821.26,2821.552028485546534820350029,222.879540,0.222879540,0,0,0.0230702503581762508076522910,0.0007799893331404331825715260,0,0.0790,True,True,BASE_E3,permanent,run_dfea4b7ac1475668d5968c97
fill-permanent-00000650-1731402060000000000,permanent-00000650,ETHUSDT,futures,BUY,close_perp,1731402060000000000,1731402000000000000,1731402000000000000,1731402000000000000,0,0,all_client,vwap,1731402060000000000,1731402060000000000,1731402000000000000,1.186,1.186,3430.14,3429.789926830186373280784602,4068.14604,2.034073020,0,0,0.415186779398961288989462028,0.008413694076901185118361520,0,1.186,True,True,BASE_E3,permanent,run_dfea4b7ac1475668d5968c97
fill-permanent-00000651-1731402120000000000,permanent-00000651,ETHUSDT,spot,SELL,close_spot,1731402120000000000,1731402060000000000,1731402060000000000,1731402060000000000,0,0,all_client,vwap,1731402120000000000,1731402120000000000,1731402060000000000,1.1860,1.1860,3430.45,3430.800074069831123871134415,4068.513700,4.068513700,0,0,0.4151878468197129111654161900,0.0082949580350309398743001720,0,1.1860,True,True,BASE_E3,permanent,run_dfea4b7ac1475668d5968c97
fill-permanent-00000652-1731513720000000000,permanent-00000652,ETHUSDT,spot,BUY,open_spot,1731513720000000000,1731513660000000000,1731513660000000000,1731513660000000000,0,0,all_client,vwap,1731513720000000000,1731513720000000000,1731513660000000000,1.0120,1.0109880,3314.86,3314.525881296682873251293908,3354.638320,3.354638320,0.0010120,0,0.3381281277569322696905651040,0.0026981085697079629175345560,0,1.0120,True,True,BASE_E3,permanent,run_dfea4b7ac1475668d5968c97
fill-permanent-00000653-1731513780000000000,permanent-00000653,ETHUSDT,futures,SELL,open_perp,1731513780000000000,1731513720000000000,1731513720000000000,1731513720000000000,0,0,all_client,vwap,1731513780000000000,1731513780000000000,1731513720000000000,1.011,1.011,3318.86,3319.198186526974638665326032,3355.36746,1.677683730,0,0,0.341906578771359690644618352,0.006335642113482554675553489,0,1.011,True,True,BASE_E3,permanent,run_dfea4b7ac1475668d5968c97
fill-permanent-00000654-1731571440000000000,permanent-00000654,BTCUSDT,futures,BUY,reduce_perp,1731571440000000000,1731571380000000000,1731571380000000000,1731571380000000000,0,0,all_client,vwap,1731571440000000000,1731571440000000000,1731571380000000000,0.010,0.010,90998.9,90989.73201559694501049558480,909.9890,0.45499450,0,0,0.09167984403054989504415200,0.00069011201495295003365640,0,0.010,True,True,BASE_E3,permanent,run_dfea4b7ac1475668d5968c97
fill-permanent-00000655-1731571500000000000,permanent-00000655,BTCUSDT,spot,SELL,reduce_spot,1731571500000000000,1731571440000000000,1731571440000000000,1731571440000000000,0,0,all_client,vwap,1731571500000000000,1731571500000000000,1731571440000000000,0.01000,0.01000,91031.58,91040.68480411109506287621313,910.3158000,0.9103158000,0,0,0.0910480411109506287621313000,0.0000073563068395336992551000,0,0.01000,True,True,BASE_E3,permanent,run_dfea4b7ac1475668d5968c97
fill-permanent-00000656-1732108620000000000,permanent-00000656,BTCUSDT,futures,BUY,close_perp,1732108620000000000,1732108560000000000,1732108560000000000,1732108560000000000,0,0,all_client,vwap,1732108620000000000,1732108620000000000,1732108560000000000,0.036,0.036,94298.1,94288.64459608178693003771830,3394.7316,1.69736580,0,0,0.34039454105567051864214120,0.00095542050977608569400548,0,0.036,True,True,BASE_E3,permanent,run_dfea4b7ac1475668d5968c97
fill-permanent-00000657-1732108680000000000,permanent-00000657,BTCUSDT,spot,SELL,close_spot,1732108680000000000,1732108620000000000,1732108620000000000,1732108620000000000,0,0,all_client,vwap,1732108680000000000,1732108680000000000,1732108620000000000,0.03600,0.03600,94221.39,94230.82302213641546671980074,3391.9700400,3.3919700400,0,0,0.3395887969109568019128266400,0.0003578340312657062326353600,0,0.03600,True,True,BASE_E3,permanent,run_dfea4b7ac1475668d5968c97
fill-permanent-00000658-1732118640000000000,permanent-00000658,ETHUSDT,spot,BUY,increase_spot,1732118640000000000,1732118580000000000,1732118580000000000,1732118580000000000,0,0,all_client,vwap,1732118640000000000,1732118640000000000,1732118580000000000,0.0621,0.0620379,3127.89,3127.574935368982841618433797,194.241969,0.194241969,0.0000621,0,0.0195655135861655354952612063,0.0001432732375241520488107560,0,0.0621,True,True,BASE_E3,permanent,run_dfea4b7ac1475668d5968c97
fill-permanent-00000659-1732118700000000000,permanent-00000659,ETHUSDT,futures,SELL,increase_perp,1732118700000000000,1732118640000000000,1732118640000000000,1732118640000000000,0,0,all_client,vwap,1732118700000000000,1732118700000000000,1732118640000000000,0.062,0.062,3135.28,3135.601221633441316470935988,194.38736,0.097193680,0,0,0.019915741273361621198031256,0.000475013699234285035911428,0,0.062,True,True,BASE_E3,permanent,run_dfea4b7ac1475668d5968c97
fill-permanent-00000660-1732204980000000000,permanent-00000660,BTCUSDT,spot,BUY,open_spot,1732204980000000000,1732204860001000000,1732204860001000000,1732204860001000000,0,0,all_client,vwap,1732204980000000000,1732204980000000000,1732204920000000000,0.03403,0.03399597,96756.90,96747.21875823186442175458659,3292.6373070,3.2926373070,0.00003403,0,0.3294526573696537276914183423,0.0002218719353906930641874385,0,0.03403,True,True,BASE_E3,permanent,run_dfea4b7ac1475668d5968c97
fill-permanent-00000661-1732205040000000000,permanent-00000661,BTCUSDT,futures,SELL,open_perp,1732205040000000000,1732204980000000000,1732204980000000000,1732204980000000000,0,0,all_client,vwap,1732205040000000000,1732205040000000000,1732204980000000000,0.034,0.034,96776.7,96786.46417384946134007303998,3290.4078,1.64520390,0,0,0.33198191088168556248335932,0.00290793269059739392711112,0,0.034,True,True,BASE_E3,permanent,run_dfea4b7ac1475668d5968c97
fill-permanent-00000662-1732723440000000000,permanent-00000662,ETHUSDT,futures,BUY,reduce_perp,1732723440000000000,1732723380000000000,1732723380000000000,1732723380000000000,0,0,all_client,vwap,1732723440000000000,1732723440000000000,1732723380000000000,0.127,0.127,3551.18,3550.815545252655315991535580,450.99986,0.225499930,0,0,0.046285752912774869074981340,0.001190395488066146561888782,0,0.127,True,True,BASE_E3,permanent,run_dfea4b7ac1475668d5968c97
fill-permanent-00000663-1732723500000000000,permanent-00000663,ETHUSDT,spot,SELL,reduce_spot,1732723500000000000,1732723440000000000,1732723440000000000,1732723440000000000,0,0,all_client,vwap,1732723500000000000,1732723500000000000,1732723440000000000,0.1270,0.1270,3547.77,3548.131753862320551626090841,450.566790,0.450566790,0,0,0.0459427405147100565135368070,0.0008814672406585855078854640,0,0.1270,True,True,BASE_E3,permanent,run_dfea4b7ac1475668d5968c97
fill-permanent-00000664-1733328240000000000,permanent-00000664,ETHUSDT,futures,BUY,reduce_perp,1733328240000000000,1733328180000000000,1733328180000000000,1733328180000000000,0,0,all_client,vwap,1733328240000000000,1733328240000000000,1733328180000000000,0.064,0.064,3825.24,3824.853072916955463104454342,244.81536,0.122407680,0,0,0.024763333314850361314922112,0.000284273648181846351053632,0,0.064,True,True,BASE_E3,permanent,run_dfea4b7ac1475668d5968c97
fill-permanent-00000665-1733328300000000000,permanent-00000665,ETHUSDT,spot,SELL,reduce_spot,1733328300000000000,1733328240000000000,1733328240000000000,1733328240000000000,0,0,all_client,vwap,1733328300000000000,1733328300000000000,1733328240000000000,0.0640,0.0640,3823.20,3823.589667270833979648210421,244.684800,0.244684800,0,0,0.0249387053333746974854669440,0.0004677314628413600157184000,0,0.0640,True,True,BASE_E3,permanent,run_dfea4b7ac1475668d5968c97
fill-permanent-00000666-1735142640000000000,permanent-00000666,ETHUSDT,spot,BUY,increase_spot,1735142640000000000,1735142580000000000,1735142580000000000,1735142580000000000,0,0,all_client,vwap,1735142640000000000,1735142640000000000,1735142580000000000,0.0921,0.0920079,3475.56,3475.204794555422803354288330,320.099076,0.320099076,0.0000921,0,0.0327144214455598110700448070,0.0007077852877043670511517961,0,0.0921,True,True,BASE_E3,permanent,run_dfea4b7ac1475668d5968c97
fill-permanent-00000667-1735142700000000000,permanent-00000667,ETHUSDT,futures,SELL,increase_perp,1735142700000000000,1735142640000000000,1735142640000000000,1735142640000000000,0,0,all_client,vwap,1735142700000000000,1735142700000000000,1735142640000000000,0.092,0.092,3470.43,3470.785175113180008977114304,319.27956,0.159639780,0,0,0.032676110412560825894515968,0.000744886801519569811926556,0,0.092,True,True,BASE_E3,permanent,run_dfea4b7ac1475668d5968c97
fill-permanent-00000668-1737561840000000000,permanent-00000668,ETHUSDT,spot,BUY,increase_spot,1737561840000000000,1737561780000000000,1737561780000000000,1737561780000000000,0,0,all_client,vwap,1737561840000000000,1737561840000000000,1737561780000000000,0.0641,0.0640359,3275.79,3275.452656133318372290084311,209.978139,0.209978139,0.0000641,0,0.0216237418542923362055956649,0.0006280903284777654392162521,0,0.0641,True,True,BASE_E3,permanent,run_dfea4b7ac1475668d5968c97
fill-permanent-00000669-1737561900000000000,permanent-00000669,ETHUSDT,futures,SELL,increase_perp,1737561900000000000,1737561840000000000,1737561840000000000,1737561840000000000,0,0,all_client,vwap,1737561900000000000,1737561900000000000,1737561840000000000,0.064,0.064,3271.92,3272.248150951904858455278300,209.40288,0.104701440,0,0,0.021001660921910941137811200,0.000059272755818750043697408,0,0.064,True,True,BASE_E3,permanent,run_dfea4b7ac1475668d5968c97
fill-permanent-00000670-1737648300000000000,permanent-00000670,BTCUSDT,futures,BUY,reduce_perp,1737648300000000000,1737648240000000000,1737648240000000000,1737648240000000000,0,0,all_client,vwap,1737648300000000000,1737648300000000000,1737648240000000000,0.002,0.002,105453.7,105443.0722462396753727477847,210.9074,0.10545370,0,0,0.0212555075206492545044306,0.0001668930714013194298810,0,0.002,True,True,BASE_E3,permanent,run_dfea4b7ac1475668d5968c97
fill-permanent-00000671-1737648360000000000,permanent-00000671,BTCUSDT,spot,SELL,reduce_spot,1737648360000000000,1737648300000000000,1737648300000000000,1737648300000000000,0,0,all_client,vwap,1737648360000000000,1737648360000000000,1737648300000000000,0.00200,0.00200,105510.99,105521.5489699998856573159490,211.0219800,0.2110219800,0,0,0.021117939999771314631898000,0.000013630205771337500434800,0,0.00200,True,True,BASE_E3,permanent,run_dfea4b7ac1475668d5968c97
fill-permanent-00000672-1738166640000000000,permanent-00000672,ETHUSDT,spot,BUY,increase_spot,1738166640000000000,1738166580000000000,1738166580000000000,1738166580000000000,0,0,all_client,vwap,1738166640000000000,1738166640000000000,1738166580000000000,0.0590,0.0589410,3104.18,3103.868815545870055734480165,183.146620,0.183146620,0.0000590,0,0.0183598827936667116656702650,0.0000470567819460783368368330,0,0.0590,True,True,BASE_E3,permanent,run_dfea4b7ac1475668d5968c97
fill-permanent-00000673-1738166700000000000,permanent-00000673,ETHUSDT,futures,SELL,increase_perp,1738166700000000000,1738166640000000000,1738166640000000000,1738166640000000000,0,0,all_client,vwap,1738166700000000000,1738166700000000000,1738166640000000000,0.059,0.059,3100.33,3100.645597518371931037089433,182.91947,0.091459735,0,0,0.018620253583943931188276547,0.000326444558585536795157716,0,0.059,True,True,BASE_E3,permanent,run_dfea4b7ac1475668d5968c97
fill-permanent-00000674-1738771440000000000,permanent-00000674,ETHUSDT,spot,BUY,increase_spot,1738771440000000000,1738771380000000000,1738771380000000000,1738771380000000000,0,0,all_client,vwap,1738771440000000000,1738771440000000000,1738771380000000000,0.1341,0.1339659,2771.60,2771.321935382028278352052948,371.671560,0.371671560,0.0001341,0,0.0372884652700078729896996732,0.0001250381165348737769986827,0,0.1341,True,True,BASE_E3,permanent,run_dfea4b7ac1475668d5968c97
fill-permanent-00000675-1738771500000000000,permanent-00000675,ETHUSDT,futures,SELL,increase_perp,1738771500000000000,1738771440000000000,1738771440000000000,1738771440000000000,0,0,all_client,vwap,1738771500000000000,1738771500000000000,1738771440000000000,0.134,0.134,2767.16,2767.443578531927400103165749,370.79944,0.185399720,0,0,0.037999523278271613824210366,0.000915779325943786662827888,0,0.134,True,True,BASE_E3,permanent,run_dfea4b7ac1475668d5968c97
fill-permanent-00000676-1738857900000000000,permanent-00000676,BTCUSDT,spot,BUY,increase_spot,1738857900000000000,1738857840000000000,1738857840000000000,1738857840000000000,0,0,all_client,vwap,1738857900000000000,1738857900000000000,1738857840000000000,0.00200,0.00199800,97472.76,97463.00711024356710908566807,194.9455200,0.1949455200,0.00000200,0,0.0195057795128657818286638600,0.0000131780908170684068467200,0,0.00200,True,True,BASE_E3,permanent,run_dfea4b7ac1475668d5968c97
fill-permanent-00000677-1738857960000000000,permanent-00000677,BTCUSDT,futures,SELL,increase_perp,1738857960000000000,1738857900000000000,1738857900000000000,1738857900000000000,0,0,all_client,vwap,1738857960000000000,1738857960000000000,1738857900000000000,0.002,0.002,97324.5,97334.23412328929412952001509,194.6490,0.09732450,0,0,0.01946824657858825904003018,0.00000139975393040021412618,0,0.002,True,True,BASE_E3,permanent,run_dfea4b7ac1475668d5968c97
fill-permanent-00000678-1739376240000000000,permanent-00000678,ETHUSDT,spot,BUY,increase_spot,1739376240000000000,1739376180000000000,1739376180000000000,1739376180000000000,0,0,all_client,vwap,1739376240000000000,1739376240000000000,1739376180000000000,0.0761,0.0760239,2606.48,2606.212162579039246350734981,198.353128,0.198353128,0.0000761,0,0.0203824277351133527090679459,0.0005491531778868640443388906,0,0.0761,True,True,BASE_E3,permanent,run_dfea4b7ac1475668d5968c97
fill-permanent-00000679-1739376300000000000,permanent-00000679,ETHUSDT,futures,SELL,increase_perp,1739376300000000000,1739376240000000000,1739376240000000000,1739376240000000000,0,0,all_client,vwap,1739376300000000000,1739376300000000000,1739376240000000000,0.076,0.076,2605.55,2605.817842999175087200427829,198.02180,0.099010900,0,0,0.020356067937306627232515004,0.000551852330512896569791736,0,0.076,True,True,BASE_E3,permanent,run_dfea4b7ac1475668d5968c97
fill-permanent-00000680-1740585840000000000,permanent-00000680,ETHUSDT,spot,BUY,increase_spot,1740585840000000000,1740585780000000000,1740585780000000000,1740585780000000000,0,0,all_client,vwap,1740585840000000000,1740585840000000000,1740585780000000000,0.0361,0.0360639,2427.28,2427.032974476483057701856627,87.624808,0.087624808,0.0000361,0,0.0089176213989616169629757653,0.0001560323611015131246720507,0,0.0361,True,True,BASE_E3,permanent,run_dfea4b7ac1475668d5968c97
fill-permanent-00000681-1740585900000000000,permanent-00000681,ETHUSDT,futures,SELL,increase_perp,1740585900000000000,1740585840000000000,1740585840000000000,1740585840000000000,0,0,all_client,vwap,1740585900000000000,1740585900000000000,1740585840000000000,0.036,0.036,2422.82,2423.066570984767451437300623,87.22152,0.043610760,0,0,0.008876555451628251742822428,0.000153515796083088917648148,0,0.036,True,True,BASE_E3,permanent,run_dfea4b7ac1475668d5968c97
fill-permanent-00000682-1747929900000000000,permanent-00000682,BTCUSDT,futures,BUY,reduce_perp,1747929900000000000,1747929840000000000,1747929840000000000,1747929840000000000,0,0,all_client,vwap,1747929900000000000,1747929900000000000,1747929840000000000,0.004,0.004,111348.0,111336.8223975975137060446276,445.3920,0.22269600,0,0,0.0447104096099451758214896,0.0001756806509061703390716,0,0.004,True,True,BASE_E3,permanent,run_dfea4b7ac1475668d5968c97
fill-permanent-00000683-1747929960000000000,permanent-00000683,BTCUSDT,spot,SELL,reduce_spot,1747929960000000000,1747929900000000000,1747929900000000000,1747929900000000000,0,0,all_client,vwap,1747929960000000000,1747929960000000000,1747929900000000000,0.00400,0.00400,111378.43,111389.5704472596111550980910,445.5137200,0.4455137200,0,0,0.044561789038444620392364000,0.000005960859540775930324800,0,0.00400,True,True,BASE_E3,permanent,run_dfea4b7ac1475668d5968c97
fill-permanent-00000684-1748534700000000000,permanent-00000684,BTCUSDT,spot,BUY,increase_spot,1748534700000000000,1748534640000000000,1748534640000000000,1748534640000000000,0,0,all_client,vwap,1748534700000000000,1748534700000000000,1748534640000000000,0.00100,0.00099900,107129.73,107119.0098390034544122265257,107.1297300,0.1071297300,0.00000100,0,0.010720160996545587773474300,0.000008260012645242332251600,0,0.00100,True,True,BASE_E3,permanent,run_dfea4b7ac1475668d5968c97
fill-permanent-00000685-1748534760000000000,permanent-00000685,BTCUSDT,futures,SELL,increase_perp,1748534760000000000,1748534700000000000,1748534700000000000,1748534700000000000,0,0,all_client,vwap,1748534760000000000,1748534760000000000,1748534700000000000,0.001,0.001,106880.1,106890.8887982501748032343080,106.8801,0.05344005,0,0,0.0107887982501748032343080,0.0000997093703497857539846,0,0.001,True,True,BASE_E3,permanent,run_dfea4b7ac1475668d5968c97
fill-permanent-00000686-1749139500000000000,permanent-00000686,BTCUSDT,spot,BUY,increase_spot,1749139500000000000,1749139440000000000,1749139440000000000,1749139440000000000,0,0,all_client,vwap,1749139500000000000,1749139500000000000,1749139440000000000,0.00101,0.00100899,104575.19,104564.7309187681182008042143,105.6209419,0.1056209419,0.00000101,0,0.010563672044200617187743557,0.000002634221405037249462353,0,0.00101,True,True,BASE_E3,permanent,run_dfea4b7ac1475668d5968c97
fill-permanent-00000687-1749139560000000000,permanent-00000687,BTCUSDT,futures,SELL,increase_perp,1749139560000000000,1749139500000000000,1749139500000000000,1749139500000000000,0,0,all_client,vwap,1749139560000000000,1749139560000000000,1749139500000000000,0.001,0.001,104528.6,104539.1409236717438871539949,104.5286,0.05226430,0,0,0.0105409236717438871539949,0.0000870095793767127652795,0,0.001,True,True,BASE_E3,permanent,run_dfea4b7ac1475668d5968c97
fill-permanent-00000688-1749657840000000000,permanent-00000688,ETHUSDT,futures,BUY,reduce_perp,1749657840000000000,1749657780000000000,1749657780000000000,1749657780000000000,0,0,all_client,vwap,1749657840000000000,1749657840000000000,1749657780000000000,0.145,0.145,2861.01,2860.719254628708482389995845,414.84645,0.207423225,0,0,0.042158078837270053450602475,0.000677649645153780455947475,0,0.145,True,True,BASE_E3,permanent,run_dfea4b7ac1475668d5968c97
fill-permanent-00000689-1749657900000000000,permanent-00000689,ETHUSDT,spot,SELL,reduce_spot,1749657900000000000,1749657840000000000,1749657840000000000,1749657840000000000,0,0,all_client,vwap,1749657900000000000,1749657900000000000,1749657840000000000,0.1450,0.1450,2858.36,2858.646888880345632986996127,414.462200,0.414462200,0,0,0.0415988876501167831144384150,0.0001485077613517714361269150,0,0.1450,True,True,BASE_E3,permanent,run_dfea4b7ac1475668d5968c97
fill-permanent-00000690-1750262640000000000,permanent-00000690,ETHUSDT,spot,BUY,increase_spot,1750262640000000000,1750262580000000000,1750262580000000000,1750262580000000000,0,0,all_client,vwap,1750262640000000000,1750262640000000000,1750262580000000000,0.1701,0.1699299,2506.67,2506.418121370404519276420359,426.384567,0.426384567,0.0001701,0,0.0428445548941912710808969341,0.0002103826496806902080050299,0,0.1701,True,True,BASE_E3,permanent,run_dfea4b7ac1475668d5968c97
fill-permanent-00000691-1750262700000000000,permanent-00000691,ETHUSDT,futures,SELL,increase_perp,1750262700000000000,1750262640000000000,1750262640000000000,1750262640000000000,0,0,all_client,vwap,1750262700000000000,1750262700000000000,1750262640000000000,0.170,0.170,2503.92,2504.175633557475528224585925,425.66640,0.212833200,0,0,0.043457704770839798179607250,0.000886719000362714199789220,0,0.170,True,True,BASE_E3,permanent,run_dfea4b7ac1475668d5968c97
fill-permanent-00000692-1752077040000000000,permanent-00000692,ETHUSDT,futures,BUY,reduce_perp,1752077040000000000,1752076980000000000,1752076980000000000,1752076980000000000,0,0,all_client,vwap,1752077040000000000,1752077040000000000,1752076980000000000,0.076,0.076,2656.32,2656.052443648483675350466659,201.88032,0.100940160,0,0,0.020334282715240673364533916,0.000148284143512197431870344,0,0.076,True,True,BASE_E3,permanent,run_dfea4b7ac1475668d5968c97
fill-permanent-00000693-1752077100000000000,permanent-00000693,ETHUSDT,spot,SELL,reduce_spot,1752077100000000000,1752077040000000000,1752077040000000000,1752077040000000000,0,0,all_client,vwap,1752077100000000000,1752077100000000000,1752077040000000000,0.0760,0.0760,2657.40,2657.671164148565507332165289,201.962400,0.201962400,0,0,0.0206084752909785572445619640,0.0004101744434494593888374720,0,0.0760,True,True,BASE_E3,permanent,run_dfea4b7ac1475668d5968c97
fill-permanent-00000694-1752681840000000000,permanent-00000694,ETHUSDT,futures,BUY,reduce_perp,1752681840000000000,1752681780000000000,1752681780000000000,1752681780000000000,0,0,all_client,vwap,1752681840000000000,1752681840000000000,1752681780000000000,0.231,0.231,3240.05,3239.717079327251853663186601,748.45155,0.374225775,0,0,0.076904675404821803803895169,0.002067210872362285984275480,0,0.231,True,True,BASE_E3,permanent,run_dfea4b7ac1475668d5968c97
fill-permanent-00000695-1752681900000000000,permanent-00000695,ETHUSDT,spot,SELL,reduce_spot,1752681900000000000,1752681840000000000,1752681840000000000,1752681840000000000,0,0,all_client,vwap,1752681900000000000,1752681900000000000,1752681840000000000,0.2310,0.2310,3237.80,3238.129972940646104984296580,747.931800,0.747931800,0,0,0.0762237492892502513725099800,0.0014229469143213263473726500,0,0.2310,True,True,BASE_E3,permanent,run_dfea4b7ac1475668d5968c97
fill-permanent-00000696-1752768300000000000,permanent-00000696,BTCUSDT,futures,BUY,reduce_perp,1752768300000000000,1752768240000000000,1752768240000000000,1752768240000000000,0,0,all_client,vwap,1752768300000000000,1752768300000000000,1752768240000000000,0.004,0.004,118795.0,118783.0793246917483401833702,475.1800,0.23759000,0,0,0.0476827012330066392665192,0.0001694695031299399304460,0,0.004,True,True,BASE_E3,permanent,run_dfea4b7ac1475668d5968c97
fill-permanent-00000697-1752768360000000000,permanent-00000697,BTCUSDT,spot,SELL,reduce_spot,1752768360000000000,1752768300000000000,1752768300000000000,1752768300000000000,0,0,all_client,vwap,1752768360000000000,1752768360000000000,1752768300000000000,0.00400,0.00400,118795.31,118807.1947702662528899848790,475.1812400,0.4751812400,0,0,0.047539081065011559939516000,0.000016203156905058783522000,0,0.00400,True,True,BASE_E3,permanent,run_dfea4b7ac1475668d5968c97
fill-permanent-00000698-1753286640000000000,permanent-00000698,ETHUSDT,futures,BUY,reduce_perp,1753286640000000000,1753286580000000000,1753286580000000000,1753286580000000000,0,0,all_client,vwap,1753286640000000000,1753286640000000000,1753286580000000000,0.115,0.115,3636.38,3636.011562064631205561175674,418.18370,0.209091850,0,0,0.042370362567411360464797490,0.000556229603668101600843920,0,0.115,True,True,BASE_E3,permanent,run_dfea4b7ac1475668d5968c97
fill-permanent-00000699-1753286700000000000,permanent-00000699,ETHUSDT,spot,SELL,reduce_spot,1753286700000000000,1753286640000000000,1753286640000000000,1753286640000000000,0,0,all_client,vwap,1753286700000000000,1753286700000000000,1753286640000000000,0.1150,0.1150,3633.29,3633.662195725298289504134895,417.828350,0.417828350,0,0,0.0428025084093032929755129250,0.0010153931584623626462154300,0,0.1150,True,True,BASE_E3,permanent,run_dfea4b7ac1475668d5968c97
fill-permanent-00000700-1754582700000000000,permanent-00000700,BTCUSDT,spot,BUY,increase_spot,1754582700000000000,1754582640000000000,1754582640000000000,1754582640000000000,0,0,all_client,vwap,1754582700000000000,1754582700000000000,1754582640000000000,0.00100,0.00099900,116647.48,116635.8144290978122052913631,116.6474800,0.1166474800,0.00000100,0,0.011665570902187794708636900,0.000001989459278013488107800,0,0.00100,True,True,BASE_E3,permanent,run_dfea4b7ac1475668d5968c97
fill-permanent-00000701-1754582760000000000,permanent-00000701,BTCUSDT,futures,SELL,increase_perp,1754582760000000000,1754582700000000000,1754582700000000000,1754582700000000000,0,0,all_client,vwap,1754582760000000000,1754582760000000000,1754582700000000000,0.001,0.001,116620.1,116631.7838335323023959576890,116.6201,0.05831005,0,0,0.0116838335323023959576890,0.0000206551489491657180932,0,0.001,True,True,BASE_E3,permanent,run_dfea4b7ac1475668d5968c97
fill-permanent-00000702-1754674800000000000,permanent-00000702,ETHUSDT,futures,BUY,close_perp,1754674800000000000,1754674740000000000,1754674740000000000,1754674740000000000,0,0,all_client,vwap,1754674800000000000,1754674800000000000,1754674740000000000,0.946,0.946,4026.53,4026.123803137638804063672931,3809.09738,1.904548690,0,0,0.384262231793691355765407274,0.003390920016870724900984092,0,0.946,True,True,BASE_E3,permanent,run_dfea4b7ac1475668d5968c97
fill-permanent-00000703-1754674860000000000,permanent-00000703,ETHUSDT,spot,SELL,close_spot,1754674860000000000,1754674800000000000,1754674800000000000,1754674800000000000,0,0,all_client,vwap,1754674860000000000,1754674860000000000,1754674800000000000,0.9460,0.9460,4027.56,4027.971824637663060913110554,3810.071760,3.810071760,0,0,0.3895861072292556238025840840,0.0085399726185326982402038780,0,0.9460,True,True,BASE_E3,permanent,run_dfea4b7ac1475668d5968c97
fill-permanent-00000704-1755100980000000000,permanent-00000704,ETHUSDT,spot,BUY,open_spot,1755100980000000000,1755100860006000000,1755100860006000000,1755100860006000000,0,0,all_client,vwap,1755100980000000000,1755100980000000000,1755100920000000000,0.7398,0.7390602,4663.30,4662.826625227894731726418016,3449.909340,3.449909340,0.0007398,0,0.3502026564034774687959517632,0.0052467426691178165428312116,0,0.7398,True,True,BASE_E3,permanent,run_dfea4b7ac1475668d5968c97
fill-permanent-00000705-1755101040000000000,permanent-00000705,ETHUSDT,futures,SELL,open_perp,1755101040000000000,1755100980000000000,1755100980000000000,1755100980000000000,0,0,all_client,vwap,1755101040000000000,1755101040000000000,1755100980000000000,0.739,0.739,4670.35,4670.818552220860690440110481,3451.38865,1.725694325,0,0,0.346260091216050235241645459,0.001086600206928630218121330,0,0.739,True,True,BASE_E3,permanent,run_dfea4b7ac1475668d5968c97
fill-permanent-00000706-1755705900000000000,permanent-00000706,ETHUSDT,spot,BUY,increase_spot,1755705900000000000,1755705840000000000,1755705840000000000,1755705840000000000,0,0,all_client,vwap,1755705900000000000,1755705900000000000,1755705840000000000,0.0680,0.0679320,4279.26,4278.831422951153834563513637,290.989680,0.290989680,0.0000680,0,0.0291432393215392496810726840,0.0000471856454714036060408160,0,0.0680,True,True,BASE_E3,permanent,run_dfea4b7ac1475668d5968c97
fill-permanent-00000707-1755705960000000000,permanent-00000707,ETHUSDT,futures,SELL,increase_perp,1755705960000000000,1755705900000000000,1755705900000000000,1755705900000000000,0,0,all_client,vwap,1755705960000000000,1755705960000000000,1755705900000000000,0.068,0.068,4277.05,4277.479180388188525280444326,290.83940,0.145419700,0,0,0.029184266396819719070214168,0.000097407970180037098307176,0,0.068,True,True,BASE_E3,permanent,run_dfea4b7ac1475668d5968c97
fill-permanent-00000708-1755792300000000000,permanent-00000708,BTCUSDT,spot,BUY,increase_spot,1755792300000000000,1755792240000000000,1755792240000000000,1755792240000000000,0,0,all_client,vwap,1755792300000000000,1755792300000000000,1755792240000000000,0.00100,0.00099900,112755.18,112743.8993835910652920962199,112.7551800,0.1127551800,0.00000100,0,0.011280616408934707903780100,0.000006226470575601374570500,0,0.00100,True,True,BASE_E3,permanent,run_dfea4b7ac1475668d5968c97
fill-permanent-00000709-1755792360000000000,permanent-00000709,BTCUSDT,futures,SELL,increase_perp,1755792360000000000,1755792300000000000,1755792300000000000,1755792300000000000,0,0,all_client,vwap,1755792360000000000,1755792360000000000,1755792300000000000,0.001,0.001,112686.5,112697.8660704796531953572927,112.6865,0.05634325,0,0,0.0113660704796531953572927,0.0000962838726052300377570,0,0.001,True,True,BASE_E3,permanent,run_dfea4b7ac1475668d5968c97
fill-permanent-00000710-1756310700000000000,permanent-00000710,ETHUSDT,futures,BUY,reduce_perp,1756310700000000000,1756310640000000000,1756310640000000000,1756310640000000000,0,0,all_client,vwap,1756310700000000000,1756310700000000000,1756310640000000000,0.064,0.064,4643.38,4642.910208471029558367583291,297.17632,0.148588160,0,0,0.030066657854108264474669376,0.000352032519893675301116864,0,0.064,True,True,BASE_E3,permanent,run_dfea4b7ac1475668d5968c97
fill-permanent-00000711-1756310760000000000,permanent-00000711,ETHUSDT,spot,SELL,reduce_spot,1756310760000000000,1756310700000000000,1756310700000000000,1756310700000000000,0,0,all_client,vwap,1756310760000000000,1756310760000000000,1756310700000000000,0.0640,0.0640,4639.88,4640.349925540870787664794972,296.952320,0.296952320,0,0,0.0300752346157304105468782080,0.0003769950922688375058235520,0,0.0640,True,True,BASE_E3,permanent,run_dfea4b7ac1475668d5968c97
fill-permanent-00000712-1757520300000000000,permanent-00000712,ETHUSDT,spot,BUY,increase_spot,1757520300000000000,1757520240000000000,1757520240000000000,1757520240000000000,0,0,all_client,vwap,1757520300000000000,1757520300000000000,1757520240000000000,0.0421,0.0420579,4400.87,4400.423366665549202708732634,185.276627,0.185276627,0.0000421,0,0.0188032633803785659623561086,0.0002774810067166038189523553,0,0.0421,True,True,BASE_E3,permanent,run_dfea4b7ac1475668d5968c97
fill-permanent-00000713-1757520360000000000,permanent-00000713,ETHUSDT,futures,SELL,increase_perp,1757520360000000000,1757520300000000000,1757520300000000000,1757520300000000000,0,0,all_client,vwap,1757520360000000000,1757520360000000000,1757520300000000000,0.042,0.042,4396.48,4396.927162623250614055058574,184.65216,0.092326080,0,0,0.018780830176525790312460108,0.000313736093508137733428856,0,0.042,True,True,BASE_E3,permanent,run_dfea4b7ac1475668d5968c97
fill-permanent-00000714-1758729900000000000,permanent-00000714,ETHUSDT,spot,BUY,increase_spot,1758729900000000000,1758729840000000000,1758729840000000000,1758729840000000000,0,0,all_client,vwap,1758729900000000000,1758729900000000000,1758729840000000000,0.0460,0.0459540,4164.98,4164.555671814524175691549173,191.589080,0.191589080,0.0000460,0,0.0195190965318879181887380420,0.0003621404415411069805569120,0,0.0460,True,True,BASE_E3,permanent,run_dfea4b7ac1475668d5968c97
fill-permanent-00000715-1758729960000000000,permanent-00000715,ETHUSDT,futures,SELL,increase_perp,1758729960000000000,1758729900000000000,1758729900000000000,1758729900000000000,0,0,all_client,vwap,1758729960000000000,1758729960000000000,1758729900000000000,0.046,0.046,4160.52,4160.944230150437859068427047,191.38392,0.095691960,0,0,0.019514586920141517147644162,0.000374243461449502995929384,0,0.046,True,True,BASE_E3,permanent,run_dfea4b7ac1475668d5968c97
fill-permanent-00000716-1759939500000000000,permanent-00000716,ETHUSDT,futures,BUY,reduce_perp,1759939500000000000,1759939440000000000,1759939440000000000,1759939440000000000,0,0,all_client,vwap,1759939500000000000,1759939500000000000,1759939440000000000,0.052,0.052,4439.53,4439.084850628966476870090588,230.85556,0.115427780,0,0,0.023147767293743202755289424,0.000064526070472577075564956,0,0.052,True,True,BASE_E3,permanent,run_dfea4b7ac1475668d5968c97
fill-permanent-00000717-1759939560000000000,permanent-00000717,ETHUSDT,spot,SELL,reduce_spot,1759939560000000000,1759939500000000000,1759939500000000000,1759939500000000000,0,0,all_client,vwap,1759939560000000000,1759939560000000000,1759939500000000000,0.0520,0.0520,4441.07,4441.519264064063431143034635,230.935640,0.230935640,0,0,0.0233617313312984194378010200,0.0002658311581652895958572640,0,0.0520,True,True,BASE_E3,permanent,run_dfea4b7ac1475668d5968c97
fill-permanent-00000718-1760025900000000000,permanent-00000718,BTCUSDT,futures,BUY,reduce_perp,1760025900000000000,1760025840000000000,1760025840000000000,1760025840000000000,0,0,all_client,vwap,1760025900000000000,1760025900000000000,1760025840000000000,0.002,0.002,121312.0,121299.8403502649710682432378,242.6240,0.12131200,0,0,0.0243192994700578635135244,0.0000593314000048692998758,0,0.002,True,True,BASE_E3,permanent,run_dfea4b7ac1475668d5968c97
fill-permanent-00000719-1760025960000000000,permanent-00000719,BTCUSDT,spot,SELL,reduce_spot,1760025960000000000,1760025900000000000,1760025900000000000,1760025900000000000,0,0,all_client,vwap,1760025960000000000,1760025960000000000,1760025900000000000,0.00200,0.00200,121354.83,121366.9670874846955711470023,242.7096600,0.2427096600,0,0,0.024274174969391142294004600,7.81551894203179775200E-7,0,0.00200,True,True,BASE_E3,permanent,run_dfea4b7ac1475668d5968c97
fill-permanent-00000720-1760544300000000000,permanent-00000720,ETHUSDT,spot,BUY,increase_spot,1760544300000000000,1760544240000000000,1760544240000000000,1760544240000000000,0,0,all_client,vwap,1760544300000000000,1760544300000000000,1760544240000000000,0.0901,0.0900099,3983.52,3983.112335325589360585433920,358.915152,0.358915152,0.0000901,0,0.0367305871643986112524038080,0.0008427450231150511135290837,0,0.0901,True,True,BASE_E3,permanent,run_dfea4b7ac1475668d5968c97
fill-permanent-00000721-1760544360000000000,permanent-00000721,ETHUSDT,futures,SELL,increase_perp,1760544360000000000,1760544300000000000,1760544300000000000,1760544300000000000,0,0,all_client,vwap,1760544360000000000,1760544360000000000,1760544300000000000,0.090,0.090,3970.54,3970.940591370873556359517905,357.34860,0.178674300,0,0,0.036053223378620072356611450,0.000314758056282210349375770,0,0.090,True,True,BASE_E3,permanent,run_dfea4b7ac1475668d5968c97
fill-permanent-00000722-1760630700000000000,permanent-00000722,BTCUSDT,spot,BUY,increase_spot,1760630700000000000,1760630640000000000,1760630640000000000,1760630640000000000,0,0,all_client,vwap,1760630700000000000,1760630700000000000,1760630640000000000,0.00300,0.00299700,108267.57,108256.7357052775937397202519,324.8027100,0.3248027100,0.00000300,0,0.032502884167218780839244300,0.000025863455635502717328300,0,0.00300,True,True,BASE_E3,permanent,run_dfea4b7ac1475668d5968c97
fill-permanent-00000723-1760630760000000000,permanent-00000723,BTCUSDT,futures,SELL,increase_perp,1760630760000000000,1760630700000000000,1760630700000000000,1760630700000000000,0,0,all_client,vwap,1760630760000000000,1760630760000000000,1760630700000000000,0.003,0.003,108399.1,108410.0075106093922884074007,325.1973,0.16259865,0,0,0.0327225318281768652222021,0.0001995295749940475356800,0,0.003,True,True,BASE_E3,permanent,run_dfea4b7ac1475668d5968c97
fill-permanent-00000724-1762358700000000000,permanent-00000724,ETHUSDT,spot,BUY,increase_spot,1762358700000000000,1762358640000000000,1762358640000000000,1762358640000000000,0,0,all_client,vwap,1762358700000000000,1762358700000000000,1762358640000000000,0.1532,0.1530468,3396.20,3395.851302650341980590088364,520.297840,0.520297840,0.0001532,0,0.0534204339676085735984626352,0.0013959920110053344558224564,0,0.1532,True,True,BASE_E3,permanent,run_dfea4b7ac1475668d5968c97
fill-permanent-00000725-1762358760000000000,permanent-00000725,ETHUSDT,futures,SELL,increase_perp,1762358760000000000,1762358700000000000,1762358700000000000,1762358700000000000,0,0,all_client,vwap,1762358760000000000,1762358760000000000,1762358700000000000,0.153,0.153,3398.99,3399.330367900681779476964350,520.04547,0.260022735,0,0,0.052076288804312259975545550,0.000066534175431828749548062,0,0.153,True,True,BASE_E3,permanent,run_dfea4b7ac1475668d5968c97
fill-permanent-00000726-1762445100000000000,permanent-00000726,BTCUSDT,spot,BUY,increase_spot,1762445100000000000,1762445040000000000,1762445040000000000,1762445040000000000,0,0,all_client,vwap,1762445100000000000,1762445100000000000,1762445040000000000,0.00100,0.00099900,102076.52,102066.3129912535571785089845,102.0765200,0.1020765200,0.00000100,0,0.010207008746442821491015500,3.77447317465773164600E-7,0,0.00100,True,True,BASE_E3,permanent,run_dfea4b7ac1475668d5968c97
fill-permanent-00000727-1762445160000000000,permanent-00000727,BTCUSDT,futures,SELL,increase_perp,1762445160000000000,1762445100000000000,1762445100000000000,1762445100000000000,0,0,all_client,vwap,1762445160000000000,1762445160000000000,1762445100000000000,0.001,0.001,102193.2,102203.4364810209203137484386,102.1932,0.05109660,0,0,0.0102364810209203137484386,0.0000161373728182217170638,0,0.001,True,True,BASE_E3,permanent,run_dfea4b7ac1475668d5968c97
fill-permanent-00000728-1763568300000000000,permanent-00000728,ETHUSDT,spot,BUY,increase_spot,1763568300000000000,1763568240000000000,1763568240000000000,1763568240000000000,0,0,all_client,vwap,1763568300000000000,1763568300000000000,1763568240000000000,0.0240,0.0239760,2980.21,2979.906163371950343063750555,71.525040,0.071525040,0.0000240,0,0.0072920790731917664699866800,0.0001403042810990856466336800,0,0.0240,True,True,BASE_E3,permanent,run_dfea4b7ac1475668d5968c97
fill-permanent-00000729-1763568360000000000,permanent-00000729,ETHUSDT,futures,SELL,increase_perp,1763568360000000000,1763568300000000000,1763568300000000000,1763568300000000000,0,0,all_client,vwap,1763568360000000000,1763568360000000000,1763568300000000000,0.024,0.024,2968.83,2969.131780243893000364459061,71.25192,0.035625960,0,0,0.007242725853432008747017464,0.000116809580846665546142760,0,0.024,True,True,BASE_E3,permanent,run_dfea4b7ac1475668d5968c97
fill-permanent-00000730-1767197100000000000,permanent-00000730,ETHUSDT,spot,BUY,increase_spot,1767197100000000000,1767197040000000000,1767197040000000000,1767197040000000000,0,0,all_client,vwap,1767197100000000000,1767197100000000000,1767197040000000000,0.0070,0.0069930,2983.75,2983.450050507451858859513895,20.886250,0.020886250,0.0000070,0,0.0020996464478369879834027350,0.0000112314124817716822010780,0,0.0070,True,True,BASE_E3,permanent,run_dfea4b7ac1475668d5968c97
fill-permanent-00000731-1767197160000000000,permanent-00000731,ETHUSDT,futures,SELL,increase_perp,1767197160000000000,1767197100000000000,1767197100000000000,1767197100000000000,0,0,all_client,vwap,1767197160000000000,1767197160000000000,1767197100000000000,0.007,0.007,2980.18,2980.485847216831377700813105,20.86126,0.010430630,0,0,0.002140930517819643905691735,0.000054590424767861941301168,0,0.007,True,True,BASE_E3,permanent,run_dfea4b7ac1475668d5968c97
fill-permanent-00000732-1783526700000000000,permanent-00000732,ETHUSDT,spot,BUY,increase_spot,1783526700000000000,1783526640000000000,1783526640000000000,1783526640000000000,0,0,all_client,vwap,1783526700000000000,1783526700000000000,1783526640000000000,0.0120,0.0119880,1723.90,1723.724098742133226582137148,20.686800,0.020686800,0.0000120,0,0.0021108150944012810143542240,0.0000423461759107211424556560,0,0.0120,True,True,BASE_E3,permanent,run_dfea4b7ac1475668d5968c97
fill-permanent-00000733-1783526760000000000,permanent-00000733,ETHUSDT,futures,SELL,increase_perp,1783526760000000000,1783526700000000000,1783526700000000000,1783526700000000000,0,0,all_client,vwap,1783526760000000000,1783526760000000000,1783526700000000000,0.012,0.012,1725.89,1726.070075736714732503654750,20.71068,0.010355340,0,0,0.002160908840576790043857000,0.000089624749692732364852620,0,0.012,True,True,BASE_E3,permanent,run_dfea4b7ac1475668d5968c97
fill-permanent-00000734-1787760300000000000,permanent-00000734,ETHUSDT,spot,BUY,increase_spot,1787760300000000000,1787760240000000000,1787760240000000000,1787760240000000000,0,0,all_client,vwap,1787760300000000000,1787760300000000000,1787760240000000000,0.0090,0.0089910,2450.21,2449.962187943282451807603407,22.051890,0.022051890,0.0000090,0,0.0022303085104579337315693370,0.0000253425413089795249424970,0,0.0090,True,True,BASE_E3,permanent,run_dfea4b7ac1475668d5968c97
fill-permanent-00000735-1787760360000000000,permanent-00000735,ETHUSDT,futures,SELL,increase_perp,1787760360000000000,1787760300000000000,1787760300000000000,1787760300000000000,0,0,all_client,vwap,1787760360000000000,1787760360000000000,1787760300000000000,0.009,0.009,2450.72,2450.972159032232910341405126,22.05648,0.011028240,0,0,0.002269431290096193072646134,0.000063556346967183453338865,0,0.009,True,True,BASE_E3,permanent,run_dfea4b7ac1475668d5968c97
fill-conditional-00000001-1673683380000000000,conditional-00000001,ETHUSDT,spot,BUY,open_spot,1673683380000000000,1673683260001000000,1673683260001000000,1673683260001000000,0,0,all_client,vwap,1673683380000000000,1673683380000000000,1673683320000000000,1.7207,1.7189793,1552.92,1552.758333687836923699204285,2672.109444,2.672109444,0.0017207,0,0.2781792233390053907791868005,0.0109960968613392913182654565,0,1.7207,True,True,SH_P90,conditional,run_92eccb60683bed405bffd9c6
fill-conditional-00000002-1673683440000000000,conditional-00000002,ETHUSDT,spot,SELL,close_spot,1673683440000000000,1673683380000000000,1673683380000000000,1673683380000000000,0,0,all_client,vwap,1673683440000000000,1673683440000000000,1673683380000000000,1.7189,1.7189,1551.24,1551.395505285607022434072470,2666.426436,2.666426436,0,0,0.2672980354299108619271686830,0.0006286620263678708409763907,0,1.7189,True,True,SH_P90,conditional,run_92eccb60683bed405bffd9c6
fill-conditional-00000003-1673798520000000000,conditional-00000003,ETHUSDT,spot,BUY,open_spot,1673798520000000000,1673798460000000000,1673798460000000000,1673798460000000000,0,0,all_client,vwap,1673798520000000000,1673798520000000000,1673798460000000000,1.9269,1.9249731,1556.25,1556.093388051792728390880380,2998.738125,2.998738125,0.0019269,0,0.3017755630005916636125957780,0.0019319280568917227789571108,0,1.9269,True,True,SH_P90,conditional,run_92eccb60683bed405bffd9c6
fill-conditional-00000004-1673798580000000000,conditional-00000004,ETHUSDT,futures,SELL,open_perp,1673798580000000000,1673798520000000000,1673798520000000000,1673798520000000000,0,0,all_client,vwap,1673798580000000000,1673798580000000000,1673798520000000000,1.925,1.925,1555.82,1555.982684372332775929769552,2994.95350,1.497476750,0,0,0.313167416740593664806387600,0.013640749998919605439906875,0,1.925,True,True,SH_P90,conditional,run_92eccb60683bed405bffd9c6
fill-conditional-00000005-1674403440000000000,conditional-00000005,ETHUSDT,futures,BUY,reduce_perp,1674403440000000000,1674403380000000000,1674403380000000000,1674403380000000000,0,0,all_client,vwap,1674403440000000000,1674403440000000000,1674403380000000000,0.092,0.092,1634.24,1634.075641120309436445312715,150.35008,0.075175040,0,0,0.015121016931531847031230220,0.000087521033225000215933368,0,0.092,True,True,SH_P90,conditional,run_92eccb60683bed405bffd9c6
fill-conditional-00000006-1674403500000000000,conditional-00000006,ETHUSDT,spot,SELL,reduce_spot,1674403500000000000,1674403440000000000,1674403440000000000,1674403440000000000,0,0,all_client,vwap,1674403500000000000,1674403500000000000,1674403440000000000,0.0920,0.0920,1632.73,1632.895320213441419397040037,150.211160,0.150211160,0,0,0.0152094596366105845276834040,0.0001868226906469234692306360,0,0.0920,True,True,SH_P90,conditional,run_92eccb60683bed405bffd9c6
fill-conditional-00000007-1676217840000000000,conditional-00000007,ETHUSDT,spot,BUY,increase_spot,1676217840000000000,1676217780000000000,1676217780000000000,1676217780000000000,0,0,all_client,vwap,1676217840000000000,1676217840000000000,1676217780000000000,0.1231,0.1229769,1535.74,1535.586057714768172412829384,189.049594,0.189049594,0.0001231,0,0.0189502953120379759807028296,0.0000472309415691797783008923,0,0.1231,True,True,SH_P90,conditional,run_92eccb60683bed405bffd9c6
fill-conditional-00000008-1676217900000000000,conditional-00000008,ETHUSDT,futures,SELL,increase_perp,1676217900000000000,1676217840000000000,1676217840000000000,1676217840000000000,0,0,all_client,vwap,1676217900000000000,1676217900000000000,1676217840000000000,0.123,0.123,1534.92,1535.074620909720650466725650,188.79516,0.094397580,0,0,0.019018371895640007407254950,0.000136954058450443406514171,0,0.123,True,True,SH_P90,conditional,run_92eccb60683bed405bffd9c6
fill-conditional-00000009-1676822640000000000,conditional-00000009,ETHUSDT,futures,BUY,reduce_perp,1676822640000000000,1676822580000000000,1676822580000000000,1676822580000000000,0,0,all_client,vwap,1676822640000000000,1676822640000000000,1676822580000000000,0.203,0.203,1713.99,1713.812925198172559027676711,347.93997,0.173969985,0,0,0.035946184770970517381627667,0.001155782389447614433365763,0,0.203,True,True,SH_P90,conditional,run_92eccb60683bed405bffd9c6
fill-conditional-00000010-1676822700000000000,conditional-00000010,ETHUSDT,spot,SELL,reduce_spot,1676822700000000000,1676822640000000000,1676822640000000000,1676822640000000000,0,0,all_client,vwap,1676822700000000000,1676822700000000000,1676822640000000000,0.2030,0.2030,1710.26,1710.433406584601162100303909,347.182780,0.347182780,0,0,0.0352015366740359063616935270,0.0004797385203685027710574370,0,0.2030,True,True,SH_P90,conditional,run_92eccb60683bed405bffd9c6
fill-conditional-00000011-1677427440000000000,conditional-00000011,ETHUSDT,spot,BUY,increase_spot,1677427440000000000,1677427380000000000,1677427380000000000,1677427380000000000,0,0,all_client,vwap,1677427440000000000,1677427440000000000,1677427380000000000,0.1201,0.1199799,1604.38,1604.212784001118802880917418,192.686038,0.192686038,0.0001201,0,0.0200826414656317740018180982,0.0008160459297783371792182490,0,0.1201,True,True,SH_P90,conditional,run_92eccb60683bed405bffd9c6
fill-conditional-00000012-1677427500000000000,conditional-00000012,ETHUSDT,futures,SELL,increase_perp,1677427500000000000,1677427440000000000,1677427440000000000,1677427440000000000,0,0,all_client,vwap,1677427500000000000,1677427500000000000,1677427440000000000,0.120,0.120,1603.55,1603.717639218026983742383859,192.42600,0.096213000,0,0,0.020116706163238049086063080,0.000872094492621725281154520,0,0.120,True,True,SH_P90,conditional,run_92eccb60683bed405bffd9c6
fill-conditional-00000013-1678637040000000000,conditional-00000013,ETHUSDT,spot,BUY,increase_spot,1678637040000000000,1678636980000000000,1678636980000000000,1678636980000000000,0,0,all_client,vwap,1678637040000000000,1678637040000000000,1678636980000000000,0.1932,0.1930068,1455.91,1455.764293450015635936954119,281.281812,0.281281812,0.0001932,0,0.0281505054569791369804642092,0.0000251393075248348941623352,0,0.1932,True,True,SH_P90,conditional,run_92eccb60683bed405bffd9c6
fill-conditional-00000014-1678637100000000000,conditional-00000014,ETHUSDT,futures,SELL,increase_perp,1678637100000000000,1678637040000000000,1678637040000000000,1678637040000000000,0,0,all_client,vwap,1678637100000000000,1678637100000000000,1678637040000000000,0.193,0.193,1454.26,1454.414614108942467151422375,280.67218,0.140336090,0,0,0.029840523025896160224518375,0.001770320973593570608495969,0,0.193,True,True,SH_P90,conditional,run_92eccb60683bed405bffd9c6
fill-conditional-00000015-1679241840000000000,conditional-00000015,ETHUSDT,futures,BUY,reduce_perp,1679241840000000000,1679241780000000000,1679241780000000000,1679241780000000000,0,0,all_client,vwap,1679241840000000000,1679241840000000000,1679241780000000000,0.392,0.392,1798.52,1798.335392624085477231166864,705.01984,0.352509920,0,0,0.072366091358492925382589312,0.001871343967628774675127448,0,0.392,True,True,SH_P90,conditional,run_92eccb60683bed405bffd9c6
fill-conditional-00000016-1679241900000000000,conditional-00000016,ETHUSDT,spot,SELL,reduce_spot,1679241900000000000,1679241840000000000,1679241840000000000,1679241840000000000,0,0,all_client,vwap,1679241900000000000,1679241900000000000,1679241840000000000,0.3920,0.3920,1797.18,1797.369320810969740767535020,704.494560,0.704494560,0,0,0.0742137579001383808737278400,0.0037568805243483670356402720,0,0.3920,True,True,SH_P90,conditional,run_92eccb60683bed405bffd9c6
fill-conditional-00000017-1679659200000000000,conditional-00000017,ETHUSDT,futures,BUY,close_perp,1679659200000000000,1679659140000000000,1679659140000000000,1679659140000000000,0,0,all_client,vwap,1679659200000000000,1679659200000000000,1679659140000000000,1.674,1.674,1746.83,1746.651222547725505012021826,2924.19342,1.462096710,0,0,0.299273455107504609875463276,0.006884040453015360336451128,0,1.674,True,True,SH_P90,conditional,run_92eccb60683bed405bffd9c6
fill-conditional-00000138-1679666460000000000,conditional-00000138,ETHUSDT,spot,SELL,close_spot,1679666460000000000,1679666400000000000,1679666400000000000,1679666400000000000,0,0,all_client,vwap,1679666460000000000,1679666460000000000,1679666400000000000,1.6740,1.6740,1768.81,1768.990410387777114312279581,2960.987940,2.960987940,0,0,0.3020069891388893587560185940,0.0058779944399754698201429220,0,1.6740,True,True,SH_P90,conditional,run_92eccb60683bed405bffd9c6
fill-conditional-00000139-1699545720000000000,conditional-00000139,ETHUSDT,spot,BUY,open_spot,1699545720000000000,1699545660000000000,1699545660000000000,1699545660000000000,0,0,all_client,vwap,1699545720000000000,1699545720000000000,1699545660000000000,1.4785,1.4770215,2043.90,2043.695045322639568844682304,3021.906150,3.021906150,0.0014785,0,0.3030254904773974631372135360,0.0008651780264452028835275980,0,1.4785,True,True,SH_P90,conditional,run_92eccb60683bed405bffd9c6
fill-conditional-00000140-1699545780000000000,conditional-00000140,ETHUSDT,futures,SELL,open_perp,1699545780000000000,1699545720000000000,1699545720000000000,1699545720000000000,0,0,all_client,vwap,1699545780000000000,1699545780000000000,1699545720000000000,1.477,1.477,2050.10,2050.309459218892824415927920,3027.99770,1.513998850,0,0,0.309371266304701662325537840,0.006540559178071192159304979,0,1.477,True,True,SH_P90,conditional,run_92eccb60683bed405bffd9c6
fill-conditional-00000141-1699804980000000000,conditional-00000141,BTCUSDT,spot,BUY,open_spot,1699804980000000000,1699804860001000000,1699804860001000000,1699804860001000000,0,0,all_client,vwap,1699804980000000000,1699804980000000000,1699804920000000000,0.08109,0.08100891,37184.70,37180.97354879750431555282896,3015.3073230,3.0153073230,0.00008109,0,0.3021779280103750518210996336,0.0006774135031760893262819784,0,0.08109,True,True,SH_P90,conditional,run_92eccb60683bed405bffd9c6
fill-conditional-00000142-1699805040000000000,conditional-00000142,BTCUSDT,futures,SELL,open_perp,1699805040000000000,1699804980000000000,1699804980000000000,1699804980000000000,0,0,all_client,vwap,1699805040000000000,1699805040000000000,1699804980000000000,0.081,0.081,37197.5,37201.26993074169907500658496,3012.9975,1.50649875,0,0,0.30536439007762507553338176,0.00403410363861731302582830,0,0.081,True,True,SH_P90,conditional,run_92eccb60683bed405bffd9c6
fill-conditional-00000143-1701619500000000000,conditional-00000143,BTCUSDT,futures,BUY,reduce_perp,1701619500000000000,1701619440000000000,1701619440000000000,1701619440000000000,0,0,all_client,vwap,1701619500000000000,1701619500000000000,1701619440000000000,0.005,0.005,39782.5,39778.46749106847562593358508,198.9125,0.09945625,0,0,0.02016254465762187033207460,0.00027331091208763251910780,0,0.005,True,True,SH_P90,conditional,run_92eccb60683bed405bffd9c6
fill-conditional-00000144-1701619560000000000,conditional-00000144,BTCUSDT,spot,SELL,reduce_spot,1701619560000000000,1701619500000000000,1701619500000000000,1701619500000000000,0,0,all_client,vwap,1701619560000000000,1701619560000000000,1701619500000000000,0.00500,0.00500,39711.85,39715.82924988475789462944330,198.5592500,0.1985592500,0,0,0.0198962494237894731472165000,0.0000383347988470941999018000,0,0.00500,True,True,SH_P90,conditional,run_92eccb60683bed405bffd9c6
fill-conditional-00000145-1701965040000000000,conditional-00000145,ETHUSDT,futures,BUY,reduce_perp,1701965040000000000,1701964980000000000,1701964980000000000,1701964980000000000,0,0,all_client,vwap,1701965040000000000,1701965040000000000,1701964980000000000,0.172,0.172,2330.45,2330.207680695270393532141219,400.83740,0.200418700,0,0,0.041678920413492312471710332,0.001599348305533661702957524,0,0.172,True,True,SH_P90,conditional,run_92eccb60683bed405bffd9c6
fill-conditional-00000146-1701965100000000000,conditional-00000146,ETHUSDT,spot,SELL,reduce_spot,1701965100000000000,1701965040000000000,1701965040000000000,1701965040000000000,0,0,all_client,vwap,1701965100000000000,1701965100000000000,1701965040000000000,0.1720,0.1720,2325.15,2325.383337640588543097428725,399.925800,0.399925800,0,0,0.0401340741812294127577407000,0.0001374807738112898164649040,0,0.1720,True,True,SH_P90,conditional,run_92eccb60683bed405bffd9c6
fill-conditional-00000147-1702224300000000000,conditional-00000147,BTCUSDT,futures,BUY,reduce_perp,1702224300000000000,1702224240000000000,1702224240000000000,1702224240000000000,0,0,all_client,vwap,1702224300000000000,1702224300000000000,1702224240000000000,0.007,0.007,43974.5,43970.04496247113163972286374,307.8215,0.15391075,0,0,0.03118526270207852193995382,0.00040623122834872979214779,0,0.007,True,True,SH_P90,conditional,run_92eccb60683bed405bffd9c6
fill-conditional-00000148-1702224360000000000,conditional-00000148,BTCUSDT,spot,SELL,reduce_spot,1702224360000000000,1702224300000000000,1702224300000000000,1702224300000000000,0,0,all_client,vwap,1702224360000000000,1702224360000000000,1702224300000000000,0.00700,0.00700,43880.72,43885.11345360159887885105815,307.1650400,0.3071650400,0,0,0.0307541752111921519574070500,0.0000345957936710327422112800,0,0.00700,True,True,SH_P90,conditional,run_92eccb60683bed405bffd9c6
fill-conditional-00000149-1702829100000000000,conditional-00000149,BTCUSDT,spot,BUY,increase_spot,1702829100000000000,1702829040000000000,1702829040000000000,1702829040000000000,0,0,all_client,vwap,1702829100000000000,1702829100000000000,1702829040000000000,0.00300,0.00299700,41785.52,41781.33439292270243771177070,125.3565600,0.1253565600,0.00000300,0,0.0125568212318926868646879000,0.0000224209140158761333743600,0,0.00300,True,True,SH_P90,conditional,run_92eccb60683bed405bffd9c6
fill-conditional-00000150-1702829160000000000,conditional-00000150,BTCUSDT,futures,SELL,increase_perp,1702829160000000000,1702829100000000000,1702829100000000000,1702829100000000000,0,0,all_client,vwap,1702829160000000000,1702829160000000000,1702829100000000000,0.003,0.003,41799.0,41803.18620419941896054178529,125.3970,0.06269850,0,0,0.01255861259825688162535587,0.00001765673699705593719333,0,0.003,True,True,SH_P90,conditional,run_92eccb60683bed405bffd9c6
fill-conditional-00000151-1704973620000000000,conditional-00000151,ETHUSDT,futures,BUY,close_perp,1704973620000000000,1704973560000000000,1704973560000000000,1704973560000000000,0,0,all_client,vwap,1704973620000000000,1704973620000000000,1704973560000000000,1.305,1.305,2658.73,2658.459326999301139059803325,3469.64265,1.734821325,0,0,0.353228265912013526956660875,0.006299323738604728309356975,0,1.305,True,True,SH_P90,conditional,run_92eccb60683bed405bffd9c6
fill-conditional-00000152-1704973680000000000,conditional-00000152,ETHUSDT,spot,SELL,close_spot,1704973680000000000,1704973620000000000,1704973620000000000,1704973620000000000,0,0,all_client,vwap,1704973680000000000,1704973680000000000,1704973620000000000,1.3050,1.3050,2654.80,2655.067013965302946426657705,3464.514000,3.464514000,0,0,0.3484532247203450867883050250,0.0019669793978730522796258950,0,1.3050,True,True,SH_P90,conditional,run_92eccb60683bed405bffd9c6
fill-conditional-00000153-1704984360000000000,conditional-00000153,BTCUSDT,futures,BUY,close_perp,1704984360000000000,1704984300000000000,1704984300000000000,1704984300000000000,0,0,all_client,vwap,1704984360000000000,1704984360000000000,1704984300000000000,0.072,0.072,48723.4,48718.52579076127296815113223,3508.0848,1.75404240,0,0,0.35094306518834629311847944,0.00016967949486512774779152,0,0.072,True,True,SH_P90,conditional,run_92eccb60683bed405bffd9c6
fill-conditional-00000154-1704984420000000000,conditional-00000154,BTCUSDT,spot,SELL,close_spot,1704984420000000000,1704984360000000000,1704984360000000000,1704984360000000000,0,0,all_client,vwap,1704984420000000000,1704984420000000000,1704984360000000000,0.07200,0.07200,48788.55,48793.42940949931066758863572,3512.7756000,3.5127756000,0,0,0.3513174839503680663817718400,0.0000047922019730295751339200,0,0.07200,True,True,SH_P90,conditional,run_92eccb60683bed405bffd9c6
fill-conditional-00000155-1708329720000000000,conditional-00000155,BTCUSDT,spot,BUY,open_spot,1708329720000000000,1708329660000000000,1708329660000000000,1708329660000000000,0,0,all_client,vwap,1708329720000000000,1708329720000000000,1708329660000000000,0.05806,0.05800194,52406.75,52401.50817748701836905329659,3042.7359050,3.0427359050,0.00005806,0,0.3043402151037134927655999846,0.0000970586252238641148765248,0,0.05806,True,True,SH_P90,conditional,run_92eccb60683bed405bffd9c6
fill-conditional-00000156-1708329780000000000,conditional-00000156,BTCUSDT,futures,SELL,open_perp,1708329780000000000,1708329720000000000,1708329720000000000,1708329720000000000,0,0,all_client,vwap,1708329780000000000,1708329780000000000,1708329720000000000,0.058,0.058,52373.9,52379.20386708988658823297468,3037.6862,1.51884310,0,0,0.30762429121342211751253144,0.00382490878430077530078004,0,0.058,True,True,SH_P90,conditional,run_92eccb60683bed405bffd9c6
fill-conditional-00000157-1708473720000000000,conditional-00000157,ETHUSDT,spot,BUY,open_spot,1708473720000000000,1708473660000000000,1708473660000000000,1708473660000000000,0,0,all_client,vwap,1708473720000000000,1708473720000000000,1708473660000000000,1.0180,1.0169820,3014.23,3013.924626145401329430226889,3068.486140,3.068486140,0.0010180,0,0.3108705839814466400290269980,0.0040530570398447846930295840,0,1.0180,True,True,SH_P90,conditional,run_92eccb60683bed405bffd9c6
fill-conditional-00000158-1708473780000000000,conditional-00000158,ETHUSDT,futures,SELL,open_perp,1708473780000000000,1708473720000000000,1708473720000000000,1708473720000000000,0,0,all_client,vwap,1708473780000000000,1708473780000000000,1708473720000000000,1.017,1.017,3013.74,3014.050258462601773325306416,3064.97358,1.532486790,0,0,0.315532856466003471836625072,0.009003945180356871489441045,0,1.017,True,True,SH_P90,conditional,run_92eccb60683bed405bffd9c6
fill-conditional-00000159-1709078640000000000,conditional-00000159,ETHUSDT,futures,BUY,reduce_perp,1709078640000000000,1709078580000000000,1709078580000000000,1709078580000000000,0,0,all_client,vwap,1709078640000000000,1709078640000000000,1709078580000000000,0.070,0.070,3245.89,3245.564135333415466789601904,227.21230,0.113606150,0,0,0.022810526660917324727866720,0.000091577713583416460339520,0,0.070,True,True,SH_P90,conditional,run_92eccb60683bed405bffd9c6
fill-conditional-00000160-1709078700000000000,conditional-00000160,ETHUSDT,spot,SELL,reduce_spot,1709078700000000000,1709078640000000000,1709078640000000000,1709078640000000000,0,0,all_client,vwap,1709078700000000000,1709078700000000000,1709078640000000000,0.0700,0.0700,3238.53,3238.854913634965921357736654,226.697100,0.226697100,0,0,0.0227439544476144950415657800,0.0000719700521697335920616000,0,0.0700,True,True,SH_P90,conditional,run_92eccb60683bed405bffd9c6
fill-conditional-00000161-1709539440000000000,conditional-00000161,BTCUSDT,futures,BUY,reduce_perp,1709539440000000000,1709539380000000000,1709539380000000000,1709539380000000000,0,0,all_client,vwap,1709539440000000000,1709539440000000000,1709539380000000000,0.010,0.010,64183.6,64177.09611097626098354289043,641.8360,0.32091800,0,0,0.06503889023739016457109570,0.00086179412641390358755280,0,0.010,True,True,SH_P90,conditional,run_92eccb60683bed405bffd9c6
fill-conditional-00000162-1709539500000000000,conditional-00000162,BTCUSDT,spot,SELL,reduce_spot,1709539500000000000,1709539440000000000,1709539440000000000,1709539440000000000,0,0,all_client,vwap,1709539500000000000,1709539500000000000,1709539440000000000,0.01000,0.01000,64042.33,64048.74097214618679098011296,640.4233000,0.6404233000,0,0,0.0641097214618679098011296000,0.0000609804897217230101495000,0,0.01000,True,True,SH_P90,conditional,run_92eccb60683bed405bffd9c6
fill-conditional-00000163-1709593440000000000,conditional-00000163,BTCUSDT,futures,BUY,close_perp,1709593440000000000,1709593380000000000,1709593380000000000,1709593380000000000,0,0,all_client,vwap,1709593440000000000,1709593440000000000,1709593380000000000,0.048,0.048,68159.2,68152.35731979527336006899583,3271.6416,1.63582080,0,0,0.32844864982687871668820016,0.00131733469186140455986896,0,0.048,True,True,SH_P90,conditional,run_92eccb60683bed405bffd9c6
fill-conditional-00000164-1709593500000000000,conditional-00000164,BTCUSDT,spot,SELL,close_spot,1709593500000000000,1709593440000000000,1709593440000000000,1709593440000000000,0,0,all_client,vwap,1709593500000000000,1709593500000000000,1709593440000000000,0.04800,0.04800,68035.56,68042.37045325575135240557665,3265.7068800,3.2657068800,0,0,0.3269017562760649154676792000,0.0002983781004373089761323200,0,0.04800,True,True,SH_P90,conditional,run_92eccb60683bed405bffd9c6
fill-conditional-00000165-1709683320000000000,conditional-00000165,BTCUSDT,spot,BUY,open_spot,1709683320000000000,1709683260000000000,1709683260000000000,1709683260000000000,0,0,all_client,vwap,1709683320000000000,1709683320000000000,1709683260000000000,0.04805,0.04800195,63778.85,63772.46923335380594369772334,3064.5737425,3.0645737425,0.00004805,0,0.3065958373496244053243935130,0.0001691226833593677649260645,0,0.04805,True,True,SH_P90,conditional,run_92eccb60683bed405bffd9c6
fill-conditional-00000166-1709683380000000000,conditional-00000166,BTCUSDT,futures,SELL,open_perp,1709683380000000000,1709683320000000000,1709683320000000000,1709683320000000000,0,0,all_client,vwap,1709683380000000000,1709683380000000000,1709683320000000000,0.048,0.048,63833.7,63840.16687275735953320674094,3064.0176,1.53200880,0,0,0.31040989235325759392356512,0.00397709136402226816417296,0,0.048,True,True,SH_P90,conditional,run_92eccb60683bed405bffd9c6
fill-conditional-00000167-1709683440000000000,conditional-00000167,ETHUSDT,futures,BUY,reduce_perp,1709683440000000000,1709683380000000000,1709683380000000000,1709683380000000000,0,0,all_client,vwap,1709683440000000000,1709683440000000000,1709683380000000000,0.080,0.080,3559.15,3558.789925376812643844655819,284.73200,0.142366000,0,0,0.028805969854988492427534480,0.000335650451973991276777200,0,0.080,True,True,SH_P90,conditional,run_92eccb60683bed405bffd9c6
fill-conditional-00000168-1709683500000000000,conditional-00000168,ETHUSDT,spot,SELL,reduce_spot,1709683500000000000,1709683440000000000,1709683440000000000,1709683440000000000,0,0,all_client,vwap,1709683500000000000,1709683500000000000,1709683440000000000,0.0800,0.0800,3549.75,3550.112805317909223839607028,283.980000,0.283980000,0,0,0.0290244254327379071685622400,0.0006235229901946333778453600,0,0.0800,True,True,SH_P90,conditional,run_92eccb60683bed405bffd9c6
fill-conditional-00000169-1709843400000000000,conditional-00000169,ETHUSDT,futures,BUY,close_perp,1709843400000000000,1709843340000000000,1709843340000000000,1709843340000000000,0,0,all_client,vwap,1709843400000000000,1709843400000000000,1709843340000000000,0.867,0.867,3909.76,3909.363891269567009770023343,3389.76192,1.694880960,0,0,0.343426269285402529389761619,0.004484419912331069642700885,0,0.867,True,True,SH_P90,conditional,run_92eccb60683bed405bffd9c6
fill-conditional-00000170-1709843460000000000,conditional-00000170,ETHUSDT,spot,SELL,close_spot,1709843460000000000,1709843400000000000,1709843400000000000,1709843400000000000,0,0,all_client,vwap,1709843460000000000,1709843460000000000,1709843400000000000,0.8670,0.8670,3900.77,3901.168468043370777915385703,3381.967590,3.381967590,0,0,0.3454717936024644526394045010,0.0072404874231042061941401880,0,0.8670,True,True,SH_P90,conditional,run_92eccb60683bed405bffd9c6
fill-conditional-00000171-1709942520000000000,conditional-00000171,ETHUSDT,spot,BUY,open_spot,1709942520000000000,1709942460000000000,1709942460000000000,1709942460000000000,0,0,all_client,vwap,1709942520000000000,1709942520000000000,1709942460000000000,0.7958,0.7950042,3882.77,3882.377548906263566033166238,3089.908366,3.089908366,0.0007958,0,0.3123125803954541508063077996,0.0033529750534936962213881310,0,0.7958,True,True,SH_P90,conditional,run_92eccb60683bed405bffd9c6
fill-conditional-00000172-1709942580000000000,conditional-00000172,ETHUSDT,futures,SELL,open_perp,1709942580000000000,1709942520000000000,1709942520000000000,1709942520000000000,0,0,all_client,vwap,1709942580000000000,1709942580000000000,1709942520000000000,0.795,0.795,3883.68,3884.073535415376854463323473,3087.52560,1.543762800,0,0,0.312860655224599298342161035,0.004076809159076838412327095,0,0.795,True,True,SH_P90,conditional,run_92eccb60683bed405bffd9c6
fill-conditional-00000173-1710288240000000000,conditional-00000173,BTCUSDT,futures,BUY,reduce_perp,1710288240000000000,1710288180000000000,1710288180000000000,1710288180000000000,0,0,all_client,vwap,1710288240000000000,1710288240000000000,1710288180000000000,0.005,0.005,71447.7,71440.50120316697299589990103,357.2385,0.17861925,0,0,0.03599398416513502050049485,0.00027373356355153400254490,0,0.005,True,True,SH_P90,conditional,run_92eccb60683bed405bffd9c6
fill-conditional-00000174-1710288300000000000,conditional-00000174,BTCUSDT,spot,SELL,reduce_spot,1710288300000000000,1710288240000000000,1710288240000000000,1710288240000000000,0,0,all_client,vwap,1710288300000000000,1710288300000000000,1710288240000000000,0.00500,0.00500,71326.39,71333.52528636318928069188136,356.6319500,0.3566319500,0,0,0.0356764318159464034594068000,0.0000096691727648088190608500,0,0.00500,True,True,SH_P90,conditional,run_92eccb60683bed405bffd9c6
fill-conditional-00000175-1710893040000000000,conditional-00000175,BTCUSDT,spot,BUY,increase_spot,1710893040000000000,1710892980000000000,1710892980000000000,1710892980000000000,0,0,all_client,vwap,1710893040000000000,1710893040000000000,1710892980000000000,0.00700,0.00699300,62169.59,62163.36617112731152589655661,435.1871300,0.4351871300,0.00000700,0,0.0435668021088193187241037300,0.0000524457890302006559761100,0,0.00700,True,True,SH_P90,conditional,run_92eccb60683bed405bffd9c6
fill-conditional-00000176-1710893100000000000,conditional-00000176,BTCUSDT,futures,SELL,increase_perp,1710893100000000000,1710893040000000000,1710893040000000000,1710893040000000000,0,0,all_client,vwap,1710893100000000000,1710893100000000000,1710893040000000000,0.007,0.007,62001.5,62007.70641880280395495128248,434.0105,0.21700525,0,0,0.04344493161962768465897736,0.00003953712646572189051145,0,0.007,True,True,SH_P90,conditional,run_92eccb60683bed405bffd9c6
fill-conditional-00000177-1711152240000000000,conditional-00000177,ETHUSDT,spot,BUY,increase_spot,1711152240000000000,1711152180000000000,1711152180000000000,1711152180000000000,0,0,all_client,vwap,1711152240000000000,1711152240000000000,1711152180000000000,0.1412,0.1410588,3329.15,3328.812754047367067992280892,470.075980,0.470075980,0.0001412,0,0.0476191285117699994899380496,0.0006162924246211764898870560,0,0.1412,True,True,SH_P90,conditional,run_92eccb60683bed405bffd9c6
fill-conditional-00000178-1711152300000000000,conditional-00000178,ETHUSDT,futures,SELL,increase_perp,1711152300000000000,1711152240000000000,1711152240000000000,1711152240000000000,0,0,all_client,vwap,1711152300000000000,1711152300000000000,1711152240000000000,0.141,0.141,3328.82,3329.152974392282164996982781,469.36362,0.234681810,0,0,0.046949389311785264574572121,0.000008332372854086048114703,0,0.141,True,True,SH_P90,conditional,run_92eccb60683bed405bffd9c6
fill-conditional-00000179-1711497840000000000,conditional-00000179,BTCUSDT,futures,BUY,reduce_perp,1711497840000000000,1711497780000000000,1711497780000000000,1711497780000000000,0,0,all_client,vwap,1711497840000000000,1711497840000000000,1711497780000000000,0.006,0.006,70075.5,70068.48867208208636169303121,420.4530,0.21022650,0,0,0.04206796750748182984181274,0.00002687430423257802479694,0,0.006,True,True,SH_P90,conditional,run_92eccb60683bed405bffd9c6
fill-conditional-00000180-1711497900000000000,conditional-00000180,BTCUSDT,spot,SELL,reduce_spot,1711497900000000000,1711497840000000000,1711497840000000000,1711497840000000000,0,0,all_client,vwap,1711497900000000000,1711497900000000000,1711497840000000000,0.00600,0.00600,69925.83,69932.82385435898352990593807,419.5549800,0.4195549800,0,0,0.0419631261539011794356284200,0.0000034318412857893176848800,0,0.00600,True,True,SH_P90,conditional,run_92eccb60683bed405bffd9c6
fill-conditional-00000181-1711757040000000000,conditional-00000181,ETHUSDT,futures,BUY,reduce_perp,1711757040000000000,1711756980000000000,1711756980000000000,1711756980000000000,0,0,all_client,vwap,1711757040000000000,1711757040000000000,1711756980000000000,0.046,0.046,3509.69,3509.338891579350989596441946,161.44574,0.080722870,0,0,0.016150987349854478563670484,0.000008028448589464011526860,0,0.046,True,True,SH_P90,conditional,run_92eccb60683bed405bffd9c6
fill-conditional-00000182-1711757100000000000,conditional-00000182,ETHUSDT,spot,SELL,reduce_spot,1711757100000000000,1711757040000000000,1711757040000000000,1711757040000000000,0,0,all_client,vwap,1711757100000000000,1711757100000000000,1711757040000000000,0.0460,0.0460,3502.35,3502.703522115333123556592238,161.108100,0.161108100,0,0,0.0162620173053236836032429480,0.0001495811035931512348826340,0,0.0460,True,True,SH_P90,conditional,run_92eccb60683bed405bffd9c6
fill-conditional-00000183-1712102640000000000,conditional-00000183,BTCUSDT,spot,BUY,increase_spot,1712102640000000000,1712102580000000000,1712102580000000000,1712102580000000000,0,0,all_client,vwap,1712102640000000000,1712102640000000000,1712102580000000000,0.00301,0.00300699,65545.73,65539.17353187580034468245498,197.2926473,0.1972926473,0.00000301,0,0.0197349690538409625058105102,0.0000076778207463466020610777,0,0.00301,True,True,SH_P90,conditional,run_92eccb60683bed405bffd9c6
fill-conditional-00000184-1712102700000000000,conditional-00000184,BTCUSDT,futures,SELL,increase_perp,1712102700000000000,1712102640000000000,1712102640000000000,1712102640000000000,0,0,all_client,vwap,1712102700000000000,1712102700000000000,1712102640000000000,0.003,0.003,65483.5,65490.10881398935226797894503,196.4505,0.09822525,0,0,0.01982644196805680393683509,0.00017940932385999825644142,0,0.003,True,True,SH_P90,conditional,run_92eccb60683bed405bffd9c6
fill-conditional-00000185-1712361840000000000,conditional-00000185,ETHUSDT,spot,BUY,increase_spot,1712361840000000000,1712361780000000000,1712361780000000000,1712361780000000000,0,0,all_client,vwap,1712361840000000000,1712361840000000000,1712361780000000000,0.0540,0.0539460,3314.71,3314.368764033551731980741459,178.994340,0.178994340,0.0000540,0,0.0184267421882064730399612140,0.0005291508624252936872652180,0,0.0540,True,True,SH_P90,conditional,run_92eccb60683bed405bffd9c6
fill-conditional-00000186-1712361900000000000,conditional-00000186,ETHUSDT,futures,SELL,increase_perp,1712361900000000000,1712361840000000000,1712361840000000000,1712361840000000000,0,0,all_client,vwap,1712361900000000000,1712361900000000000,1712361840000000000,0.054,0.054,3315.23,3315.570507220091096212310974,179.02242,0.089511210,0,0,0.018387389884919195464792596,0.000483309145930703545246122,0,0.054,True,True,SH_P90,conditional,run_92eccb60683bed405bffd9c6
fill-conditional-00000187-1713571440000000000,conditional-00000187,ETHUSDT,spot,BUY,increase_spot,1713571440000000000,1713571380000000000,1713571380000000000,1713571380000000000,0,0,all_client,vwap,1713571440000000000,1713571440000000000,1713571380000000000,0.0841,0.0840159,3052.62,3052.306619823708047997354751,256.725342,0.256725342,0.0000841,0,0.0263552728261531634224654409,0.0006853741534357787388077274,0,0.0841,True,True,SH_P90,conditional,run_92eccb60683bed405bffd9c6
fill-conditional-00000188-1713571500000000000,conditional-00000188,ETHUSDT,futures,SELL,increase_perp,1713571500000000000,1713571440000000000,1713571440000000000,1713571440000000000,0,0,all_client,vwap,1713571500000000000,1713571500000000000,1713571440000000000,0.084,0.084,3055.08,3055.388259295107083685966824,256.62672,0.128313360,0,0,0.025893780788995029621213216,0.000228519410916130118251068,0,0.084,True,True,SH_P90,conditional,run_92eccb60683bed405bffd9c6
fill-conditional-00000189-1714521840000000000,conditional-00000189,BTCUSDT,spot,BUY,increase_spot,1714521840000000000,1714521780000000000,1714521780000000000,1714521780000000000,0,0,all_client,vwap,1714521840000000000,1714521840000000000,1714521780000000000,0.00200,0.00199800,60701.08,60695.00952977092457218346017,121.4021600,0.1214021600,0.00000200,0,0.0121409404581508556330796600,0.0000019385521966707186429600,0,0.00200,True,True,SH_P90,conditional,run_92eccb60683bed405bffd9c6
fill-conditional-00000190-1714521900000000000,conditional-00000190,BTCUSDT,futures,SELL,increase_perp,1714521900000000000,1714521840000000000,1714521840000000000,1714521840000000000,0,0,all_client,vwap,1714521900000000000,1714521900000000000,1714521840000000000,0.002,0.002,60673.6,60679.76117220901578676976394,121.3472,0.06067360,0,0,0.01232234441803157353952788,0.00018639218358977038217392,0,0.002,True,True,SH_P90,conditional,run_92eccb60683bed405bffd9c6
fill-conditional-00000191-1716336240000000000,conditional-00000191,BTCUSDT,futures,BUY,reduce_perp,1716336240000000000,1716336180000000000,1716336180000000000,1716336180000000000,0,0,all_client,vwap,1716336240000000000,1716336240000000000,1716336180000000000,0.005,0.005,70161.5,70154.40497136131816398587681,350.8075,0.17540375,0,0,0.03547514319340918007061595,0.00039794070772852098862300,0,0.005,True,True,SH_P90,conditional,run_92eccb60683bed405bffd9c6
fill-conditional-00000192-1716336300000000000,conditional-00000192,BTCUSDT,spot,SELL,reduce_spot,1716336300000000000,1716336240000000000,1716336240000000000,1716336240000000000,0,0,all_client,vwap,1716336300000000000,1716336300000000000,1716336240000000000,0.00500,0.00500,70039.05,70046.06154481759743689458110,350.1952500,0.3501952500,0,0,0.0350577240879871844729055000,0.0000346933155783857544582000,0,0.00500,True,True,SH_P90,conditional,run_92eccb60683bed405bffd9c6
fill-conditional-00000193-1716595440000000000,conditional-00000193,ETHUSDT,futures,BUY,reduce_perp,1716595440000000000,1716595380000000000,1716595380000000000,1716595380000000000,0,0,all_client,vwap,1716595440000000000,1716595440000000000,1716595380000000000,0.183,0.183,3721.53,3721.147969017019949717670971,681.03999,0.340519995,0,0,0.069911669885349201666212307,0.001814662052337736586378946,0,0.183,True,True,SH_P90,conditional,run_92eccb60683bed405bffd9c6
fill-conditional-00000194-1716595500000000000,conditional-00000194,ETHUSDT,spot,SELL,reduce_spot,1716595500000000000,1716595440000000000,1716595440000000000,1716595440000000000,0,0,all_client,vwap,1716595500000000000,1716595500000000000,1716595440000000000,0.1830,0.1830,3716.69,3717.067677933150767721751055,680.154270,0.680154270,0,0,0.0691150617665904930804430650,0.0010927232604138340311350400,0,0.1830,True,True,SH_P90,conditional,run_92eccb60683bed405bffd9c6
fill-conditional-00000195-1718150640000000000,conditional-00000195,BTCUSDT,spot,BUY,increase_spot,1718150640000000000,1718150580000000000,1718150580000000000,1718150580000000000,0,0,all_client,vwap,1718150640000000000,1718150640000000000,1718150580000000000,0.00200,0.00199800,67344.18,67337.44100561517606509966713,134.6883600,0.1346883600,0.00000200,0,0.0134779887696478698006657400,0.0000105005685248345876458000,0,0.00200,True,True,SH_P90,conditional,run_92eccb60683bed405bffd9c6
fill-conditional-00000196-1718150700000000000,conditional-00000196,BTCUSDT,futures,SELL,increase_perp,1718150700000000000,1718150640000000000,1718150640000000000,1718150640000000000,0,0,all_client,vwap,1718150700000000000,1718150700000000000,1718150640000000000,0.002,0.002,67358.5,67365.31867229992229992229992,134.7170,0.06735850,0,0,0.01363734459984459984459984,0.00016428086538461538461538,0,0.002,True,True,SH_P90,conditional,run_92eccb60683bed405bffd9c6
fill-conditional-00000197-1718409840000000000,conditional-00000197,ETHUSDT,spot,BUY,increase_spot,1718409840000000000,1718409780000000000,1718409780000000000,1718409780000000000,0,0,all_client,vwap,1718409840000000000,1718409840000000000,1718409780000000000,0.0631,0.0630369,3482.27,3481.916105472928089710534908,219.731237,0.219731237,0.0000631,0,0.0223307446582375392652473052,0.0003598540327033630191738609,0,0.0631,True,True,SH_P90,conditional,run_92eccb60683bed405bffd9c6
fill-conditional-00000198-1718409900000000000,conditional-00000198,ETHUSDT,futures,SELL,increase_perp,1718409900000000000,1718409840000000000,1718409840000000000,1718409840000000000,0,0,all_client,vwap,1718409900000000000,1718409900000000000,1718409840000000000,0.063,0.063,3481.80,3482.152547428499519981164589,219.35340,0.109676700,0,0,0.022210487995469758813369107,0.000272926946670211837487799,0,0.063,True,True,SH_P90,conditional,run_92eccb60683bed405bffd9c6
fill-conditional-00000199-1718755440000000000,conditional-00000199,BTCUSDT,spot,BUY,increase_spot,1718755440000000000,1718755380000000000,1718755380000000000,1718755380000000000,0,0,all_client,vwap,1718755440000000000,1718755440000000000,1718755380000000000,0.00200,0.00199800,65116.55,65110.03601212548066951275742,130.2331000,0.1302331000,0.00000200,0,0.0130279757490386609744851600,0.0000059685466135648405826000,0,0.00200,True,True,SH_P90,conditional,run_92eccb60683bed405bffd9c6
fill-conditional-00000200-1718755500000000000,conditional-00000200,BTCUSDT,futures,SELL,increase_perp,1718755500000000000,1718755440000000000,1718755440000000000,1718755440000000000,0,0,all_client,vwap,1718755500000000000,1718755500000000000,1718755440000000000,0.002,0.002,65131.3,65137.91374116873870420066816,130.2626,0.06513130,0,0,0.01322748233747740840133632,0.00019989958924366066049618,0,0.002,True,True,SH_P90,conditional,run_92eccb60683bed405bffd9c6
fill-conditional-00000201-1719360240000000000,conditional-00000201,BTCUSDT,spot,BUY,increase_spot,1719360240000000000,1719360180000000000,1719360180000000000,1719360180000000000,0,0,all_client,vwap,1719360240000000000,1719360240000000000,1719360180000000000,0.00300,0.00299700,61755.23,61749.05336802736181505418481,185.2656900,0.1852656900,0.00000300,0,0.0185298959179145548374455700,0.0000051799075063462929293100,0,0.00300,True,True,SH_P90,conditional,run_92eccb60683bed405bffd9c6
fill-conditional-00000202-1719360300000000000,conditional-00000202,BTCUSDT,futures,SELL,increase_perp,1719360300000000000,1719360240000000000,1719360240000000000,1719360240000000000,0,0,all_client,vwap,1719360300000000000,1719360300000000000,1719360240000000000,0.003,0.003,61721.1,61727.28298844485647121146906,185.1633,0.09258165,0,0,0.01854896533456941363440718,0.00003078043803595669304373,0,0.003,True,True,SH_P90,conditional,run_92eccb60683bed405bffd9c6
fill-conditional-00000203-1720224240000000000,conditional-00000203,ETHUSDT,spot,BUY,increase_spot,1720224240000000000,1720224180000000000,1720224180000000000,1720224180000000000,0,0,all_client,vwap,1720224240000000000,1720224240000000000,1720224180000000000,0.1491,0.1489509,2979.42,2979.116271985036451114942140,444.231522,0.444231522,0.0001491,0,0.0452858470310651387621269260,0.0008672234157682452760031706,0,0.1491,True,True,SH_P90,conditional,run_92eccb60683bed405bffd9c6
fill-conditional-00000204-1720224300000000000,conditional-00000204,ETHUSDT,futures,SELL,increase_perp,1720224300000000000,1720224240000000000,1720224240000000000,1720224240000000000,0,0,all_client,vwap,1720224300000000000,1720224300000000000,1720224240000000000,0.149,0.149,2975.81,2976.110444954187114406436401,443.39569,0.221697845,0,0,0.044766298173880046559023749,0.000422252544062658554367793,0,0.149,True,True,SH_P90,conditional,run_92eccb60683bed405bffd9c6
fill-conditional-00000205-1721433840000000000,conditional-00000205,ETHUSDT,futures,BUY,reduce_perp,1721433840000000000,1721433780000000000,1721433780000000000,1721433780000000000,0,0,all_client,vwap,1721433840000000000,1721433840000000000,1721433780000000000,0.150,0.150,3502.57,3502.219070824627046989649643,525.38550,0.262692750,0,0,0.052639376305942951552553550,0.000106090243573545847708800,0,0.150,True,True,SH_P90,conditional,run_92eccb60683bed405bffd9c6
fill-conditional-00000206-1721433900000000000,conditional-00000206,ETHUSDT,spot,SELL,reduce_spot,1721433900000000000,1721433840000000000,1721433840000000000,1721433840000000000,0,0,all_client,vwap,1721433900000000000,1721433900000000000,1721433840000000000,0.1500,0.1500,3499.12,3499.475880983484416649717330,524.868000,0.524868000,0,0,0.0533821475226624974575995000,0.0008900093079102312078537000,0,0.1500,True,True,SH_P90,conditional,run_92eccb60683bed405bffd9c6
fill-conditional-00000207-1721779440000000000,conditional-00000207,BTCUSDT,futures,BUY,reduce_perp,1721779440000000000,1721779380000000000,1721779380000000000,1721779380000000000,0,0,all_client,vwap,1721779440000000000,1721779440000000000,1721779380000000000,0.003,0.003,65936.2,65929.56852049530315969257045,197.8086,0.09890430,0,0,0.01989443851409052092228865,0.00011556795794192997438087,0,0.003,True,True,SH_P90,conditional,run_92eccb60683bed405bffd9c6
fill-conditional-00000208-1721779500000000000,conditional-00000208,BTCUSDT,spot,SELL,reduce_spot,1721779500000000000,1721779440000000000,1721779440000000000,1721779440000000000,0,0,all_client,vwap,1721779500000000000,1721779500000000000,1721779440000000000,0.00300,0.00300,65904.76,65911.35135968799611542402022,197.7142800,0.1977142800,0,0,0.0197740790639883462720606600,6.736560819474374334600E-7,0,0.00300,True,True,SH_P90,conditional,run_92eccb60683bed405bffd9c6
fill-conditional-00000209-1722038640000000000,conditional-00000209,ETHUSDT,spot,BUY,increase_spot,1722038640000000000,1722038580000000000,1722038580000000000,1722038580000000000,0,0,all_client,vwap,1722038640000000000,1722038640000000000,1722038580000000000,0.0661,0.0660339,3267.73,3267.399912785354091529844995,215.996953,0.215996953,0.0000661,0,0.0218187648880945498772458305,0.0002212514645833593322335881,0,0.0661,True,True,SH_P90,conditional,run_92eccb60683bed405bffd9c6
fill-conditional-00000210-1722038700000000000,conditional-00000210,ETHUSDT,futures,SELL,increase_perp,1722038700000000000,1722038640000000000,1722038640000000000,1722038640000000000,0,0,all_client,vwap,1722038700000000000,1722038700000000000,1722038640000000000,0.066,0.066,3267.99,3268.318857500239531590480971,215.68734,0.107843670,0,0,0.021704595015809084971744086,0.000133690556307504063246918,0,0.066,True,True,SH_P90,conditional,run_92eccb60683bed405bffd9c6
fill-conditional-00000211-1722643440000000000,conditional-00000211,ETHUSDT,spot,BUY,increase_spot,1722643440000000000,1722643380000000000,1722643380000000000,1722643380000000000,0,0,all_client,vwap,1722643440000000000,1722643440000000000,1722643380000000000,0.0911,0.0910089,2989.40,2989.100995028318737182781801,272.334340,0.272334340,0.0000911,0,0.0272393529201630426485779289,0.0000086428554550589528428031,0,0.0911,True,True,SH_P90,conditional,run_92eccb60683bed405bffd9c6
fill-conditional-00000212-1722643500000000000,conditional-00000212,ETHUSDT,futures,SELL,increase_perp,1722643500000000000,1722643440000000000,1722643440000000000,1722643440000000000,0,0,all_client,vwap,1722643500000000000,1722643500000000000,1722643440000000000,0.091,0.091,2991.66,2991.968058046105479460482629,272.24106,0.136120530,0,0,0.028033282195598630903919239,0.000806372867379071040828871,0,0.091,True,True,SH_P90,conditional,run_92eccb60683bed405bffd9c6
fill-conditional-00000213-1722989040000000000,conditional-00000213,BTCUSDT,spot,BUY,increase_spot,1722989040000000000,1722988980000000000,1722988980000000000,1722988980000000000,0,0,all_client,vwap,1722989040000000000,1722989040000000000,1722988980000000000,0.00401,0.00400599,56064.00,56058.38435254932438169005806,224.8166400,0.2248166400,0.00000401,0,0.0225187462772092294228671794,0.0000393341518369503458094493,0,0.00401,True,True,SH_P90,conditional,run_92eccb60683bed405bffd9c6
fill-conditional-00000214-1722989100000000000,conditional-00000214,BTCUSDT,futures,SELL,increase_perp,1722989100000000000,1722989040000000000,1722989040000000000,1722989040000000000,0,0,all_client,vwap,1722989100000000000,1722989100000000000,1722989040000000000,0.004,0.004,55943.9,55949.49980749191240512629090,223.7756,0.11188780,0,0,0.02239922996764962050516360,0.00001943004465285554311308,0,0.004,True,True,SH_P90,conditional,run_92eccb60683bed405bffd9c6
fill-conditional-00000215-1723248240000000000,conditional-00000215,ETHUSDT,futures,BUY,close_perp,1723248240000000000,1723248180000000000,1723248180000000000,1723248180000000000,0,0,all_client,vwap,1723248240000000000,1723248240000000000,1723248180000000000,1.064,1.064,2591.57,2591.308405951127219432549499,2757.43048,1.378715240,0,0,0.278336068000638523767333064,0.002620853607438587619709744,0,1.064,True,True,SH_P90,conditional,run_92eccb60683bed405bffd9c6
fill-conditional-00000216-1723248300000000000,conditional-00000216,ETHUSDT,spot,SELL,close_spot,1723248300000000000,1723248240000000000,1723248240000000000,1723248240000000000,0,0,all_client,vwap,1723248300000000000,1723248300000000000,1723248240000000000,0.7386,0.7386,2589.08,2589.345939443591784127121827,1912.294488,1.912294488,0,0,0.1964228730368917562921814222,0.0051737819495880671165523390,0,0.7386,True,True,SH_P90,conditional,run_92eccb60683bed405bffd9c6
fill-conditional-00000217-1723248360000000000,conditional-00000217,ETHUSDT,spot,SELL,close_spot,1723248360000000000,1723248300000000000,1723248300000000000,1723248300000000000,0,0,all_client,vwap,1723248360000000000,1723248360000000000,1723248300000000000,0.3254,0.3254,2588.63,2588.893642944108380721025797,842.340202,0.842340202,0,0,0.0857894140128670866217943438,0.0015468148714657999131320276,0,0.3254,True,True,SH_P90,conditional,run_92eccb60683bed405bffd9c6
fill-conditional-00000218-1724198640000000000,conditional-00000218,BTCUSDT,futures,BUY,close_perp,1724198640000000000,1724198580000000000,1724198580000000000,1724198580000000000,0,0,all_client,vwap,1724198640000000000,1724198640000000000,1724198580000000000,0.052,0.052,59126.4,59120.40411495213956607701219,3074.5728,1.53728640,0,0,0.31178602248874256399536612,0.00435992109099143825176572,0,0.052,True,True,SH_P90,conditional,run_92eccb60683bed405bffd9c6
fill-conditional-00000219-1724198700000000000,conditional-00000219,BTCUSDT,spot,SELL,close_spot,1724198700000000000,1724198640000000000,1724198640000000000,1724198640000000000,0,0,all_client,vwap,1724198700000000000,1724198700000000000,1724198640000000000,0.05200,0.05200,59061.39,59067.30596271112777360289597,3071.1922800,3.0711922800,0,0,0.3076300609786442273505904400,0.0004800699725463629278553600,0,0.05200,True,True,SH_P90,conditional,run_92eccb60683bed405bffd9c6
fill-conditional-00000220-1731283380000000000,conditional-00000220,BTCUSDT,spot,BUY,open_spot,1731283380000000000,1731283260001000000,1731283260001000000,1731283260001000000,0,0,all_client,vwap,1731283380000000000,1731283380000000000,1731283320000000000,0.03904,0.03900096,80398.64,80390.59530018233112697606085,3138.7629056,3.1387629056,0.00003904,0,0.3140650808817928028545844160,0.0002201968298809821348697216,0,0.03904,True,True,SH_P90,conditional,run_92eccb60683bed405bffd9c6
fill-conditional-00000221-1731283380000000000,conditional-00000221,ETHUSDT,spot,BUY,open_spot,1731283380000000000,1731283260001000000,1731283260001000000,1731283260001000000,0,0,all_client,vwap,1731283380000000000,1731283380000000000,1731283320000000000,0.9990,0.9980010,3183.10,3182.778059813637612649816649,3179.916900,3.179916900,0.0009990,0,0.3216182461760249628331676490,0.0036587180006425653294506310,0,0.9990,True,True,SH_P90,conditional,run_92eccb60683bed405bffd9c6
fill-conditional-00000222-1731283440000000000,conditional-00000222,BTCUSDT,futures,SELL,open_perp,1731283440000000000,1731283380000000000,1731283380000000000,1731283380000000000,0,0,all_client,vwap,1731283440000000000,1731283440000000000,1731283380000000000,0.039,0.039,80473.4,80481.51293794225695899800291,3138.4626,1.56923130,0,0,0.31640457974802140092211349,0.00252667929004659878202129,0,0.039,True,True,SH_P90,conditional,run_92eccb60683bed405bffd9c6
fill-conditional-00000223-1731283440000000000,conditional-00000223,ETHUSDT,futures,SELL,open_perp,1731283440000000000,1731283380000000000,1731283380000000000,1731283380000000000,0,0,all_client,vwap,1731283440000000000,1731283440000000000,1731283380000000000,0.998,0.998,3185.24,3185.567456076293019281120543,3178.86952,1.589434760,0,0,0.326801164140433242558301914,0.008881532024019199234046138,0,0.998,True,True,SH_P90,conditional,run_92eccb60683bed405bffd9c6
fill-conditional-00000224-1731888300000000000,conditional-00000224,BTCUSDT,futures,BUY,reduce_perp,1731888300000000000,1731888240000000000,1731888240000000000,1731888240000000000,0,0,all_client,vwap,1731888300000000000,1731888300000000000,1731888240000000000,0.004,0.004,89820.6,89811.58368361402183206410435,359.2824,0.17964120,0,0,0.03606526554391267174358260,0.00014063207046706301075696,0,0.004,True,True,SH_P90,conditional,run_92eccb60683bed405bffd9c6
fill-conditional-00000225-1731888360000000000,conditional-00000225,BTCUSDT,spot,SELL,reduce_spot,1731888360000000000,1731888300000000000,1731888300000000000,1731888300000000000,0,0,all_client,vwap,1731888360000000000,1731888360000000000,1731888300000000000,0.00400,0.00400,89757.84,89766.82363198474411424927983,359.0313600,0.3590313600,0,0,0.0359345279389764569971193200,0.0000277984861825593514196000,0,0.00400,True,True,SH_P90,conditional,run_92eccb60683bed405bffd9c6
fill-conditional-00000226-1732493100000000000,conditional-00000226,BTCUSDT,futures,BUY,reduce_perp,1732493100000000000,1732493040000000000,1732493040000000000,1732493040000000000,0,0,all_client,vwap,1732493100000000000,1732493100000000000,1732493040000000000,0.003,0.003,97776.0,97766.21397184343180768381098,293.3280,0.14666400,0,0,0.02935808446970457694856706,0.00002822027815154740626192,0,0.003,True,True,SH_P90,conditional,run_92eccb60683bed405bffd9c6
fill-conditional-00000227-1732493160000000000,conditional-00000227,BTCUSDT,spot,SELL,reduce_spot,1732493160000000000,1732493100000000000,1732493100000000000,1732493100000000000,0,0,all_client,vwap,1732493160000000000,1732493160000000000,1732493100000000000,0.00300,0.00300,97729.37,97739.14604842694342827634345,293.1881100,0.2931881100,0,0,0.0293281452808302848290303500,0.0000064014663022018005474600,0,0.00300,True,True,SH_P90,conditional,run_92eccb60683bed405bffd9c6
fill-conditional-00000228-1733097900000000000,conditional-00000228,ETHUSDT,futures,BUY,reduce_perp,1733097900000000000,1733097840000000000,1733097840000000000,1733097840000000000,0,0,all_client,vwap,1733097900000000000,1733097900000000000,1733097840000000000,0.137,0.137,3716.57,3716.197857477204082509053952,509.17009,0.254585045,0,0,0.050983525623040696259608576,0.000071614975603000329234591,0,0.137,True,True,SH_P90,conditional,run_92eccb60683bed405bffd9c6
fill-conditional-00000229-1733097960000000000,conditional-00000229,ETHUSDT,spot,SELL,reduce_spot,1733097960000000000,1733097900000000000,1733097900000000000,1733097900000000000,0,0,all_client,vwap,1733097960000000000,1733097960000000000,1733097900000000000,0.1370,0.1370,3700.91,3701.284463902171498145042794,507.024670,0.507024670,0,0,0.0513015545974952458708627780,0.0005939574420354963462757300,0,0.1370,True,True,SH_P90,conditional,run_92eccb60683bed405bffd9c6
fill-conditional-00000230-1733702700000000000,conditional-00000230,ETHUSDT,futures,BUY,reduce_perp,1733702700000000000,1733702640000000000,1733702640000000000,1733702640000000000,0,0,all_client,vwap,1733702700000000000,1733702700000000000,1733702640000000000,0.058,0.058,3999.44,3999.035909580271564476366305,231.96752,0.115983760,0,0,0.023437244344249260370754310,0.000242836068683685296791364,0,0.058,True,True,SH_P90,conditional,run_92eccb60683bed405bffd9c6
fill-conditional-00000231-1733702760000000000,conditional-00000231,ETHUSDT,spot,SELL,reduce_spot,1733702760000000000,1733702700000000000,1733702700000000000,1733702700000000000,0,0,all_client,vwap,1733702760000000000,1733702760000000000,1733702700000000000,0.0580,0.0580,3989.32,3989.724243016476392697875513,231.380560,0.231380560,0,0,0.0234460949556307764767797540,0.0003056943461352133991320500,0,0.0580,True,True,SH_P90,conditional,run_92eccb60683bed405bffd9c6
fill-conditional-00000232-1734305100000000000,conditional-00000232,BTCUSDT,futures,BUY,close_perp,1734305100000000000,1734305040000000000,1734305040000000000,1734305040000000000,0,0,all_client,vwap,1734305100000000000,1734305100000000000,1734305040000000000,0.032,0.032,104684.2,104673.6733097312293695756009,3349.8944,1.67494720,0,0,0.3368540886006601735807712,0.0018983340095202395981280,0,0.032,True,True,SH_P90,conditional,run_92eccb60683bed405bffd9c6
fill-conditional-00000233-1734305160000000000,conditional-00000233,BTCUSDT,spot,SELL,close_spot,1734305160000000000,1734305100000000000,1734305100000000000,1734305100000000000,0,0,all_client,vwap,1734305160000000000,1734305160000000000,1734305100000000000,0.03200,0.03200,104585.81,104596.2738269457853254393235,3346.7459200,3.3467459200,0,0,0.334842462265130414058352000,0.000134386018903901016947200,0,0.03200,True,True,SH_P90,conditional,run_92eccb60683bed405bffd9c6
fill-conditional-00000234-1734912300000000000,conditional-00000234,ETHUSDT,spot,BUY,increase_spot,1734912300000000000,1734912240000000000,1734912240000000000,1734912240000000000,0,0,all_client,vwap,1734912300000000000,1734912300000000000,1734912240000000000,0.1762,0.1760238,3281.15,3280.814765711792967818403420,578.138630,0.578138630,0.0001762,0,0.0590682815820790703973173960,0.0012603254102372783043571880,0,0.1762,True,True,SH_P90,conditional,run_92eccb60683bed405bffd9c6
fill-conditional-00000235-1734912360000000000,conditional-00000235,ETHUSDT,futures,SELL,increase_perp,1734912360000000000,1734912300000000000,1734912300000000000,1734912300000000000,0,0,all_client,vwap,1734912360000000000,1734912360000000000,1734912300000000000,0.176,0.176,3282.80,3283.133758220063675080984137,577.77280,0.288886400,0,0,0.058741446731206814253208112,0.000958292586533693571782864,0,0.176,True,True,SH_P90,conditional,run_92eccb60683bed405bffd9c6
fill-conditional-00000236-1736121900000000000,conditional-00000236,ETHUSDT,futures,BUY,reduce_perp,1736121900000000000,1736121840000000000,1736121840000000000,1736121840000000000,0,0,all_client,vwap,1736121900000000000,1736121900000000000,1736121840000000000,0.096,0.096,3639.24,3638.869229757233292988367280,349.36704,0.174683520,0,0,0.035593943305603873116741120,0.000660798699934433504052768,0,0.096,True,True,SH_P90,conditional,run_92eccb60683bed405bffd9c6
fill-conditional-00000237-1736121960000000000,conditional-00000237,ETHUSDT,spot,SELL,reduce_spot,1736121960000000000,1736121900000000000,1736121900000000000,1736121900000000000,0,0,all_client,vwap,1736121960000000000,1736121960000000000,1736121900000000000,0.0960,0.0960,3634.28,3634.643801369948633840519985,348.890880,0.348890880,0,0,0.0349249315150688486899185600,0.0000323510219173418050495680,0,0.0960,True,True,SH_P90,conditional,run_92eccb60683bed405bffd9c6
fill-conditional-00000238-1736726700000000000,conditional-00000238,ETHUSDT,spot,BUY,increase_spot,1736726700000000000,1736726640000000000,1736726640000000000,1736726640000000000,0,0,all_client,vwap,1736726700000000000,1736726700000000000,1736726640000000000,0.0990,0.0989010,3275.87,3275.539123029238635521973228,324.311130,0.324311130,0.0000990,0,0.0327568201053750833246504280,0.0003289827873856208329829250,0,0.0990,True,True,SH_P90,conditional,run_92eccb60683bed405bffd9c6
fill-conditional-00000239-1736726760000000000,conditional-00000239,ETHUSDT,futures,SELL,increase_perp,1736726760000000000,1736726700000000000,1736726700000000000,1736726700000000000,0,0,all_client,vwap,1736726760000000000,1736726760000000000,1736726700000000000,0.099,0.099,3271.03,3271.359707586957645491946592,323.83197,0.161915985,0,0,0.032641051108806903702712608,0.000254590003696023012342303,0,0.099,True,True,SH_P90,conditional,run_92eccb60683bed405bffd9c6
fill-conditional-00000240-1738541100000000000,conditional-00000240,ETHUSDT,spot,BUY,increase_spot,1738541100000000000,1738541040000000000,1738541040000000000,1738541040000000000,0,0,all_client,vwap,1738541100000000000,1738541100000000000,1738541040000000000,0.1442,0.1440558,2856.36,2856.069904410173627105953821,411.887112,0.411887112,0.0001442,0,0.0418317840529629713214590118,0.0006472560313682676185912128,0,0.1442,True,True,SH_P90,conditional,run_92eccb60683bed405bffd9c6
fill-conditional-00000241-1738541160000000000,conditional-00000241,ETHUSDT,futures,SELL,increase_perp,1738541160000000000,1738541100000000000,1738541100000000000,1738541100000000000,0,0,all_client,vwap,1738541160000000000,1738541160000000000,1738541100000000000,0.144,0.144,2854.07,2854.356980846713079425444187,410.98608,0.205493040,0,0,0.041325241926683437263962928,0.000222501402490768920236592,0,0.144,True,True,SH_P90,conditional,run_92eccb60683bed405bffd9c6
fill-conditional-00000242-1739145900000000000,conditional-00000242,ETHUSDT,spot,BUY,increase_spot,1739145900000000000,1739145840000000000,1739145840000000000,1739145840000000000,0,0,all_client,vwap,1739145900000000000,1739145900000000000,1739145840000000000,0.0941,0.0940059,2643.71,2643.437573240511377707339076,248.773111,0.248773111,0.0000941,0,0.0256353580678793577393929484,0.0007606105036861456751668790,0,0.0941,True,True,SH_P90,conditional,run_92eccb60683bed405bffd9c6
fill-conditional-00000243-1739145960000000000,conditional-00000243,ETHUSDT,futures,SELL,increase_perp,1739145960000000000,1739145900000000000,1739145900000000000,1739145900000000000,0,0,all_client,vwap,1739145960000000000,1739145960000000000,1739145900000000000,0.094,0.094,2642.45,2642.723212550890261494659676,248.39030,0.124195150,0,0,0.025681979783684580498009544,0.000840381585706212039959740,0,0.094,True,True,SH_P90,conditional,run_92eccb60683bed405bffd9c6
fill-conditional-00000244-1740355500000000000,conditional-00000244,ETHUSDT,futures,BUY,reduce_perp,1740355500000000000,1740355440000000000,1740355440000000000,1740355440000000000,0,0,all_client,vwap,1740355500000000000,1740355500000000000,1740355440000000000,0.078,0.078,2820.52,2820.233736989071864162778871,220.00056,0.110000280,0,0,0.022328514852394595303248062,0.000330691703879834762778378,0,0.078,True,True,SH_P90,conditional,run_92eccb60683bed405bffd9c6
fill-conditional-00000245-1740355560000000000,conditional-00000245,ETHUSDT,spot,SELL,reduce_spot,1740355560000000000,1740355500000000000,1740355500000000000,1740355500000000000,0,0,all_client,vwap,1740355560000000000,1740355560000000000,1740355500000000000,0.0780,0.0780,2819.50,2819.782875146468325533564691,219.921000,0.219921000,0,0,0.0220642614245293916180458980,0.0000699549983869386788841300,0,0.0780,True,True,SH_P90,conditional,run_92eccb60683bed405bffd9c6
fill-conditional-00000246-1740960300000000000,conditional-00000246,ETHUSDT,spot,BUY,increase_spot,1740960300000000000,1740960240000000000,1740960240000000000,1740960240000000000,0,0,all_client,vwap,1740960300000000000,1740960300000000000,1740960240000000000,0.1441,0.1439559,2500.46,2500.208117474359684396538070,360.316286,0.360316286,0.0001441,0,0.0362962719447694784588641130,0.0002682729719639554067099716,0,0.1441,True,True,SH_P90,conditional,run_92eccb60683bed405bffd9c6
fill-conditional-00000247-1740960360000000000,conditional-00000247,ETHUSDT,futures,SELL,increase_perp,1740960360000000000,1740960300000000000,1740960300000000000,1740960300000000000,0,0,all_client,vwap,1740960360000000000,1740960360000000000,1740960300000000000,0.144,0.144,2500.53,2500.781649157207991473654906,360.07632,0.180038160,0,0,0.036237478637950772206306464,0.000226222890086977129085904,0,0.144,True,True,SH_P90,conditional,run_92eccb60683bed405bffd9c6
fill-conditional-00000248-1741565100000000000,conditional-00000248,ETHUSDT,spot,BUY,increase_spot,1741565100000000000,1741565040000000000,1741565040000000000,1741565040000000000,0,0,all_client,vwap,1741565100000000000,1741565100000000000,1741565040000000000,0.3033,0.3029967,2030.91,2030.703037461092051888822446,615.975003,0.615975003,0.0003033,0,0.0627717380507806621201521282,0.0011805149245857401863642176,0,0.3033,True,True,SH_P90,conditional,run_92eccb60683bed405bffd9c6
fill-conditional-00000249-1741565160000000000,conditional-00000249,ETHUSDT,futures,SELL,increase_perp,1741565160000000000,1741565100000000000,1741565100000000000,1741565100000000000,0,0,all_client,vwap,1741565160000000000,1741565160000000000,1741565100000000000,0.303,0.303,2026.96,2027.170331214880478331315051,614.16888,0.307084440,0,0,0.063730358108784934388460453,0.002307097072974055895021457,0,0.303,True,True,SH_P90,conditional,run_92eccb60683bed405bffd9c6
fill-conditional-00000250-1742169900000000000,conditional-00000250,ETHUSDT,spot,BUY,increase_spot,1742169900000000000,1742169840000000000,1742169840000000000,1742169840000000000,0,0,all_client,vwap,1742169900000000000,1742169900000000000,1742169840000000000,0.1151,0.1149849,1890.26,1890.065017216292583100997869,217.568926,0.217568926,0.0001151,0,0.0224425184047236850751452781,0.0006878700565641574436527681,0,0.1151,True,True,SH_P90,conditional,run_92eccb60683bed405bffd9c6
fill-conditional-00000251-1742169960000000000,conditional-00000251,ETHUSDT,futures,SELL,increase_perp,1742169960000000000,1742169900000000000,1742169900000000000,1742169900000000000,0,0,all_client,vwap,1742169960000000000,1742169960000000000,1742169900000000000,0.115,0.115,1889.59,1889.787880099702905483659802,217.30285,0.108651425,0,0,0.022756211465834130620877230,0.001023650844687547207815140,0,0.115,True,True,SH_P90,conditional,run_92eccb60683bed405bffd9c6
fill-conditional-00000252-1742774700000000000,conditional-00000252,ETHUSDT,futures,BUY,reduce_perp,1742774700000000000,1742774640000000000,1742774640000000000,1742774640000000000,0,0,all_client,vwap,1742774700000000000,1742774700000000000,1742774640000000000,0.096,0.096,2003.13,2002.919756494348370010379023,192.30048,0.096150240,0,0,0.020183376542556479003613792,0.000955346880210734651514144,0,0.096,True,True,SH_P90,conditional,run_92eccb60683bed405bffd9c6
fill-conditional-00000253-1742774760000000000,conditional-00000253,ETHUSDT,spot,SELL,reduce_spot,1742774760000000000,1742774700000000000,1742774700000000000,1742774700000000000,0,0,all_client,vwap,1742774760000000000,1742774760000000000,1742774700000000000,0.0960,0.0960,1999.48,1999.687978764619453845691736,191.950080,0.191950080,0,0,0.0199659614034675691864066560,0.0007689568073272224294880320,0,0.0960,True,True,SH_P90,conditional,run_92eccb60683bed405bffd9c6
fill-conditional-00000254-1743379500000000000,conditional-00000254,ETHUSDT,spot,BUY,increase_spot,1743379500000000000,1743379440000000000,1743379440000000000,1743379440000000000,0,0,all_client,vwap,1743379500000000000,1743379500000000000,1743379440000000000,0.1762,0.1760238,1806.84,1806.649575788566699490875568,318.365208,0.318365208,0.0001762,0,0.0335527460545475497077249184,0.0017195805291530044626956128,0,0.1762,True,True,SH_P90,conditional,run_92eccb60683bed405bffd9c6
fill-conditional-00000255-1743379560000000000,conditional-00000255,ETHUSDT,futures,SELL,increase_perp,1743379560000000000,1743379500000000000,1743379500000000000,1743379500000000000,0,0,all_client,vwap,1743379560000000000,1743379560000000000,1743379500000000000,0.176,0.176,1806.31,1806.490652860145396081172022,317.91056,0.158955280,0,0,0.031794903385589710286275872,6.67895251151315247280E-7,0,0.176,True,True,SH_P90,conditional,run_92eccb60683bed405bffd9c6
fill-conditional-00000256-1743984300000000000,conditional-00000256,ETHUSDT,spot,BUY,increase_spot,1743984300000000000,1743984240000000000,1743984240000000000,1743984240000000000,0,0,all_client,vwap,1743984300000000000,1743984300000000000,1743984240000000000,0.2573,0.2570427,1578.01,1577.843874505349547005109057,406.021973,0.406021973,0.0002573,0,0.0427440897735615555854396339,0.0021461668825389117409981536,0,0.2573,True,True,SH_P90,conditional,run_92eccb60683bed405bffd9c6
fill-conditional-00000257-1743984360000000000,conditional-00000257,ETHUSDT,futures,SELL,increase_perp,1743984360000000000,1743984300000000000,1743984300000000000,1743984300000000000,0,0,all_client,vwap,1743984360000000000,1743984360000000000,1743984300000000000,0.257,0.257,1576.91,1577.074544238112591700600510,405.26587,0.202632935,0,0,0.042287869194936067054331070,0.001757053408016573447625650,0,0.257,True,True,SH_P90,conditional,run_92eccb60683bed405bffd9c6
fill-conditional-00000258-1745798700000000000,conditional-00000258,ETHUSDT,futures,BUY,close_perp,1745798700000000000,1745798640000000000,1745798640000000000,1745798640000000000,0,0,all_client,vwap,1745798700000000000,1745798700000000000,1745798640000000000,2.041,2.041,1789.95,1789.770160851791874598013519,3653.28795,1.826643975,0,0,0.367051701492783945454407721,0.001759611662933223848953880,0,2.041,True,True,SH_P90,conditional,run_92eccb60683bed405bffd9c6
fill-conditional-00000259-1745798760000000000,conditional-00000259,ETHUSDT,spot,SELL,close_spot,1745798760000000000,1745798700000000000,1745798700000000000,1745798700000000000,0,0,all_client,vwap,1745798760000000000,1745798760000000000,1745798700000000000,0.8433,0.8433,1789.11,1789.294571698999225830453944,1508.756463,1.508756463,0,0,0.1556493137660471428218109752,0.0047581025346705381075291267,0,0.8433,True,True,SH_P90,conditional,run_92eccb60683bed405bffd9c6
fill-conditional-00000260-1745798820000000000,conditional-00000260,ETHUSDT,spot,SELL,close_spot,1745798820000000000,1745798760000000000,1745798760000000000,1745798760000000000,0,0,all_client,vwap,1745798820000000000,1745798820000000000,1745798760000000000,1.1977,1.1977,1788.38,1788.559316940582584758840133,2141.942726,2.141942726,0,0,0.2147678997357617656628272941,0.0005521503457881894862610273,0,1.1977,True,True,SH_P90,conditional,run_92eccb60683bed405bffd9c6
fill-permanent-00000001-1641254520000000000,permanent-00000001,BTCUSDT,spot,BUY,open_spot,1641254520000000000,1641254460000000000,1641254460000000000,1641254460000000000,0,0,all_client,vwap,1641254520000000000,1641254520000000000,1641254460000000000,0.06407,0.06400593,46489.60,46484.94359389278897011571490,2978.5886720,2.9785886720,0.00006407,0,0.2983359392890106846861463570,0.0005069056829395857546150671,0,0.06407,True,True,SH_P90,permanent,run_e9c1423ed2dc13006c8f09c4
fill-permanent-00000002-1641254580000000000,permanent-00000002,BTCUSDT,futures,SELL,open_perp,1641254580000000000,1641254520000000000,1641254520000000000,1641254520000000000,0,0,all_client,vwap,1641254580000000000,1641254580000000000,1641254520000000000,0.064,0.064,46487.0,46491.74079714449370982455396,2975.1680,1.48758400,0,0,0.30341101724759742877145344,0.00586387614587266902857600,0,0.064,True,True,SH_P90,permanent,run_e9c1423ed2dc13006c8f09c4
fill-permanent-00000003-1641369780000000000,permanent-00000003,ETHUSDT,spot,BUY,open_spot,1641369780000000000,1641369660017000000,1641369660017000000,1641369660017000000,0,0,all_client,vwap,1641369780000000000,1641369780000000000,1641369720000000000,0.7858,0.7850142,3812.26,3811.871905867494342026666183,2995.673908,2.995673908,0.0007858,0,0.3049643693229460354457133986,0.0054274749598783300492576700,0,0.7858,True,True,SH_P90,permanent,run_e9c1423ed2dc13006c8f09c4
fill-permanent-00000004-1641369840000000000,permanent-00000004,ETHUSDT,futures,SELL,open_perp,1641369840000000000,1641369780000000000,1641369780000000000,1641369780000000000,0,0,all_client,vwap,1641369840000000000,1641369840000000000,1641369780000000000,0.785,0.785,3808.53,3808.914201177548167831738181,2989.69605,1.494848025,0,0,0.301597924375311747914472085,0.002598159582874216739680495,0,0.785,True,True,SH_P90,permanent,run_e9c1423ed2dc13006c8f09c4
fill-permanent-00000005-1641859440000000000,permanent-00000005,BTCUSDT,spot,BUY,increase_spot,1641859440000000000,1641859380000000000,1641859380000000000,1641859380000000000,0,0,all_client,vwap,1641859440000000000,1641859440000000000,1641859380000000000,0.00701,0.00700299,41745.93,41741.75374746109755286781124,292.6389693,0.2926389693,0.00000701,0,0.0292755302977061543966432076,0.0000145609207359250120828798,0,0.00701,True,True,SH_P90,permanent,run_e9c1423ed2dc13006c8f09c4
fill-permanent-00000006-1641859500000000000,permanent-00000006,BTCUSDT,futures,SELL,increase_perp,1641859500000000000,1641859440000000000,1641859440000000000,1641859440000000000,0,0,all_client,vwap,1641859500000000000,1641859500000000000,1641859440000000000,0.007,0.007,41743.3,41747.49620453913984469824372,292.2031,0.14610155,0,0,0.02937343177397891288770604,0.00015018443080151499641730,0,0.007,True,True,SH_P90,permanent,run_e9c1423ed2dc13006c8f09c4
fill-permanent-00000007-1641974700000000000,permanent-00000007,ETHUSDT,spot,BUY,increase_spot,1641974700000000000,1641974640000000000,1641974640000000000,1641974640000000000,0,0,all_client,vwap,1641974700000000000,1641974700000000000,1641974640000000000,0.1252,0.1250748,3222.42,3222.089956276748713932560023,403.446984,0.403446984,0.0001252,0,0.0413214741510610156434851204,0.0009809078984761217450494692,0,0.1252,True,True,SH_P90,permanent,run_e9c1423ed2dc13006c8f09c4
fill-permanent-00000008-1641974760000000000,permanent-00000008,ETHUSDT,futures,SELL,increase_perp,1641974760000000000,1641974700000000000,1641974700000000000,1641974700000000000,0,0,all_client,vwap,1641974760000000000,1641974760000000000,1641974700000000000,0.125,0.125,3219.19,3219.513551030829996655790454,402.39875,0.201199375,0,0,0.040443878853749581973806750,0.000199959465864207015609375,0,0.125,True,True,SH_P90,permanent,run_e9c1423ed2dc13006c8f09c4
fill-permanent-00000009-1646813100000000000,permanent-00000009,ETHUSDT,spot,BUY,increase_spot,1646813100000000000,1646813040000000000,1646813040000000000,1646813040000000000,0,0,all_client,vwap,1646813100000000000,1646813100000000000,1646813040000000000,0.0080,0.0079920,2737.54,2737.260194053277647814801803,21.900320,0.021900320,0.0000080,0,0.0022384475737788174815855760,0.0000486394185361953633337360,0,0.0080,True,True,SH_P90,permanent,run_e9c1423ed2dc13006c8f09c4
fill-permanent-00000010-1646813160000000000,permanent-00000010,ETHUSDT,futures,SELL,increase_perp,1646813160000000000,1646813100000000000,1646813100000000000,1646813100000000000,0,0,all_client,vwap,1646813160000000000,1646813160000000000,1646813100000000000,0.008,0.008,2729.30,2729.573999968233933782576101,21.83440,0.010917200,0,0,0.002191999745871470260608808,0.000008340545896883113582744,0,0.008,True,True,SH_P90,permanent,run_e9c1423ed2dc13006c8f09c4
fill-permanent-00000011-1648512240000000000,permanent-00000011,BTCUSDT,futures,BUY,reduce_perp,1648512240000000000,1648512180000000000,1648512180000000000,1648512180000000000,0,0,all_client,vwap,1648512240000000000,1648512240000000000,1648512180000000000,0.008,0.008,47137.9,47133.13195770487745319404443,377.1032,0.18855160,0,0,0.03814433836098037444764456,0.00043783279481647248508936,0,0.008,True,True,SH_P90,permanent,run_e9c1423ed2dc13006c8f09c4
fill-permanent-00000012-1648512300000000000,permanent-00000012,BTCUSDT,spot,SELL,reduce_spot,1648512300000000000,1648512240000000000,1648512240000000000,1648512240000000000,0,0,all_client,vwap,1648512300000000000,1648512300000000000,1648512240000000000,0.00800,0.00800,47110.21,47114.92457438463356587279303,376.8816800,0.3768816800,0,0,0.0377165950770685269823442400,0.0000246554175608201296460000,0,0.00800,True,True,SH_P90,permanent,run_e9c1423ed2dc13006c8f09c4
fill-permanent-00000013-1649721840000000000,permanent-00000013,BTCUSDT,spot,BUY,increase_spot,1649721840000000000,1649721780000000000,1649721780000000000,1649721780000000000,0,0,all_client,vwap,1649721840000000000,1649721840000000000,1649721780000000000,0.00901,0.00900099,39628.14,39624.17685881231961439373227,357.0495414,0.3570495414,0.00000901,0,0.0357079021010002743124722473,0.0000065187512103743399035236,0,0.00901,True,True,SH_P90,permanent,run_e9c1423ed2dc13006c8f09c4
fill-permanent-00000014-1649721900000000000,permanent-00000014,BTCUSDT,futures,SELL,increase_perp,1649721900000000000,1649721840000000000,1649721840000000000,1649721840000000000,0,0,all_client,vwap,1649721900000000000,1649721900000000000,1649721840000000000,0.009,0.009,39640.2,39644.21278391613054734907239,356.7618,0.17838090,0,0,0.03611505524517492614165151,0.00043526373965040864903732,0,0.009,True,True,SH_P90,permanent,run_e9c1423ed2dc13006c8f09c4
fill-permanent-00000015-1649837100000000000,permanent-00000015,ETHUSDT,spot,BUY,increase_spot,1649837100000000000,1649837040000000000,1649837040000000000,1649837040000000000,0,0,all_client,vwap,1649837100000000000,1649837100000000000,1649837040000000000,0.0120,0.0119880,3056.95,3056.641097457835268577664958,36.683400,0.036683400,0.0000120,0,0.0037068305059767770680205040,0.0000388611890273747457273120,0,0.0120,True,True,SH_P90,permanent,run_e9c1423ed2dc13006c8f09c4
fill-permanent-00000016-1649837160000000000,permanent-00000016,ETHUSDT,futures,SELL,increase_perp,1649837160000000000,1649837100000000000,1649837100000000000,1649837100000000000,0,0,all_client,vwap,1649837160000000000,1649837160000000000,1649837100000000000,0.012,0.012,3052.77,3053.083309956471542291825088,36.63324,0.018316620,0,0,0.003759719477658507501901056,0.000096019505710741651150860,0,0.012,True,True,SH_P90,permanent,run_e9c1423ed2dc13006c8f09c4
fill-permanent-00000025-1653758160000000000,permanent-00000025,BTCUSDT,futures,BUY,close_perp,1653758160000000000,1653758100000000000,1653758100000000000,1653758100000000000,0,0,all_client,vwap,1653758160000000000,1653758160000000000,1653758100000000000,0.072,0.072,28905.5,28902.56085186546911367099185,2081.1960,1.04059800,0,0,0.21161866568622381568858680,0.00352022755279243807015560,0,0.072,True,True,SH_P90,permanent,run_e9c1423ed2dc13006c8f09c4
fill-permanent-00000026-1653758160000000000,permanent-00000026,ETHUSDT,futures,BUY,close_perp,1653758160000000000,1653758100000000000,1653758100000000000,1653758100000000000,0,0,all_client,vwap,1653758160000000000,1653758160000000000,1653758100000000000,0.930,0.930,1775.38,1775.195265891094071005232744,1651.10340,0.825551700,0,0,0.171802721282513965133548080,0.006709561554642216530061690,0,0.930,True,True,SH_P90,permanent,run_e9c1423ed2dc13006c8f09c4
fill-permanent-00000027-1653758220000000000,permanent-00000027,BTCUSDT,spot,SELL,close_spot,1653758220000000000,1653758160000000000,1653758160000000000,1653758160000000000,0,0,all_client,vwap,1653758220000000000,1653758220000000000,1653758160000000000,0.07200,0.07200,28964.71,28967.60775244039919085561609,2085.4591200,2.0854591200,0,0,0.2086381757087417416043584800,0.0000713998911708674301981600,0,0.07200,True,True,SH_P90,permanent,run_e9c1423ed2dc13006c8f09c4
fill-permanent-00000028-1653758220000000000,permanent-00000028,ETHUSDT,spot,SELL,close_spot,1653758220000000000,1653758160000000000,1653758160000000000,1653758160000000000,0,0,all_client,vwap,1653758220000000000,1653758220000000000,1653758160000000000,0.9300,0.9300,1783.25,1783.434690596669378927628889,1658.422500,1.658422500,0,0,0.1717622549025224026948667700,0.0059028286770321504545971800,0,0.9300,True,True,SH_P90,permanent,run_e9c1423ed2dc13006c8f09c4
fill-permanent-00000029-1654041720000000000,permanent-00000029,BTCUSDT,spot,BUY,open_spot,1654041720000000000,1654041660000000000,1654041660000000000,1654041660000000000,0,0,all_client,vwap,1654041720000000000,1654041720000000000,1654041660000000000,0.09509,0.09499491,31830.69,31827.50724917310611937723037,3026.7803121,3.0267803121,0.00009509,0,0.3026477761293391084191641167,9.6969520423300063219E-9,0,0.09509,True,True,SH_P90,permanent,run_e9c1423ed2dc13006c8f09c4
fill-permanent-00000030-1654041780000000000,permanent-00000030,BTCUSDT,futures,SELL,open_perp,1654041780000000000,1654041720000000000,1654041720000000000,1654041720000000000,0,0,all_client,vwap,1654041780000000000,1654041780000000000,1654041720000000000,0.095,0.095,31829.7,31832.91746292828584442532517,3023.8215,1.51191075,0,0,0.30565897818715522040589115,0.00324626228933650488385080,0,0.095,True,True,SH_P90,permanent,run_e9c1423ed2dc13006c8f09c4
fill-permanent-00000031-1655251440000000000,permanent-00000031,BTCUSDT,spot,BUY,increase_spot,1655251440000000000,1655251380000000000,1655251380000000000,1655251380000000000,0,0,all_client,vwap,1655251440000000000,1655251440000000000,1655251380000000000,0.04204,0.04199796,21987.73,21985.52343841104741404726872,924.3641692,0.9243641692,0.00004204,0,0.0927638491995667134528230112,0.0003367086644866701241681620,0,0.04204,True,True,SH_P90,permanent,run_e9c1423ed2dc13006c8f09c4
fill-permanent-00000032-1655251500000000000,permanent-00000032,BTCUSDT,futures,SELL,increase_perp,1655251500000000000,1655251440000000000,1655251440000000000,1655251440000000000,0,0,all_client,vwap,1655251500000000000,1655251500000000000,1655251440000000000,0.042,0.042,21994.5,21996.71392539730608697942040,923.7690,0.46188450,0,0,0.09298486668685565313565680,0.00059866820018696757034332,0,0.042,True,True,SH_P90,permanent,run_e9c1423ed2dc13006c8f09c4
fill-permanent-00000033-1655856240000000000,permanent-00000033,BTCUSDT,spot,BUY,increase_spot,1655856240000000000,1655856180000000000,1655856180000000000,1655856180000000000,0,0,all_client,vwap,1655856240000000000,1655856240000000000,1655856180000000000,0.00901,0.00900099,20677.73,20675.65445942820965088572807,186.3063473,0.1863063473,0.00000901,0,0.0187006205518310455195900893,0.0000718558838862286241420736,0,0.00901,True,True,SH_P90,permanent,run_e9c1423ed2dc13006c8f09c4
fill-permanent-00000034-1655856300000000000,permanent-00000034,BTCUSDT,futures,SELL,increase_perp,1655856300000000000,1655856240000000000,1655856240000000000,1655856240000000000,0,0,all_client,vwap,1655856300000000000,1655856300000000000,1655856240000000000,0.009,0.009,20626.4,20628.55242290672118490012253,185.6376,0.09281880,0,0,0.01937180616049066410110277,0.00080610897987461503469268,0,0.009,True,True,SH_P90,permanent,run_e9c1423ed2dc13006c8f09c4
fill-permanent-00000035-1657670640000000000,permanent-00000035,BTCUSDT,spot,BUY,increase_spot,1657670640000000000,1657670580000000000,1657670580000000000,1657670580000000000,0,0,all_client,vwap,1657670640000000000,1657670640000000000,1657670580000000000,0.01001,0.00999999,19286.29,19284.35226505607668389055485,193.0557629,0.1930557629,0.00001001,0,0.0193967267886723942555459515,0.0000930901713512614949714609,0,0.01001,True,True,SH_P90,permanent,run_e9c1423ed2dc13006c8f09c4
fill-permanent-00000036-1657670700000000000,permanent-00000036,BTCUSDT,futures,SELL,increase_perp,1657670700000000000,1657670640000000000,1657670640000000000,1657670640000000000,0,0,all_client,vwap,1657670700000000000,1657670700000000000,1657670640000000000,0.010,0.010,19284.2,19286.17688556613551081230388,192.8420,0.09642100,0,0,0.01976885566135510812303880,0.00048267877578897261222650,0,0.010,True,True,SH_P90,permanent,run_e9c1423ed2dc13006c8f09c4
fill-permanent-00000037-1658275440000000000,permanent-00000037,BTCUSDT,futures,BUY,reduce_perp,1658275440000000000,1658275380000000000,1658275380000000000,1658275380000000000,0,0,all_client,vwap,1658275440000000000,1658275440000000000,1658275380000000000,0.027,0.027,23395.2,23392.79775941603964422943135,631.6704,0.31583520,0,0,0.06486049576692960580535355,0.00169994181650629876593417,0,0.027,True,True,SH_P90,permanent,run_e9c1423ed2dc13006c8f09c4
fill-permanent-00000038-1658275500000000000,permanent-00000038,BTCUSDT,spot,SELL,reduce_spot,1658275500000000000,1658275440000000000,1658275440000000000,1658275440000000000,0,0,all_client,vwap,1658275500000000000,1658275500000000000,1658275440000000000,0.02700,0.02700,23349.49,23351.83208712375766607653485,630.4362300,0.6304362300,0,0,0.0632363523414569840664409500,0.0001864057062228383680344000,0,0.02700,True,True,SH_P90,permanent,run_e9c1423ed2dc13006c8f09c4
fill-permanent-00000039-1658649780000000000,permanent-00000039,ETHUSDT,spot,BUY,open_spot,1658649780000000000,1658649660011000000,1658649660011000000,1658649660011000000,0,0,all_client,vwap,1658649780000000000,1658649780000000000,1658649720000000000,1.8849,1.8830151,1600.99,1600.828860409955138870716953,3017.706051,3.017706051,0.0018849,0,0.3037320132755587425856152903,0.0019917813768862984598732775,0,1.8849,True,True,SH_P90,permanent,run_e9c1423ed2dc13006c8f09c4
fill-permanent-00000040-1658649840000000000,permanent-00000040,ETHUSDT,futures,SELL,open_perp,1658649840000000000,1658649780000000000,1658649780000000000,1658649780000000000,0,0,all_client,vwap,1658649840000000000,1658649840000000000,1658649780000000000,1.883,1.883,1603.33,1603.498170102818696306431973,3019.07039,1.509535195,0,0,0.316664303607605145011405159,0.014725598177244384496904390,0,1.883,True,True,SH_P90,permanent,run_e9c1423ed2dc13006c8f09c4
fill-permanent-00000041-1658880240000000000,permanent-00000041,BTCUSDT,spot,BUY,increase_spot,1658880240000000000,1658880180000000000,1658880180000000000,1658880180000000000,0,0,all_client,vwap,1658880240000000000,1658880240000000000,1658880180000000000,0.00601,0.00600399,21216.01,21213.88587489930863510711848,127.5082201,0.1275082201,0.00000601,0,0.0127659918551551030062179352,0.0000164464443406185165185681,0,0.00601,True,True,SH_P90,permanent,run_e9c1423ed2dc13006c8f09c4
fill-permanent-00000042-1658880300000000000,permanent-00000042,BTCUSDT,futures,SELL,increase_perp,1658880300000000000,1658880240000000000,1658880240000000000,1658880240000000000,0,0,all_client,vwap,1658880300000000000,1658880300000000000,1658880240000000000,0.006,0.006,21210.4,21212.60523706192542815810350,127.2624,0.06363120,0,0,0.01323142237155256894862100,0.00050385922931541369172614,0,0.006,True,True,SH_P90,permanent,run_e9c1423ed2dc13006c8f09c4
fill-permanent-00000043-1659254700000000000,permanent-00000043,ETHUSDT,futures,BUY,reduce_perp,1659254700000000000,1659254640000000000,1659254640000000000,1659254640000000000,0,0,all_client,vwap,1659254700000000000,1659254700000000000,1659254640000000000,0.101,0.101,1699.15,1698.973374496330407252842136,171.61415,0.085807075,0,0,0.017839175870628867462944264,0.000679544788215930349690580,0,0.101,True,True,SH_P90,permanent,run_e9c1423ed2dc13006c8f09c4
fill-permanent-00000044-1659254760000000000,permanent-00000044,ETHUSDT,spot,SELL,reduce_spot,1659254760000000000,1659254700000000000,1659254700000000000,1659254700000000000,0,0,all_client,vwap,1659254760000000000,1659254760000000000,1659254700000000000,0.1010,0.1010,1698.71,1698.885683232591610810783874,171.569710,0.171569710,0,0,0.0177440064917526918891712740,0.0005852610911035166199823960,0,0.1010,True,True,SH_P90,permanent,run_e9c1423ed2dc13006c8f09c4
fill-permanent-00000045-1660464300000000000,permanent-00000045,ETHUSDT,futures,BUY,reduce_perp,1660464300000000000,1660464240000000000,1660464240000000000,1660464240000000000,0,0,all_client,vwap,1660464300000000000,1660464300000000000,1660464240000000000,0.274,0.274,2010.55,2010.344660601046638756940020,550.89070,0.275445350,0,0,0.056262995313220980598434520,0.001179551612752302696494364,0,0.274,True,True,SH_P90,permanent,run_e9c1423ed2dc13006c8f09c4
fill-permanent-00000046-1660464360000000000,permanent-00000046,ETHUSDT,spot,SELL,reduce_spot,1660464360000000000,1660464300000000000,1660464300000000000,1660464300000000000,0,0,all_client,vwap,1660464360000000000,1660464360000000000,1660464300000000000,0.2740,0.2740,2007.17,2007.376591754388800787134481,549.964580,0.549964580,0,0,0.0566061407025314156748477940,0.0016040220884611625332804320,0,0.2740,True,True,SH_P90,permanent,run_e9c1423ed2dc13006c8f09c4
fill-permanent-00000047-1660694640000000000,permanent-00000047,BTCUSDT,futures,BUY,reduce_perp,1660694640000000000,1660694580000000000,1660694580000000000,1660694580000000000,0,0,all_client,vwap,1660694640000000000,1660694640000000000,1660694580000000000,0.008,0.008,23825.2,23822.77614933401096923109502,190.6016,0.09530080,0,0,0.01939080532791224615123984,0.00033258440844503737585496,0,0.008,True,True,SH_P90,permanent,run_e9c1423ed2dc13006c8f09c4
fill-permanent-00000048-1660694700000000000,permanent-00000048,BTCUSDT,spot,SELL,reduce_spot,1660694700000000000,1660694640000000000,1660694640000000000,1660694640000000000,0,0,all_client,vwap,1660694700000000000,1660694700000000000,1660694640000000000,0.00800,0.00800,23819.29,23821.67526864206712432871071,190.5543200,0.1905543200,0,0,0.0190821491365369946296856800,0.0000248089216233409302227200,0,0.00800,True,True,SH_P90,permanent,run_e9c1423ed2dc13006c8f09c4
fill-permanent-00000049-1661069100000000000,permanent-00000049,ETHUSDT,spot,BUY,increase_spot,1661069100000000000,1661069040000000000,1661069040000000000,1661069040000000000,0,0,all_client,vwap,1661069100000000000,1661069100000000000,1661069040000000000,0.3954,0.3950046,1592.69,1592.524665699581604253817302,629.749626,0.629749626,0.0003954,0,0.0653731823854336780406387892,0.0024047571036722214084427464,0,0.3954,True,True,SH_P90,permanent,run_e9c1423ed2dc13006c8f09c4
fill-permanent-00000050-1661069160000000000,permanent-00000050,ETHUSDT,futures,SELL,increase_perp,1661069160000000000,1661069100000000000,1661069100000000000,1661069100000000000,0,0,all_client,vwap,1661069160000000000,1661069160000000000,1661069100000000000,0.395,0.395,1590.16,1590.320861580533961981363529,628.11320,0.314056600,0,0,0.063540324310914982638593955,0.000722650278483891140330235,0,0.395,True,True,SH_P90,permanent,run_e9c1423ed2dc13006c8f09c4
fill-permanent-00000051-1661299440000000000,permanent-00000051,BTCUSDT,spot,BUY,increase_spot,1661299440000000000,1661299380000000000,1661299380000000000,1661299380000000000,0,0,all_client,vwap,1661299440000000000,1661299440000000000,1661299380000000000,0.00901,0.00900099,21522.02,21519.86612347446621341814650,193.9134002,0.1939134002,0.00000901,0,0.0194064274950594171025000350,0.0000170281178089230442103269,0,0.00901,True,True,SH_P90,permanent,run_e9c1423ed2dc13006c8f09c4
fill-permanent-00000052-1661299500000000000,permanent-00000052,BTCUSDT,futures,SELL,increase_perp,1661299500000000000,1661299440000000000,1661299440000000000,1661299440000000000,0,0,all_client,vwap,1661299500000000000,1661299500000000000,1661299440000000000,0.009,0.009,21524.1,21526.26192641447849722563000,193.7169,0.09685845,0,0,0.01945733773030647503067000,0.00008370199653344438316696,0,0.009,True,True,SH_P90,permanent,run_e9c1423ed2dc13006c8f09c4
fill-permanent-00000053-1662883500000000000,permanent-00000053,ETHUSDT,futures,BUY,reduce_perp,1662883500000000000,1662883440000000000,1662883440000000000,1662883440000000000,0,0,all_client,vwap,1662883500000000000,1662883500000000000,1662883440000000000,0.183,0.183,1759.50,1759.314432715839355915111317,321.98850,0.160994250,0,0,0.033958813001397867534628989,0.001763358882698007321382476,0,0.183,True,True,SH_P90,permanent,run_e9c1423ed2dc13006c8f09c4
fill-permanent-00000054-1662883560000000000,permanent-00000054,ETHUSDT,spot,SELL,reduce_spot,1662883560000000000,1662883500000000000,1662883500000000000,1662883500000000000,0,0,all_client,vwap,1662883560000000000,1662883560000000000,1662883500000000000,0.1830,0.1830,1757.56,1757.745277481923422746152727,321.633480,0.321633480,0,0,0.0339057791919863625459490410,0.0017390406140671639096944960,0,0.1830,True,True,SH_P90,permanent,run_e9c1423ed2dc13006c8f09c4
fill-permanent-00000055-1663113840000000000,permanent-00000055,BTCUSDT,spot,BUY,increase_spot,1663113840000000000,1663113780000000000,1663113780000000000,1663113780000000000,0,0,all_client,vwap,1663113840000000000,1663113840000000000,1663113780000000000,0.01401,0.01399599,20138.76,20136.74222094888884366581104,282.1440276,0.2821440276,0.00001401,0,0.0282690845060673002419873296,0.0000575086545179069720115438,0,0.01401,True,True,SH_P90,permanent,run_e9c1423ed2dc13006c8f09c4
fill-permanent-00000056-1663113900000000000,permanent-00000056,BTCUSDT,futures,SELL,increase_perp,1663113900000000000,1663113840000000000,1663113840000000000,1663113840000000000,0,0,all_client,vwap,1663113900000000000,1663113900000000000,1663113840000000000,0.014,0.014,20132.8,20134.87504607853256462053407,281.8592,0.14092960,0,0,0.02905064509945590468747698,0.00086182003494595909700828,0,0.014,True,True,SH_P90,permanent,run_e9c1423ed2dc13006c8f09c4
fill-permanent-00000057-1665302700000000000,permanent-00000057,ETHUSDT,spot,BUY,increase_spot,1665302700000000000,1665302640000000000,1665302640000000000,1665302640000000000,0,0,all_client,vwap,1665302700000000000,1665302700000000000,1665302640000000000,0.0170,0.0169830,1316.27,1316.132246343204890604426110,22.376590,0.022376590,0.0000170,0,0.0023418121655168597247561300,0.0001043873467334114107285990,0,0.0170,True,True,SH_P90,permanent,run_e9c1423ed2dc13006c8f09c4
fill-permanent-00000058-1665302760000000000,permanent-00000058,ETHUSDT,futures,SELL,increase_perp,1665302760000000000,1665302700000000000,1665302700000000000,1665302700000000000,0,0,all_client,vwap,1665302760000000000,1665302760000000000,1665302700000000000,0.017,0.017,1315.87,1316.005567437554899589185183,22.36979,0.011184895,0,0,0.002304646438433293016148111,0.000067436973789449686846488,0,0.017,True,True,SH_P90,permanent,run_e9c1423ed2dc13006c8f09c4
fill-permanent-00000059-1673165100000000000,permanent-00000059,ETHUSDT,spot,BUY,increase_spot,1673165100000000000,1673165040000000000,1673165040000000000,1673165040000000000,0,0,all_client,vwap,1673165100000000000,1673165100000000000,1673165040000000000,0.0180,0.0179820,1263.77,1263.634236716945237124609322,22.747860,0.022747860,0.0000180,0,0.0024437390949857317570322040,0.0001691974688952303302079060,0,0.0180,True,True,SH_P90,permanent,run_e9c1423ed2dc13006c8f09c4
fill-permanent-00000060-1673165160000000000,permanent-00000060,ETHUSDT,futures,SELL,increase_perp,1673165160000000000,1673165100000000000,1673165100000000000,1673165100000000000,0,0,all_client,vwap,1673165160000000000,1673165160000000000,1673165100000000000,0.018,0.018,1262.81,1262.940542564392285765645464,22.73058,0.011365290,0,0,0.002349766159061143781618352,0.000076473182445237667240182,0,0.018,True,True,SH_P90,permanent,run_e9c1423ed2dc13006c8f09c4
fill-permanent-00000061-1673656800000000000,permanent-00000061,ETHUSDT,futures,BUY,close_perp,1673656800000000000,1673656740000000000,1673656740000000000,1673656740000000000,0,0,all_client,vwap,1673656800000000000,1673656800000000000,1673656740000000000,1.755,1.755,1564.65,1564.484487969120318169028532,2745.96075,1.372980375,0,0,0.290473614193841613354926340,0.015906586555260997516261575,0,1.755,True,True,SH_P90,permanent,run_e9c1423ed2dc13006c8f09c4
fill-permanent-00000062-1673656860000000000,permanent-00000062,ETHUSDT,spot,SELL,close_spot,1673656860000000000,1673656800000000000,1673656800000000000,1673656800000000000,0,0,all_client,vwap,1673656860000000000,1673656860000000000,1673656800000000000,1.7550,1.7550,1575.70,1575.864277149163905822706285,2765.353500,2.765353500,0,0,0.2883063967826547188495301750,0.0117422161429764533776445700,0,1.7550,True,True,SH_P90,permanent,run_e9c1423ed2dc13006c8f09c4
fill-permanent-00000063-1673769780000000000,permanent-00000063,ETHUSDT,spot,BUY,open_spot,1673769780000000000,1673769660002000000,1673769660002000000,1673769660002000000,0,0,all_client,vwap,1673769780000000000,1673769780000000000,1673769720000000000,1.8268,1.8249732,1530.31,1530.152382233999883750541507,2795.570308,2.795570308,0.0018268,0,0.2879361349290123645107750124,0.0084078977425052657472263652,0,1.8268,True,True,SH_P90,permanent,run_e9c1423ed2dc13006c8f09c4
fill-permanent-00000064-1673769840000000000,permanent-00000064,ETHUSDT,futures,SELL,open_perp,1673769840000000000,1673769780000000000,1673769780000000000,1673769780000000000,0,0,all_client,vwap,1673769840000000000,1673769840000000000,1673769780000000000,1.822,1.822,1531.08,1531.236803858103467757381195,2789.62776,1.394813880,0,0,0.285696629464518253948537290,0.006705283801571802123142654,0,1.822,True,True,SH_P90,permanent,run_e9c1423ed2dc13006c8f09c4
fill-permanent-00000065-1673769900000000000,permanent-00000065,ETHUSDT,futures,BUY,close_perp,1673769900000000000,1673769840000000000,1673769840000000000,1673769840000000000,0,0,all_client,vwap,1673769900000000000,1673769900000000000,1673769840000000000,1.822,1.822,1530.10,1529.944154996744553528318726,2787.84220,1.393921100,0,0,0.283949595931423471403281228,0.005193770891016613750421324,0,1.822,True,True,SH_P90,permanent,run_e9c1423ed2dc13006c8f09c4
fill-permanent-00000066-1673769960000000000,permanent-00000066,ETHUSDT,spot,SELL,close_spot,1673769960000000000,1673769900000000000,1673769900000000000,1673769900000000000,0,0,all_client,vwap,1673769960000000000,1673769960000000000,1673769900000000000,0.7593,0.7593,1527.15,1527.311347827807779920510722,1159.564995,1.159564995,0,0,0.1225114056544472936437912146,0.0065426550138818489144268903,0,0.7593,True,True,SH_P90,permanent,run_e9c1423ed2dc13006c8f09c4
fill-permanent-00000067-1673770020000000000,permanent-00000067,ETHUSDT,spot,SELL,close_spot,1673770020000000000,1673769960000000000,1673769960000000000,1673769960000000000,0,0,all_client,vwap,1673770020000000000,1673770020000000000,1673769960000000000,0.6788,0.6788,1527.00,1527.153569116209170652633001,1036.527600,1.036527600,0,0,0.1042427160827850390072810788,0.0005795318111767605033805544,0,0.6788,True,True,SH_P90,permanent,run_e9c1423ed2dc13006c8f09c4
fill-permanent-00000068-1673770080000000000,permanent-00000068,ETHUSDT,spot,SELL,close_spot,1673770080000000000,1673770020000000000,1673770020000000000,1673770020000000000,0,0,all_client,vwap,1673770080000000000,1673770080000000000,1673770020000000000,0.3869,0.3869,1526.51,1526.669856062532209164485333,590.606719,0.590606719,0,0,0.0618483105937117257393753377,0.0027814538626523545668012196,0,0.3869,True,True,SH_P90,permanent,run_e9c1423ed2dc13006c8f09c4
fill-permanent-00000069-1673884920000000000,permanent-00000069,ETHUSDT,spot,BUY,open_spot,1673884920000000000,1673884860000000000,1673884860000000000,1673884860000000000,0,0,all_client,vwap,1673884920000000000,1673884920000000000,1673884860000000000,1.7978,1.7960022,1549.83,1549.665169623598850785034165,2786.284374,2.786284374,0.0017978,0,0.2963320506939860586655781630,0.0177332464990554572714454696,0,1.7978,True,True,SH_P90,permanent,run_e9c1423ed2dc13006c8f09c4
fill-permanent-00000070-1673884980000000000,permanent-00000070,ETHUSDT,futures,SELL,open_perp,1673884980000000000,1673884920000000000,1673884920000000000,1673884920000000000,0,0,all_client,vwap,1673884980000000000,1673884980000000000,1673884920000000000,1.796,1.796,1548.11,1548.265285938465537842498066,2780.40556,1.390202780,0,0,0.278893545484105965126526536,0.000825100129557554530013536,0,1.796,True,True,SH_P90,permanent,run_e9c1423ed2dc13006c8f09c4
fill-permanent-00000071-1674605040000000000,permanent-00000071,BTCUSDT,futures,BUY,reduce_perp,1674605040000000000,1674604980000000000,1674604980000000000,1674604980000000000,0,0,all_client,vwap,1674605040000000000,1674605040000000000,1674604980000000000,0.016,0.016,22649.6,22647.31662127112013791279123,362.3936,0.18119680,0,0,0.03653405966207779339534032,0.00029835306804400117467984,0,0.016,True,True,SH_P90,permanent,run_e9c1423ed2dc13006c8f09c4
fill-permanent-00000072-1674605100000000000,permanent-00000072,BTCUSDT,spot,SELL,reduce_spot,1674605100000000000,1674605040000000000,1674605040000000000,1674605040000000000,0,0,all_client,vwap,1674605100000000000,1674605100000000000,1674605040000000000,0.01600,0.01600,22632.06,22634.33225301297069127651295,362.1129600,0.3621129600,0,0,0.0363560482075310604242072000,0.0001411166027103073181648000,0,0.01600,True,True,SH_P90,permanent,run_e9c1423ed2dc13006c8f09c4
fill-permanent-00000073-1675094640000000000,permanent-00000073,ETHUSDT,spot,BUY,increase_spot,1675094640000000000,1675094580000000000,1675094580000000000,1675094580000000000,0,0,all_client,vwap,1675094640000000000,1675094640000000000,1675094580000000000,0.1231,0.1229769,1584.47,1584.306065782917335657046846,195.048257,0.195048257,0.0001231,0,0.0201803021228759806175332574,0.0006774944530882682155949719,0,0.1231,True,True,SH_P90,permanent,run_e9c1423ed2dc13006c8f09c4
fill-permanent-00000074-1675094700000000000,permanent-00000074,ETHUSDT,futures,SELL,increase_perp,1675094700000000000,1675094640000000000,1675094640000000000,1675094640000000000,0,0,all_client,vwap,1675094700000000000,1675094700000000000,1675094640000000000,0.123,0.123,1582.86,1583.023385650795843880711416,194.69178,0.097345890,0,0,0.020096435047888797327504168,0.000625247404384008447771435,0,0.123,True,True,SH_P90,permanent,run_e9c1423ed2dc13006c8f09c4
fill-permanent-00000075-1676304240000000000,permanent-00000075,ETHUSDT,spot,BUY,increase_spot,1676304240000000000,1676304180000000000,1676304180000000000,1676304180000000000,0,0,all_client,vwap,1676304240000000000,1676304240000000000,1676304180000000000,0.1432,0.1430568,1479.71,1479.558048961759209540856625,211.894472,0.211894472,0.0001432,0,0.0217593886760811937493313000,0.0005721174149488018687061848,0,0.1432,True,True,SH_P90,permanent,run_e9c1423ed2dc13006c8f09c4
fill-permanent-00000076-1676304300000000000,permanent-00000076,ETHUSDT,futures,SELL,increase_perp,1676304300000000000,1676304240000000000,1676304240000000000,1676304240000000000,0,0,all_client,vwap,1676304300000000000,1676304300000000000,1676304240000000000,0.143,0.143,1480.53,1480.679496959173288421446065,211.71579,0.105857895,0,0,0.021378065161780244266787295,0.000204348355264066242360560,0,0.143,True,True,SH_P90,permanent,run_e9c1423ed2dc13006c8f09c4
fill-permanent-00000077-1676909040000000000,permanent-00000077,ETHUSDT,futures,BUY,reduce_perp,1676909040000000000,1676908980000000000,1676908980000000000,1676908980000000000,0,0,all_client,vwap,1676909040000000000,1676909040000000000,1676908980000000000,0.274,0.274,1705.27,1705.091222027072232797349870,467.24398,0.233621990,0,0,0.048985164582208213526135620,0.002265665098666434347488230,0,0.274,True,True,SH_P90,permanent,run_e9c1423ed2dc13006c8f09c4
fill-permanent-00000078-1676909100000000000,permanent-00000078,ETHUSDT,spot,SELL,reduce_spot,1676909100000000000,1676909040000000000,1676909040000000000,1676909040000000000,0,0,all_client,vwap,1676909100000000000,1676909100000000000,1676909040000000000,0.2740,0.2740,1701.73,1701.909981291313567033198834,466.274020,0.466274020,0,0,0.0493148738199173670964805160,0.0026825403325353753597708360,0,0.2740,True,True,SH_P90,permanent,run_e9c1423ed2dc13006c8f09c4
fill-permanent-00000079-1677024240000000000,permanent-00000079,BTCUSDT,futures,BUY,reduce_perp,1677024240000000000,1677024180000000000,1677024180000000000,1677024180000000000,0,0,all_client,vwap,1677024240000000000,1677024240000000000,1677024180000000000,0.010,0.010,24431.1,24428.62819114817190506735087,244.3110,0.12215550,0,0,0.02471808851828094932649130,0.00028946032713277742142390,0,0.010,True,True,SH_P90,permanent,run_e9c1423ed2dc13006c8f09c4
fill-permanent-00000080-1677024300000000000,permanent-00000080,BTCUSDT,spot,SELL,reduce_spot,1677024300000000000,1677024240000000000,1677024240000000000,1677024240000000000,0,0,all_client,vwap,1677024300000000000,1677024300000000000,1677024240000000000,0.01000,0.01000,24402.14,24404.59018208739234674829908,244.0214000,0.2440214000,0,0,0.0245018208739234674829908000,0.0000972306918360751362425000,0,0.01000,True,True,SH_P90,permanent,run_e9c1423ed2dc13006c8f09c4
fill-permanent-00000081-1677629040000000000,permanent-00000081,BTCUSDT,spot,BUY,increase_spot,1677629040000000000,1677628980000000000,1677628980000000000,1677628980000000000,0,0,all_client,vwap,1677629040000000000,1677629040000000000,1677628980000000000,0.00701,0.00700299,23161.17,23158.84703020168776285043743,162.3598017,0.1623598017,0.00000701,0,0.0162840182861687824184336157,0.0000496665179973992966754853,0,0.00701,True,True,SH_P90,permanent,run_e9c1423ed2dc13006c8f09c4
fill-permanent-00000082-1677629100000000000,permanent-00000082,BTCUSDT,futures,SELL,increase_perp,1677629100000000000,1677629040000000000,1677629040000000000,1677629040000000000,0,0,all_client,vwap,1677629100000000000,1677629100000000000,1677629040000000000,0.007,0.007,23155.5,23157.87530448761279253547542,162.0885,0.08104425,0,0,0.01662713141328954774832794,0.00041661870014821879355309,0,0.007,True,True,SH_P90,permanent,run_e9c1423ed2dc13006c8f09c4
fill-permanent-00000083-1678118640000000000,permanent-00000083,ETHUSDT,spot,BUY,increase_spot,1678118640000000000,1678118580000000000,1678118580000000000,1678118580000000000,0,0,all_client,vwap,1678118640000000000,1678118640000000000,1678118580000000000,0.1461,0.1459539,1579.89,1579.730292900042760082875392,230.821929,0.230821929,0.0001461,0,0.0233332073037527518919052288,0.0002533477244831271670943520,0,0.1461,True,True,SH_P90,permanent,run_e9c1423ed2dc13006c8f09c4
fill-permanent-00000084-1678118700000000000,permanent-00000084,ETHUSDT,futures,SELL,increase_perp,1678118700000000000,1678118640000000000,1678118640000000000,1678118640000000000,0,0,all_client,vwap,1678118700000000000,1678118700000000000,1678118640000000000,0.146,0.146,1578.69,1578.853763653478199346626390,230.48874,0.115244370,0,0,0.023909493407817104607452940,0.000858228458476322896992142,0,0.146,True,True,SH_P90,permanent,run_e9c1423ed2dc13006c8f09c4
fill-permanent-00000085-1678723440000000000,permanent-00000085,ETHUSDT,futures,BUY,reduce_perp,1678723440000000000,1678723380000000000,1678723380000000000,1678723380000000000,0,0,all_client,vwap,1678723440000000000,1678723440000000000,1678723380000000000,0.103,0.103,1667.02,1666.849597994376275421664210,171.70306,0.085851530,0,0,0.017551406579243631568586370,0.000382855719901555931743272,0,0.103,True,True,SH_P90,permanent,run_e9c1423ed2dc13006c8f09c4
fill-permanent-00000086-1678723500000000000,permanent-00000086,ETHUSDT,spot,SELL,reduce_spot,1678723500000000000,1678723440000000000,1678723440000000000,1678723440000000000,0,0,all_client,vwap,1678723500000000000,1678723500000000000,1678723440000000000,0.1030,0.1030,1662.93,1663.100224631349254428016406,171.281790,0.171281790,0,0,0.0175331370289732060856898180,0.0004032047152703087650812120,0,0.1030,True,True,SH_P90,permanent,run_e9c1423ed2dc13006c8f09c4
fill-permanent-00000087-1678838640000000000,permanent-00000087,BTCUSDT,futures,BUY,reduce_perp,1678838640000000000,1678838580000000000,1678838580000000000,1678838580000000000,0,0,all_client,vwap,1678838640000000000,1678838640000000000,1678838580000000000,0.008,0.008,24690.9,24688.34145380750375921466033,197.5272,0.09876360,0,0,0.02046836953996992628271736,0.00071769637692392327534560,0,0.008,True,True,SH_P90,permanent,run_e9c1423ed2dc13006c8f09c4
fill-permanent-00000088-1678838700000000000,permanent-00000088,BTCUSDT,spot,SELL,reduce_spot,1678838700000000000,1678838640000000000,1678838640000000000,1678838640000000000,0,0,all_client,vwap,1678838700000000000,1678838700000000000,1678838640000000000,0.00800,0.00800,24643.02,24645.49232673466805162061287,197.1441600,0.1971441600,0,0,0.0197786138773444129649029600,0.0000622200159566785236064800,0,0.00800,True,True,SH_P90,permanent,run_e9c1423ed2dc13006c8f09c4
fill-permanent-00000089-1679328240000000000,permanent-00000089,ETHUSDT,futures,BUY,reduce_perp,1679328240000000000,1679328180000000000,1679328180000000000,1679328180000000000,0,0,all_client,vwap,1679328240000000000,1679328240000000000,1679328180000000000,0.095,0.095,1764.47,1764.285753126212843965989447,167.62465,0.083812325,0,0,0.017503453009779823231002535,0.000742738355080801213325630,0,0.095,True,True,SH_P90,permanent,run_e9c1423ed2dc13006c8f09c4
fill-permanent-00000090-1679328300000000000,permanent-00000090,ETHUSDT,spot,SELL,reduce_spot,1679328300000000000,1679328240000000000,1679328240000000000,1679328240000000000,0,0,all_client,vwap,1679328300000000000,1679328300000000000,1679328240000000000,0.0950,0.0950,1765.36,1765.544386308139374979481611,167.709200,0.167709200,0,0,0.0175166992732406230507530450,0.0007440276033132989884479850,0,0.0950,True,True,SH_P90,permanent,run_e9c1423ed2dc13006c8f09c4
fill-permanent-00000091-1679443440000000000,permanent-00000091,BTCUSDT,futures,BUY,reduce_perp,1679443440000000000,1679443380000000000,1679443380000000000,1679443380000000000,0,0,all_client,vwap,1679443440000000000,1679443440000000000,1679443380000000000,0.015,0.015,28091.3,28088.49041382178981221276466,421.3695,0.21068475,0,0,0.04214379267315281680853010,0.00001105705242013209021090,0,0.015,True,True,SH_P90,permanent,run_e9c1423ed2dc13006c8f09c4
fill-permanent-00000092-1679443500000000000,permanent-00000092,BTCUSDT,spot,SELL,reduce_spot,1679443500000000000,1679443440000000000,1679443440000000000,1679443440000000000,0,0,all_client,vwap,1679443500000000000,1679443500000000000,1679443440000000000,0.01500,0.01500,28072.54,28075.34988061027440071932780,421.0881000,0.4210881000,0,0,0.0421482091541160107899170000,0.0000351843332005991888380500,0,0.01500,True,True,SH_P90,permanent,run_e9c1423ed2dc13006c8f09c4
fill-permanent-00000093-1679659200000000000,permanent-00000093,BTCUSDT,futures,BUY,close_perp,1679659200000000000,1679659140000000000,1679659140000000000,1679659140000000000,0,0,all_client,vwap,1679659200000000000,1679659200000000000,1679659140000000000,0.108,0.108,27592.2,27589.35746521915028068755914,2979.9576,1.48997880,0,0,0.30699375633176968574361288,0.00902869570740286271218680,0,0.108,True,True,SH_P90,permanent,run_e9c1423ed2dc13006c8f09c4
fill-permanent-00000094-1679659200000000000,permanent-00000094,ETHUSDT,futures,BUY,close_perp,1679659200000000000,1679659140000000000,1679659140000000000,1679659140000000000,0,0,all_client,vwap,1679659200000000000,1679659200000000000,1679659140000000000,1.736,1.736,1746.83,1746.651222547725505012021826,3032.49688,1.516248440,0,0,0.310357657148523299130110064,0.007139004914238151460023392,0,1.736,True,True,SH_P90,permanent,run_e9c1423ed2dc13006c8f09c4
fill-permanent-00000335-1679666460000000000,permanent-00000335,BTCUSDT,spot,SELL,close_spot,1679666460000000000,1679666400000000000,1679666400000000000,1679666400000000000,0,0,all_client,vwap,1679666460000000000,1679666460000000000,1679666400000000000,0.10800,0.10800,27944.66,27947.46422152603867499968155,3018.0232800,3.0180232800,0,0,0.3028559248121768999656074000,0.0010233112196956822756106400,0,0.10800,True,True,SH_P90,permanent,run_e9c1423ed2dc13006c8f09c4
fill-permanent-00000336-1679666460000000000,permanent-00000336,ETHUSDT,spot,SELL,close_spot,1679666460000000000,1679666400000000000,1679666400000000000,1679666400000000000,0,0,all_client,vwap,1679666460000000000,1679666460000000000,1679666400000000000,1.7360,1.7360,1768.81,1768.990410387777114312279581,3070.654160,3.070654160,0,0,0.3131924331810704461173526160,0.0060956979377523390727408080,0,1.7360,True,True,SH_P90,permanent,run_e9c1423ed2dc13006c8f09c4
fill-permanent-00000337-1681459380000000000,permanent-00000337,BTCUSDT,spot,BUY,open_spot,1681459380000000000,1681459260008000000,1681459260008000000,1681459260008000000,0,0,all_client,vwap,1681459380000000000,1681459380000000000,1681459320000000000,0.10010,0.09999990,30774.91,30771.83264455123074524771318,3080.5684910,3.0805684910,0.00010010,0,0.3080432804218024007039106820,0.0000172356498445809439812050,0,0.10010,True,True,SH_P90,permanent,run_e9c1423ed2dc13006c8f09c4
fill-permanent-00000338-1681459380000000000,permanent-00000338,ETHUSDT,spot,BUY,open_spot,1681459380000000000,1681459260008000000,1681459260008000000,1681459260008000000,0,0,all_client,vwap,1681459380000000000,1681459380000000000,1681459320000000000,1.4635,1.4620365,2110.92,2110.706120184448478421973015,3089.331420,3.089331420,0.0014635,0,0.3130131100596518294424925475,0.0041112693706577946254372380,0,1.4635,True,True,SH_P90,permanent,run_e9c1423ed2dc13006c8f09c4
fill-permanent-00000339-1681459440000000000,permanent-00000339,BTCUSDT,futures,SELL,open_perp,1681459440000000000,1681459380000000000,1681459380000000000,1681459380000000000,0,0,all_client,vwap,1681459440000000000,1681459440000000000,1681459380000000000,0.100,0.100,30781.6,30784.68017260798899339458341,3078.1600,1.53908000,0,0,0.30801726079889933945834100,0.00017045907281944952439500,0,0.100,True,True,SH_P90,permanent,run_e9c1423ed2dc13006c8f09c4
fill-permanent-00000340-1681459440000000000,permanent-00000340,ETHUSDT,futures,SELL,open_perp,1681459440000000000,1681459380000000000,1681459380000000000,1681459380000000000,0,0,all_client,vwap,1681459440000000000,1681459440000000000,1681459380000000000,1.462,1.462,2110.52,2110.734352798589591326525513,3085.58024,1.542790120,0,0,0.313383791537982519380300006,0.004794429158828721128361320,0,1.462,True,True,SH_P90,permanent,run_e9c1423ed2dc13006c8f09c4
fill-permanent-00000341-1682064300000000000,permanent-00000341,BTCUSDT,spot,BUY,increase_spot,1682064300000000000,1682064240000000000,1682064240000000000,1682064240000000000,0,0,all_client,vwap,1682064300000000000,1682064300000000000,1682064240000000000,0.00901,0.00900099,28170.48,28167.66132435582814246674227,253.8160248,0.2538160248,0.00000901,0,0.0253962675539884363746521473,0.0000172047007438352182896506,0,0.00901,True,True,SH_P90,permanent,run_e9c1423ed2dc13006c8f09c4
fill-permanent-00000342-1682064300000000000,permanent-00000342,ETHUSDT,spot,BUY,increase_spot,1682064300000000000,1682064240000000000,1682064240000000000,1682064240000000000,0,0,all_client,vwap,1682064300000000000,1682064300000000000,1682064240000000000,0.1351,0.1349649,1928.50,1928.300533150635591060609665,260.540350,0.260540350,0.0001351,0,0.0269479713491316477116342585,0.0008966311462665608764054174,0,0.1351,True,True,SH_P90,permanent,run_e9c1423ed2dc13006c8f09c4
fill-permanent-00000343-1682064360000000000,permanent-00000343,BTCUSDT,futures,SELL,increase_perp,1682064360000000000,1682064300000000000,1682064300000000000,1682064300000000000,0,0,all_client,vwap,1682064360000000000,1682064360000000000,1682064300000000000,0.009,0.009,28150.3,28153.14850601185660228759954,253.3527,0.12667635,0,0,0.02563655410670942058839586,0.00029872045129874964633702,0,0.009,True,True,SH_P90,permanent,run_e9c1423ed2dc13006c8f09c4
fill-permanent-00000344-1682064360000000000,permanent-00000344,ETHUSDT,futures,SELL,increase_perp,1682064360000000000,1682064300000000000,1682064300000000000,1682064300000000000,0,0,all_client,vwap,1682064360000000000,1682064360000000000,1682064300000000000,0.135,0.135,1927.48,1927.676051168008765181910058,260.20980,0.130104900,0,0,0.026466907681183299557857830,0.000443280990415181227902045,0,0.135,True,True,SH_P90,permanent,run_e9c1423ed2dc13006c8f09c4
fill-permanent-00000345-1683878700000000000,permanent-00000345,BTCUSDT,spot,BUY,increase_spot,1683878700000000000,1683878640000000000,1683878640000000000,1683878640000000000,0,0,all_client,vwap,1683878700000000000,1683878700000000000,1683878640000000000,0.00600,0.00599400,26343.94,26341.29993274016633998287150,158.0636400,0.1580636400,0.00000600,0,0.0158404035590019601027710000,0.0000356235993578602987812600,0,0.00600,True,True,SH_P90,permanent,run_e9c1423ed2dc13006c8f09c4
fill-permanent-00000346-1683878700000000000,permanent-00000346,ETHUSDT,spot,BUY,increase_spot,1683878700000000000,1683878640000000000,1683878640000000000,1683878640000000000,0,0,all_client,vwap,1683878700000000000,1683878700000000000,1683878640000000000,0.0140,0.0139860,1760.77,1760.584486385052583262457306,24.650780,0.024650780,0.0000140,0,0.0025971906092638343255977160,0.0001323723283247607090302720,0,0.0140,True,True,SH_P90,permanent,run_e9c1423ed2dc13006c8f09c4
fill-permanent-00000347-1683878760000000000,permanent-00000347,BTCUSDT,futures,SELL,increase_perp,1683878760000000000,1683878700000000000,1683878700000000000,1683878700000000000,0,0,all_client,vwap,1683878760000000000,1683878760000000000,1683878700000000000,0.006,0.006,26326.6,26329.33099934030539979433051,157.9596,0.07897980,0,0,0.01638599604183239876598306,0.00058839744222821552610648,0,0.006,True,True,SH_P90,permanent,run_e9c1423ed2dc13006c8f09c4
fill-permanent-00000348-1683878760000000000,permanent-00000348,ETHUSDT,futures,SELL,increase_perp,1683878760000000000,1683878700000000000,1683878700000000000,1683878700000000000,0,0,all_client,vwap,1683878760000000000,1683878760000000000,1683878700000000000,0.014,0.014,1759.41,1759.594989457913134214851394,24.63174,0.012315870,0,0,0.002589852410783879007919516,0.000126419425542800620018726,0,0.014,True,True,SH_P90,permanent,run_e9c1423ed2dc13006c8f09c4
fill-permanent-00000349-1686902700000000000,permanent-00000349,ETHUSDT,spot,BUY,increase_spot,1686902700000000000,1686902640000000000,1686902640000000000,1686902640000000000,0,0,all_client,vwap,1686902700000000000,1686902700000000000,1686902640000000000,0.0131,0.0130869,1672.14,1671.966955779301494243402310,21.905034,0.021905034,0.0000131,0,0.0022668792911504254114297390,0.0000766025790795404539708850,0,0.0131,True,True,SH_P90,permanent,run_e9c1423ed2dc13006c8f09c4
fill-permanent-00000350-1686902760000000000,permanent-00000350,ETHUSDT,futures,SELL,increase_perp,1686902760000000000,1686902700000000000,1686902700000000000,1686902700000000000,0,0,all_client,vwap,1686902760000000000,1686902760000000000,1686902700000000000,0.013,0.013,1671.12,1671.295242477387477148565735,21.72456,0.010862280,0,0,0.002278152206037202931354555,0.000105468390816599211061414,0,0.013,True,True,SH_P90,permanent,run_e9c1423ed2dc13006c8f09c4
fill-permanent-00000351-1687507500000000000,permanent-00000351,BTCUSDT,futures,BUY,reduce_perp,1687507500000000000,1687507440000000000,1687507440000000000,1687507440000000000,0,0,all_client,vwap,1687507500000000000,1687507500000000000,1687507440000000000,0.012,0.012,29908.5,29905.50813110078434265201249,358.9020,0.17945100,0,0,0.03590242679058788817585012,0.00001581703326694696466772,0,0.012,True,True,SH_P90,permanent,run_e9c1423ed2dc13006c8f09c4
fill-permanent-00000352-1687507560000000000,permanent-00000352,BTCUSDT,spot,SELL,reduce_spot,1687507560000000000,1687507500000000000,1687507500000000000,1687507500000000000,0,0,all_client,vwap,1687507560000000000,1687507560000000000,1687507500000000000,0.01200,0.01200,29891.54,29894.53876804031849681243913,358.6984800,0.3586984800,0,0,0.0359852164838219617492695600,0.0001117699621735795530946800,0,0.01200,True,True,SH_P90,permanent,run_e9c1423ed2dc13006c8f09c4
fill-permanent-00000353-1692345900000000000,permanent-00000353,BTCUSDT,spot,BUY,increase_spot,1692345900000000000,1692345840000000000,1692345840000000000,1692345840000000000,0,0,all_client,vwap,1692345900000000000,1692345900000000000,1692345840000000000,0.01502,0.01500498,26465.47,26462.81412561387906365838880,397.5113594,0.3975113594,0.00001502,0,0.0398912332795364638510002240,0.0001440864628644174973853072,0,0.01502,True,True,SH_P90,permanent,run_e9c1423ed2dc13006c8f09c4
fill-permanent-00000354-1692345960000000000,permanent-00000354,BTCUSDT,futures,SELL,increase_perp,1692345960000000000,1692345900000000000,1692345900000000000,1692345900000000000,0,0,all_client,vwap,1692345960000000000,1692345960000000000,1692345900000000000,0.015,0.015,26446.8,26449.45324966970092920498924,396.7020,0.19835100,0,0,0.03979874504551393807483860,0.00012456517100938668103110,0,0.015,True,True,SH_P90,permanent,run_e9c1423ed2dc13006c8f09c4
fill-permanent-00000355-1694160300000000000,permanent-00000355,ETHUSDT,spot,BUY,increase_spot,1694160300000000000,1694160240000000000,1694160240000000000,1694160240000000000,0,0,all_client,vwap,1694160300000000000,1694160300000000000,1694160240000000000,0.0130,0.0129870,1647.07,1646.901017261712274340889665,21.411910,0.021411910,0.0000130,0,0.0021967755977404335684343550,0.0000558042753002076117911980,0,0.0130,True,True,SH_P90,permanent,run_e9c1423ed2dc13006c8f09c4
fill-permanent-00000356-1694160360000000000,permanent-00000356,ETHUSDT,futures,SELL,increase_perp,1694160360000000000,1694160300000000000,1694160300000000000,1694160300000000000,0,0,all_client,vwap,1694160360000000000,1694160360000000000,1694160300000000000,0.013,0.013,1646.12,1646.294261667276554580137460,21.39956,0.010699780,0,0,0.002265401674595209541786980,0.000125219134427750020832798,0,0.013,True,True,SH_P90,permanent,run_e9c1423ed2dc13006c8f09c4
fill-permanent-00000357-1697789100000000000,permanent-00000357,BTCUSDT,futures,BUY,reduce_perp,1697789100000000000,1697789040000000000,1697789040000000000,1697789040000000000,0,0,all_client,vwap,1697789100000000000,1697789100000000000,1697789040000000000,0.012,0.012,29253.2,29250.25178791899844227773611,351.0384,0.17551920,0,0,0.03537854497201869266716668,0.00027824282651589453643344,0,0.012,True,True,SH_P90,permanent,run_e9c1423ed2dc13006c8f09c4
fill-permanent-00000358-1697789160000000000,permanent-00000358,BTCUSDT,spot,SELL,reduce_spot,1697789160000000000,1697789100000000000,1697789100000000000,1697789100000000000,0,0,all_client,vwap,1697789160000000000,1697789160000000000,1697789100000000000,0.01200,0.01200,29261.50,29264.42886026693399644781309,351.1380000,0.3511380000,0,0,0.0351463232032079573737570800,0.0000290085708876365780197200,0,0.01200,True,True,SH_P90,permanent,run_e9c1423ed2dc13006c8f09c4
fill-permanent-00000359-1698393900000000000,permanent-00000359,BTCUSDT,futures,BUY,reduce_perp,1698393900000000000,1698393840000000000,1698393840000000000,1698393840000000000,0,0,all_client,vwap,1698393900000000000,1698393900000000000,1698393840000000000,0.014,0.014,33994.3,33990.86504414883362251783304,475.9202,0.23796010,0,0,0.04808938191632928475033744,0.00050217085452091767881252,0,0.014,True,True,SH_P90,permanent,run_e9c1423ed2dc13006c8f09c4
fill-permanent-00000360-1698393900000000000,permanent-00000360,ETHUSDT,spot,BUY,increase_spot,1698393900000000000,1698393840000000000,1698393840000000000,1698393840000000000,0,0,all_client,vwap,1698393900000000000,1698393900000000000,1698393840000000000,0.1211,0.1209789,1779.33,1779.150076433149715562657312,215.476863,0.215476863,0.0001211,0,0.0217887439455694453621995168,0.0002432365199640023067357042,0,0.1211,True,True,SH_P90,permanent,run_e9c1423ed2dc13006c8f09c4
fill-permanent-00000361-1698393960000000000,permanent-00000361,BTCUSDT,spot,SELL,reduce_spot,1698393960000000000,1698393900000000000,1698393900000000000,1698393900000000000,0,0,all_client,vwap,1698393960000000000,1698393960000000000,1698393900000000000,0.01400,0.01400,33947.63,33951.03411857729890911832230,475.2668200,0.4752668200,0,0,0.0476576600821847276565122000,0.0001262123161765091837465800,0,0.01400,True,True,SH_P90,permanent,run_e9c1423ed2dc13006c8f09c4
fill-permanent-00000362-1698393960000000000,permanent-00000362,ETHUSDT,futures,SELL,increase_perp,1698393960000000000,1698393900000000000,1698393900000000000,1698393900000000000,0,0,all_client,vwap,1698393960000000000,1698393960000000000,1698393900000000000,0.121,0.121,1779.22,1779.400774291310936171785490,215.28562,0.107642810,0,0,0.021873689248623276786044290,0.000342939879698414458365631,0,0.121,True,True,SH_P90,permanent,run_e9c1423ed2dc13006c8f09c4
fill-permanent-00000363-1699603500000000000,permanent-00000363,BTCUSDT,futures,BUY,reduce_perp,1699603500000000000,1699603440000000000,1699603440000000000,1699603440000000000,0,0,all_client,vwap,1699603500000000000,1699603500000000000,1699603440000000000,0.007,0.007,36507.6,36503.94059402337666118397112,255.5532,0.12777660,0,0,0.02561584183636337171220216,0.00006308342054700804937336,0,0.007,True,True,SH_P90,permanent,run_e9c1423ed2dc13006c8f09c4
fill-permanent-00000364-1699603500000000000,permanent-00000364,ETHUSDT,futures,BUY,reduce_perp,1699603500000000000,1699603440000000000,1699603440000000000,1699603440000000000,0,0,all_client,vwap,1699603500000000000,1699603500000000000,1699603440000000000,0.266,0.266,2103.50,2103.283467912348139823941909,559.53100,0.279765500,0,0,0.057597535315394806831452206,0.001650195068926346312135402,0,0.266,True,True,SH_P90,permanent,run_e9c1423ed2dc13006c8f09c4
fill-permanent-00000365-1699603560000000000,permanent-00000365,BTCUSDT,spot,SELL,reduce_spot,1699603560000000000,1699603500000000000,1699603500000000000,1699603500000000000,0,0,all_client,vwap,1699603560000000000,1699603560000000000,1699603500000000000,0.00700,0.00700,36425.85,36429.50205936640704778064170,254.9809500,0.2549809500,0,0,0.0255644155648493344644919000,0.0000637641232928495310454800,0,0.00700,True,True,SH_P90,permanent,run_e9c1423ed2dc13006c8f09c4
fill-permanent-00000366-1699603560000000000,permanent-00000366,ETHUSDT,spot,SELL,reduce_spot,1699603560000000000,1699603500000000000,1699603500000000000,1699603500000000000,0,0,all_client,vwap,1699603560000000000,1699603560000000000,1699603500000000000,0.2660,0.2660,2097.93,2098.141483227939718156424131,558.049380,0.558049380,0,0,0.0562545386319650296088188460,0.0004439751781018331058580740,0,0.2660,True,True,SH_P90,permanent,run_e9c1423ed2dc13006c8f09c4
fill-permanent-00000435-1699634820000000000,permanent-00000435,BTCUSDT,futures,BUY,close_perp,1699634820000000000,1699634760000000000,1699634760000000000,1699634760000000000,0,0,all_client,vwap,1699634820000000000,1699634820000000000,1699634760000000000,0.085,0.085,37370.6,37366.80536371617354875475534,3176.5010,1.58825050,0,0,0.32254408412524835584579610,0.00492623853366088068138030,0,0.085,True,True,SH_P90,permanent,run_e9c1423ed2dc13006c8f09c4
fill-permanent-00000436-1699634880000000000,permanent-00000436,BTCUSDT,spot,SELL,close_spot,1699634880000000000,1699634820000000000,1699634820000000000,1699634820000000000,0,0,all_client,vwap,1699634880000000000,1699634880000000000,1699634820000000000,0.08500,0.08500,37273.14,37276.87362916030400492479083,3168.2169000,3.1682169000,0,0,0.3173584786258404186072205500,0.0005050527779778345653597500,0,0.08500,True,True,SH_P90,permanent,run_e9c1423ed2dc13006c8f09c4
fill-permanent-00000437-1699747320000000000,permanent-00000437,BTCUSDT,spot,BUY,open_spot,1699747320000000000,1699747260000000000,1699747260000000000,1699747260000000000,0,0,all_client,vwap,1699747320000000000,1699747320000000000,1699747260000000000,0.08408,0.08399592,37162.35,37158.62567910211674937555185,3124.6103880,3.1246103880,0.00008408,0,0.3131409010940237125036004520,0.0007111763841331148748504072,0,0.08408,True,True,SH_P90,permanent,run_e9c1423ed2dc13006c8f09c4
fill-permanent-00000438-1699747380000000000,permanent-00000438,BTCUSDT,futures,SELL,open_perp,1699747380000000000,1699747320000000000,1699747320000000000,1699747320000000000,0,0,all_client,vwap,1699747380000000000,1699747380000000000,1699747320000000000,0.084,0.084,37203.4,37207.20887271041934206841948,3125.0856,1.56254280,0,0,0.31994530767522473374723632,0.00740475314445721127386176,0,0.084,True,True,SH_P90,permanent,run_e9c1423ed2dc13006c8f09c4
fill-permanent-00000439-1700208300000000000,permanent-00000439,ETHUSDT,spot,BUY,increase_spot,1700208300000000000,1700208240000000000,1700208240000000000,1700208240000000000,0,0,all_client,vwap,1700208300000000000,1700208300000000000,1700208240000000000,0.0971,0.0970029,1975.32,1975.116761774155199999581501,191.803572,0.191803572,0.0000971,0,0.0197344317295300800406362529,0.0005560479727030330486403311,0,0.0971,True,True,SH_P90,permanent,run_e9c1423ed2dc13006c8f09c4
fill-permanent-00000440-1700208360000000000,permanent-00000440,ETHUSDT,futures,SELL,increase_perp,1700208360000000000,1700208300000000000,1700208300000000000,1700208300000000000,0,0,all_client,vwap,1700208360000000000,1700208360000000000,1700208300000000000,0.097,0.097,1974.73,1974.932917386141393173931592,191.54881,0.095774405,0,0,0.019682986455715137871364424,0.000526137157069566357577303,0,0.097,True,True,SH_P90,permanent,run_e9c1423ed2dc13006c8f09c4
fill-permanent-00000441-1700813100000000000,permanent-00000441,ETHUSDT,futures,BUY,reduce_perp,1700813100000000000,1700813040000000000,1700813040000000000,1700813040000000000,0,0,all_client,vwap,1700813100000000000,1700813100000000000,1700813040000000000,0.079,0.079,2078.89,2078.677315478687529116188949,164.23231,0.082116155,0,0,0.016802077183685199821073029,0.000380526391403568341055128,0,0.079,True,True,SH_P90,permanent,run_e9c1423ed2dc13006c8f09c4
fill-permanent-00000442-1700813160000000000,permanent-00000442,ETHUSDT,spot,SELL,reduce_spot,1700813160000000000,1700813100000000000,1700813100000000000,1700813100000000000,0,0,all_client,vwap,1700813160000000000,1700813160000000000,1700813100000000000,0.0790,0.0790,2075.09,2075.297726749886556684146647,163.932110,0.163932110,0,0,0.0164104132410379780475851130,0.0000155611997138742497803280,0,0.0790,True,True,SH_P90,permanent,run_e9c1423ed2dc13006c8f09c4
fill-permanent-00000443-1701561840000000000,permanent-00000443,BTCUSDT,futures,BUY,reduce_perp,1701561840000000000,1701561780000000000,1701561780000000000,1701561780000000000,0,0,all_client,vwap,1701561840000000000,1701561840000000000,1701561780000000000,0.005,0.005,39412.8,39408.78691706701606250303295,197.0640,0.09853200,0,0,0.02006541466491968748483525,0.00036102120638617945358375,0,0.005,True,True,SH_P90,permanent,run_e9c1423ed2dc13006c8f09c4
fill-permanent-00000444-1701561900000000000,permanent-00000444,BTCUSDT,spot,SELL,reduce_spot,1701561900000000000,1701561840000000000,1701561840000000000,1701561840000000000,0,0,all_client,vwap,1701561900000000000,1701561900000000000,1701561840000000000,0.00500,0.00500,39420.59,39424.53292336104832908915502,197.1029500,0.1971029500,0,0,0.0197146168052416454457751000,0.0000023503435611212812305000,0,0.00500,True,True,SH_P90,permanent,run_e9c1423ed2dc13006c8f09c4
fill-permanent-00000445-1702022700000000000,permanent-00000445,ETHUSDT,futures,BUY,reduce_perp,1702022700000000000,1702022640000000000,1702022640000000000,1702022640000000000,0,0,all_client,vwap,1702022700000000000,1702022700000000000,1702022640000000000,0.172,0.172,2355.63,2355.386939054991108163352990,405.16836,0.202584180,0,0,0.041806482541529395903285720,0.001293827189783548842876100,0,0.172,True,True,SH_P90,permanent,run_e9c1423ed2dc13006c8f09c4
fill-permanent-00000446-1702022760000000000,permanent-00000446,ETHUSDT,spot,SELL,reduce_spot,1702022760000000000,1702022700000000000,1702022700000000000,1702022700000000000,0,0,all_client,vwap,1702022760000000000,1702022760000000000,1702022700000000000,0.1720,0.1720,2349.21,2349.449802237549006032609665,404.064120,0.404064120,0,0,0.0412459848584290376088623800,0.0008354482599431947051014880,0,0.1720,True,True,SH_P90,permanent,run_e9c1423ed2dc13006c8f09c4
fill-permanent-00000447-1702166640000000000,permanent-00000447,BTCUSDT,futures,BUY,reduce_perp,1702166640000000000,1702166580000000000,1702166580000000000,1702166580000000000,0,0,all_client,vwap,1702166640000000000,1702166640000000000,1702166580000000000,0.007,0.007,43796.8,43792.38459287449487968284032,306.5776,0.15328880,0,0,0.03090784987853584222011776,0.00025318066352369580433980,0,0.007,True,True,SH_P90,permanent,run_e9c1423ed2dc13006c8f09c4
fill-permanent-00000448-1702166700000000000,permanent-00000448,BTCUSDT,spot,SELL,reduce_spot,1702166700000000000,1702166640000000000,1702166640000000000,1702166640000000000,0,0,all_client,vwap,1702166700000000000,1702166700000000000,1702166640000000000,0.00700,0.00700,43710.94,43715.31210366218557307767687,305.9765800,0.3059765800,0,0,0.0306047256352990115437380900,0.0000040071627354816425837000,0,0.00700,True,True,SH_P90,permanent,run_e9c1423ed2dc13006c8f09c4
fill-permanent-00000449-1704441900000000000,permanent-00000449,ETHUSDT,spot,BUY,increase_spot,1704441900000000000,1704441840000000000,1704441840000000000,1704441840000000000,0,0,all_client,vwap,1704441900000000000,1704441900000000000,1704441840000000000,0.0731,0.0730269,2256.47,2256.237106265516009878088623,164.947957,0.164947957,0.0000731,0,0.0170245319907796779117216587,0.0005314387439787558795128208,0,0.0731,True,True,SH_P90,permanent,run_e9c1423ed2dc13006c8f09c4
fill-permanent-00000450-1704441960000000000,permanent-00000450,ETHUSDT,futures,SELL,increase_perp,1704441960000000000,1704441900000000000,1704441900000000000,1704441900000000000,0,0,all_client,vwap,1704441960000000000,1704441960000000000,1704441900000000000,0.073,0.073,2254.78,2255.007538873105255099436893,164.59894,0.082299470,0,0,0.016610337736683622258893189,0.000148782702909953896667277,0,0.073,True,True,SH_P90,permanent,run_e9c1423ed2dc13006c8f09c4
fill-permanent-00000451-1704984180000000000,permanent-00000451,BTCUSDT,futures,BUY,close_perp,1704984180000000000,1704984120000000000,1704984120000000000,1704984120000000000,0,0,all_client,vwap,1704984180000000000,1704984180000000000,1704984120000000000,0.072,0.072,48480.6,48475.70140834761520017020766,3490.6032,1.74530160,0,0,0.35269859897170558774504848,0.00367354883160275830382304,0,0.072,True,True,SH_P90,permanent,run_e9c1423ed2dc13006c8f09c4
fill-permanent-00000452-1704984240000000000,permanent-00000452,BTCUSDT,spot,SELL,close_spot,1704984240000000000,1704984180000000000,1704984180000000000,1704984180000000000,0,0,all_client,vwap,1704984240000000000,1704984240000000000,1704984180000000000,0.07200,0.07200,48415.17,48420.01283507327127575120974,3485.8922400,3.4858922400,0,0,0.3486841252755318540871012800,0.0000600328630043009016926400,0,0.07200,True,True,SH_P90,permanent,run_e9c1423ed2dc13006c8f09c4
fill-permanent-00000453-1704984660000000000,permanent-00000453,ETHUSDT,futures,BUY,close_perp,1704984660000000000,1704984600000000000,1704984600000000000,1704984600000000000,0,0,all_client,vwap,1704984660000000000,1704984660000000000,1704984600000000000,1.411,1.411,2677.95,2677.679336489415615338821068,3778.58745,1.889293725,0,0,0.381906213434566756923473052,0.004085659055910213599165550,0,1.411,True,True,SH_P90,permanent,run_e9c1423ed2dc13006c8f09c4
fill-permanent-00000454-1704984720000000000,permanent-00000454,ETHUSDT,spot,SELL,close_spot,1704984720000000000,1704984660000000000,1704984660000000000,1704984660000000000,0,0,all_client,vwap,1704984720000000000,1704984720000000000,1704984660000000000,1.4110,1.4110,2673.66,2673.930573748243827580138436,3772.534260,3.772534260,0,0,0.3817795587720407155753331960,0.0044879548161635115037754420,0,1.4110,True,True,SH_P90,permanent,run_e9c1423ed2dc13006c8f09c4
fill-permanent-00000455-1705075320000000000,permanent-00000455,BTCUSDT,spot,BUY,open_spot,1705075320000000000,1705075260000000000,1705075260000000000,1705075260000000000,0,0,all_client,vwap,1705075320000000000,1705075320000000000,1705075260000000000,0.07107,0.07099893,44333.10,44328.65925617416126096548800,3150.7534170,3.1507534170,0.00007107,0,0.3156036637023591831827678400,0.0005598823687294191010860315,0,0.07107,True,True,SH_P90,permanent,run_e9c1423ed2dc13006c8f09c4
fill-permanent-00000456-1705075320000000000,permanent-00000456,ETHUSDT,spot,BUY,open_spot,1705075320000000000,1705075260000000000,1705075260000000000,1705075260000000000,0,0,all_client,vwap,1705075320000000000,1705075320000000000,1705075260000000000,1.2032,1.2019968,2648.16,2647.895064536841986684840770,3186.266112,3.186266112,0.0012032,0,0.3187703492717216207995855360,0.0001756151066487929616655872,0,1.2032,True,True,SH_P90,permanent,run_e9c1423ed2dc13006c8f09c4
fill-permanent-00000457-1705075380000000000,permanent-00000457,BTCUSDT,futures,SELL,open_perp,1705075380000000000,1705075320000000000,1705075320000000000,1705075320000000000,0,0,all_client,vwap,1705075380000000000,1705075380000000000,1705075320000000000,0.071,0.071,44472.2,44476.65994568333596906388569,3157.5262,1.57876310,0,0,0.31665614351685380353588399,0.00087185790250211815553030,0,0.071,True,True,SH_P90,permanent,run_e9c1423ed2dc13006c8f09c4
fill-permanent-00000458-1705075380000000000,permanent-00000458,ETHUSDT,futures,SELL,open_perp,1705075380000000000,1705075320000000000,1705075320000000000,1705075320000000000,0,0,all_client,vwap,1705075380000000000,1705075380000000000,1705075320000000000,1.202,1.202,2654.11,2654.382250820255604810968591,3190.24022,1.595120110,0,0,0.327245485947236982784246382,0.008188739398642259085967788,0,1.202,True,True,SH_P90,permanent,run_e9c1423ed2dc13006c8f09c4
fill-permanent-00000459-1705680240000000000,permanent-00000459,BTCUSDT,spot,BUY,increase_spot,1705680240000000000,1705680180000000000,1705680180000000000,1705680180000000000,0,0,all_client,vwap,1705680240000000000,1705680240000000000,1705680180000000000,0.00601,0.00600399,40938.31,40934.21527016880553339599209,246.0392431,0.2460392431,0.00000601,0,0.0246093262854787442900875391,0.0000078629081072921645165431,0,0.00601,True,True,SH_P90,permanent,run_e9c1423ed2dc13006c8f09c4
fill-permanent-00000460-1705680240000000000,permanent-00000460,ETHUSDT,spot,BUY,increase_spot,1705680240000000000,1705680180000000000,1705680180000000000,1705680180000000000,0,0,all_client,vwap,1705680240000000000,1705680240000000000,1705680180000000000,0.0901,0.0900099,2465.95,2465.693745397874285633601960,222.182095,0.222182095,0.0000901,0,0.0230885396515268644124634040,0.0008726390054920170989046680,0,0.0901,True,True,SH_P90,permanent,run_e9c1423ed2dc13006c8f09c4
fill-permanent-00000461-1705680300000000000,permanent-00000461,BTCUSDT,futures,SELL,increase_perp,1705680300000000000,1705680240000000000,1705680240000000000,1705680240000000000,0,0,all_client,vwap,1705680300000000000,1705680300000000000,1705680240000000000,0.006,0.006,40938.0,40942.12730122271800572111915,245.6280,0.12281400,0,0,0.02476380733630803432671490,0.00019853095557440352328224,0,0.006,True,True,SH_P90,permanent,run_e9c1423ed2dc13006c8f09c4
fill-permanent-00000462-1705680300000000000,permanent-00000462,ETHUSDT,futures,SELL,increase_perp,1705680300000000000,1705680240000000000,1705680240000000000,1705680240000000000,0,0,all_client,vwap,1705680300000000000,1705680300000000000,1705680240000000000,0.090,0.090,2466.97,2467.225001211189452639262563,222.02730,0.111013650,0,0,0.022950109007050737533630670,0.000745083996150032459877330,0,0.090,True,True,SH_P90,permanent,run_e9c1423ed2dc13006c8f09c4
fill-permanent-00000463-1706285040000000000,permanent-00000463,ETHUSDT,spot,BUY,increase_spot,1706285040000000000,1706284980000000000,1706284980000000000,1706284980000000000,0,0,all_client,vwap,1706285040000000000,1706285040000000000,1706284980000000000,0.1191,0.1189809,2260.79,2260.562779243401477291514698,269.260089,0.269260089,0.0001191,0,0.0270619921108840545805994682,0.0001386894100951429860575841,0,0.1191,True,True,SH_P90,permanent,run_e9c1423ed2dc13006c8f09c4
fill-permanent-00000464-1706285100000000000,permanent-00000464,ETHUSDT,futures,SELL,increase_perp,1706285100000000000,1706285040000000000,1706285040000000000,1706285040000000000,0,0,all_client,vwap,1706285100000000000,1706285100000000000,1706285040000000000,0.119,0.119,2257.54,2257.775609011477398107294569,268.64726,0.134323630,0,0,0.028037472365810374768053711,0.001169942618573793730576960,0,0.119,True,True,SH_P90,permanent,run_e9c1423ed2dc13006c8f09c4
fill-permanent-00000465-1707494640000000000,permanent-00000465,BTCUSDT,futures,BUY,reduce_perp,1707494640000000000,1707494580000000000,1707494580000000000,1707494580000000000,0,0,all_client,vwap,1707494640000000000,1707494640000000000,1707494580000000000,0.010,0.010,47209.1,47204.29535317265638863083620,472.0910,0.23604550,0,0,0.04804646827343611369163800,0.00084217292026345730300720,0,0.010,True,True,SH_P90,permanent,run_e9c1423ed2dc13006c8f09c4
fill-permanent-00000466-1707494640000000000,permanent-00000466,ETHUSDT,futures,BUY,reduce_perp,1707494640000000000,1707494580000000000,1707494580000000000,1707494580000000000,0,0,all_client,vwap,1707494640000000000,1707494640000000000,1707494580000000000,0.130,0.130,2494.89,2494.638819107985048686181192,324.33570,0.162167850,0,0,0.032653515961943670796445040,0.000223211313539865163524700,0,0.130,True,True,SH_P90,permanent,run_e9c1423ed2dc13006c8f09c4
fill-permanent-00000467-1707494700000000000,permanent-00000467,BTCUSDT,spot,SELL,reduce_spot,1707494700000000000,1707494640000000000,1707494640000000000,1707494640000000000,0,0,all_client,vwap,1707494700000000000,1707494700000000000,1707494640000000000,0.01000,0.01000,47173.40,47178.12622746461786708052208,471.7340000,0.4717340000,0,0,0.0472622746461786708052208000,0.0000841484187140529381403000,0,0.01000,True,True,SH_P90,permanent,run_e9c1423ed2dc13006c8f09c4
fill-permanent-00000468-1707494700000000000,permanent-00000468,ETHUSDT,spot,SELL,reduce_spot,1707494700000000000,1707494640000000000,1707494640000000000,1707494640000000000,0,0,all_client,vwap,1707494700000000000,1707494700000000000,1707494640000000000,0.1300,0.1300,2491.48,2491.735990430587865121644469,323.892400,0.323892400,0,0,0.0332787559764224658137809700,0.0008861881008248235671996500,0,0.1300,True,True,SH_P90,permanent,run_e9c1423ed2dc13006c8f09c4
fill-permanent-00000469-1708099440000000000,permanent-00000469,BTCUSDT,futures,BUY,reduce_perp,1708099440000000000,1708099380000000000,1708099380000000000,1708099380000000000,0,0,all_client,vwap,1708099440000000000,1708099440000000000,1708099380000000000,0.006,0.006,51933.3,51928.01210258031837492350980,311.5998,0.15579990,0,0,0.03172738451808975045894120,0.00057057725654155943398710,0,0.006,True,True,SH_P90,permanent,run_e9c1423ed2dc13006c8f09c4
fill-permanent-00000470-1708099440000000000,permanent-00000470,ETHUSDT,futures,BUY,reduce_perp,1708099440000000000,1708099380000000000,1708099380000000000,1708099380000000000,0,0,all_client,vwap,1708099440000000000,1708099440000000000,1708099380000000000,0.128,0.128,2779.51,2779.224542413180627163111258,355.77728,0.177888640,0,0,0.036538571112879723121758976,0.000964496969991011094071168,0,0.128,True,True,SH_P90,permanent,run_e9c1423ed2dc13006c8f09c4
fill-permanent-00000471-1708099500000000000,permanent-00000471,BTCUSDT,spot,SELL,reduce_spot,1708099500000000000,1708099440000000000,1708099440000000000,1708099440000000000,0,0,all_client,vwap,1708099500000000000,1708099500000000000,1708099440000000000,0.00600,0.00600,51868.82,51874.01230853339410792367977,311.2129200,0.3112129200,0,0,0.0311538512003646475420786200,0.0000294438152446110773244000,0,0.00600,True,True,SH_P90,permanent,run_e9c1423ed2dc13006c8f09c4
fill-permanent-00000472-1708099500000000000,permanent-00000472,ETHUSDT,spot,SELL,reduce_spot,1708099500000000000,1708099440000000000,1708099440000000000,1708099440000000000,0,0,all_client,vwap,1708099500000000000,1708099500000000000,1708099440000000000,0.1280,0.1280,2776.30,2776.583549307021205441487244,355.366400,0.355366400,0,0,0.0362943112987142965103672320,0.0007540418675844250807161600,0,0.1280,True,True,SH_P90,permanent,run_e9c1423ed2dc13006c8f09c4
fill-permanent-00000473-1708704240000000000,permanent-00000473,ETHUSDT,futures,BUY,reduce_perp,1708704240000000000,1708704180000000000,1708704180000000000,1708704180000000000,0,0,all_client,vwap,1708704240000000000,1708704240000000000,1708704180000000000,0.056,0.056,2918.02,2917.725204419033401007870185,163.40912,0.081704560,0,0,0.016508552534129543559269640,0.000169291389382956513625568,0,0.056,True,True,SH_P90,permanent,run_e9c1423ed2dc13006c8f09c4
fill-permanent-00000474-1708704300000000000,permanent-00000474,ETHUSDT,spot,SELL,reduce_spot,1708704300000000000,1708704240000000000,1708704240000000000,1708704240000000000,0,0,all_client,vwap,1708704300000000000,1708704300000000000,1708704240000000000,0.0560,0.0560,2909.18,2909.479103515918786887766313,162.914080,0.162914080,0,0,0.0167497968914520657149135280,0.0004567139117629205083420160,0,0.0560,True,True,SH_P90,permanent,run_e9c1423ed2dc13006c8f09c4
fill-permanent-00000475-1709063640000000000,permanent-00000475,BTCUSDT,futures,BUY,close_perp,1709063640000000000,1709063580000000000,1709063580000000000,1709063580000000000,0,0,all_client,vwap,1709063640000000000,1709063640000000000,1709063580000000000,0.061,0.061,57556.4,57550.62673696541475062604616,3510.9404,1.75547020,0,0,0.35216904510970021181118424,0.00111022201421118183236564,0,0.061,True,True,SH_P90,permanent,run_e9c1423ed2dc13006c8f09c4
fill-permanent-00000476-1709063700000000000,permanent-00000476,BTCUSDT,spot,SELL,close_spot,1709063700000000000,1709063640000000000,1709063640000000000,1709063640000000000,0,0,all_client,vwap,1709063700000000000,1709063700000000000,1709063640000000000,0.06100,0.06100,57520.99,57526.74921069207278094953541,3508.7803900,3.5087803900,0,0,0.3513118522164396379216600100,0.0003986820312179939578680600,0,0.06100,True,True,SH_P90,permanent,run_e9c1423ed2dc13006c8f09c4
fill-permanent-00000477-1709137740000000000,permanent-00000477,ETHUSDT,futures,BUY,close_perp,1709137740000000000,1709137680000000000,1709137680000000000,1709137680000000000,0,0,all_client,vwap,1709137740000000000,1709137740000000000,1709137680000000000,1.097,1.097,3386.25,3385.902138836597571398922228,3714.71625,1.857358125,0,0,0.381603696252464175382315884,0.010170231622089421799854360,0,1.097,True,True,SH_P90,permanent,run_e9c1423ed2dc13006c8f09c4
fill-permanent-00000478-1709137800000000000,permanent-00000478,ETHUSDT,spot,SELL,close_spot,1709137800000000000,1709137740000000000,1709137740000000000,1709137740000000000,0,0,all_client,vwap,1709137800000000000,1709137800000000000,1709137740000000000,1.0970,1.0970,3377.90,3378.242225602967260092685977,3705.556300,3.705556300,0,0,0.3754214864550843216765167690,0.0048283143064388132443486760,0,1.0970,True,True,SH_P90,permanent,run_e9c1423ed2dc13006c8f09c4
fill-permanent-00000479-1709164920000000000,permanent-00000479,BTCUSDT,spot,BUY,open_spot,1709164920000000000,1709164860000000000,1709164860000000000,1709164860000000000,0,0,all_client,vwap,1709164920000000000,1709164920000000000,1709164860000000000,0.05105,0.05099895,62385.74,62379.49790151755877324265868,3184.7920270,3.1847920270,0.00005105,0,0.3186591275286246259622743860,0.0002117907413774884248704025,0,0.05105,True,True,SH_P90,permanent,run_e9c1423ed2dc13006c8f09c4
fill-permanent-00000480-1709164980000000000,permanent-00000480,BTCUSDT,futures,SELL,open_perp,1709164980000000000,1709164920000000000,1709164920000000000,1709164920000000000,0,0,all_client,vwap,1709164980000000000,1709164980000000000,1709164920000000000,0.051,0.051,62359.2,62365.53083282425511814077710,3180.3192,1.59015960,0,0,0.32287247403701102517963210,0.00480826678960732407711402,0,0.051,True,True,SH_P90,permanent,run_e9c1423ed2dc13006c8f09c4
fill-permanent-00000481-1709251320000000000,permanent-00000481,ETHUSDT,spot,BUY,open_spot,1709251320000000000,1709251260000000000,1709251260000000000,1709251260000000000,0,0,all_client,vwap,1709251320000000000,1709251320000000000,1709251260000000000,0.9599,0.9589401,3341.72,3341.379694655208490004372386,3207.717028,3.207717028,0.0009599,0,0.3266591004653704448029466786,0.0059200635754169818474272023,0,0.9599,True,True,SH_P90,permanent,run_e9c1423ed2dc13006c8f09c4
fill-permanent-00000482-1709251380000000000,permanent-00000482,ETHUSDT,futures,SELL,open_perp,1709251380000000000,1709251320000000000,1709251320000000000,1709251320000000000,0,0,all_client,vwap,1709251380000000000,1709251380000000000,1709251320000000000,0.959,0.959,3346.01,3346.347301916598732461143081,3208.82359,1.604411795,0,0,0.323472538018184430236214679,0.002557831764382611793191353,0,0.959,True,True,SH_P90,permanent,run_e9c1423ed2dc13006c8f09c4
fill-permanent-00000483-1709856240000000000,permanent-00000483,ETHUSDT,futures,BUY,reduce_perp,1709856240000000000,1709856180000000000,1709856180000000000,1709856180000000000,0,0,all_client,vwap,1709856240000000000,1709856240000000000,1709856180000000000,0.127,0.127,3876.05,3875.658569335969316942276390,492.25835,0.246129175,0,0,0.049711694331896748330898470,0.000490830501329938005731514,0,0.127,True,True,SH_P90,permanent,run_e9c1423ed2dc13006c8f09c4
fill-permanent-00000484-1709856300000000000,permanent-00000484,ETHUSDT,spot,SELL,reduce_spot,1709856300000000000,1709856240000000000,1709856240000000000,1709856240000000000,0,0,all_client,vwap,1709856300000000000,1709856300000000000,1709856240000000000,0.1270,0.1270,3866.65,3867.040302871338840851722033,491.064550,0.491064550,0,0,0.0495684646600327881686981910,0.0004570528135667848898813470,0,0.1270,True,True,SH_P90,permanent,run_e9c1423ed2dc13006c8f09c4
fill-permanent-00000485-1710374640000000000,permanent-00000485,BTCUSDT,futures,BUY,reduce_perp,1710374640000000000,1710374580000000000,1710374580000000000,1710374580000000000,0,0,all_client,vwap,1710374640000000000,1710374640000000000,1710374580000000000,0.007,0.007,73023.8,73016.44951101119002605896479,511.1666,0.25558330,0,0,0.05145342292166981758724647,0.00034190826396198456900517,0,0.007,True,True,SH_P90,permanent,run_e9c1423ed2dc13006c8f09c4
fill-permanent-00000486-1710374700000000000,permanent-00000486,BTCUSDT,spot,SELL,reduce_spot,1710374700000000000,1710374640000000000,1710374640000000000,1710374640000000000,0,0,all_client,vwap,1710374700000000000,1710374700000000000,1710374640000000000,0.00700,0.00700,72941.52,72948.82054795211500209486697,510.5906400,0.5105906400,0,0,0.0511038356648050146640687900,0.0000396612812385341626023600,0,0.00700,True,True,SH_P90,permanent,run_e9c1423ed2dc13006c8f09c4
fill-permanent-00000487-1710979440000000000,permanent-00000487,BTCUSDT,spot,BUY,increase_spot,1710979440000000000,1710979380000000000,1710979380000000000,1710979380000000000,0,0,all_client,vwap,1710979440000000000,1710979440000000000,1710979380000000000,0.00300,0.00299700,67761.14,67754.36177184010137018160821,203.2834200,0.2032834200,0.00000300,0,0.0203346844796958894551753700,0.0000083759481438590441208900,0,0.00300,True,True,SH_P90,permanent,run_e9c1423ed2dc13006c8f09c4
fill-permanent-00000488-1710979500000000000,permanent-00000488,BTCUSDT,futures,SELL,increase_perp,1710979500000000000,1710979440000000000,1710979440000000000,1710979440000000000,0,0,all_client,vwap,1710979500000000000,1710979500000000000,1710979440000000000,0.003,0.003,67775.2,67782.05778329599398392580175,203.3256,0.10166280,0,0,0.02057334988798195177740525,0.00023873255299315358222751,0,0.003,True,True,SH_P90,permanent,run_e9c1423ed2dc13006c8f09c4
fill-permanent-00000489-1711065840000000000,permanent-00000489,ETHUSDT,spot,BUY,increase_spot,1711065840000000000,1711065780000000000,1711065780000000000,1711065780000000000,0,0,all_client,vwap,1711065840000000000,1711065840000000000,1711065780000000000,0.0981,0.0980019,3496.00,3495.650237766653075195383082,342.957600,0.342957600,0.0000981,0,0.0343116750913333233329196558,0.0000193462588424566652529780,0,0.0981,True,True,SH_P90,permanent,run_e9c1423ed2dc13006c8f09c4
fill-permanent-00000490-1711065900000000000,permanent-00000490,ETHUSDT,futures,SELL,increase_perp,1711065900000000000,1711065840000000000,1711065840000000000,1711065840000000000,0,0,all_client,vwap,1711065900000000000,1711065900000000000,1711065840000000000,0.098,0.098,3497.01,3497.363405989159960332657839,342.70698,0.171353490,0,0,0.034633786937676112600468222,0.000359625558982344989208154,0,0.098,True,True,SH_P90,permanent,run_e9c1423ed2dc13006c8f09c4
fill-permanent-00000491-1712189040000000000,permanent-00000491,BTCUSDT,spot,BUY,increase_spot,1712189040000000000,1712188980000000000,1712188980000000000,1712188980000000000,0,0,all_client,vwap,1712189040000000000,1712189040000000000,1712188980000000000,0.00200,0.00199800,65860.41,65853.82417464663115720530046,131.7208200,0.1317208200,0.00000200,0,0.0131716507067376855893990800,8.858718083593579580200E-7,0,0.00200,True,True,SH_P90,permanent,run_e9c1423ed2dc13006c8f09c4
fill-permanent-00000492-1712189100000000000,permanent-00000492,BTCUSDT,futures,SELL,increase_perp,1712189100000000000,1712189040000000000,1712189040000000000,1712189040000000000,0,0,all_client,vwap,1712189100000000000,1712189100000000000,1712189040000000000,0.002,0.002,65963.2,65969.82762387058993672221550,131.9264,0.06596320,0,0,0.01325524774117987344443100,0.00006128221640575545708656,0,0.002,True,True,SH_P90,permanent,run_e9c1423ed2dc13006c8f09c4
fill-permanent-00000493-1712275440000000000,permanent-00000493,ETHUSDT,spot,BUY,increase_spot,1712275440000000000,1712275380000000000,1712275380000000000,1712275380000000000,0,0,all_client,vwap,1712275440000000000,1712275440000000000,1712275380000000000,0.0541,0.0540459,3320.64,3320.301966264734386621289639,179.646624,0.179646624,0.0000541,0,0.0182876250778696837882305301,0.0003247914403774707566093512,0,0.0541,True,True,SH_P90,permanent,run_e9c1423ed2dc13006c8f09c4
fill-permanent-00000494-1712275500000000000,permanent-00000494,ETHUSDT,futures,SELL,increase_perp,1712275500000000000,1712275440000000000,1712275440000000000,1712275440000000000,0,0,all_client,vwap,1712275500000000000,1712275500000000000,1712275440000000000,0.054,0.054,3320.78,3321.112990741017349156441145,179.32212,0.089661060,0,0,0.017981500014936854447821830,0.000047489864935360762377054,0,0.054,True,True,SH_P90,permanent,run_e9c1423ed2dc13006c8f09c4
fill-permanent-00000495-1712793840000000000,permanent-00000495,BTCUSDT,futures,BUY,reduce_perp,1712793840000000000,1712793780000000000,1712793780000000000,1712793780000000000,0,0,all_client,vwap,1712793840000000000,1712793840000000000,1712793780000000000,0.003,0.003,70511.5,70504.43543796233780401152214,211.5345,0.10576725,0,0,0.02119368611298658796543358,0.00004235548159788662423013,0,0.003,True,True,SH_P90,permanent,run_e9c1423ed2dc13006c8f09c4
fill-permanent-00000496-1712793900000000000,permanent-00000496,BTCUSDT,spot,SELL,reduce_spot,1712793900000000000,1712793840000000000,1712793840000000000,1712793840000000000,0,0,all_client,vwap,1712793900000000000,1712793900000000000,1712793840000000000,0.00300,0.00300,70424.80,70431.84454455599193038163565,211.2744000,0.2112744000,0,0,0.0211336336679757911449069500,0.0000040803046089935657924700,0,0.00300,True,True,SH_P90,permanent,run_e9c1423ed2dc13006c8f09c4
fill-permanent-00000497-1712880240000000000,permanent-00000497,ETHUSDT,futures,BUY,reduce_perp,1712880240000000000,1712880180000000000,1712880180000000000,1712880180000000000,0,0,all_client,vwap,1712880240000000000,1712880240000000000,1712880180000000000,0.050,0.050,3510.78,3510.421961376041396321087056,175.53900,0.087769500,0,0,0.017901931197930183945647200,0.000349821391049976964041750,0,0.050,True,True,SH_P90,permanent,run_e9c1423ed2dc13006c8f09c4
fill-permanent-00000498-1712880300000000000,permanent-00000498,ETHUSDT,spot,SELL,reduce_spot,1712880300000000000,1712880240000000000,1712880240000000000,1712880240000000000,0,0,all_client,vwap,1712880300000000000,1712880300000000000,1712880240000000000,0.0500,0.0500,3503.35,3503.706124429209689585837926,175.167500,0.175167500,0,0,0.0178062214604844792918963000,0.0002876908383384308439671000,0,0.0500,True,True,SH_P90,permanent,run_e9c1423ed2dc13006c8f09c4
fill-permanent-00000499-1713398640000000000,permanent-00000499,BTCUSDT,spot,BUY,increase_spot,1713398640000000000,1713398580000000000,1713398580000000000,1713398580000000000,0,0,all_client,vwap,1713398640000000000,1713398640000000000,1713398580000000000,0.00701,0.00700299,61342.64,61336.49907082422141297348530,430.0119064,0.4300119064,0.00000701,0,0.0430479135222078950558680470,0.0000510276735601158453736235,0,0.00701,True,True,SH_P90,permanent,run_e9c1423ed2dc13006c8f09c4
fill-permanent-00000500-1713398700000000000,permanent-00000500,BTCUSDT,futures,SELL,increase_perp,1713398700000000000,1713398640000000000,1713398640000000000,1713398640000000000,0,0,all_client,vwap,1713398700000000000,1713398700000000000,1713398640000000000,0.007,0.007,61362.0,61368.14066432797286188971091,429.5340,0.21476700,0,0,0.04298465029581003322797637,0.00002695183078045222465358,0,0.007,True,True,SH_P90,permanent,run_e9c1423ed2dc13006c8f09c4
fill-permanent-00000501-1713485040000000000,permanent-00000501,ETHUSDT,spot,BUY,increase_spot,1713485040000000000,1713484980000000000,1713484980000000000,1713484980000000000,0,0,all_client,vwap,1713485040000000000,1713485040000000000,1713484980000000000,0.1381,0.1379619,3061.25,3060.937199997788766380404048,422.758625,0.422758625,0.0001381,0,0.0431976803053713628662009712,0.0009261375734019000024876472,0,0.1381,True,True,SH_P90,permanent,run_e9c1423ed2dc13006c8f09c4
fill-permanent-00000502-1713485100000000000,permanent-00000502,ETHUSDT,futures,SELL,increase_perp,1713485100000000000,1713485040000000000,1713485040000000000,1713485040000000000,0,0,all_client,vwap,1713485100000000000,1713485100000000000,1713485040000000000,0.138,0.138,3058.89,3059.199743509716993187783228,422.12682,0.211063410,0,0,0.042744604340945059914085464,0.000527647880510965408094100,0,0.138,True,True,SH_P90,permanent,run_e9c1423ed2dc13006c8f09c4
fill-permanent-00000503-1714608240000000000,permanent-00000503,BTCUSDT,spot,BUY,increase_spot,1714608240000000000,1714608180000000000,1714608180000000000,1714608180000000000,0,0,all_client,vwap,1714608240000000000,1714608240000000000,1714608180000000000,0.00300,0.00299700,58497.93,58492.07138307685923319794796,175.4937900,0.1754937900,0.00000300,0,0.0175758507694223004061561200,0.0000282293544992426361967500,0,0.00300,True,True,SH_P90,permanent,run_e9c1423ed2dc13006c8f09c4
fill-permanent-00000504-1714608300000000000,permanent-00000504,BTCUSDT,futures,SELL,increase_perp,1714608300000000000,1714608240000000000,1714608240000000000,1714608240000000000,0,0,all_client,vwap,1714608300000000000,1714608300000000000,1714608240000000000,0.003,0.003,58507.9,58513.83272910898361411253011,175.5237,0.08776185,0,0,0.01779818732695084233759033,0.00024403750821814725335658,0,0.003,True,True,SH_P90,permanent,run_e9c1423ed2dc13006c8f09c4
fill-permanent-00000505-1715817840000000000,permanent-00000505,BTCUSDT,futures,BUY,reduce_perp,1715817840000000000,1715817780000000000,1715817780000000000,1715817780000000000,0,0,all_client,vwap,1715817840000000000,1715817840000000000,1715817780000000000,0.007,0.007,66342.0,66335.34320035478086497117405,464.3940,0.23219700,0,0,0.04659759751653394520178165,0.00016285727628559859630181,0,0.007,True,True,SH_P90,permanent,run_e9c1423ed2dc13006c8f09c4
fill-permanent-00000506-1715817900000000000,permanent-00000506,BTCUSDT,spot,SELL,reduce_spot,1715817900000000000,1715817840000000000,1715817840000000000,1715817840000000000,0,0,all_client,vwap,1715817900000000000,1715817900000000000,1715817840000000000,0.00700,0.00700,66393.82,66400.46657651767345306273725,464.7567400,0.4647567400,0,0,0.0465260356237141714391607500,0.0000457090201518000220168600,0,0.00700,True,True,SH_P90,permanent,run_e9c1423ed2dc13006c8f09c4
fill-permanent-00000507-1716509040000000000,permanent-00000507,ETHUSDT,futures,BUY,reduce_perp,1716509040000000000,1716508980000000000,1716508980000000000,1716508980000000000,0,0,all_client,vwap,1716509040000000000,1716509040000000000,1716508980000000000,0.201,0.201,3775.87,3775.485975209862372991695964,758.94987,0.379474935,0,0,0.077188982817663028669111236,0.001301714715944794971978066,0,0.201,True,True,SH_P90,permanent,run_e9c1423ed2dc13006c8f09c4
fill-permanent-00000508-1716509100000000000,permanent-00000508,ETHUSDT,spot,SELL,reduce_spot,1716509100000000000,1716509040000000000,1716509040000000000,1716509040000000000,0,0,all_client,vwap,1716509100000000000,1716509100000000000,1716509040000000000,0.2010,0.2010,3766.36,3766.745529781935210471216373,757.038360,0.757038360,0,0,0.0774914861689773047144909730,0.0017799010203604069840194510,0,0.2010,True,True,SH_P90,permanent,run_e9c1423ed2dc13006c8f09c4
fill-permanent-00000509-1717632240000000000,permanent-00000509,BTCUSDT,futures,BUY,reduce_perp,1717632240000000000,1717632180000000000,1717632180000000000,1717632180000000000,0,0,all_client,vwap,1717632240000000000,1717632240000000000,1717632180000000000,0.003,0.003,71150.9,71143.75287459486412365993518,213.4527,0.10672635,0,0,0.02144137621540762902019446,0.00009825035302916978309649,0,0.003,True,True,SH_P90,permanent,run_e9c1423ed2dc13006c8f09c4
fill-permanent-00000510-1717632300000000000,permanent-00000510,BTCUSDT,spot,SELL,reduce_spot,1717632300000000000,1717632240000000000,1717632240000000000,1717632240000000000,0,0,all_client,vwap,1717632300000000000,1717632300000000000,1717632240000000000,0.00300,0.00300,71129.34,71136.46292080269556990389563,213.3880200,0.2133880200,0,0,0.0213687624080867097116868900,0.0000278235318459010407157200,0,0.00300,True,True,SH_P90,permanent,run_e9c1423ed2dc13006c8f09c4
fill-permanent-00000511-1718237040000000000,permanent-00000511,BTCUSDT,spot,BUY,increase_spot,1718237040000000000,1718236980000000000,1718236980000000000,1718236980000000000,0,0,all_client,vwap,1718237040000000000,1718237040000000000,1718236980000000000,0.00201,0.00200799,68212.72,68205.89169492695699744263183,137.1075672,0.1371075672,0.00000201,0,0.0137248931968164351403100217,0.0000155089661361167838240591,0,0.00201,True,True,SH_P90,permanent,run_e9c1423ed2dc13006c8f09c4
fill-permanent-00000512-1718237100000000000,permanent-00000512,BTCUSDT,futures,SELL,increase_perp,1718237100000000000,1718237040000000000,1718237040000000000,1718237040000000000,0,0,all_client,vwap,1718237100000000000,1718237100000000000,1718237040000000000,0.002,0.002,68184.5,68191.40657028559854162446830,136.3690,0.06818450,0,0,0.01381314057119708324893660,0.00017485925713996354061170,0,0.002,True,True,SH_P90,permanent,run_e9c1423ed2dc13006c8f09c4
fill-permanent-00000513-1718323440000000000,permanent-00000513,ETHUSDT,spot,BUY,increase_spot,1718323440000000000,1718323380000000000,1718323380000000000,1718323380000000000,0,0,all_client,vwap,1718323440000000000,1718323440000000000,1718323380000000000,0.0791,0.0790209,3477.27,3476.920333554060931762336575,275.052057,0.275052057,0.0000791,0,0.0276586158737802975991769175,0.0001561760353676756289368081,0,0.0791,True,True,SH_P90,permanent,run_e9c1423ed2dc13006c8f09c4
fill-permanent-00000514-1718323500000000000,permanent-00000514,ETHUSDT,futures,SELL,increase_perp,1718323500000000000,1718323440000000000,1718323440000000000,1718323440000000000,0,0,all_client,vwap,1718323500000000000,1718323500000000000,1718323440000000000,0.079,0.079,3476.82,3477.168845852263816885498890,274.66878,0.137334390,0,0,0.027558822328841533954412310,0.000089188446608649801016860,0,0.079,True,True,SH_P90,permanent,run_e9c1423ed2dc13006c8f09c4
fill-permanent-00000515-1718841840000000000,permanent-00000515,BTCUSDT,spot,BUY,increase_spot,1718841840000000000,1718841780000000000,1718841780000000000,1718841780000000000,0,0,all_client,vwap,1718841840000000000,1718841840000000000,1718841780000000000,0.00200,0.00199800,64906.54,64900.04730269279187641122811,129.8130800,0.1298130800,0.00000200,0,0.0129853946144162471775437800,0.0000053851538776888022615400,0,0.00200,True,True,SH_P90,permanent,run_e9c1423ed2dc13006c8f09c4
fill-permanent-00000516-1718841900000000000,permanent-00000516,BTCUSDT,futures,SELL,increase_perp,1718841900000000000,1718841840000000000,1718841840000000000,1718841840000000000,0,0,all_client,vwap,1718841900000000000,1718841900000000000,1718841840000000000,0.002,0.002,64846.5,64853.04720742657129812813879,129.6930,0.06484650,0,0,0.01309441485314259625627758,0.00012380541165728199665196,0,0.002,True,True,SH_P90,permanent,run_e9c1423ed2dc13006c8f09c4
fill-permanent-00000517-1719446640000000000,permanent-00000517,BTCUSDT,spot,BUY,increase_spot,1719446640000000000,1719446580000000000,1719446580000000000,1719446580000000000,0,0,all_client,vwap,1719446640000000000,1719446640000000000,1719446580000000000,0.00400,0.00399600,60858.95,60852.85990001928910385294701,243.4358000,0.2434358000,0.00000400,0,0.0243603999228435845882119600,0.0000192559628358689466708000,0,0.00400,True,True,SH_P90,permanent,run_e9c1423ed2dc13006c8f09c4
fill-permanent-00000518-1719446700000000000,permanent-00000518,BTCUSDT,futures,SELL,increase_perp,1719446700000000000,1719446640000000000,1719446640000000000,1719446640000000000,0,0,all_client,vwap,1719446700000000000,1719446700000000000,1719446640000000000,0.004,0.004,60874.9,60881.04206046595412513510268,243.4996,0.12174980,0,0,0.02456824186381650054041072,0.00021582503963011889035668,0,0.004,True,True,SH_P90,permanent,run_e9c1423ed2dc13006c8f09c4
fill-permanent-00000519-1720137840000000000,permanent-00000519,ETHUSDT,spot,BUY,increase_spot,1720137840000000000,1720137780000000000,1720137780000000000,1720137780000000000,0,0,all_client,vwap,1720137840000000000,1720137840000000000,1720137780000000000,0.1331,0.1329669,3048.80,3048.491798625477208563864413,405.795280,0.405795280,0.0001331,0,0.0410216029489835401496466297,0.0004461771092784385036616531,0,0.1331,True,True,SH_P90,permanent,run_e9c1423ed2dc13006c8f09c4
fill-permanent-00000520-1720137900000000000,permanent-00000520,ETHUSDT,futures,SELL,increase_perp,1720137900000000000,1720137840000000000,1720137840000000000,1720137840000000000,0,0,all_client,vwap,1720137900000000000,1720137900000000000,1720137840000000000,0.133,0.133,3043.56,3043.868647947757734549176812,404.79348,0.202396740,0,0,0.041050177051778695040515996,0.000566724034073517171011902,0,0.133,True,True,SH_P90,permanent,run_e9c1423ed2dc13006c8f09c4
fill-permanent-00000521-1720656240000000000,permanent-00000521,BTCUSDT,spot,BUY,increase_spot,1720656240000000000,1720656180000000000,1720656180000000000,1720656180000000000,0,0,all_client,vwap,1720656240000000000,1720656240000000000,1720656180000000000,0.00301,0.00300699,57618.19,57612.41971235143234172078834,173.4307519,0.1734307519,0.00000301,0,0.0173685658221886514204270966,0.0000272274887708702855691358,0,0.00301,True,True,SH_P90,permanent,run_e9c1423ed2dc13006c8f09c4
fill-permanent-00000522-1720656300000000000,permanent-00000522,BTCUSDT,futures,SELL,increase_perp,1720656300000000000,1720656240000000000,1720656240000000000,1720656240000000000,0,0,all_client,vwap,1720656300000000000,1720656300000000000,1720656240000000000,0.003,0.003,57596.5,57602.26515067888287890495640,172.7895,0.08639475,0,0,0.01729545203664863671486920,0.00001477249144497185119770,0,0.003,True,True,SH_P90,permanent,run_e9c1423ed2dc13006c8f09c4
fill-permanent-00000523-1721261040000000000,permanent-00000523,BTCUSDT,futures,BUY,reduce_perp,1721261040000000000,1721260980000000000,1721260980000000000,1721260980000000000,0,0,all_client,vwap,1721261040000000000,1721261040000000000,1721260980000000000,0.006,0.006,64117.6,64111.11956462585034013605442,384.7056,0.19235280,0,0,0.03888261224489795918367348,0.00041594050612244897959182,0,0.006,True,True,SH_P90,permanent,run_e9c1423ed2dc13006c8f09c4
fill-permanent-00000524-1721261100000000000,permanent-00000524,BTCUSDT,spot,SELL,reduce_spot,1721261100000000000,1721261040000000000,1721261040000000000,1721261040000000000,0,0,all_client,vwap,1721261100000000000,1721261100000000000,1721261040000000000,0.00600,0.00600,64146.53,64152.95105341374051738745170,384.8791800,0.3848791800,0,0,0.0385263204824431043247102000,0.0000345498503948600142777000,0,0.00600,True,True,SH_P90,permanent,run_e9c1423ed2dc13006c8f09c4
fill-permanent-00000525-1721347440000000000,permanent-00000525,ETHUSDT,futures,BUY,reduce_perp,1721347440000000000,1721347380000000000,1721347380000000000,1721347380000000000,0,0,all_client,vwap,1721347440000000000,1721347440000000000,1721347380000000000,0.113,0.113,3418.85,3418.500683435962376447849935,386.33005,0.193165025,0,0,0.039472771736251461392957345,0.000843714013425086539096640,0,0.113,True,True,SH_P90,permanent,run_e9c1423ed2dc13006c8f09c4
fill-permanent-00000526-1721347500000000000,permanent-00000526,ETHUSDT,spot,SELL,reduce_spot,1721347500000000000,1721347440000000000,1721347440000000000,1721347440000000000,0,0,all_client,vwap,1721347500000000000,1721347500000000000,1721347440000000000,0.1130,0.1130,3415.21,3415.552297415503909393067349,385.918730,0.385918730,0,0,0.0386796079519417614166104370,0.0000838669911465672404687460,0,0.1130,True,True,SH_P90,permanent,run_e9c1423ed2dc13006c8f09c4
fill-permanent-00000527-1721952240000000000,permanent-00000527,ETHUSDT,spot,BUY,increase_spot,1721952240000000000,1721952180000000000,1721952180000000000,1721952180000000000,0,0,all_client,vwap,1721952240000000000,1721952240000000000,1721952180000000000,0.0761,0.0760239,3174.95,3174.631297533205161483332527,241.613695,0.241613695,0.0000761,0,0.0242532577230872111183946953,0.0000943135488595198395065540,0,0.0761,True,True,SH_P90,permanent,run_e9c1423ed2dc13006c8f09c4
fill-permanent-00000528-1721952300000000000,permanent-00000528,ETHUSDT,futures,SELL,increase_perp,1721952300000000000,1721952240000000000,1721952240000000000,1721952240000000000,0,0,all_client,vwap,1721952300000000000,1721952300000000000,1721952240000000000,0.076,0.076,3173.34,3173.665110741020534303962640,241.17384,0.120586920,0,0,0.024708416317560607101160640,0.000588561475928851040450544,0,0.076,True,True,SH_P90,permanent,run_e9c1423ed2dc13006c8f09c4
fill-permanent-00000529-1723075440000000000,permanent-00000529,BTCUSDT,spot,BUY,increase_spot,1723075440000000000,1723075380000000000,1723075380000000000,1723075380000000000,0,0,all_client,vwap,1723075440000000000,1723075440000000000,1723075380000000000,0.00900,0.00899100,55233.07,55227.54547656151871888383632,497.0976300,0.4970976300,0.00000900,0,0.0497207109463315300454731200,0.0000159200174261631984777000,0,0.00900,True,True,SH_P90,permanent,run_e9c1423ed2dc13006c8f09c4
fill-permanent-00000530-1723075500000000000,permanent-00000530,BTCUSDT,futures,SELL,increase_perp,1723075500000000000,1723075440000000000,1723075440000000000,1723075440000000000,0,0,all_client,vwap,1723075500000000000,1723075500000000000,1723075440000000000,0.009,0.009,55173.9,55179.49848517327617006073598,496.5651,0.24828255,0,0,0.05038636655948553054662382,0.00072481792282958199356919,0,0.009,True,True,SH_P90,permanent,run_e9c1423ed2dc13006c8f09c4
fill-permanent-00000531-1723161840000000000,permanent-00000531,ETHUSDT,spot,BUY,increase_spot,1723161840000000000,1723161780000000000,1723161780000000000,1723161780000000000,0,0,all_client,vwap,1723161840000000000,1723161840000000000,1723161780000000000,0.1021,0.1019979,2678.59,2678.315953233643293959956438,273.484039,0.273484039,0.0001021,0,0.0279801748450196866884476802,0.0006345689625041886571164886,0,0.1021,True,True,SH_P90,permanent,run_e9c1423ed2dc13006c8f09c4
fill-permanent-00000532-1723161900000000000,permanent-00000532,ETHUSDT,futures,SELL,increase_perp,1723161900000000000,1723161840000000000,1723161840000000000,1723161840000000000,0,0,all_client,vwap,1723161900000000000,1723161900000000000,1723161840000000000,0.102,0.102,2678.51,2678.787179753435553002518669,273.20802,0.136604010,0,0,0.028272334850426406256904238,0.000948705616941363616278534,0,0.102,True,True,SH_P90,permanent,run_e9c1423ed2dc13006c8f09c4
fill-permanent-00000533-1723680240000000000,permanent-00000533,BTCUSDT,futures,BUY,reduce_perp,1723680240000000000,1723680180000000000,1723680180000000000,1723680180000000000,0,0,all_client,vwap,1723680240000000000,1723680240000000000,1723680180000000000,0.004,0.004,58722.7,58716.79500922465584937792705,234.8908,0.11744540,0,0,0.02361996310137660248829180,0.00013324509768674014854064,0,0.004,True,True,SH_P90,permanent,run_e9c1423ed2dc13006c8f09c4
fill-permanent-00000534-1723680300000000000,permanent-00000534,BTCUSDT,spot,SELL,reduce_spot,1723680300000000000,1723680240000000000,1723680240000000000,1723680240000000000,0,0,all_client,vwap,1723680300000000000,1723680300000000000,1723680240000000000,0.00400,0.00400,58718.73,58724.60751132280326157847946,234.8749200,0.2348749200,0,0,0.0235100452912130463139178400,0.0000202022866839250092864400,0,0.00400,True,True,SH_P90,permanent,run_e9c1423ed2dc13006c8f09c4
fill-permanent-00000535-1723766640000000000,permanent-00000535,ETHUSDT,spot,BUY,increase_spot,1723766640000000000,1723766580000000000,1723766580000000000,1723766580000000000,0,0,all_client,vwap,1723766640000000000,1723766640000000000,1723766580000000000,0.0951,0.0950049,2570.17,2569.909501952693159394413782,244.423167,0.244423167,0.0000951,0,0.0247733642988805415912493318,0.0003335249353104296454084927,0,0.0951,True,True,SH_P90,permanent,run_e9c1423ed2dc13006c8f09c4
fill-permanent-00000536-1723766700000000000,permanent-00000536,ETHUSDT,futures,SELL,increase_perp,1723766700000000000,1723766640000000000,1723766640000000000,1723766640000000000,0,0,all_client,vwap,1723766700000000000,1723766700000000000,1723766640000000000,0.095,0.095,2569.47,2569.727561741377889756677176,244.09965,0.122049825,0,0,0.024468365430899526884331720,0.000055953594356436931643260,0,0.095,True,True,SH_P90,permanent,run_e9c1423ed2dc13006c8f09c4
fill-permanent-00000537-1727309040000000000,permanent-00000537,BTCUSDT,futures,BUY,reduce_perp,1727309040000000000,1727308980000000000,1727308980000000000,1727308980000000000,0,0,all_client,vwap,1727309040000000000,1727309040000000000,1727308980000000000,0.004,0.004,63120.9,63114.48987286452125546285260,252.4836,0.12624180,0,0,0.02564050854191497814858960,0.00039471259276916964640444,0,0.004,True,True,SH_P90,permanent,run_e9c1423ed2dc13006c8f09c4
fill-permanent-00000538-1727309100000000000,permanent-00000538,BTCUSDT,spot,SELL,reduce_spot,1727309100000000000,1727309040000000000,1727309040000000000,1727309040000000000,0,0,all_client,vwap,1727309100000000000,1727309100000000000,1727309040000000000,0.00400,0.00400,63141.37,63147.68946934178663567442312,252.5654800,0.2525654800,0,0,0.0252778773671465426976924800,0.0000188015794098280434227200,0,0.00400,True,True,SH_P90,permanent,run_e9c1423ed2dc13006c8f09c4
fill-permanent-00000539-1727913840000000000,permanent-00000539,BTCUSDT,spot,BUY,increase_spot,1727913840000000000,1727913780000000000,1727913780000000000,1727913780000000000,0,0,all_client,vwap,1727913840000000000,1727913840000000000,1727913780000000000,0.00201,0.00200799,60644.29,60638.21760255586708976504439,121.8950229,0.1218950229,0.00000201,0,0.0122055188627071495722607761,0.0000172371245934202872180111,0,0.00201,True,True,SH_P90,permanent,run_e9c1423ed2dc13006c8f09c4
fill-permanent-00000540-1727913900000000000,permanent-00000540,BTCUSDT,futures,SELL,increase_perp,1727913900000000000,1727913840000000000,1727913840000000000,1727913840000000000,0,0,all_client,vwap,1727913900000000000,1727913900000000000,1727913840000000000,0.002,0.002,60555.3,60561.37951528634036625460976,121.1106,0.06055530,0,0,0.01215903057268073250921952,0.00004675466962346443596860,0,0.002,True,True,SH_P90,permanent,run_e9c1423ed2dc13006c8f09c4
fill-permanent-00000541-1728000240000000000,permanent-00000541,ETHUSDT,spot,BUY,increase_spot,1728000240000000000,1728000180000000000,1728000180000000000,1728000180000000000,0,0,all_client,vwap,1728000240000000000,1728000240000000000,1728000180000000000,0.0591,0.0590409,2351.92,2351.678983763142120281127450,138.998472,0.138998472,0.0000591,0,0.0142440595983006913853677050,0.0003456368042605214545062267,0,0.0591,True,True,SH_P90,permanent,run_e9c1423ed2dc13006c8f09c4
fill-permanent-00000542-1728000300000000000,permanent-00000542,ETHUSDT,futures,SELL,increase_perp,1728000300000000000,1728000240000000000,1728000240000000000,1728000240000000000,0,0,all_client,vwap,1728000300000000000,1728000300000000000,1728000240000000000,0.059,0.059,2350.80,2351.035225423110353083949686,138.69720,0.069348600,0,0,0.013878299963510831953031474,0.000007192133514480869836169,0,0.059,True,True,SH_P90,permanent,run_e9c1423ed2dc13006c8f09c4
fill-permanent-00000543-1729123440000000000,permanent-00000543,BTCUSDT,futures,BUY,reduce_perp,1729123440000000000,1729123380000000000,1729123380000000000,1729123380000000000,0,0,all_client,vwap,1729123440000000000,1729123440000000000,1729123380000000000,0.005,0.005,67654.9,67648.13152605749006777284412,338.2745,0.16913725,0,0,0.03384236971254966113577940,0.00001830394952091610189300,0,0.005,True,True,SH_P90,permanent,run_e9c1423ed2dc13006c8f09c4
fill-permanent-00000544-1729123500000000000,permanent-00000544,BTCUSDT,spot,SELL,reduce_spot,1729123500000000000,1729123440000000000,1729123440000000000,1729123440000000000,0,0,all_client,vwap,1729123500000000000,1729123500000000000,1729123440000000000,0.00500,0.00500,67699.63,67706.40977000788134986028516,338.4981500,0.3384981500,0,0,0.0338988500394067493014258000,0.0000456451544028086264956500,0,0.00500,True,True,SH_P90,permanent,run_e9c1423ed2dc13006c8f09c4
fill-permanent-00000631-1730150100000000000,permanent-00000631,BTCUSDT,futures,BUY,close_perp,1730150100000000000,1730150040000000000,1730150040000000000,1730150040000000000,0,0,all_client,vwap,1730150100000000000,1730150100000000000,1730150040000000000,0.049,0.049,69656.1,69649.08051291478996231271257,3413.1489,1.70657445,0,0,0.34395486717529184667708407,0.00267437266200937586175184,0,0.049,True,True,SH_P90,permanent,run_e9c1423ed2dc13006c8f09c4
fill-permanent-00000632-1730150100000000000,permanent-00000632,ETHUSDT,futures,BUY,close_perp,1730150100000000000,1730150040000000000,1730150040000000000,1730150040000000000,0,0,all_client,vwap,1730150100000000000,1730150100000000000,1730150040000000000,1.302,1.302,2519.15,2518.895833778777899470325916,3279.93330,1.639966650,0,0,0.330924420031174889635657368,0.002964182473178007124620402,0,1.302,True,True,SH_P90,permanent,run_e9c1423ed2dc13006c8f09c4
fill-permanent-00000633-1730150160000000000,permanent-00000633,BTCUSDT,spot,SELL,close_spot,1730150160000000000,1730150100000000000,1730150100000000000,1730150100000000000,0,0,all_client,vwap,1730150160000000000,1730150160000000000,1730150100000000000,0.04900,0.04900,69640.89,69647.86267400484419364942410,3412.4036100,3.4124036100,0,0,0.3416610262373654888217809000,0.0003864991347417522728988400,0,0.04900,True,True,SH_P90,permanent,run_e9c1423ed2dc13006c8f09c4
fill-permanent-00000634-1730150160000000000,permanent-00000634,ETHUSDT,spot,SELL,close_spot,1730150160000000000,1730150100000000000,1730150100000000000,1730150100000000000,0,0,all_client,vwap,1730150160000000000,1730150160000000000,1730150100000000000,1.3020,1.3020,2518.19,2518.451494878316597604717424,3278.683380,3.278683380,0,0,0.3404663315682100813420860480,0.0125639469350532603339515040,0,1.3020,True,True,SH_P90,permanent,run_e9c1423ed2dc13006c8f09c4
fill-permanent-00000635-1730246520000000000,permanent-00000635,BTCUSDT,spot,BUY,open_spot,1730246520000000000,1730246460000000000,1730246460000000000,1730246460000000000,0,0,all_client,vwap,1730246520000000000,1730246520000000000,1730246460000000000,0.04504,0.04499496,72761.83,72754.55363298448388898331836,3277.1928232,3.2771928232,0.00004504,0,0.3277275703788456401913410656,0.0000410608158835247553602824,0,0.04504,True,True,SH_P90,permanent,run_e9c1423ed2dc13006c8f09c4
fill-permanent-00000636-1730246520000000000,permanent-00000636,ETHUSDT,spot,BUY,open_spot,1730246520000000000,1730246460000000000,1730246460000000000,1730246460000000000,0,0,all_client,vwap,1730246520000000000,1730246520000000000,1730246460000000000,1.2117,1.2104883,2639.12,2638.848801619814086143607891,3197.821704,3.197821704,0.0012117,0,0.3286110772712718197903184753,0.0088617679789989469722972516,0,1.2117,True,True,SH_P90,permanent,run_e9c1423ed2dc13006c8f09c4
fill-permanent-00000638-1730246580000000000,permanent-00000638,ETHUSDT,spot,SELL,close_spot,1730246580000000000,1730246520000000000,1730246520000000000,1730246520000000000,0,0,all_client,vwap,1730246580000000000,1730246580000000000,1730246520000000000,1.2105,1.2105,2636.35,2636.620964074915726295191830,3191.301675,3.191301675,0,0,0.3280020126854866803297102150,0.0088390449842181316616774655,0,1.2105,True,True,SH_P90,permanent,run_e9c1423ed2dc13006c8f09c4
fill-permanent-00000639-1730246640000000000,permanent-00000639,BTCUSDT,spot,SELL,close_spot,1730246640000000000,1730246580000000000,1730246580000000000,1730246580000000000,0,0,all_client,vwap,1730246640000000000,1730246640000000000,1730246580000000000,0.04500,0.04500,72602.35,72609.61869158334414145301608,3267.1057500,3.2671057500,0,0,0.3270911212504863653857236000,0.0003478371383613167491851000,0,0.04500,True,True,SH_P90,permanent,run_e9c1423ed2dc13006c8f09c4
fill-permanent-00000640-1730361720000000000,permanent-00000640,BTCUSDT,spot,BUY,open_spot,1730361720000000000,1730361660000000000,1730361660000000000,1730361660000000000,0,0,all_client,vwap,1730361720000000000,1730361720000000000,1730361660000000000,0.04605,0.04600395,72431.20,72423.95727452910036148619101,3335.4567600,3.3354567600,0.00004605,0,0.3335275079349283535609039895,0.0000151846857218463962600385,0,0.04605,True,True,SH_P90,permanent,run_e9c1423ed2dc13006c8f09c4
fill-permanent-00000641-1730361720000000000,permanent-00000641,ETHUSDT,spot,BUY,open_spot,1730361720000000000,1730361660000000000,1730361660000000000,1730361660000000000,0,0,all_client,vwap,1730361720000000000,1730361720000000000,1730361660000000000,1.2602,1.2589398,2645.58,2645.306062042883597269620889,3333.959916,3.333959916,0.0012602,0,0.3452166135580907208237556822,0.0118551436194465298958381698,0,1.2602,True,True,SH_P90,permanent,run_e9c1423ed2dc13006c8f09c4
fill-permanent-00000642-1730361780000000000,permanent-00000642,BTCUSDT,futures,SELL,open_perp,1730361780000000000,1730361720000000000,1730361720000000000,1730361720000000000,0,0,all_client,vwap,1730361780000000000,1730361780000000000,1730361720000000000,0.046,0.046,72382.5,72389.77728171158417692780256,3329.5950,1.66479750,0,0,0.33475495873287213867891776,0.00176198323699885146504988,0,0.046,True,True,SH_P90,permanent,run_e9c1423ed2dc13006c8f09c4
fill-permanent-00000643-1730361780000000000,permanent-00000643,ETHUSDT,futures,SELL,open_perp,1730361780000000000,1730361720000000000,1730361720000000000,1730361720000000000,0,0,all_client,vwap,1730361780000000000,1730361780000000000,1730361720000000000,1.259,1.259,2643.07,2643.338938432922501646157124,3327.62513,1.663812565,0,0,0.338593487049429572511819116,0.005797114700724629554567572,0,1.259,True,True,SH_P90,permanent,run_e9c1423ed2dc13006c8f09c4
fill-permanent-00000644-1730966640000000000,permanent-00000644,ETHUSDT,futures,BUY,reduce_perp,1730966640000000000,1730966580000000000,1730966580000000000,1730966580000000000,0,0,all_client,vwap,1730966640000000000,1730966640000000000,1730966580000000000,0.079,0.079,2823.29,2823.007464302464013853313612,223.03991,0.111519955,0,0,0.022320320105342905588224652,0.000018561137353439878783503,0,0.079,True,True,SH_P90,permanent,run_e9c1423ed2dc13006c8f09c4
fill-permanent-00000645-1730966700000000000,permanent-00000645,ETHUSDT,spot,SELL,reduce_spot,1730966700000000000,1730966640000000000,1730966640000000000,1730966640000000000,0,0,all_client,vwap,1730966700000000000,1730966700000000000,1730966640000000000,0.0790,0.0790,2817.84,2818.126492943217151971402952,222.609360,0.222609360,0,0,0.0226329425141550057408332080,0.0003697432199035902402591480,0,0.0790,True,True,SH_P90,permanent,run_e9c1423ed2dc13006c8f09c4
fill-permanent-00000646-1731402060000000000,permanent-00000646,ETHUSDT,futures,BUY,close_perp,1731402060000000000,1731402000000000000,1731402000000000000,1731402000000000000,0,0,all_client,vwap,1731402060000000000,1731402060000000000,1731402000000000000,1.180,1.180,3430.14,3429.789926830186373280784602,4047.56520,2.023782600,0,0,0.413086340380079528674169640,0.008371129014117536627037600,0,1.180,True,True,SH_P90,permanent,run_e9c1423ed2dc13006c8f09c4
fill-permanent-00000647-1731402120000000000,permanent-00000647,ETHUSDT,spot,SELL,close_spot,1731402120000000000,1731402060000000000,1731402060000000000,1731402060000000000,0,0,all_client,vwap,1731402120000000000,1731402120000000000,1731402060000000000,1.1800,1.1800,3426.29,3426.634874394721646308724184,4043.022200,4.043022200,0,0,0.4069517857715426442945371200,0.0026088705929654900301081600,0,1.1800,True,True,SH_P90,permanent,run_e9c1423ed2dc13006c8f09c4
fill-permanent-00000648-1731513720000000000,permanent-00000648,ETHUSDT,spot,BUY,open_spot,1731513720000000000,1731513660000000000,1731513660000000000,1731513660000000000,0,0,all_client,vwap,1731513720000000000,1731513720000000000,1731513660000000000,1.0070,1.0059930,3314.86,3314.525881296682873251293908,3338.064020,3.338064020,0.0010070,0,0.3364575342403466359470346440,0.0026847779937706706106297410,0,1.0070,True,True,SH_P90,permanent,run_e9c1423ed2dc13006c8f09c4
fill-permanent-00000649-1731513780000000000,permanent-00000649,ETHUSDT,futures,SELL,open_perp,1731513780000000000,1731513720000000000,1731513720000000000,1731513720000000000,0,0,all_client,vwap,1731513780000000000,1731513780000000000,1731513720000000000,1.006,1.006,3318.86,3319.198186526974638665326032,3338.77316,1.669386580,0,0,0.340215646136486497317988192,0.006304308571872848668255994,0,1.006,True,True,SH_P90,permanent,run_e9c1423ed2dc13006c8f09c4
fill-permanent-00000650-1731571440000000000,permanent-00000650,BTCUSDT,futures,BUY,reduce_perp,1731571440000000000,1731571380000000000,1731571380000000000,1731571380000000000,0,0,all_client,vwap,1731571440000000000,1731571440000000000,1731571380000000000,0.010,0.010,90998.9,90989.73201559694501049558480,909.9890,0.45499450,0,0,0.09167984403054989504415200,0.00069011201495295003365640,0,0.010,True,True,SH_P90,permanent,run_e9c1423ed2dc13006c8f09c4
fill-permanent-00000651-1731571500000000000,permanent-00000651,BTCUSDT,spot,SELL,reduce_spot,1731571500000000000,1731571440000000000,1731571440000000000,1731571440000000000,0,0,all_client,vwap,1731571500000000000,1731571500000000000,1731571440000000000,0.01000,0.01000,90941.05,90950.15231748517308320893395,909.4105000,0.9094105000,0,0,0.0910231748517308320893395000,0.0000730225342456590061306000,0,0.01000,True,True,SH_P90,permanent,run_e9c1423ed2dc13006c8f09c4
fill-permanent-00000652-1732108620000000000,permanent-00000652,BTCUSDT,futures,BUY,close_perp,1732108620000000000,1732108560000000000,1732108560000000000,1732108560000000000,0,0,all_client,vwap,1732108620000000000,1732108620000000000,1732108560000000000,0.036,0.036,94298.1,94288.64459608178693003771830,3394.7316,1.69736580,0,0,0.34039454105567051864214120,0.00095542050977608569400548,0,0.036,True,True,SH_P90,permanent,run_e9c1423ed2dc13006c8f09c4
fill-permanent-00000653-1732108680000000000,permanent-00000653,BTCUSDT,spot,SELL,close_spot,1732108680000000000,1732108620000000000,1732108620000000000,1732108620000000000,0,0,all_client,vwap,1732108680000000000,1732108680000000000,1732108620000000000,0.03600,0.03600,94127.70,94137.11820496201788789391890,3388.5972000,3.3885972000,0,0,0.3390553786326439641810804000,0.0001617530947806997846623600,0,0.03600,True,True,SH_P90,permanent,run_e9c1423ed2dc13006c8f09c4
fill-permanent-00000654-1732118640000000000,permanent-00000654,ETHUSDT,spot,BUY,increase_spot,1732118640000000000,1732118580000000000,1732118580000000000,1732118580000000000,0,0,all_client,vwap,1732118640000000000,1732118640000000000,1732118580000000000,0.0611,0.0610389,3127.89,3127.574935368982841618433797,191.114079,0.191114079,0.0000611,0,0.0192504489551483771136950033,0.0001409661000438919514063960,0,0.0611,True,True,SH_P90,permanent,run_e9c1423ed2dc13006c8f09c4
fill-permanent-00000655-1732118700000000000,permanent-00000655,ETHUSDT,futures,SELL,increase_perp,1732118700000000000,1732118640000000000,1732118640000000000,1732118640000000000,0,0,all_client,vwap,1732118700000000000,1732118700000000000,1732118640000000000,0.061,0.061,3135.28,3135.601221633441316470935988,191.25208,0.095626040,0,0,0.019594519639920304727095268,0.000467352187956312696622534,0,0.061,True,True,SH_P90,permanent,run_e9c1423ed2dc13006c8f09c4
fill-permanent-00000656-1732204980000000000,permanent-00000656,BTCUSDT,spot,BUY,open_spot,1732204980000000000,1732204860001000000,1732204860001000000,1732204860001000000,0,0,all_client,vwap,1732204980000000000,1732204980000000000,1732204920000000000,0.03403,0.03399597,96756.90,96747.21875823186442175458659,3292.6373070,3.2926373070,0.00003403,0,0.3294526573696537276914183423,0.0002218719353906930641874385,0,0.03403,True,True,SH_P90,permanent,run_e9c1423ed2dc13006c8f09c4
fill-permanent-00000657-1732205040000000000,permanent-00000657,BTCUSDT,futures,SELL,open_perp,1732205040000000000,1732204980000000000,1732204980000000000,1732204980000000000,0,0,all_client,vwap,1732205040000000000,1732205040000000000,1732204980000000000,0.034,0.034,96776.7,96786.46417384946134007303998,3290.4078,1.64520390,0,0,0.33198191088168556248335932,0.00290793269059739392711112,0,0.034,True,True,SH_P90,permanent,run_e9c1423ed2dc13006c8f09c4
fill-permanent-00000658-1732723440000000000,permanent-00000658,ETHUSDT,futures,BUY,reduce_perp,1732723440000000000,1732723380000000000,1732723380000000000,1732723380000000000,0,0,all_client,vwap,1732723440000000000,1732723440000000000,1732723380000000000,0.126,0.126,3551.18,3550.815545252655315991535580,447.44868,0.223724340,0,0,0.045921298165430185066516920,0.001181022295246728085023516,0,0.126,True,True,SH_P90,permanent,run_e9c1423ed2dc13006c8f09c4
fill-permanent-00000659-1732723500000000000,permanent-00000659,ETHUSDT,spot,SELL,reduce_spot,1732723500000000000,1732723440000000000,1732723440000000000,1732723440000000000,0,0,all_client,vwap,1732723500000000000,1732723500000000000,1732723440000000000,0.1260,0.1260,3543.46,3543.824106401271747151669484,446.475960,0.446475960,0,0,0.0458774065602401411103549840,0.0012252228195841170962439420,0,0.1260,True,True,SH_P90,permanent,run_e9c1423ed2dc13006c8f09c4
fill-permanent-00000660-1733328240000000000,permanent-00000660,ETHUSDT,futures,BUY,reduce_perp,1733328240000000000,1733328180000000000,1733328180000000000,1733328180000000000,0,0,all_client,vwap,1733328240000000000,1733328240000000000,1733328180000000000,0.064,0.064,3825.24,3824.853072916955463104454342,244.81536,0.122407680,0,0,0.024763333314850361314922112,0.000284273648181846351053632,0,0.064,True,True,SH_P90,permanent,run_e9c1423ed2dc13006c8f09c4
fill-permanent-00000661-1733328300000000000,permanent-00000661,ETHUSDT,spot,SELL,reduce_spot,1733328300000000000,1733328240000000000,1733328240000000000,1733328240000000000,0,0,all_client,vwap,1733328300000000000,1733328300000000000,1733328240000000000,0.0640,0.0640,3818.56,3818.947597171722668933772704,244.387840,0.244387840,0,0,0.0248062189902508117614530560,0.0003649543683517866802769280,0,0.0640,True,True,SH_P90,permanent,run_e9c1423ed2dc13006c8f09c4
fill-permanent-00000662-1735142640000000000,permanent-00000662,ETHUSDT,spot,BUY,increase_spot,1735142640000000000,1735142580000000000,1735142580000000000,1735142580000000000,0,0,all_client,vwap,1735142640000000000,1735142640000000000,1735142580000000000,0.0911,0.0910089,3475.56,3475.204794555422803354288330,316.623516,0.316623516,0.0000911,0,0.0323592160009826144243331370,0.0007001003225827126857755551,0,0.0911,True,True,SH_P90,permanent,run_e9c1423ed2dc13006c8f09c4
fill-permanent-00000663-1735142700000000000,permanent-00000663,ETHUSDT,futures,SELL,increase_perp,1735142700000000000,1735142640000000000,1735142640000000000,1735142640000000000,0,0,all_client,vwap,1735142700000000000,1735142700000000000,1735142640000000000,0.091,0.091,3470.43,3470.785175113180008977114304,315.80913,0.157904565,0,0,0.032320935299380816917401664,0.000736790205850878835709963,0,0.091,True,True,SH_P90,permanent,run_e9c1423ed2dc13006c8f09c4
fill-permanent-00000664-1737561840000000000,permanent-00000664,ETHUSDT,spot,BUY,increase_spot,1737561840000000000,1737561780000000000,1737561780000000000,1737561780000000000,0,0,all_client,vwap,1737561840000000000,1737561840000000000,1737561780000000000,0.0641,0.0640359,3275.79,3275.452656133318372290084311,209.978139,0.209978139,0.0000641,0,0.0216237418542923362055956649,0.0006280903284777654392162521,0,0.0641,True,True,SH_P90,permanent,run_e9c1423ed2dc13006c8f09c4
fill-permanent-00000665-1737561900000000000,permanent-00000665,ETHUSDT,futures,SELL,increase_perp,1737561900000000000,1737561840000000000,1737561840000000000,1737561840000000000,0,0,all_client,vwap,1737561900000000000,1737561900000000000,1737561840000000000,0.064,0.064,3271.92,3272.248150951904858455278300,209.40288,0.104701440,0,0,0.021001660921910941137811200,0.000059272755818750043697408,0,0.064,True,True,SH_P90,permanent,run_e9c1423ed2dc13006c8f09c4
fill-permanent-00000666-1737648300000000000,permanent-00000666,BTCUSDT,futures,BUY,reduce_perp,1737648300000000000,1737648240000000000,1737648240000000000,1737648240000000000,0,0,all_client,vwap,1737648300000000000,1737648300000000000,1737648240000000000,0.002,0.002,105453.7,105443.0722462396753727477847,210.9074,0.10545370,0,0,0.0212555075206492545044306,0.0001668930714013194298810,0,0.002,True,True,SH_P90,permanent,run_e9c1423ed2dc13006c8f09c4
fill-permanent-00000667-1737648360000000000,permanent-00000667,BTCUSDT,spot,SELL,reduce_spot,1737648360000000000,1737648300000000000,1737648300000000000,1737648300000000000,0,0,all_client,vwap,1737648360000000000,1737648360000000000,1737648300000000000,0.00200,0.00200,105406.07,105416.6164528354091183182703,210.8121400,0.2108121400,0,0,0.021092905670818236636540600,0.000009582380251154812877000,0,0.00200,True,True,SH_P90,permanent,run_e9c1423ed2dc13006c8f09c4
fill-permanent-00000668-1738166640000000000,permanent-00000668,ETHUSDT,spot,BUY,increase_spot,1738166640000000000,1738166580000000000,1738166580000000000,1738166580000000000,0,0,all_client,vwap,1738166640000000000,1738166640000000000,1738166580000000000,0.0590,0.0589410,3104.18,3103.868815545870055734480165,183.146620,0.183146620,0.0000590,0,0.0183598827936667116656702650,0.0000470567819460783368368330,0,0.0590,True,True,SH_P90,permanent,run_e9c1423ed2dc13006c8f09c4
fill-permanent-00000669-1738166700000000000,permanent-00000669,ETHUSDT,futures,SELL,increase_perp,1738166700000000000,1738166640000000000,1738166640000000000,1738166640000000000,0,0,all_client,vwap,1738166700000000000,1738166700000000000,1738166640000000000,0.059,0.059,3100.33,3100.645597518371931037089433,182.91947,0.091459735,0,0,0.018620253583943931188276547,0.000326444558585536795157716,0,0.059,True,True,SH_P90,permanent,run_e9c1423ed2dc13006c8f09c4
fill-permanent-00000670-1738771440000000000,permanent-00000670,ETHUSDT,spot,BUY,increase_spot,1738771440000000000,1738771380000000000,1738771380000000000,1738771380000000000,0,0,all_client,vwap,1738771440000000000,1738771440000000000,1738771380000000000,0.1332,0.1330668,2771.60,2771.321935382028278352052948,369.177120,0.369177120,0.0001332,0,0.0370382071138333235065473264,0.0001241989345447068388980204,0,0.1332,True,True,SH_P90,permanent,run_e9c1423ed2dc13006c8f09c4
fill-permanent-00000671-1738771500000000000,permanent-00000671,ETHUSDT,futures,SELL,increase_perp,1738771500000000000,1738771440000000000,1738771440000000000,1738771440000000000,0,0,all_client,vwap,1738771500000000000,1738771500000000000,1738771440000000000,0.133,0.133,2767.16,2767.443578531927400103165749,368.03228,0.184016140,0,0,0.037715944746344213721044617,0.000908945151869579299672456,0,0.133,True,True,SH_P90,permanent,run_e9c1423ed2dc13006c8f09c4
fill-permanent-00000672-1738857900000000000,permanent-00000672,BTCUSDT,spot,BUY,increase_spot,1738857900000000000,1738857840000000000,1738857840000000000,1738857840000000000,0,0,all_client,vwap,1738857900000000000,1738857900000000000,1738857840000000000,0.00200,0.00199800,97472.76,97463.00711024356710908566807,194.9455200,0.1949455200,0.00000200,0,0.0195057795128657818286638600,0.0000131780908170684068467200,0,0.00200,True,True,SH_P90,permanent,run_e9c1423ed2dc13006c8f09c4
fill-permanent-00000673-1738857960000000000,permanent-00000673,BTCUSDT,futures,SELL,increase_perp,1738857960000000000,1738857900000000000,1738857900000000000,1738857900000000000,0,0,all_client,vwap,1738857960000000000,1738857960000000000,1738857900000000000,0.002,0.002,97324.5,97334.23412328929412952001509,194.6490,0.09732450,0,0,0.01946824657858825904003018,0.00000139975393040021412618,0,0.002,True,True,SH_P90,permanent,run_e9c1423ed2dc13006c8f09c4
fill-permanent-00000674-1739376240000000000,permanent-00000674,ETHUSDT,spot,BUY,increase_spot,1739376240000000000,1739376180000000000,1739376180000000000,1739376180000000000,0,0,all_client,vwap,1739376240000000000,1739376240000000000,1739376180000000000,0.0750,0.0749250,2606.48,2606.212162579039246350734981,195.486000,0.195486000,0.0000750,0,0.0200878065720565236948764250,0.0005412153527137293472459500,0,0.0750,True,True,SH_P90,permanent,run_e9c1423ed2dc13006c8f09c4
fill-permanent-00000675-1739376300000000000,permanent-00000675,ETHUSDT,futures,SELL,increase_perp,1739376300000000000,1739376240000000000,1739376240000000000,1739376240000000000,0,0,all_client,vwap,1739376300000000000,1739376300000000000,1739376240000000000,0.075,0.075,2605.55,2605.817842999175087200427829,195.41625,0.097708125,0,0,0.020088224938131540032087175,0.000544591115637726878083950,0,0.075,True,True,SH_P90,permanent,run_e9c1423ed2dc13006c8f09c4
fill-permanent-00000676-1740585840000000000,permanent-00000676,ETHUSDT,spot,BUY,increase_spot,1740585840000000000,1740585780000000000,1740585780000000000,1740585780000000000,0,0,all_client,vwap,1740585840000000000,1740585840000000000,1740585780000000000,0.0291,0.0290709,2427.28,2427.032974476483057701856627,70.633848,0.070633848,0.0000291,0,0.0071884427343430208759721543,0.0001257767786164551780597417,0,0.0291,True,True,SH_P90,permanent,run_e9c1423ed2dc13006c8f09c4
fill-permanent-00000677-1740585900000000000,permanent-00000677,ETHUSDT,futures,SELL,increase_perp,1740585900000000000,1740585840000000000,1740585840000000000,1740585840000000000,0,0,all_client,vwap,1740585900000000000,1740585900000000000,1740585840000000000,0.029,0.029,2422.82,2423.066570984767451437300623,70.26178,0.035130890,0,0,0.007150558558256091681718067,0.000123665502400266072549897,0,0.029,True,True,SH_P90,permanent,run_e9c1423ed2dc13006c8f09c4
fill-permanent-00000678-1747929900000000000,permanent-00000678,BTCUSDT,futures,BUY,reduce_perp,1747929900000000000,1747929840000000000,1747929840000000000,1747929840000000000,0,0,all_client,vwap,1747929900000000000,1747929900000000000,1747929840000000000,0.004,0.004,111348.0,111336.8223975975137060446276,445.3920,0.22269600,0,0,0.0447104096099451758214896,0.0001756806509061703390716,0,0.004,True,True,SH_P90,permanent,run_e9c1423ed2dc13006c8f09c4
fill-permanent-00000679-1747929960000000000,permanent-00000679,BTCUSDT,spot,SELL,reduce_spot,1747929960000000000,1747929900000000000,1747929900000000000,1747929900000000000,0,0,all_client,vwap,1747929960000000000,1747929960000000000,1747929900000000000,0.00400,0.00400,111267.67,111278.8026644987289780665431,445.0706800,0.4450706800,0,0,0.044530657994915912266172400,0.000019136929116420674945600,0,0.00400,True,True,SH_P90,permanent,run_e9c1423ed2dc13006c8f09c4
fill-permanent-00000680-1748534700000000000,permanent-00000680,BTCUSDT,spot,BUY,increase_spot,1748534700000000000,1748534640000000000,1748534640000000000,1748534640000000000,0,0,all_client,vwap,1748534700000000000,1748534700000000000,1748534640000000000,0.00100,0.00099900,107129.73,107119.0098390034544122265257,107.1297300,0.1071297300,0.00000100,0,0.010720160996545587773474300,0.000008260012645242332251600,0,0.00100,True,True,SH_P90,permanent,run_e9c1423ed2dc13006c8f09c4
fill-permanent-00000681-1748534760000000000,permanent-00000681,BTCUSDT,futures,SELL,increase_perp,1748534760000000000,1748534700000000000,1748534700000000000,1748534700000000000,0,0,all_client,vwap,1748534760000000000,1748534760000000000,1748534700000000000,0.001,0.001,106880.1,106890.8887982501748032343080,106.8801,0.05344005,0,0,0.0107887982501748032343080,0.0000997093703497857539846,0,0.001,True,True,SH_P90,permanent,run_e9c1423ed2dc13006c8f09c4
fill-permanent-00000682-1749657840000000000,permanent-00000682,ETHUSDT,futures,BUY,reduce_perp,1749657840000000000,1749657780000000000,1749657780000000000,1749657780000000000,0,0,all_client,vwap,1749657840000000000,1749657840000000000,1749657780000000000,0.137,0.137,2861.01,2860.719254628708482389995845,391.95837,0.195979185,0,0,0.039832115866937912570569235,0.000640262078524606361826235,0,0.137,True,True,SH_P90,permanent,run_e9c1423ed2dc13006c8f09c4
fill-permanent-00000683-1749657900000000000,permanent-00000683,ETHUSDT,spot,SELL,reduce_spot,1749657900000000000,1749657840000000000,1749657840000000000,1749657840000000000,0,0,all_client,vwap,1749657900000000000,1749657900000000000,1749657840000000000,0.1370,0.1370,2854.89,2855.176317924372527639773495,391.119930,0.391119930,0,0,0.0392255556390362866489688150,0.0001096400834723830203039660,0,0.1370,True,True,SH_P90,permanent,run_e9c1423ed2dc13006c8f09c4
fill-permanent-00000684-1750262640000000000,permanent-00000684,ETHUSDT,spot,BUY,increase_spot,1750262640000000000,1750262580000000000,1750262580000000000,1750262580000000000,0,0,all_client,vwap,1750262640000000000,1750262640000000000,1750262580000000000,0.1691,0.1689309,2506.67,2506.418121370404519276420359,423.877897,0.423877897,0.0001691,0,0.0425926762645957903573172931,0.0002091458322222499363530309,0,0.1691,True,True,SH_P90,permanent,run_e9c1423ed2dc13006c8f09c4
fill-permanent-00000685-1750262700000000000,permanent-00000685,ETHUSDT,futures,SELL,increase_perp,1750262700000000000,1750262640000000000,1750262640000000000,1750262640000000000,0,0,all_client,vwap,1750262700000000000,1750262700000000000,1750262640000000000,0.169,0.169,2503.92,2504.175633557475528224585925,423.16248,0.211581240,0,0,0.043202071213364269955021325,0.000881503006242933528025754,0,0.169,True,True,SH_P90,permanent,run_e9c1423ed2dc13006c8f09c4
fill-permanent-00000686-1750349100000000000,permanent-00000686,BTCUSDT,spot,BUY,increase_spot,1750349100000000000,1750349040000000000,1750349040000000000,1750349040000000000,0,0,all_client,vwap,1750349100000000000,1750349100000000000,1750349040000000000,0.00101,0.00100899,104254.54,104244.1094699052956966312045,105.2970854,0.1052970854,0.00000101,0,0.010534835395651346402483455,0.000006180339190911537123724,0,0.00101,True,True,SH_P90,permanent,run_e9c1423ed2dc13006c8f09c4
fill-permanent-00000687-1750349160000000000,permanent-00000687,BTCUSDT,futures,SELL,increase_perp,1750349160000000000,1750349100000000000,1750349100000000000,1750349100000000000,0,0,all_client,vwap,1750349160000000000,1750349160000000000,1750349100000000000,0.001,0.001,104219.7,104230.1294129191156989922580,104.2197,0.05210985,0,0,0.0104294129191156989922580,0.0000063999778237874223588,0,0.001,True,True,SH_P90,permanent,run_e9c1423ed2dc13006c8f09c4
fill-permanent-00000688-1752077040000000000,permanent-00000688,ETHUSDT,futures,BUY,reduce_perp,1752077040000000000,1752076980000000000,1752076980000000000,1752076980000000000,0,0,all_client,vwap,1752077040000000000,1752077040000000000,1752076980000000000,0.075,0.075,2656.32,2656.052443648483675350466659,199.22400,0.099612000,0,0,0.020066726363724348715000575,0.000146333036360721149872050,0,0.075,True,True,SH_P90,permanent,run_e9c1423ed2dc13006c8f09c4
fill-permanent-00000689-1752077100000000000,permanent-00000689,ETHUSDT,spot,SELL,reduce_spot,1752077100000000000,1752077040000000000,1752077040000000000,1752077040000000000,0,0,all_client,vwap,1752077100000000000,1752077100000000000,1752077040000000000,0.0750,0.0750,2654.17,2654.444589929588118806077052,199.062750,0.199062750,0,0,0.0205942447191089104557789000,0.0006859102946369995647333000,0,0.0750,True,True,SH_P90,permanent,run_e9c1423ed2dc13006c8f09c4
fill-permanent-00000690-1752681840000000000,permanent-00000690,ETHUSDT,futures,BUY,reduce_perp,1752681840000000000,1752681780000000000,1752681780000000000,1752681780000000000,0,0,all_client,vwap,1752681840000000000,1752681840000000000,1752681780000000000,0.230,0.230,3240.05,3239.717079327251853663186601,745.21150,0.372605750,0,0,0.076571754732073657467081770,0.002058261907546864832828400,0,0.230,True,True,SH_P90,permanent,run_e9c1423ed2dc13006c8f09c4
fill-permanent-00000691-1752681900000000000,permanent-00000691,ETHUSDT,spot,SELL,reduce_spot,1752681900000000000,1752681840000000000,1752681840000000000,1752681840000000000,0,0,all_client,vwap,1752681900000000000,1752681900000000000,1752681840000000000,0.2300,0.2300,3233.87,3234.198686470999108476000239,743.790100,0.743790100,0,0,0.0755978883297949494800549700,0.0012113185409619699851069700,0,0.2300,True,True,SH_P90,permanent,run_e9c1423ed2dc13006c8f09c4
fill-permanent-00000692-1752768300000000000,permanent-00000692,BTCUSDT,futures,BUY,reduce_perp,1752768300000000000,1752768240000000000,1752768240000000000,1752768240000000000,0,0,all_client,vwap,1752768300000000000,1752768300000000000,1752768240000000000,0.004,0.004,118795.0,118783.0793246917483401833702,475.1800,0.23759000,0,0,0.0476827012330066392665192,0.0001694695031299399304460,0,0.004,True,True,SH_P90,permanent,run_e9c1423ed2dc13006c8f09c4
fill-permanent-00000693-1752768360000000000,permanent-00000693,BTCUSDT,spot,SELL,reduce_spot,1752768360000000000,1752768300000000000,1752768300000000000,1752768300000000000,0,0,all_client,vwap,1752768360000000000,1752768360000000000,1752768300000000000,0.00400,0.00400,118677.18,118689.0507691007790546490505,474.7087200,0.4747087200,0,0,0.047483076403116218596202000,0.000007456095475906974342400,0,0.00400,True,True,SH_P90,permanent,run_e9c1423ed2dc13006c8f09c4
fill-permanent-00000694-1753286640000000000,permanent-00000694,ETHUSDT,futures,BUY,reduce_perp,1753286640000000000,1753286580000000000,1753286580000000000,1753286580000000000,0,0,all_client,vwap,1753286640000000000,1753286640000000000,1753286580000000000,0.114,0.114,3636.38,3636.011562064631205561175674,414.54732,0.207273660,0,0,0.042001924632042566025973164,0.000551392824505770282575712,0,0.114,True,True,SH_P90,permanent,run_e9c1423ed2dc13006c8f09c4
fill-permanent-00000695-1753286700000000000,permanent-00000695,ETHUSDT,spot,SELL,reduce_spot,1753286700000000000,1753286640000000000,1753286640000000000,1753286640000000000,0,0,all_client,vwap,1753286700000000000,1753286700000000000,1753286640000000000,0.1140,0.1140,3628.88,3629.250709112748873942814691,413.692320,0.413692320,0,0,0.0422608388533716294808747740,0.0008873807694862923179267400,0,0.1140,True,True,SH_P90,permanent,run_e9c1423ed2dc13006c8f09c4
fill-permanent-00000696-1754675940000000000,permanent-00000696,ETHUSDT,futures,BUY,close_perp,1754675940000000000,1754675880000000000,1754675880000000000,1754675880000000000,0,0,all_client,vwap,1754675940000000000,1754675940000000000,1754675880000000000,0.941,0.941,4032.69,4032.279858101573818428962675,3794.76129,1.897380645,0,0,0.385943526419036858346122825,0.006505991771678762031957689,0,0.941,True,True,SH_P90,permanent,run_e9c1423ed2dc13006c8f09c4
fill-permanent-00000697-1754676000000000000,permanent-00000697,ETHUSDT,spot,SELL,close_spot,1754676000000000000,1754675940000000000,1754675940000000000,1754675940000000000,0,0,all_client,vwap,1754676000000000000,1754676000000000000,1754675940000000000,0.9410,0.9410,4029.52,4029.930322020360910487857476,3791.778320,3.791778320,0,0,0.3861130211596167690738849160,0.0068965778575008073969772900,0,0.9410,True,True,SH_P90,permanent,run_e9c1423ed2dc13006c8f09c4
fill-permanent-00000698-1755100980000000000,permanent-00000698,ETHUSDT,spot,BUY,open_spot,1755100980000000000,1755100860006000000,1755100860006000000,1755100860006000000,0,0,all_client,vwap,1755100980000000000,1755100980000000000,1755100920000000000,0.7348,0.7340652,4663.30,4662.826625227894731726418016,3426.592840,3.426592840,0.0007348,0,0.3478357825429511274280418432,0.0052112821212054225407845016,0,0.7348,True,True,SH_P90,permanent,run_e9c1423ed2dc13006c8f09c4
fill-permanent-00000699-1755101040000000000,permanent-00000699,ETHUSDT,futures,SELL,open_perp,1755101040000000000,1755100980000000000,1755100980000000000,1755100980000000000,0,0,all_client,vwap,1755101040000000000,1755101040000000000,1755100980000000000,0.734,0.734,4670.35,4670.818552220860690440110481,3428.03690,1.714018450,0,0,0.343917330111746783041093054,0.001079248378735608362788980,0,0.734,True,True,SH_P90,permanent,run_e9c1423ed2dc13006c8f09c4
fill-permanent-00000700-1755705900000000000,permanent-00000700,ETHUSDT,spot,BUY,increase_spot,1755705900000000000,1755705840000000000,1755705840000000000,1755705840000000000,0,0,all_client,vwap,1755705900000000000,1755705900000000000,1755705840000000000,0.0680,0.0679320,4279.26,4278.831422951153834563513637,290.989680,0.290989680,0.0000680,0,0.0291432393215392496810726840,0.0000471856454714036060408160,0,0.0680,True,True,SH_P90,permanent,run_e9c1423ed2dc13006c8f09c4
fill-permanent-00000701-1755705960000000000,permanent-00000701,ETHUSDT,futures,SELL,increase_perp,1755705960000000000,1755705900000000000,1755705900000000000,1755705900000000000,0,0,all_client,vwap,1755705960000000000,1755705960000000000,1755705900000000000,0.068,0.068,4277.05,4277.479180388188525280444326,290.83940,0.145419700,0,0,0.029184266396819719070214168,0.000097407970180037098307176,0,0.068,True,True,SH_P90,permanent,run_e9c1423ed2dc13006c8f09c4
fill-permanent-00000702-1755792300000000000,permanent-00000702,BTCUSDT,spot,BUY,increase_spot,1755792300000000000,1755792240000000000,1755792240000000000,1755792240000000000,0,0,all_client,vwap,1755792300000000000,1755792300000000000,1755792240000000000,0.00200,0.00199800,112755.18,112743.8993835910652920962199,225.5103600,0.2255103600,0.00000200,0,0.022561232817869415807560200,0.000012452941151202749141000,0,0.00200,True,True,SH_P90,permanent,run_e9c1423ed2dc13006c8f09c4
fill-permanent-00000703-1755792360000000000,permanent-00000703,BTCUSDT,futures,SELL,increase_perp,1755792360000000000,1755792300000000000,1755792300000000000,1755792300000000000,0,0,all_client,vwap,1755792360000000000,1755792360000000000,1755792300000000000,0.002,0.002,112686.5,112697.8660704796531953572927,225.3730,0.11268650,0,0,0.0227321409593063907145854,0.0001925677452104600755140,0,0.002,True,True,SH_P90,permanent,run_e9c1423ed2dc13006c8f09c4
fill-permanent-00000704-1756310700000000000,permanent-00000704,ETHUSDT,futures,BUY,reduce_perp,1756310700000000000,1756310640000000000,1756310640000000000,1756310640000000000,0,0,all_client,vwap,1756310700000000000,1756310700000000000,1756310640000000000,0.064,0.064,4643.38,4642.910208471029558367583291,297.17632,0.148588160,0,0,0.030066657854108264474669376,0.000352032519893675301116864,0,0.064,True,True,SH_P90,permanent,run_e9c1423ed2dc13006c8f09c4
fill-permanent-00000705-1756310760000000000,permanent-00000705,ETHUSDT,spot,SELL,reduce_spot,1756310760000000000,1756310700000000000,1756310700000000000,1756310700000000000,0,0,all_client,vwap,1756310760000000000,1756310760000000000,1756310700000000000,0.0640,0.0640,4634.25,4634.716258878584328203784040,296.592000,0.296592000,0,0,0.0298405682293970050421785600,0.0001783841725740653416743680,0,0.0640,True,True,SH_P90,permanent,run_e9c1423ed2dc13006c8f09c4
fill-permanent-00000706-1757520300000000000,permanent-00000706,ETHUSDT,spot,BUY,increase_spot,1757520300000000000,1757520240000000000,1757520240000000000,1757520240000000000,0,0,all_client,vwap,1757520300000000000,1757520300000000000,1757520240000000000,0.0421,0.0420579,4400.87,4400.423366665549202708732634,185.276627,0.185276627,0.0000421,0,0.0188032633803785659623561086,0.0002774810067166038189523553,0,0.0421,True,True,SH_P90,permanent,run_e9c1423ed2dc13006c8f09c4
fill-permanent-00000707-1757520360000000000,permanent-00000707,ETHUSDT,futures,SELL,increase_perp,1757520360000000000,1757520300000000000,1757520300000000000,1757520300000000000,0,0,all_client,vwap,1757520360000000000,1757520360000000000,1757520300000000000,0.042,0.042,4396.48,4396.927162623250614055058574,184.65216,0.092326080,0,0,0.018780830176525790312460108,0.000313736093508137733428856,0,0.042,True,True,SH_P90,permanent,run_e9c1423ed2dc13006c8f09c4
fill-permanent-00000708-1758729900000000000,permanent-00000708,ETHUSDT,spot,BUY,increase_spot,1758729900000000000,1758729840000000000,1758729840000000000,1758729840000000000,0,0,all_client,vwap,1758729900000000000,1758729900000000000,1758729840000000000,0.0450,0.0449550,4164.98,4164.555671814524175691549173,187.424100,0.187424100,0.0000450,0,0.0190947683464120938802872150,0.0003542678232467350896752400,0,0.0450,True,True,SH_P90,permanent,run_e9c1423ed2dc13006c8f09c4
fill-permanent-00000709-1758729960000000000,permanent-00000709,ETHUSDT,futures,SELL,increase_perp,1758729960000000000,1758729900000000000,1758729900000000000,1758729900000000000,0,0,all_client,vwap,1758729960000000000,1758729960000000000,1758729900000000000,0.045,0.045,4160.52,4160.944230150437859068427047,187.22340,0.093611700,0,0,0.019090356769703658079217115,0.000366107734026687713409180,0,0.045,True,True,SH_P90,permanent,run_e9c1423ed2dc13006c8f09c4
fill-permanent-00000710-1759939500000000000,permanent-00000710,ETHUSDT,futures,BUY,reduce_perp,1759939500000000000,1759939440000000000,1759939440000000000,1759939440000000000,0,0,all_client,vwap,1759939500000000000,1759939500000000000,1759939440000000000,0.051,0.051,4439.53,4439.084850628966476870090588,226.41603,0.113208015,0,0,0.022702617922709679625380012,0.000063285184501950593342553,0,0.051,True,True,SH_P90,permanent,run_e9c1423ed2dc13006c8f09c4
fill-permanent-00000711-1759939560000000000,permanent-00000711,ETHUSDT,spot,SELL,reduce_spot,1759939560000000000,1759939500000000000,1759939500000000000,1759939500000000000,0,0,all_client,vwap,1759939560000000000,1759939560000000000,1759939500000000000,0.0510,0.0510,4435.68,4436.126989901691014708248110,226.219680,0.226219680,0,0,0.0227964849862417501206536100,0.0001722373377431259456415350,0,0.0510,True,True,SH_P90,permanent,run_e9c1423ed2dc13006c8f09c4
fill-permanent-00000712-1760025900000000000,permanent-00000712,BTCUSDT,futures,BUY,reduce_perp,1760025900000000000,1760025840000000000,1760025840000000000,1760025840000000000,0,0,all_client,vwap,1760025900000000000,1760025900000000000,1760025840000000000,0.002,0.002,121312.0,121299.8403502649710682432378,242.6240,0.12131200,0,0,0.0243192994700578635135244,0.0000593314000048692998758,0,0.002,True,True,SH_P90,permanent,run_e9c1423ed2dc13006c8f09c4
fill-permanent-00000713-1760025960000000000,permanent-00000713,BTCUSDT,spot,SELL,reduce_spot,1760025960000000000,1760025900000000000,1760025900000000000,1760025900000000000,0,0,all_client,vwap,1760025960000000000,1760025960000000000,1760025900000000000,0.00200,0.00200,121234.15,121246.2776029062551491080244,242.4683000,0.2424683000,0,0,0.024255205812510298216048800,0.000005950291929047186227200,0,0.00200,True,True,SH_P90,permanent,run_e9c1423ed2dc13006c8f09c4
fill-permanent-00000714-1760544300000000000,permanent-00000714,ETHUSDT,spot,BUY,increase_spot,1760544300000000000,1760544240000000000,1760544240000000000,1760544240000000000,0,0,all_client,vwap,1760544300000000000,1760544300000000000,1760544240000000000,0.0891,0.0890109,3983.52,3983.112335325589360585433920,354.931632,0.354931632,0.0000891,0,0.0363229224899879718378377280,0.0008333915822369706350215467,0,0.0891,True,True,SH_P90,permanent,run_e9c1423ed2dc13006c8f09c4
fill-permanent-00000715-1760544360000000000,permanent-00000715,ETHUSDT,futures,SELL,increase_perp,1760544360000000000,1760544300000000000,1760544300000000000,1760544300000000000,0,0,all_client,vwap,1760544360000000000,1760544360000000000,1760544300000000000,0.089,0.089,3970.54,3970.940591370873556359517905,353.37806,0.176689030,0,0,0.035652632007746515997093545,0.000311260744545741345493817,0,0.089,True,True,SH_P90,permanent,run_e9c1423ed2dc13006c8f09c4
fill-permanent-00000716-1760630700000000000,permanent-00000716,BTCUSDT,spot,BUY,increase_spot,1760630700000000000,1760630640000000000,1760630640000000000,1760630640000000000,0,0,all_client,vwap,1760630700000000000,1760630700000000000,1760630640000000000,0.00300,0.00299700,108267.57,108256.7357052775937397202519,324.8027100,0.3248027100,0.00000300,0,0.032502884167218780839244300,0.000025863455635502717328300,0,0.00300,True,True,SH_P90,permanent,run_e9c1423ed2dc13006c8f09c4
fill-permanent-00000717-1760630760000000000,permanent-00000717,BTCUSDT,futures,SELL,increase_perp,1760630760000000000,1760630700000000000,1760630700000000000,1760630700000000000,0,0,all_client,vwap,1760630760000000000,1760630760000000000,1760630700000000000,0.003,0.003,108399.1,108410.0075106093922884074007,325.1973,0.16259865,0,0,0.0327225318281768652222021,0.0001995295749940475356800,0,0.003,True,True,SH_P90,permanent,run_e9c1423ed2dc13006c8f09c4
fill-permanent-00000718-1762358700000000000,permanent-00000718,ETHUSDT,spot,BUY,increase_spot,1762358700000000000,1762358640000000000,1762358640000000000,1762358640000000000,0,0,all_client,vwap,1762358700000000000,1762358700000000000,1762358640000000000,0.1522,0.1520478,3396.20,3395.851302650341980590088364,516.901640,0.516901640,0.0001522,0,0.0530717366179505541885509992,0.0013868797916123492439698294,0,0.1522,True,True,SH_P90,permanent,run_e9c1423ed2dc13006c8f09c4
fill-permanent-00000719-1762358760000000000,permanent-00000719,ETHUSDT,futures,SELL,increase_perp,1762358760000000000,1762358700000000000,1762358700000000000,1762358700000000000,0,0,all_client,vwap,1762358760000000000,1762358760000000000,1762358700000000000,0.152,0.152,3398.99,3399.330367900681779476964350,516.64648,0.258323240,0,0,0.051735920903630480498581200,0.000066099311540117450531408,0,0.152,True,True,SH_P90,permanent,run_e9c1423ed2dc13006c8f09c4
fill-permanent-00000720-1762445100000000000,permanent-00000720,BTCUSDT,spot,BUY,increase_spot,1762445100000000000,1762445040000000000,1762445040000000000,1762445040000000000,0,0,all_client,vwap,1762445100000000000,1762445100000000000,1762445040000000000,0.00100,0.00099900,102076.52,102066.3129912535571785089845,102.0765200,0.1020765200,0.00000100,0,0.010207008746442821491015500,3.77447317465773164600E-7,0,0.00100,True,True,SH_P90,permanent,run_e9c1423ed2dc13006c8f09c4
fill-permanent-00000721-1762445160000000000,permanent-00000721,BTCUSDT,futures,SELL,increase_perp,1762445160000000000,1762445100000000000,1762445100000000000,1762445100000000000,0,0,all_client,vwap,1762445160000000000,1762445160000000000,1762445100000000000,0.001,0.001,102193.2,102203.4364810209203137484386,102.1932,0.05109660,0,0,0.0102364810209203137484386,0.0000161373728182217170638,0,0.001,True,True,SH_P90,permanent,run_e9c1423ed2dc13006c8f09c4
fill-permanent-00000722-1763568300000000000,permanent-00000722,ETHUSDT,spot,BUY,increase_spot,1763568300000000000,1763568240000000000,1763568240000000000,1763568240000000000,0,0,all_client,vwap,1763568300000000000,1763568300000000000,1763568240000000000,0.0190,0.0189810,2980.21,2979.906163371950343063750555,56.623990,0.056623990,0.0000190,0,0.0057728959329434817887394550,0.0001110742225367761369183300,0,0.0190,True,True,SH_P90,permanent,run_e9c1423ed2dc13006c8f09c4
fill-permanent-00000723-1763568360000000000,permanent-00000723,ETHUSDT,futures,SELL,increase_perp,1763568360000000000,1763568300000000000,1763568300000000000,1763568300000000000,0,0,all_client,vwap,1763568360000000000,1763568360000000000,1763568300000000000,0.019,0.019,2968.83,2969.131780243893000364459061,56.40777,0.028203885,0,0,0.005733824633967006924722159,0.000092474251503610224029685,0,0.019,True,True,SH_P90,permanent,run_e9c1423ed2dc13006c8f09c4
fill-permanent-00000724-1767197100000000000,permanent-00000724,ETHUSDT,spot,BUY,increase_spot,1767197100000000000,1767197040000000000,1767197040000000000,1767197040000000000,0,0,all_client,vwap,1767197100000000000,1767197100000000000,1767197040000000000,0.0070,0.0069930,2983.75,2983.450050507451858859513895,20.886250,0.020886250,0.0000070,0,0.0020996464478369879834027350,0.0000112314124817716822010780,0,0.0070,True,True,SH_P90,permanent,run_e9c1423ed2dc13006c8f09c4
fill-permanent-00000725-1767197160000000000,permanent-00000725,ETHUSDT,futures,SELL,increase_perp,1767197160000000000,1767197100000000000,1767197100000000000,1767197100000000000,0,0,all_client,vwap,1767197160000000000,1767197160000000000,1767197100000000000,0.007,0.007,2980.18,2980.485847216831377700813105,20.86126,0.010430630,0,0,0.002140930517819643905691735,0.000054590424767861941301168,0,0.007,True,True,SH_P90,permanent,run_e9c1423ed2dc13006c8f09c4
fill-permanent-00000726-1783526700000000000,permanent-00000726,ETHUSDT,spot,BUY,increase_spot,1783526700000000000,1783526640000000000,1783526640000000000,1783526640000000000,0,0,all_client,vwap,1783526700000000000,1783526700000000000,1783526640000000000,0.0120,0.0119880,1723.90,1723.724098742133226582137148,20.686800,0.020686800,0.0000120,0,0.0021108150944012810143542240,0.0000423461759107211424556560,0,0.0120,True,True,SH_P90,permanent,run_e9c1423ed2dc13006c8f09c4
fill-permanent-00000727-1783526760000000000,permanent-00000727,ETHUSDT,futures,SELL,increase_perp,1783526760000000000,1783526700000000000,1783526700000000000,1783526700000000000,0,0,all_client,vwap,1783526760000000000,1783526760000000000,1783526700000000000,0.012,0.012,1725.89,1726.070075736714732503654750,20.71068,0.010355340,0,0,0.002160908840576790043857000,0.000089624749692732364852620,0,0.012,True,True,SH_P90,permanent,run_e9c1423ed2dc13006c8f09c4
fill-permanent-00000728-1787760300000000000,permanent-00000728,ETHUSDT,spot,BUY,increase_spot,1787760300000000000,1787760240000000000,1787760240000000000,1787760240000000000,0,0,all_client,vwap,1787760300000000000,1787760300000000000,1787760240000000000,0.0090,0.0089910,2450.21,2449.962187943282451807603407,22.051890,0.022051890,0.0000090,0,0.0022303085104579337315693370,0.0000253425413089795249424970,0,0.0090,True,True,SH_P90,permanent,run_e9c1423ed2dc13006c8f09c4
fill-permanent-00000729-1787760360000000000,permanent-00000729,ETHUSDT,futures,SELL,increase_perp,1787760360000000000,1787760300000000000,1787760300000000000,1787760300000000000,0,0,all_client,vwap,1787760360000000000,1787760360000000000,1787760300000000000,0.009,0.009,2450.72,2450.972159032232910341405126,22.05648,0.011028240,0,0,0.002269431290096193072646134,0.000063556346967183453338865,0,0.009,True,True,SH_P90,permanent,run_e9c1423ed2dc13006c8f09c4
fill-conditional-00000001-1673683380000000000,conditional-00000001,ETHUSDT,spot,BUY,open_spot,1673683380000000000,1673683260001000000,1673683260001000000,1673683260001000000,0,0,all_client,vwap,1673683380000000000,1673683380000000000,1673683320000000000,1.7207,1.7189793,1552.92,1552.758333687836923699204285,2672.109444,2.672109444,0.0017207,0,0.2781792233390053907791868005,0.0109960968613392913182654565,0,1.7207,True,True,SH_MAX,conditional,run_bcee3d348d6222b053ab15f3
fill-conditional-00000002-1673683440000000000,conditional-00000002,ETHUSDT,spot,SELL,close_spot,1673683440000000000,1673683380000000000,1673683380000000000,1673683380000000000,0,0,all_client,vwap,1673683440000000000,1673683440000000000,1673683380000000000,1.7189,1.7189,1530.70,1530.861161767567713650530267,2631.120230,2.631120230,0,0,0.2770209622721429938964759463,0.0138812371759157795970863446,0,1.7189,True,True,SH_MAX,conditional,run_bcee3d348d6222b053ab15f3
fill-conditional-00000003-1673798520000000000,conditional-00000003,ETHUSDT,spot,BUY,open_spot,1673798520000000000,1673798460000000000,1673798460000000000,1673798460000000000,0,0,all_client,vwap,1673798520000000000,1673798520000000000,1673798460000000000,1.9199,1.9179801,1556.25,1556.093388051792728390880380,2987.844375,2.987844375,0.0019199,0,0.3006792793631407623487584380,0.0019249097910770764249933868,0,1.9199,True,True,SH_MAX,conditional,run_bcee3d348d6222b053ab15f3
fill-conditional-00000004-1673798580000000000,conditional-00000004,ETHUSDT,futures,SELL,open_perp,1673798580000000000,1673798520000000000,1673798520000000000,1673798520000000000,0,0,all_client,vwap,1673798580000000000,1673798580000000000,1673798520000000000,1.918,1.918,1555.82,1555.982684372332775929769552,2984.06276,1.492031380,0,0,0.312028626134264233298000736,0.013591147271650806874670850,0,1.918,True,True,SH_MAX,conditional,run_bcee3d348d6222b053ab15f3
fill-conditional-00000005-1675613040000000000,conditional-00000005,ETHUSDT,futures,BUY,reduce_perp,1675613040000000000,1675612980000000000,1675612980000000000,1675612980000000000,0,0,all_client,vwap,1675613040000000000,1675613040000000000,1675612980000000000,0.097,0.097,1642.83,1642.656922630217239210941182,159.35451,0.079677255,0,0,0.016788504868927796538705346,0.000854732719414689318359228,0,0.097,True,True,SH_MAX,conditional,run_bcee3d348d6222b053ab15f3
fill-conditional-00000006-1675613100000000000,conditional-00000006,ETHUSDT,spot,SELL,reduce_spot,1675613100000000000,1675613040000000000,1675613040000000000,1675613040000000000,0,0,all_client,vwap,1675613100000000000,1675613100000000000,1675613040000000000,0.0970,0.0970,1619.69,1619.857532448566527543924148,157.109930,0.157109930,0,0,0.0162506475109531717606423560,0.0005380294462020764434663320,0,0.0970,True,True,SH_MAX,conditional,run_bcee3d348d6222b053ab15f3
fill-conditional-00000007-1676217840000000000,conditional-00000007,ETHUSDT,spot,BUY,increase_spot,1676217840000000000,1676217780000000000,1676217780000000000,1676217780000000000,0,0,all_client,vwap,1676217840000000000,1676217840000000000,1676217780000000000,0.1281,0.1279719,1535.74,1535.586057714768172412829384,196.728294,0.196728294,0.0001281,0,0.0197200067381971139165559096,0.0000491493388709336279475573,0,0.1281,True,True,SH_MAX,conditional,run_bcee3d348d6222b053ab15f3
fill-conditional-00000008-1676217900000000000,conditional-00000008,ETHUSDT,futures,SELL,increase_perp,1676217900000000000,1676217840000000000,1676217840000000000,1676217840000000000,0,0,all_client,vwap,1676217900000000000,1676217900000000000,1676217840000000000,0.128,0.128,1534.92,1535.074620909720650466725650,196.46976,0.098234880,0,0,0.019791476444243259740883200,0.000142521296598835414909056,0,0.128,True,True,SH_MAX,conditional,run_bcee3d348d6222b053ab15f3
fill-conditional-00000009-1676822640000000000,conditional-00000009,ETHUSDT,futures,BUY,reduce_perp,1676822640000000000,1676822580000000000,1676822580000000000,1676822580000000000,0,0,all_client,vwap,1676822640000000000,1676822640000000000,1676822580000000000,0.203,0.203,1713.99,1713.812925198172559027676711,347.93997,0.173969985,0,0,0.035946184770970517381627667,0.001155782389447614433365763,0,0.203,True,True,SH_MAX,conditional,run_bcee3d348d6222b053ab15f3
fill-conditional-00000010-1676822700000000000,conditional-00000010,ETHUSDT,spot,SELL,reduce_spot,1676822700000000000,1676822640000000000,1676822640000000000,1676822640000000000,0,0,all_client,vwap,1676822700000000000,1676822700000000000,1676822640000000000,0.2030,0.2030,1687.62,1687.794029961505664926585736,342.586860,0.342586860,0,0,0.0353280821856499800969044080,0.0010658633774314150988946310,0,0.2030,True,True,SH_MAX,conditional,run_bcee3d348d6222b053ab15f3
fill-conditional-00000011-1677427440000000000,conditional-00000011,ETHUSDT,spot,BUY,increase_spot,1677427440000000000,1677427380000000000,1677427380000000000,1677427380000000000,0,0,all_client,vwap,1677427440000000000,1677427440000000000,1677427380000000000,0.1191,0.1189809,1604.38,1604.212784001118802880917418,191.081658,0.191081658,0.0001191,0,0.0199154254667505768827355162,0.0008092512092972519404237590,0,0.1191,True,True,SH_MAX,conditional,run_bcee3d348d6222b053ab15f3
fill-conditional-00000012-1677427500000000000,conditional-00000012,ETHUSDT,futures,SELL,increase_perp,1677427500000000000,1677427440000000000,1677427440000000000,1677427440000000000,0,0,all_client,vwap,1677427500000000000,1677427500000000000,1677427440000000000,0.119,0.119,1603.55,1603.717639218026983742383859,190.82245,0.095411225,0,0,0.019949066945211065343679221,0.000864827038516544237144899,0,0.119,True,True,SH_MAX,conditional,run_bcee3d348d6222b053ab15f3
fill-conditional-00000013-1678637040000000000,conditional-00000013,ETHUSDT,spot,BUY,increase_spot,1678637040000000000,1678636980000000000,1678636980000000000,1678636980000000000,0,0,all_client,vwap,1678637040000000000,1678637040000000000,1678636980000000000,0.1922,0.1920078,1455.91,1455.764293450015635936954119,279.825902,0.279825902,0.0001922,0,0.0280047989069947729174183282,0.0000250091868854723947101492,0,0.1922,True,True,SH_MAX,conditional,run_bcee3d348d6222b053ab15f3
fill-conditional-00000014-1678637100000000000,conditional-00000014,ETHUSDT,futures,SELL,increase_perp,1678637100000000000,1678637040000000000,1678637040000000000,1678637040000000000,0,0,all_client,vwap,1678637100000000000,1678637100000000000,1678637040000000000,0.192,0.192,1454.26,1454.414614108942467151422375,279.21792,0.139608960,0,0,0.029685908916953693073096000,0.001761148326061997703788736,0,0.192,True,True,SH_MAX,conditional,run_bcee3d348d6222b053ab15f3
fill-conditional-00000015-1679241840000000000,conditional-00000015,ETHUSDT,futures,BUY,reduce_perp,1679241840000000000,1679241780000000000,1679241780000000000,1679241780000000000,0,0,all_client,vwap,1679241840000000000,1679241840000000000,1679241780000000000,0.390,0.390,1798.52,1798.335392624085477231166864,701.42280,0.350711400,0,0,0.071996876606663879844923040,0.001861796294324546232907410,0,0.390,True,True,SH_MAX,conditional,run_bcee3d348d6222b053ab15f3
fill-conditional-00000016-1679241900000000000,conditional-00000016,ETHUSDT,spot,SELL,reduce_spot,1679241900000000000,1679241840000000000,1679241840000000000,1679241840000000000,0,0,all_client,vwap,1679241900000000000,1679241900000000000,1679241840000000000,0.3900,0.3900,1773.40,1773.579256358305981161398248,691.626000,0.691626000,0,0,0.0699099797393326529453167200,0.0007403887413587196800221200,0,0.3900,True,True,SH_MAX,conditional,run_bcee3d348d6222b053ab15f3
fill-conditional-00000017-1679659200000000000,conditional-00000017,ETHUSDT,futures,BUY,close_perp,1679659200000000000,1679659140000000000,1679659140000000000,1679659140000000000,0,0,all_client,vwap,1679659200000000000,1679659200000000000,1679659140000000000,1.667,1.667,1746.83,1746.651222547725505012021826,2911.96561,1.455982805,0,0,0.298022012941583144959616058,0.006855254142877303274112324,0,1.667,True,True,SH_MAX,conditional,run_bcee3d348d6222b053ab15f3
fill-conditional-00000138-1679666460000000000,conditional-00000138,ETHUSDT,spot,SELL,close_spot,1679666460000000000,1679666400000000000,1679666400000000000,1679666400000000000,0,0,all_client,vwap,1679666460000000000,1679666460000000000,1679666400000000000,1.6670,1.6670,1745.40,1745.575970521694983783788777,2909.581800,2.909581800,0,0,0.2933428596655379675758912590,0.0023553453795714137791334660,0,1.6670,True,True,SH_MAX,conditional,run_bcee3d348d6222b053ab15f3
fill-conditional-00000139-1699545720000000000,conditional-00000139,ETHUSDT,spot,BUY,open_spot,1699545720000000000,1699545660000000000,1699545660000000000,1699545660000000000,0,0,all_client,vwap,1699545720000000000,1699545720000000000,1699545660000000000,1.4655,1.4640345,2043.90,2043.695045322639568844682304,2995.335450,2.995335450,0.0014655,0,0.3003610796717118581180834880,0.0008575707796790293038956340,0,1.4655,True,True,SH_MAX,conditional,run_bcee3d348d6222b053ab15f3
fill-conditional-00000140-1699545780000000000,conditional-00000140,ETHUSDT,futures,SELL,open_perp,1699545780000000000,1699545720000000000,1699545720000000000,1699545720000000000,0,0,all_client,vwap,1699545780000000000,1699545780000000000,1699545720000000000,1.464,1.464,2050.10,2050.309459218892824415927920,3001.34640,1.500673200,0,0,0.306648296459094944918474880,0.006482991629449035423982728,0,1.464,True,True,SH_MAX,conditional,run_bcee3d348d6222b053ab15f3
fill-conditional-00000141-1699804980000000000,conditional-00000141,BTCUSDT,spot,BUY,open_spot,1699804980000000000,1699804860001000000,1699804860001000000,1699804860001000000,0,0,all_client,vwap,1699804980000000000,1699804980000000000,1699804920000000000,0.08009,0.08000991,37184.70,37180.97354879750431555282896,2978.1226230,2.9781226230,0.00008009,0,0.2984514768078793673739285936,0.0006690596555601553106662184,0,0.08009,True,True,SH_MAX,conditional,run_bcee3d348d6222b053ab15f3
fill-conditional-00000142-1699805040000000000,conditional-00000142,BTCUSDT,futures,SELL,open_perp,1699805040000000000,1699804980000000000,1699804980000000000,1699804980000000000,0,0,all_client,vwap,1699805040000000000,1699805040000000000,1699804980000000000,0.080,0.080,37197.5,37201.26993074169907500658496,2975.8000,1.48790000,0,0,0.30159445933592600052679680,0.00398429988999240792674400,0,0.080,True,True,SH_MAX,conditional,run_bcee3d348d6222b053ab15f3
fill-conditional-00000143-1701619500000000000,conditional-00000143,BTCUSDT,futures,BUY,reduce_perp,1701619500000000000,1701619440000000000,1701619440000000000,1701619440000000000,0,0,all_client,vwap,1701619500000000000,1701619500000000000,1701619440000000000,0.005,0.005,39782.5,39778.46749106847562593358508,198.9125,0.09945625,0,0,0.02016254465762187033207460,0.00027331091208763251910780,0,0.005,True,True,SH_MAX,conditional,run_bcee3d348d6222b053ab15f3
fill-conditional-00000144-1701619560000000000,conditional-00000144,BTCUSDT,spot,SELL,reduce_spot,1701619560000000000,1701619500000000000,1701619500000000000,1701619500000000000,0,0,all_client,vwap,1701619560000000000,1701619560000000000,1701619500000000000,0.00500,0.00500,39532.79,39536.75067304136331211944809,197.6639500,0.1976639500,0,0,0.0198033652068165605972404500,0.0000349898702958789411807500,0,0.00500,True,True,SH_MAX,conditional,run_bcee3d348d6222b053ab15f3
fill-conditional-00000145-1701965040000000000,conditional-00000145,ETHUSDT,futures,BUY,reduce_perp,1701965040000000000,1701964980000000000,1701964980000000000,1701964980000000000,0,0,all_client,vwap,1701965040000000000,1701965040000000000,1701964980000000000,0.171,0.171,2330.45,2330.207680695270393532141219,398.50695,0.199253475,0,0,0.041436601108762706003851551,0.001590049768873582274451957,0,0.171,True,True,SH_MAX,conditional,run_bcee3d348d6222b053ab15f3
fill-conditional-00000146-1701965100000000000,conditional-00000146,ETHUSDT,spot,SELL,reduce_spot,1701965100000000000,1701965040000000000,1701965040000000000,1701965040000000000,0,0,all_client,vwap,1701965100000000000,1701965100000000000,1701965040000000000,0.1710,0.1710,2294.37,2294.604454948488717969734117,392.337270,0.392337270,0,0,0.0400917961915707728245340070,0.0008540600119516157472516240,0,0.1710,True,True,SH_MAX,conditional,run_bcee3d348d6222b053ab15f3
fill-conditional-00000147-1702224300000000000,conditional-00000147,BTCUSDT,futures,BUY,reduce_perp,1702224300000000000,1702224240000000000,1702224240000000000,1702224240000000000,0,0,all_client,vwap,1702224300000000000,1702224300000000000,1702224240000000000,0.007,0.007,43974.5,43970.04496247113163972286374,307.8215,0.15391075,0,0,0.03118526270207852193995382,0.00040623122834872979214779,0,0.007,True,True,SH_MAX,conditional,run_bcee3d348d6222b053ab15f3
fill-conditional-00000148-1702224360000000000,conditional-00000148,BTCUSDT,spot,SELL,reduce_spot,1702224360000000000,1702224300000000000,1702224300000000000,1702224300000000000,0,0,all_client,vwap,1702224360000000000,1702224360000000000,1702224300000000000,0.00700,0.00700,43682.86,43687.23558449215085692931140,305.7800200,0.3057800200,0,0,0.0306290914450559985051798000,0.0000480265359114929053292900,0,0.00700,True,True,SH_MAX,conditional,run_bcee3d348d6222b053ab15f3
fill-conditional-00000149-1702829100000000000,conditional-00000149,BTCUSDT,spot,BUY,increase_spot,1702829100000000000,1702829040000000000,1702829040000000000,1702829040000000000,0,0,all_client,vwap,1702829100000000000,1702829100000000000,1702829040000000000,0.00400,0.00399600,41785.52,41781.33439292270243771177070,167.1420800,0.1671420800,0.00000400,0,0.0167424283091902491529172000,0.0000298945520211681778324800,0,0.00400,True,True,SH_MAX,conditional,run_bcee3d348d6222b053ab15f3
fill-conditional-00000150-1702829160000000000,conditional-00000150,BTCUSDT,futures,SELL,increase_perp,1702829160000000000,1702829100000000000,1702829100000000000,1702829100000000000,0,0,all_client,vwap,1702829160000000000,1702829160000000000,1702829100000000000,0.004,0.004,41799.0,41803.18620419941896054178529,167.1960,0.08359800,0,0,0.01674481679767584216714116,0.00002354231599607458292444,0,0.004,True,True,SH_MAX,conditional,run_bcee3d348d6222b053ab15f3
fill-conditional-00000151-1704973620000000000,conditional-00000151,ETHUSDT,futures,BUY,close_perp,1704973620000000000,1704973560000000000,1704973560000000000,1704973560000000000,0,0,all_client,vwap,1704973620000000000,1704973620000000000,1704973560000000000,1.293,1.293,2658.73,2658.459326999301139059803325,3437.73789,1.718868945,0,0,0.349980189903627195674300775,0.006241398922617558393868635,0,1.293,True,True,SH_MAX,conditional,run_bcee3d348d6222b053ab15f3
fill-conditional-00000152-1704973680000000000,conditional-00000152,ETHUSDT,spot,SELL,close_spot,1704973680000000000,1704973620000000000,1704973620000000000,1704973620000000000,0,0,all_client,vwap,1704973680000000000,1704973680000000000,1704973620000000000,1.2930,1.2930,2619.66,2619.924422703159621705340987,3387.220380,3.387220380,0,0,0.3418985551853908650058961910,0.0031423273298723259193957290,0,1.2930,True,True,SH_MAX,conditional,run_bcee3d348d6222b053ab15f3
fill-conditional-00000153-1704984420000000000,conditional-00000153,BTCUSDT,futures,BUY,close_perp,1704984420000000000,1704984360000000000,1704984360000000000,1704984360000000000,0,0,all_client,vwap,1704984420000000000,1704984420000000000,1704984360000000000,0.072,0.072,48896.4,48891.49436562854609957076503,3520.5408,1.76027040,0,0,0.35320567474468083090491784,0.00118691531215529898800808,0,0.072,True,True,SH_MAX,conditional,run_bcee3d348d6222b053ab15f3
fill-conditional-00000154-1704984480000000000,conditional-00000154,BTCUSDT,spot,SELL,close_spot,1704984480000000000,1704984420000000000,1704984420000000000,1704984420000000000,0,0,all_client,vwap,1704984480000000000,1704984480000000000,1704984420000000000,0.07200,0.07200,48530.91,48535.76494343875413402238512,3494.2255200,3.4942255200,0,0,0.3495559275902976496117286400,0.0000984199975386198467673600,0,0.07200,True,True,SH_MAX,conditional,run_bcee3d348d6222b053ab15f3
fill-conditional-00000155-1708329720000000000,conditional-00000155,BTCUSDT,spot,BUY,open_spot,1708329720000000000,1708329660000000000,1708329660000000000,1708329660000000000,0,0,all_client,vwap,1708329720000000000,1708329720000000000,1708329660000000000,0.05706,0.05700294,52406.75,52401.50817748701836905329659,2990.3291550,2.9903291550,0.00005706,0,0.2990983925907318618188965746,0.0000953869299909350050784448,0,0.05706,True,True,SH_MAX,conditional,run_bcee3d348d6222b053ab15f3
fill-conditional-00000156-1708329780000000000,conditional-00000156,BTCUSDT,futures,SELL,open_perp,1708329780000000000,1708329720000000000,1708329720000000000,1708329720000000000,0,0,all_client,vwap,1708329780000000000,1708329780000000000,1708329720000000000,0.057,0.057,52373.9,52379.20386708988658823297468,2985.3123,1.49265615,0,0,0.30232042412353552927955676,0.00375896208112317572662866,0,0.057,True,True,SH_MAX,conditional,run_bcee3d348d6222b053ab15f3
fill-conditional-00000157-1708473720000000000,conditional-00000157,ETHUSDT,spot,BUY,open_spot,1708473720000000000,1708473660000000000,1708473660000000000,1708473660000000000,0,0,all_client,vwap,1708473720000000000,1708473720000000000,1708473660000000000,1.0010,0.9999990,3014.23,3013.924626145401329430226889,3017.244230,3.017244230,0.0010010,0,0.3056792284532692403428841110,0.0039853733761145672669180880,0,1.0010,True,True,SH_MAX,conditional,run_bcee3d348d6222b053ab15f3
fill-conditional-00000158-1708473780000000000,conditional-00000158,ETHUSDT,futures,SELL,open_perp,1708473780000000000,1708473720000000000,1708473720000000000,1708473720000000000,0,0,all_client,vwap,1708473780000000000,1708473780000000000,1708473720000000000,1.000,1.000,3013.74,3014.050258462601773325306416,3013.74000,1.506870000,0,0,0.310258462601773325306416000,0.008853436755513147973885000,0,1.000,True,True,SH_MAX,conditional,run_bcee3d348d6222b053ab15f3
fill-conditional-00000159-1709078640000000000,conditional-00000159,ETHUSDT,futures,BUY,reduce_perp,1709078640000000000,1709078580000000000,1709078580000000000,1709078580000000000,0,0,all_client,vwap,1709078640000000000,1709078640000000000,1709078580000000000,0.069,0.069,3245.89,3245.564135333415466789601904,223.96641,0.111983205,0,0,0.022484661994332791517468624,0.000090269460532224796620384,0,0.069,True,True,SH_MAX,conditional,run_bcee3d348d6222b053ab15f3
fill-conditional-00000160-1709078700000000000,conditional-00000160,ETHUSDT,spot,SELL,reduce_spot,1709078700000000000,1709078640000000000,1709078640000000000,1709078640000000000,0,0,all_client,vwap,1709078700000000000,1709078700000000000,1709078640000000000,0.0690,0.0690,3195.66,3195.985278409726527059896169,220.500540,0.220500540,0,0,0.0224442102711303671328356610,0.0003919118501032540961223510,0,0.0690,True,True,SH_MAX,conditional,run_bcee3d348d6222b053ab15f3
fill-conditional-00000161-1709539440000000000,conditional-00000161,BTCUSDT,futures,BUY,reduce_perp,1709539440000000000,1709539380000000000,1709539380000000000,1709539380000000000,0,0,all_client,vwap,1709539440000000000,1709539440000000000,1709539380000000000,0.010,0.010,64183.6,64177.09611097626098354289043,641.8360,0.32091800,0,0,0.06503889023739016457109570,0.00086179412641390358755280,0,0.010,True,True,SH_MAX,conditional,run_bcee3d348d6222b053ab15f3
fill-conditional-00000162-1709539500000000000,conditional-00000162,BTCUSDT,spot,SELL,reduce_spot,1709539500000000000,1709539440000000000,1709539440000000000,1709539440000000000,0,0,all_client,vwap,1709539500000000000,1709539500000000000,1709539440000000000,0.01000,0.01000,63753.56,63759.94535592632812186551175,637.5356000,0.6375356000,0,0,0.0638535592632812186551175000,0.0000936139073548905332520000,0,0.01000,True,True,SH_MAX,conditional,run_bcee3d348d6222b053ab15f3
fill-conditional-00000163-1709593440000000000,conditional-00000163,BTCUSDT,futures,BUY,close_perp,1709593440000000000,1709593380000000000,1709593380000000000,1709593380000000000,0,0,all_client,vwap,1709593440000000000,1709593440000000000,1709593380000000000,0.047,0.047,68159.2,68152.35731979527336006899583,3203.4824,1.60174120,0,0,0.32160596962215207675719599,0.00128989021911429196487169,0,0.047,True,True,SH_MAX,conditional,run_bcee3d348d6222b053ab15f3
fill-conditional-00000164-1709593500000000000,conditional-00000164,BTCUSDT,spot,SELL,close_spot,1709593500000000000,1709593440000000000,1709593440000000000,1709593440000000000,0,0,all_client,vwap,1709593500000000000,1709593500000000000,1709593440000000000,0.04700,0.04700,67728.79,67735.56757148398429941266792,3183.2531300,3.1832531300,0,0,0.3185458597472620723953922400,0.0001886921612873461881525500,0,0.04700,True,True,SH_MAX,conditional,run_bcee3d348d6222b053ab15f3
fill-conditional-00000165-1709683320000000000,conditional-00000165,BTCUSDT,spot,BUY,open_spot,1709683320000000000,1709683260000000000,1709683260000000000,1709683260000000000,0,0,all_client,vwap,1709683320000000000,1709683320000000000,1709683260000000000,0.04704,0.04699296,63778.85,63772.46923335380594369772334,3000.1571040,3.0001571040,0.00004704,0,0.3001512630369684084590940864,0.0001655677632721052999401056,0,0.04704,True,True,SH_MAX,conditional,run_bcee3d348d6222b053ab15f3
fill-conditional-00000166-1709683380000000000,conditional-00000166,BTCUSDT,futures,SELL,open_perp,1709683380000000000,1709683320000000000,1709683320000000000,1709683320000000000,0,0,all_client,vwap,1709683380000000000,1709683380000000000,1709683320000000000,0.047,0.047,63833.7,63840.16687275735953320674094,3000.1839,1.50009195,0,0,0.30394301959589806071682418,0.00389423529393847091075269,0,0.047,True,True,SH_MAX,conditional,run_bcee3d348d6222b053ab15f3
fill-conditional-00000167-1709683440000000000,conditional-00000167,ETHUSDT,futures,BUY,reduce_perp,1709683440000000000,1709683380000000000,1709683380000000000,1709683380000000000,0,0,all_client,vwap,1709683440000000000,1709683440000000000,1709683380000000000,0.082,0.082,3559.15,3558.789925376812643844655819,291.85030,0.145925150,0,0,0.029526119101363204738222842,0.000344041713273341058696630,0,0.082,True,True,SH_MAX,conditional,run_bcee3d348d6222b053ab15f3
fill-conditional-00000168-1709683500000000000,conditional-00000168,ETHUSDT,spot,SELL,reduce_spot,1709683500000000000,1709683440000000000,1709683440000000000,1709683440000000000,0,0,all_client,vwap,1709683500000000000,1709683500000000000,1709683440000000000,0.0820,0.0820,3502.77,3503.123346070528178814440350,287.227140,0.287227140,0,0,0.0289743777833106627841087000,0.0002487663455323317178302920,0,0.0820,True,True,SH_MAX,conditional,run_bcee3d348d6222b053ab15f3
fill-conditional-00000169-1709843400000000000,conditional-00000169,ETHUSDT,futures,BUY,close_perp,1709843400000000000,1709843340000000000,1709843340000000000,1709843340000000000,0,0,all_client,vwap,1709843400000000000,1709843400000000000,1709843340000000000,0.849,0.849,3909.76,3909.363891269567009770023343,3319.38624,1.659693120,0,0,0.336296312137608705250181793,0.004391317768822466120707095,0,0.849,True,True,SH_MAX,conditional,run_bcee3d348d6222b053ab15f3
fill-conditional-00000170-1709843460000000000,conditional-00000170,ETHUSDT,spot,SELL,close_spot,1709843460000000000,1709843400000000000,1709843400000000000,1709843400000000000,0,0,all_client,vwap,1709843460000000000,1709843460000000000,1709843400000000000,0.8490,0.8490,3849.14,3849.532419613671277773440041,3267.919860,3.267919860,0,0,0.3331642520069148296505948090,0.0063389495817141381676297530,0,0.8490,True,True,SH_MAX,conditional,run_bcee3d348d6222b053ab15f3
fill-conditional-00000171-1709942520000000000,conditional-00000171,ETHUSDT,spot,BUY,open_spot,1709942520000000000,1709942460000000000,1709942460000000000,1709942460000000000,0,0,all_client,vwap,1709942520000000000,1709942520000000000,1709942460000000000,0.7768,0.7760232,3882.77,3882.377548906263566033166238,3016.135736,3.016135736,0.0007768,0,0.3048560096144619054364663216,0.0032729216154233516270096760,0,0.7768,True,True,SH_MAX,conditional,run_bcee3d348d6222b053ab15f3
fill-conditional-00000172-1709942580000000000,conditional-00000172,ETHUSDT,futures,SELL,open_perp,1709942580000000000,1709942520000000000,1709942520000000000,1709942520000000000,0,0,all_client,vwap,1709942580000000000,1709942580000000000,1709942520000000000,0.776,0.776,3883.68,3884.073535415376854463323473,3013.73568,1.506867840,0,0,0.305383482332439063539015048,0.003979375984205819632661416,0,0.776,True,True,SH_MAX,conditional,run_bcee3d348d6222b053ab15f3
fill-conditional-00000173-1710288240000000000,conditional-00000173,BTCUSDT,futures,BUY,reduce_perp,1710288240000000000,1710288180000000000,1710288180000000000,1710288180000000000,0,0,all_client,vwap,1710288240000000000,1710288240000000000,1710288180000000000,0.005,0.005,71447.7,71440.50120316697299589990103,357.2385,0.17861925,0,0,0.03599398416513502050049485,0.00027373356355153400254490,0,0.005,True,True,SH_MAX,conditional,run_bcee3d348d6222b053ab15f3
fill-conditional-00000174-1710288300000000000,conditional-00000174,BTCUSDT,spot,SELL,reduce_spot,1710288300000000000,1710288240000000000,1710288240000000000,1710288240000000000,0,0,all_client,vwap,1710288300000000000,1710288300000000000,1710288240000000000,0.00500,0.00500,71004.78,71011.88259550734399542858764,355.0239000,0.3550239000,0,0,0.0355129775367199771429382000,0.0000070362389663051452239000,0,0.00500,True,True,SH_MAX,conditional,run_bcee3d348d6222b053ab15f3
fill-conditional-00000175-1710893040000000000,conditional-00000175,BTCUSDT,spot,BUY,increase_spot,1710893040000000000,1710892980000000000,1710892980000000000,1710892980000000000,0,0,all_client,vwap,1710893040000000000,1710893040000000000,1710892980000000000,0.00601,0.00600399,62169.59,62163.36617112731152589655661,373.6392359,0.3736392359,0.00000601,0,0.0374052115248577293616947739,0.0000450284560102151346309173,0,0.00601,True,True,SH_MAX,conditional,run_bcee3d348d6222b053ab15f3
fill-conditional-00000176-1710893100000000000,conditional-00000176,BTCUSDT,futures,SELL,increase_perp,1710893100000000000,1710893040000000000,1710893040000000000,1710893040000000000,0,0,all_client,vwap,1710893100000000000,1710893100000000000,1710893040000000000,0.006,0.006,62001.5,62007.70641880280395495128248,372.0090,0.18600450,0,0,0.03723851281682372970769488,0.00003388896554204733472410,0,0.006,True,True,SH_MAX,conditional,run_bcee3d348d6222b053ab15f3
fill-conditional-00000177-1711152240000000000,conditional-00000177,ETHUSDT,spot,BUY,increase_spot,1711152240000000000,1711152180000000000,1711152180000000000,1711152180000000000,0,0,all_client,vwap,1711152240000000000,1711152240000000000,1711152180000000000,0.1381,0.1379619,3329.15,3328.812754047367067992280892,459.755615,0.459755615,0.0001381,0,0.0465736660586079102660088148,0.0006027619252137710570354280,0,0.1381,True,True,SH_MAX,conditional,run_bcee3d348d6222b053ab15f3
fill-conditional-00000178-1711152300000000000,conditional-00000178,ETHUSDT,futures,SELL,increase_perp,1711152300000000000,1711152240000000000,1711152240000000000,1711152240000000000,0,0,all_client,vwap,1711152300000000000,1711152300000000000,1711152240000000000,0.138,0.138,3328.82,3329.152974392282164996982781,459.37716,0.229688580,0,0,0.045950466134938769583623778,0.000008155088325275706665454,0,0.138,True,True,SH_MAX,conditional,run_bcee3d348d6222b053ab15f3
fill-conditional-00000179-1711497840000000000,conditional-00000179,BTCUSDT,futures,BUY,reduce_perp,1711497840000000000,1711497780000000000,1711497780000000000,1711497780000000000,0,0,all_client,vwap,1711497840000000000,1711497840000000000,1711497780000000000,0.005,0.005,70075.5,70068.48867208208636169303121,350.3775,0.17518875,0,0,0.03505663958956819153484395,0.00002239525352714835399745,0,0.005,True,True,SH_MAX,conditional,run_bcee3d348d6222b053ab15f3
fill-conditional-00000180-1711497900000000000,conditional-00000180,BTCUSDT,spot,SELL,reduce_spot,1711497900000000000,1711497840000000000,1711497840000000000,1711497840000000000,0,0,all_client,vwap,1711497900000000000,1711497900000000000,1711497840000000000,0.00500,0.00500,69610.53,69617.49692283042324229203849,348.0526500,0.3480526500,0,0,0.0348346141521162114601924500,0.0000258656907009998390464500,0,0.00500,True,True,SH_MAX,conditional,run_bcee3d348d6222b053ab15f3
fill-conditional-00000181-1711757040000000000,conditional-00000181,ETHUSDT,futures,BUY,reduce_perp,1711757040000000000,1711756980000000000,1711756980000000000,1711756980000000000,0,0,all_client,vwap,1711757040000000000,1711757040000000000,1711756980000000000,0.045,0.045,3509.69,3509.338891579350989596441946,157.93605,0.078968025,0,0,0.015799878929205468160112430,0.000007853917098388706928450,0,0.045,True,True,SH_MAX,conditional,run_bcee3d348d6222b053ab15f3
fill-conditional-00000182-1711757100000000000,conditional-00000182,ETHUSDT,spot,SELL,reduce_spot,1711757100000000000,1711757040000000000,1711757040000000000,1711757040000000000,0,0,all_client,vwap,1711757100000000000,1711757100000000000,1711757040000000000,0.0450,0.0450,3455.99,3456.341574359321577335282373,155.519550,0.155519550,0,0,0.0158208461694709800877067850,0.0002673090848540329896980250,0,0.0450,True,True,SH_MAX,conditional,run_bcee3d348d6222b053ab15f3
fill-conditional-00000183-1712102640000000000,conditional-00000183,BTCUSDT,spot,BUY,increase_spot,1712102640000000000,1712102580000000000,1712102580000000000,1712102580000000000,0,0,all_client,vwap,1712102640000000000,1712102640000000000,1712102580000000000,0.00300,0.00299700,65545.73,65539.17353187580034468245498,196.6371900,0.1966371900,0.00000300,0,0.0196694043725989659526350600,0.0000076523130362258492303100,0,0.00300,True,True,SH_MAX,conditional,run_bcee3d348d6222b053ab15f3
fill-conditional-00000184-1712102700000000000,conditional-00000184,BTCUSDT,futures,SELL,increase_perp,1712102700000000000,1712102640000000000,1712102640000000000,1712102640000000000,0,0,all_client,vwap,1712102700000000000,1712102700000000000,1712102640000000000,0.003,0.003,65483.5,65490.10881398935226797894503,196.4505,0.09822525,0,0,0.01982644196805680393683509,0.00017940932385999825644142,0,0.003,True,True,SH_MAX,conditional,run_bcee3d348d6222b053ab15f3
fill-conditional-00000185-1712361840000000000,conditional-00000185,ETHUSDT,spot,BUY,increase_spot,1712361840000000000,1712361780000000000,1712361780000000000,1712361780000000000,0,0,all_client,vwap,1712361840000000000,1712361840000000000,1712361780000000000,0.0521,0.0520479,3314.71,3314.368764033551731980741459,172.696391,0.172696391,0.0000521,0,0.0177783938519547638033699861,0.0005105325913399592797503307,0,0.0521,True,True,SH_MAX,conditional,run_bcee3d348d6222b053ab15f3
fill-conditional-00000186-1712361900000000000,conditional-00000186,ETHUSDT,futures,SELL,increase_perp,1712361900000000000,1712361840000000000,1712361840000000000,1712361840000000000,0,0,all_client,vwap,1712361900000000000,1712361900000000000,1712361840000000000,0.052,0.052,3315.23,3315.570507220091096212310974,172.39196,0.086195980,0,0,0.017706375444737003040170648,0.000465408807192529339866636,0,0.052,True,True,SH_MAX,conditional,run_bcee3d348d6222b053ab15f3
fill-conditional-00000187-1713571440000000000,conditional-00000187,ETHUSDT,spot,BUY,increase_spot,1713571440000000000,1713571380000000000,1713571380000000000,1713571380000000000,0,0,all_client,vwap,1713571440000000000,1713571440000000000,1713571380000000000,0.0820,0.0819180,3052.62,3052.306619823708047997354751,250.314840,0.250314840,0.0000820,0,0.0256971744559400642169104180,0.0006682601733856582233321480,0,0.0820,True,True,SH_MAX,conditional,run_bcee3d348d6222b053ab15f3
fill-conditional-00000188-1713571500000000000,conditional-00000188,ETHUSDT,futures,SELL,increase_perp,1713571500000000000,1713571440000000000,1713571440000000000,1713571440000000000,0,0,all_client,vwap,1713571500000000000,1713571500000000000,1713571440000000000,0.082,0.082,3055.08,3055.388259295107083685966824,250.51656,0.125258280,0,0,0.025277262198780862249279568,0.000223078472560984163054614,0,0.082,True,True,SH_MAX,conditional,run_bcee3d348d6222b053ab15f3
fill-conditional-00000189-1714521840000000000,conditional-00000189,BTCUSDT,spot,BUY,increase_spot,1714521840000000000,1714521780000000000,1714521780000000000,1714521780000000000,0,0,all_client,vwap,1714521840000000000,1714521840000000000,1714521780000000000,0.00200,0.00199800,60701.08,60695.00952977092457218346017,121.4021600,0.1214021600,0.00000200,0,0.0121409404581508556330796600,0.0000019385521966707186429600,0,0.00200,True,True,SH_MAX,conditional,run_bcee3d348d6222b053ab15f3
fill-conditional-00000190-1714521900000000000,conditional-00000190,BTCUSDT,futures,SELL,increase_perp,1714521900000000000,1714521840000000000,1714521840000000000,1714521840000000000,0,0,all_client,vwap,1714521900000000000,1714521900000000000,1714521840000000000,0.002,0.002,60673.6,60679.76117220901578676976394,121.3472,0.06067360,0,0,0.01232234441803157353952788,0.00018639218358977038217392,0,0.002,True,True,SH_MAX,conditional,run_bcee3d348d6222b053ab15f3
fill-conditional-00000191-1716336240000000000,conditional-00000191,BTCUSDT,futures,BUY,reduce_perp,1716336240000000000,1716336180000000000,1716336180000000000,1716336180000000000,0,0,all_client,vwap,1716336240000000000,1716336240000000000,1716336180000000000,0.005,0.005,70161.5,70154.40497136131816398587681,350.8075,0.17540375,0,0,0.03547514319340918007061595,0.00039794070772852098862300,0,0.005,True,True,SH_MAX,conditional,run_bcee3d348d6222b053ab15f3
fill-conditional-00000192-1716336300000000000,conditional-00000192,BTCUSDT,spot,SELL,reduce_spot,1716336300000000000,1716336240000000000,1716336240000000000,1716336240000000000,0,0,all_client,vwap,1716336300000000000,1716336300000000000,1716336240000000000,0.00500,0.00500,69723.25,69730.22402482002210885177723,348.6162500,0.3486162500,0,0,0.0348701241001105442588861500,0.0000050120877005332044602500,0,0.00500,True,True,SH_MAX,conditional,run_bcee3d348d6222b053ab15f3
fill-conditional-00000193-1716595440000000000,conditional-00000193,ETHUSDT,futures,BUY,reduce_perp,1716595440000000000,1716595380000000000,1716595380000000000,1716595380000000000,0,0,all_client,vwap,1716595440000000000,1716595440000000000,1716595380000000000,0.178,0.178,3721.53,3721.147969017019949717670971,662.43234,0.331216170,0,0,0.068001514970448950254567162,0.001765081121945995149592636,0,0.178,True,True,SH_MAX,conditional,run_bcee3d348d6222b053ab15f3
fill-conditional-00000194-1716595500000000000,conditional-00000194,ETHUSDT,spot,SELL,reduce_spot,1716595500000000000,1716595440000000000,1716595440000000000,1716595440000000000,0,0,all_client,vwap,1716595500000000000,1716595500000000000,1716595440000000000,0.1780,0.1780,3667.50,3667.868396177833087369688812,652.815000,0.652815000,0,0,0.0655745196542895518046085360,0.0002864622023241228494280540,0,0.1780,True,True,SH_MAX,conditional,run_bcee3d348d6222b053ab15f3
fill-conditional-00000195-1718150640000000000,conditional-00000195,BTCUSDT,spot,BUY,increase_spot,1718150640000000000,1718150580000000000,1718150580000000000,1718150580000000000,0,0,all_client,vwap,1718150640000000000,1718150640000000000,1718150580000000000,0.00201,0.00200799,67344.18,67337.44100561517606509966713,135.3618018,0.1353618018,0.00000201,0,0.0135453787134961091496690687,0.0000105530713674587605840290,0,0.00201,True,True,SH_MAX,conditional,run_bcee3d348d6222b053ab15f3
fill-conditional-00000196-1718150700000000000,conditional-00000196,BTCUSDT,futures,SELL,increase_perp,1718150700000000000,1718150640000000000,1718150640000000000,1718150640000000000,0,0,all_client,vwap,1718150700000000000,1718150700000000000,1718150640000000000,0.002,0.002,67358.5,67365.31867229992229992229992,134.7170,0.06735850,0,0,0.01363734459984459984459984,0.00016428086538461538461538,0,0.002,True,True,SH_MAX,conditional,run_bcee3d348d6222b053ab15f3
fill-conditional-00000197-1718409840000000000,conditional-00000197,ETHUSDT,spot,BUY,increase_spot,1718409840000000000,1718409780000000000,1718409780000000000,1718409780000000000,0,0,all_client,vwap,1718409840000000000,1718409840000000000,1718409780000000000,0.0601,0.0600399,3482.27,3481.916105472928089710534908,209.284427,0.209284427,0.0000601,0,0.0212690610770218083968520292,0.0003427452831295105776917439,0,0.0601,True,True,SH_MAX,conditional,run_bcee3d348d6222b053ab15f3
fill-conditional-00000198-1718409900000000000,conditional-00000198,ETHUSDT,futures,SELL,increase_perp,1718409900000000000,1718409840000000000,1718409840000000000,1718409840000000000,0,0,all_client,vwap,1718409900000000000,1718409900000000000,1718409840000000000,0.060,0.060,3481.80,3482.152547428499519981164589,208.90800,0.104454000,0,0,0.021152845709971198869875340,0.000259930425400201749988380,0,0.060,True,True,SH_MAX,conditional,run_bcee3d348d6222b053ab15f3
fill-conditional-00000199-1718755440000000000,conditional-00000199,BTCUSDT,spot,BUY,increase_spot,1718755440000000000,1718755380000000000,1718755380000000000,1718755380000000000,0,0,all_client,vwap,1718755440000000000,1718755440000000000,1718755380000000000,0.00200,0.00199800,65116.55,65110.03601212548066951275742,130.2331000,0.1302331000,0.00000200,0,0.0130279757490386609744851600,0.0000059685466135648405826000,0,0.00200,True,True,SH_MAX,conditional,run_bcee3d348d6222b053ab15f3
fill-conditional-00000200-1718755500000000000,conditional-00000200,BTCUSDT,futures,SELL,increase_perp,1718755500000000000,1718755440000000000,1718755440000000000,1718755440000000000,0,0,all_client,vwap,1718755500000000000,1718755500000000000,1718755440000000000,0.002,0.002,65131.3,65137.91374116873870420066816,130.2626,0.06513130,0,0,0.01322748233747740840133632,0.00019989958924366066049618,0,0.002,True,True,SH_MAX,conditional,run_bcee3d348d6222b053ab15f3
fill-conditional-00000201-1719360240000000000,conditional-00000201,BTCUSDT,spot,BUY,increase_spot,1719360240000000000,1719360180000000000,1719360180000000000,1719360180000000000,0,0,all_client,vwap,1719360240000000000,1719360240000000000,1719360180000000000,0.00300,0.00299700,61755.23,61749.05336802736181505418481,185.2656900,0.1852656900,0.00000300,0,0.0185298959179145548374455700,0.0000051799075063462929293100,0,0.00300,True,True,SH_MAX,conditional,run_bcee3d348d6222b053ab15f3
fill-conditional-00000202-1719360300000000000,conditional-00000202,BTCUSDT,futures,SELL,increase_perp,1719360300000000000,1719360240000000000,1719360240000000000,1719360240000000000,0,0,all_client,vwap,1719360300000000000,1719360300000000000,1719360240000000000,0.003,0.003,61721.1,61727.28298844485647121146906,185.1633,0.09258165,0,0,0.01854896533456941363440718,0.00003078043803595669304373,0,0.003,True,True,SH_MAX,conditional,run_bcee3d348d6222b053ab15f3
fill-conditional-00000203-1720224240000000000,conditional-00000203,ETHUSDT,spot,BUY,increase_spot,1720224240000000000,1720224180000000000,1720224180000000000,1720224180000000000,0,0,all_client,vwap,1720224240000000000,1720224240000000000,1720224180000000000,0.1391,0.1389609,2979.42,2979.116271985036451114942140,414.437322,0.414437322,0.0001391,0,0.0422485668814296499115483260,0.0008090595381177928765395106,0,0.1391,True,True,SH_MAX,conditional,run_bcee3d348d6222b053ab15f3
fill-conditional-00000204-1720224300000000000,conditional-00000204,ETHUSDT,futures,SELL,increase_perp,1720224300000000000,1720224240000000000,1720224240000000000,1720224240000000000,0,0,all_client,vwap,1720224300000000000,1720224300000000000,1720224240000000000,0.139,0.139,2975.81,2976.110444954187114406436401,413.63759,0.206818795,0,0,0.041761848632008902494659739,0.000393913447145701604410223,0,0.139,True,True,SH_MAX,conditional,run_bcee3d348d6222b053ab15f3
fill-conditional-00000205-1721433840000000000,conditional-00000205,ETHUSDT,futures,BUY,reduce_perp,1721433840000000000,1721433780000000000,1721433780000000000,1721433780000000000,0,0,all_client,vwap,1721433840000000000,1721433840000000000,1721433780000000000,0.140,0.140,3502.57,3502.219070824627046989649643,490.35980,0.245179900,0,0,0.049130084552213421449049980,0.000099017560668642791194880,0,0.140,True,True,SH_MAX,conditional,run_bcee3d348d6222b053ab15f3
fill-conditional-00000206-1721433900000000000,conditional-00000206,ETHUSDT,spot,SELL,reduce_spot,1721433900000000000,1721433840000000000,1721433840000000000,1721433840000000000,0,0,all_client,vwap,1721433900000000000,1721433900000000000,1721433840000000000,0.1400,0.1400,3452.81,3453.156654436557547436901838,483.393400,0.483393400,0,0,0.0485316211180566411662573200,0.0001874279559448355021407200,0,0.1400,True,True,SH_MAX,conditional,run_bcee3d348d6222b053ab15f3
fill-conditional-00000207-1721779440000000000,conditional-00000207,BTCUSDT,futures,BUY,reduce_perp,1721779440000000000,1721779380000000000,1721779380000000000,1721779380000000000,0,0,all_client,vwap,1721779440000000000,1721779440000000000,1721779380000000000,0.004,0.004,65936.2,65929.56852049530315969257045,263.7448,0.13187240,0,0,0.02652591801878736122971820,0.00015409061058923996584116,0,0.004,True,True,SH_MAX,conditional,run_bcee3d348d6222b053ab15f3
fill-conditional-00000208-1721779500000000000,conditional-00000208,BTCUSDT,spot,SELL,reduce_spot,1721779500000000000,1721779440000000000,1721779440000000000,1721779440000000000,0,0,all_client,vwap,1721779500000000000,1721779500000000000,1721779440000000000,0.00400,0.00400,65607.59,65614.15723779131895898195866,262.4303600,0.2624303600,0,0,0.0262689511652758359278346400,0.0000232882701593083442418400,0,0.00400,True,True,SH_MAX,conditional,run_bcee3d348d6222b053ab15f3
fill-conditional-00000209-1722038640000000000,conditional-00000209,ETHUSDT,spot,BUY,increase_spot,1722038640000000000,1722038580000000000,1722038580000000000,1722038580000000000,0,0,all_client,vwap,1722038640000000000,1722038640000000000,1722038580000000000,0.0641,0.0640359,3267.73,3267.399912785354091529844995,209.461493,0.209461493,0.0000641,0,0.0211585904588027329369358205,0.0002145570178486132102295461,0,0.0641,True,True,SH_MAX,conditional,run_bcee3d348d6222b053ab15f3
fill-conditional-00000210-1722038700000000000,conditional-00000210,ETHUSDT,futures,SELL,increase_perp,1722038700000000000,1722038640000000000,1722038640000000000,1722038640000000000,0,0,all_client,vwap,1722038700000000000,1722038700000000000,1722038640000000000,0.064,0.064,3267.99,3268.318857500239531590480971,209.15136,0.104575680,0,0,0.021046880015330021790782144,0.000129639327328488788603072,0,0.064,True,True,SH_MAX,conditional,run_bcee3d348d6222b053ab15f3
fill-conditional-00000211-1722643440000000000,conditional-00000211,ETHUSDT,spot,BUY,increase_spot,1722643440000000000,1722643380000000000,1722643380000000000,1722643380000000000,0,0,all_client,vwap,1722643440000000000,1722643440000000000,1722643380000000000,0.0891,0.0890109,2989.40,2989.100995028318737182781801,266.355540,0.266355540,0.0000891,0,0.0266413429768005170141415309,0.0000084531110981970658429611,0,0.0891,True,True,SH_MAX,conditional,run_bcee3d348d6222b053ab15f3
fill-conditional-00000212-1722643500000000000,conditional-00000212,ETHUSDT,futures,SELL,increase_perp,1722643500000000000,1722643440000000000,1722643440000000000,1722643440000000000,0,0,all_client,vwap,1722643500000000000,1722643500000000000,1722643440000000000,0.089,0.089,2991.66,2991.968058046105479460482629,266.25774,0.133128870,0,0,0.027417166103387671982953981,0.000788650386777333215755709,0,0.089,True,True,SH_MAX,conditional,run_bcee3d348d6222b053ab15f3
fill-conditional-00000213-1722989040000000000,conditional-00000213,BTCUSDT,spot,BUY,increase_spot,1722989040000000000,1722988980000000000,1722988980000000000,1722988980000000000,0,0,all_client,vwap,1722989040000000000,1722989040000000000,1722988980000000000,0.00501,0.00500499,56064.00,56058.38435254932438169005806,280.8806400,0.2808806400,0.00000501,0,0.0281343937278848477328091194,0.0000491431672576362175823793,0,0.00501,True,True,SH_MAX,conditional,run_bcee3d348d6222b053ab15f3
fill-conditional-00000214-1722989100000000000,conditional-00000214,BTCUSDT,futures,SELL,increase_perp,1722989100000000000,1722989040000000000,1722989040000000000,1722989040000000000,0,0,all_client,vwap,1722989100000000000,1722989100000000000,1722989040000000000,0.005,0.005,55943.9,55949.49980749191240512629090,279.7195,0.13985975,0,0,0.02799903745956202563145450,0.00002428755581606942889135,0,0.005,True,True,SH_MAX,conditional,run_bcee3d348d6222b053ab15f3
fill-conditional-00000215-1723248240000000000,conditional-00000215,ETHUSDT,futures,BUY,close_perp,1723248240000000000,1723248180000000000,1723248180000000000,1723248180000000000,0,0,all_client,vwap,1723248240000000000,1723248240000000000,1723248180000000000,1.037,1.037,2591.57,2591.308405951127219432549499,2687.45809,1.343729045,0,0,0.271273028681073448446169537,0.002554346983941555791014102,0,1.037,True,True,SH_MAX,conditional,run_bcee3d348d6222b053ab15f3
fill-conditional-00000216-1723248300000000000,conditional-00000216,ETHUSDT,spot,SELL,close_spot,1723248300000000000,1723248240000000000,1723248240000000000,1723248240000000000,0,0,all_client,vwap,1723248300000000000,1723248300000000000,1723248240000000000,0.7386,0.7386,2554.81,2555.073235399766158523445054,1886.982666,1.886982666,0,0,0.1944256662672846854165168844,0.0057079571006579569479748674,0,0.7386,True,True,SH_MAX,conditional,run_bcee3d348d6222b053ab15f3
fill-conditional-00000217-1723248360000000000,conditional-00000217,ETHUSDT,spot,SELL,close_spot,1723248360000000000,1723248300000000000,1723248300000000000,1723248300000000000,0,0,all_client,vwap,1723248360000000000,1723248360000000000,1723248300000000000,0.2984,0.2984,2554.37,2554.626925517918784090030795,762.224008,0.762224008,0,0,0.0766665745469651724651892280,0.0004365070895104759479427328,0,0.2984,True,True,SH_MAX,conditional,run_bcee3d348d6222b053ab15f3
fill-conditional-00000218-1724198640000000000,conditional-00000218,BTCUSDT,futures,BUY,close_perp,1724198640000000000,1724198580000000000,1724198580000000000,1724198580000000000,0,0,all_client,vwap,1724198640000000000,1724198640000000000,1724198580000000000,0.051,0.051,59126.4,59120.40411495213956607701219,3015.4464,1.50772320,0,0,0.30579013744088213007237831,0.00427607645462621828538561,0,0.051,True,True,SH_MAX,conditional,run_bcee3d348d6222b053ab15f3
fill-conditional-00000219-1724198700000000000,conditional-00000219,BTCUSDT,spot,SELL,close_spot,1724198700000000000,1724198640000000000,1724198640000000000,1724198640000000000,0,0,all_client,vwap,1724198700000000000,1724198700000000000,1724198640000000000,0.05100,0.05100,58795.09,58800.97162475175212634001851,2998.5495900,2.9985495900,0,0,0.2999628623393584433409440100,0.0000779070531245074966100100,0,0.05100,True,True,SH_MAX,conditional,run_bcee3d348d6222b053ab15f3
fill-conditional-00000220-1731283380000000000,conditional-00000220,BTCUSDT,spot,BUY,open_spot,1731283380000000000,1731283260001000000,1731283260001000000,1731283260001000000,0,0,all_client,vwap,1731283380000000000,1731283380000000000,1731283320000000000,0.03803,0.03799197,80398.64,80390.59530018233112697606085,3057.5602792,3.0575602792,0.00003803,0,0.3059399340659472411004058745,0.0002145001393538358245157662,0,0.03803,True,True,SH_MAX,conditional,run_bcee3d348d6222b053ab15f3
fill-conditional-00000221-1731283380000000000,conditional-00000221,ETHUSDT,spot,BUY,open_spot,1731283380000000000,1731283260001000000,1731283260001000000,1731283260001000000,0,0,all_client,vwap,1731283380000000000,1731283380000000000,1731283320000000000,0.9690,0.9680310,3183.10,3182.778059813637612649816649,3084.423900,3.084423900,0.0009690,0,0.3119600405851533423276671190,0.0035488465892118576618995610,0,0.9690,True,True,SH_MAX,conditional,run_bcee3d348d6222b053ab15f3
fill-conditional-00000222-1731283440000000000,conditional-00000222,BTCUSDT,futures,SELL,open_perp,1731283440000000000,1731283380000000000,1731283380000000000,1731283380000000000,0,0,all_client,vwap,1731283440000000000,1731283440000000000,1731283380000000000,0.038,0.038,80473.4,80481.51293794225695899800291,3057.9892,1.52899460,0,0,0.30829164180576444192411058,0.00246189264158386547991818,0,0.038,True,True,SH_MAX,conditional,run_bcee3d348d6222b053ab15f3
fill-conditional-00000223-1731283440000000000,conditional-00000223,ETHUSDT,futures,SELL,open_perp,1731283440000000000,1731283380000000000,1731283380000000000,1731283380000000000,0,0,all_client,vwap,1731283440000000000,1731283440000000000,1731283380000000000,0.968,0.968,3185.24,3185.567456076293019281120543,3083.31232,1.541656160,0,0,0.316977481851642664124685624,0.008614552103457499858273208,0,0.968,True,True,SH_MAX,conditional,run_bcee3d348d6222b053ab15f3
fill-conditional-00000224-1731888300000000000,conditional-00000224,BTCUSDT,futures,BUY,reduce_perp,1731888300000000000,1731888240000000000,1731888240000000000,1731888240000000000,0,0,all_client,vwap,1731888300000000000,1731888300000000000,1731888240000000000,0.004,0.004,89820.6,89811.58368361402183206410435,359.2824,0.17964120,0,0,0.03606526554391267174358260,0.00014063207046706301075696,0,0.004,True,True,SH_MAX,conditional,run_bcee3d348d6222b053ab15f3
fill-conditional-00000225-1731888360000000000,conditional-00000225,BTCUSDT,spot,SELL,reduce_spot,1731888360000000000,1731888300000000000,1731888300000000000,1731888300000000000,0,0,all_client,vwap,1731888360000000000,1731888360000000000,1731888300000000000,0.00400,0.00400,89353.12,89362.06524402248158692598462,357.4124800,0.3574124800,0,0,0.0357809760899263477039384800,0.0000361499923173550691680800,0,0.00400,True,True,SH_MAX,conditional,run_bcee3d348d6222b053ab15f3
fill-conditional-00000226-1732493100000000000,conditional-00000226,BTCUSDT,futures,BUY,reduce_perp,1732493100000000000,1732493040000000000,1732493040000000000,1732493040000000000,0,0,all_client,vwap,1732493100000000000,1732493100000000000,1732493040000000000,0.003,0.003,97776.0,97766.21397184343180768381098,293.3280,0.14666400,0,0,0.02935808446970457694856706,0.00002822027815154740626192,0,0.003,True,True,SH_MAX,conditional,run_bcee3d348d6222b053ab15f3
fill-conditional-00000227-1732493160000000000,conditional-00000227,BTCUSDT,spot,SELL,reduce_spot,1732493160000000000,1732493100000000000,1732493100000000000,1732493100000000000,0,0,all_client,vwap,1732493160000000000,1732493160000000000,1732493100000000000,0.00300,0.00300,97288.71,97298.44047820920012927862201,291.8661300,0.2918661300,0,0,0.0291914346276003878358660300,0.0000019024841376277970824500,0,0.00300,True,True,SH_MAX,conditional,run_bcee3d348d6222b053ab15f3
fill-conditional-00000228-1733097900000000000,conditional-00000228,ETHUSDT,futures,BUY,reduce_perp,1733097900000000000,1733097840000000000,1733097840000000000,1733097840000000000,0,0,all_client,vwap,1733097900000000000,1733097900000000000,1733097840000000000,0.134,0.134,3716.57,3716.197857477204082509053952,498.02038,0.249010190,0,0,0.049867098054652943786770432,0.000070046764458409081149162,0,0.134,True,True,SH_MAX,conditional,run_bcee3d348d6222b053ab15f3
fill-conditional-00000229-1733097960000000000,conditional-00000229,ETHUSDT,spot,SELL,reduce_spot,1733097960000000000,1733097900000000000,1733097900000000000,1733097900000000000,0,0,all_client,vwap,1733097960000000000,1733097960000000000,1733097900000000000,0.1340,0.1340,3651.92,3652.294089506470797491154955,489.357280,0.489357280,0,0,0.0501279938670868638147639700,0.0011872530677001551283825600,0,0.1340,True,True,SH_MAX,conditional,run_bcee3d348d6222b053ab15f3
fill-conditional-00000230-1733702700000000000,conditional-00000230,ETHUSDT,futures,BUY,reduce_perp,1733702700000000000,1733702640000000000,1733702640000000000,1733702640000000000,0,0,all_client,vwap,1733702700000000000,1733702700000000000,1733702640000000000,0.057,0.057,3999.44,3999.035909580271564476366305,227.96808,0.113984040,0,0,0.023033153924520824847120615,0.000238649239913276929605306,0,0.057,True,True,SH_MAX,conditional,run_bcee3d348d6222b053ab15f3
fill-conditional-00000231-1733702760000000000,conditional-00000231,ETHUSDT,spot,SELL,reduce_spot,1733702760000000000,1733702700000000000,1733702700000000000,1733702700000000000,0,0,all_client,vwap,1733702760000000000,1733702760000000000,1733702700000000000,0.0570,0.0570,3936.52,3936.916066204550355920534696,224.381640,0.224381640,0,0,0.0225757736593702874704776720,0.0001353520820043504417306510,0,0.0570,True,True,SH_MAX,conditional,run_bcee3d348d6222b053ab15f3
fill-conditional-00000232-1734305100000000000,conditional-00000232,BTCUSDT,futures,BUY,close_perp,1734305100000000000,1734305040000000000,1734305040000000000,1734305040000000000,0,0,all_client,vwap,1734305100000000000,1734305100000000000,1734305040000000000,0.031,0.031,104684.2,104673.6733097312293695756009,3245.2102,1.62260510,0,0,0.3263273983318895431563721,0.0018390110717227321106865,0,0.031,True,True,SH_MAX,conditional,run_bcee3d348d6222b053ab15f3
fill-conditional-00000233-1734305160000000000,conditional-00000233,BTCUSDT,spot,SELL,close_spot,1734305160000000000,1734305100000000000,1734305100000000000,1734305100000000000,0,0,all_client,vwap,1734305160000000000,1734305160000000000,1734305100000000000,0.03100,0.03100,104114.23,104124.6494843644000118280628,3227.5411300,3.2275411300,0,0,0.323004015296400366669946800,0.000217601894870726633280000,0,0.03100,True,True,SH_MAX,conditional,run_bcee3d348d6222b053ab15f3
fill-conditional-00000234-1734912300000000000,conditional-00000234,ETHUSDT,spot,BUY,increase_spot,1734912300000000000,1734912240000000000,1734912240000000000,1734912240000000000,0,0,all_client,vwap,1734912300000000000,1734912300000000000,1734912240000000000,0.1701,0.1699299,3281.15,3280.814765711792967818403420,558.123615,0.558123615,0.0001701,0,0.0570233524240161740895782580,0.0012166932592585757069872740,0,0.1701,True,True,SH_MAX,conditional,run_bcee3d348d6222b053ab15f3
fill-conditional-00000235-1734912360000000000,conditional-00000235,ETHUSDT,futures,SELL,increase_perp,1734912360000000000,1734912300000000000,1734912300000000000,1734912300000000000,0,0,all_client,vwap,1734912360000000000,1734912360000000000,1734912300000000000,0.170,0.170,3282.80,3283.133758220063675080984137,558.07600,0.279038000,0,0,0.056738897410824763767303290,0.000925623521083681290926630,0,0.170,True,True,SH_MAX,conditional,run_bcee3d348d6222b053ab15f3
fill-conditional-00000236-1736121900000000000,conditional-00000236,ETHUSDT,futures,BUY,reduce_perp,1736121900000000000,1736121840000000000,1736121840000000000,1736121840000000000,0,0,all_client,vwap,1736121900000000000,1736121900000000000,1736121840000000000,0.094,0.094,3639.24,3638.869229757233292988367280,342.08856,0.171044280,0,0,0.034852402820070459093475680,0.000647032060352466139385002,0,0.094,True,True,SH_MAX,conditional,run_bcee3d348d6222b053ab15f3
fill-conditional-00000237-1736121960000000000,conditional-00000237,ETHUSDT,spot,SELL,reduce_spot,1736121960000000000,1736121900000000000,1736121900000000000,1736121900000000000,0,0,all_client,vwap,1736121960000000000,1736121960000000000,1736121900000000000,0.0940,0.0940,3586.17,3586.535485902512311121018762,337.099980,0.337099980,0,0,0.0343556748361572453757636280,0.0006422412686736296512260400,0,0.0940,True,True,SH_MAX,conditional,run_bcee3d348d6222b053ab15f3
fill-conditional-00000238-1736726700000000000,conditional-00000238,ETHUSDT,spot,BUY,increase_spot,1736726700000000000,1736726640000000000,1736726640000000000,1736726640000000000,0,0,all_client,vwap,1736726700000000000,1736726700000000000,1736726640000000000,0.0961,0.0960039,3275.87,3275.539123029238635521973228,314.811107,0.314811107,0.0000961,0,0.0317972768901671263383727892,0.0003193459178561430510066575,0,0.0961,True,True,SH_MAX,conditional,run_bcee3d348d6222b053ab15f3
fill-conditional-00000239-1736726760000000000,conditional-00000239,ETHUSDT,futures,SELL,increase_perp,1736726760000000000,1736726700000000000,1736726700000000000,1736726700000000000,0,0,all_client,vwap,1736726760000000000,1736726760000000000,1736726700000000000,0.096,0.096,3271.03,3271.359707586957645491946592,314.01888,0.157009440,0,0,0.031651928347933967226872832,0.000246875155099173830150112,0,0.096,True,True,SH_MAX,conditional,run_bcee3d348d6222b053ab15f3
fill-conditional-00000240-1738541100000000000,conditional-00000240,ETHUSDT,spot,BUY,increase_spot,1738541100000000000,1738541040000000000,1738541040000000000,1738541040000000000,0,0,all_client,vwap,1738541100000000000,1738541100000000000,1738541040000000000,0.1392,0.1390608,2856.36,2856.069904410173627105953821,397.605312,0.397605312,0.0001392,0,0.0403813061038311068512281168,0.0006248130344414899619132928,0,0.1392,True,True,SH_MAX,conditional,run_bcee3d348d6222b053ab15f3
fill-conditional-00000241-1738541160000000000,conditional-00000241,ETHUSDT,futures,SELL,increase_perp,1738541160000000000,1738541100000000000,1738541100000000000,1738541100000000000,0,0,all_client,vwap,1738541160000000000,1738541160000000000,1738541100000000000,0.139,0.139,2854.07,2854.356980846713079425444187,396.71573,0.198357865,0,0,0.039890337693118040136741993,0.000214775659348728332728377,0,0.139,True,True,SH_MAX,conditional,run_bcee3d348d6222b053ab15f3
fill-conditional-00000242-1739145900000000000,conditional-00000242,ETHUSDT,spot,BUY,increase_spot,1739145900000000000,1739145840000000000,1739145840000000000,1739145840000000000,0,0,all_client,vwap,1739145900000000000,1739145900000000000,1739145840000000000,0.0911,0.0910089,2643.71,2643.437573240511377707339076,240.841981,0.240841981,0.0000911,0,0.0248180777894134908614101764,0.0007363614971924322104963090,0,0.0911,True,True,SH_MAX,conditional,run_bcee3d348d6222b053ab15f3
fill-conditional-00000243-1739145960000000000,conditional-00000243,ETHUSDT,futures,SELL,increase_perp,1739145960000000000,1739145900000000000,1739145900000000000,1739145900000000000,0,0,all_client,vwap,1739145960000000000,1739145960000000000,1739145900000000000,0.091,0.091,2642.45,2642.723212550890261494659676,240.46295,0.120231475,0,0,0.024862342131013796014030516,0.000813560896800694634429110,0,0.091,True,True,SH_MAX,conditional,run_bcee3d348d6222b053ab15f3
fill-conditional-00000244-1740355500000000000,conditional-00000244,ETHUSDT,futures,BUY,reduce_perp,1740355500000000000,1740355440000000000,1740355440000000000,1740355440000000000,0,0,all_client,vwap,1740355500000000000,1740355500000000000,1740355440000000000,0.076,0.076,2820.52,2820.233736989071864162778871,214.35952,0.107179760,0,0,0.021755988830538323628805804,0.000322212429421377461168676,0,0.076,True,True,SH_MAX,conditional,run_bcee3d348d6222b053ab15f3
fill-conditional-00000245-1740355560000000000,conditional-00000245,ETHUSDT,spot,SELL,reduce_spot,1740355560000000000,1740355500000000000,1740355500000000000,1740355500000000000,0,0,all_client,vwap,1740355560000000000,1740355560000000000,1740355500000000000,0.0760,0.0760,2782.18,2782.460097036522415982448401,211.445680,0.211445680,0,0,0.0212873747757036146660784760,0.0001406780382260443046118560,0,0.0760,True,True,SH_MAX,conditional,run_bcee3d348d6222b053ab15f3
fill-conditional-00000246-1740960300000000000,conditional-00000246,ETHUSDT,spot,BUY,increase_spot,1740960300000000000,1740960240000000000,1740960240000000000,1740960240000000000,0,0,all_client,vwap,1740960300000000000,1740960300000000000,1740960240000000000,0.1401,0.1399599,2500.46,2500.208117474359684396538070,350.314446,0.350314446,0.0001401,0,0.0352887418422082160450163930,0.0002608261163924368666208676,0,0.1401,True,True,SH_MAX,conditional,run_bcee3d348d6222b053ab15f3
fill-conditional-00000247-1740960360000000000,conditional-00000247,ETHUSDT,futures,SELL,increase_perp,1740960360000000000,1740960300000000000,1740960300000000000,1740960300000000000,0,0,all_client,vwap,1740960360000000000,1740960360000000000,1740960300000000000,0.140,0.140,2500.53,2500.781649157207991473654906,350.07420,0.175037100,0,0,0.035230882009118806311686840,0.000219938920917894431055740,0,0.140,True,True,SH_MAX,conditional,run_bcee3d348d6222b053ab15f3
fill-conditional-00000248-1741565100000000000,conditional-00000248,ETHUSDT,spot,BUY,increase_spot,1741565100000000000,1741565040000000000,1741565040000000000,1741565040000000000,0,0,all_client,vwap,1741565100000000000,1741565100000000000,1741565040000000000,0.2923,0.2920077,2030.91,2030.703037461092051888822446,593.634993,0.593634993,0.0002923,0,0.0604951501227932328971990342,0.0011377003378055122204888256,0,0.2923,True,True,SH_MAX,conditional,run_bcee3d348d6222b053ab15f3
fill-conditional-00000249-1741565160000000000,conditional-00000249,ETHUSDT,futures,SELL,increase_perp,1741565160000000000,1741565100000000000,1741565100000000000,1741565100000000000,0,0,all_client,vwap,1741565160000000000,1741565160000000000,1741565100000000000,0.292,0.292,2026.96,2027.170331214880478331315051,591.87232,0.295936160,0,0,0.061416714745099672743994892,0.002223341073625162776720348,0,0.292,True,True,SH_MAX,conditional,run_bcee3d348d6222b053ab15f3
fill-conditional-00000250-1742169900000000000,conditional-00000250,ETHUSDT,spot,BUY,increase_spot,1742169900000000000,1742169840000000000,1742169840000000000,1742169840000000000,0,0,all_client,vwap,1742169900000000000,1742169900000000000,1742169840000000000,0.1111,0.1109889,1890.26,1890.065017216292583100997869,210.007886,0.210007886,0.0001111,0,0.0216625872698940174791367541,0.0006639649286210068808846441,0,0.1111,True,True,SH_MAX,conditional,run_bcee3d348d6222b053ab15f3
fill-conditional-00000251-1742169960000000000,conditional-00000251,ETHUSDT,futures,SELL,increase_perp,1742169960000000000,1742169900000000000,1742169900000000000,1742169900000000000,0,0,all_client,vwap,1742169960000000000,1742169960000000000,1742169900000000000,0.111,0.111,1889.59,1889.787880099702905483659802,209.74449,0.104872245,0,0,0.021964691067022508686238022,0.000988045597915806435369396,0,0.111,True,True,SH_MAX,conditional,run_bcee3d348d6222b053ab15f3
fill-conditional-00000252-1742774700000000000,conditional-00000252,ETHUSDT,futures,BUY,reduce_perp,1742774700000000000,1742774640000000000,1742774640000000000,1742774640000000000,0,0,all_client,vwap,1742774700000000000,1742774700000000000,1742774640000000000,0.092,0.092,2003.13,2002.919756494348370010379023,184.28796,0.092143980,0,0,0.019342402519949959045129884,0.000915540760201954041034388,0,0.092,True,True,SH_MAX,conditional,run_bcee3d348d6222b053ab15f3
fill-conditional-00000253-1742774760000000000,conditional-00000253,ETHUSDT,spot,SELL,reduce_spot,1742774760000000000,1742774700000000000,1742774700000000000,1742774700000000000,0,0,all_client,vwap,1742774760000000000,1742774760000000000,1742774700000000000,0.0920,0.0920,1973.02,1973.220015086146017675963886,181.517840,0.181517840,0,0,0.0184013879254336261886775120,0.0002477637866410828260586800,0,0.0920,True,True,SH_MAX,conditional,run_bcee3d348d6222b053ab15f3
fill-conditional-00000254-1743379500000000000,conditional-00000254,ETHUSDT,spot,BUY,increase_spot,1743379500000000000,1743379440000000000,1743379440000000000,1743379440000000000,0,0,all_client,vwap,1743379500000000000,1743379500000000000,1743379440000000000,0.1692,0.1690308,1806.84,1806.649575788566699490875568,305.717328,0.305717328,0.0001692,0,0.0322197765745144461438538944,0.0016512657521718975884682048,0,0.1692,True,True,SH_MAX,conditional,run_bcee3d348d6222b053ab15f3
fill-conditional-00000255-1743379560000000000,conditional-00000255,ETHUSDT,futures,SELL,increase_perp,1743379560000000000,1743379500000000000,1743379500000000000,1743379500000000000,0,0,all_client,vwap,1743379560000000000,1743379560000000000,1743379500000000000,0.169,0.169,1806.31,1806.490652860145396081172022,305.26639,0.152633195,0,0,0.030530333364571937718071718,6.41331235480524299945E-7,0,0.169,True,True,SH_MAX,conditional,run_bcee3d348d6222b053ab15f3
fill-conditional-00000256-1743984300000000000,conditional-00000256,ETHUSDT,spot,BUY,increase_spot,1743984300000000000,1743984240000000000,1743984240000000000,1743984240000000000,0,0,all_client,vwap,1743984300000000000,1743984300000000000,1743984240000000000,0.2492,0.2489508,1578.01,1577.843874505349547005109057,393.240092,0.393240092,0.0002492,0,0.0413984732668928863268229956,0.0020786039142195756154556544,0,0.2492,True,True,SH_MAX,conditional,run_bcee3d348d6222b053ab15f3
fill-conditional-00000257-1743984360000000000,conditional-00000257,ETHUSDT,futures,SELL,increase_perp,1743984360000000000,1743984300000000000,1743984300000000000,1743984300000000000,0,0,all_client,vwap,1743984360000000000,1743984360000000000,1743984300000000000,0.249,0.249,1576.91,1577.074544238112591700600510,392.65059,0.196325295,0,0,0.040971515290035333449526990,0.001702359138506329916182050,0,0.249,True,True,SH_MAX,conditional,run_bcee3d348d6222b053ab15f3
fill-conditional-00000258-1745798700000000000,conditional-00000258,ETHUSDT,futures,BUY,close_perp,1745798700000000000,1745798640000000000,1745798640000000000,1745798640000000000,0,0,all_client,vwap,1745798700000000000,1745798700000000000,1745798640000000000,1.972,1.972,1789.95,1789.770160851791874598013519,3529.78140,1.764890700,0,0,0.354642800266423292717340532,0.001700124546449935046612960,0,1.972,True,True,SH_MAX,conditional,run_bcee3d348d6222b053ab15f3
fill-conditional-00000259-1745798760000000000,conditional-00000259,ETHUSDT,spot,SELL,close_spot,1745798760000000000,1745798700000000000,1745798700000000000,1745798700000000000,0,0,all_client,vwap,1745798760000000000,1745798760000000000,1745798700000000000,0.8433,0.8433,1765.43,1765.611385003504590141677542,1488.787119,1.488787119,0,0,0.1529619734554208664766711686,0.0040679653580753243900232942,0,0.8433,True,True,SH_MAX,conditional,run_bcee3d348d6222b053ab15f3
fill-conditional-00000260-1745798820000000000,conditional-00000260,ETHUSDT,spot,SELL,close_spot,1745798820000000000,1745798760000000000,1745798760000000000,1745798760000000000,0,0,all_client,vwap,1745798820000000000,1745798820000000000,1745798760000000000,1.1287,1.1287,1764.70,1764.885862111482534777026114,1991.816890,1.991816890,0,0,0.2097825652303370028293748718,0.0105798979738139691290914957,0,1.1287,True,True,SH_MAX,conditional,run_bcee3d348d6222b053ab15f3
fill-permanent-00000001-1641254520000000000,permanent-00000001,BTCUSDT,spot,BUY,open_spot,1641254520000000000,1641254460000000000,1641254460000000000,1641254460000000000,0,0,all_client,vwap,1641254520000000000,1641254520000000000,1641254460000000000,0.06407,0.06400593,46489.60,46484.94359389278897011571490,2978.5886720,2.9785886720,0.00006407,0,0.2983359392890106846861463570,0.0005069056829395857546150671,0,0.06407,True,True,SH_MAX,permanent,run_03c2965a78c8d2502b7bb0a9
fill-permanent-00000002-1641254580000000000,permanent-00000002,BTCUSDT,futures,SELL,open_perp,1641254580000000000,1641254520000000000,1641254520000000000,1641254520000000000,0,0,all_client,vwap,1641254580000000000,1641254580000000000,1641254520000000000,0.064,0.064,46487.0,46491.74079714449370982455396,2975.1680,1.48758400,0,0,0.30341101724759742877145344,0.00586387614587266902857600,0,0.064,True,True,SH_MAX,permanent,run_03c2965a78c8d2502b7bb0a9
fill-permanent-00000003-1641369780000000000,permanent-00000003,ETHUSDT,spot,BUY,open_spot,1641369780000000000,1641369660017000000,1641369660017000000,1641369660017000000,0,0,all_client,vwap,1641369780000000000,1641369780000000000,1641369720000000000,0.7858,0.7850142,3812.26,3811.871905867494342026666183,2995.673908,2.995673908,0.0007858,0,0.3049643693229460354457133986,0.0054274749598783300492576700,0,0.7858,True,True,SH_MAX,permanent,run_03c2965a78c8d2502b7bb0a9
fill-permanent-00000004-1641369840000000000,permanent-00000004,ETHUSDT,futures,SELL,open_perp,1641369840000000000,1641369780000000000,1641369780000000000,1641369780000000000,0,0,all_client,vwap,1641369840000000000,1641369840000000000,1641369780000000000,0.785,0.785,3808.53,3808.914201177548167831738181,2989.69605,1.494848025,0,0,0.301597924375311747914472085,0.002598159582874216739680495,0,0.785,True,True,SH_MAX,permanent,run_03c2965a78c8d2502b7bb0a9
fill-permanent-00000005-1641859440000000000,permanent-00000005,BTCUSDT,spot,BUY,increase_spot,1641859440000000000,1641859380000000000,1641859380000000000,1641859380000000000,0,0,all_client,vwap,1641859440000000000,1641859440000000000,1641859380000000000,0.00701,0.00700299,41745.93,41741.75374746109755286781124,292.6389693,0.2926389693,0.00000701,0,0.0292755302977061543966432076,0.0000145609207359250120828798,0,0.00701,True,True,SH_MAX,permanent,run_03c2965a78c8d2502b7bb0a9
fill-permanent-00000006-1641859500000000000,permanent-00000006,BTCUSDT,futures,SELL,increase_perp,1641859500000000000,1641859440000000000,1641859440000000000,1641859440000000000,0,0,all_client,vwap,1641859500000000000,1641859500000000000,1641859440000000000,0.007,0.007,41743.3,41747.49620453913984469824372,292.2031,0.14610155,0,0,0.02937343177397891288770604,0.00015018443080151499641730,0,0.007,True,True,SH_MAX,permanent,run_03c2965a78c8d2502b7bb0a9
fill-permanent-00000007-1641974700000000000,permanent-00000007,ETHUSDT,spot,BUY,increase_spot,1641974700000000000,1641974640000000000,1641974640000000000,1641974640000000000,0,0,all_client,vwap,1641974700000000000,1641974700000000000,1641974640000000000,0.1252,0.1250748,3222.42,3222.089956276748713932560023,403.446984,0.403446984,0.0001252,0,0.0413214741510610156434851204,0.0009809078984761217450494692,0,0.1252,True,True,SH_MAX,permanent,run_03c2965a78c8d2502b7bb0a9
fill-permanent-00000008-1641974760000000000,permanent-00000008,ETHUSDT,futures,SELL,increase_perp,1641974760000000000,1641974700000000000,1641974700000000000,1641974700000000000,0,0,all_client,vwap,1641974760000000000,1641974760000000000,1641974700000000000,0.125,0.125,3219.19,3219.513551030829996655790454,402.39875,0.201199375,0,0,0.040443878853749581973806750,0.000199959465864207015609375,0,0.125,True,True,SH_MAX,permanent,run_03c2965a78c8d2502b7bb0a9
fill-permanent-00000009-1646813100000000000,permanent-00000009,ETHUSDT,spot,BUY,increase_spot,1646813100000000000,1646813040000000000,1646813040000000000,1646813040000000000,0,0,all_client,vwap,1646813100000000000,1646813100000000000,1646813040000000000,0.0080,0.0079920,2737.54,2737.260194053277647814801803,21.900320,0.021900320,0.0000080,0,0.0022384475737788174815855760,0.0000486394185361953633337360,0,0.0080,True,True,SH_MAX,permanent,run_03c2965a78c8d2502b7bb0a9
fill-permanent-00000010-1646813160000000000,permanent-00000010,ETHUSDT,futures,SELL,increase_perp,1646813160000000000,1646813100000000000,1646813100000000000,1646813100000000000,0,0,all_client,vwap,1646813160000000000,1646813160000000000,1646813100000000000,0.008,0.008,2729.30,2729.573999968233933782576101,21.83440,0.010917200,0,0,0.002191999745871470260608808,0.000008340545896883113582744,0,0.008,True,True,SH_MAX,permanent,run_03c2965a78c8d2502b7bb0a9
fill-permanent-00000011-1648512240000000000,permanent-00000011,BTCUSDT,futures,BUY,reduce_perp,1648512240000000000,1648512180000000000,1648512180000000000,1648512180000000000,0,0,all_client,vwap,1648512240000000000,1648512240000000000,1648512180000000000,0.008,0.008,47137.9,47133.13195770487745319404443,377.1032,0.18855160,0,0,0.03814433836098037444764456,0.00043783279481647248508936,0,0.008,True,True,SH_MAX,permanent,run_03c2965a78c8d2502b7bb0a9
fill-permanent-00000012-1648512300000000000,permanent-00000012,BTCUSDT,spot,SELL,reduce_spot,1648512300000000000,1648512240000000000,1648512240000000000,1648512240000000000,0,0,all_client,vwap,1648512300000000000,1648512300000000000,1648512240000000000,0.00800,0.00800,46897.79,46902.48349483977776876173844,375.1823200,0.3751823200,0,0,0.0375479587182221500939075200,0.0000259719223503278788981600,0,0.00800,True,True,SH_MAX,permanent,run_03c2965a78c8d2502b7bb0a9
fill-permanent-00000013-1649721840000000000,permanent-00000013,BTCUSDT,spot,BUY,increase_spot,1649721840000000000,1649721780000000000,1649721780000000000,1649721780000000000,0,0,all_client,vwap,1649721840000000000,1649721840000000000,1649721780000000000,0.00901,0.00900099,39628.14,39624.17685881231961439373227,357.0495414,0.3570495414,0.00000901,0,0.0357079021010002743124722473,0.0000065187512103743399035236,0,0.00901,True,True,SH_MAX,permanent,run_03c2965a78c8d2502b7bb0a9
fill-permanent-00000014-1649721900000000000,permanent-00000014,BTCUSDT,futures,SELL,increase_perp,1649721900000000000,1649721840000000000,1649721840000000000,1649721840000000000,0,0,all_client,vwap,1649721900000000000,1649721900000000000,1649721840000000000,0.009,0.009,39640.2,39644.21278391613054734907239,356.7618,0.17838090,0,0,0.03611505524517492614165151,0.00043526373965040864903732,0,0.009,True,True,SH_MAX,permanent,run_03c2965a78c8d2502b7bb0a9
fill-permanent-00000015-1649837100000000000,permanent-00000015,ETHUSDT,spot,BUY,increase_spot,1649837100000000000,1649837040000000000,1649837040000000000,1649837040000000000,0,0,all_client,vwap,1649837100000000000,1649837100000000000,1649837040000000000,0.0110,0.0109890,3056.95,3056.641097457835268577664958,33.626450,0.033626450,0.0000110,0,0.0033979279638120456456854620,0.0000356227566084268502500360,0,0.0110,True,True,SH_MAX,permanent,run_03c2965a78c8d2502b7bb0a9
fill-permanent-00000016-1649837160000000000,permanent-00000016,ETHUSDT,futures,SELL,increase_perp,1649837160000000000,1649837100000000000,1649837100000000000,1649837100000000000,0,0,all_client,vwap,1649837160000000000,1649837160000000000,1649837100000000000,0.011,0.011,3052.77,3053.083309956471542291825088,33.58047,0.016790235,0,0,0.003446409521186965210075968,0.000088017880234846513554955,0,0.011,True,True,SH_MAX,permanent,run_03c2965a78c8d2502b7bb0a9
fill-permanent-00000025-1653758160000000000,permanent-00000025,BTCUSDT,futures,BUY,close_perp,1653758160000000000,1653758100000000000,1653758100000000000,1653758100000000000,0,0,all_client,vwap,1653758160000000000,1653758160000000000,1653758100000000000,0.072,0.072,28905.5,28902.56085186546911367099185,2081.1960,1.04059800,0,0,0.21161866568622381568858680,0.00352022755279243807015560,0,0.072,True,True,SH_MAX,permanent,run_03c2965a78c8d2502b7bb0a9
fill-permanent-00000026-1653758160000000000,permanent-00000026,ETHUSDT,futures,BUY,close_perp,1653758160000000000,1653758100000000000,1653758100000000000,1653758100000000000,0,0,all_client,vwap,1653758160000000000,1653758160000000000,1653758100000000000,0.929,0.929,1775.38,1775.195265891094071005232744,1649.32802,0.824664010,0,0,0.171617987173608036138780824,0.006702346972325396942394957,0,0.929,True,True,SH_MAX,permanent,run_03c2965a78c8d2502b7bb0a9
fill-permanent-00000027-1653758220000000000,permanent-00000027,BTCUSDT,spot,SELL,close_spot,1653758220000000000,1653758160000000000,1653758160000000000,1653758160000000000,0,0,all_client,vwap,1653758220000000000,1653758220000000000,1653758160000000000,0.07200,0.07200,28834.10,28836.99288001192627935159378,2076.0552000,2.0760552000,0,0,0.2082873608586921133147521600,0.0006610121226062441034206400,0,0.07200,True,True,SH_MAX,permanent,run_03c2965a78c8d2502b7bb0a9
fill-permanent-00000028-1653758220000000000,permanent-00000028,ETHUSDT,spot,SELL,close_spot,1653758220000000000,1653758160000000000,1653758160000000000,1653758160000000000,0,0,all_client,vwap,1653758220000000000,1653758220000000000,1653758160000000000,0.9290,0.9290,1759.65,1759.829065561705631380316789,1634.714850,1.634714850,0,0,0.1663519068245315523142969810,0.0028637866338490991590652530,0,0.9290,True,True,SH_MAX,permanent,run_03c2965a78c8d2502b7bb0a9
fill-permanent-00000029-1654041720000000000,permanent-00000029,BTCUSDT,spot,BUY,open_spot,1654041720000000000,1654041660000000000,1654041660000000000,1654041660000000000,0,0,all_client,vwap,1654041720000000000,1654041720000000000,1654041660000000000,0.09409,0.09399591,31830.69,31827.50724917310611937723037,2994.9496221,2.9949496221,0.00009409,0,0.2994650253024452277963944867,9.5949754723191744119E-9,0,0.09409,True,True,SH_MAX,permanent,run_03c2965a78c8d2502b7bb0a9
fill-permanent-00000030-1654041780000000000,permanent-00000030,BTCUSDT,futures,SELL,open_perp,1654041780000000000,1654041720000000000,1654041720000000000,1654041720000000000,0,0,all_client,vwap,1654041780000000000,1654041780000000000,1654041720000000000,0.094,0.094,31829.7,31832.91746292828584442532517,2991.9918,1.49599590,0,0,0.30244151525886937598056598,0.00321209110734348904296816,0,0.094,True,True,SH_MAX,permanent,run_03c2965a78c8d2502b7bb0a9
fill-permanent-00000031-1655251440000000000,permanent-00000031,BTCUSDT,spot,BUY,increase_spot,1655251440000000000,1655251380000000000,1655251380000000000,1655251380000000000,0,0,all_client,vwap,1655251440000000000,1655251440000000000,1655251380000000000,0.04304,0.04299696,21987.73,21985.52343841104741404726872,946.3518992,0.9463518992,0.00004304,0,0.0949704107885192994055542912,0.0003447179095981513354947120,0,0.04304,True,True,SH_MAX,permanent,run_03c2965a78c8d2502b7bb0a9
fill-permanent-00000032-1655251500000000000,permanent-00000032,BTCUSDT,futures,SELL,increase_perp,1655251500000000000,1655251440000000000,1655251440000000000,1655251440000000000,0,0,all_client,vwap,1655251500000000000,1655251500000000000,1655251440000000000,0.043,0.043,21994.5,21996.71392539730608697942040,945.7635,0.47288175,0,0,0.09519879208416174011507720,0.00061292220495332394106578,0,0.043,True,True,SH_MAX,permanent,run_03c2965a78c8d2502b7bb0a9
fill-permanent-00000033-1655856240000000000,permanent-00000033,BTCUSDT,spot,BUY,increase_spot,1655856240000000000,1655856180000000000,1655856180000000000,1655856180000000000,0,0,all_client,vwap,1655856240000000000,1655856240000000000,1655856180000000000,0.00801,0.00800199,20677.73,20675.65445942820965088572807,165.6286173,0.1656286173,0.00000801,0,0.0166250799800406964053181593,0.0000638807580387004749587136,0,0.00801,True,True,SH_MAX,permanent,run_03c2965a78c8d2502b7bb0a9
fill-permanent-00000034-1655856300000000000,permanent-00000034,BTCUSDT,futures,SELL,increase_perp,1655856300000000000,1655856240000000000,1655856240000000000,1655856240000000000,0,0,all_client,vwap,1655856300000000000,1655856300000000000,1655856240000000000,0.008,0.008,20626.4,20628.55242290672118490012253,165.0112,0.08250560,0,0,0.01721938325376947920098024,0.00071654131544410225306016,0,0.008,True,True,SH_MAX,permanent,run_03c2965a78c8d2502b7bb0a9
fill-permanent-00000035-1657670640000000000,permanent-00000035,BTCUSDT,spot,BUY,increase_spot,1657670640000000000,1657670580000000000,1657670580000000000,1657670580000000000,0,0,all_client,vwap,1657670640000000000,1657670640000000000,1657670580000000000,0.01101,0.01099899,19286.29,19284.35226505607668389055485,212.3420529,0.2123420529,0.00001101,0,0.0213344617325957103649911015,0.0001023898887689699360275509,0,0.01101,True,True,SH_MAX,permanent,run_03c2965a78c8d2502b7bb0a9
fill-permanent-00000036-1657670700000000000,permanent-00000036,BTCUSDT,futures,SELL,increase_perp,1657670700000000000,1657670640000000000,1657670640000000000,1657670640000000000,0,0,all_client,vwap,1657670700000000000,1657670700000000000,1657670640000000000,0.011,0.011,19284.2,19286.17688556613551081230388,212.1262,0.10606310,0,0,0.02174574122749061893534268,0.00053094665336786987344915,0,0.011,True,True,SH_MAX,permanent,run_03c2965a78c8d2502b7bb0a9
fill-permanent-00000037-1658275440000000000,permanent-00000037,BTCUSDT,futures,BUY,reduce_perp,1658275440000000000,1658275380000000000,1658275380000000000,1658275380000000000,0,0,all_client,vwap,1658275440000000000,1658275440000000000,1658275380000000000,0.027,0.027,23395.2,23392.79775941603964422943135,631.6704,0.31583520,0,0,0.06486049576692960580535355,0.00169994181650629876593417,0,0.027,True,True,SH_MAX,permanent,run_03c2965a78c8d2502b7bb0a9
fill-permanent-00000038-1658275500000000000,permanent-00000038,BTCUSDT,spot,SELL,reduce_spot,1658275500000000000,1658275440000000000,1658275440000000000,1658275440000000000,0,0,all_client,vwap,1658275500000000000,1658275500000000000,1658275440000000000,0.02700,0.02700,23244.21,23246.53873341995269364641307,627.5936700,0.6275936700,0,0,0.0628758023387227284531528900,0.0001101477584888561803076100,0,0.02700,True,True,SH_MAX,permanent,run_03c2965a78c8d2502b7bb0a9
fill-permanent-00000039-1658649780000000000,permanent-00000039,ETHUSDT,spot,BUY,open_spot,1658649780000000000,1658649660011000000,1658649660011000000,1658649660011000000,0,0,all_client,vwap,1658649780000000000,1658649780000000000,1658649720000000000,1.8789,1.8770211,1600.99,1600.828860409955138870716953,3008.100111,3.008100111,0.0018789,0,0.3027651757352895758099170083,0.0019854411528631047674974275,0,1.8789,True,True,SH_MAX,permanent,run_03c2965a78c8d2502b7bb0a9
fill-permanent-00000040-1658649840000000000,permanent-00000040,ETHUSDT,futures,SELL,open_perp,1658649840000000000,1658649780000000000,1658649780000000000,1658649780000000000,0,0,all_client,vwap,1658649840000000000,1658649840000000000,1658649780000000000,1.877,1.877,1603.33,1603.498170102818696306431973,3009.45041,1.504725205,0,0,0.315655282990692967172813321,0.014678676462393897876096410,0,1.877,True,True,SH_MAX,permanent,run_03c2965a78c8d2502b7bb0a9
fill-permanent-00000041-1658880240000000000,permanent-00000041,BTCUSDT,spot,BUY,increase_spot,1658880240000000000,1658880180000000000,1658880180000000000,1658880180000000000,0,0,all_client,vwap,1658880240000000000,1658880240000000000,1658880180000000000,0.00501,0.00500499,21216.01,21213.88587489930863510711848,106.2922101,0.1062922101,0.00000501,0,0.0106418667544637381133364152,0.0000137099311391844871477581,0,0.00501,True,True,SH_MAX,permanent,run_03c2965a78c8d2502b7bb0a9
fill-permanent-00000042-1658880300000000000,permanent-00000042,BTCUSDT,futures,SELL,increase_perp,1658880300000000000,1658880240000000000,1658880240000000000,1658880240000000000,0,0,all_client,vwap,1658880300000000000,1658880300000000000,1658880240000000000,0.005,0.005,21210.4,21212.60523706192542815810350,106.0520,0.05302600,0,0,0.01102618530962714079051750,0.00041988269109617807643845,0,0.005,True,True,SH_MAX,permanent,run_03c2965a78c8d2502b7bb0a9
fill-permanent-00000043-1659254700000000000,permanent-00000043,ETHUSDT,futures,BUY,reduce_perp,1659254700000000000,1659254640000000000,1659254640000000000,1659254640000000000,0,0,all_client,vwap,1659254700000000000,1659254700000000000,1659254640000000000,0.101,0.101,1699.15,1698.973374496330407252842136,171.61415,0.085807075,0,0,0.017839175870628867462944264,0.000679544788215930349690580,0,0.101,True,True,SH_MAX,permanent,run_03c2965a78c8d2502b7bb0a9
fill-permanent-00000044-1659254760000000000,permanent-00000044,ETHUSDT,spot,SELL,reduce_spot,1659254760000000000,1659254700000000000,1659254700000000000,1659254700000000000,0,0,all_client,vwap,1659254760000000000,1659254760000000000,1659254700000000000,0.1010,0.1010,1676.23,1676.399152816252265440375023,169.299230,0.169299230,0,0,0.0170844344414788094778773230,0.0001528029980346615969294850,0,0.1010,True,True,SH_MAX,permanent,run_03c2965a78c8d2502b7bb0a9
fill-permanent-00000045-1660464300000000000,permanent-00000045,ETHUSDT,futures,BUY,reduce_perp,1660464300000000000,1660464240000000000,1660464240000000000,1660464240000000000,0,0,all_client,vwap,1660464300000000000,1660464300000000000,1660464240000000000,0.273,0.273,2010.55,2010.344660601046638756940020,548.88015,0.274440075,0,0,0.056057655914267619355374540,0.001175246679859046117310078,0,0.273,True,True,SH_MAX,permanent,run_03c2965a78c8d2502b7bb0a9
fill-permanent-00000046-1660464360000000000,permanent-00000046,ETHUSDT,spot,SELL,reduce_spot,1660464360000000000,1660464300000000000,1660464300000000000,1660464300000000000,0,0,all_client,vwap,1660464360000000000,1660464360000000000,1660464300000000000,0.2730,0.2730,1980.60,1980.806861234532052954945771,540.703800,0.540703800,0,0,0.0564731170272504567001954830,0.0023970897155477316545253480,0,0.2730,True,True,SH_MAX,permanent,run_03c2965a78c8d2502b7bb0a9
fill-permanent-00000047-1660694640000000000,permanent-00000047,BTCUSDT,futures,BUY,reduce_perp,1660694640000000000,1660694580000000000,1660694580000000000,1660694580000000000,0,0,all_client,vwap,1660694640000000000,1660694640000000000,1660694580000000000,0.008,0.008,23825.2,23822.77614933401096923109502,190.6016,0.09530080,0,0,0.01939080532791224615123984,0.00033258440844503737585496,0,0.008,True,True,SH_MAX,permanent,run_03c2965a78c8d2502b7bb0a9
fill-permanent-00000048-1660694700000000000,permanent-00000048,BTCUSDT,spot,SELL,reduce_spot,1660694700000000000,1660694640000000000,1660694640000000000,1660694640000000000,0,0,all_client,vwap,1660694700000000000,1660694700000000000,1660694640000000000,0.00800,0.00800,23711.89,23714.26339318320863724636096,189.6951200,0.1896951200,0,0,0.0189871454656690979708876800,0.0000157347511225310610905600,0,0.00800,True,True,SH_MAX,permanent,run_03c2965a78c8d2502b7bb0a9
fill-permanent-00000049-1661069100000000000,permanent-00000049,ETHUSDT,spot,BUY,increase_spot,1661069100000000000,1661069040000000000,1661069040000000000,1661069040000000000,0,0,all_client,vwap,1661069100000000000,1661069100000000000,1661069040000000000,0.3914,0.3910086,1592.69,1592.524665699581604253817302,623.378866,0.623378866,0.0003914,0,0.0647118451837600950559079972,0.0023804297682784710654134824,0,0.3914,True,True,SH_MAX,permanent,run_03c2965a78c8d2502b7bb0a9
fill-permanent-00000050-1661069160000000000,permanent-00000050,ETHUSDT,futures,SELL,increase_perp,1661069160000000000,1661069100000000000,1661069100000000000,1661069100000000000,0,0,all_client,vwap,1661069160000000000,1661069160000000000,1661069100000000000,0.391,0.391,1590.16,1590.320861580533961981363529,621.75256,0.310876280,0,0,0.062896877988779134713139839,0.000715332300980256799668663,0,0.391,True,True,SH_MAX,permanent,run_03c2965a78c8d2502b7bb0a9
fill-permanent-00000051-1661299440000000000,permanent-00000051,BTCUSDT,spot,BUY,increase_spot,1661299440000000000,1661299380000000000,1661299380000000000,1661299380000000000,0,0,all_client,vwap,1661299440000000000,1661299440000000000,1661299380000000000,0.01001,0.00999999,21522.02,21519.86612347446621341814650,215.4354202,0.2154354202,0.00001001,0,0.0215603040205932036843535350,0.0000189180309952630047220169,0,0.01001,True,True,SH_MAX,permanent,run_03c2965a78c8d2502b7bb0a9
fill-permanent-00000052-1661299500000000000,permanent-00000052,BTCUSDT,futures,SELL,increase_perp,1661299500000000000,1661299440000000000,1661299440000000000,1661299440000000000,0,0,all_client,vwap,1661299500000000000,1661299500000000000,1661299440000000000,0.010,0.010,21524.1,21526.26192641447849722563000,215.2410,0.10762050,0,0,0.02161926414478497225630000,0.00009300221837049375907440,0,0.010,True,True,SH_MAX,permanent,run_03c2965a78c8d2502b7bb0a9
fill-permanent-00000053-1662883500000000000,permanent-00000053,ETHUSDT,futures,BUY,reduce_perp,1662883500000000000,1662883440000000000,1662883440000000000,1662883440000000000,0,0,all_client,vwap,1662883500000000000,1662883500000000000,1662883440000000000,0.182,0.182,1759.50,1759.314432715839355915111317,320.22900,0.160114500,0,0,0.033773245717237223449740306,0.001753723041808947172085304,0,0.182,True,True,SH_MAX,permanent,run_03c2965a78c8d2502b7bb0a9
fill-permanent-00000054-1662883560000000000,permanent-00000054,ETHUSDT,spot,SELL,reduce_spot,1662883560000000000,1662883500000000000,1662883500000000000,1662883500000000000,0,0,all_client,vwap,1662883560000000000,1662883560000000000,1662883500000000000,0.1820,0.1820,1734.30,1734.479678721289961944998523,315.642600,0.315642600,0,0,0.0327015272747730739897311860,0.0011339971220455966823321860,0,0.1820,True,True,SH_MAX,permanent,run_03c2965a78c8d2502b7bb0a9
fill-permanent-00000055-1663113840000000000,permanent-00000055,BTCUSDT,spot,BUY,increase_spot,1663113840000000000,1663113780000000000,1663113780000000000,1663113780000000000,0,0,all_client,vwap,1663113840000000000,1663113840000000000,1663113780000000000,0.01301,0.01299699,20138.76,20136.74222094888884366581104,262.0052676,0.2620052676,0.00001301,0,0.0262513054549561439077983696,0.0000534038255016395221891638,0,0.01301,True,True,SH_MAX,permanent,run_03c2965a78c8d2502b7bb0a9
fill-permanent-00000056-1663113900000000000,permanent-00000056,BTCUSDT,futures,SELL,increase_perp,1663113900000000000,1663113840000000000,1663113840000000000,1663113840000000000,0,0,all_client,vwap,1663113900000000000,1663113900000000000,1663113840000000000,0.013,0.013,20132.8,20134.87504607853256462053407,261.7264,0.13086320,0,0,0.02697559902092334006694291,0.00080026146102124773293626,0,0.013,True,True,SH_MAX,permanent,run_03c2965a78c8d2502b7bb0a9
fill-permanent-00000057-1663488300000000000,permanent-00000057,ETHUSDT,spot,BUY,increase_spot,1663488300000000000,1663488240000000000,1663488240000000000,1663488240000000000,0,0,all_client,vwap,1663488300000000000,1663488300000000000,1663488240000000000,0.0160,0.0159840,1452.94,1452.787412617502403507643415,23.247040,0.023247040,0.0000160,0,0.0024413981199615438777053600,0.0001169382597735400320931360,0,0.0160,True,True,SH_MAX,permanent,run_03c2965a78c8d2502b7bb0a9
fill-permanent-00000058-1663488360000000000,permanent-00000058,ETHUSDT,futures,SELL,increase_perp,1663488360000000000,1663488300000000000,1663488300000000000,1663488300000000000,0,0,all_client,vwap,1663488360000000000,1663488360000000000,1663488300000000000,0.016,0.016,1451.69,1451.844664303471548980598284,23.22704,0.011613520,0,0,0.002474628855544783689572544,0.000151677392659229211203584,0,0.016,True,True,SH_MAX,permanent,run_03c2965a78c8d2502b7bb0a9
fill-permanent-00000059-1667721900000000000,permanent-00000059,ETHUSDT,spot,BUY,increase_spot,1667721900000000000,1667721840000000000,1667721840000000000,1667721840000000000,0,0,all_client,vwap,1667721900000000000,1667721900000000000,1667721840000000000,0.0130,0.0129870,1622.38,1622.213879156683441248891137,21.090940,0.021090940,0.0000130,0,0.0021595709631152637644152190,0.0000506929202115752907916620,0,0.0130,True,True,SH_MAX,permanent,run_03c2965a78c8d2502b7bb0a9
fill-permanent-00000060-1667721960000000000,permanent-00000060,ETHUSDT,futures,SELL,increase_perp,1667721960000000000,1667721900000000000,1667721900000000000,1667721900000000000,0,0,all_client,vwap,1667721960000000000,1667721960000000000,1667721900000000000,0.013,0.013,1621.73,1621.896284200614780151236175,21.08249,0.010541245,0,0,0.002161694607992141966070275,0.000053229438531342751873663,0,0.013,True,True,SH_MAX,permanent,run_03c2965a78c8d2502b7bb0a9
fill-permanent-00000061-1673656800000000000,permanent-00000061,ETHUSDT,futures,BUY,close_perp,1673656800000000000,1673656740000000000,1673656740000000000,1673656740000000000,0,0,all_client,vwap,1673656800000000000,1673656800000000000,1673656740000000000,1.741,1.741,1564.65,1564.484487969120318169028532,2724.05565,1.362027825,0,0,0.288156445761526067721325788,0.015779696406102220328097665,0,1.741,True,True,SH_MAX,permanent,run_03c2965a78c8d2502b7bb0a9
fill-permanent-00000062-1673656860000000000,permanent-00000062,ETHUSDT,spot,SELL,close_spot,1673656860000000000,1673656800000000000,1673656800000000000,1673656800000000000,0,0,all_client,vwap,1673656860000000000,1673656860000000000,1673656800000000000,1.7410,1.7410,1554.85,1555.006063821524811964038240,2706.993850,2.706993850,0,0,0.2717071132746976293905758400,0.0009805575633701596276364760,0,1.7410,True,True,SH_MAX,permanent,run_03c2965a78c8d2502b7bb0a9
fill-permanent-00000063-1673769780000000000,permanent-00000063,ETHUSDT,spot,BUY,open_spot,1673769780000000000,1673769660002000000,1673769660002000000,1673769660002000000,0,0,all_client,vwap,1673769780000000000,1673769780000000000,1673769720000000000,1.8118,1.8099882,1530.31,1530.152382233999883750541507,2772.615658,2.772615658,0.0018118,0,0.2855718684390106207688976174,0.0083388598258545218309747802,0,1.8118,True,True,SH_MAX,permanent,run_03c2965a78c8d2502b7bb0a9
fill-permanent-00000064-1673769840000000000,permanent-00000064,ETHUSDT,futures,SELL,open_perp,1673769840000000000,1673769780000000000,1673769780000000000,1673769780000000000,0,0,all_client,vwap,1673769840000000000,1673769840000000000,1673769780000000000,1.807,1.807,1531.08,1531.236803858103467757381195,2766.66156,1.383330780,0,0,0.283344571592966237587819365,0.006650081135806940964060799,0,1.807,True,True,SH_MAX,permanent,run_03c2965a78c8d2502b7bb0a9
fill-permanent-00000065-1673769900000000000,permanent-00000065,ETHUSDT,futures,BUY,close_perp,1673769900000000000,1673769840000000000,1673769840000000000,1673769840000000000,0,0,all_client,vwap,1673769900000000000,1673769900000000000,1673769840000000000,1.807,1.807,1530.10,1529.944154996744553528318726,2764.89070,1.382445350,0,0,0.281611920882591774328062118,0.005151012074680033505494694,0,1.807,True,True,SH_MAX,permanent,run_03c2965a78c8d2502b7bb0a9
fill-permanent-00000066-1673769960000000000,permanent-00000066,ETHUSDT,spot,SELL,close_spot,1673769960000000000,1673769900000000000,1673769900000000000,1673769900000000000,0,0,all_client,vwap,1673769960000000000,1673769960000000000,1673769900000000000,0.7593,0.7593,1506.94,1507.095783345092511489845956,1144.219542,1.144219542,0,0,0.1182862939287439742400343908,0.0038525110993510998426100803,0,0.7593,True,True,SH_MAX,permanent,run_03c2965a78c8d2502b7bb0a9
fill-permanent-00000067-1673770020000000000,permanent-00000067,ETHUSDT,spot,SELL,close_spot,1673770020000000000,1673769960000000000,1673769960000000000,1673769960000000000,0,0,all_client,vwap,1673770020000000000,1673770020000000000,1673769960000000000,0.6788,0.6788,1506.78,1506.940092999905150167162205,1022.802264,1.022802264,0,0,0.1086711283356159334697047540,0.0063800348227823718763579332,0,0.6788,True,True,SH_MAX,permanent,run_03c2965a78c8d2502b7bb0a9
fill-permanent-00000068-1673770080000000000,permanent-00000068,ETHUSDT,spot,SELL,close_spot,1673770080000000000,1673770020000000000,1673770020000000000,1673770020000000000,0,0,all_client,vwap,1673770080000000000,1673770080000000000,1673770020000000000,0.3719,0.3719,1506.31,1506.462782394845914904852615,560.196689,0.560196689,0,0,0.0568197726431957531146875185,0.0007944217659314335393761470,0,0.3719,True,True,SH_MAX,permanent,run_03c2965a78c8d2502b7bb0a9
fill-permanent-00000069-1673884920000000000,permanent-00000069,ETHUSDT,spot,BUY,open_spot,1673884920000000000,1673884860000000000,1673884860000000000,1673884860000000000,0,0,all_client,vwap,1673884920000000000,1673884920000000000,1673884860000000000,1.7668,1.7650332,1549.83,1549.665169623598850785034165,2738.239644,2.738239644,0.0017668,0,0.2912223090255504330016372780,0.0174274668564529880449381776,0,1.7668,True,True,SH_MAX,permanent,run_03c2965a78c8d2502b7bb0a9
fill-permanent-00000070-1673884980000000000,permanent-00000070,ETHUSDT,futures,SELL,open_perp,1673884980000000000,1673884920000000000,1673884920000000000,1673884920000000000,0,0,all_client,vwap,1673884980000000000,1673884980000000000,1673884920000000000,1.765,1.765,1548.11,1548.265285938465537842498066,2732.41415,1.366207075,0,0,0.274079681391674292009086490,0.000810858423535124579885240,0,1.765,True,True,SH_MAX,permanent,run_03c2965a78c8d2502b7bb0a9
fill-permanent-00000071-1674000240000000000,permanent-00000071,BTCUSDT,futures,BUY,reduce_perp,1674000240000000000,1674000180000000000,1674000180000000000,1674000180000000000,0,0,all_client,vwap,1674000240000000000,1674000240000000000,1674000180000000000,0.008,0.008,21167.3,21165.08733693933820404638623,169.3384,0.08466920,0,0,0.01770130448529436762891016,0.00076923461574289706567304,0,0.008,True,True,SH_MAX,permanent,run_03c2965a78c8d2502b7bb0a9
fill-permanent-00000072-1674000300000000000,permanent-00000072,BTCUSDT,spot,SELL,reduce_spot,1674000300000000000,1674000240000000000,1674000240000000000,1674000240000000000,0,0,all_client,vwap,1674000300000000000,1674000300000000000,1674000240000000000,0.00800,0.00800,21162.62,21164.74317117664295799035670,169.3009600,0.1693009600,0,0,0.0169853694131436639228536000,0.0000535748762023495564612800,0,0.00800,True,True,SH_MAX,permanent,run_03c2965a78c8d2502b7bb0a9
fill-permanent-00000073-1674605040000000000,permanent-00000073,BTCUSDT,futures,BUY,reduce_perp,1674605040000000000,1674604980000000000,1674604980000000000,1674604980000000000,0,0,all_client,vwap,1674605040000000000,1674605040000000000,1674604980000000000,0.009,0.009,22649.6,22647.31662127112013791279123,203.8464,0.10192320,0,0,0.02055040855991875878487893,0.00016782360077475066075741,0,0.009,True,True,SH_MAX,permanent,run_03c2965a78c8d2502b7bb0a9
fill-permanent-00000074-1674605100000000000,permanent-00000074,BTCUSDT,spot,SELL,reduce_spot,1674605100000000000,1674605040000000000,1674605040000000000,1674605040000000000,0,0,all_client,vwap,1674605100000000000,1674605100000000000,1674605040000000000,0.00900,0.00900,22530.02,22532.27410430437060337142842,202.7701800,0.2027701800,0,0,0.0202869387393354303428557800,0.0000078920454614967998215200,0,0.00900,True,True,SH_MAX,permanent,run_03c2965a78c8d2502b7bb0a9
fill-permanent-00000075-1675094640000000000,permanent-00000075,ETHUSDT,spot,BUY,increase_spot,1675094640000000000,1675094580000000000,1675094580000000000,1675094580000000000,0,0,all_client,vwap,1675094640000000000,1675094640000000000,1675094580000000000,0.1311,0.1309689,1584.47,1584.306065782917335657046846,207.724017,0.207724017,0.0001311,0,0.0214917758595372953611584894,0.0007215233371232490906945639,0,0.1311,True,True,SH_MAX,permanent,run_03c2965a78c8d2502b7bb0a9
fill-permanent-00000076-1675094700000000000,permanent-00000076,ETHUSDT,futures,SELL,increase_perp,1675094700000000000,1675094640000000000,1675094640000000000,1675094640000000000,0,0,all_client,vwap,1675094700000000000,1675094700000000000,1675094640000000000,0.131,0.131,1582.86,1583.023385650795843880711416,207.35466,0.103677330,0,0,0.021403520254255548373195496,0.000665913902230122818358195,0,0.131,True,True,SH_MAX,permanent,run_03c2965a78c8d2502b7bb0a9
fill-permanent-00000077-1676304240000000000,permanent-00000077,ETHUSDT,spot,BUY,increase_spot,1676304240000000000,1676304180000000000,1676304180000000000,1676304180000000000,0,0,all_client,vwap,1676304240000000000,1676304240000000000,1676304180000000000,0.1401,0.1399599,1479.71,1479.558048961759209540856625,207.307371,0.207307371,0.0001401,0,0.0212883404575347433259868375,0.0005597321915804968003193889,0,0.1401,True,True,SH_MAX,permanent,run_03c2965a78c8d2502b7bb0a9
fill-permanent-00000078-1676304300000000000,permanent-00000078,ETHUSDT,futures,SELL,increase_perp,1676304300000000000,1676304240000000000,1676304240000000000,1676304240000000000,0,0,all_client,vwap,1676304300000000000,1676304300000000000,1676304240000000000,0.140,0.140,1480.53,1480.679496959173288421446065,207.27420,0.103637100,0,0,0.020929574284260379002449100,0.000200061326831952964548800,0,0.140,True,True,SH_MAX,permanent,run_03c2965a78c8d2502b7bb0a9
fill-permanent-00000079-1676909040000000000,permanent-00000079,ETHUSDT,futures,BUY,reduce_perp,1676909040000000000,1676908980000000000,1676908980000000000,1676908980000000000,0,0,all_client,vwap,1676909040000000000,1676909040000000000,1676908980000000000,0.270,0.270,1705.27,1705.091222027072232797349870,460.42290,0.230211450,0,0,0.048270052690497144715535100,0.002232589695766194430006650,0,0.270,True,True,SH_MAX,permanent,run_03c2965a78c8d2502b7bb0a9
fill-permanent-00000080-1676909100000000000,permanent-00000080,ETHUSDT,spot,SELL,reduce_spot,1676909100000000000,1676909040000000000,1676909040000000000,1676909040000000000,0,0,all_client,vwap,1676909100000000000,1676909100000000000,1676909040000000000,0.2700,0.2700,1679.21,1679.383421124322531274718777,453.386700,0.453386700,0,0,0.0468237035670834441740697900,0.0014803511967267358296523500,0,0.2700,True,True,SH_MAX,permanent,run_03c2965a78c8d2502b7bb0a9
fill-permanent-00000081-1677024240000000000,permanent-00000081,BTCUSDT,futures,BUY,reduce_perp,1677024240000000000,1677024180000000000,1677024180000000000,1677024180000000000,0,0,all_client,vwap,1677024240000000000,1677024240000000000,1677024180000000000,0.009,0.009,24431.1,24428.62819114817190506735087,219.8799,0.10993995,0,0,0.02224627966645285439384217,0.00026051429441949967928151,0,0.009,True,True,SH_MAX,permanent,run_03c2965a78c8d2502b7bb0a9
fill-permanent-00000082-1677024300000000000,permanent-00000082,BTCUSDT,spot,SELL,reduce_spot,1677024300000000000,1677024240000000000,1677024240000000000,1677024240000000000,0,0,all_client,vwap,1677024300000000000,1677024300000000000,1677024240000000000,0.00900,0.00900,24292.12,24294.54994471107793061184562,218.6290800,0.2186290800,0,0,0.0218695023997013755066105800,0.0000044074494614053690599600,0,0.00900,True,True,SH_MAX,permanent,run_03c2965a78c8d2502b7bb0a9
fill-permanent-00000083-1677629040000000000,permanent-00000083,BTCUSDT,spot,BUY,increase_spot,1677629040000000000,1677628980000000000,1677628980000000000,1677628980000000000,0,0,all_client,vwap,1677629040000000000,1677629040000000000,1677628980000000000,0.00701,0.00700299,23161.17,23158.84703020168776285043743,162.3598017,0.1623598017,0.00000701,0,0.0162840182861687824184336157,0.0000496665179973992966754853,0,0.00701,True,True,SH_MAX,permanent,run_03c2965a78c8d2502b7bb0a9
fill-permanent-00000084-1677629100000000000,permanent-00000084,BTCUSDT,futures,SELL,increase_perp,1677629100000000000,1677629040000000000,1677629040000000000,1677629040000000000,0,0,all_client,vwap,1677629100000000000,1677629100000000000,1677629040000000000,0.007,0.007,23155.5,23157.87530448761279253547542,162.0885,0.08104425,0,0,0.01662713141328954774832794,0.00041661870014821879355309,0,0.007,True,True,SH_MAX,permanent,run_03c2965a78c8d2502b7bb0a9
fill-permanent-00000085-1678118640000000000,permanent-00000085,ETHUSDT,spot,BUY,increase_spot,1678118640000000000,1678118580000000000,1678118580000000000,1678118580000000000,0,0,all_client,vwap,1678118640000000000,1678118640000000000,1678118580000000000,0.1432,0.1430568,1579.89,1579.730292900042760082875392,226.240248,0.226240248,0.0001432,0,0.0228700567138767561322438656,0.0002483189195481438078570240,0,0.1432,True,True,SH_MAX,permanent,run_03c2965a78c8d2502b7bb0a9
fill-permanent-00000086-1678118700000000000,permanent-00000086,ETHUSDT,futures,SELL,increase_perp,1678118700000000000,1678118640000000000,1678118640000000000,1678118640000000000,0,0,all_client,vwap,1678118700000000000,1678118700000000000,1678118640000000000,0.143,0.143,1578.69,1578.853763653478199346626390,225.75267,0.112876335,0,0,0.023418202447382506567573770,0.000840593627137768316916961,0,0.143,True,True,SH_MAX,permanent,run_03c2965a78c8d2502b7bb0a9
fill-permanent-00000087-1678723440000000000,permanent-00000087,ETHUSDT,futures,BUY,reduce_perp,1678723440000000000,1678723380000000000,1678723380000000000,1678723380000000000,0,0,all_client,vwap,1678723440000000000,1678723440000000000,1678723380000000000,0.102,0.102,1667.02,1666.849597994376275421664210,170.03604,0.085018020,0,0,0.017381004573619906990250580,0.000379138674077268980949648,0,0.102,True,True,SH_MAX,permanent,run_03c2965a78c8d2502b7bb0a9
fill-permanent-00000088-1678723500000000000,permanent-00000088,ETHUSDT,spot,SELL,reduce_spot,1678723500000000000,1678723440000000000,1678723440000000000,1678723440000000000,0,0,all_client,vwap,1678723500000000000,1678723500000000000,1678723440000000000,0.1020,0.1020,1640.92,1641.087352219925428622649519,167.373840,0.167373840,0,0,0.0170699264323937195102509380,0.0003308354397504801382999080,0,0.1020,True,True,SH_MAX,permanent,run_03c2965a78c8d2502b7bb0a9
fill-permanent-00000089-1678838640000000000,permanent-00000089,BTCUSDT,futures,BUY,reduce_perp,1678838640000000000,1678838580000000000,1678838580000000000,1678838580000000000,0,0,all_client,vwap,1678838640000000000,1678838640000000000,1678838580000000000,0.008,0.008,24690.9,24688.34145380750375921466033,197.5272,0.09876360,0,0,0.02046836953996992628271736,0.00071769637692392327534560,0,0.008,True,True,SH_MAX,permanent,run_03c2965a78c8d2502b7bb0a9
fill-permanent-00000090-1678838700000000000,permanent-00000090,BTCUSDT,spot,SELL,reduce_spot,1678838700000000000,1678838640000000000,1678838640000000000,1678838640000000000,0,0,all_client,vwap,1678838700000000000,1678838700000000000,1678838640000000000,0.00800,0.00800,24531.91,24534.36586217798874612897473,196.2552800,0.1962552800,0,0,0.0196468974239099690317978400,0.0000194047341675780348946400,0,0.00800,True,True,SH_MAX,permanent,run_03c2965a78c8d2502b7bb0a9
fill-permanent-00000091-1679328240000000000,permanent-00000091,ETHUSDT,futures,BUY,reduce_perp,1679328240000000000,1679328180000000000,1679328180000000000,1679328180000000000,0,0,all_client,vwap,1679328240000000000,1679328240000000000,1679328180000000000,0.095,0.095,1764.47,1764.285753126212843965989447,167.62465,0.083812325,0,0,0.017503453009779823231002535,0.000742738355080801213325630,0,0.095,True,True,SH_MAX,permanent,run_03c2965a78c8d2502b7bb0a9
fill-permanent-00000092-1679328300000000000,permanent-00000092,ETHUSDT,spot,SELL,reduce_spot,1679328300000000000,1679328240000000000,1679328240000000000,1679328240000000000,0,0,all_client,vwap,1679328300000000000,1679328300000000000,1679328240000000000,0.0950,0.0950,1742.00,1742.175558178059850411463465,165.490000,0.165490000,0,0,0.0166780269156857890890291750,0.0001273591129942205101203050,0,0.0950,True,True,SH_MAX,permanent,run_03c2965a78c8d2502b7bb0a9
fill-permanent-00000093-1679443440000000000,permanent-00000093,BTCUSDT,futures,BUY,reduce_perp,1679443440000000000,1679443380000000000,1679443380000000000,1679443380000000000,0,0,all_client,vwap,1679443440000000000,1679443440000000000,1679443380000000000,0.015,0.015,28091.3,28088.49041382178981221276466,421.3695,0.21068475,0,0,0.04214379267315281680853010,0.00001105705242013209021090,0,0.015,True,True,SH_MAX,permanent,run_03c2965a78c8d2502b7bb0a9
fill-permanent-00000094-1679443500000000000,permanent-00000094,BTCUSDT,spot,SELL,reduce_spot,1679443500000000000,1679443440000000000,1679443440000000000,1679443440000000000,0,0,all_client,vwap,1679443500000000000,1679443500000000000,1679443440000000000,0.01500,0.01500,27945.96,27948.75819674118724992791144,419.1894000,0.4191894000,0,0,0.0419729511178087489186716000,0.0000498138226969680437797500,0,0.01500,True,True,SH_MAX,permanent,run_03c2965a78c8d2502b7bb0a9
fill-permanent-00000095-1679659200000000000,permanent-00000095,BTCUSDT,futures,BUY,close_perp,1679659200000000000,1679659140000000000,1679659140000000000,1679659140000000000,0,0,all_client,vwap,1679659200000000000,1679659200000000000,1679659140000000000,0.107,0.107,27592.2,27589.35746521915028068755914,2952.3654,1.47618270,0,0,0.30415122155091996643117202,0.00894509667307505842781470,0,0.107,True,True,SH_MAX,permanent,run_03c2965a78c8d2502b7bb0a9
fill-permanent-00000096-1679659200000000000,permanent-00000096,ETHUSDT,futures,BUY,close_perp,1679659200000000000,1679659140000000000,1679659140000000000,1679659140000000000,0,0,all_client,vwap,1679659200000000000,1679659200000000000,1679659140000000000,1.712,1.712,1746.83,1746.651222547725505012021826,2990.57296,1.495286480,0,0,0.306066998293935419418633888,0.007040308993764812960576064,0,1.712,True,True,SH_MAX,permanent,run_03c2965a78c8d2502b7bb0a9
fill-permanent-00000337-1679666460000000000,permanent-00000337,BTCUSDT,spot,SELL,close_spot,1679666460000000000,1679666400000000000,1679666400000000000,1679666400000000000,0,0,all_client,vwap,1679666460000000000,1679666460000000000,1679666400000000000,0.10700,0.10700,27818.66,27821.44917378063389507613500,2976.5966200,2.9765966200,0,0,0.2984415945278267731464450000,0.0007520883683739904691307300,0,0.10700,True,True,SH_MAX,permanent,run_03c2965a78c8d2502b7bb0a9
fill-permanent-00000338-1679666460000000000,permanent-00000338,ETHUSDT,spot,SELL,close_spot,1679666460000000000,1679666400000000000,1679666400000000000,1679666400000000000,0,0,all_client,vwap,1679666460000000000,1679666460000000000,1679666400000000000,1.7120,1.7120,1745.40,1745.575970521694983783788777,2988.124800,2.988124800,0,0,0.3012615331418122378463862240,0.0024189269884980566226013760,0,1.7120,True,True,SH_MAX,permanent,run_03c2965a78c8d2502b7bb0a9
fill-permanent-00000339-1681459380000000000,permanent-00000339,BTCUSDT,spot,BUY,open_spot,1681459380000000000,1681459260008000000,1681459260008000000,1681459260008000000,0,0,all_client,vwap,1681459380000000000,1681459380000000000,1681459320000000000,0.09809,0.09799191,30774.91,30771.83264455123074524771318,3018.7109219,3.0187109219,0.00009809,0,0.3018577959697761986518141738,0.0000168895593731762716794845,0,0.09809,True,True,SH_MAX,permanent,run_03c2965a78c8d2502b7bb0a9
fill-permanent-00000340-1681459380000000000,permanent-00000340,ETHUSDT,spot,BUY,open_spot,1681459380000000000,1681459260008000000,1681459260008000000,1681459260008000000,0,0,all_client,vwap,1681459380000000000,1681459380000000000,1681459320000000000,1.4354,1.4339646,2110.92,2110.706120184448478421973015,3030.014568,3.030014568,0.0014354,0,0.3070030872426540730999342690,0.0040323307513783385072446952,0,1.4354,True,True,SH_MAX,permanent,run_03c2965a78c8d2502b7bb0a9
fill-permanent-00000341-1681459440000000000,permanent-00000341,BTCUSDT,futures,SELL,open_perp,1681459440000000000,1681459380000000000,1681459380000000000,1681459380000000000,0,0,all_client,vwap,1681459440000000000,1681459440000000000,1681459380000000000,0.098,0.098,30781.6,30784.68017260798899339458341,3016.5968,1.50829840,0,0,0.30185691558292135266917418,0.00016704989136306053390710,0,0.098,True,True,SH_MAX,permanent,run_03c2965a78c8d2502b7bb0a9
fill-permanent-00000342-1681459440000000000,permanent-00000342,ETHUSDT,futures,SELL,open_perp,1681459440000000000,1681459380000000000,1681459380000000000,1681459380000000000,0,0,all_client,vwap,1681459440000000000,1681459440000000000,1681459380000000000,1.434,1.434,2110.52,2110.734352798589591326525513,3026.48568,1.513242840,0,0,0.307381913177473962237585642,0.004702606986156214841361240,0,1.434,True,True,SH_MAX,permanent,run_03c2965a78c8d2502b7bb0a9
fill-permanent-00000343-1682064300000000000,permanent-00000343,BTCUSDT,spot,BUY,increase_spot,1682064300000000000,1682064240000000000,1682064240000000000,1682064240000000000,0,0,all_client,vwap,1682064300000000000,1682064300000000000,1682064240000000000,0.00901,0.00900099,28170.48,28167.66132435582814246674227,253.8160248,0.2538160248,0.00000901,0,0.0253962675539884363746521473,0.0000172047007438352182896506,0,0.00901,True,True,SH_MAX,permanent,run_03c2965a78c8d2502b7bb0a9
fill-permanent-00000344-1682064300000000000,permanent-00000344,ETHUSDT,spot,BUY,increase_spot,1682064300000000000,1682064240000000000,1682064240000000000,1682064240000000000,0,0,all_client,vwap,1682064300000000000,1682064300000000000,1682064240000000000,0.1331,0.1329669,1928.50,1928.300533150635591060609665,256.683350,0.256683350,0.0001331,0,0.0265490376504028298328535885,0.0008833575541678701158368694,0,0.1331,True,True,SH_MAX,permanent,run_03c2965a78c8d2502b7bb0a9
fill-permanent-00000345-1682064360000000000,permanent-00000345,BTCUSDT,futures,SELL,increase_perp,1682064360000000000,1682064300000000000,1682064300000000000,1682064300000000000,0,0,all_client,vwap,1682064360000000000,1682064360000000000,1682064300000000000,0.009,0.009,28150.3,28153.14850601185660228759954,253.3527,0.12667635,0,0,0.02563655410670942058839586,0.00029872045129874964633702,0,0.009,True,True,SH_MAX,permanent,run_03c2965a78c8d2502b7bb0a9
fill-permanent-00000346-1682064360000000000,permanent-00000346,ETHUSDT,futures,SELL,increase_perp,1682064360000000000,1682064300000000000,1682064300000000000,1682064300000000000,0,0,all_client,vwap,1682064360000000000,1682064360000000000,1682064300000000000,0.133,0.133,1927.48,1927.676051168008765181910058,256.35484,0.128177420,0,0,0.026074805345165769194037714,0.000436713864631252617118311,0,0.133,True,True,SH_MAX,permanent,run_03c2965a78c8d2502b7bb0a9
fill-permanent-00000347-1683878700000000000,permanent-00000347,BTCUSDT,spot,BUY,increase_spot,1683878700000000000,1683878640000000000,1683878640000000000,1683878640000000000,0,0,all_client,vwap,1683878700000000000,1683878700000000000,1683878640000000000,0.00601,0.00600399,26343.94,26341.29993274016633998287150,158.3270794,0.1583270794,0.00000601,0,0.0158668042316002967029422850,0.0000356829720234567326125621,0,0.00601,True,True,SH_MAX,permanent,run_03c2965a78c8d2502b7bb0a9
fill-permanent-00000348-1683878760000000000,permanent-00000348,BTCUSDT,futures,SELL,increase_perp,1683878760000000000,1683878700000000000,1683878700000000000,1683878700000000000,0,0,all_client,vwap,1683878760000000000,1683878760000000000,1683878700000000000,0.006,0.006,26326.6,26329.33099934030539979433051,157.9596,0.07897980,0,0,0.01638599604183239876598306,0.00058839744222821552610648,0,0.006,True,True,SH_MAX,permanent,run_03c2965a78c8d2502b7bb0a9
fill-permanent-00000349-1684483500000000000,permanent-00000349,ETHUSDT,spot,BUY,increase_spot,1684483500000000000,1684483440000000000,1684483440000000000,1684483440000000000,0,0,all_client,vwap,1684483500000000000,1684483500000000000,1684483440000000000,0.0131,0.0130869,1806.80,1806.612773276917307597059385,23.669080,0.023669080,0.0000131,0,0.0024526700723832704785220565,0.0000860073393905088055699079,0,0.0131,True,True,SH_MAX,permanent,run_03c2965a78c8d2502b7bb0a9
fill-permanent-00000350-1684483560000000000,permanent-00000350,ETHUSDT,futures,SELL,increase_perp,1684483560000000000,1684483500000000000,1684483500000000000,1684483500000000000,0,0,all_client,vwap,1684483560000000000,1684483560000000000,1684483500000000000,0.013,0.013,1806.03,1806.213912115548504191113807,23.47839,0.011739195,0,0,0.002390857502130554484479491,0.000042779416380341429031048,0,0.013,True,True,SH_MAX,permanent,run_03c2965a78c8d2502b7bb0a9
fill-permanent-00000351-1687507500000000000,permanent-00000351,BTCUSDT,futures,BUY,reduce_perp,1687507500000000000,1687507440000000000,1687507440000000000,1687507440000000000,0,0,all_client,vwap,1687507500000000000,1687507500000000000,1687507440000000000,0.012,0.012,29908.5,29905.50813110078434265201249,358.9020,0.17945100,0,0,0.03590242679058788817585012,0.00001581703326694696466772,0,0.012,True,True,SH_MAX,permanent,run_03c2965a78c8d2502b7bb0a9
fill-permanent-00000352-1687507560000000000,permanent-00000352,BTCUSDT,spot,SELL,reduce_spot,1687507560000000000,1687507500000000000,1687507500000000000,1687507500000000000,0,0,all_client,vwap,1687507560000000000,1687507560000000000,1687507500000000000,0.01200,0.01200,29756.76,29759.74436593209912528094884,357.0811200,0.3570811200,0,0,0.0358123911851895033713860800,0.0001006979460709844210490000,0,0.01200,True,True,SH_MAX,permanent,run_03c2965a78c8d2502b7bb0a9
fill-permanent-00000353-1692345900000000000,permanent-00000353,BTCUSDT,spot,BUY,increase_spot,1692345900000000000,1692345840000000000,1692345840000000000,1692345840000000000,0,0,all_client,vwap,1692345900000000000,1692345900000000000,1692345840000000000,0.01401,0.01399599,26465.47,26462.81412561387906365838880,370.7812347,0.3707812347,0.00001401,0,0.0372088001495543181459729120,0.0001343975595692735777874936,0,0.01401,True,True,SH_MAX,permanent,run_03c2965a78c8d2502b7bb0a9
fill-permanent-00000354-1692345900000000000,permanent-00000354,ETHUSDT,spot,BUY,increase_spot,1692345900000000000,1692345840000000000,1692345840000000000,1692345840000000000,0,0,all_client,vwap,1692345900000000000,1692345900000000000,1692345840000000000,0.0360,0.0359640,1692.39,1692.216268408927136678469490,60.926040,0.060926040,0.0000360,0,0.0062543372786230795750983600,0.0001623587123509418830558680,0,0.0360,True,True,SH_MAX,permanent,run_03c2965a78c8d2502b7bb0a9
fill-permanent-00000355-1692345960000000000,permanent-00000355,BTCUSDT,futures,SELL,increase_perp,1692345960000000000,1692345900000000000,1692345900000000000,1692345900000000000,0,0,all_client,vwap,1692345960000000000,1692345960000000000,1692345900000000000,0.014,0.014,26446.8,26449.45324966970092920498924,370.2552,0.18512760,0,0,0.03714549537581300886984936,0.00011626082627542756896236,0,0.014,True,True,SH_MAX,permanent,run_03c2965a78c8d2502b7bb0a9
fill-permanent-00000356-1692345960000000000,permanent-00000356,ETHUSDT,futures,SELL,increase_perp,1692345960000000000,1692345900000000000,1692345900000000000,1692345900000000000,0,0,all_client,vwap,1692345960000000000,1692345960000000000,1692345900000000000,0.036,0.036,1691.03,1691.208524308135624812660734,60.87708,0.030438540,0,0,0.006426875092882493255786424,0.000338524405373205006460848,0,0.036,True,True,SH_MAX,permanent,run_03c2965a78c8d2502b7bb0a9
fill-permanent-00000357-1697789100000000000,permanent-00000357,BTCUSDT,futures,BUY,reduce_perp,1697789100000000000,1697789040000000000,1697789040000000000,1697789040000000000,0,0,all_client,vwap,1697789100000000000,1697789100000000000,1697789040000000000,0.011,0.011,29253.2,29250.25178791899844227773611,321.7852,0.16089260,0,0,0.03243033289101713494490279,0.00025505592430623665839732,0,0.011,True,True,SH_MAX,permanent,run_03c2965a78c8d2502b7bb0a9
fill-permanent-00000358-1697789160000000000,permanent-00000358,BTCUSDT,spot,SELL,reduce_spot,1697789160000000000,1697789100000000000,1697789100000000000,1697789100000000000,0,0,all_client,vwap,1697789160000000000,1697789160000000000,1697789100000000000,0.01100,0.01100,29129.56,29132.47562219003867768937138,320.4251600,0.3204251600,0,0,0.0320718440904254545830851800,0.0000261209060164120376268400,0,0.01100,True,True,SH_MAX,permanent,run_03c2965a78c8d2502b7bb0a9
fill-permanent-00000359-1698393900000000000,permanent-00000359,BTCUSDT,futures,BUY,reduce_perp,1698393900000000000,1698393840000000000,1698393840000000000,1698393840000000000,0,0,all_client,vwap,1698393900000000000,1698393900000000000,1698393840000000000,0.014,0.014,33994.3,33990.86504414883362251783304,475.9202,0.23796010,0,0,0.04808938191632928475033744,0.00050217085452091767881252,0,0.014,True,True,SH_MAX,permanent,run_03c2965a78c8d2502b7bb0a9
fill-permanent-00000360-1698393900000000000,permanent-00000360,ETHUSDT,spot,BUY,increase_spot,1698393900000000000,1698393840000000000,1698393840000000000,1698393840000000000,0,0,all_client,vwap,1698393900000000000,1698393900000000000,1698393840000000000,0.1081,0.1079919,1779.33,1779.150076433149715562657312,192.345573,0.192345573,0.0001081,0,0.0194497375765157476767445728,0.0002171252502733992515122182,0,0.1081,True,True,SH_MAX,permanent,run_03c2965a78c8d2502b7bb0a9
fill-permanent-00000361-1698393960000000000,permanent-00000361,BTCUSDT,spot,SELL,reduce_spot,1698393960000000000,1698393900000000000,1698393900000000000,1698393900000000000,0,0,all_client,vwap,1698393960000000000,1698393960000000000,1698393900000000000,0.01400,0.01400,33794.56,33797.94898886585021933828356,473.1238400,0.4731238400,0,0,0.0474458441219030707359698400,0.0001287155374908804288962200,0,0.01400,True,True,SH_MAX,permanent,run_03c2965a78c8d2502b7bb0a9
fill-permanent-00000362-1698393960000000000,permanent-00000362,ETHUSDT,futures,SELL,increase_perp,1698393960000000000,1698393900000000000,1698393900000000000,1698393900000000000,0,0,all_client,vwap,1698393960000000000,1698393960000000000,1698393900000000000,0.108,0.108,1779.22,1779.400774291310936171785490,192.15576,0.096077880,0,0,0.019523623461581106552832920,0.000306095099234948442177588,0,0.108,True,True,SH_MAX,permanent,run_03c2965a78c8d2502b7bb0a9
fill-permanent-00000363-1699603500000000000,permanent-00000363,BTCUSDT,futures,BUY,reduce_perp,1699603500000000000,1699603440000000000,1699603440000000000,1699603440000000000,0,0,all_client,vwap,1699603500000000000,1699603500000000000,1699603440000000000,0.006,0.006,36507.6,36503.94059402337666118397112,219.0456,0.10952280,0,0,0.02195643585974003289617328,0.00005407150332600689946288,0,0.006,True,True,SH_MAX,permanent,run_03c2965a78c8d2502b7bb0a9
fill-permanent-00000364-1699603500000000000,permanent-00000364,ETHUSDT,futures,BUY,reduce_perp,1699603500000000000,1699603440000000000,1699603440000000000,1699603440000000000,0,0,all_client,vwap,1699603500000000000,1699603500000000000,1699603440000000000,0.261,0.261,2103.50,2103.283467912348139823941909,549.01350,0.274506750,0,0,0.056514874877135505951161751,0.001619176364623219501756917,0,0.261,True,True,SH_MAX,permanent,run_03c2965a78c8d2502b7bb0a9
fill-permanent-00000365-1699603560000000000,permanent-00000365,BTCUSDT,spot,SELL,reduce_spot,1699603560000000000,1699603500000000000,1699603500000000000,1699603500000000000,0,0,all_client,vwap,1699603560000000000,1699603560000000000,1699603500000000000,0.00600,0.00600,36261.61,36265.24152377847700231370207,217.5696600,0.2175696600,0,0,0.0217891426708620138822124200,0.0000299977565949276808242000,0,0.00600,True,True,SH_MAX,permanent,run_03c2965a78c8d2502b7bb0a9
fill-permanent-00000366-1699603560000000000,permanent-00000366,ETHUSDT,spot,SELL,reduce_spot,1699603560000000000,1699603500000000000,1699603500000000000,1699603500000000000,0,0,all_client,vwap,1699603560000000000,1699603560000000000,1699603500000000000,0.2610,0.2610,2070.16,2070.370384356463096081887072,540.311760,0.540311760,0,0,0.0549103170368680773725257920,0.0008736500051643905647884630,0,0.2610,True,True,SH_MAX,permanent,run_03c2965a78c8d2502b7bb0a9
fill-permanent-00000435-1699634820000000000,permanent-00000435,BTCUSDT,futures,BUY,close_perp,1699634820000000000,1699634760000000000,1699634760000000000,1699634760000000000,0,0,all_client,vwap,1699634820000000000,1699634820000000000,1699634760000000000,0.084,0.084,37370.6,37366.80536371617354875475534,3139.1304,1.56956520,0,0,0.31874944784142190460055144,0.00486828278620604679101112,0,0.084,True,True,SH_MAX,permanent,run_03c2965a78c8d2502b7bb0a9
fill-permanent-00000436-1699634880000000000,permanent-00000436,BTCUSDT,spot,SELL,close_spot,1699634880000000000,1699634820000000000,1699634820000000000,1699634820000000000,0,0,all_client,vwap,1699634880000000000,1699634880000000000,1699634820000000000,0.08400,0.08400,37105.08,37108.79229723896529498871073,3116.8267200,3.1168267200,0,0,0.3118329680730847790517013200,0.0001191127762774705737962400,0,0.08400,True,True,SH_MAX,permanent,run_03c2965a78c8d2502b7bb0a9
fill-permanent-00000437-1699747320000000000,permanent-00000437,BTCUSDT,spot,BUY,open_spot,1699747320000000000,1699747260000000000,1699747260000000000,1699747260000000000,0,0,all_client,vwap,1699747320000000000,1699747320000000000,1699747260000000000,0.08209,0.08200791,37162.35,37158.62567910211674937555185,3050.6573115,3.0506573115,0.00008209,0,0.3057295025072360437609486335,0.0006943443074867673653243331,0,0.08209,True,True,SH_MAX,permanent,run_03c2965a78c8d2502b7bb0a9
fill-permanent-00000438-1699747380000000000,permanent-00000438,BTCUSDT,futures,SELL,open_perp,1699747380000000000,1699747320000000000,1699747320000000000,1699747320000000000,0,0,all_client,vwap,1699747380000000000,1699747380000000000,1699747320000000000,0.082,0.082,37203.4,37207.20887271041934206841948,3050.6788,1.52533940,0,0,0.31232756225438604961039736,0.00722844949816061100543648,0,0.082,True,True,SH_MAX,permanent,run_03c2965a78c8d2502b7bb0a9
fill-permanent-00000439-1700208300000000000,permanent-00000439,ETHUSDT,spot,BUY,increase_spot,1700208300000000000,1700208240000000000,1700208240000000000,1700208240000000000,0,0,all_client,vwap,1700208300000000000,1700208300000000000,1700208240000000000,0.0911,0.0910089,1975.32,1975.116761774155199999581501,179.951652,0.179951652,0.0000911,0,0.0185150023744612800381252589,0.0005216886746987261661290851,0,0.0911,True,True,SH_MAX,permanent,run_03c2965a78c8d2502b7bb0a9
fill-permanent-00000440-1700208360000000000,permanent-00000440,ETHUSDT,futures,SELL,increase_perp,1700208360000000000,1700208300000000000,1700208300000000000,1700208300000000000,0,0,all_client,vwap,1700208360000000000,1700208360000000000,1700208300000000000,0.091,0.091,1974.73,1974.932917386141393173931592,179.70043,0.089850215,0,0,0.018465482138866778827774872,0.000493592590652892149892109,0,0.091,True,True,SH_MAX,permanent,run_03c2965a78c8d2502b7bb0a9
fill-permanent-00000441-1700813100000000000,permanent-00000441,ETHUSDT,futures,BUY,reduce_perp,1700813100000000000,1700813040000000000,1700813040000000000,1700813040000000000,0,0,all_client,vwap,1700813100000000000,1700813100000000000,1700813040000000000,0.076,0.076,2078.89,2078.677315478687529116188949,157.99564,0.078997820,0,0,0.016164023619747787169639876,0.000366076022109761948356832,0,0.076,True,True,SH_MAX,permanent,run_03c2965a78c8d2502b7bb0a9
fill-permanent-00000442-1700813160000000000,permanent-00000442,ETHUSDT,spot,SELL,reduce_spot,1700813160000000000,1700813100000000000,1700813100000000000,1700813100000000000,0,0,all_client,vwap,1700813160000000000,1700813160000000000,1700813100000000000,0.0760,0.0760,2047.62,2047.828988908311476687602186,155.619120,0.155619120,0,0,0.0158831570316722282577661360,0.0003196567159690610349403760,0,0.0760,True,True,SH_MAX,permanent,run_03c2965a78c8d2502b7bb0a9
fill-permanent-00000443-1701561840000000000,permanent-00000443,BTCUSDT,futures,BUY,reduce_perp,1701561840000000000,1701561780000000000,1701561780000000000,1701561780000000000,0,0,all_client,vwap,1701561840000000000,1701561840000000000,1701561780000000000,0.004,0.004,39412.8,39408.78691706701606250303295,157.6512,0.07882560,0,0,0.01605233173193574998786820,0.00028881696510894356286700,0,0.004,True,True,SH_MAX,permanent,run_03c2965a78c8d2502b7bb0a9
fill-permanent-00000444-1701561900000000000,permanent-00000444,BTCUSDT,spot,SELL,reduce_spot,1701561900000000000,1701561840000000000,1701561840000000000,1701561840000000000,0,0,all_client,vwap,1701561900000000000,1701561900000000000,1701561840000000000,0.00400,0.00400,39420.59,39424.53292336104832908915502,157.6823600,0.1576823600,0,0,0.0157716934441933163566200800,0.0000018802748488970249844000,0,0.00400,True,True,SH_MAX,permanent,run_03c2965a78c8d2502b7bb0a9
fill-permanent-00000445-1702022700000000000,permanent-00000445,ETHUSDT,futures,BUY,reduce_perp,1702022700000000000,1702022640000000000,1702022640000000000,1702022640000000000,0,0,all_client,vwap,1702022700000000000,1702022700000000000,1702022640000000000,0.169,0.169,2355.63,2355.386939054991108163352990,398.10147,0.199050735,0,0,0.041077299706502720393344690,0.001271260436473370665384075,0,0.169,True,True,SH_MAX,permanent,run_03c2965a78c8d2502b7bb0a9
fill-permanent-00000446-1702022760000000000,permanent-00000446,ETHUSDT,spot,SELL,reduce_spot,1702022760000000000,1702022700000000000,1702022700000000000,1702022700000000000,0,0,all_client,vwap,1702022760000000000,1702022760000000000,1702022700000000000,0.1690,0.1690,2318.12,2318.352374693659282917946630,391.762280,0.391762280,0,0,0.0392713232284188131329804700,0.0000911680960959712516671150,0,0.1690,True,True,SH_MAX,permanent,run_03c2965a78c8d2502b7bb0a9
fill-permanent-00000447-1702166640000000000,permanent-00000447,BTCUSDT,futures,BUY,reduce_perp,1702166640000000000,1702166580000000000,1702166580000000000,1702166580000000000,0,0,all_client,vwap,1702166640000000000,1702166640000000000,1702166580000000000,0.008,0.008,43796.8,43792.38459287449487968284032,350.3744,0.17518720,0,0,0.03532325700404096253727744,0.00028934932974136663353120,0,0.008,True,True,SH_MAX,permanent,run_03c2965a78c8d2502b7bb0a9
fill-permanent-00000448-1702166700000000000,permanent-00000448,BTCUSDT,spot,SELL,reduce_spot,1702166700000000000,1702166640000000000,1702166640000000000,1702166640000000000,0,0,all_client,vwap,1702166700000000000,1702166700000000000,1702166640000000000,0.00800,0.00800,43513.84,43518.19986842385521371800254,348.1107200,0.3481107200,0,0,0.0348789473908417097440203200,0.0000643874961026255730459200,0,0.00800,True,True,SH_MAX,permanent,run_03c2965a78c8d2502b7bb0a9
fill-permanent-00000449-1704441900000000000,permanent-00000449,ETHUSDT,spot,BUY,increase_spot,1704441900000000000,1704441840000000000,1704441840000000000,1704441840000000000,0,0,all_client,vwap,1704441900000000000,1704441900000000000,1704441840000000000,0.0701,0.0700299,2256.47,2256.237106265516009878088623,158.178547,0.158178547,0.0000701,0,0.0163258507873277075459875277,0.0005096286724064403167421168,0,0.0701,True,True,SH_MAX,permanent,run_03c2965a78c8d2502b7bb0a9
fill-permanent-00000450-1704441960000000000,permanent-00000450,ETHUSDT,futures,SELL,increase_perp,1704441960000000000,1704441900000000000,1704441900000000000,1704441900000000000,0,0,all_client,vwap,1704441960000000000,1704441960000000000,1704441900000000000,0.070,0.070,2254.78,2255.007538873105255099436893,157.83460,0.078917300,0,0,0.015927721117367856960582510,0.000142668345256120174886430,0,0.070,True,True,SH_MAX,permanent,run_03c2965a78c8d2502b7bb0a9
fill-permanent-00000451-1704984180000000000,permanent-00000451,BTCUSDT,futures,BUY,close_perp,1704984180000000000,1704984120000000000,1704984120000000000,1704984120000000000,0,0,all_client,vwap,1704984180000000000,1704984180000000000,1704984120000000000,0.070,0.070,48480.6,48475.70140834761520017020766,3393.6420,1.69682100,0,0,0.34290141566693598808546380,0.00357150580850268168427240,0,0.070,True,True,SH_MAX,permanent,run_03c2965a78c8d2502b7bb0a9
fill-permanent-00000452-1704984240000000000,permanent-00000452,BTCUSDT,spot,SELL,close_spot,1704984240000000000,1704984180000000000,1704984180000000000,1704984180000000000,0,0,all_client,vwap,1704984240000000000,1704984240000000000,1704984180000000000,0.07000,0.07000,48196.86,48201.68711575648321947666857,3373.7802000,3.3737802000,0,0,0.3378981029538253633667999000,0.0004862931435299808304630000,0,0.07000,True,True,SH_MAX,permanent,run_03c2965a78c8d2502b7bb0a9
fill-permanent-00000453-1704984660000000000,permanent-00000453,ETHUSDT,futures,BUY,close_perp,1704984660000000000,1704984600000000000,1704984600000000000,1704984600000000000,0,0,all_client,vwap,1704984660000000000,1704984660000000000,1704984600000000000,1.379,1.379,2677.95,2677.679336489415615338821068,3692.89305,1.846446525,0,0,0.373244981095866447765747228,0.003993000593976034410523950,0,1.379,True,True,SH_MAX,permanent,run_03c2965a78c8d2502b7bb0a9
fill-permanent-00000454-1704984720000000000,permanent-00000454,ETHUSDT,spot,SELL,close_spot,1704984720000000000,1704984660000000000,1704984660000000000,1704984660000000000,0,0,all_client,vwap,1704984720000000000,1704984720000000000,1704984660000000000,1.3790,1.3790,2638.27,2638.538303525940908346457889,3638.174330,3.638174330,0,0,0.3699905622725126097654289310,0.0061361302162853585044520970,0,1.3790,True,True,SH_MAX,permanent,run_03c2965a78c8d2502b7bb0a9
fill-permanent-00000455-1705075320000000000,permanent-00000455,BTCUSDT,spot,BUY,open_spot,1705075320000000000,1705075260000000000,1705075260000000000,1705075260000000000,0,0,all_client,vwap,1705075320000000000,1705075320000000000,1705075260000000000,0.06906,0.06899094,44333.10,44328.65925617416126096548800,3061.6438860,3.0616438860,0.00006906,0,0.3066777686124233177233987200,0.0005440477892845600551709770,0,0.06906,True,True,SH_MAX,permanent,run_03c2965a78c8d2502b7bb0a9
fill-permanent-00000456-1705075320000000000,permanent-00000456,ETHUSDT,spot,BUY,open_spot,1705075320000000000,1705075260000000000,1705075260000000000,1705075260000000000,0,0,all_client,vwap,1705075320000000000,1705075320000000000,1705075260000000000,1.1691,1.1679309,2648.16,2647.895064536841986684840770,3095.963856,3.095963856,0.0011691,0,0.3097360499780333667526557930,0.0001706379830311700893311486,0,1.1691,True,True,SH_MAX,permanent,run_03c2965a78c8d2502b7bb0a9
fill-permanent-00000457-1705075380000000000,permanent-00000457,BTCUSDT,futures,SELL,open_perp,1705075380000000000,1705075320000000000,1705075320000000000,1705075320000000000,0,0,all_client,vwap,1705075380000000000,1705075380000000000,1705075320000000000,0.069,0.069,44472.2,44476.65994568333596906388569,3068.5818,1.53429090,0,0,0.30773625215018186540811261,0.00084729852496684722157170,0,0.069,True,True,SH_MAX,permanent,run_03c2965a78c8d2502b7bb0a9
fill-permanent-00000458-1705075380000000000,permanent-00000458,ETHUSDT,futures,SELL,open_perp,1705075380000000000,1705075320000000000,1705075320000000000,1705075320000000000,0,0,all_client,vwap,1705075380000000000,1705075380000000000,1705075320000000000,1.168,1.168,2654.11,2654.382250820255604810968591,3100.00048,1.550000240,0,0,0.317988958058546419211314288,0.007957111162740564569392992,0,1.168,True,True,SH_MAX,permanent,run_03c2965a78c8d2502b7bb0a9
fill-permanent-00000459-1705680240000000000,permanent-00000459,BTCUSDT,spot,BUY,increase_spot,1705680240000000000,1705680180000000000,1705680180000000000,1705680180000000000,0,0,all_client,vwap,1705680240000000000,1705680240000000000,1705680180000000000,0.00601,0.00600399,40938.31,40934.21527016880553339599209,246.0392431,0.2460392431,0.00000601,0,0.0246093262854787442900875391,0.0000078629081072921645165431,0,0.00601,True,True,SH_MAX,permanent,run_03c2965a78c8d2502b7bb0a9
fill-permanent-00000460-1705680240000000000,permanent-00000460,ETHUSDT,spot,BUY,increase_spot,1705680240000000000,1705680180000000000,1705680180000000000,1705680180000000000,0,0,all_client,vwap,1705680240000000000,1705680240000000000,1705680180000000000,0.0881,0.0880119,2465.95,2465.693745397874285633601960,217.250195,0.217250195,0.0000881,0,0.0225760304472754356796673240,0.0008532685503201632232353080,0,0.0881,True,True,SH_MAX,permanent,run_03c2965a78c8d2502b7bb0a9
fill-permanent-00000461-1705680300000000000,permanent-00000461,BTCUSDT,futures,SELL,increase_perp,1705680300000000000,1705680240000000000,1705680240000000000,1705680240000000000,0,0,all_client,vwap,1705680300000000000,1705680300000000000,1705680240000000000,0.006,0.006,40938.0,40942.12730122271800572111915,245.6280,0.12281400,0,0,0.02476380733630803432671490,0.00019853095557440352328224,0,0.006,True,True,SH_MAX,permanent,run_03c2965a78c8d2502b7bb0a9
fill-permanent-00000462-1705680300000000000,permanent-00000462,ETHUSDT,futures,SELL,increase_perp,1705680300000000000,1705680240000000000,1705680240000000000,1705680240000000000,0,0,all_client,vwap,1705680300000000000,1705680300000000000,1705680240000000000,0.088,0.088,2466.97,2467.225001211189452639262563,217.09336,0.108546680,0,0,0.022440106584671832255105544,0.000728526574013365071880056,0,0.088,True,True,SH_MAX,permanent,run_03c2965a78c8d2502b7bb0a9
fill-permanent-00000463-1706285040000000000,permanent-00000463,ETHUSDT,spot,BUY,increase_spot,1706285040000000000,1706284980000000000,1706284980000000000,1706284980000000000,0,0,all_client,vwap,1706285040000000000,1706285040000000000,1706284980000000000,0.1111,0.1109889,2260.79,2260.562779243401477291514698,251.173769,0.251173769,0.0001111,0,0.0252442260580958729127170522,0.0001293735807016825000083761,0,0.1111,True,True,SH_MAX,permanent,run_03c2965a78c8d2502b7bb0a9
fill-permanent-00000464-1706285100000000000,permanent-00000464,ETHUSDT,futures,SELL,increase_perp,1706285100000000000,1706285040000000000,1706285040000000000,1706285040000000000,0,0,all_client,vwap,1706285100000000000,1706285100000000000,1706285040000000000,0.111,0.111,2257.54,2257.775609011477398107294569,250.58694,0.125293470,0,0,0.026152600273991189909697159,0.001091291013963790790706240,0,0.111,True,True,SH_MAX,permanent,run_03c2965a78c8d2502b7bb0a9
fill-permanent-00000465-1707494640000000000,permanent-00000465,BTCUSDT,futures,BUY,reduce_perp,1707494640000000000,1707494580000000000,1707494580000000000,1707494580000000000,0,0,all_client,vwap,1707494640000000000,1707494640000000000,1707494580000000000,0.010,0.010,47209.1,47204.29535317265638863083620,472.0910,0.23604550,0,0,0.04804646827343611369163800,0.00084217292026345730300720,0,0.010,True,True,SH_MAX,permanent,run_03c2965a78c8d2502b7bb0a9
fill-permanent-00000466-1707494640000000000,permanent-00000466,ETHUSDT,futures,BUY,reduce_perp,1707494640000000000,1707494580000000000,1707494580000000000,1707494580000000000,0,0,all_client,vwap,1707494640000000000,1707494640000000000,1707494580000000000,0.122,0.122,2494.89,2494.638819107985048686181192,304.37658,0.152188290,0,0,0.030644068825824060285894576,0.000209475232706642691923180,0,0.122,True,True,SH_MAX,permanent,run_03c2965a78c8d2502b7bb0a9
fill-permanent-00000467-1707494700000000000,permanent-00000467,BTCUSDT,spot,SELL,reduce_spot,1707494700000000000,1707494640000000000,1707494640000000000,1707494640000000000,0,0,all_client,vwap,1707494700000000000,1707494700000000000,1707494640000000000,0.01000,0.01000,46960.70,46965.40017182077387181113249,469.6070000,0.4696070000,0,0,0.0470017182077387181113249000,0.0000363180359179442395138000,0,0.01000,True,True,SH_MAX,permanent,run_03c2965a78c8d2502b7bb0a9
fill-permanent-00000468-1707494700000000000,permanent-00000468,ETHUSDT,spot,SELL,reduce_spot,1707494700000000000,1707494640000000000,1707494640000000000,1707494640000000000,0,0,all_client,vwap,1707494700000000000,1707494700000000000,1707494640000000000,0.1220,0.1220,2458.50,2458.755256240344049907021230,299.937000,0.299937000,0,0,0.0311412613219740886565900600,0.0011444471958418912477244160,0,0.1220,True,True,SH_MAX,permanent,run_03c2965a78c8d2502b7bb0a9
fill-permanent-00000469-1708099440000000000,permanent-00000469,BTCUSDT,futures,BUY,reduce_perp,1708099440000000000,1708099380000000000,1708099380000000000,1708099380000000000,0,0,all_client,vwap,1708099440000000000,1708099440000000000,1708099380000000000,0.006,0.006,51933.3,51928.01210258031837492350980,311.5998,0.15579990,0,0,0.03172738451808975045894120,0.00057057725654155943398710,0,0.006,True,True,SH_MAX,permanent,run_03c2965a78c8d2502b7bb0a9
fill-permanent-00000470-1708099440000000000,permanent-00000470,ETHUSDT,futures,BUY,reduce_perp,1708099440000000000,1708099380000000000,1708099380000000000,1708099380000000000,0,0,all_client,vwap,1708099440000000000,1708099440000000000,1708099380000000000,0.126,0.126,2779.51,2779.224542413180627163111258,350.21826,0.175109130,0,0,0.035967655939240977447981492,0.000949426704834901545726306,0,0.126,True,True,SH_MAX,permanent,run_03c2965a78c8d2502b7bb0a9
fill-permanent-00000471-1708099500000000000,permanent-00000471,BTCUSDT,spot,SELL,reduce_spot,1708099500000000000,1708099440000000000,1708099440000000000,1708099440000000000,0,0,all_client,vwap,1708099500000000000,1708099500000000000,1708099440000000000,0.00600,0.00600,51634.94,51640.11251404790318935926667,309.8096400,0.3098096400,0,0,0.0310350842874191361556000200,0.0000510167789903942419844400,0,0.00600,True,True,SH_MAX,permanent,run_03c2965a78c8d2502b7bb0a9
fill-permanent-00000472-1708099500000000000,permanent-00000472,ETHUSDT,spot,SELL,reduce_spot,1708099500000000000,1708099440000000000,1708099440000000000,1708099440000000000,0,0,all_client,vwap,1708099500000000000,1708099500000000000,1708099440000000000,0.1260,0.1260,2739.55,2739.832559495747472485770272,345.183300,0.345183300,0,0,0.0356024964641815332070542720,0.0010806062145351150537335700,0,0.1260,True,True,SH_MAX,permanent,run_03c2965a78c8d2502b7bb0a9
fill-permanent-00000473-1708704240000000000,permanent-00000473,ETHUSDT,futures,BUY,reduce_perp,1708704240000000000,1708704180000000000,1708704180000000000,1708704180000000000,0,0,all_client,vwap,1708704240000000000,1708704240000000000,1708704180000000000,0.054,0.054,2918.02,2917.725204419033401007870185,157.57308,0.078786540,0,0,0.015918961372196345575010010,0.000163245268333565209567512,0,0.054,True,True,SH_MAX,permanent,run_03c2965a78c8d2502b7bb0a9
fill-permanent-00000474-1708704300000000000,permanent-00000474,ETHUSDT,spot,SELL,reduce_spot,1708704300000000000,1708704240000000000,1708704240000000000,1708704240000000000,0,0,all_client,vwap,1708704300000000000,1708704300000000000,1708704240000000000,0.0540,0.0540,2870.68,2870.969101929215595332151879,155.016720,0.155016720,0,0,0.0156115041776421479362014660,0.0001082710272243837214078560,0,0.0540,True,True,SH_MAX,permanent,run_03c2965a78c8d2502b7bb0a9
fill-permanent-00000475-1709037960000000000,permanent-00000475,BTCUSDT,futures,BUY,close_perp,1709037960000000000,1709037900000000000,1709037900000000000,1709037900000000000,0,0,all_client,vwap,1709037960000000000,1709037960000000000,1709037900000000000,0.059,0.059,57382.0,57376.22716352544268099835836,3385.5380,1.69276900,0,0,0.34059735199888182109685676,0.00207761173408170927896620,0,0.059,True,True,SH_MAX,permanent,run_03c2965a78c8d2502b7bb0a9
fill-permanent-00000476-1709038020000000000,permanent-00000476,BTCUSDT,spot,SELL,close_spot,1709038020000000000,1709037960000000000,1709037960000000000,1709037960000000000,0,0,all_client,vwap,1709038020000000000,1709038020000000000,1709037960000000000,0.05900,0.05900,56909.61,56915.30718492273013080301881,3357.6669900,3.3576669900,0,0,0.3361339104410777173781097900,0.0003335980500336096063720900,0,0.05900,True,True,SH_MAX,permanent,run_03c2965a78c8d2502b7bb0a9
fill-permanent-00000477-1709136120000000000,permanent-00000477,BTCUSDT,spot,BUY,open_spot,1709136120000000000,1709136060000000000,1709136060000000000,1709136060000000000,0,0,all_client,vwap,1709136120000000000,1709136120000000000,1709136060000000000,0.05005,0.04999995,61093.28,61087.16544828461973007742591,3057.7186640,3.0577186640,0.00005005,0,0.3060333133547825096248332045,0.0002920502861179878757958175,0,0.05005,True,True,SH_MAX,permanent,run_03c2965a78c8d2502b7bb0a9
fill-permanent-00000478-1709136180000000000,permanent-00000478,BTCUSDT,futures,SELL,open_perp,1709136180000000000,1709136120000000000,1709136120000000000,1709136120000000000,0,0,all_client,vwap,1709136180000000000,1709136180000000000,1709136120000000000,0.050,0.050,61226.9,61233.05682960414408646113376,3061.3450,1.53067250,0,0,0.30784148020720432305668800,0.00167619605918360262438250,0,0.050,True,True,SH_MAX,permanent,run_03c2965a78c8d2502b7bb0a9
fill-permanent-00000479-1709137800000000000,permanent-00000479,ETHUSDT,futures,BUY,close_perp,1709137800000000000,1709137740000000000,1709137740000000000,1709137740000000000,0,0,all_client,vwap,1709137800000000000,1709137800000000000,1709137740000000000,1.065,1.065,3382.17,3381.825139529993913172666974,3602.01105,1.801005525,0,0,0.367276400556482471109672690,0.007112023196538119356783335,0,1.065,True,True,SH_MAX,permanent,run_03c2965a78c8d2502b7bb0a9
fill-permanent-00000480-1709137860000000000,permanent-00000480,ETHUSDT,spot,SELL,close_spot,1709137860000000000,1709137800000000000,1709137800000000000,1709137800000000000,0,0,all_client,vwap,1709137860000000000,1709137860000000000,1709137800000000000,1.0650,1.0650,3387.83,3388.174172477380753431944580,3608.038950,3.608038950,0,0,0.3665436884105024050209777000,0.0057031390416613547804760900,0,1.0650,True,True,SH_MAX,permanent,run_03c2965a78c8d2502b7bb0a9
fill-permanent-00000481-1709251320000000000,permanent-00000481,ETHUSDT,spot,BUY,open_spot,1709251320000000000,1709251260000000000,1709251260000000000,1709251260000000000,0,0,all_client,vwap,1709251320000000000,1709251320000000000,1709251260000000000,0.9310,0.9300690,3341.72,3341.379694655208490004372386,3111.141320,3.111141320,0.0009310,0,0.3168242760008958059293086340,0.0057418264284958955099017870,0,0.9310,True,True,SH_MAX,permanent,run_03c2965a78c8d2502b7bb0a9
fill-permanent-00000482-1709251380000000000,permanent-00000482,ETHUSDT,futures,SELL,open_perp,1709251380000000000,1709251320000000000,1709251320000000000,1709251320000000000,0,0,all_client,vwap,1709251380000000000,1709251380000000000,1709251320000000000,0.930,0.930,3346.01,3346.347301916598732461143081,3111.78930,1.555894650,0,0,0.313690782436821188863065330,0.002480483358577506744179310,0,0.930,True,True,SH_MAX,permanent,run_03c2965a78c8d2502b7bb0a9
fill-permanent-00000483-1709741040000000000,permanent-00000483,BTCUSDT,futures,BUY,reduce_perp,1709741040000000000,1709740980000000000,1709740980000000000,1709740980000000000,0,0,all_client,vwap,1709741040000000000,1709741040000000000,1709740980000000000,0.004,0.004,66700.0,66693.31340367758848297910945,266.8000,0.13340000,0,0,0.02674638528964606808356220,0.00006905992817503269037056,0,0.004,True,True,SH_MAX,permanent,run_03c2965a78c8d2502b7bb0a9
fill-permanent-00000484-1709741100000000000,permanent-00000484,BTCUSDT,spot,SELL,reduce_spot,1709741100000000000,1709741040000000000,1709741040000000000,1709741040000000000,0,0,all_client,vwap,1709741100000000000,1709741100000000000,1709741040000000000,0.00400,0.00400,66247.97,66254.59693643983220491955007,264.9918800,0.2649918800,0,0,0.0265077457593288196782002800,0.0000059069847528867962324400,0,0.00400,True,True,SH_MAX,permanent,run_03c2965a78c8d2502b7bb0a9
fill-permanent-00000485-1709856240000000000,permanent-00000485,ETHUSDT,futures,BUY,reduce_perp,1709856240000000000,1709856180000000000,1709856180000000000,1709856180000000000,0,0,all_client,vwap,1709856240000000000,1709856240000000000,1709856180000000000,0.123,0.123,3876.05,3875.658569335969316942276390,476.75415,0.238377075,0,0,0.048145971675774016100004030,0.000475371272941593501613986,0,0.123,True,True,SH_MAX,permanent,run_03c2965a78c8d2502b7bb0a9
fill-permanent-00000486-1709856300000000000,permanent-00000486,ETHUSDT,spot,SELL,reduce_spot,1709856300000000000,1709856240000000000,1709856240000000000,1709856240000000000,0,0,all_client,vwap,1709856300000000000,1709856300000000000,1709856240000000000,0.1230,0.1230,3815.47,3815.855976433159403754836973,469.302810,0.469302810,0,0,0.0474751012786066618449476790,0.0005400727684788011787631470,0,0.1230,True,True,SH_MAX,permanent,run_03c2965a78c8d2502b7bb0a9
fill-permanent-00000487-1710345840000000000,permanent-00000487,BTCUSDT,futures,BUY,reduce_perp,1710345840000000000,1710345780000000000,1710345780000000000,1710345780000000000,0,0,all_client,vwap,1710345840000000000,1710345840000000000,1710345780000000000,0.003,0.003,72594.2,72586.85113652374019630864603,217.7826,0.10889130,0,0,0.02204659042877941107406191,0.00027053508782228901516933,0,0.003,True,True,SH_MAX,permanent,run_03c2965a78c8d2502b7bb0a9
fill-permanent-00000488-1710345900000000000,permanent-00000488,BTCUSDT,spot,SELL,reduce_spot,1710345900000000000,1710345840000000000,1710345840000000000,1710345840000000000,0,0,all_client,vwap,1710345900000000000,1710345900000000000,1710345840000000000,0.00300,0.00300,72124.44,72131.66220137348491172696091,216.3733200,0.2163733200,0,0,0.0216666041204547351808827300,0.0000271054600426897073646300,0,0.00300,True,True,SH_MAX,permanent,run_03c2965a78c8d2502b7bb0a9
fill-permanent-00000489-1710950640000000000,permanent-00000489,BTCUSDT,spot,BUY,increase_spot,1710950640000000000,1710950580000000000,1710950580000000000,1710950580000000000,0,0,all_client,vwap,1710950640000000000,1710950640000000000,1710950580000000000,0.00601,0.00600399,63544.97,63538.60882992979051064711479,381.9052697,0.3819052697,0.00000601,0,0.0382306321219590310108401121,0.0000439282151712269139412050,0,0.00601,True,True,SH_MAX,permanent,run_03c2965a78c8d2502b7bb0a9
fill-permanent-00000490-1710950700000000000,permanent-00000490,BTCUSDT,futures,SELL,increase_perp,1710950700000000000,1710950640000000000,1710950640000000000,1710950640000000000,0,0,all_client,vwap,1710950700000000000,1710950700000000000,1710950640000000000,0.006,0.006,63692.8,63699.20131005325263588201564,382.1568,0.19107840,0,0,0.03840786031951581529209384,0.00018833953348386371056464,0,0.006,True,True,SH_MAX,permanent,run_03c2965a78c8d2502b7bb0a9
fill-permanent-00000491-1711065840000000000,permanent-00000491,ETHUSDT,spot,BUY,increase_spot,1711065840000000000,1711065780000000000,1711065780000000000,1711065780000000000,0,0,all_client,vwap,1711065840000000000,1711065840000000000,1711065780000000000,0.0941,0.0940059,3496.00,3495.650237766653075195383082,328.973600,0.328973600,0.0000941,0,0.0329126261579456241144519838,0.0000185574205614186768634580,0,0.0941,True,True,SH_MAX,permanent,run_03c2965a78c8d2502b7bb0a9
fill-permanent-00000492-1711065900000000000,permanent-00000492,ETHUSDT,futures,SELL,increase_perp,1711065900000000000,1711065840000000000,1711065840000000000,1711065840000000000,0,0,all_client,vwap,1711065900000000000,1711065900000000000,1711065840000000000,0.094,0.094,3497.01,3497.363405989159960332657839,328.71894,0.164359470,0,0,0.033220162981036271269836866,0.000344946964738167642709862,0,0.094,True,True,SH_MAX,permanent,run_03c2965a78c8d2502b7bb0a9
fill-permanent-00000493-1711555440000000000,permanent-00000493,BTCUSDT,futures,BUY,reduce_perp,1711555440000000000,1711555380000000000,1711555380000000000,1711555380000000000,0,0,all_client,vwap,1711555440000000000,1711555440000000000,1711555380000000000,0.004,0.004,69253.6,69246.64306151776678318585596,277.0144,0.13850720,0,0,0.02782775392893286725657616,0.00012909670432576054330180,0,0.004,True,True,SH_MAX,permanent,run_03c2965a78c8d2502b7bb0a9
fill-permanent-00000494-1711555500000000000,permanent-00000494,BTCUSDT,spot,SELL,reduce_spot,1711555500000000000,1711555440000000000,1711555440000000000,1711555440000000000,0,0,all_client,vwap,1711555500000000000,1711555500000000000,1711555440000000000,0.00400,0.00400,68838.38,68845.27249146093167964685735,275.3535200,0.2753535200,0,0,0.0275699658437267185874294000,0.0000318568471423459155706400,0,0.00400,True,True,SH_MAX,permanent,run_03c2965a78c8d2502b7bb0a9
fill-permanent-00000495-1712160240000000000,permanent-00000495,BTCUSDT,spot,BUY,increase_spot,1712160240000000000,1712160180000000000,1712160180000000000,1712160180000000000,0,0,all_client,vwap,1712160240000000000,1712160240000000000,1712160180000000000,0.00300,0.00299700,65997.36,65990.75156696594173043397939,197.9920800,0.1979920800,0.00000300,0,0.0198252991021748086980618300,0.0000280736320850261789316300,0,0.00300,True,True,SH_MAX,permanent,run_03c2965a78c8d2502b7bb0a9
fill-permanent-00000496-1712160300000000000,permanent-00000496,BTCUSDT,futures,SELL,increase_perp,1712160300000000000,1712160240000000000,1712160240000000000,1712160240000000000,0,0,all_client,vwap,1712160300000000000,1712160300000000000,1712160240000000000,0.003,0.003,66032.4,66039.09887091906478013101600,198.0972,0.09904860,0,0,0.02009661275719434039304800,0.00028488309591862095900870,0,0.003,True,True,SH_MAX,permanent,run_03c2965a78c8d2502b7bb0a9
fill-permanent-00000497-1712275440000000000,permanent-00000497,ETHUSDT,spot,BUY,increase_spot,1712275440000000000,1712275380000000000,1712275380000000000,1712275380000000000,0,0,all_client,vwap,1712275440000000000,1712275440000000000,1712275380000000000,0.0520,0.0519480,3320.64,3320.301966264734386621289639,172.673280,0.172673280,0.0000520,0,0.0175777542338118956929387720,0.0003121840092352768825080640,0,0.0520,True,True,SH_MAX,permanent,run_03c2965a78c8d2502b7bb0a9
fill-permanent-00000498-1712275500000000000,permanent-00000498,ETHUSDT,futures,SELL,increase_perp,1712275500000000000,1712275440000000000,1712275440000000000,1712275440000000000,0,0,all_client,vwap,1712275500000000000,1712275500000000000,1712275440000000000,0.052,0.052,3320.78,3321.112990741017349156441145,172.68056,0.086340280,0,0,0.017315518532902156134939540,0.000045730981048865919326052,0,0.052,True,True,SH_MAX,permanent,run_03c2965a78c8d2502b7bb0a9
fill-permanent-00000499-1712880240000000000,permanent-00000499,ETHUSDT,futures,BUY,reduce_perp,1712880240000000000,1712880180000000000,1712880180000000000,1712880180000000000,0,0,all_client,vwap,1712880240000000000,1712880240000000000,1712880180000000000,0.048,0.048,3510.78,3510.421961376041396321087056,168.51744,0.084258720,0,0,0.017185853950012976587821312,0.000335828535407977885480080,0,0.048,True,True,SH_MAX,permanent,run_03c2965a78c8d2502b7bb0a9
fill-permanent-00000500-1712880300000000000,permanent-00000500,ETHUSDT,spot,SELL,reduce_spot,1712880300000000000,1712880240000000000,1712880240000000000,1712880240000000000,0,0,all_client,vwap,1712880300000000000,1712880300000000000,1712880240000000000,0.0480,0.0480,3456.98,3457.330906182046802603934520,165.935040,0.165935040,0,0,0.0168434967382465249888569600,0.0002483083885727003363580960,0,0.0480,True,True,SH_MAX,permanent,run_03c2965a78c8d2502b7bb0a9
fill-permanent-00000501-1713369840000000000,permanent-00000501,BTCUSDT,spot,BUY,increase_spot,1713369840000000000,1713369780000000000,1713369780000000000,1713369780000000000,0,0,all_client,vwap,1713369840000000000,1713369840000000000,1713369780000000000,0.00400,0.00399600,60226.36,60220.33002645343650628339685,240.9054400,0.2409054400,0.00000400,0,0.0241198941862539748664126000,0.0000317621756726002638992400,0,0.00400,True,True,SH_MAX,permanent,run_03c2965a78c8d2502b7bb0a9
fill-permanent-00000502-1713369900000000000,permanent-00000502,BTCUSDT,futures,SELL,increase_perp,1713369900000000000,1713369840000000000,1713369840000000000,1713369840000000000,0,0,all_client,vwap,1713369900000000000,1713369900000000000,1713369840000000000,0.004,0.004,60082.4,60088.43803951834519355586330,240.3296,0.12016480,0,0,0.02415215807338077422345320,0.00011678285757343614603084,0,0.004,True,True,SH_MAX,permanent,run_03c2965a78c8d2502b7bb0a9
fill-permanent-00000503-1713485040000000000,permanent-00000503,ETHUSDT,spot,BUY,increase_spot,1713485040000000000,1713484980000000000,1713484980000000000,1713484980000000000,0,0,all_client,vwap,1713485040000000000,1713485040000000000,1713484980000000000,0.1341,0.1339659,3061.25,3060.937199997788766380404048,410.513625,0.410513625,0.0001341,0,0.0419464802965264283878171632,0.0008993124445560810306559992,0,0.1341,True,True,SH_MAX,permanent,run_03c2965a78c8d2502b7bb0a9
fill-permanent-00000504-1713485100000000000,permanent-00000504,ETHUSDT,futures,SELL,increase_perp,1713485100000000000,1713485040000000000,1713485040000000000,1713485040000000000,0,0,all_client,vwap,1713485100000000000,1713485100000000000,1713485040000000000,0.134,0.134,3058.89,3059.199743509716993187783228,409.89126,0.204945630,0,0,0.041505630302077087162952552,0.000512353739046879454236300,0,0.134,True,True,SH_MAX,permanent,run_03c2965a78c8d2502b7bb0a9
fill-permanent-00000505-1713974640000000000,permanent-00000505,BTCUSDT,futures,BUY,reduce_perp,1713974640000000000,1713974580000000000,1713974580000000000,1713974580000000000,0,0,all_client,vwap,1713974640000000000,1713974640000000000,1713974580000000000,0.003,0.003,64758.8,64752.28772351964041430525699,194.2764,0.09713820,0,0,0.01953682944107875708422903,0.00011114312402286495993744,0,0.003,True,True,SH_MAX,permanent,run_03c2965a78c8d2502b7bb0a9
fill-permanent-00000506-1713974700000000000,permanent-00000506,BTCUSDT,spot,SELL,reduce_spot,1713974700000000000,1713974640000000000,1713974640000000000,1713974640000000000,0,0,all_client,vwap,1713974700000000000,1713974700000000000,1713974640000000000,0.00300,0.00300,64514.04,64520.49448263191277532057860,193.5421200,0.1935421200,0,0,0.0193634478957383259617358000,0.0000072995509487521291396200,0,0.00300,True,True,SH_MAX,permanent,run_03c2965a78c8d2502b7bb0a9
fill-permanent-00000507-1714579440000000000,permanent-00000507,BTCUSDT,spot,BUY,increase_spot,1714579440000000000,1714579380000000000,1714579380000000000,1714579380000000000,0,0,all_client,vwap,1714579440000000000,1714579440000000000,1714579380000000000,0.00601,0.00600399,56970.03,56964.33108323031804371350842,342.3898803,0.3423898803,0.00000601,0,0.0342504897857885572818143958,0.0000149268047671361375425823,0,0.00601,True,True,SH_MAX,permanent,run_03c2965a78c8d2502b7bb0a9
fill-permanent-00000508-1714579500000000000,permanent-00000508,BTCUSDT,futures,SELL,increase_perp,1714579500000000000,1714579440000000000,1714579440000000000,1714579440000000000,0,0,all_client,vwap,1714579500000000000,1714579500000000000,1714579440000000000,0.006,0.006,56996.0,57001.79691708583764091618550,341.9760,0.17098800,0,0,0.03478150251502584549711300,0.00058042436477434291256328,0,0.006,True,True,SH_MAX,permanent,run_03c2965a78c8d2502b7bb0a9
fill-permanent-00000509-1715184240000000000,permanent-00000509,BTCUSDT,futures,BUY,reduce_perp,1715184240000000000,1715184180000000000,1715184180000000000,1715184180000000000,0,0,all_client,vwap,1715184240000000000,1715184240000000000,1715184180000000000,0.004,0.004,62194.0,62187.73830728288166722890663,248.7760,0.12438800,0,0,0.02504677086847333108437348,0.00017167554556017841748192,0,0.004,True,True,SH_MAX,permanent,run_03c2965a78c8d2502b7bb0a9
fill-permanent-00000510-1715184300000000000,permanent-00000510,BTCUSDT,spot,SELL,reduce_spot,1715184300000000000,1715184240000000000,1715184240000000000,1715184240000000000,0,0,all_client,vwap,1715184300000000000,1715184300000000000,1715184240000000000,0.00400,0.00400,61810.18,61816.37162499853931472964675,247.2407200,0.2472407200,0,0,0.0247664999941572589185870000,0.0000399513441578431926951600,0,0.00400,True,True,SH_MAX,permanent,run_03c2965a78c8d2502b7bb0a9
fill-permanent-00000511-1716393840000000000,permanent-00000511,BTCUSDT,futures,BUY,reduce_perp,1716393840000000000,1716393780000000000,1716393780000000000,1716393780000000000,0,0,all_client,vwap,1716393840000000000,1716393840000000000,1716393780000000000,0.006,0.006,70412.2,70405.07422207453403826887405,422.4732,0.21123660,0,0,0.04275466755279577038675570,0.00051162301955104996379436,0,0.006,True,True,SH_MAX,permanent,run_03c2965a78c8d2502b7bb0a9
fill-permanent-00000512-1716393900000000000,permanent-00000512,BTCUSDT,spot,SELL,reduce_spot,1716393900000000000,1716393840000000000,1716393840000000000,1716393840000000000,0,0,all_client,vwap,1716393900000000000,1716393900000000000,1716393840000000000,0.00600,0.00600,69919.55,69926.55060060084548531580103,419.5173000,0.4195173000,0,0,0.0420036036050729118948061800,0.0000476732447124046036167000,0,0.00600,True,True,SH_MAX,permanent,run_03c2965a78c8d2502b7bb0a9
fill-permanent-00000513-1716509040000000000,permanent-00000513,ETHUSDT,futures,BUY,reduce_perp,1716509040000000000,1716508980000000000,1716508980000000000,1716508980000000000,0,0,all_client,vwap,1716509040000000000,1716509040000000000,1716508980000000000,0.196,0.196,3775.87,3775.485975209862372991695964,740.07052,0.370035260,0,0,0.075268858866974893627591056,0.001269333752861591116953736,0,0.196,True,True,SH_MAX,permanent,run_03c2965a78c8d2502b7bb0a9
fill-permanent-00000514-1716509100000000000,permanent-00000514,ETHUSDT,spot,SELL,reduce_spot,1716509100000000000,1716509040000000000,1716509040000000000,1716509040000000000,0,0,all_client,vwap,1716509100000000000,1716509100000000000,1716509040000000000,0.1960,0.1960,3716.51,3716.888709654470830920440179,728.435960,0.728435960,0,0,0.0742270922762828604062750840,0.0013760735670552321202344600,0,0.1960,True,True,SH_MAX,permanent,run_03c2965a78c8d2502b7bb0a9
fill-permanent-00000515-1718323440000000000,permanent-00000515,ETHUSDT,spot,BUY,increase_spot,1718323440000000000,1718323380000000000,1718323380000000000,1718323380000000000,0,0,all_client,vwap,1718323440000000000,1718323440000000000,1718323380000000000,0.0761,0.0760239,3477.27,3476.920333554060931762336575,264.620247,0.264620247,0.0000761,0,0.0266096165359630928861866425,0.0001502527976166891954752351,0,0.0761,True,True,SH_MAX,permanent,run_03c2965a78c8d2502b7bb0a9
fill-permanent-00000516-1718323500000000000,permanent-00000516,ETHUSDT,futures,SELL,increase_perp,1718323500000000000,1718323440000000000,1718323440000000000,1718323440000000000,0,0,all_client,vwap,1718323500000000000,1718323500000000000,1718323440000000000,0.076,0.076,3476.82,3477.168845852263816885498890,264.23832,0.132119160,0,0,0.026512284772050083297915640,0.000085801543572878289585840,0,0.076,True,True,SH_MAX,permanent,run_03c2965a78c8d2502b7bb0a9
fill-permanent-00000517-1718813040000000000,permanent-00000517,BTCUSDT,spot,BUY,increase_spot,1718813040000000000,1718812980000000000,1718812980000000000,1718812980000000000,0,0,all_client,vwap,1718813040000000000,1718813040000000000,1718812980000000000,0.00400,0.00399600,64978.01,64971.51078936364489729738955,259.9120400,0.2599120400,0.00000400,0,0.0259968425454204108104418000,0.0000082382296749528515228400,0,0.00400,True,True,SH_MAX,permanent,run_03c2965a78c8d2502b7bb0a9
fill-permanent-00000518-1718813100000000000,permanent-00000518,BTCUSDT,futures,SELL,increase_perp,1718813100000000000,1718813040000000000,1718813040000000000,1718813040000000000,0,0,all_client,vwap,1718813100000000000,1718813100000000000,1718813040000000000,0.004,0.004,64943.6,64950.10522613309965434983691,259.7744,0.12988720,0,0,0.02602090453239861739934764,0.00004086244194537753760772,0,0.004,True,True,SH_MAX,permanent,run_03c2965a78c8d2502b7bb0a9
fill-permanent-00000519-1719417840000000000,permanent-00000519,BTCUSDT,spot,BUY,increase_spot,1719417840000000000,1719417780000000000,1719417780000000000,1719417780000000000,0,0,all_client,vwap,1719417840000000000,1719417840000000000,1719417780000000000,0.00301,0.00300699,61428.71,61422.56001270279291364864606,184.9004171,0.1849004171,0.00000301,0,0.0185114617645933299175753594,0.0000232712007697892505671308,0,0.00301,True,True,SH_MAX,permanent,run_03c2965a78c8d2502b7bb0a9
fill-permanent-00000520-1719417900000000000,permanent-00000520,BTCUSDT,futures,SELL,increase_perp,1719417900000000000,1719417840000000000,1719417840000000000,1719417840000000000,0,0,all_client,vwap,1719417900000000000,1719417900000000000,1719417840000000000,0.003,0.003,61362.1,61368.27451306846690690142772,184.0863,0.09204315,0,0,0.01852353920540072070428316,0.00011305685148018063221274,0,0.003,True,True,SH_MAX,permanent,run_03c2965a78c8d2502b7bb0a9
fill-permanent-00000521-1720137840000000000,permanent-00000521,ETHUSDT,spot,BUY,increase_spot,1720137840000000000,1720137780000000000,1720137780000000000,1720137780000000000,0,0,all_client,vwap,1720137840000000000,1720137840000000000,1720137780000000000,0.1281,0.1279719,3048.80,3048.491798625477208563864413,390.551280,0.390551280,0.0001281,0,0.0394805960763695829689686947,0.0004294161359772199272656481,0,0.1281,True,True,SH_MAX,permanent,run_03c2965a78c8d2502b7bb0a9
fill-permanent-00000522-1720137900000000000,permanent-00000522,ETHUSDT,futures,SELL,increase_perp,1720137900000000000,1720137840000000000,1720137840000000000,1720137840000000000,0,0,all_client,vwap,1720137900000000000,1720137900000000000,1720137840000000000,0.128,0.128,3043.56,3043.868647947757734549176812,389.57568,0.194787840,0,0,0.039506937312990022294631936,0.000545418619258723292402432,0,0.128,True,True,SH_MAX,permanent,run_03c2965a78c8d2502b7bb0a9
fill-permanent-00000523-1720627440000000000,permanent-00000523,BTCUSDT,spot,BUY,increase_spot,1720627440000000000,1720627380000000000,1720627380000000000,1720627380000000000,0,0,all_client,vwap,1720627440000000000,1720627440000000000,1720627380000000000,0.00300,0.00299700,57744.03,57738.24977814526449309886588,173.2320900,0.1732320900,0.00000300,0,0.0173406655642065207034023600,0.0000191906307629413554726900,0,0.00300,True,True,SH_MAX,permanent,run_03c2965a78c8d2502b7bb0a9
fill-permanent-00000524-1720627500000000000,permanent-00000524,BTCUSDT,futures,SELL,increase_perp,1720627500000000000,1720627440000000000,1720627440000000000,1720627440000000000,0,0,all_client,vwap,1720627500000000000,1720627500000000000,1720627440000000000,0.003,0.003,57749.4,57755.25106441245465912966197,173.2482,0.08662410,0,0,0.01755319323736397738898591,0.00022661791804024099124700,0,0.003,True,True,SH_MAX,permanent,run_03c2965a78c8d2502b7bb0a9
fill-permanent-00000525-1721232240000000000,permanent-00000525,BTCUSDT,futures,BUY,reduce_perp,1721232240000000000,1721232180000000000,1721232180000000000,1721232180000000000,0,0,all_client,vwap,1721232240000000000,1721232240000000000,1721232180000000000,0.006,0.006,64615.5,64608.95495301528294093349855,387.6930,0.19384650,0,0,0.03927028190830235439900870,0.00050490893649318463444860,0,0.006,True,True,SH_MAX,permanent,run_03c2965a78c8d2502b7bb0a9
fill-permanent-00000526-1721232300000000000,permanent-00000526,BTCUSDT,spot,SELL,reduce_spot,1721232300000000000,1721232240000000000,1721232240000000000,1721232240000000000,0,0,all_client,vwap,1721232300000000000,1721232300000000000,1721232240000000000,0.00600,0.00600,64288.98,64295.41645256823284485952195,385.7338800,0.3857338800,0,0,0.0386187154093970691571317000,0.0000414655378561294502160000,0,0.00600,True,True,SH_MAX,permanent,run_03c2965a78c8d2502b7bb0a9
fill-permanent-00000527-1721347440000000000,permanent-00000527,ETHUSDT,futures,BUY,reduce_perp,1721347440000000000,1721347380000000000,1721347380000000000,1721347380000000000,0,0,all_client,vwap,1721347440000000000,1721347440000000000,1721347380000000000,0.109,0.109,3418.85,3418.500683435962376447849935,372.65465,0.186327325,0,0,0.038075505480100967184357085,0.000813848030648977281075520,0,0.109,True,True,SH_MAX,permanent,run_03c2965a78c8d2502b7bb0a9
fill-permanent-00000528-1721347500000000000,permanent-00000528,ETHUSDT,spot,SELL,reduce_spot,1721347500000000000,1721347440000000000,1721347440000000000,1721347440000000000,0,0,all_client,vwap,1721347500000000000,1721347500000000000,1721347440000000000,0.1090,0.1090,3370.00,3370.343887348564542650291935,367.330000,0.367330000,0,0,0.0374837209935351488818209150,0.0007469726214357953669327540,0,0.1090,True,True,SH_MAX,permanent,run_03c2965a78c8d2502b7bb0a9
fill-permanent-00000529-1721952240000000000,permanent-00000529,ETHUSDT,spot,BUY,increase_spot,1721952240000000000,1721952180000000000,1721952180000000000,1721952180000000000,0,0,all_client,vwap,1721952240000000000,1721952240000000000,1721952180000000000,0.0731,0.0730269,3174.95,3174.631297533205161483332527,232.088845,0.232088845,0.0000731,0,0.0232971503227026955683922763,0.0000905955377349658379491340,0,0.0731,True,True,SH_MAX,permanent,run_03c2965a78c8d2502b7bb0a9
fill-permanent-00000530-1721952300000000000,permanent-00000530,ETHUSDT,futures,SELL,increase_perp,1721952300000000000,1721952240000000000,1721952240000000000,1721952240000000000,0,0,all_client,vwap,1721952300000000000,1721952300000000000,1721952240000000000,0.073,0.073,3173.34,3173.665110741020534303962640,231.65382,0.115826910,0,0,0.023733084094499004189272720,0.000565328786089554288853812,0,0.073,True,True,SH_MAX,permanent,run_03c2965a78c8d2502b7bb0a9
fill-permanent-00000531-1723046640000000000,permanent-00000531,BTCUSDT,spot,BUY,increase_spot,1723046640000000000,1723046580000000000,1723046580000000000,1723046580000000000,0,0,all_client,vwap,1723046640000000000,1723046640000000000,1723046580000000000,0.00801,0.00800199,56023.54,56017.93619544457667393537655,448.7485554,0.4487485554,0.00000801,0,0.0448864744889408417776338345,0.0000161075963897358618115791,0,0.00801,True,True,SH_MAX,permanent,run_03c2965a78c8d2502b7bb0a9
fill-permanent-00000532-1723046700000000000,permanent-00000532,BTCUSDT,futures,SELL,increase_perp,1723046700000000000,1723046640000000000,1723046640000000000,1723046640000000000,0,0,all_client,vwap,1723046700000000000,1723046700000000000,1723046640000000000,0.008,0.008,55921.3,55926.89619671546597055894938,447.3704,0.22368520,0,0,0.04476957372372776447159504,0.00002805676635539169514792,0,0.008,True,True,SH_MAX,permanent,run_03c2965a78c8d2502b7bb0a9
fill-permanent-00000533-1723161840000000000,permanent-00000533,ETHUSDT,spot,BUY,increase_spot,1723161840000000000,1723161780000000000,1723161780000000000,1723161780000000000,0,0,all_client,vwap,1723161840000000000,1723161840000000000,1723161780000000000,0.1372,0.1370628,2678.59,2678.315953233643293959956438,367.502548,0.367502548,0.0001372,0,0.0375992163441400686939767064,0.0008527214657744827008460552,0,0.1372,True,True,SH_MAX,permanent,run_03c2965a78c8d2502b7bb0a9
fill-permanent-00000534-1723161900000000000,permanent-00000534,ETHUSDT,futures,SELL,increase_perp,1723161900000000000,1723161840000000000,1723161840000000000,1723161840000000000,0,0,all_client,vwap,1723161900000000000,1723161900000000000,1723161840000000000,0.137,0.137,2678.51,2678.787179753435553002518669,366.95587,0.183477935,0,0,0.037973626220670761345057653,0.001274241858048694268923129,0,0.137,True,True,SH_MAX,permanent,run_03c2965a78c8d2502b7bb0a9
fill-permanent-00000535-1723651440000000000,permanent-00000535,BTCUSDT,futures,BUY,reduce_perp,1723651440000000000,1723651380000000000,1723651380000000000,1723651380000000000,0,0,all_client,vwap,1723651440000000000,1723651440000000000,1723651380000000000,0.003,0.003,59367.5,59361.53270091990600731288395,178.1025,0.08905125,0,0,0.01790189724028197806134815,0.00009343743000600625915428,0,0.003,True,True,SH_MAX,permanent,run_03c2965a78c8d2502b7bb0a9
fill-permanent-00000536-1723651500000000000,permanent-00000536,BTCUSDT,spot,SELL,reduce_spot,1723651500000000000,1723651440000000000,1723651440000000000,1723651440000000000,0,0,all_client,vwap,1723651500000000000,1723651500000000000,1723651440000000000,0.00300,0.00300,59294.04,59299.97991642354831594370013,177.8821200,0.1778821200,0,0,0.0178197492706449478311003900,0.0000297552957178833363172800,0,0.00300,True,True,SH_MAX,permanent,run_03c2965a78c8d2502b7bb0a9
fill-permanent-00000537-1723766640000000000,permanent-00000537,ETHUSDT,spot,BUY,increase_spot,1723766640000000000,1723766580000000000,1723766580000000000,1723766580000000000,0,0,all_client,vwap,1723766640000000000,1723766640000000000,1723766580000000000,0.0710,0.0709290,2570.17,2569.909501952693159394413782,182.482070,0.182482070,0.0000710,0,0.0184953613587856829966214780,0.0002490038949215615649211670,0,0.0710,True,True,SH_MAX,permanent,run_03c2965a78c8d2502b7bb0a9
fill-permanent-00000538-1723766700000000000,permanent-00000538,ETHUSDT,futures,SELL,increase_perp,1723766700000000000,1723766640000000000,1723766640000000000,1723766640000000000,0,0,all_client,vwap,1723766700000000000,1723766700000000000,1723766640000000000,0.071,0.071,2569.47,2569.727561741377889756677176,182.43237,0.091216185,0,0,0.018286883637830172724079496,0.000041817949466389706807068,0,0.071,True,True,SH_MAX,permanent,run_03c2965a78c8d2502b7bb0a9
fill-permanent-00000539-1727280240000000000,permanent-00000539,BTCUSDT,futures,BUY,reduce_perp,1727280240000000000,1727280180000000000,1727280180000000000,1727280180000000000,0,0,all_client,vwap,1727280240000000000,1727280240000000000,1727280180000000000,0.004,0.004,63492.1,63485.71876308684152523694071,253.9684,0.12698420,0,0,0.02552494765263389905223716,0.00013066014739916244214240,0,0.004,True,True,SH_MAX,permanent,run_03c2965a78c8d2502b7bb0a9
fill-permanent-00000540-1727280300000000000,permanent-00000540,BTCUSDT,spot,SELL,reduce_spot,1727280300000000000,1727280240000000000,1727280240000000000,1727280240000000000,0,0,all_client,vwap,1727280300000000000,1727280300000000000,1727280240000000000,0.00400,0.00400,63123.46,63129.77298830556942501339874,252.4938400,0.2524938400,0,0,0.0252519532222777000535949600,4.40269554722835896000E-8,0,0.00400,True,True,SH_MAX,permanent,run_03c2965a78c8d2502b7bb0a9
fill-permanent-00000541-1728000240000000000,permanent-00000541,ETHUSDT,spot,BUY,increase_spot,1728000240000000000,1728000180000000000,1728000180000000000,1728000180000000000,0,0,all_client,vwap,1728000240000000000,1728000240000000000,1728000180000000000,0.1091,0.1089909,2351.92,2351.678983763142120281127450,256.594472,0.256594472,0.0001091,0,0.0262948714411946773289952050,0.0006380537283387967967280767,0,0.1091,True,True,SH_MAX,permanent,run_03c2965a78c8d2502b7bb0a9
fill-permanent-00000542-1728000300000000000,permanent-00000542,ETHUSDT,futures,SELL,increase_perp,1728000300000000000,1728000240000000000,1728000240000000000,1728000240000000000,0,0,all_client,vwap,1728000300000000000,1728000300000000000,1728000240000000000,0.109,0.109,2350.80,2351.035225423110353083949686,256.23720,0.128118600,0,0,0.025639571119028486150515774,0.000013287161916583301900719,0,0.109,True,True,SH_MAX,permanent,run_03c2965a78c8d2502b7bb0a9
fill-permanent-00000543-1729094640000000000,permanent-00000543,BTCUSDT,futures,BUY,reduce_perp,1729094640000000000,1729094580000000000,1729094580000000000,1729094580000000000,0,0,all_client,vwap,1729094640000000000,1729094640000000000,1729094580000000000,0.003,0.003,67811.2,67804.36553181667363926196281,203.4336,0.10171680,0,0,0.02050340454997908221411157,0.00016209489043408012233297,0,0.003,True,True,SH_MAX,permanent,run_03c2965a78c8d2502b7bb0a9
fill-permanent-00000544-1729094700000000000,permanent-00000544,BTCUSDT,spot,SELL,reduce_spot,1729094700000000000,1729094640000000000,1729094640000000000,1729094640000000000,0,0,all_client,vwap,1729094700000000000,1729094700000000000,1729094640000000000,0.00300,0.00300,67468.48,67475.23115990269685884572253,202.4054400,0.2024054400,0,0,0.0202534797080905765371675900,0.0000109103601197674795138800,0,0.00300,True,True,SH_MAX,permanent,run_03c2965a78c8d2502b7bb0a9
fill-permanent-00000545-1729209840000000000,permanent-00000545,ETHUSDT,futures,BUY,reduce_perp,1729209840000000000,1729209780000000000,1729209780000000000,1729209780000000000,0,0,all_client,vwap,1729209840000000000,1729209840000000000,1729209780000000000,0.090,0.090,2605.78,2605.509497690414376749047507,234.52020,0.117260100,0,0,0.024345207862706092585724370,0.000895622383492363194982920,0,0.090,True,True,SH_MAX,permanent,run_03c2965a78c8d2502b7bb0a9
fill-permanent-00000546-1729209900000000000,permanent-00000546,ETHUSDT,spot,SELL,reduce_spot,1729209900000000000,1729209840000000000,1729209840000000000,1729209840000000000,0,0,all_client,vwap,1729209900000000000,1729209900000000000,1729209840000000000,0.0900,0.0900,2568.44,2568.697093077181314329585166,231.159600,0.231159600,0,0,0.0231383769463182896626649400,0.0000201031086236578336986300,0,0.0900,True,True,SH_MAX,permanent,run_03c2965a78c8d2502b7bb0a9
fill-permanent-00000633-1730150100000000000,permanent-00000633,BTCUSDT,futures,BUY,close_perp,1730150100000000000,1730150040000000000,1730150040000000000,1730150040000000000,0,0,all_client,vwap,1730150100000000000,1730150100000000000,1730150040000000000,0.047,0.047,69656.1,69649.08051291478996231271257,3273.8367,1.63691835,0,0,0.32991589300487177130250921,0.00256521459417225847963952,0,0.047,True,True,SH_MAX,permanent,run_03c2965a78c8d2502b7bb0a9
fill-permanent-00000634-1730150100000000000,permanent-00000634,ETHUSDT,futures,BUY,close_perp,1730150100000000000,1730150040000000000,1730150040000000000,1730150040000000000,0,0,all_client,vwap,1730150100000000000,1730150100000000000,1730150040000000000,1.238,1.238,2519.15,2518.895833778777899470325916,3118.70770,1.559353850,0,0,0.314657781872960455736515992,0.002818477651147751782089138,0,1.238,True,True,SH_MAX,permanent,run_03c2965a78c8d2502b7bb0a9
fill-permanent-00000635-1730150160000000000,permanent-00000635,BTCUSDT,spot,SELL,close_spot,1730150160000000000,1730150100000000000,1730150100000000000,1730150100000000000,0,0,all_client,vwap,1730150160000000000,1730150160000000000,1730150100000000000,0.04700,0.04700,69326.88,69333.82063174077235272011046,3258.3633600,3.2583633600,0,0,0.3262096918163005778451916200,0.0003407348471189477874071500,0,0.04700,True,True,SH_MAX,permanent,run_03c2965a78c8d2502b7bb0a9
fill-permanent-00000636-1730150160000000000,permanent-00000636,ETHUSDT,spot,SELL,close_spot,1730150160000000000,1730150100000000000,1730150100000000000,1730150100000000000,0,0,all_client,vwap,1730150160000000000,1730150160000000000,1730150100000000000,1.2380,1.2380,2484.86,2485.117153020834906779053251,3076.256680,3.076256680,0,0,0.3183554397936145924679247380,0.0106979362496352310086783480,0,1.2380,True,True,SH_MAX,permanent,run_03c2965a78c8d2502b7bb0a9
fill-permanent-00000637-1730246520000000000,permanent-00000637,BTCUSDT,spot,BUY,open_spot,1730246520000000000,1730246460000000000,1730246460000000000,1730246460000000000,0,0,all_client,vwap,1730246520000000000,1730246520000000000,1730246460000000000,0.04404,0.04399596,72761.83,72754.55363298448388898331836,3204.4309932,3.2044309932,0.00004404,0,0.3204512033633295291746594256,0.0000401491636658621275769724,0,0.04404,True,True,SH_MAX,permanent,run_03c2965a78c8d2502b7bb0a9
fill-permanent-00000638-1730246520000000000,permanent-00000638,ETHUSDT,spot,BUY,open_spot,1730246520000000000,1730246460000000000,1730246460000000000,1730246460000000000,0,0,all_client,vwap,1730246520000000000,1730246520000000000,1730246460000000000,1.2117,1.2104883,2639.12,2638.848801619814086143607891,3197.821704,3.197821704,0.0012117,0,0.3286110772712718197903184753,0.0088617679789989469722972516,0,1.2117,True,True,SH_MAX,permanent,run_03c2965a78c8d2502b7bb0a9
fill-permanent-00000640-1730246580000000000,permanent-00000640,ETHUSDT,spot,SELL,close_spot,1730246580000000000,1730246520000000000,1730246520000000000,1730246520000000000,0,0,all_client,vwap,1730246580000000000,1730246580000000000,1730246520000000000,1.2105,1.2105,2601.46,2601.722525592453409330549809,3149.067330,3.149067330,0,0,0.3177872296648519946305437945,0.0028487179418855094310807170,0,1.2105,True,True,SH_MAX,permanent,run_03c2965a78c8d2502b7bb0a9
fill-permanent-00000641-1730246640000000000,permanent-00000641,BTCUSDT,spot,SELL,close_spot,1730246640000000000,1730246580000000000,1730246580000000000,1730246580000000000,0,0,all_client,vwap,1730246640000000000,1730246640000000000,1730246580000000000,0.04400,0.04400,72274.99,72282.22209868787998922399904,3180.0995600,3.1800995600,0,0,0.3182123422667195258559577600,0.0001705650324928539033721600,0,0.04400,True,True,SH_MAX,permanent,run_03c2965a78c8d2502b7bb0a9
fill-permanent-00000642-1730361720000000000,permanent-00000642,BTCUSDT,spot,BUY,open_spot,1730361720000000000,1730361660000000000,1730361660000000000,1730361660000000000,0,0,all_client,vwap,1730361720000000000,1730361720000000000,1730361660000000000,0.04304,0.04299696,72431.20,72423.95727452910036148619101,3117.4388480,3.1174388480,0.00004304,0,0.3117269042675204416343389296,0.0000141921579471936785023248,0,0.04304,True,True,SH_MAX,permanent,run_03c2965a78c8d2502b7bb0a9
fill-permanent-00000643-1730361720000000000,permanent-00000643,ETHUSDT,spot,BUY,open_spot,1730361720000000000,1730361660000000000,1730361660000000000,1730361660000000000,0,0,all_client,vwap,1730361720000000000,1730361720000000000,1730361660000000000,1.2042,1.2029958,2645.58,2645.306062042883597269620889,3185.807436,3.185807436,0.0012042,0,0.3298760879595721679225254662,0.0113283319683681251393178258,0,1.2042,True,True,SH_MAX,permanent,run_03c2965a78c8d2502b7bb0a9
fill-permanent-00000644-1730361780000000000,permanent-00000644,BTCUSDT,futures,SELL,open_perp,1730361780000000000,1730361720000000000,1730361720000000000,1730361720000000000,0,0,all_client,vwap,1730361780000000000,1730361780000000000,1730361720000000000,0.043,0.043,72382.5,72389.77728171158417692780256,3112.4475,1.55622375,0,0,0.31292311359811960789551008,0.00164707128675979593472054,0,0.043,True,True,SH_MAX,permanent,run_03c2965a78c8d2502b7bb0a9
fill-permanent-00000645-1730361780000000000,permanent-00000645,ETHUSDT,futures,SELL,open_perp,1730361780000000000,1730361720000000000,1730361720000000000,1730361720000000000,0,0,all_client,vwap,1730361780000000000,1730361780000000000,1730361720000000000,1.203,1.203,2643.07,2643.338938432922501646157124,3179.61321,1.589806605,0,0,0.323532934805769480327020172,0.005539260512288903378987124,0,1.203,True,True,SH_MAX,permanent,run_03c2965a78c8d2502b7bb0a9
fill-permanent-00000646-1730966640000000000,permanent-00000646,ETHUSDT,futures,BUY,reduce_perp,1730966640000000000,1730966580000000000,1730966580000000000,1730966580000000000,0,0,all_client,vwap,1730966640000000000,1730966640000000000,1730966580000000000,0.075,0.075,2823.29,2823.007464302464013853313612,211.74675,0.105873375,0,0,0.021190177315198961001479100,0.000017621332930480897579275,0,0.075,True,True,SH_MAX,permanent,run_03c2965a78c8d2502b7bb0a9
fill-permanent-00000647-1730966700000000000,permanent-00000647,ETHUSDT,spot,SELL,reduce_spot,1730966700000000000,1730966640000000000,1730966640000000000,1730966640000000000,0,0,all_client,vwap,1730966700000000000,1730966700000000000,1730966640000000000,0.0750,0.0750,2780.54,2780.825638785637254187206354,208.540500,0.208540500,0,0,0.0214229089227940640404765500,0.0005667166319017846340724750,0,0.0750,True,True,SH_MAX,permanent,run_03c2965a78c8d2502b7bb0a9
fill-permanent-00000648-1731402060000000000,permanent-00000648,ETHUSDT,futures,BUY,close_perp,1731402060000000000,1731402000000000000,1731402000000000000,1731402000000000000,0,0,all_client,vwap,1731402060000000000,1731402060000000000,1731402000000000000,1.128,1.128,3430.14,3429.789926830186373280784602,3869.19792,1.934598960,0,0,0.394882535549770939274968944,0.008002231803325916368896960,0,1.128,True,True,SH_MAX,permanent,run_03c2965a78c8d2502b7bb0a9
fill-permanent-00000649-1731402120000000000,permanent-00000649,ETHUSDT,spot,SELL,close_spot,1731402120000000000,1731402060000000000,1731402060000000000,1731402060000000000,0,0,all_client,vwap,1731402120000000000,1731402120000000000,1731402060000000000,1.1280,1.1280,3380.94,3381.279774820186680437358078,3813.700320,3.813700320,0,0,0.3832659971705755333399119840,0.0018576385708584757865777760,0,1.1280,True,True,SH_MAX,permanent,run_03c2965a78c8d2502b7bb0a9
fill-permanent-00000650-1731513720000000000,permanent-00000650,ETHUSDT,spot,BUY,open_spot,1731513720000000000,1731513660000000000,1731513660000000000,1731513660000000000,0,0,all_client,vwap,1731513720000000000,1731513720000000000,1731513660000000000,0.9570,0.9560430,3314.86,3314.525881296682873251293908,3172.321020,3.172321020,0.0009570,0,0.3197515990744902985117300440,0.0025514722343977475415815910,0,0.9570,True,True,SH_MAX,permanent,run_03c2965a78c8d2502b7bb0a9
fill-permanent-00000651-1731513780000000000,permanent-00000651,ETHUSDT,futures,SELL,open_perp,1731513780000000000,1731513720000000000,1731513720000000000,1731513720000000000,0,0,all_client,vwap,1731513780000000000,1731513780000000000,1731513720000000000,0.956,0.956,3318.86,3319.198186526974638665326032,3172.83016,1.586415080,0,0,0.323306319787754564051686592,0.005990973155775788595281044,0,0.956,True,True,SH_MAX,permanent,run_03c2965a78c8d2502b7bb0a9
fill-permanent-00000652-1731571440000000000,permanent-00000652,BTCUSDT,futures,BUY,reduce_perp,1731571440000000000,1731571380000000000,1731571380000000000,1731571380000000000,0,0,all_client,vwap,1731571440000000000,1731571440000000000,1731571380000000000,0.009,0.009,90998.9,90989.73201559694501049558480,818.9901,0.40949505,0,0,0.08251185962749490553973680,0.00062110081345765503029076,0,0.009,True,True,SH_MAX,permanent,run_03c2965a78c8d2502b7bb0a9
fill-permanent-00000653-1731571500000000000,permanent-00000653,BTCUSDT,spot,SELL,reduce_spot,1731571500000000000,1731571440000000000,1731571440000000000,1731571440000000000,0,0,all_client,vwap,1731571500000000000,1731571500000000000,1731571440000000000,0.00900,0.00900,90531.00,90540.05830337737321805904257,814.7790000,0.8147790000,0,0,0.0815247303963589625313831300,0.0000386779233193266351300300,0,0.00900,True,True,SH_MAX,permanent,run_03c2965a78c8d2502b7bb0a9
fill-permanent-00000654-1732108620000000000,permanent-00000654,BTCUSDT,futures,BUY,close_perp,1732108620000000000,1732108560000000000,1732108560000000000,1732108560000000000,0,0,all_client,vwap,1732108620000000000,1732108620000000000,1732108560000000000,0.034,0.034,94298.1,94288.64459608178693003771830,3206.1354,1.60306770,0,0,0.32148373321924437871757780,0.00090234159256630315544962,0,0.034,True,True,SH_MAX,permanent,run_03c2965a78c8d2502b7bb0a9
fill-permanent-00000655-1732108680000000000,permanent-00000655,BTCUSDT,spot,SELL,close_spot,1732108680000000000,1732108620000000000,1732108620000000000,1732108620000000000,0,0,all_client,vwap,1732108680000000000,1732108680000000000,1732108620000000000,0.03400,0.03400,93703.28,93712.65416947088116603577808,3185.9115200,3.1859115200,0,0,0.3187217620099596452164547200,0.0000987378337586492519330000,0,0.03400,True,True,SH_MAX,permanent,run_03c2965a78c8d2502b7bb0a9
fill-permanent-00000656-1732118640000000000,permanent-00000656,ETHUSDT,spot,BUY,increase_spot,1732118640000000000,1732118580000000000,1732118580000000000,1732118580000000000,0,0,all_client,vwap,1732118640000000000,1732118640000000000,1732118580000000000,0.0571,0.0570429,3127.89,3127.574935368982841618433797,178.602519,0.178602519,0.0000571,0,0.0179901904310797435874301913,0.0001317375501228515617889560,0,0.0571,True,True,SH_MAX,permanent,run_03c2965a78c8d2502b7bb0a9
fill-permanent-00000657-1732118700000000000,permanent-00000657,ETHUSDT,futures,SELL,increase_perp,1732118700000000000,1732118640000000000,1732118640000000000,1732118640000000000,0,0,all_client,vwap,1732118700000000000,1732118700000000000,1732118640000000000,0.057,0.057,3135.28,3135.601221633441316470935988,178.71096,0.089355480,0,0,0.018309633106155038843351316,0.000436706142844423339466958,0,0.057,True,True,SH_MAX,permanent,run_03c2965a78c8d2502b7bb0a9
fill-permanent-00000658-1732204980000000000,permanent-00000658,BTCUSDT,spot,BUY,open_spot,1732204980000000000,1732204860001000000,1732204860001000000,1732204860001000000,0,0,all_client,vwap,1732204980000000000,1732204980000000000,1732204920000000000,0.03204,0.03200796,96756.90,96747.21875823186442175458659,3100.0910760,3.1000910760,0.00003204,0,0.3101869862510639269830456564,0.0002088973496890333757439180,0,0.03204,True,True,SH_MAX,permanent,run_03c2965a78c8d2502b7bb0a9
fill-permanent-00000659-1732205040000000000,permanent-00000659,BTCUSDT,futures,SELL,open_perp,1732205040000000000,1732204980000000000,1732204980000000000,1732204980000000000,0,0,all_client,vwap,1732205040000000000,1732205040000000000,1732204980000000000,0.032,0.032,96776.7,96786.46417384946134007303998,3096.8544,1.54842720,0,0,0.31245356318276288233727936,0.00273687782644460604904576,0,0.032,True,True,SH_MAX,permanent,run_03c2965a78c8d2502b7bb0a9
fill-permanent-00000660-1732723440000000000,permanent-00000660,ETHUSDT,futures,BUY,reduce_perp,1732723440000000000,1732723380000000000,1732723380000000000,1732723380000000000,0,0,all_client,vwap,1732723440000000000,1732723440000000000,1732723380000000000,0.119,0.119,3551.18,3550.815545252655315991535580,422.59042,0.211295210,0,0,0.043370114934017397007265980,0.001115409945510798746966654,0,0.119,True,True,SH_MAX,permanent,run_03c2965a78c8d2502b7bb0a9
fill-permanent-00000661-1732723500000000000,permanent-00000661,ETHUSDT,spot,SELL,reduce_spot,1732723500000000000,1732723440000000000,1732723440000000000,1732723440000000000,0,0,all_client,vwap,1732723500000000000,1732723500000000000,1732723440000000000,0.1190,0.1190,3496.56,3496.917884667081758055590334,416.090640,0.416090640,0,0,0.0425882753827292086152497460,0.0009749525551909356943882250,0,0.1190,True,True,SH_MAX,permanent,run_03c2965a78c8d2502b7bb0a9
fill-permanent-00000662-1733328240000000000,permanent-00000662,ETHUSDT,futures,BUY,reduce_perp,1733328240000000000,1733328180000000000,1733328180000000000,1733328180000000000,0,0,all_client,vwap,1733328240000000000,1733328240000000000,1733328180000000000,0.062,0.062,3825.24,3824.853072916955463104454342,237.16488,0.118582440,0,0,0.023989479148761287523830796,0.000275390096676163652583206,0,0.062,True,True,SH_MAX,permanent,run_03c2965a78c8d2502b7bb0a9
fill-permanent-00000663-1733328300000000000,permanent-00000663,ETHUSDT,spot,SELL,reduce_spot,1733328300000000000,1733328240000000000,1733328240000000000,1733328240000000000,0,0,all_client,vwap,1733328300000000000,1733328300000000000,1733328240000000000,0.0620,0.0620,3768.02,3768.399828037069826897249593,233.617240,0.233617240,0,0,0.0235493382983292676294747660,0.0001852593644994347027118160,0,0.0620,True,True,SH_MAX,permanent,run_03c2965a78c8d2502b7bb0a9
fill-permanent-00000664-1735142640000000000,permanent-00000664,ETHUSDT,spot,BUY,increase_spot,1735142640000000000,1735142580000000000,1735142580000000000,1735142580000000000,0,0,all_client,vwap,1735142640000000000,1735142640000000000,1735142580000000000,0.0860,0.0859140,3475.56,3475.204794555422803354288330,298.898160,0.298898160,0.0000860,0,0.0305476682336389115312036200,0.0006609070004622754223567260,0,0.0860,True,True,SH_MAX,permanent,run_03c2965a78c8d2502b7bb0a9
fill-permanent-00000665-1735142700000000000,permanent-00000665,ETHUSDT,futures,SELL,increase_perp,1735142700000000000,1735142640000000000,1735142640000000000,1735142640000000000,0,0,all_client,vwap,1735142700000000000,1735142700000000000,1735142640000000000,0.086,0.086,3470.43,3470.785175113180008977114304,298.45698,0.149228490,0,0,0.030545059733480772031830144,0.000696307227507423954626998,0,0.086,True,True,SH_MAX,permanent,run_03c2965a78c8d2502b7bb0a9
fill-permanent-00000666-1737561840000000000,permanent-00000666,ETHUSDT,spot,BUY,increase_spot,1737561840000000000,1737561780000000000,1737561780000000000,1737561780000000000,0,0,all_client,vwap,1737561840000000000,1737561840000000000,1737561780000000000,0.0611,0.0610389,3275.79,3275.452656133318372290084311,200.150769,0.200150769,0.0000611,0,0.0206117102542474530758485979,0.0005986945252728778211562091,0,0.0611,True,True,SH_MAX,permanent,run_03c2965a78c8d2502b7bb0a9
fill-permanent-00000667-1737561900000000000,permanent-00000667,ETHUSDT,futures,SELL,increase_perp,1737561900000000000,1737561840000000000,1737561840000000000,1737561840000000000,0,0,all_client,vwap,1737561900000000000,1737561900000000000,1737561840000000000,0.061,0.061,3271.92,3272.248150951904858455278300,199.58712,0.099793560,0,0,0.020017208066196365771976300,0.000056494345389746135399092,0,0.061,True,True,SH_MAX,permanent,run_03c2965a78c8d2502b7bb0a9
fill-permanent-00000668-1737648300000000000,permanent-00000668,BTCUSDT,futures,BUY,reduce_perp,1737648300000000000,1737648240000000000,1737648240000000000,1737648240000000000,0,0,all_client,vwap,1737648300000000000,1737648300000000000,1737648240000000000,0.002,0.002,105453.7,105443.0722462396753727477847,210.9074,0.10545370,0,0,0.0212555075206492545044306,0.0001668930714013194298810,0,0.002,True,True,SH_MAX,permanent,run_03c2965a78c8d2502b7bb0a9
fill-permanent-00000669-1737648360000000000,permanent-00000669,BTCUSDT,spot,SELL,reduce_spot,1737648360000000000,1737648300000000000,1737648300000000000,1737648300000000000,0,0,all_client,vwap,1737648360000000000,1737648360000000000,1737648300000000000,0.00200,0.00200,104930.79,104941.2931873624990517612194,209.8615800,0.2098615800,0,0,0.021006374724998103522438800,0.000018116087525603712086600,0,0.00200,True,True,SH_MAX,permanent,run_03c2965a78c8d2502b7bb0a9
fill-permanent-00000670-1738166640000000000,permanent-00000670,ETHUSDT,spot,BUY,increase_spot,1738166640000000000,1738166580000000000,1738166580000000000,1738166580000000000,0,0,all_client,vwap,1738166640000000000,1738166640000000000,1738166580000000000,0.0561,0.0560439,3104.18,3103.868815545870055734480165,174.144498,0.174144498,0.0000561,0,0.0174574478766898732956627435,0.0000447438214775422829923107,0,0.0561,True,True,SH_MAX,permanent,run_03c2965a78c8d2502b7bb0a9
fill-permanent-00000671-1738166700000000000,permanent-00000671,ETHUSDT,futures,SELL,increase_perp,1738166700000000000,1738166640000000000,1738166640000000000,1738166640000000000,0,0,all_client,vwap,1738166700000000000,1738166700000000000,1738166640000000000,0.056,0.056,3100.33,3100.645597518371931037089433,173.61848,0.086809240,0,0,0.017673461028828138077008248,0.000309845682725255263200544,0,0.056,True,True,SH_MAX,permanent,run_03c2965a78c8d2502b7bb0a9
fill-permanent-00000672-1738771440000000000,permanent-00000672,ETHUSDT,spot,BUY,increase_spot,1738771440000000000,1738771380000000000,1738771380000000000,1738771380000000000,0,0,all_client,vwap,1738771440000000000,1738771440000000000,1738771380000000000,0.1261,0.1259739,2771.60,2771.321935382028278352052948,349.498760,0.349498760,0.0001261,0,0.0350639483262340998061232572,0.0001175787210667232161039067,0,0.1261,True,True,SH_MAX,permanent,run_03c2965a78c8d2502b7bb0a9
fill-permanent-00000673-1738771500000000000,permanent-00000673,ETHUSDT,futures,SELL,increase_perp,1738771500000000000,1738771440000000000,1738771440000000000,1738771440000000000,0,0,all_client,vwap,1738771500000000000,1738771500000000000,1738771440000000000,0.126,0.126,2767.16,2767.443578531927400103165749,348.66216,0.174331080,0,0,0.035730895022852412998884374,0.000861105933350127757584432,0,0.126,True,True,SH_MAX,permanent,run_03c2965a78c8d2502b7bb0a9
fill-permanent-00000674-1738857900000000000,permanent-00000674,BTCUSDT,spot,BUY,increase_spot,1738857900000000000,1738857840000000000,1738857840000000000,1738857840000000000,0,0,all_client,vwap,1738857900000000000,1738857900000000000,1738857840000000000,0.00200,0.00199800,97472.76,97463.00711024356710908566807,194.9455200,0.1949455200,0.00000200,0,0.0195057795128657818286638600,0.0000131780908170684068467200,0,0.00200,True,True,SH_MAX,permanent,run_03c2965a78c8d2502b7bb0a9
fill-permanent-00000675-1738857960000000000,permanent-00000675,BTCUSDT,futures,SELL,increase_perp,1738857960000000000,1738857900000000000,1738857900000000000,1738857900000000000,0,0,all_client,vwap,1738857960000000000,1738857960000000000,1738857900000000000,0.002,0.002,97324.5,97334.23412328929412952001509,194.6490,0.09732450,0,0,0.01946824657858825904003018,0.00000139975393040021412618,0,0.002,True,True,SH_MAX,permanent,run_03c2965a78c8d2502b7bb0a9
fill-permanent-00000676-1739376240000000000,permanent-00000676,ETHUSDT,spot,BUY,increase_spot,1739376240000000000,1739376180000000000,1739376180000000000,1739376180000000000,0,0,all_client,vwap,1739376240000000000,1739376240000000000,1739376180000000000,0.0711,0.0710289,2606.48,2606.212162579039246350734981,185.320728,0.185320728,0.0000711,0,0.0190432406303095844627428509,0.0005130721543726154211891606,0,0.0711,True,True,SH_MAX,permanent,run_03c2965a78c8d2502b7bb0a9
fill-permanent-00000677-1739376300000000000,permanent-00000677,ETHUSDT,futures,SELL,increase_perp,1739376300000000000,1739376240000000000,1739376240000000000,1739376240000000000,0,0,all_client,vwap,1739376300000000000,1739376300000000000,1739376240000000000,0.071,0.071,2605.55,2605.817842999175087200427829,184.99405,0.092497025,0,0,0.019016852941431191230375859,0.000515546256137048111252806,0,0.071,True,True,SH_MAX,permanent,run_03c2965a78c8d2502b7bb0a9
fill-permanent-00000678-1740585840000000000,permanent-00000678,ETHUSDT,spot,BUY,increase_spot,1740585840000000000,1740585780000000000,1740585780000000000,1740585780000000000,0,0,all_client,vwap,1740585840000000000,1740585840000000000,1740585780000000000,0.0370,0.0369630,2427.28,2427.032974476483057701856627,89.809360,0.089809360,0.0000370,0,0.0091399443701268650313048010,0.0001599223645638777178079190,0,0.0370,True,True,SH_MAX,permanent,run_03c2965a78c8d2502b7bb0a9
fill-permanent-00000679-1740585900000000000,permanent-00000679,ETHUSDT,futures,SELL,increase_perp,1740585900000000000,1740585840000000000,1740585840000000000,1740585840000000000,0,0,all_client,vwap,1740585900000000000,1740585900000000000,1740585840000000000,0.037,0.037,2422.82,2423.066570984767451437300623,89.64434,0.044822170,0,0,0.009123126436395703180123051,0.000157780123752063609805041,0,0.037,True,True,SH_MAX,permanent,run_03c2965a78c8d2502b7bb0a9
fill-permanent-00000680-1747929900000000000,permanent-00000680,BTCUSDT,futures,BUY,reduce_perp,1747929900000000000,1747929840000000000,1747929840000000000,1747929840000000000,0,0,all_client,vwap,1747929900000000000,1747929900000000000,1747929840000000000,0.003,0.003,111348.0,111336.8223975975137060446276,334.0440,0.16702200,0,0,0.0335328072074588818661172,0.0001317604881796277543037,0,0.003,True,True,SH_MAX,permanent,run_03c2965a78c8d2502b7bb0a9
fill-permanent-00000681-1747929960000000000,permanent-00000681,BTCUSDT,spot,SELL,reduce_spot,1747929960000000000,1747929900000000000,1747929900000000000,1747929900000000000,0,0,all_client,vwap,1747929960000000000,1747929960000000000,1747929900000000000,0.00300,0.00300,110765.96,110777.0468157510108159176106,332.2978800,0.3322978800,0,0,0.033260447253032447752831800,0.000027333208307144508056400,0,0.00300,True,True,SH_MAX,permanent,run_03c2965a78c8d2502b7bb0a9
fill-permanent-00000682-1749139500000000000,permanent-00000682,BTCUSDT,spot,BUY,increase_spot,1749139500000000000,1749139440000000000,1749139440000000000,1749139440000000000,0,0,all_client,vwap,1749139500000000000,1749139500000000000,1749139440000000000,0.00100,0.00099900,104575.19,104564.7309187681182008042143,104.5751900,0.1045751900,0.00000100,0,0.010459081231881799195785700,0.000002608140004987375705300,0,0.00100,True,True,SH_MAX,permanent,run_03c2965a78c8d2502b7bb0a9
fill-permanent-00000683-1749139560000000000,permanent-00000683,BTCUSDT,futures,SELL,increase_perp,1749139560000000000,1749139500000000000,1749139500000000000,1749139500000000000,0,0,all_client,vwap,1749139560000000000,1749139560000000000,1749139500000000000,0.001,0.001,104528.6,104539.1409236717438871539949,104.5286,0.05226430,0,0,0.0105409236717438871539949,0.0000870095793767127652795,0,0.001,True,True,SH_MAX,permanent,run_03c2965a78c8d2502b7bb0a9
fill-permanent-00000684-1749657840000000000,permanent-00000684,ETHUSDT,futures,BUY,reduce_perp,1749657840000000000,1749657780000000000,1749657780000000000,1749657780000000000,0,0,all_client,vwap,1749657840000000000,1749657840000000000,1749657780000000000,0.139,0.139,2861.01,2860.719254628708482389995845,397.68039,0.198840195,0,0,0.040413606609520947790577545,0.000649608970181899885356545,0,0.139,True,True,SH_MAX,permanent,run_03c2965a78c8d2502b7bb0a9
fill-permanent-00000685-1749657900000000000,permanent-00000685,ETHUSDT,spot,SELL,reduce_spot,1749657900000000000,1749657840000000000,1749657840000000000,1749657840000000000,0,0,all_client,vwap,1749657900000000000,1749657900000000000,1749657840000000000,0.1390,0.1390,2817.10,2817.385070549296348017770397,391.576900,0.391576900,0,0,0.0396248063521923744700851830,0.0004631538715571552326381800,0,0.1390,True,True,SH_MAX,permanent,run_03c2965a78c8d2502b7bb0a9
fill-permanent-00000686-1750262640000000000,permanent-00000686,ETHUSDT,spot,BUY,increase_spot,1750262640000000000,1750262580000000000,1750262580000000000,1750262580000000000,0,0,all_client,vwap,1750262640000000000,1750262640000000000,1750262580000000000,0.1592,0.1590408,2506.67,2506.418121370404519276420359,399.061864,0.399061864,0.0001592,0,0.0400990778316005311938788472,0.0001969013393836912469982408,0,0.1592,True,True,SH_MAX,permanent,run_03c2965a78c8d2502b7bb0a9
fill-permanent-00000687-1750262700000000000,permanent-00000687,ETHUSDT,futures,SELL,increase_perp,1750262700000000000,1750262640000000000,1750262640000000000,1750262640000000000,0,0,all_client,vwap,1750262700000000000,1750262700000000000,1750262640000000000,0.159,0.159,2503.92,2504.175633557475528224585925,398.12328,0.199061640,0,0,0.040645735638608987709162075,0.000829343065045126810391094,0,0.159,True,True,SH_MAX,permanent,run_03c2965a78c8d2502b7bb0a9
fill-permanent-00000688-1752077040000000000,permanent-00000688,ETHUSDT,futures,BUY,reduce_perp,1752077040000000000,1752076980000000000,1752076980000000000,1752076980000000000,0,0,all_client,vwap,1752077040000000000,1752077040000000000,1752076980000000000,0.071,0.071,2656.32,2656.052443648483675350466659,188.59872,0.094299360,0,0,0.018996500957659050116867211,0.000138528607754816021878874,0,0.071,True,True,SH_MAX,permanent,run_03c2965a78c8d2502b7bb0a9
fill-permanent-00000689-1752077100000000000,permanent-00000689,ETHUSDT,spot,SELL,reduce_spot,1752077100000000000,1752077040000000000,1752077040000000000,1752077040000000000,0,0,all_client,vwap,1752077100000000000,1752077100000000000,1752077040000000000,0.0710,0.0710,2619.04,2619.310237101112873897373551,185.951840,0.185951840,0,0,0.0191868341790140467135221210,0.0005897314955961453088507940,0,0.0710,True,True,SH_MAX,permanent,run_03c2965a78c8d2502b7bb0a9
fill-permanent-00000690-1752681840000000000,permanent-00000690,ETHUSDT,futures,BUY,reduce_perp,1752681840000000000,1752681780000000000,1752681780000000000,1752681780000000000,0,0,all_client,vwap,1752681840000000000,1752681840000000000,1752681780000000000,0.218,0.218,3240.05,3239.717079327251853663186601,706.33090,0.353165450,0,0,0.072576706659095901425320982,0.001950874329761811015463440,0,0.218,True,True,SH_MAX,permanent,run_03c2965a78c8d2502b7bb0a9
fill-permanent-00000691-1752681900000000000,permanent-00000691,ETHUSDT,spot,SELL,reduce_spot,1752681900000000000,1752681840000000000,1752681840000000000,1752681840000000000,0,0,all_client,vwap,1752681900000000000,1752681900000000000,1752681840000000000,0.2180,0.2180,3191.07,3191.390681286427724561162142,695.653260,0.695653260,0,0,0.0699085204412439543333469560,0.0003362035891998299379136680,0,0.2180,True,True,SH_MAX,permanent,run_03c2965a78c8d2502b7bb0a9
fill-permanent-00000692-1752768300000000000,permanent-00000692,BTCUSDT,futures,BUY,reduce_perp,1752768300000000000,1752768240000000000,1752768240000000000,1752768240000000000,0,0,all_client,vwap,1752768300000000000,1752768300000000000,1752768240000000000,0.003,0.003,118795.0,118783.0793246917483401833702,356.3850,0.17819250,0,0,0.0357620259247549794498894,0.0001271021273474549478345,0,0.003,True,True,SH_MAX,permanent,run_03c2965a78c8d2502b7bb0a9
fill-permanent-00000693-1752768360000000000,permanent-00000693,BTCUSDT,spot,SELL,reduce_spot,1752768360000000000,1752768300000000000,1752768300000000000,1752768300000000000,0,0,all_client,vwap,1752768360000000000,1752768360000000000,1752768300000000000,0.00300,0.00300,118142.06,118153.8821297934265914940069,354.4261800,0.3544261800,0,0,0.035466389380279774482020700,0.000020224741341746504572500,0,0.00300,True,True,SH_MAX,permanent,run_03c2965a78c8d2502b7bb0a9
fill-permanent-00000694-1753286640000000000,permanent-00000694,ETHUSDT,futures,BUY,reduce_perp,1753286640000000000,1753286580000000000,1753286580000000000,1753286580000000000,0,0,all_client,vwap,1753286640000000000,1753286640000000000,1753286580000000000,0.109,0.109,3636.38,3636.011562064631205561175674,396.36542,0.198182710,0,0,0.040159734955198593831851534,0.000527208928694113691234672,0,0.109,True,True,SH_MAX,permanent,run_03c2965a78c8d2502b7bb0a9
fill-permanent-00000695-1753286700000000000,permanent-00000695,ETHUSDT,spot,SELL,reduce_spot,1753286700000000000,1753286640000000000,1753286640000000000,1753286640000000000,0,0,all_client,vwap,1753286700000000000,1753286700000000000,1753286640000000000,0.1090,0.1090,3580.85,3581.213776866842144558721478,390.312650,0.390312650,0,0,0.0396516784857937569006411020,0.0006164483179451775249510540,0,0.1090,True,True,SH_MAX,permanent,run_03c2965a78c8d2502b7bb0a9
fill-permanent-00000696-1754674800000000000,permanent-00000696,ETHUSDT,futures,BUY,close_perp,1754674800000000000,1754674740000000000,1754674740000000000,1754674740000000000,0,0,all_client,vwap,1754674800000000000,1754674800000000000,1754674740000000000,0.891,0.891,4026.53,4026.123803137638804063672931,3587.63823,1.793819115,0,0,0.361921404363825579267418479,0.003193773504261961825345482,0,0.891,True,True,SH_MAX,permanent,run_03c2965a78c8d2502b7bb0a9
fill-permanent-00000697-1754674860000000000,permanent-00000697,ETHUSDT,spot,SELL,close_spot,1754674860000000000,1754674800000000000,1754674800000000000,1754674800000000000,0,0,all_client,vwap,1754674860000000000,1754674860000000000,1754674800000000000,0.8910,0.8910,3969.43,3969.831925541597735577384860,3536.762130,3.536762130,0,0,0.3581156575635823994499102600,0.0044036329978260412099657020,0,0.8910,True,True,SH_MAX,permanent,run_03c2965a78c8d2502b7bb0a9
fill-permanent-00000698-1755100980000000000,permanent-00000698,ETHUSDT,spot,BUY,open_spot,1755100980000000000,1755100860006000000,1755100860006000000,1755100860006000000,0,0,all_client,vwap,1755100980000000000,1755100980000000000,1755100920000000000,0.6927,0.6920073,4663.30,4662.826625227894731726418016,3230.267910,3.230267910,0.0006927,0,0.3279067046373193331102403168,0.0049127043077830650435512034,0,0.6927,True,True,SH_MAX,permanent,run_03c2965a78c8d2502b7bb0a9
fill-permanent-00000699-1755101040000000000,permanent-00000699,ETHUSDT,futures,SELL,open_perp,1755101040000000000,1755100980000000000,1755100980000000000,1755100980000000000,0,0,all_client,vwap,1755101040000000000,1755101040000000000,1755100980000000000,0.692,0.692,4670.35,4670.818552220860690440110481,3231.88220,1.615941100,0,0,0.324238136835597784556452852,0.001017493021914224777997240,0,0.692,True,True,SH_MAX,permanent,run_03c2965a78c8d2502b7bb0a9
fill-permanent-00000700-1755705900000000000,permanent-00000700,ETHUSDT,spot,BUY,increase_spot,1755705900000000000,1755705840000000000,1755705840000000000,1755705840000000000,0,0,all_client,vwap,1755705900000000000,1755705900000000000,1755705840000000000,0.0630,0.0629370,4279.26,4278.831422951153834563513637,269.593380,0.269593380,0.0000630,0,0.0270003540773084224986408690,0.0000437161127161533408907560,0,0.0630,True,True,SH_MAX,permanent,run_03c2965a78c8d2502b7bb0a9
fill-permanent-00000701-1755705960000000000,permanent-00000701,ETHUSDT,futures,SELL,increase_perp,1755705960000000000,1755705900000000000,1755705900000000000,1755705900000000000,0,0,all_client,vwap,1755705960000000000,1755705960000000000,1755705900000000000,0.063,0.063,4277.05,4277.479180388188525280444326,269.45415,0.134727075,0,0,0.027038364455877092667992538,0.000090245619431504958725766,0,0.063,True,True,SH_MAX,permanent,run_03c2965a78c8d2502b7bb0a9
fill-permanent-00000702-1755792300000000000,permanent-00000702,BTCUSDT,spot,BUY,increase_spot,1755792300000000000,1755792240000000000,1755792240000000000,1755792240000000000,0,0,all_client,vwap,1755792300000000000,1755792300000000000,1755792240000000000,0.00100,0.00099900,112755.18,112743.8993835910652920962199,112.7551800,0.1127551800,0.00000100,0,0.011280616408934707903780100,0.000006226470575601374570500,0,0.00100,True,True,SH_MAX,permanent,run_03c2965a78c8d2502b7bb0a9
fill-permanent-00000703-1755792360000000000,permanent-00000703,BTCUSDT,futures,SELL,increase_perp,1755792360000000000,1755792300000000000,1755792300000000000,1755792300000000000,0,0,all_client,vwap,1755792360000000000,1755792360000000000,1755792300000000000,0.001,0.001,112686.5,112697.8660704796531953572927,112.6865,0.05634325,0,0,0.0113660704796531953572927,0.0000962838726052300377570,0,0.001,True,True,SH_MAX,permanent,run_03c2965a78c8d2502b7bb0a9
fill-permanent-00000704-1756310700000000000,permanent-00000704,ETHUSDT,futures,BUY,reduce_perp,1756310700000000000,1756310640000000000,1756310640000000000,1756310640000000000,0,0,all_client,vwap,1756310700000000000,1756310700000000000,1756310640000000000,0.060,0.060,4643.38,4642.910208471029558367583291,278.60280,0.139301400,0,0,0.028187491738226497945002540,0.000330030487400320594797060,0,0.060,True,True,SH_MAX,permanent,run_03c2965a78c8d2502b7bb0a9
fill-permanent-00000705-1756310760000000000,permanent-00000705,ETHUSDT,spot,SELL,reduce_spot,1756310760000000000,1756310700000000000,1756310700000000000,1756310700000000000,0,0,all_client,vwap,1756310760000000000,1756310760000000000,1756310700000000000,0.0600,0.0600,4572.91,4573.370937557098226215770045,274.374600,0.274374600,0,0,0.0276562534258935729462027000,0.0002160278005509835889080800,0,0.0600,True,True,SH_MAX,permanent,run_03c2965a78c8d2502b7bb0a9
fill-permanent-00000706-1757001900000000000,permanent-00000706,BTCUSDT,spot,BUY,increase_spot,1757001900000000000,1757001840000000000,1757001840000000000,1757001840000000000,0,0,all_client,vwap,1757001900000000000,1757001900000000000,1757001840000000000,0.00100,0.00099900,109620.61,109609.6416287436729044252351,109.6206100,0.1096206100,0.00000100,0,0.010968371256327095574764900,0.000007407093452728284322400,0,0.00100,True,True,SH_MAX,permanent,run_03c2965a78c8d2502b7bb0a9
fill-permanent-00000707-1757001960000000000,permanent-00000707,BTCUSDT,futures,SELL,increase_perp,1757001960000000000,1757001900000000000,1757001900000000000,1757001900000000000,0,0,all_client,vwap,1757001960000000000,1757001960000000000,1757001900000000000,0.001,0.001,109598.4,109609.3729050901969525689812,109.5984,0.05479920,0,0,0.0109729050901969525689812,0.0000119677996879328737243,0,0.001,True,True,SH_MAX,permanent,run_03c2965a78c8d2502b7bb0a9
fill-permanent-00000708-1757520300000000000,permanent-00000708,ETHUSDT,spot,BUY,increase_spot,1757520300000000000,1757520240000000000,1757520240000000000,1757520240000000000,0,0,all_client,vwap,1757520300000000000,1757520300000000000,1757520240000000000,0.0401,0.0400599,4400.87,4400.423366665549202708732634,176.474887,0.176474887,0.0000401,0,0.0179099967114769713798213766,0.0002642990111481190769593693,0,0.0401,True,True,SH_MAX,permanent,run_03c2965a78c8d2502b7bb0a9
fill-permanent-00000709-1757520360000000000,permanent-00000709,ETHUSDT,futures,SELL,increase_perp,1757520360000000000,1757520300000000000,1757520300000000000,1757520300000000000,0,0,all_client,vwap,1757520360000000000,1757520360000000000,1757520300000000000,0.040,0.040,4396.48,4396.927162623250614055058574,175.85920,0.087929600,0,0,0.017886504930024562202342960,0.000298796279531559746122720,0,0.040,True,True,SH_MAX,permanent,run_03c2965a78c8d2502b7bb0a9
fill-permanent-00000710-1758211500000000000,permanent-00000710,BTCUSDT,futures,BUY,reduce_perp,1758211500000000000,1758211440000000000,1758211440000000000,1758211440000000000,0,0,all_client,vwap,1758211500000000000,1758211500000000000,1758211440000000000,0.002,0.002,117637.1,117625.2757068634727687761704,235.2742,0.11763710,0,0,0.0236485862730544624476592,0.0001235311316817678939040,0,0.002,True,True,SH_MAX,permanent,run_03c2965a78c8d2502b7bb0a9
fill-permanent-00000711-1758211560000000000,permanent-00000711,BTCUSDT,spot,SELL,reduce_spot,1758211560000000000,1758211500000000000,1758211500000000000,1758211500000000000,0,0,all_client,vwap,1758211560000000000,1758211560000000000,1758211500000000000,0.00200,0.00200,117658.50,117670.2739050425708580103705,235.3170000,0.2353170000,0,0,0.023547810085141716020741000,0.000013755304133201849139000,0,0.00200,True,True,SH_MAX,permanent,run_03c2965a78c8d2502b7bb0a9
fill-permanent-00000712-1758729900000000000,permanent-00000712,ETHUSDT,spot,BUY,increase_spot,1758729900000000000,1758729840000000000,1758729840000000000,1758729840000000000,0,0,all_client,vwap,1758729900000000000,1758729900000000000,1758729840000000000,0.0420,0.0419580,4164.98,4164.555671814524175691549173,174.929160,0.174929160,0.0000420,0,0.0178217837899846209549347340,0.0003306499683636194170302240,0,0.0420,True,True,SH_MAX,permanent,run_03c2965a78c8d2502b7bb0a9
fill-permanent-00000713-1758729960000000000,permanent-00000713,ETHUSDT,futures,SELL,increase_perp,1758729960000000000,1758729900000000000,1758729900000000000,1758729900000000000,0,0,all_client,vwap,1758729960000000000,1758729960000000000,1758729900000000000,0.042,0.042,4160.52,4160.944230150437859068427047,174.74184,0.087370920,0,0,0.017817666318390080873935974,0.000341700551758241865848568,0,0.042,True,True,SH_MAX,permanent,run_03c2965a78c8d2502b7bb0a9
fill-permanent-00000714-1758816300000000000,permanent-00000714,BTCUSDT,spot,BUY,increase_spot,1758816300000000000,1758816240000000000,1758816240000000000,1758816240000000000,0,0,all_client,vwap,1758816300000000000,1758816300000000000,1758816240000000000,0.00200,0.00199800,111519.89,111508.7326880703221521969051,223.0397800,0.2230397800,0.00000200,0,0.022314623859355695606189800,0.000012877321741631175750400,0,0.00200,True,True,SH_MAX,permanent,run_03c2965a78c8d2502b7bb0a9
fill-permanent-00000715-1758816360000000000,permanent-00000715,BTCUSDT,futures,SELL,increase_perp,1758816360000000000,1758816300000000000,1758816300000000000,1758816300000000000,0,0,all_client,vwap,1758816360000000000,1758816360000000000,1758816300000000000,0.002,0.002,111470.9,111482.0857019471690368482713,222.9418,0.11147090,0,0,0.0223714038943380736965426,0.0000749867539486398891730,0,0.002,True,True,SH_MAX,permanent,run_03c2965a78c8d2502b7bb0a9
fill-permanent-00000716-1759421100000000000,permanent-00000716,BTCUSDT,futures,BUY,reduce_perp,1759421100000000000,1759421040000000000,1759421040000000000,1759421040000000000,0,0,all_client,vwap,1759421100000000000,1759421100000000000,1759421040000000000,0.002,0.002,119781.0,119769.0210549054195528402817,239.5620,0.11978100,0,0,0.0239578901891608943194366,0.0000040859781798104088686,0,0.002,True,True,SH_MAX,permanent,run_03c2965a78c8d2502b7bb0a9
fill-permanent-00000717-1759421160000000000,permanent-00000717,BTCUSDT,spot,SELL,reduce_spot,1759421160000000000,1759421100000000000,1759421100000000000,1759421100000000000,0,0,all_client,vwap,1759421160000000000,1759421160000000000,1759421100000000000,0.00200,0.00200,119766.19,119778.1723294978318112849529,239.5323800,0.2395323800,0,0,0.023964658995663622569905800,0.000009024529764056207648800,0,0.00200,True,True,SH_MAX,permanent,run_03c2965a78c8d2502b7bb0a9
fill-permanent-00000718-1759939500000000000,permanent-00000718,ETHUSDT,futures,BUY,reduce_perp,1759939500000000000,1759939440000000000,1759939440000000000,1759939440000000000,0,0,all_client,vwap,1759939500000000000,1759939500000000000,1759939440000000000,0.048,0.048,4439.53,4439.084850628966476870090588,213.09744,0.106548720,0,0,0.021367169809609110235651776,0.000059562526590071146675344,0,0.048,True,True,SH_MAX,permanent,run_03c2965a78c8d2502b7bb0a9
fill-permanent-00000719-1759939560000000000,permanent-00000719,ETHUSDT,spot,SELL,reduce_spot,1759939560000000000,1759939500000000000,1759939500000000000,1759939500000000000,0,0,all_client,vwap,1759939560000000000,1759939560000000000,1759939500000000000,0.0480,0.0480,4376.97,4377.410205438971372418563664,210.094560,0.210094560,0,0,0.0211298610706258760910558720,0.0001182920845188135034467840,0,0.0480,True,True,SH_MAX,permanent,run_03c2965a78c8d2502b7bb0a9
fill-permanent-00000720-1760544300000000000,permanent-00000720,ETHUSDT,spot,BUY,increase_spot,1760544300000000000,1760544240000000000,1760544240000000000,1760544240000000000,0,0,all_client,vwap,1760544300000000000,1760544300000000000,1760544240000000000,0.0841,0.0840159,3983.52,3983.112335325589360585433920,335.014032,0.335014032,0.0000841,0,0.0342845991179347747650073280,0.0007866243778465682424838617,0,0.0841,True,True,SH_MAX,permanent,run_03c2965a78c8d2502b7bb0a9
fill-permanent-00000721-1760544360000000000,permanent-00000721,ETHUSDT,futures,SELL,increase_perp,1760544360000000000,1760544300000000000,1760544300000000000,1760544300000000000,0,0,all_client,vwap,1760544360000000000,1760544360000000000,1760544300000000000,0.084,0.084,3970.54,3970.940591370873556359517905,333.52536,0.166762680,0,0,0.033649675153378734199504020,0.000293774185863396326084052,0,0.084,True,True,SH_MAX,permanent,run_03c2965a78c8d2502b7bb0a9
fill-permanent-00000722-1760630700000000000,permanent-00000722,BTCUSDT,spot,BUY,increase_spot,1760630700000000000,1760630640000000000,1760630640000000000,1760630640000000000,0,0,all_client,vwap,1760630700000000000,1760630700000000000,1760630640000000000,0.00201,0.00200799,108267.57,108256.7357052775937397202519,217.6178157,0.2176178157,0.00000201,0,0.021776932392036583162293681,0.000017328515275786820609961,0,0.00201,True,True,SH_MAX,permanent,run_03c2965a78c8d2502b7bb0a9
fill-permanent-00000723-1760630760000000000,permanent-00000723,BTCUSDT,futures,SELL,increase_perp,1760630760000000000,1760630700000000000,1760630700000000000,1760630700000000000,0,0,all_client,vwap,1760630760000000000,1760630760000000000,1760630700000000000,0.002,0.002,108399.1,108410.0075106093922884074007,216.7982,0.10839910,0,0,0.0218150212187845768148014,0.0001330197166626983571200,0,0.002,True,True,SH_MAX,permanent,run_03c2965a78c8d2502b7bb0a9
fill-permanent-00000724-1762358700000000000,permanent-00000724,ETHUSDT,spot,BUY,increase_spot,1762358700000000000,1762358640000000000,1762358640000000000,1762358640000000000,0,0,all_client,vwap,1762358700000000000,1762358700000000000,1762358640000000000,0.1431,0.1429569,3396.20,3395.851302650341980590088364,485.996220,0.485996220,0.0001431,0,0.0498985907360625775583551116,0.0013039585951361838161109237,0,0.1431,True,True,SH_MAX,permanent,run_03c2965a78c8d2502b7bb0a9
fill-permanent-00000725-1762358760000000000,permanent-00000725,ETHUSDT,futures,SELL,increase_perp,1762358760000000000,1762358700000000000,1762358700000000000,1762358700000000000,0,0,all_client,vwap,1762358760000000000,1762358760000000000,1762358700000000000,0.143,0.143,3398.99,3399.330367900681779476964350,486.05557,0.243027785,0,0,0.048672609797494465205902050,0.000062185536514715759381522,0,0.143,True,True,SH_MAX,permanent,run_03c2965a78c8d2502b7bb0a9
fill-permanent-00000726-1762445100000000000,permanent-00000726,BTCUSDT,spot,BUY,increase_spot,1762445100000000000,1762445040000000000,1762445040000000000,1762445040000000000,0,0,all_client,vwap,1762445100000000000,1762445100000000000,1762445040000000000,0.00100,0.00099900,102076.52,102066.3129912535571785089845,102.0765200,0.1020765200,0.00000100,0,0.010207008746442821491015500,3.77447317465773164600E-7,0,0.00100,True,True,SH_MAX,permanent,run_03c2965a78c8d2502b7bb0a9
fill-permanent-00000727-1762445160000000000,permanent-00000727,BTCUSDT,futures,SELL,increase_perp,1762445160000000000,1762445100000000000,1762445100000000000,1762445100000000000,0,0,all_client,vwap,1762445160000000000,1762445160000000000,1762445100000000000,0.001,0.001,102193.2,102203.4364810209203137484386,102.1932,0.05109660,0,0,0.0102364810209203137484386,0.0000161373728182217170638,0,0.001,True,True,SH_MAX,permanent,run_03c2965a78c8d2502b7bb0a9
fill-permanent-00000728-1763568300000000000,permanent-00000728,ETHUSDT,spot,BUY,increase_spot,1763568300000000000,1763568240000000000,1763568240000000000,1763568240000000000,0,0,all_client,vwap,1763568300000000000,1763568300000000000,1763568240000000000,0.0190,0.0189810,2980.21,2979.906163371950343063750555,56.623990,0.056623990,0.0000190,0,0.0057728959329434817887394550,0.0001110742225367761369183300,0,0.0190,True,True,SH_MAX,permanent,run_03c2965a78c8d2502b7bb0a9
fill-permanent-00000729-1763568360000000000,permanent-00000729,ETHUSDT,futures,SELL,increase_perp,1763568360000000000,1763568300000000000,1763568300000000000,1763568300000000000,0,0,all_client,vwap,1763568360000000000,1763568360000000000,1763568300000000000,0.019,0.019,2968.83,2969.131780243893000364459061,56.40777,0.028203885,0,0,0.005733824633967006924722159,0.000092474251503610224029685,0,0.019,True,True,SH_MAX,permanent,run_03c2965a78c8d2502b7bb0a9
fill-permanent-00000730-1767801900000000000,permanent-00000730,ETHUSDT,spot,BUY,increase_spot,1767801900000000000,1767801840000000000,1767801840000000000,1767801840000000000,0,0,all_client,vwap,1767801900000000000,1767801900000000000,1767801840000000000,0.0071,0.0070929,3168.29,3167.966216841747737693781994,22.494859,0.022494859,0.0000071,0,0.0022988604235910623741478426,0.0000496044096334214803852588,0,0.0071,True,True,SH_MAX,permanent,run_03c2965a78c8d2502b7bb0a9
fill-permanent-00000731-1767801960000000000,permanent-00000731,ETHUSDT,futures,SELL,increase_perp,1767801960000000000,1767801900000000000,1767801900000000000,1767801900000000000,0,0,all_client,vwap,1767801960000000000,1767801960000000000,1767801900000000000,0.007,0.007,3168.21,3168.531505461583209499104548,22.17747,0.011088735,0,0,0.002250538231082466493731836,0.000032566177259358247082466,0,0.007,True,True,SH_MAX,permanent,run_03c2965a78c8d2502b7bb0a9
fill-permanent-00000732-1785341100000000000,permanent-00000732,ETHUSDT,spot,BUY,increase_spot,1785341100000000000,1785341040000000000,1785341040000000000,1785341040000000000,0,0,all_client,vwap,1785341100000000000,1785341100000000000,1785341040000000000,0.0120,0.0119880,1890.14,1889.946902943864684178495797,22.681680,0.022681680,0.0000120,0,0.0023171646736237898580504360,0.0000492283900911522370362360,0,0.0120,True,True,SH_MAX,permanent,run_03c2965a78c8d2502b7bb0a9
fill-permanent-00000733-1785341160000000000,permanent-00000733,ETHUSDT,futures,SELL,increase_perp,1785341160000000000,1785341100000000000,1785341100000000000,1785341100000000000,0,0,all_client,vwap,1785341160000000000,1785341160000000000,1785341100000000000,0.012,0.012,1889.27,1889.460776811211695253221854,22.67124,0.011335620,0,0,0.002289321734540343038662248,0.000021968802366889004358384,0,0.012,True,True,SH_MAX,permanent,run_03c2965a78c8d2502b7bb0a9
fill-conditional-00000001-1673683380000000000,conditional-00000001,ETHUSDT,spot,BUY,open_spot,1673683380000000000,1673683260001000000,1673683260001000000,1673683260001000000,0,0,all_client,vwap,1673683380000000000,1673683380000000000,1673683320000000000,1.7207,1.7189793,1552.92,1552.758333687836923699204285,2672.109444,2.672109444,0.0017207,0,0.2781792233390053907791868005,0.0109960968613392913182654565,0,1.7207,True,True,CF_SIN_INTERRUPCION,conditional,run_478a6647e78b9a24f13733a0
fill-conditional-00000002-1673683440000000000,conditional-00000002,ETHUSDT,spot,SELL,close_spot,1673683440000000000,1673683380000000000,1673683380000000000,1673683380000000000,0,0,all_client,vwap,1673683440000000000,1673683440000000000,1673683380000000000,1.7189,1.7189,1553.12,1553.281283108878413333743448,2669.657968,2.669657968,0,0,0.2772295358511046793716127672,0.0102360160975195689036761986,0,1.7189,True,True,CF_SIN_INTERRUPCION,conditional,run_478a6647e78b9a24f13733a0
fill-conditional-00000003-1673798520000000000,conditional-00000003,ETHUSDT,spot,BUY,open_spot,1673798520000000000,1673798460000000000,1673798460000000000,1673798460000000000,0,0,all_client,vwap,1673798520000000000,1673798520000000000,1673798460000000000,1.9269,1.9249731,1556.25,1556.093388051792728390880380,2998.738125,2.998738125,0.0019269,0,0.3017755630005916636125957780,0.0019319280568917227789571108,0,1.9269,True,True,CF_SIN_INTERRUPCION,conditional,run_478a6647e78b9a24f13733a0
fill-conditional-00000004-1673798580000000000,conditional-00000004,ETHUSDT,futures,SELL,open_perp,1673798580000000000,1673798520000000000,1673798520000000000,1673798520000000000,0,0,all_client,vwap,1673798580000000000,1673798580000000000,1673798520000000000,1.925,1.925,1555.82,1555.982684372332775929769552,2994.95350,1.497476750,0,0,0.313167416740593664806387600,0.013640749998919605439906875,0,1.925,True,True,CF_SIN_INTERRUPCION,conditional,run_478a6647e78b9a24f13733a0
fill-conditional-00000005-1675613040000000000,conditional-00000005,ETHUSDT,futures,BUY,reduce_perp,1675613040000000000,1675612980000000000,1675612980000000000,1675612980000000000,0,0,all_client,vwap,1675613040000000000,1675613040000000000,1675612980000000000,0.097,0.097,1642.83,1642.656922630217239210941182,159.35451,0.079677255,0,0,0.016788504868927796538705346,0.000854732719414689318359228,0,0.097,True,True,CF_SIN_INTERRUPCION,conditional,run_478a6647e78b9a24f13733a0
fill-conditional-00000006-1675613100000000000,conditional-00000006,ETHUSDT,spot,SELL,reduce_spot,1675613100000000000,1675613040000000000,1675613040000000000,1675613040000000000,0,0,all_client,vwap,1675613100000000000,1675613100000000000,1675613040000000000,0.0970,0.0970,1643.41,1643.581043985824473629351678,159.410770,0.159410770,0,0,0.0165912666249739420471127660,0.0006485304983114446529080710,0,0.0970,True,True,CF_SIN_INTERRUPCION,conditional,run_478a6647e78b9a24f13733a0
fill-conditional-00000007-1676217840000000000,conditional-00000007,ETHUSDT,spot,BUY,increase_spot,1676217840000000000,1676217780000000000,1676217780000000000,1676217780000000000,0,0,all_client,vwap,1676217840000000000,1676217840000000000,1676217780000000000,0.1291,0.1289709,1535.74,1535.586057714768172412829384,198.264034,0.198264034,0.0001291,0,0.0198739490234289415037265256,0.0000495330183312843978768903,0,0.1291,True,True,CF_SIN_INTERRUPCION,conditional,run_478a6647e78b9a24f13733a0
fill-conditional-00000008-1676217900000000000,conditional-00000008,ETHUSDT,futures,SELL,increase_perp,1676217900000000000,1676217840000000000,1676217840000000000,1676217840000000000,0,0,all_client,vwap,1676217900000000000,1676217900000000000,1676217840000000000,0.129,0.129,1534.92,1535.074620909720650466725650,198.00468,0.099002340,0,0,0.019946097353963910207608850,0.000143634744228513816588033,0,0.129,True,True,CF_SIN_INTERRUPCION,conditional,run_478a6647e78b9a24f13733a0
fill-conditional-00000009-1676822640000000000,conditional-00000009,ETHUSDT,futures,BUY,reduce_perp,1676822640000000000,1676822580000000000,1676822580000000000,1676822580000000000,0,0,all_client,vwap,1676822640000000000,1676822640000000000,1676822580000000000,0.204,0.204,1713.99,1713.812925198172559027676711,349.65396,0.174826980,0,0,0.036123259572797958353950956,0.001161475898755238149786284,0,0.204,True,True,CF_SIN_INTERRUPCION,conditional,run_478a6647e78b9a24f13733a0
fill-conditional-00000010-1676822700000000000,conditional-00000010,ETHUSDT,spot,SELL,reduce_spot,1676822700000000000,1676822640000000000,1676822640000000000,1676822640000000000,0,0,all_client,vwap,1676822700000000000,1676822700000000000,1676822640000000000,0.2040,0.2040,1712.34,1712.512500777752105388594061,349.317360,0.349317360,0,0,0.0351901586614294992731884440,0.0002549036455633563232612080,0,0.2040,True,True,CF_SIN_INTERRUPCION,conditional,run_478a6647e78b9a24f13733a0
fill-conditional-00000011-1677427440000000000,conditional-00000011,ETHUSDT,spot,BUY,increase_spot,1677427440000000000,1677427380000000000,1677427380000000000,1677427380000000000,0,0,all_client,vwap,1677427440000000000,1677427440000000000,1677427380000000000,0.1211,0.1209789,1604.38,1604.212784001118802880917418,194.290418,0.194290418,0.0001211,0,0.0202498574645129711209006802,0.0008228406502594224180127390,0,0.1211,True,True,CF_SIN_INTERRUPCION,conditional,run_478a6647e78b9a24f13733a0
fill-conditional-00000012-1677427500000000000,conditional-00000012,ETHUSDT,futures,SELL,increase_perp,1677427500000000000,1677427440000000000,1677427440000000000,1677427440000000000,0,0,all_client,vwap,1677427500000000000,1677427500000000000,1677427440000000000,0.121,0.121,1603.55,1603.717639218026983742383859,194.02955,0.097014775,0,0,0.020284345381265032828446939,0.000879361946726906325164141,0,0.121,True,True,CF_SIN_INTERRUPCION,conditional,run_478a6647e78b9a24f13733a0
fill-conditional-00000013-1678637040000000000,conditional-00000013,ETHUSDT,spot,BUY,increase_spot,1678637040000000000,1678636980000000000,1678636980000000000,1678636980000000000,0,0,all_client,vwap,1678637040000000000,1678637040000000000,1678636980000000000,0.1932,0.1930068,1455.91,1455.764293450015635936954119,281.281812,0.281281812,0.0001932,0,0.0281505054569791369804642092,0.0000251393075248348941623352,0,0.1932,True,True,CF_SIN_INTERRUPCION,conditional,run_478a6647e78b9a24f13733a0
fill-conditional-00000014-1678637100000000000,conditional-00000014,ETHUSDT,futures,SELL,increase_perp,1678637100000000000,1678637040000000000,1678637040000000000,1678637040000000000,0,0,all_client,vwap,1678637100000000000,1678637100000000000,1678637040000000000,0.193,0.193,1454.26,1454.414614108942467151422375,280.67218,0.140336090,0,0,0.029840523025896160224518375,0.001770320973593570608495969,0,0.193,True,True,CF_SIN_INTERRUPCION,conditional,run_478a6647e78b9a24f13733a0
fill-conditional-00000015-1679241840000000000,conditional-00000015,ETHUSDT,futures,BUY,reduce_perp,1679241840000000000,1679241780000000000,1679241780000000000,1679241780000000000,0,0,all_client,vwap,1679241840000000000,1679241840000000000,1679241780000000000,0.392,0.392,1798.52,1798.335392624085477231166864,705.01984,0.352509920,0,0,0.072366091358492925382589312,0.001871343967628774675127448,0,0.392,True,True,CF_SIN_INTERRUPCION,conditional,run_478a6647e78b9a24f13733a0
fill-conditional-00000016-1679241900000000000,conditional-00000016,ETHUSDT,spot,SELL,reduce_spot,1679241900000000000,1679241840000000000,1679241840000000000,1679241840000000000,0,0,all_client,vwap,1679241900000000000,1679241900000000000,1679241840000000000,0.3920,0.3920,1799.37,1799.554088778819243925192128,705.353040,0.705353040,0,0,0.0721628012971436186753141760,0.0016202810170139043134467280,0,0.3920,True,True,CF_SIN_INTERRUPCION,conditional,run_478a6647e78b9a24f13733a0
fill-conditional-00000017-1681405740000000000,conditional-00000017,ETHUSDT,futures,BUY,close_perp,1681405740000000000,1681405680000000000,1681405680000000000,1681405680000000000,0,0,all_client,vwap,1681405740000000000,1681405740000000000,1681405680000000000,1.675,1.675,2011.79,2011.581365241235165354028198,3369.74825,1.684874125,0,0,0.349463220931098032002768350,0.012523342253191141805968325,0,1.675,True,True,CF_SIN_INTERRUPCION,conditional,run_478a6647e78b9a24f13733a0
fill-conditional-00000018-1681405800000000000,conditional-00000018,ETHUSDT,spot,SELL,close_spot,1681405800000000000,1681405740000000000,1681405740000000000,1681405740000000000,0,0,all_client,vwap,1681405800000000000,1681405800000000000,1681405740000000000,1.6750,1.6750,2008.94,2009.144219342908366547313507,3364.974500,3.364974500,0,0,0.3420673993715139667501242250,0.0055357426315768153534498000,0,1.6750,True,True,CF_SIN_INTERRUPCION,conditional,run_478a6647e78b9a24f13733a0
fill-conditional-00000019-1699545720000000000,conditional-00000019,ETHUSDT,spot,BUY,open_spot,1699545720000000000,1699545660000000000,1699545660000000000,1699545660000000000,0,0,all_client,vwap,1699545720000000000,1699545720000000000,1699545660000000000,1.4745,1.4730255,2043.90,2043.695045322639568844682304,3013.730550,3.013730550,0.0014745,0,0.3022056717679557385159427520,0.0008628373351325340897946860,0,1.4745,True,True,CF_SIN_INTERRUPCION,conditional,run_478a6647e78b9a24f13733a0
fill-conditional-00000020-1699545780000000000,conditional-00000020,ETHUSDT,futures,SELL,open_perp,1699545780000000000,1699545720000000000,1699545720000000000,1699545720000000000,0,0,all_client,vwap,1699545780000000000,1699545780000000000,1699545720000000000,1.473,1.473,2050.10,2050.309459218892824415927920,3019.79730,1.509898650,0,0,0.308533429429130364661826160,0.006522846086187451625359671,0,1.473,True,True,CF_SIN_INTERRUPCION,conditional,run_478a6647e78b9a24f13733a0
fill-conditional-00000021-1699804980000000000,conditional-00000021,BTCUSDT,spot,BUY,open_spot,1699804980000000000,1699804860001000000,1699804860001000000,1699804860001000000,0,0,all_client,vwap,1699804980000000000,1699804980000000000,1699804920000000000,0.08109,0.08100891,37184.70,37180.97354879750431555282896,3015.3073230,3.0153073230,0.00008109,0,0.3021779280103750518210996336,0.0006774135031760893262819784,0,0.08109,True,True,CF_SIN_INTERRUPCION,conditional,run_478a6647e78b9a24f13733a0
fill-conditional-00000022-1699805040000000000,conditional-00000022,BTCUSDT,futures,SELL,open_perp,1699805040000000000,1699804980000000000,1699804980000000000,1699804980000000000,0,0,all_client,vwap,1699805040000000000,1699805040000000000,1699804980000000000,0.081,0.081,37197.5,37201.26993074169907500658496,3012.9975,1.50649875,0,0,0.30536439007762507553338176,0.00403410363861731302582830,0,0.081,True,True,CF_SIN_INTERRUPCION,conditional,run_478a6647e78b9a24f13733a0
fill-conditional-00000023-1701619500000000000,conditional-00000023,BTCUSDT,futures,BUY,reduce_perp,1701619500000000000,1701619440000000000,1701619440000000000,1701619440000000000,0,0,all_client,vwap,1701619500000000000,1701619500000000000,1701619440000000000,0.006,0.006,39782.5,39778.46749106847562593358508,238.6950,0.11934750,0,0,0.02419505358914624439848952,0.00032797309450515902292936,0,0.006,True,True,CF_SIN_INTERRUPCION,conditional,run_478a6647e78b9a24f13733a0
fill-conditional-00000024-1701619560000000000,conditional-00000024,BTCUSDT,spot,SELL,reduce_spot,1701619560000000000,1701619500000000000,1701619500000000000,1701619500000000000,0,0,all_client,vwap,1701619560000000000,1701619560000000000,1701619500000000000,0.00600,0.00600,39751.38,39755.36269418127001490463403,238.5082800,0.2385082800,0,0,0.0238961650876200894278041800,0.0000429474711113274188614200,0,0.00600,True,True,CF_SIN_INTERRUPCION,conditional,run_478a6647e78b9a24f13733a0
fill-conditional-00000025-1701965040000000000,conditional-00000025,ETHUSDT,futures,BUY,reduce_perp,1701965040000000000,1701964980000000000,1701964980000000000,1701964980000000000,0,0,all_client,vwap,1701965040000000000,1701965040000000000,1701964980000000000,0.172,0.172,2330.45,2330.207680695270393532141219,400.83740,0.200418700,0,0,0.041678920413492312471710332,0.001599348305533661702957524,0,0.172,True,True,CF_SIN_INTERRUPCION,conditional,run_478a6647e78b9a24f13733a0
fill-conditional-00000026-1701965100000000000,conditional-00000026,ETHUSDT,spot,SELL,reduce_spot,1701965100000000000,1701965040000000000,1701965040000000000,1701965040000000000,0,0,all_client,vwap,1701965100000000000,1701965100000000000,1701965040000000000,0.1720,0.1720,2327.97,2328.209925905017050280368303,400.410840,0.400410840,0,0,0.0412672556629326482233481160,0.0012220449373663549585257520,0,0.1720,True,True,CF_SIN_INTERRUPCION,conditional,run_478a6647e78b9a24f13733a0
fill-conditional-00000027-1702224300000000000,conditional-00000027,BTCUSDT,futures,BUY,reduce_perp,1702224300000000000,1702224240000000000,1702224240000000000,1702224240000000000,0,0,all_client,vwap,1702224300000000000,1702224300000000000,1702224240000000000,0.007,0.007,43974.5,43970.04496247113163972286374,307.8215,0.15391075,0,0,0.03118526270207852193995382,0.00040623122834872979214779,0,0.007,True,True,CF_SIN_INTERRUPCION,conditional,run_478a6647e78b9a24f13733a0
fill-conditional-00000028-1702224360000000000,conditional-00000028,BTCUSDT,spot,SELL,reduce_spot,1702224360000000000,1702224300000000000,1702224300000000000,1702224300000000000,0,0,all_client,vwap,1702224360000000000,1702224360000000000,1702224300000000000,0.00700,0.00700,43924.40,43928.79703571310943315239853,307.4708000,0.3074708000,0,0,0.0307792499917660320667897100,0.0000290920667668554635830300,0,0.00700,True,True,CF_SIN_INTERRUPCION,conditional,run_478a6647e78b9a24f13733a0
fill-conditional-00000029-1702829100000000000,conditional-00000029,BTCUSDT,spot,BUY,increase_spot,1702829100000000000,1702829040000000000,1702829040000000000,1702829040000000000,0,0,all_client,vwap,1702829100000000000,1702829100000000000,1702829040000000000,0.00400,0.00399600,41785.52,41781.33439292270243771177070,167.1420800,0.1671420800,0.00000400,0,0.0167424283091902491529172000,0.0000298945520211681778324800,0,0.00400,True,True,CF_SIN_INTERRUPCION,conditional,run_478a6647e78b9a24f13733a0
fill-conditional-00000030-1702829160000000000,conditional-00000030,BTCUSDT,futures,SELL,increase_perp,1702829160000000000,1702829100000000000,1702829100000000000,1702829100000000000,0,0,all_client,vwap,1702829160000000000,1702829160000000000,1702829100000000000,0.004,0.004,41799.0,41803.18620419941896054178529,167.1960,0.08359800,0,0,0.01674481679767584216714116,0.00002354231599607458292444,0,0.004,True,True,CF_SIN_INTERRUPCION,conditional,run_478a6647e78b9a24f13733a0
fill-conditional-00000031-1704973620000000000,conditional-00000031,ETHUSDT,futures,BUY,close_perp,1704973620000000000,1704973560000000000,1704973560000000000,1704973560000000000,0,0,all_client,vwap,1704973620000000000,1704973620000000000,1704973560000000000,1.301,1.301,2658.73,2658.459326999301139059803325,3459.00773,1.729503865,0,0,0.352145573909218083195874175,0.006280015466609005004194195,0,1.301,True,True,CF_SIN_INTERRUPCION,conditional,run_478a6647e78b9a24f13733a0
fill-conditional-00000032-1704973680000000000,conditional-00000032,ETHUSDT,spot,SELL,close_spot,1704973680000000000,1704973620000000000,1704973620000000000,1704973620000000000,0,0,all_client,vwap,1704973680000000000,1704973680000000000,1704973620000000000,1.3010,1.3010,2658.02,2658.294344763398440633855951,3458.084020,3.458084020,0,0,0.3569225371813712646465922510,0.0110784429276531275201270650,0,1.3010,True,True,CF_SIN_INTERRUPCION,conditional,run_478a6647e78b9a24f13733a0
fill-conditional-00000033-1704984420000000000,conditional-00000033,BTCUSDT,futures,BUY,close_perp,1704984420000000000,1704984360000000000,1704984360000000000,1704984360000000000,0,0,all_client,vwap,1704984420000000000,1704984420000000000,1704984360000000000,0.072,0.072,48896.4,48891.49436562854609957076503,3520.5408,1.76027040,0,0,0.35320567474468083090491784,0.00118691531215529898800808,0,0.072,True,True,CF_SIN_INTERRUPCION,conditional,run_478a6647e78b9a24f13733a0
fill-conditional-00000034-1704984480000000000,conditional-00000034,BTCUSDT,spot,SELL,close_spot,1704984480000000000,1704984420000000000,1704984420000000000,1704984420000000000,0,0,all_client,vwap,1704984480000000000,1704984480000000000,1704984420000000000,0.07200,0.07200,48799.25,48804.13554778109532675793753,3513.5460000,3.5135460000,0,0,0.3517594402388635265715021600,0.0003696642948396402188452800,0,0.07200,True,True,CF_SIN_INTERRUPCION,conditional,run_478a6647e78b9a24f13733a0
fill-conditional-00000035-1708329720000000000,conditional-00000035,BTCUSDT,spot,BUY,open_spot,1708329720000000000,1708329660000000000,1708329660000000000,1708329660000000000,0,0,all_client,vwap,1708329720000000000,1708329720000000000,1708329660000000000,0.05806,0.05800194,52406.75,52401.50817748701836905329659,3042.7359050,3.0427359050,0.00005806,0,0.3043402151037134927655999846,0.0000970586252238641148765248,0,0.05806,True,True,CF_SIN_INTERRUPCION,conditional,run_478a6647e78b9a24f13733a0
fill-conditional-00000036-1708329780000000000,conditional-00000036,BTCUSDT,futures,SELL,open_perp,1708329780000000000,1708329720000000000,1708329720000000000,1708329720000000000,0,0,all_client,vwap,1708329780000000000,1708329780000000000,1708329720000000000,0.058,0.058,52373.9,52379.20386708988658823297468,3037.6862,1.51884310,0,0,0.30762429121342211751253144,0.00382490878430077530078004,0,0.058,True,True,CF_SIN_INTERRUPCION,conditional,run_478a6647e78b9a24f13733a0
fill-conditional-00000037-1708473720000000000,conditional-00000037,ETHUSDT,spot,BUY,open_spot,1708473720000000000,1708473660000000000,1708473660000000000,1708473660000000000,0,0,all_client,vwap,1708473720000000000,1708473720000000000,1708473660000000000,1.0150,1.0139850,3014.23,3013.924626145401329430226889,3059.443450,3.059443450,0.0010150,0,0.3099544624176506283197076650,0.0040411128638923933825393200,0,1.0150,True,True,CF_SIN_INTERRUPCION,conditional,run_478a6647e78b9a24f13733a0
fill-conditional-00000038-1708473780000000000,conditional-00000038,ETHUSDT,futures,SELL,open_perp,1708473780000000000,1708473720000000000,1708473720000000000,1708473720000000000,0,0,all_client,vwap,1708473780000000000,1708473780000000000,1708473720000000000,1.014,1.014,3013.74,3014.050258462601773325306416,3055.93236,1.527966180,0,0,0.314602081078198151860705824,0.008977384870090332045519390,0,1.014,True,True,CF_SIN_INTERRUPCION,conditional,run_478a6647e78b9a24f13733a0
fill-conditional-00000039-1709078640000000000,conditional-00000039,ETHUSDT,futures,BUY,reduce_perp,1709078640000000000,1709078580000000000,1709078580000000000,1709078580000000000,0,0,all_client,vwap,1709078640000000000,1709078640000000000,1709078580000000000,0.070,0.070,3245.89,3245.564135333415466789601904,227.21230,0.113606150,0,0,0.022810526660917324727866720,0.000091577713583416460339520,0,0.070,True,True,CF_SIN_INTERRUPCION,conditional,run_478a6647e78b9a24f13733a0
fill-conditional-00000040-1709078700000000000,conditional-00000040,ETHUSDT,spot,SELL,reduce_spot,1709078700000000000,1709078640000000000,1709078640000000000,1709078640000000000,0,0,all_client,vwap,1709078700000000000,1709078700000000000,1709078640000000000,0.0700,0.0700,3242.46,3242.791859918564941644462791,226.972200,0.226972200,0,0,0.0232301942995459151123953700,0.0005306512801159605208841500,0,0.0700,True,True,CF_SIN_INTERRUPCION,conditional,run_478a6647e78b9a24f13733a0
fill-conditional-00000041-1709539440000000000,conditional-00000041,BTCUSDT,futures,BUY,reduce_perp,1709539440000000000,1709539380000000000,1709539380000000000,1709539380000000000,0,0,all_client,vwap,1709539440000000000,1709539440000000000,1709539380000000000,0.010,0.010,64183.6,64177.09611097626098354289043,641.8360,0.32091800,0,0,0.06503889023739016457109570,0.00086179412641390358755280,0,0.010,True,True,CF_SIN_INTERRUPCION,conditional,run_478a6647e78b9a24f13733a0
fill-conditional-00000042-1709539500000000000,conditional-00000042,BTCUSDT,spot,SELL,reduce_spot,1709539500000000000,1709539440000000000,1709539440000000000,1709539440000000000,0,0,all_client,vwap,1709539500000000000,1709539500000000000,1709539440000000000,0.01000,0.01000,64106.08,64112.49558539000876248734524,641.0608000,0.6410608000,0,0,0.0641558539000876248734524000,0.0000433583146976161109651000,0,0.01000,True,True,CF_SIN_INTERRUPCION,conditional,run_478a6647e78b9a24f13733a0
fill-conditional-00000043-1709593440000000000,conditional-00000043,BTCUSDT,futures,BUY,close_perp,1709593440000000000,1709593380000000000,1709593380000000000,1709593380000000000,0,0,all_client,vwap,1709593440000000000,1709593440000000000,1709593380000000000,0.048,0.048,68159.2,68152.35731979527336006899583,3271.6416,1.63582080,0,0,0.32844864982687871668820016,0.00131733469186140455986896,0,0.048,True,True,CF_SIN_INTERRUPCION,conditional,run_478a6647e78b9a24f13733a0
fill-conditional-00000044-1709593500000000000,conditional-00000044,BTCUSDT,spot,SELL,close_spot,1709593500000000000,1709593440000000000,1709593440000000000,1709593440000000000,0,0,all_client,vwap,1709593500000000000,1709593500000000000,1709593440000000000,0.04800,0.04800,68103.28,68110.10035624208352705178001,3268.9574400,3.2689574400,0,0,0.3273770996200092984854404800,0.0004486179100472975555918400,0,0.04800,True,True,CF_SIN_INTERRUPCION,conditional,run_478a6647e78b9a24f13733a0
fill-conditional-00000045-1709683320000000000,conditional-00000045,BTCUSDT,spot,BUY,open_spot,1709683320000000000,1709683260000000000,1709683260000000000,1709683260000000000,0,0,all_client,vwap,1709683320000000000,1709683320000000000,1709683260000000000,0.04805,0.04800195,63778.85,63772.46923335380594369772334,3064.5737425,3.0645737425,0.00004805,0,0.3065958373496244053243935130,0.0001691226833593677649260645,0,0.04805,True,True,CF_SIN_INTERRUPCION,conditional,run_478a6647e78b9a24f13733a0
fill-conditional-00000046-1709683380000000000,conditional-00000046,BTCUSDT,futures,SELL,open_perp,1709683380000000000,1709683320000000000,1709683320000000000,1709683320000000000,0,0,all_client,vwap,1709683380000000000,1709683380000000000,1709683320000000000,0.048,0.048,63833.7,63840.16687275735953320674094,3064.0176,1.53200880,0,0,0.31040989235325759392356512,0.00397709136402226816417296,0,0.048,True,True,CF_SIN_INTERRUPCION,conditional,run_478a6647e78b9a24f13733a0
fill-conditional-00000047-1709683440000000000,conditional-00000047,ETHUSDT,futures,BUY,reduce_perp,1709683440000000000,1709683380000000000,1709683380000000000,1709683380000000000,0,0,all_client,vwap,1709683440000000000,1709683440000000000,1709683380000000000,0.079,0.079,3559.15,3558.789925376812643844655819,281.17285,0.140586425,0,0,0.028445895231801136272190299,0.000331454821324316385817485,0,0.079,True,True,CF_SIN_INTERRUPCION,conditional,run_478a6647e78b9a24f13733a0
fill-conditional-00000048-1709683500000000000,conditional-00000048,ETHUSDT,spot,SELL,reduce_spot,1709683500000000000,1709683440000000000,1709683440000000000,1709683440000000000,0,0,all_client,vwap,1709683500000000000,1709683500000000000,1709683440000000000,0.0790,0.0790,3554.07,3554.428096921869247174385728,280.771530,0.280771530,0,0,0.0282896568276705267764725120,0.0002096748619877597237948310,0,0.0790,True,True,CF_SIN_INTERRUPCION,conditional,run_478a6647e78b9a24f13733a0
fill-conditional-00000049-1709843400000000000,conditional-00000049,ETHUSDT,futures,BUY,close_perp,1709843400000000000,1709843340000000000,1709843340000000000,1709843340000000000,0,0,all_client,vwap,1709843400000000000,1709843400000000000,1709843340000000000,0.865,0.865,3909.76,3909.363891269567009770023343,3381.94240,1.690971200,0,0,0.342634051824536548929808305,0.004474075229719002584701575,0,0.865,True,True,CF_SIN_INTERRUPCION,conditional,run_478a6647e78b9a24f13733a0
fill-conditional-00000050-1709843460000000000,conditional-00000050,ETHUSDT,spot,SELL,close_spot,1709843460000000000,1709843400000000000,1709843400000000000,1709843400000000000,0,0,all_client,vwap,1709843460000000000,1709843460000000000,1709843400000000000,0.8650,0.8650,3905.51,3905.910480610003464108432601,3378.266150,3.378266150,0,0,0.3464157276529964537941998650,0.0085544710802311541488206700,0,0.8650,True,True,CF_SIN_INTERRUPCION,conditional,run_478a6647e78b9a24f13733a0
fill-conditional-00000051-1709942520000000000,conditional-00000051,ETHUSDT,spot,BUY,open_spot,1709942520000000000,1709942460000000000,1709942460000000000,1709942460000000000,0,0,all_client,vwap,1709942520000000000,1709942520000000000,1709942460000000000,0.7938,0.7930062,3882.77,3882.377548906263566033166238,3082.142826,3.082142826,0.0007938,0,0.3115276782079812828726402756,0.0033445483758020810009272410,0,0.7938,True,True,CF_SIN_INTERRUPCION,conditional,run_478a6647e78b9a24f13733a0
fill-conditional-00000052-1709942580000000000,conditional-00000052,ETHUSDT,futures,SELL,open_perp,1709942580000000000,1709942520000000000,1709942520000000000,1709942520000000000,0,0,all_client,vwap,1709942580000000000,1709942580000000000,1709942520000000000,0.793,0.793,3883.68,3884.073535415376854463323473,3079.75824,1.539879120,0,0,0.312073584393845589415514089,0.004066553035406204856572813,0,0.793,True,True,CF_SIN_INTERRUPCION,conditional,run_478a6647e78b9a24f13733a0
fill-conditional-00000053-1710288240000000000,conditional-00000053,BTCUSDT,futures,BUY,reduce_perp,1710288240000000000,1710288180000000000,1710288180000000000,1710288180000000000,0,0,all_client,vwap,1710288240000000000,1710288240000000000,1710288180000000000,0.005,0.005,71447.7,71440.50120316697299589990103,357.2385,0.17861925,0,0,0.03599398416513502050049485,0.00027373356355153400254490,0,0.005,True,True,CF_SIN_INTERRUPCION,conditional,run_478a6647e78b9a24f13733a0
fill-conditional-00000054-1710288300000000000,conditional-00000054,BTCUSDT,spot,SELL,reduce_spot,1710288300000000000,1710288240000000000,1710288240000000000,1710288240000000000,0,0,all_client,vwap,1710288300000000000,1710288300000000000,1710288240000000000,0.00500,0.00500,71397.39,71404.53123038210865931559921,356.9869500,0.3569869500,0,0,0.0357061519105432965779960500,0.0000038862953522422483382500,0,0.00500,True,True,CF_SIN_INTERRUPCION,conditional,run_478a6647e78b9a24f13733a0
fill-conditional-00000055-1710893040000000000,conditional-00000055,BTCUSDT,spot,BUY,increase_spot,1710893040000000000,1710892980000000000,1710892980000000000,1710892980000000000,0,0,all_client,vwap,1710893040000000000,1710893040000000000,1710892980000000000,0.00600,0.00599400,62169.59,62163.36617112731152589655661,373.0175400,0.3730175400,0.00000600,0,0.0373429732361308446206603400,0.0000449535334544577051223800,0,0.00600,True,True,CF_SIN_INTERRUPCION,conditional,run_478a6647e78b9a24f13733a0
fill-conditional-00000056-1710893100000000000,conditional-00000056,BTCUSDT,futures,SELL,increase_perp,1710893100000000000,1710893040000000000,1710893040000000000,1710893040000000000,0,0,all_client,vwap,1710893100000000000,1710893100000000000,1710893040000000000,0.006,0.006,62001.5,62007.70641880280395495128248,372.0090,0.18600450,0,0,0.03723851281682372970769488,0.00003388896554204733472410,0,0.006,True,True,CF_SIN_INTERRUPCION,conditional,run_478a6647e78b9a24f13733a0
fill-conditional-00000057-1711152240000000000,conditional-00000057,ETHUSDT,spot,BUY,increase_spot,1711152240000000000,1711152180000000000,1711152180000000000,1711152180000000000,0,0,all_client,vwap,1711152240000000000,1711152240000000000,1711152180000000000,0.1402,0.1400598,3329.15,3328.812754047367067992280892,466.746830,0.466746830,0.0001402,0,0.0472818825591370674822189416,0.0006119277473929811889671760,0,0.1402,True,True,CF_SIN_INTERRUPCION,conditional,run_478a6647e78b9a24f13733a0
fill-conditional-00000058-1711152300000000000,conditional-00000058,ETHUSDT,futures,SELL,increase_perp,1711152300000000000,1711152240000000000,1711152240000000000,1711152240000000000,0,0,all_client,vwap,1711152300000000000,1711152300000000000,1711152240000000000,0.140,0.140,3328.82,3329.152974392282164996982781,466.03480,0.233017400,0,0,0.046616414919503099577589340,0.000008273278011149267631620,0,0.140,True,True,CF_SIN_INTERRUPCION,conditional,run_478a6647e78b9a24f13733a0
fill-conditional-00000059-1711497840000000000,conditional-00000059,BTCUSDT,futures,BUY,reduce_perp,1711497840000000000,1711497780000000000,1711497780000000000,1711497780000000000,0,0,all_client,vwap,1711497840000000000,1711497840000000000,1711497780000000000,0.005,0.005,70075.5,70068.48867208208636169303121,350.3775,0.17518875,0,0,0.03505663958956819153484395,0.00002239525352714835399745,0,0.005,True,True,CF_SIN_INTERRUPCION,conditional,run_478a6647e78b9a24f13733a0
fill-conditional-00000060-1711497900000000000,conditional-00000060,BTCUSDT,spot,SELL,reduce_spot,1711497900000000000,1711497840000000000,1711497840000000000,1711497840000000000,0,0,all_client,vwap,1711497900000000000,1711497900000000000,1711497840000000000,0.00500,0.00500,69995.43,70002.43552931481029525401797,349.9771500,0.3499771500,0,0,0.0350276465740514762700898500,0.0000264288093940711224628500,0,0.00500,True,True,CF_SIN_INTERRUPCION,conditional,run_478a6647e78b9a24f13733a0
fill-conditional-00000061-1711757040000000000,conditional-00000061,ETHUSDT,futures,BUY,reduce_perp,1711757040000000000,1711756980000000000,1711756980000000000,1711756980000000000,0,0,all_client,vwap,1711757040000000000,1711757040000000000,1711756980000000000,0.045,0.045,3509.69,3509.338891579350989596441946,157.93605,0.078968025,0,0,0.015799878929205468160112430,0.000007853917098388706928450,0,0.045,True,True,CF_SIN_INTERRUPCION,conditional,run_478a6647e78b9a24f13733a0
fill-conditional-00000062-1711757100000000000,conditional-00000062,ETHUSDT,spot,SELL,reduce_spot,1711757100000000000,1711757040000000000,1711757040000000000,1711757040000000000,0,0,all_client,vwap,1711757100000000000,1711757100000000000,1711757040000000000,0.0450,0.0450,3506.61,3506.961186006323750351258001,157.797450,0.157797450,0,0,0.0158033702845687658066100450,0.0000220449475403089300293750,0,0.0450,True,True,CF_SIN_INTERRUPCION,conditional,run_478a6647e78b9a24f13733a0
fill-conditional-00000063-1712102640000000000,conditional-00000063,BTCUSDT,spot,BUY,increase_spot,1712102640000000000,1712102580000000000,1712102580000000000,1712102580000000000,0,0,all_client,vwap,1712102640000000000,1712102640000000000,1712102580000000000,0.00301,0.00300699,65545.73,65539.17353187580034468245498,197.2926473,0.1972926473,0.00000301,0,0.0197349690538409625058105102,0.0000076778207463466020610777,0,0.00301,True,True,CF_SIN_INTERRUPCION,conditional,run_478a6647e78b9a24f13733a0
fill-conditional-00000064-1712102700000000000,conditional-00000064,BTCUSDT,futures,SELL,increase_perp,1712102700000000000,1712102640000000000,1712102640000000000,1712102640000000000,0,0,all_client,vwap,1712102700000000000,1712102700000000000,1712102640000000000,0.003,0.003,65483.5,65490.10881398935226797894503,196.4505,0.09822525,0,0,0.01982644196805680393683509,0.00017940932385999825644142,0,0.003,True,True,CF_SIN_INTERRUPCION,conditional,run_478a6647e78b9a24f13733a0
fill-conditional-00000065-1712361840000000000,conditional-00000065,ETHUSDT,spot,BUY,increase_spot,1712361840000000000,1712361780000000000,1712361780000000000,1712361780000000000,0,0,all_client,vwap,1712361840000000000,1712361840000000000,1712361780000000000,0.0530,0.0529470,3314.71,3314.368764033551731980741459,175.679630,0.175679630,0.0000530,0,0.0180855062217582050207026730,0.0005193517723803808412047510,0,0.0530,True,True,CF_SIN_INTERRUPCION,conditional,run_478a6647e78b9a24f13733a0
fill-conditional-00000066-1712361900000000000,conditional-00000066,ETHUSDT,futures,SELL,increase_perp,1712361900000000000,1712361840000000000,1712361840000000000,1712361840000000000,0,0,all_client,vwap,1712361900000000000,1712361900000000000,1712361840000000000,0.053,0.053,3315.23,3315.570507220091096212310974,175.70719,0.087853595,0,0,0.018046882664828099252481622,0.000474358976561616442556379,0,0.053,True,True,CF_SIN_INTERRUPCION,conditional,run_478a6647e78b9a24f13733a0
fill-conditional-00000067-1713571440000000000,conditional-00000067,ETHUSDT,spot,BUY,increase_spot,1713571440000000000,1713571380000000000,1713571380000000000,1713571380000000000,0,0,all_client,vwap,1713571440000000000,1713571440000000000,1713571380000000000,0.0841,0.0840159,3052.62,3052.306619823708047997354751,256.725342,0.256725342,0.0000841,0,0.0263552728261531634224654409,0.0006853741534357787388077274,0,0.0841,True,True,CF_SIN_INTERRUPCION,conditional,run_478a6647e78b9a24f13733a0
fill-conditional-00000068-1713571500000000000,conditional-00000068,ETHUSDT,futures,SELL,increase_perp,1713571500000000000,1713571440000000000,1713571440000000000,1713571440000000000,0,0,all_client,vwap,1713571500000000000,1713571500000000000,1713571440000000000,0.084,0.084,3055.08,3055.388259295107083685966824,256.62672,0.128313360,0,0,0.025893780788995029621213216,0.000228519410916130118251068,0,0.084,True,True,CF_SIN_INTERRUPCION,conditional,run_478a6647e78b9a24f13733a0
fill-conditional-00000069-1714521840000000000,conditional-00000069,BTCUSDT,spot,BUY,increase_spot,1714521840000000000,1714521780000000000,1714521780000000000,1714521780000000000,0,0,all_client,vwap,1714521840000000000,1714521840000000000,1714521780000000000,0.00200,0.00199800,60701.08,60695.00952977092457218346017,121.4021600,0.1214021600,0.00000200,0,0.0121409404581508556330796600,0.0000019385521966707186429600,0,0.00200,True,True,CF_SIN_INTERRUPCION,conditional,run_478a6647e78b9a24f13733a0
fill-conditional-00000070-1714521900000000000,conditional-00000070,BTCUSDT,futures,SELL,increase_perp,1714521900000000000,1714521840000000000,1714521840000000000,1714521840000000000,0,0,all_client,vwap,1714521900000000000,1714521900000000000,1714521840000000000,0.002,0.002,60673.6,60679.76117220901578676976394,121.3472,0.06067360,0,0,0.01232234441803157353952788,0.00018639218358977038217392,0,0.002,True,True,CF_SIN_INTERRUPCION,conditional,run_478a6647e78b9a24f13733a0
fill-conditional-00000071-1716336240000000000,conditional-00000071,BTCUSDT,futures,BUY,reduce_perp,1716336240000000000,1716336180000000000,1716336180000000000,1716336180000000000,0,0,all_client,vwap,1716336240000000000,1716336240000000000,1716336180000000000,0.005,0.005,70161.5,70154.40497136131816398587681,350.8075,0.17540375,0,0,0.03547514319340918007061595,0.00039794070772852098862300,0,0.005,True,True,CF_SIN_INTERRUPCION,conditional,run_478a6647e78b9a24f13733a0
fill-conditional-00000072-1716336300000000000,conditional-00000072,BTCUSDT,spot,SELL,reduce_spot,1716336300000000000,1716336240000000000,1716336240000000000,1716336240000000000,0,0,all_client,vwap,1716336300000000000,1716336300000000000,1716336240000000000,0.00500,0.00500,70108.77,70115.78593744827985906429639,350.5438500,0.3505438500,0,0,0.0350796872413992953214819500,0.0000217942726751553919498000,0,0.00500,True,True,CF_SIN_INTERRUPCION,conditional,run_478a6647e78b9a24f13733a0
fill-conditional-00000073-1716595440000000000,conditional-00000073,ETHUSDT,futures,BUY,reduce_perp,1716595440000000000,1716595380000000000,1716595380000000000,1716595380000000000,0,0,all_client,vwap,1716595440000000000,1716595440000000000,1716595380000000000,0.182,0.182,3721.53,3721.147969017019949717670971,677.31846,0.338659230,0,0,0.069529638902369151383883278,0.001804745866259388299021684,0,0.182,True,True,CF_SIN_INTERRUPCION,conditional,run_478a6647e78b9a24f13733a0
fill-conditional-00000074-1716595500000000000,conditional-00000074,ETHUSDT,spot,SELL,reduce_spot,1716595500000000000,1716595440000000000,1716595440000000000,1716595440000000000,0,0,all_client,vwap,1716595500000000000,1716595500000000000,1716595440000000000,0.1820,0.1820,3721.21,3721.585909274393942160042679,677.260220,0.677260220,0,0,0.0684154879396974731277675780,0.0006826243909035033804548500,0,0.1820,True,True,CF_SIN_INTERRUPCION,conditional,run_478a6647e78b9a24f13733a0
fill-conditional-00000075-1718150640000000000,conditional-00000075,BTCUSDT,spot,BUY,increase_spot,1718150640000000000,1718150580000000000,1718150580000000000,1718150580000000000,0,0,all_client,vwap,1718150640000000000,1718150640000000000,1718150580000000000,0.00200,0.00199800,67344.18,67337.44100561517606509966713,134.6883600,0.1346883600,0.00000200,0,0.0134779887696478698006657400,0.0000105005685248345876458000,0,0.00200,True,True,CF_SIN_INTERRUPCION,conditional,run_478a6647e78b9a24f13733a0
fill-conditional-00000076-1718150700000000000,conditional-00000076,BTCUSDT,futures,SELL,increase_perp,1718150700000000000,1718150640000000000,1718150640000000000,1718150640000000000,0,0,all_client,vwap,1718150700000000000,1718150700000000000,1718150640000000000,0.002,0.002,67358.5,67365.31867229992229992229992,134.7170,0.06735850,0,0,0.01363734459984459984459984,0.00016428086538461538461538,0,0.002,True,True,CF_SIN_INTERRUPCION,conditional,run_478a6647e78b9a24f13733a0
fill-conditional-00000077-1718409840000000000,conditional-00000077,ETHUSDT,spot,BUY,increase_spot,1718409840000000000,1718409780000000000,1718409780000000000,1718409780000000000,0,0,all_client,vwap,1718409840000000000,1718409840000000000,1718409780000000000,0.0631,0.0630369,3482.27,3481.916105472928089710534908,219.731237,0.219731237,0.0000631,0,0.0223307446582375392652473052,0.0003598540327033630191738609,0,0.0631,True,True,CF_SIN_INTERRUPCION,conditional,run_478a6647e78b9a24f13733a0
fill-conditional-00000078-1718409900000000000,conditional-00000078,ETHUSDT,futures,SELL,increase_perp,1718409900000000000,1718409840000000000,1718409840000000000,1718409840000000000,0,0,all_client,vwap,1718409900000000000,1718409900000000000,1718409840000000000,0.063,0.063,3481.80,3482.152547428499519981164589,219.35340,0.109676700,0,0,0.022210487995469758813369107,0.000272926946670211837487799,0,0.063,True,True,CF_SIN_INTERRUPCION,conditional,run_478a6647e78b9a24f13733a0
fill-conditional-00000079-1718755440000000000,conditional-00000079,BTCUSDT,spot,BUY,increase_spot,1718755440000000000,1718755380000000000,1718755380000000000,1718755380000000000,0,0,all_client,vwap,1718755440000000000,1718755440000000000,1718755380000000000,0.00200,0.00199800,65116.55,65110.03601212548066951275742,130.2331000,0.1302331000,0.00000200,0,0.0130279757490386609744851600,0.0000059685466135648405826000,0,0.00200,True,True,CF_SIN_INTERRUPCION,conditional,run_478a6647e78b9a24f13733a0
fill-conditional-00000080-1718755500000000000,conditional-00000080,BTCUSDT,futures,SELL,increase_perp,1718755500000000000,1718755440000000000,1718755440000000000,1718755440000000000,0,0,all_client,vwap,1718755500000000000,1718755500000000000,1718755440000000000,0.002,0.002,65131.3,65137.91374116873870420066816,130.2626,0.06513130,0,0,0.01322748233747740840133632,0.00019989958924366066049618,0,0.002,True,True,CF_SIN_INTERRUPCION,conditional,run_478a6647e78b9a24f13733a0
fill-conditional-00000081-1719360240000000000,conditional-00000081,BTCUSDT,spot,BUY,increase_spot,1719360240000000000,1719360180000000000,1719360180000000000,1719360180000000000,0,0,all_client,vwap,1719360240000000000,1719360240000000000,1719360180000000000,0.00300,0.00299700,61755.23,61749.05336802736181505418481,185.2656900,0.1852656900,0.00000300,0,0.0185298959179145548374455700,0.0000051799075063462929293100,0,0.00300,True,True,CF_SIN_INTERRUPCION,conditional,run_478a6647e78b9a24f13733a0
fill-conditional-00000082-1719360300000000000,conditional-00000082,BTCUSDT,futures,SELL,increase_perp,1719360300000000000,1719360240000000000,1719360240000000000,1719360240000000000,0,0,all_client,vwap,1719360300000000000,1719360300000000000,1719360240000000000,0.003,0.003,61721.1,61727.28298844485647121146906,185.1633,0.09258165,0,0,0.01854896533456941363440718,0.00003078043803595669304373,0,0.003,True,True,CF_SIN_INTERRUPCION,conditional,run_478a6647e78b9a24f13733a0
fill-conditional-00000083-1720224240000000000,conditional-00000083,ETHUSDT,spot,BUY,increase_spot,1720224240000000000,1720224180000000000,1720224180000000000,1720224180000000000,0,0,all_client,vwap,1720224240000000000,1720224240000000000,1720224180000000000,0.1461,0.1459539,2979.42,2979.116271985036451114942140,435.293262,0.435293262,0.0001461,0,0.0443746629861744921069533460,0.0008497742524731095561640726,0,0.1461,True,True,CF_SIN_INTERRUPCION,conditional,run_478a6647e78b9a24f13733a0
fill-conditional-00000084-1720224300000000000,conditional-00000084,ETHUSDT,futures,SELL,increase_perp,1720224300000000000,1720224240000000000,1720224240000000000,1720224240000000000,0,0,all_client,vwap,1720224300000000000,1720224300000000000,1720224240000000000,0.146,0.146,2975.81,2976.110444954187114406436401,434.46826,0.217234130,0,0,0.043864963311318703339714546,0.000413750814987571469380522,0,0.146,True,True,CF_SIN_INTERRUPCION,conditional,run_478a6647e78b9a24f13733a0
fill-conditional-00000085-1721433840000000000,conditional-00000085,ETHUSDT,futures,BUY,reduce_perp,1721433840000000000,1721433780000000000,1721433780000000000,1721433780000000000,0,0,all_client,vwap,1721433840000000000,1721433840000000000,1721433780000000000,0.147,0.147,3502.57,3502.219070824627046989649643,514.87779,0.257438895,0,0,0.051586588779824092521502479,0.000103968438702074930754624,0,0.147,True,True,CF_SIN_INTERRUPCION,conditional,run_478a6647e78b9a24f13733a0
fill-conditional-00000086-1721433900000000000,conditional-00000086,ETHUSDT,spot,SELL,reduce_spot,1721433900000000000,1721433840000000000,1721433840000000000,1721433840000000000,0,0,all_client,vwap,1721433900000000000,1721433900000000000,1721433840000000000,0.1470,0.1470,3503.37,3503.729621558952224305853841,514.995390,0.514995390,0,0,0.0528643691659769729605146270,0.0013595437290603752632186320,0,0.1470,True,True,CF_SIN_INTERRUPCION,conditional,run_478a6647e78b9a24f13733a0
fill-conditional-00000087-1721779440000000000,conditional-00000087,BTCUSDT,futures,BUY,reduce_perp,1721779440000000000,1721779380000000000,1721779380000000000,1721779380000000000,0,0,all_client,vwap,1721779440000000000,1721779440000000000,1721779380000000000,0.003,0.003,65936.2,65929.56852049530315969257045,197.8086,0.09890430,0,0,0.01989443851409052092228865,0.00011556795794192997438087,0,0.003,True,True,CF_SIN_INTERRUPCION,conditional,run_478a6647e78b9a24f13733a0
fill-conditional-00000088-1721779500000000000,conditional-00000088,BTCUSDT,spot,SELL,reduce_spot,1721779500000000000,1721779440000000000,1721779440000000000,1721779440000000000,0,0,all_client,vwap,1721779500000000000,1721779500000000000,1721779440000000000,0.00300,0.00300,65970.36,65976.96002974978576507697263,197.9110800,0.1979110800,0,0,0.0198000892493572952309178900,0.0000070012404323595013947900,0,0.00300,True,True,CF_SIN_INTERRUPCION,conditional,run_478a6647e78b9a24f13733a0
fill-conditional-00000089-1722038640000000000,conditional-00000089,ETHUSDT,spot,BUY,increase_spot,1722038640000000000,1722038580000000000,1722038580000000000,1722038580000000000,0,0,all_client,vwap,1722038640000000000,1722038640000000000,1722038580000000000,0.0661,0.0660339,3267.73,3267.399912785354091529844995,215.996953,0.215996953,0.0000661,0,0.0218187648880945498772458305,0.0002212514645833593322335881,0,0.0661,True,True,CF_SIN_INTERRUPCION,conditional,run_478a6647e78b9a24f13733a0
fill-conditional-00000090-1722038700000000000,conditional-00000090,ETHUSDT,futures,SELL,increase_perp,1722038700000000000,1722038640000000000,1722038640000000000,1722038640000000000,0,0,all_client,vwap,1722038700000000000,1722038700000000000,1722038640000000000,0.066,0.066,3267.99,3268.318857500239531590480971,215.68734,0.107843670,0,0,0.021704595015809084971744086,0.000133690556307504063246918,0,0.066,True,True,CF_SIN_INTERRUPCION,conditional,run_478a6647e78b9a24f13733a0
fill-conditional-00000091-1722643440000000000,conditional-00000091,ETHUSDT,spot,BUY,increase_spot,1722643440000000000,1722643380000000000,1722643380000000000,1722643380000000000,0,0,all_client,vwap,1722643440000000000,1722643440000000000,1722643380000000000,0.0911,0.0910089,2989.40,2989.100995028318737182781801,272.334340,0.272334340,0.0000911,0,0.0272393529201630426485779289,0.0000086428554550589528428031,0,0.0911,True,True,CF_SIN_INTERRUPCION,conditional,run_478a6647e78b9a24f13733a0
fill-conditional-00000092-1722643500000000000,conditional-00000092,ETHUSDT,futures,SELL,increase_perp,1722643500000000000,1722643440000000000,1722643440000000000,1722643440000000000,0,0,all_client,vwap,1722643500000000000,1722643500000000000,1722643440000000000,0.091,0.091,2991.66,2991.968058046105479460482629,272.24106,0.136120530,0,0,0.028033282195598630903919239,0.000806372867379071040828871,0,0.091,True,True,CF_SIN_INTERRUPCION,conditional,run_478a6647e78b9a24f13733a0
fill-conditional-00000093-1722989040000000000,conditional-00000093,BTCUSDT,spot,BUY,increase_spot,1722989040000000000,1722988980000000000,1722988980000000000,1722988980000000000,0,0,all_client,vwap,1722989040000000000,1722989040000000000,1722988980000000000,0.00401,0.00400599,56064.00,56058.38435254932438169005806,224.8166400,0.2248166400,0.00000401,0,0.0225187462772092294228671794,0.0000393341518369503458094493,0,0.00401,True,True,CF_SIN_INTERRUPCION,conditional,run_478a6647e78b9a24f13733a0
fill-conditional-00000094-1722989100000000000,conditional-00000094,BTCUSDT,futures,SELL,increase_perp,1722989100000000000,1722989040000000000,1722989040000000000,1722989040000000000,0,0,all_client,vwap,1722989100000000000,1722989100000000000,1722989040000000000,0.004,0.004,55943.9,55949.49980749191240512629090,223.7756,0.11188780,0,0,0.02239922996764962050516360,0.00001943004465285554311308,0,0.004,True,True,CF_SIN_INTERRUPCION,conditional,run_478a6647e78b9a24f13733a0
fill-conditional-00000095-1723248240000000000,conditional-00000095,ETHUSDT,futures,BUY,close_perp,1723248240000000000,1723248180000000000,1723248180000000000,1723248180000000000,0,0,all_client,vwap,1723248240000000000,1723248240000000000,1723248180000000000,1.062,1.062,2591.57,2591.308405951127219432549499,2752.24734,1.376123670,0,0,0.277812879902892962632432062,0.002615927190883251928695252,0,1.062,True,True,CF_SIN_INTERRUPCION,conditional,run_478a6647e78b9a24f13733a0
fill-conditional-00000096-1723248300000000000,conditional-00000096,ETHUSDT,spot,SELL,close_spot,1723248300000000000,1723248240000000000,1723248240000000000,1723248240000000000,0,0,all_client,vwap,1723248300000000000,1723248300000000000,1723248240000000000,0.7386,0.7386,2592.23,2592.493383878453427636085966,1914.621078,1.914621078,0,0,0.1945353326257016520130944876,0.0030537712924390818478928802,0,0.7386,True,True,CF_SIN_INTERRUPCION,conditional,run_478a6647e78b9a24f13733a0
fill-conditional-00000097-1723248360000000000,conditional-00000097,ETHUSDT,spot,SELL,close_spot,1723248360000000000,1723248300000000000,1723248300000000000,1723248300000000000,0,0,all_client,vwap,1723248360000000000,1723248360000000000,1723248300000000000,0.3234,0.3234,2591.78,2592.040537596077548941814607,838.181652,0.838181652,0,0,0.0842578585714793277828439038,0.0004312675856221798500657684,0,0.3234,True,True,CF_SIN_INTERRUPCION,conditional,run_478a6647e78b9a24f13733a0
fill-conditional-00000098-1724198640000000000,conditional-00000098,BTCUSDT,futures,BUY,close_perp,1724198640000000000,1724198580000000000,1724198580000000000,1724198580000000000,0,0,all_client,vwap,1724198640000000000,1724198640000000000,1724198580000000000,0.052,0.052,59126.4,59120.40411495213956607701219,3074.5728,1.53728640,0,0,0.31178602248874256399536612,0.00435992109099143825176572,0,0.052,True,True,CF_SIN_INTERRUPCION,conditional,run_478a6647e78b9a24f13733a0
fill-conditional-00000099-1724198700000000000,conditional-00000099,BTCUSDT,spot,SELL,close_spot,1724198700000000000,1724198640000000000,1724198640000000000,1724198640000000000,0,0,all_client,vwap,1724198700000000000,1724198700000000000,1724198640000000000,0.05200,0.05200,59120.18,59126.10201693247213515962758,3074.2493600,3.0742493600,0,0,0.3079448804885510283006341600,0.0004891500005021731978042400,0,0.05200,True,True,CF_SIN_INTERRUPCION,conditional,run_478a6647e78b9a24f13733a0
fill-conditional-00000100-1731283380000000000,conditional-00000100,BTCUSDT,spot,BUY,open_spot,1731283380000000000,1731283260001000000,1731283260001000000,1731283260001000000,0,0,all_client,vwap,1731283380000000000,1731283380000000000,1731283320000000000,0.03904,0.03900096,80398.64,80390.59530018233112697606085,3138.7629056,3.1387629056,0.00003904,0,0.3140650808817928028545844160,0.0002201968298809821348697216,0,0.03904,True,True,CF_SIN_INTERRUPCION,conditional,run_478a6647e78b9a24f13733a0
fill-conditional-00000101-1731283380000000000,conditional-00000101,ETHUSDT,spot,BUY,open_spot,1731283380000000000,1731283260001000000,1731283260001000000,1731283260001000000,0,0,all_client,vwap,1731283380000000000,1731283380000000000,1731283320000000000,0.9980,0.9970020,3183.10,3182.778059813637612649816649,3176.733800,3.176733800,0.0009980,0,0.3212963059896625754829842980,0.0036550556202615417405322620,0,0.9980,True,True,CF_SIN_INTERRUPCION,conditional,run_478a6647e78b9a24f13733a0
fill-conditional-00000102-1731283440000000000,conditional-00000102,BTCUSDT,futures,SELL,open_perp,1731283440000000000,1731283380000000000,1731283380000000000,1731283380000000000,0,0,all_client,vwap,1731283440000000000,1731283440000000000,1731283380000000000,0.039,0.039,80473.4,80481.51293794225695899800291,3138.4626,1.56923130,0,0,0.31640457974802140092211349,0.00252667929004659878202129,0,0.039,True,True,CF_SIN_INTERRUPCION,conditional,run_478a6647e78b9a24f13733a0
fill-conditional-00000103-1731283440000000000,conditional-00000103,ETHUSDT,futures,SELL,open_perp,1731283440000000000,1731283380000000000,1731283380000000000,1731283380000000000,0,0,all_client,vwap,1731283440000000000,1731283440000000000,1731283380000000000,0.997,0.997,3185.24,3185.567456076293019281120543,3175.68428,1.587842140,0,0,0.326473708064140223277181371,0.008872632693333809254853707,0,0.997,True,True,CF_SIN_INTERRUPCION,conditional,run_478a6647e78b9a24f13733a0
fill-conditional-00000104-1731888300000000000,conditional-00000104,BTCUSDT,futures,BUY,reduce_perp,1731888300000000000,1731888240000000000,1731888240000000000,1731888240000000000,0,0,all_client,vwap,1731888300000000000,1731888300000000000,1731888240000000000,0.004,0.004,89820.6,89811.58368361402183206410435,359.2824,0.17964120,0,0,0.03606526554391267174358260,0.00014063207046706301075696,0,0.004,True,True,CF_SIN_INTERRUPCION,conditional,run_478a6647e78b9a24f13733a0
fill-conditional-00000105-1731888360000000000,conditional-00000105,BTCUSDT,spot,SELL,reduce_spot,1731888360000000000,1731888300000000000,1731888300000000000,1731888300000000000,0,0,all_client,vwap,1731888360000000000,1731888360000000000,1731888300000000000,0.00400,0.00400,89847.19,89856.17822406442967456273313,359.3887600,0.3593887600,0,0,0.0359528962577186982509325200,0.0000104249680929263811074400,0,0.00400,True,True,CF_SIN_INTERRUPCION,conditional,run_478a6647e78b9a24f13733a0
fill-conditional-00000106-1732493100000000000,conditional-00000106,BTCUSDT,futures,BUY,reduce_perp,1732493100000000000,1732493040000000000,1732493040000000000,1732493040000000000,0,0,all_client,vwap,1732493100000000000,1732493100000000000,1732493040000000000,0.003,0.003,97776.0,97766.21397184343180768381098,293.3280,0.14666400,0,0,0.02935808446970457694856706,0.00002822027815154740626192,0,0.003,True,True,CF_SIN_INTERRUPCION,conditional,run_478a6647e78b9a24f13733a0
fill-conditional-00000107-1732493160000000000,conditional-00000107,BTCUSDT,spot,SELL,reduce_spot,1732493160000000000,1732493100000000000,1732493100000000000,1732493100000000000,0,0,all_client,vwap,1732493160000000000,1732493160000000000,1732493100000000000,0.00300,0.00300,97826.65,97836.43635203820092768355614,293.4799500,0.2934799500,0,0,0.0293590561146027830506684200,0.0000081252089913227723633400,0,0.00300,True,True,CF_SIN_INTERRUPCION,conditional,run_478a6647e78b9a24f13733a0
fill-conditional-00000108-1733097900000000000,conditional-00000108,ETHUSDT,futures,BUY,reduce_perp,1733097900000000000,1733097840000000000,1733097840000000000,1733097840000000000,0,0,all_client,vwap,1733097900000000000,1733097900000000000,1733097840000000000,0.138,0.138,3716.57,3716.197857477204082509053952,512.88666,0.256443330,0,0,0.051355668145836613750554624,0.000072137712651197411929734,0,0.138,True,True,CF_SIN_INTERRUPCION,conditional,run_478a6647e78b9a24f13733a0
fill-conditional-00000109-1733097960000000000,conditional-00000109,ETHUSDT,spot,SELL,reduce_spot,1733097960000000000,1733097900000000000,1733097900000000000,1733097900000000000,0,0,all_client,vwap,1733097960000000000,1733097960000000000,1733097900000000000,0.1380,0.1380,3705.41,3705.783510171072924905775333,511.346580,0.511346580,0,0,0.0515444036080636369969959540,0.0004045911677028306332961900,0,0.1380,True,True,CF_SIN_INTERRUPCION,conditional,run_478a6647e78b9a24f13733a0
fill-conditional-00000110-1733702700000000000,conditional-00000110,ETHUSDT,futures,BUY,reduce_perp,1733702700000000000,1733702640000000000,1733702640000000000,1733702640000000000,0,0,all_client,vwap,1733702700000000000,1733702700000000000,1733702640000000000,0.058,0.058,3999.44,3999.035909580271564476366305,231.96752,0.115983760,0,0,0.023437244344249260370754310,0.000242836068683685296791364,0,0.058,True,True,CF_SIN_INTERRUPCION,conditional,run_478a6647e78b9a24f13733a0
fill-conditional-00000111-1733702760000000000,conditional-00000111,ETHUSDT,spot,SELL,reduce_spot,1733702760000000000,1733702700000000000,1733702700000000000,1733702700000000000,0,0,all_client,vwap,1733702760000000000,1733702760000000000,1733702700000000000,0.0580,0.0580,3994.17,3994.573898357629139582291627,231.661860,0.231661860,0,0,0.0234261047424900957729143660,0.0002575761320158467633370840,0,0.0580,True,True,CF_SIN_INTERRUPCION,conditional,run_478a6647e78b9a24f13733a0
fill-conditional-00000112-1734305100000000000,conditional-00000112,BTCUSDT,futures,BUY,close_perp,1734305100000000000,1734305040000000000,1734305040000000000,1734305040000000000,0,0,all_client,vwap,1734305100000000000,1734305100000000000,1734305040000000000,0.032,0.032,104684.2,104673.6733097312293695756009,3349.8944,1.67494720,0,0,0.3368540886006601735807712,0.0018983340095202395981280,0,0.032,True,True,CF_SIN_INTERRUPCION,conditional,run_478a6647e78b9a24f13733a0
fill-conditional-00000113-1734305160000000000,conditional-00000113,BTCUSDT,spot,SELL,close_spot,1734305160000000000,1734305100000000000,1734305100000000000,1734305100000000000,0,0,all_client,vwap,1734305160000000000,1734305160000000000,1734305100000000000,0.03200,0.03200,104689.91,104700.3897687014843672978534,3350.0771200,3.3500771200,0,0,0.335352598447499753531308800,0.000311351187655003555955200,0,0.03200,True,True,CF_SIN_INTERRUPCION,conditional,run_478a6647e78b9a24f13733a0
fill-conditional-00000114-1734912300000000000,conditional-00000114,ETHUSDT,spot,BUY,increase_spot,1734912300000000000,1734912240000000000,1734912240000000000,1734912240000000000,0,0,all_client,vwap,1734912300000000000,1734912300000000000,1734912240000000000,0.1771,0.1769229,3281.15,3280.814765711792967818403420,581.091665,0.581091665,0.0001771,0,0.0593699924414653993607543180,0.0012667629407095459006904540,0,0.1771,True,True,CF_SIN_INTERRUPCION,conditional,run_478a6647e78b9a24f13733a0
fill-conditional-00000115-1734912360000000000,conditional-00000115,ETHUSDT,futures,SELL,increase_perp,1734912360000000000,1734912300000000000,1734912300000000000,1734912300000000000,0,0,all_client,vwap,1734912360000000000,1734912360000000000,1734912300000000000,0.177,0.177,3282.80,3283.133758220063675080984137,581.05560,0.290527800,0,0,0.059075204951270489334192249,0.000963737430775362285258903,0,0.177,True,True,CF_SIN_INTERRUPCION,conditional,run_478a6647e78b9a24f13733a0
fill-conditional-00000116-1736121900000000000,conditional-00000116,ETHUSDT,futures,BUY,reduce_perp,1736121900000000000,1736121840000000000,1736121840000000000,1736121840000000000,0,0,all_client,vwap,1736121900000000000,1736121900000000000,1736121840000000000,0.097,0.097,3639.24,3638.869229757233292988367280,353.00628,0.176503140,0,0,0.035964713548370580128373840,0.000667682019725417186386651,0,0.097,True,True,CF_SIN_INTERRUPCION,conditional,run_478a6647e78b9a24f13733a0
fill-conditional-00000117-1736121960000000000,conditional-00000117,ETHUSDT,spot,SELL,reduce_spot,1736121960000000000,1736121900000000000,1736121900000000000,1736121900000000000,0,0,all_client,vwap,1736121960000000000,1736121960000000000,1736121900000000000,0.0970,0.0970,3638.69,3639.061843482847788818237591,352.952930,0.352952930,0,0,0.0360688178362355153690463270,0.0007699179544518918175093990,0,0.0970,True,True,CF_SIN_INTERRUPCION,conditional,run_478a6647e78b9a24f13733a0
fill-conditional-00000118-1736726700000000000,conditional-00000118,ETHUSDT,spot,BUY,increase_spot,1736726700000000000,1736726640000000000,1736726640000000000,1736726640000000000,0,0,all_client,vwap,1736726700000000000,1736726700000000000,1736726640000000000,0.1001,0.0999999,3275.87,3275.539123029238635521973228,327.914587,0.327914587,0.0001001,0,0.0331207847732125842504798772,0.0003326381516899055089049575,0,0.1001,True,True,CF_SIN_INTERRUPCION,conditional,run_478a6647e78b9a24f13733a0
fill-conditional-00000119-1736726760000000000,conditional-00000119,ETHUSDT,futures,SELL,increase_perp,1736726760000000000,1736726700000000000,1736726700000000000,1736726700000000000,0,0,all_client,vwap,1736726760000000000,1736726760000000000,1736726700000000000,0.100,0.100,3271.03,3271.359707586957645491946592,327.10300,0.163551500,0,0,0.032970758695764549194659200,0.000257161619894972739739700,0,0.100,True,True,CF_SIN_INTERRUPCION,conditional,run_478a6647e78b9a24f13733a0
fill-conditional-00000120-1738541100000000000,conditional-00000120,ETHUSDT,spot,BUY,increase_spot,1738541100000000000,1738541040000000000,1738541040000000000,1738541040000000000,0,0,all_client,vwap,1738541100000000000,1738541100000000000,1738541040000000000,0.1432,0.1430568,2856.36,2856.069904410173627105953821,409.030752,0.409030752,0.0001432,0,0.0415416884631365984274128328,0.0006427674319829120872556288,0,0.1432,True,True,CF_SIN_INTERRUPCION,conditional,run_478a6647e78b9a24f13733a0
fill-conditional-00000121-1738541160000000000,conditional-00000121,ETHUSDT,futures,SELL,increase_perp,1738541160000000000,1738541100000000000,1738541100000000000,1738541100000000000,0,0,all_client,vwap,1738541160000000000,1738541160000000000,1738541100000000000,0.143,0.143,2854.07,2854.356980846713079425444187,408.13201,0.204066005,0,0,0.041038261079970357838518741,0.000220956253862360802734949,0,0.143,True,True,CF_SIN_INTERRUPCION,conditional,run_478a6647e78b9a24f13733a0
fill-conditional-00000122-1739145900000000000,conditional-00000122,ETHUSDT,spot,BUY,increase_spot,1739145900000000000,1739145840000000000,1739145840000000000,1739145840000000000,0,0,all_client,vwap,1739145900000000000,1739145900000000000,1739145840000000000,0.0941,0.0940059,2643.71,2643.437573240511377707339076,248.773111,0.248773111,0.0000941,0,0.0256353580678793577393929484,0.0007606105036861456751668790,0,0.0941,True,True,CF_SIN_INTERRUPCION,conditional,run_478a6647e78b9a24f13733a0
fill-conditional-00000123-1739145960000000000,conditional-00000123,ETHUSDT,futures,SELL,increase_perp,1739145960000000000,1739145900000000000,1739145900000000000,1739145900000000000,0,0,all_client,vwap,1739145960000000000,1739145960000000000,1739145900000000000,0.094,0.094,2642.45,2642.723212550890261494659676,248.39030,0.124195150,0,0,0.025681979783684580498009544,0.000840381585706212039959740,0,0.094,True,True,CF_SIN_INTERRUPCION,conditional,run_478a6647e78b9a24f13733a0
fill-conditional-00000124-1740355500000000000,conditional-00000124,ETHUSDT,futures,BUY,reduce_perp,1740355500000000000,1740355440000000000,1740355440000000000,1740355440000000000,0,0,all_client,vwap,1740355500000000000,1740355500000000000,1740355440000000000,0.078,0.078,2820.52,2820.233736989071864162778871,220.00056,0.110000280,0,0,0.022328514852394595303248062,0.000330691703879834762778378,0,0.078,True,True,CF_SIN_INTERRUPCION,conditional,run_478a6647e78b9a24f13733a0
fill-conditional-00000125-1740355560000000000,conditional-00000125,ETHUSDT,spot,SELL,reduce_spot,1740355560000000000,1740355500000000000,1740355500000000000,1740355500000000000,0,0,all_client,vwap,1740355560000000000,1740355560000000000,1740355500000000000,0.0780,0.0780,2822.92,2823.210424081781709215673546,220.187760,0.220187760,0,0,0.0226530783789733188225365880,0.0006320370711354214906543620,0,0.0780,True,True,CF_SIN_INTERRUPCION,conditional,run_478a6647e78b9a24f13733a0
fill-conditional-00000126-1740960300000000000,conditional-00000126,ETHUSDT,spot,BUY,increase_spot,1740960300000000000,1740960240000000000,1740960240000000000,1740960240000000000,0,0,all_client,vwap,1740960300000000000,1740960300000000000,1740960240000000000,0.1451,0.1449549,2500.46,2500.208117474359684396538070,362.816746,0.362816746,0.0001451,0,0.0365481544704097940623260430,0.0002701346858568350417322476,0,0.1451,True,True,CF_SIN_INTERRUPCION,conditional,run_478a6647e78b9a24f13733a0
fill-conditional-00000127-1740960360000000000,conditional-00000127,ETHUSDT,futures,SELL,increase_perp,1740960360000000000,1740960300000000000,1740960300000000000,1740960300000000000,0,0,all_client,vwap,1740960360000000000,1740960360000000000,1740960300000000000,0.145,0.145,2500.53,2500.781649157207991473654906,362.57685,0.181288425,0,0,0.036489127795158763679961370,0.000227793882379247803593445,0,0.145,True,True,CF_SIN_INTERRUPCION,conditional,run_478a6647e78b9a24f13733a0
fill-conditional-00000128-1741565100000000000,conditional-00000128,ETHUSDT,spot,BUY,increase_spot,1741565100000000000,1741565040000000000,1741565040000000000,1741565040000000000,0,0,all_client,vwap,1741565100000000000,1741565100000000000,1741565040000000000,0.3023,0.3019977,2030.91,2030.703037461092051888822446,613.944093,0.613944093,0.0003023,0,0.0625647755118727140089745742,0.0011766226894239012803755456,0,0.3023,True,True,CF_SIN_INTERRUPCION,conditional,run_478a6647e78b9a24f13733a0
fill-conditional-00000129-1741565160000000000,conditional-00000129,ETHUSDT,futures,SELL,increase_perp,1741565160000000000,1741565100000000000,1741565100000000000,1741565100000000000,0,0,all_client,vwap,1741565160000000000,1741565160000000000,1741565100000000000,0.302,0.302,2026.96,2027.170331214880478331315051,612.14192,0.306070960,0,0,0.063520026893904456057145402,0.002299482891215065611539538,0,0.302,True,True,CF_SIN_INTERRUPCION,conditional,run_478a6647e78b9a24f13733a0
fill-conditional-00000130-1742169900000000000,conditional-00000130,ETHUSDT,spot,BUY,increase_spot,1742169900000000000,1742169840000000000,1742169840000000000,1742169840000000000,0,0,all_client,vwap,1742169900000000000,1742169900000000000,1742169840000000000,0.1151,0.1149849,1890.26,1890.065017216292583100997869,217.568926,0.217568926,0.0001151,0,0.0224425184047236850751452781,0.0006878700565641574436527681,0,0.1151,True,True,CF_SIN_INTERRUPCION,conditional,run_478a6647e78b9a24f13733a0
fill-conditional-00000131-1742169960000000000,conditional-00000131,ETHUSDT,futures,SELL,increase_perp,1742169960000000000,1742169900000000000,1742169900000000000,1742169900000000000,0,0,all_client,vwap,1742169960000000000,1742169960000000000,1742169900000000000,0.115,0.115,1889.59,1889.787880099702905483659802,217.30285,0.108651425,0,0,0.022756211465834130620877230,0.001023650844687547207815140,0,0.115,True,True,CF_SIN_INTERRUPCION,conditional,run_478a6647e78b9a24f13733a0
fill-conditional-00000132-1742774700000000000,conditional-00000132,ETHUSDT,futures,BUY,reduce_perp,1742774700000000000,1742774640000000000,1742774640000000000,1742774640000000000,0,0,all_client,vwap,1742774700000000000,1742774700000000000,1742774640000000000,0.095,0.095,2003.13,2002.919756494348370010379023,190.29735,0.095148675,0,0,0.019973133036904849013992815,0.000945395350208539498894205,0,0.095,True,True,CF_SIN_INTERRUPCION,conditional,run_478a6647e78b9a24f13733a0
fill-conditional-00000133-1742774760000000000,conditional-00000133,ETHUSDT,spot,SELL,reduce_spot,1742774760000000000,1742774700000000000,1742774700000000000,1742774700000000000,0,0,all_client,vwap,1742774760000000000,1742774760000000000,1742774700000000000,0.0950,0.0950,2001.91,2002.118672440712377835075422,190.181450,0.190181450,0,0,0.0198238818676758943321650900,0.0008037544794891267427318300,0,0.0950,True,True,CF_SIN_INTERRUPCION,conditional,run_478a6647e78b9a24f13733a0
fill-conditional-00000134-1743379500000000000,conditional-00000134,ETHUSDT,spot,BUY,increase_spot,1743379500000000000,1743379440000000000,1743379440000000000,1743379440000000000,0,0,all_client,vwap,1743379500000000000,1743379500000000000,1743379440000000000,0.1752,0.1750248,1806.84,1806.649575788566699490875568,316.558368,0.316558368,0.0001752,0,0.0333623218431142491986004864,0.0017098212752985606235202688,0,0.1752,True,True,CF_SIN_INTERRUPCION,conditional,run_478a6647e78b9a24f13733a0
fill-conditional-00000135-1743379560000000000,conditional-00000135,ETHUSDT,futures,SELL,increase_perp,1743379560000000000,1743379500000000000,1743379500000000000,1743379500000000000,0,0,all_client,vwap,1743379560000000000,1743379560000000000,1743379500000000000,0.175,0.175,1806.31,1806.490652860145396081172022,316.10425,0.158052125,0,0,0.031614250525444314205103850,6.64100391769773683375E-7,0,0.175,True,True,CF_SIN_INTERRUPCION,conditional,run_478a6647e78b9a24f13733a0
fill-conditional-00000136-1743984300000000000,conditional-00000136,ETHUSDT,spot,BUY,increase_spot,1743984300000000000,1743984240000000000,1743984240000000000,1743984240000000000,0,0,all_client,vwap,1743984300000000000,1743984300000000000,1743984240000000000,0.2573,0.2570427,1578.01,1577.843874505349547005109057,406.021973,0.406021973,0.0002573,0,0.0427440897735615555854396339,0.0021461668825389117409981536,0,0.2573,True,True,CF_SIN_INTERRUPCION,conditional,run_478a6647e78b9a24f13733a0
fill-conditional-00000137-1743984360000000000,conditional-00000137,ETHUSDT,futures,SELL,increase_perp,1743984360000000000,1743984300000000000,1743984300000000000,1743984300000000000,0,0,all_client,vwap,1743984360000000000,1743984360000000000,1743984300000000000,0.257,0.257,1576.91,1577.074544238112591700600510,405.26587,0.202632935,0,0,0.042287869194936067054331070,0.001757053408016573447625650,0,0.257,True,True,CF_SIN_INTERRUPCION,conditional,run_478a6647e78b9a24f13733a0
fill-conditional-00000138-1745798700000000000,conditional-00000138,ETHUSDT,futures,BUY,close_perp,1745798700000000000,1745798640000000000,1745798640000000000,1745798640000000000,0,0,all_client,vwap,1745798700000000000,1745798700000000000,1745798640000000000,2.039,2.039,1789.95,1789.770160851791874598013519,3649.70805,1.824854025,0,0,0.366692023196367694650434759,0.001757887398687331419900520,0,2.039,True,True,CF_SIN_INTERRUPCION,conditional,run_478a6647e78b9a24f13733a0
fill-conditional-00000139-1745798760000000000,conditional-00000139,ETHUSDT,spot,SELL,close_spot,1745798760000000000,1745798700000000000,1745798700000000000,1745798700000000000,0,0,all_client,vwap,1745798760000000000,1745798760000000000,1745798700000000000,0.8433,0.8433,1791.29,1791.469524514779540107763527,1510.594857,1.510594857,0,0,0.1513930233135861728769823191,0.0003183983112548142596949183,0,0.8433,True,True,CF_SIN_INTERRUPCION,conditional,run_478a6647e78b9a24f13733a0
fill-conditional-00000140-1745798820000000000,conditional-00000140,ETHUSDT,spot,SELL,close_spot,1745798820000000000,1745798760000000000,1745798760000000000,1745798760000000000,0,0,all_client,vwap,1745798820000000000,1745798820000000000,1745798760000000000,1.1957,1.1957,1790.55,1790.733376027385889005103257,2140.960635,2.140960635,0,0,0.2192627159453074834019643949,0.0051447261737129526536245879,0,1.1957,True,True,CF_SIN_INTERRUPCION,conditional,run_478a6647e78b9a24f13733a0
fill-permanent-00000001-1641254520000000000,permanent-00000001,BTCUSDT,spot,BUY,open_spot,1641254520000000000,1641254460000000000,1641254460000000000,1641254460000000000,0,0,all_client,vwap,1641254520000000000,1641254520000000000,1641254460000000000,0.06407,0.06400593,46489.60,46484.94359389278897011571490,2978.5886720,2.9785886720,0.00006407,0,0.2983359392890106846861463570,0.0005069056829395857546150671,0,0.06407,True,True,CF_SIN_INTERRUPCION,permanent,run_4ca498777b23a4815d4fca47
fill-permanent-00000002-1641254580000000000,permanent-00000002,BTCUSDT,futures,SELL,open_perp,1641254580000000000,1641254520000000000,1641254520000000000,1641254520000000000,0,0,all_client,vwap,1641254580000000000,1641254580000000000,1641254520000000000,0.064,0.064,46487.0,46491.74079714449370982455396,2975.1680,1.48758400,0,0,0.30341101724759742877145344,0.00586387614587266902857600,0,0.064,True,True,CF_SIN_INTERRUPCION,permanent,run_4ca498777b23a4815d4fca47
fill-permanent-00000003-1641369780000000000,permanent-00000003,ETHUSDT,spot,BUY,open_spot,1641369780000000000,1641369660017000000,1641369660017000000,1641369660017000000,0,0,all_client,vwap,1641369780000000000,1641369780000000000,1641369720000000000,0.7858,0.7850142,3812.26,3811.871905867494342026666183,2995.673908,2.995673908,0.0007858,0,0.3049643693229460354457133986,0.0054274749598783300492576700,0,0.7858,True,True,CF_SIN_INTERRUPCION,permanent,run_4ca498777b23a4815d4fca47
fill-permanent-00000004-1641369840000000000,permanent-00000004,ETHUSDT,futures,SELL,open_perp,1641369840000000000,1641369780000000000,1641369780000000000,1641369780000000000,0,0,all_client,vwap,1641369840000000000,1641369840000000000,1641369780000000000,0.785,0.785,3808.53,3808.914201177548167831738181,2989.69605,1.494848025,0,0,0.301597924375311747914472085,0.002598159582874216739680495,0,0.785,True,True,CF_SIN_INTERRUPCION,permanent,run_4ca498777b23a4815d4fca47
fill-permanent-00000005-1641859440000000000,permanent-00000005,BTCUSDT,spot,BUY,increase_spot,1641859440000000000,1641859380000000000,1641859380000000000,1641859380000000000,0,0,all_client,vwap,1641859440000000000,1641859440000000000,1641859380000000000,0.00701,0.00700299,41745.93,41741.75374746109755286781124,292.6389693,0.2926389693,0.00000701,0,0.0292755302977061543966432076,0.0000145609207359250120828798,0,0.00701,True,True,CF_SIN_INTERRUPCION,permanent,run_4ca498777b23a4815d4fca47
fill-permanent-00000006-1641859500000000000,permanent-00000006,BTCUSDT,futures,SELL,increase_perp,1641859500000000000,1641859440000000000,1641859440000000000,1641859440000000000,0,0,all_client,vwap,1641859500000000000,1641859500000000000,1641859440000000000,0.007,0.007,41743.3,41747.49620453913984469824372,292.2031,0.14610155,0,0,0.02937343177397891288770604,0.00015018443080151499641730,0,0.007,True,True,CF_SIN_INTERRUPCION,permanent,run_4ca498777b23a4815d4fca47
fill-permanent-00000007-1641974700000000000,permanent-00000007,ETHUSDT,spot,BUY,increase_spot,1641974700000000000,1641974640000000000,1641974640000000000,1641974640000000000,0,0,all_client,vwap,1641974700000000000,1641974700000000000,1641974640000000000,0.1252,0.1250748,3222.42,3222.089956276748713932560023,403.446984,0.403446984,0.0001252,0,0.0413214741510610156434851204,0.0009809078984761217450494692,0,0.1252,True,True,CF_SIN_INTERRUPCION,permanent,run_4ca498777b23a4815d4fca47
fill-permanent-00000008-1641974760000000000,permanent-00000008,ETHUSDT,futures,SELL,increase_perp,1641974760000000000,1641974700000000000,1641974700000000000,1641974700000000000,0,0,all_client,vwap,1641974760000000000,1641974760000000000,1641974700000000000,0.125,0.125,3219.19,3219.513551030829996655790454,402.39875,0.201199375,0,0,0.040443878853749581973806750,0.000199959465864207015609375,0,0.125,True,True,CF_SIN_INTERRUPCION,permanent,run_4ca498777b23a4815d4fca47
fill-permanent-00000009-1646813100000000000,permanent-00000009,ETHUSDT,spot,BUY,increase_spot,1646813100000000000,1646813040000000000,1646813040000000000,1646813040000000000,0,0,all_client,vwap,1646813100000000000,1646813100000000000,1646813040000000000,0.0080,0.0079920,2737.54,2737.260194053277647814801803,21.900320,0.021900320,0.0000080,0,0.0022384475737788174815855760,0.0000486394185361953633337360,0,0.0080,True,True,CF_SIN_INTERRUPCION,permanent,run_4ca498777b23a4815d4fca47
fill-permanent-00000010-1646813160000000000,permanent-00000010,ETHUSDT,futures,SELL,increase_perp,1646813160000000000,1646813100000000000,1646813100000000000,1646813100000000000,0,0,all_client,vwap,1646813160000000000,1646813160000000000,1646813100000000000,0.008,0.008,2729.30,2729.573999968233933782576101,21.83440,0.010917200,0,0,0.002191999745871470260608808,0.000008340545896883113582744,0,0.008,True,True,CF_SIN_INTERRUPCION,permanent,run_4ca498777b23a4815d4fca47
fill-permanent-00000011-1648512240000000000,permanent-00000011,BTCUSDT,futures,BUY,reduce_perp,1648512240000000000,1648512180000000000,1648512180000000000,1648512180000000000,0,0,all_client,vwap,1648512240000000000,1648512240000000000,1648512180000000000,0.008,0.008,47137.9,47133.13195770487745319404443,377.1032,0.18855160,0,0,0.03814433836098037444764456,0.00043783279481647248508936,0,0.008,True,True,CF_SIN_INTERRUPCION,permanent,run_4ca498777b23a4815d4fca47
fill-permanent-00000012-1648512300000000000,permanent-00000012,BTCUSDT,spot,SELL,reduce_spot,1648512300000000000,1648512240000000000,1648512240000000000,1648512240000000000,0,0,all_client,vwap,1648512300000000000,1648512300000000000,1648512240000000000,0.00800,0.00800,47157.10,47161.82313552197176249669319,377.2568000,0.3772568000,0,0,0.0377850841757740999735455200,0.0000556256673565225635481600,0,0.00800,True,True,CF_SIN_INTERRUPCION,permanent,run_4ca498777b23a4815d4fca47
fill-permanent-00000013-1649721840000000000,permanent-00000013,BTCUSDT,spot,BUY,increase_spot,1649721840000000000,1649721780000000000,1649721780000000000,1649721780000000000,0,0,all_client,vwap,1649721840000000000,1649721840000000000,1649721780000000000,0.00901,0.00900099,39628.14,39624.17685881231961439373227,357.0495414,0.3570495414,0.00000901,0,0.0357079021010002743124722473,0.0000065187512103743399035236,0,0.00901,True,True,CF_SIN_INTERRUPCION,permanent,run_4ca498777b23a4815d4fca47
fill-permanent-00000014-1649721900000000000,permanent-00000014,BTCUSDT,futures,SELL,increase_perp,1649721900000000000,1649721840000000000,1649721840000000000,1649721840000000000,0,0,all_client,vwap,1649721900000000000,1649721900000000000,1649721840000000000,0.009,0.009,39640.2,39644.21278391613054734907239,356.7618,0.17838090,0,0,0.03611505524517492614165151,0.00043526373965040864903732,0,0.009,True,True,CF_SIN_INTERRUPCION,permanent,run_4ca498777b23a4815d4fca47
fill-permanent-00000015-1649837100000000000,permanent-00000015,ETHUSDT,spot,BUY,increase_spot,1649837100000000000,1649837040000000000,1649837040000000000,1649837040000000000,0,0,all_client,vwap,1649837100000000000,1649837100000000000,1649837040000000000,0.0120,0.0119880,3056.95,3056.641097457835268577664958,36.683400,0.036683400,0.0000120,0,0.0037068305059767770680205040,0.0000388611890273747457273120,0,0.0120,True,True,CF_SIN_INTERRUPCION,permanent,run_4ca498777b23a4815d4fca47
fill-permanent-00000016-1649837160000000000,permanent-00000016,ETHUSDT,futures,SELL,increase_perp,1649837160000000000,1649837100000000000,1649837100000000000,1649837100000000000,0,0,all_client,vwap,1649837160000000000,1649837160000000000,1649837100000000000,0.012,0.012,3052.77,3053.083309956471542291825088,36.63324,0.018316620,0,0,0.003759719477658507501901056,0.000096019505710741651150860,0,0.012,True,True,CF_SIN_INTERRUPCION,permanent,run_4ca498777b23a4815d4fca47
fill-permanent-00000025-1653758160000000000,permanent-00000025,BTCUSDT,futures,BUY,close_perp,1653758160000000000,1653758100000000000,1653758100000000000,1653758100000000000,0,0,all_client,vwap,1653758160000000000,1653758160000000000,1653758100000000000,0.072,0.072,28905.5,28902.56085186546911367099185,2081.1960,1.04059800,0,0,0.21161866568622381568858680,0.00352022755279243807015560,0,0.072,True,True,CF_SIN_INTERRUPCION,permanent,run_4ca498777b23a4815d4fca47
fill-permanent-00000026-1653758160000000000,permanent-00000026,ETHUSDT,futures,BUY,close_perp,1653758160000000000,1653758100000000000,1653758100000000000,1653758100000000000,0,0,all_client,vwap,1653758160000000000,1653758160000000000,1653758100000000000,0.930,0.930,1775.38,1775.195265891094071005232744,1651.10340,0.825551700,0,0,0.171802721282513965133548080,0.006709561554642216530061690,0,0.930,True,True,CF_SIN_INTERRUPCION,permanent,run_4ca498777b23a4815d4fca47
fill-permanent-00000027-1653758220000000000,permanent-00000027,BTCUSDT,spot,SELL,close_spot,1653758220000000000,1653758160000000000,1653758160000000000,1653758160000000000,0,0,all_client,vwap,1653758220000000000,1653758220000000000,1653758160000000000,0.07200,0.07200,28993.54,28996.44233374245366417577768,2087.5348800,2.0875348800,0,0,0.2089680294566638206559929600,0.0001936446537181542739272000,0,0.07200,True,True,CF_SIN_INTERRUPCION,permanent,run_4ca498777b23a4815d4fca47
fill-permanent-00000028-1653758220000000000,permanent-00000028,ETHUSDT,spot,SELL,close_spot,1653758220000000000,1653758160000000000,1653758160000000000,1653758160000000000,0,0,all_client,vwap,1653758220000000000,1653758220000000000,1653758160000000000,0.9300,0.9300,1785.42,1785.602520513232741827160561,1660.440600,1.660440600,0,0,0.1697440773064498992593217300,0.0036830428987192542693958500,0,0.9300,True,True,CF_SIN_INTERRUPCION,permanent,run_4ca498777b23a4815d4fca47
fill-permanent-00000029-1654041720000000000,permanent-00000029,BTCUSDT,spot,BUY,open_spot,1654041720000000000,1654041660000000000,1654041660000000000,1654041660000000000,0,0,all_client,vwap,1654041720000000000,1654041720000000000,1654041660000000000,0.09509,0.09499491,31830.69,31827.50724917310611937723037,3026.7803121,3.0267803121,0.00009509,0,0.3026477761293391084191641167,9.6969520423300063219E-9,0,0.09509,True,True,CF_SIN_INTERRUPCION,permanent,run_4ca498777b23a4815d4fca47
fill-permanent-00000030-1654041780000000000,permanent-00000030,BTCUSDT,futures,SELL,open_perp,1654041780000000000,1654041720000000000,1654041720000000000,1654041720000000000,0,0,all_client,vwap,1654041780000000000,1654041780000000000,1654041720000000000,0.095,0.095,31829.7,31832.91746292828584442532517,3023.8215,1.51191075,0,0,0.30565897818715522040589115,0.00324626228933650488385080,0,0.095,True,True,CF_SIN_INTERRUPCION,permanent,run_4ca498777b23a4815d4fca47
fill-permanent-00000031-1655251440000000000,permanent-00000031,BTCUSDT,spot,BUY,increase_spot,1655251440000000000,1655251380000000000,1655251380000000000,1655251380000000000,0,0,all_client,vwap,1655251440000000000,1655251440000000000,1655251380000000000,0.04204,0.04199796,21987.73,21985.52343841104741404726872,924.3641692,0.9243641692,0.00004204,0,0.0927638491995667134528230112,0.0003367086644866701241681620,0,0.04204,True,True,CF_SIN_INTERRUPCION,permanent,run_4ca498777b23a4815d4fca47
fill-permanent-00000032-1655251500000000000,permanent-00000032,BTCUSDT,futures,SELL,increase_perp,1655251500000000000,1655251440000000000,1655251440000000000,1655251440000000000,0,0,all_client,vwap,1655251500000000000,1655251500000000000,1655251440000000000,0.042,0.042,21994.5,21996.71392539730608697942040,923.7690,0.46188450,0,0,0.09298486668685565313565680,0.00059866820018696757034332,0,0.042,True,True,CF_SIN_INTERRUPCION,permanent,run_4ca498777b23a4815d4fca47
fill-permanent-00000033-1655856240000000000,permanent-00000033,BTCUSDT,spot,BUY,increase_spot,1655856240000000000,1655856180000000000,1655856180000000000,1655856180000000000,0,0,all_client,vwap,1655856240000000000,1655856240000000000,1655856180000000000,0.00901,0.00900099,20677.73,20675.65445942820965088572807,186.3063473,0.1863063473,0.00000901,0,0.0187006205518310455195900893,0.0000718558838862286241420736,0,0.00901,True,True,CF_SIN_INTERRUPCION,permanent,run_4ca498777b23a4815d4fca47
fill-permanent-00000034-1655856300000000000,permanent-00000034,BTCUSDT,futures,SELL,increase_perp,1655856300000000000,1655856240000000000,1655856240000000000,1655856240000000000,0,0,all_client,vwap,1655856300000000000,1655856300000000000,1655856240000000000,0.009,0.009,20626.4,20628.55242290672118490012253,185.6376,0.09281880,0,0,0.01937180616049066410110277,0.00080610897987461503469268,0,0.009,True,True,CF_SIN_INTERRUPCION,permanent,run_4ca498777b23a4815d4fca47
fill-permanent-00000035-1657670640000000000,permanent-00000035,BTCUSDT,spot,BUY,increase_spot,1657670640000000000,1657670580000000000,1657670580000000000,1657670580000000000,0,0,all_client,vwap,1657670640000000000,1657670640000000000,1657670580000000000,0.01001,0.00999999,19286.29,19284.35226505607668389055485,193.0557629,0.1930557629,0.00001001,0,0.0193967267886723942555459515,0.0000930901713512614949714609,0,0.01001,True,True,CF_SIN_INTERRUPCION,permanent,run_4ca498777b23a4815d4fca47
fill-permanent-00000036-1657670700000000000,permanent-00000036,BTCUSDT,futures,SELL,increase_perp,1657670700000000000,1657670640000000000,1657670640000000000,1657670640000000000,0,0,all_client,vwap,1657670700000000000,1657670700000000000,1657670640000000000,0.010,0.010,19284.2,19286.17688556613551081230388,192.8420,0.09642100,0,0,0.01976885566135510812303880,0.00048267877578897261222650,0,0.010,True,True,CF_SIN_INTERRUPCION,permanent,run_4ca498777b23a4815d4fca47
fill-permanent-00000037-1658275440000000000,permanent-00000037,BTCUSDT,futures,BUY,reduce_perp,1658275440000000000,1658275380000000000,1658275380000000000,1658275380000000000,0,0,all_client,vwap,1658275440000000000,1658275440000000000,1658275380000000000,0.027,0.027,23395.2,23392.79775941603964422943135,631.6704,0.31583520,0,0,0.06486049576692960580535355,0.00169994181650629876593417,0,0.027,True,True,CF_SIN_INTERRUPCION,permanent,run_4ca498777b23a4815d4fca47
fill-permanent-00000038-1658275500000000000,permanent-00000038,BTCUSDT,spot,SELL,reduce_spot,1658275500000000000,1658275440000000000,1658275440000000000,1658275440000000000,0,0,all_client,vwap,1658275500000000000,1658275500000000000,1658275440000000000,0.02700,0.02700,23372.73,23375.07668179731569571917089,631.0637100,0.6310637100,0,0,0.0633604085275237844176140300,0.0002477014866710320391721900,0,0.02700,True,True,CF_SIN_INTERRUPCION,permanent,run_4ca498777b23a4815d4fca47
fill-permanent-00000039-1658649780000000000,permanent-00000039,ETHUSDT,spot,BUY,open_spot,1658649780000000000,1658649660011000000,1658649660011000000,1658649660011000000,0,0,all_client,vwap,1658649780000000000,1658649780000000000,1658649720000000000,1.8859,1.8840141,1600.99,1600.828860409955138870716953,3019.307041,3.019307041,0.0018859,0,0.3038931528656036037148983373,0.0019928380808901640752692525,0,1.8859,True,True,CF_SIN_INTERRUPCION,permanent,run_4ca498777b23a4815d4fca47
fill-permanent-00000040-1658649840000000000,permanent-00000040,ETHUSDT,futures,SELL,open_perp,1658649840000000000,1658649780000000000,1658649780000000000,1658649780000000000,0,0,all_client,vwap,1658649840000000000,1658649840000000000,1658649780000000000,1.884,1.884,1603.33,1603.498170102818696306431973,3020.67372,1.510336860,0,0,0.316832473710423841317837132,0.014733418463052798933705720,0,1.884,True,True,CF_SIN_INTERRUPCION,permanent,run_4ca498777b23a4815d4fca47
fill-permanent-00000041-1658880240000000000,permanent-00000041,BTCUSDT,spot,BUY,increase_spot,1658880240000000000,1658880180000000000,1658880180000000000,1658880180000000000,0,0,all_client,vwap,1658880240000000000,1658880240000000000,1658880180000000000,0.00601,0.00600399,21216.01,21213.88587489930863510711848,127.5082201,0.1275082201,0.00000601,0,0.0127659918551551030062179352,0.0000164464443406185165185681,0,0.00601,True,True,CF_SIN_INTERRUPCION,permanent,run_4ca498777b23a4815d4fca47
fill-permanent-00000042-1658880300000000000,permanent-00000042,BTCUSDT,futures,SELL,increase_perp,1658880300000000000,1658880240000000000,1658880240000000000,1658880240000000000,0,0,all_client,vwap,1658880300000000000,1658880300000000000,1658880240000000000,0.006,0.006,21210.4,21212.60523706192542815810350,127.2624,0.06363120,0,0,0.01323142237155256894862100,0.00050385922931541369172614,0,0.006,True,True,CF_SIN_INTERRUPCION,permanent,run_4ca498777b23a4815d4fca47
fill-permanent-00000043-1659254700000000000,permanent-00000043,ETHUSDT,futures,BUY,reduce_perp,1659254700000000000,1659254640000000000,1659254640000000000,1659254640000000000,0,0,all_client,vwap,1659254700000000000,1659254700000000000,1659254640000000000,0.101,0.101,1699.15,1698.973374496330407252842136,171.61415,0.085807075,0,0,0.017839175870628867462944264,0.000679544788215930349690580,0,0.101,True,True,CF_SIN_INTERRUPCION,permanent,run_4ca498777b23a4815d4fca47
fill-permanent-00000044-1659254760000000000,permanent-00000044,ETHUSDT,spot,SELL,reduce_spot,1659254760000000000,1659254700000000000,1659254700000000000,1659254700000000000,0,0,all_client,vwap,1659254760000000000,1659254760000000000,1659254700000000000,0.1010,0.1010,1700.78,1700.950740746809103272000393,171.778780,0.171778780,0,0,0.0172448154277194304720396930,0.0000652129461766585289924930,0,0.1010,True,True,CF_SIN_INTERRUPCION,permanent,run_4ca498777b23a4815d4fca47
fill-permanent-00000045-1660464300000000000,permanent-00000045,ETHUSDT,futures,BUY,reduce_perp,1660464300000000000,1660464240000000000,1660464240000000000,1660464240000000000,0,0,all_client,vwap,1660464300000000000,1660464300000000000,1660464240000000000,0.274,0.274,2010.55,2010.344660601046638756940020,550.89070,0.275445350,0,0,0.056262995313220980598434520,0.001179551612752302696494364,0,0.274,True,True,CF_SIN_INTERRUPCION,permanent,run_4ca498777b23a4815d4fca47
fill-permanent-00000046-1660464360000000000,permanent-00000046,ETHUSDT,spot,SELL,reduce_spot,1660464360000000000,1660464300000000000,1660464300000000000,1660464300000000000,0,0,all_client,vwap,1660464360000000000,1660464360000000000,1660464300000000000,0.2740,0.2740,2009.61,2009.816631220010201047837747,550.633140,0.550633140,0,0,0.0566169542827950871075426780,0.0015479785873668075988318620,0,0.2740,True,True,CF_SIN_INTERRUPCION,permanent,run_4ca498777b23a4815d4fca47
fill-permanent-00000047-1660694640000000000,permanent-00000047,BTCUSDT,futures,BUY,reduce_perp,1660694640000000000,1660694580000000000,1660694580000000000,1660694580000000000,0,0,all_client,vwap,1660694640000000000,1660694640000000000,1660694580000000000,0.008,0.008,23825.2,23822.77614933401096923109502,190.6016,0.09530080,0,0,0.01939080532791224615123984,0.00033258440844503737585496,0,0.008,True,True,CF_SIN_INTERRUPCION,permanent,run_4ca498777b23a4815d4fca47
fill-permanent-00000048-1660694700000000000,permanent-00000048,BTCUSDT,spot,SELL,reduce_spot,1660694700000000000,1660694640000000000,1660694640000000000,1660694640000000000,0,0,all_client,vwap,1660694700000000000,1660694700000000000,1660694640000000000,0.00800,0.00800,23843.00,23845.38754886054435056493584,190.7440000,0.1907440000,0,0,0.0191003908843548045194867200,0.0000240808452663690390348000,0,0.00800,True,True,CF_SIN_INTERRUPCION,permanent,run_4ca498777b23a4815d4fca47
fill-permanent-00000049-1661069100000000000,permanent-00000049,ETHUSDT,spot,BUY,increase_spot,1661069100000000000,1661069040000000000,1661069040000000000,1661069040000000000,0,0,all_client,vwap,1661069100000000000,1661069100000000000,1661069040000000000,0.3954,0.3950046,1592.69,1592.524665699581604253817302,629.749626,0.629749626,0.0003954,0,0.0653731823854336780406387892,0.0024047571036722214084427464,0,0.3954,True,True,CF_SIN_INTERRUPCION,permanent,run_4ca498777b23a4815d4fca47
fill-permanent-00000050-1661069160000000000,permanent-00000050,ETHUSDT,futures,SELL,increase_perp,1661069160000000000,1661069100000000000,1661069100000000000,1661069100000000000,0,0,all_client,vwap,1661069160000000000,1661069160000000000,1661069100000000000,0.395,0.395,1590.16,1590.320861580533961981363529,628.11320,0.314056600,0,0,0.063540324310914982638593955,0.000722650278483891140330235,0,0.395,True,True,CF_SIN_INTERRUPCION,permanent,run_4ca498777b23a4815d4fca47
fill-permanent-00000051-1661299440000000000,permanent-00000051,BTCUSDT,spot,BUY,increase_spot,1661299440000000000,1661299380000000000,1661299380000000000,1661299380000000000,0,0,all_client,vwap,1661299440000000000,1661299440000000000,1661299380000000000,0.00901,0.00900099,21522.02,21519.86612347446621341814650,193.9134002,0.1939134002,0.00000901,0,0.0194064274950594171025000350,0.0000170281178089230442103269,0,0.00901,True,True,CF_SIN_INTERRUPCION,permanent,run_4ca498777b23a4815d4fca47
fill-permanent-00000052-1661299500000000000,permanent-00000052,BTCUSDT,futures,SELL,increase_perp,1661299500000000000,1661299440000000000,1661299440000000000,1661299440000000000,0,0,all_client,vwap,1661299500000000000,1661299500000000000,1661299440000000000,0.009,0.009,21524.1,21526.26192641447849722563000,193.7169,0.09685845,0,0,0.01945733773030647503067000,0.00008370199653344438316696,0,0.009,True,True,CF_SIN_INTERRUPCION,permanent,run_4ca498777b23a4815d4fca47
fill-permanent-00000053-1662883500000000000,permanent-00000053,ETHUSDT,futures,BUY,reduce_perp,1662883500000000000,1662883440000000000,1662883440000000000,1662883440000000000,0,0,all_client,vwap,1662883500000000000,1662883500000000000,1662883440000000000,0.183,0.183,1759.50,1759.314432715839355915111317,321.98850,0.160994250,0,0,0.033958813001397867534628989,0.001763358882698007321382476,0,0.183,True,True,CF_SIN_INTERRUPCION,permanent,run_4ca498777b23a4815d4fca47
fill-permanent-00000054-1662883560000000000,permanent-00000054,ETHUSDT,spot,SELL,reduce_spot,1662883560000000000,1662883500000000000,1662883500000000000,1662883500000000000,0,0,all_client,vwap,1662883560000000000,1662883560000000000,1662883500000000000,0.1830,0.1830,1759.70,1759.881880979833647504143641,322.025100,0.322025100,0,0,0.0332842193095574932582863030,0.0010783808876265375089605410,0,0.1830,True,True,CF_SIN_INTERRUPCION,permanent,run_4ca498777b23a4815d4fca47
fill-permanent-00000055-1663113840000000000,permanent-00000055,BTCUSDT,spot,BUY,increase_spot,1663113840000000000,1663113780000000000,1663113780000000000,1663113780000000000,0,0,all_client,vwap,1663113840000000000,1663113840000000000,1663113780000000000,0.01401,0.01399599,20138.76,20136.74222094888884366581104,282.1440276,0.2821440276,0.00001401,0,0.0282690845060673002419873296,0.0000575086545179069720115438,0,0.01401,True,True,CF_SIN_INTERRUPCION,permanent,run_4ca498777b23a4815d4fca47
fill-permanent-00000056-1663113900000000000,permanent-00000056,BTCUSDT,futures,SELL,increase_perp,1663113900000000000,1663113840000000000,1663113840000000000,1663113840000000000,0,0,all_client,vwap,1663113900000000000,1663113900000000000,1663113840000000000,0.014,0.014,20132.8,20134.87504607853256462053407,281.8592,0.14092960,0,0,0.02905064509945590468747698,0.00086182003494595909700828,0,0.014,True,True,CF_SIN_INTERRUPCION,permanent,run_4ca498777b23a4815d4fca47
fill-permanent-00000057-1664697900000000000,permanent-00000057,ETHUSDT,spot,BUY,increase_spot,1664697900000000000,1664697840000000000,1664697840000000000,1664697840000000000,0,0,all_client,vwap,1664697900000000000,1664697900000000000,1664697840000000000,0.0160,0.0159840,1312.68,1312.542054951341007850191573,21.002880,0.021002880,0.0000160,0,0.0022071207785438743969348320,0.0001070534906217287843745280,0,0.0160,True,True,CF_SIN_INTERRUPCION,permanent,run_4ca498777b23a4815d4fca47
fill-permanent-00000058-1664697960000000000,permanent-00000058,ETHUSDT,futures,SELL,increase_perp,1664697960000000000,1664697900000000000,1664697900000000000,1664697900000000000,0,0,all_client,vwap,1664697960000000000,1664697960000000000,1664697900000000000,0.016,0.016,1311.89,1312.022479546743396426497776,20.99024,0.010495120,0,0,0.002119672747894342823964416,0.000020436780619553389682016,0,0.016,True,True,CF_SIN_INTERRUPCION,permanent,run_4ca498777b23a4815d4fca47
fill-permanent-00000059-1672560300000000000,permanent-00000059,ETHUSDT,spot,BUY,increase_spot,1672560300000000000,1672560240000000000,1672560240000000000,1672560240000000000,0,0,all_client,vwap,1672560300000000000,1672560300000000000,1672560240000000000,0.0190,0.0189810,1195.98,1195.856792517382950194219046,22.723620,0.022723620,0.0000190,0,0.0023409421697239463098381260,0.0000688142639409187044691080,0,0.0190,True,True,CF_SIN_INTERRUPCION,permanent,run_4ca498777b23a4815d4fca47
fill-permanent-00000060-1672560360000000000,permanent-00000060,ETHUSDT,futures,SELL,increase_perp,1672560360000000000,1672560300000000000,1672560300000000000,1672560300000000000,0,0,all_client,vwap,1672560360000000000,1672560360000000000,1672560300000000000,0.019,0.019,1195.78,1195.907280498966573708431985,22.71982,0.011359910,0,0,0.002418329480364900460207715,0.000146105647416863970161698,0,0.019,True,True,CF_SIN_INTERRUPCION,permanent,run_4ca498777b23a4815d4fca47
fill-permanent-00000061-1673656800000000000,permanent-00000061,ETHUSDT,futures,BUY,close_perp,1673656800000000000,1673656740000000000,1673656740000000000,1673656740000000000,0,0,all_client,vwap,1673656800000000000,1673656800000000000,1673656740000000000,1.756,1.756,1564.65,1564.484487969120318169028532,2747.52540,1.373762700,0,0,0.290639126224721295185897808,0.015915650137343767315416140,0,1.756,True,True,CF_SIN_INTERRUPCION,permanent,run_4ca498777b23a4815d4fca47
fill-permanent-00000062-1673656860000000000,permanent-00000062,ETHUSDT,spot,SELL,close_spot,1673656860000000000,1673656800000000000,1673656800000000000,1673656800000000000,0,0,all_client,vwap,1673656860000000000,1673656860000000000,1673656800000000000,1.7560,1.7560,1577.62,1577.779797657125161048746901,2770.300720,2.770300720,0,0,0.2806046859117828015995581560,0.0035465534431916233193976560,0,1.7560,True,True,CF_SIN_INTERRUPCION,permanent,run_4ca498777b23a4815d4fca47
fill-permanent-00000063-1673769780000000000,permanent-00000063,ETHUSDT,spot,BUY,open_spot,1673769780000000000,1673769660002000000,1673769660002000000,1673769660002000000,0,0,all_client,vwap,1673769780000000000,1673769780000000000,1673769720000000000,1.8318,1.8299682,1530.31,1530.152382233999883750541507,2803.221858,2.803221858,0.0018318,0,0.2887242237590129457580674774,0.0084309103813888470526435602,0,1.8318,True,True,CF_SIN_INTERRUPCION,permanent,run_4ca498777b23a4815d4fca47
fill-permanent-00000064-1673769840000000000,permanent-00000064,ETHUSDT,futures,SELL,open_perp,1673769840000000000,1673769780000000000,1673769780000000000,1673769780000000000,0,0,all_client,vwap,1673769840000000000,1673769840000000000,1673769780000000000,1.825,1.825,1531.08,1531.236803858103467757381195,2794.22100,1.397110500,0,0,0.286167041038828657220680875,0.006716324334724774354959025,0,1.825,True,True,CF_SIN_INTERRUPCION,permanent,run_4ca498777b23a4815d4fca47
fill-permanent-00000065-1673769900000000000,permanent-00000065,ETHUSDT,futures,BUY,close_perp,1673769900000000000,1673769840000000000,1673769840000000000,1673769840000000000,0,0,all_client,vwap,1673769900000000000,1673769900000000000,1673769840000000000,1.825,1.825,1530.10,1529.944154996744553528318726,2792.43250,1.396216250,0,0,0.284417130941189810818325050,0.005202322654283929799406650,0,1.825,True,True,CF_SIN_INTERRUPCION,permanent,run_4ca498777b23a4815d4fca47
fill-permanent-00000066-1673769960000000000,permanent-00000066,ETHUSDT,spot,SELL,close_spot,1673769960000000000,1673769900000000000,1673769900000000000,1673769900000000000,0,0,all_client,vwap,1673769960000000000,1673769960000000000,1673769900000000000,0.7593,0.7593,1529.01,1529.167850479228177932062591,1160.977293,1.160977293,0,0,0.1198558688779555038151253463,0.0037461539910677082647440305,0,0.7593,True,True,CF_SIN_INTERRUPCION,permanent,run_4ca498777b23a4815d4fca47
fill-permanent-00000067-1673770020000000000,permanent-00000067,ETHUSDT,spot,SELL,close_spot,1673770020000000000,1673769960000000000,1673769960000000000,1673769960000000000,0,0,all_client,vwap,1673770020000000000,1673770020000000000,1673769960000000000,0.6788,0.6788,1528.85,1529.009879981850698424016004,1037.783380,1.037783380,0,0,0.1085265316802540902220635152,0.0047373410270860648130410376,0,0.6788,True,True,CF_SIN_INTERRUPCION,permanent,run_4ca498777b23a4815d4fca47
fill-permanent-00000068-1673770080000000000,permanent-00000068,ETHUSDT,spot,SELL,close_spot,1673770080000000000,1673770020000000000,1673770020000000000,1673770020000000000,0,0,all_client,vwap,1673770080000000000,1673770080000000000,1673770020000000000,0.3919,0.3919,1528.37,1528.525578957313731788892878,598.968203,0.598968203,0,0,0.0609713933712514880671188882,0.0010684759319143629183122891,0,0.3919,True,True,CF_SIN_INTERRUPCION,permanent,run_4ca498777b23a4815d4fca47
fill-permanent-00000069-1673884920000000000,permanent-00000069,ETHUSDT,spot,BUY,open_spot,1673884920000000000,1673884860000000000,1673884860000000000,1673884860000000000,0,0,all_client,vwap,1673884920000000000,1673884920000000000,1673884860000000000,1.8038,1.8019962,1549.83,1549.665169623598850785034165,2795.583354,2.795583354,0.0018038,0,0.2973210329523929539553731730,0.0177924296556881932507694616,0,1.8038,True,True,CF_SIN_INTERRUPCION,permanent,run_4ca498777b23a4815d4fca47
fill-permanent-00000070-1673884980000000000,permanent-00000070,ETHUSDT,futures,SELL,open_perp,1673884980000000000,1673884920000000000,1673884920000000000,1673884920000000000,0,0,all_client,vwap,1673884980000000000,1673884980000000000,1673884920000000000,1.802,1.802,1548.11,1548.265285938465537842498066,2789.69422,1.394847110,0,0,0.279825261114899192181514932,0.000827856588787702262296432,0,1.802,True,True,CF_SIN_INTERRUPCION,permanent,run_4ca498777b23a4815d4fca47
fill-permanent-00000071-1674605040000000000,permanent-00000071,BTCUSDT,futures,BUY,reduce_perp,1674605040000000000,1674604980000000000,1674604980000000000,1674604980000000000,0,0,all_client,vwap,1674605040000000000,1674605040000000000,1674604980000000000,0.016,0.016,22649.6,22647.31662127112013791279123,362.3936,0.18119680,0,0,0.03653405966207779339534032,0.00029835306804400117467984,0,0.016,True,True,CF_SIN_INTERRUPCION,permanent,run_4ca498777b23a4815d4fca47
fill-permanent-00000072-1674605100000000000,permanent-00000072,BTCUSDT,spot,SELL,reduce_spot,1674605100000000000,1674605040000000000,1674605040000000000,1674605040000000000,0,0,all_client,vwap,1674605100000000000,1674605100000000000,1674605040000000000,0.01600,0.01600,22654.59,22656.86264278988394570651942,362.4734400,0.3624734400,0,0,0.0363622846381431313043107200,0.0001113044096793169911803200,0,0.01600,True,True,CF_SIN_INTERRUPCION,permanent,run_4ca498777b23a4815d4fca47
fill-permanent-00000073-1675094640000000000,permanent-00000073,ETHUSDT,spot,BUY,increase_spot,1675094640000000000,1675094580000000000,1675094580000000000,1675094580000000000,0,0,all_client,vwap,1675094640000000000,1675094640000000000,1675094580000000000,0.1202,0.1200798,1584.47,1584.306065782917335657046846,190.453294,0.190453294,0.0001202,0,0.0197048928933362540229691108,0.0006615339826255876483713698,0,0.1202,True,True,CF_SIN_INTERRUPCION,permanent,run_4ca498777b23a4815d4fca47
fill-permanent-00000074-1675094700000000000,permanent-00000074,ETHUSDT,futures,SELL,increase_perp,1675094700000000000,1675094640000000000,1675094640000000000,1675094640000000000,0,0,all_client,vwap,1675094700000000000,1675094700000000000,1675094640000000000,0.120,0.120,1582.86,1583.023385650795843880711416,189.94320,0.094971600,0,0,0.019606278095501265685369920,0.000609997467691715558801400,0,0.120,True,True,CF_SIN_INTERRUPCION,permanent,run_4ca498777b23a4815d4fca47
fill-permanent-00000075-1676304240000000000,permanent-00000075,ETHUSDT,spot,BUY,increase_spot,1676304240000000000,1676304180000000000,1676304180000000000,1676304180000000000,0,0,all_client,vwap,1676304240000000000,1676304240000000000,1676304180000000000,0.1421,0.1419579,1479.71,1479.558048961759209540856625,210.266791,0.210266791,0.0001421,0,0.0215922425340163242442735875,0.0005677226582697258766979669,0,0.1421,True,True,CF_SIN_INTERRUPCION,permanent,run_4ca498777b23a4815d4fca47
fill-permanent-00000076-1676304300000000000,permanent-00000076,ETHUSDT,futures,SELL,increase_perp,1676304300000000000,1676304240000000000,1676304240000000000,1676304240000000000,0,0,all_client,vwap,1676304300000000000,1676304300000000000,1676304240000000000,0.142,0.142,1480.53,1480.679496959173288421446065,210.23526,0.105117630,0,0,0.021228568202606955845341230,0.000202919345786695149756640,0,0.142,True,True,CF_SIN_INTERRUPCION,permanent,run_4ca498777b23a4815d4fca47
fill-permanent-00000077-1676909040000000000,permanent-00000077,ETHUSDT,futures,BUY,reduce_perp,1676909040000000000,1676908980000000000,1676908980000000000,1676908980000000000,0,0,all_client,vwap,1676909040000000000,1676909040000000000,1676908980000000000,0.273,0.273,1705.27,1705.091222027072232797349870,465.53871,0.232769355,0,0,0.048806386609280446323485490,0.002257396247941374368117835,0,0.273,True,True,CF_SIN_INTERRUPCION,permanent,run_4ca498777b23a4815d4fca47
fill-permanent-00000078-1676909100000000000,permanent-00000078,ETHUSDT,spot,SELL,reduce_spot,1676909100000000000,1676909040000000000,1676909040000000000,1676909040000000000,0,0,all_client,vwap,1676909100000000000,1676909100000000000,1676909040000000000,0.2730,0.2730,1703.80,1703.978714950131627130470888,465.137400,0.465137400,0,0,0.0487891813859342066185524240,0.0022705624677956131978905930,0,0.2730,True,True,CF_SIN_INTERRUPCION,permanent,run_4ca498777b23a4815d4fca47
fill-permanent-00000079-1677024240000000000,permanent-00000079,BTCUSDT,futures,BUY,reduce_perp,1677024240000000000,1677024180000000000,1677024180000000000,1677024180000000000,0,0,all_client,vwap,1677024240000000000,1677024240000000000,1677024180000000000,0.009,0.009,24431.1,24428.62819114817190506735087,219.8799,0.10993995,0,0,0.02224627966645285439384217,0.00026051429441949967928151,0,0.009,True,True,CF_SIN_INTERRUPCION,permanent,run_4ca498777b23a4815d4fca47
fill-permanent-00000080-1677024300000000000,permanent-00000080,BTCUSDT,spot,SELL,reduce_spot,1677024300000000000,1677024240000000000,1677024240000000000,1677024240000000000,0,0,all_client,vwap,1677024300000000000,1677024300000000000,1677024240000000000,0.00900,0.00900,24426.43,24428.88270032923562964364441,219.8378700,0.2198378700,0,0,0.0220743029631206667927996900,0.0000883085328243547261204500,0,0.00900,True,True,CF_SIN_INTERRUPCION,permanent,run_4ca498777b23a4815d4fca47
fill-permanent-00000081-1677629040000000000,permanent-00000081,BTCUSDT,spot,BUY,increase_spot,1677629040000000000,1677628980000000000,1677628980000000000,1677628980000000000,0,0,all_client,vwap,1677629040000000000,1677629040000000000,1677628980000000000,0.00701,0.00700299,23161.17,23158.84703020168776285043743,162.3598017,0.1623598017,0.00000701,0,0.0162840182861687824184336157,0.0000496665179973992966754853,0,0.00701,True,True,CF_SIN_INTERRUPCION,permanent,run_4ca498777b23a4815d4fca47
fill-permanent-00000082-1677629100000000000,permanent-00000082,BTCUSDT,futures,SELL,increase_perp,1677629100000000000,1677629040000000000,1677629040000000000,1677629040000000000,0,0,all_client,vwap,1677629100000000000,1677629100000000000,1677629040000000000,0.007,0.007,23155.5,23157.87530448761279253547542,162.0885,0.08104425,0,0,0.01662713141328954774832794,0.00041661870014821879355309,0,0.007,True,True,CF_SIN_INTERRUPCION,permanent,run_4ca498777b23a4815d4fca47
fill-permanent-00000083-1678118640000000000,permanent-00000083,ETHUSDT,spot,BUY,increase_spot,1678118640000000000,1678118580000000000,1678118580000000000,1678118580000000000,0,0,all_client,vwap,1678118640000000000,1678118640000000000,1678118580000000000,0.1461,0.1459539,1579.89,1579.730292900042760082875392,230.821929,0.230821929,0.0001461,0,0.0233332073037527518919052288,0.0002533477244831271670943520,0,0.1461,True,True,CF_SIN_INTERRUPCION,permanent,run_4ca498777b23a4815d4fca47
fill-permanent-00000084-1678118700000000000,permanent-00000084,ETHUSDT,futures,SELL,increase_perp,1678118700000000000,1678118640000000000,1678118640000000000,1678118640000000000,0,0,all_client,vwap,1678118700000000000,1678118700000000000,1678118640000000000,0.146,0.146,1578.69,1578.853763653478199346626390,230.48874,0.115244370,0,0,0.023909493407817104607452940,0.000858228458476322896992142,0,0.146,True,True,CF_SIN_INTERRUPCION,permanent,run_4ca498777b23a4815d4fca47
fill-permanent-00000085-1678723440000000000,permanent-00000085,ETHUSDT,futures,BUY,reduce_perp,1678723440000000000,1678723380000000000,1678723380000000000,1678723380000000000,0,0,all_client,vwap,1678723440000000000,1678723440000000000,1678723380000000000,0.103,0.103,1667.02,1666.849597994376275421664210,171.70306,0.085851530,0,0,0.017551406579243631568586370,0.000382855719901555931743272,0,0.103,True,True,CF_SIN_INTERRUPCION,permanent,run_4ca498777b23a4815d4fca47
fill-permanent-00000086-1678723500000000000,permanent-00000086,ETHUSDT,spot,SELL,reduce_spot,1678723500000000000,1678723440000000000,1678723440000000000,1678723440000000000,0,0,all_client,vwap,1678723500000000000,1678723500000000000,1678723440000000000,0.1030,0.1030,1664.95,1665.121783615375120610135561,171.489850,0.171489850,0,0,0.0176937123836374228439627830,0.0005429580123990591016783410,0,0.1030,True,True,CF_SIN_INTERRUPCION,permanent,run_4ca498777b23a4815d4fca47
fill-permanent-00000087-1678838640000000000,permanent-00000087,BTCUSDT,futures,BUY,reduce_perp,1678838640000000000,1678838580000000000,1678838580000000000,1678838580000000000,0,0,all_client,vwap,1678838640000000000,1678838640000000000,1678838580000000000,0.008,0.008,24690.9,24688.34145380750375921466033,197.5272,0.09876360,0,0,0.02046836953996992628271736,0.00071769637692392327534560,0,0.008,True,True,CF_SIN_INTERRUPCION,permanent,run_4ca498777b23a4815d4fca47
fill-permanent-00000088-1678838700000000000,permanent-00000088,BTCUSDT,spot,SELL,reduce_spot,1678838700000000000,1678838640000000000,1678838640000000000,1678838640000000000,0,0,all_client,vwap,1678838700000000000,1678838700000000000,1678838640000000000,0.00800,0.00800,24667.55,24670.02464083867002314762889,197.3404000,0.1973404000,0,0,0.0197971267093601851810311200,0.0000611069966892491625130400,0,0.00800,True,True,CF_SIN_INTERRUPCION,permanent,run_4ca498777b23a4815d4fca47
fill-permanent-00000089-1679328240000000000,permanent-00000089,ETHUSDT,futures,BUY,reduce_perp,1679328240000000000,1679328180000000000,1679328180000000000,1679328180000000000,0,0,all_client,vwap,1679328240000000000,1679328240000000000,1679328180000000000,0.096,0.096,1764.47,1764.285753126212843965989447,169.38912,0.084694560,0,0,0.017687699883566979265013088,0.000750556653555335962939584,0,0.096,True,True,CF_SIN_INTERRUPCION,permanent,run_4ca498777b23a4815d4fca47
fill-permanent-00000090-1679328300000000000,permanent-00000090,ETHUSDT,spot,SELL,reduce_spot,1679328300000000000,1679328240000000000,1679328240000000000,1679328240000000000,0,0,all_client,vwap,1679328300000000000,1679328300000000000,1679328240000000000,0.0960,0.0960,1767.51,1767.690469907297573011316457,169.680960,0.169680960,0,0,0.0173251111005670090863798720,0.0003552825894569523854712000,0,0.0960,True,True,CF_SIN_INTERRUPCION,permanent,run_4ca498777b23a4815d4fca47
fill-permanent-00000091-1679443440000000000,permanent-00000091,BTCUSDT,futures,BUY,reduce_perp,1679443440000000000,1679443380000000000,1679443380000000000,1679443380000000000,0,0,all_client,vwap,1679443440000000000,1679443440000000000,1679443380000000000,0.015,0.015,28091.3,28088.49041382178981221276466,421.3695,0.21068475,0,0,0.04214379267315281680853010,0.00001105705242013209021090,0,0.015,True,True,CF_SIN_INTERRUPCION,permanent,run_4ca498777b23a4815d4fca47
fill-permanent-00000092-1679443500000000000,permanent-00000092,BTCUSDT,spot,SELL,reduce_spot,1679443500000000000,1679443440000000000,1679443440000000000,1679443440000000000,0,0,all_client,vwap,1679443500000000000,1679443500000000000,1679443440000000000,0.01500,0.01500,28100.48,28103.29630151028406358681370,421.5072000,0.4215072000,0,0,0.0422445226542609538022055000,0.0000895782019955277068253000,0,0.01500,True,True,CF_SIN_INTERRUPCION,permanent,run_4ca498777b23a4815d4fca47
fill-permanent-00000093-1681142640000000000,permanent-00000093,ETHUSDT,futures,BUY,reduce_perp,1681142640000000000,1681142580000000000,1681142580000000000,1681142580000000000,0,0,all_client,vwap,1681142640000000000,1681142640000000000,1681142580000000000,0.089,0.089,1861.20,1861.006507303575809218516088,165.64680,0.082823400,0,0,0.017220849981752979552068168,0.000657892066751154850023340,0,0.089,True,True,CF_SIN_INTERRUPCION,permanent,run_4ca498777b23a4815d4fca47
fill-permanent-00000094-1681142700000000000,permanent-00000094,ETHUSDT,spot,SELL,reduce_spot,1681142700000000000,1681142640000000000,1681142640000000000,1681142640000000000,0,0,all_client,vwap,1681142700000000000,1681142700000000000,1681142640000000000,0.0890,0.0890,1861.65,1861.843670301760054726531088,165.686850,0.165686850,0,0,0.0172366568566448706612668320,0.0006662481909592061742007150,0,0.0890,True,True,CF_SIN_INTERRUPCION,permanent,run_4ca498777b23a4815d4fca47
fill-permanent-00000095-1681257840000000000,permanent-00000095,BTCUSDT,futures,BUY,reduce_perp,1681257840000000000,1681257780000000000,1681257780000000000,1681257780000000000,0,0,all_client,vwap,1681257840000000000,1681257840000000000,1681257780000000000,0.008,0.008,30220.3,30217.20167592125189298334175,241.7624,0.12088120,0,0,0.02478659262998485613326600,0.00061283128924785461887936,0,0.008,True,True,CF_SIN_INTERRUPCION,permanent,run_4ca498777b23a4815d4fca47
fill-permanent-00000096-1681257900000000000,permanent-00000096,BTCUSDT,spot,SELL,reduce_spot,1681257900000000000,1681257840000000000,1681257840000000000,1681257840000000000,0,0,all_client,vwap,1681257900000000000,1681257900000000000,1681257840000000000,0.00800,0.00800,30242.42,30245.44680678451262513647904,241.9393600,0.2419393600,0,0,0.0242144542761010010918323200,0.0000180968306733909917231200,0,0.00800,True,True,CF_SIN_INTERRUPCION,permanent,run_4ca498777b23a4815d4fca47
fill-permanent-00000097-1681405740000000000,permanent-00000097,ETHUSDT,futures,BUY,close_perp,1681405740000000000,1681405680000000000,1681405680000000000,1681405680000000000,0,0,all_client,vwap,1681405740000000000,1681405740000000000,1681405680000000000,1.649,1.649,2011.79,2011.581365241235165354028198,3317.44171,1.658720855,0,0,0.344038717203212331207501498,0.012328950074932652440621951,0,1.649,True,True,CF_SIN_INTERRUPCION,permanent,run_4ca498777b23a4815d4fca47
fill-permanent-00000098-1681405800000000000,permanent-00000098,ETHUSDT,spot,SELL,close_spot,1681405800000000000,1681405740000000000,1681405740000000000,1681405740000000000,0,0,all_client,vwap,1681405800000000000,1681405800000000000,1681405740000000000,1.6490,1.6490,2008.94,2009.144219342908366547313507,3312.742060,3.312742060,0,0,0.3367576964558964365199730430,0.0054498146862508468763216240,0,1.6490,True,True,CF_SIN_INTERRUPCION,permanent,run_4ca498777b23a4815d4fca47
fill-permanent-00000099-1681545780000000000,permanent-00000099,ETHUSDT,spot,BUY,open_spot,1681545780000000000,1681545660007000000,1681545660007000000,1681545660007000000,0,0,all_client,vwap,1681545780000000000,1681545780000000000,1681545720000000000,1.4625,1.4610375,2101.66,2101.449103980557370354397984,3073.677750,3.073677750,0.0014625,0,0.3084354284348458566929484000,0.0010984969776893412786174000,0,1.4625,True,True,CF_SIN_INTERRUPCION,permanent,run_4ca498777b23a4815d4fca47
fill-permanent-00000100-1681545840000000000,permanent-00000100,ETHUSDT,futures,SELL,open_perp,1681545840000000000,1681545780000000000,1681545780000000000,1681545780000000000,0,0,all_client,vwap,1681545840000000000,1681545840000000000,1681545780000000000,1.461,1.461,2100.39,2100.604009489146251065799205,3068.66979,1.534334895,0,0,0.312667863642672807132638505,0.005769617856308539851925125,0,1.461,True,True,CF_SIN_INTERRUPCION,permanent,run_4ca498777b23a4815d4fca47
fill-permanent-00000101-1682150700000000000,permanent-00000101,ETHUSDT,spot,BUY,increase_spot,1682150700000000000,1682150640000000000,1682150640000000000,1682150640000000000,0,0,all_client,vwap,1682150700000000000,1682150700000000000,1682150640000000000,0.1972,0.1970028,1851.24,1851.049425426145486775681126,365.064528,0.365064528,0.0001972,0,0.0375813059641100078356819528,0.0010786112947064188364655432,0,0.1972,True,True,CF_SIN_INTERRUPCION,permanent,run_4ca498777b23a4815d4fca47
fill-permanent-00000102-1682150760000000000,permanent-00000102,ETHUSDT,futures,SELL,increase_perp,1682150760000000000,1682150700000000000,1682150700000000000,1682150700000000000,0,0,all_client,vwap,1682150760000000000,1682150760000000000,1682150700000000000,0.197,0.197,1850.20,1850.393287146711778722212857,364.48940,0.182244700,0,0,0.038077567902220408275932829,0.001624820145430186235105292,0,0.197,True,True,CF_SIN_INTERRUPCION,permanent,run_4ca498777b23a4815d4fca47
fill-permanent-00000103-1682467440000000000,permanent-00000103,BTCUSDT,spot,BUY,increase_spot,1682467440000000000,1682467380000000000,1682467380000000000,1682467380000000000,0,0,all_client,vwap,1682467440000000000,1682467440000000000,1682467380000000000,0.00700,0.00699300,28280.62,28277.78420400753987464357081,197.9643400,0.1979643400,0.00000700,0,0.0198505719472208774950043300,0.0000561230044155995827538100,0,0.00700,True,True,CF_SIN_INTERRUPCION,permanent,run_4ca498777b23a4815d4fca47
fill-permanent-00000104-1682467500000000000,permanent-00000104,BTCUSDT,futures,SELL,increase_perp,1682467500000000000,1682467440000000000,1682467440000000000,1682467440000000000,0,0,all_client,vwap,1682467500000000000,1682467500000000000,1682467440000000000,0.007,0.007,28260.8,28263.70772580540329744134151,197.8256,0.09891280,0,0,0.02035408063782308208939057,0.00056948522975929978118166,0,0.007,True,True,CF_SIN_INTERRUPCION,permanent,run_4ca498777b23a4815d4fca47
fill-permanent-00000105-1684281840000000000,permanent-00000105,BTCUSDT,spot,BUY,increase_spot,1684281840000000000,1684281780000000000,1684281780000000000,1684281780000000000,0,0,all_client,vwap,1684281840000000000,1684281840000000000,1684281780000000000,0.00501,0.00500499,27029.93,27027.21790106086854962723610,135.4199493,0.1354199493,0.00000501,0,0.0135876156850485663675471390,0.0000469795166170712241839118,0,0.00501,True,True,CF_SIN_INTERRUPCION,permanent,run_4ca498777b23a4815d4fca47
fill-permanent-00000106-1684281900000000000,permanent-00000106,BTCUSDT,futures,SELL,increase_perp,1684281900000000000,1684281840000000000,1684281840000000000,1684281840000000000,0,0,all_client,vwap,1684281900000000000,1684281900000000000,1684281840000000000,0.005,0.005,27007.4,27010.16255240927773302765558,135.0370,0.06751850,0,0,0.01381276204638866513827790,0.00030768077018402627176405,0,0.005,True,True,CF_SIN_INTERRUPCION,permanent,run_4ca498777b23a4815d4fca47
fill-permanent-00000107-1686384300000000000,permanent-00000107,ETHUSDT,spot,BUY,increase_spot,1686384300000000000,1686384240000000000,1686384240000000000,1686384240000000000,0,0,all_client,vwap,1686384300000000000,1686384300000000000,1686384240000000000,0.1341,0.1339659,1722.07,1721.894958254215877374281993,230.929587,0.230929587,0.0001341,0,0.0234730981096508441087847387,0.0003824867194618091931956439,0,0.1341,True,True,CF_SIN_INTERRUPCION,permanent,run_4ca498777b23a4815d4fca47
fill-permanent-00000108-1686384360000000000,permanent-00000108,ETHUSDT,futures,SELL,increase_perp,1686384360000000000,1686384300000000000,1686384300000000000,1686384300000000000,0,0,all_client,vwap,1686384360000000000,1686384360000000000,1686384300000000000,0.134,0.134,1718.68,1718.853344878721466943433447,230.30312,0.115151560,0,0,0.023228213748676570420081898,0.000195578927301702763039936,0,0.134,True,True,CF_SIN_INTERRUPCION,permanent,run_4ca498777b23a4815d4fca47
fill-permanent-00000109-1687593900000000000,permanent-00000109,ETHUSDT,futures,BUY,reduce_perp,1687593900000000000,1687593840000000000,1687593840000000000,1687593840000000000,0,0,all_client,vwap,1687593900000000000,1687593900000000000,1687593840000000000,0.154,0.154,1883.88,1883.684496856618887273753228,290.11752,0.145058760,0,0,0.030107484080691359842002888,0.001098742829099428977987138,0,0.154,True,True,CF_SIN_INTERRUPCION,permanent,run_4ca498777b23a4815d4fca47
fill-permanent-00000110-1687593960000000000,permanent-00000110,ETHUSDT,spot,SELL,reduce_spot,1687593960000000000,1687593900000000000,1687593900000000000,1687593900000000000,0,0,all_client,vwap,1687593960000000000,1687593960000000000,1687593900000000000,0.1540,0.1540,1884.54,1884.734518588460779616110939,290.219160,0.290219160,0,0,0.0299558626229600608810846060,0.0009309510366977648749965120,0,0.1540,True,True,CF_SIN_INTERRUPCION,permanent,run_4ca498777b23a4815d4fca47
fill-permanent-00000111-1687910640000000000,permanent-00000111,BTCUSDT,futures,BUY,reduce_perp,1687910640000000000,1687910580000000000,1687910580000000000,1687910580000000000,0,0,all_client,vwap,1687910640000000000,1687910640000000000,1687910580000000000,0.013,0.013,30668.4,30665.32138109845165059888986,398.6892,0.19934460,0,0,0.04002204572012854221443182,0.00015712792470055506865325,0,0.013,True,True,CF_SIN_INTERRUPCION,permanent,run_4ca498777b23a4815d4fca47
fill-permanent-00000112-1687910700000000000,permanent-00000112,BTCUSDT,spot,SELL,reduce_spot,1687910700000000000,1687910640000000000,1687910640000000000,1687910640000000000,0,0,all_client,vwap,1687910700000000000,1687910700000000000,1687910640000000000,0.01300,0.01300,30667.39,30670.46650759437381980037766,398.6760700,0.3986760700,0,0,0.0399945987268596574049095800,0.0001229922669869714391690600,0,0.01300,True,True,CF_SIN_INTERRUPCION,permanent,run_4ca498777b23a4815d4fca47
fill-permanent-00000113-1690329840000000000,permanent-00000113,BTCUSDT,spot,BUY,increase_spot,1690329840000000000,1690329780000000000,1690329780000000000,1690329780000000000,0,0,all_client,vwap,1690329840000000000,1690329840000000000,1690329780000000000,0.00601,0.00600399,29227.42,29224.49644089676543986607085,175.6567942,0.1756567942,0.00000601,0,0.0175705902104397064049141915,0.0000066678494607503755546654,0,0.00601,True,True,CF_SIN_INTERRUPCION,permanent,run_4ca498777b23a4815d4fca47
fill-permanent-00000114-1690329900000000000,permanent-00000114,BTCUSDT,futures,SELL,increase_perp,1690329900000000000,1690329840000000000,1690329840000000000,1690329840000000000,0,0,all_client,vwap,1690329900000000000,1690329900000000000,1690329840000000000,0.006,0.006,29201.7,29204.71447557398604227773844,175.2102,0.08760510,0,0,0.01808685344391625366643064,0.00056402475857186204106402,0,0.006,True,True,CF_SIN_INTERRUPCION,permanent,run_4ca498777b23a4815d4fca47
fill-permanent-00000115-1692432300000000000,permanent-00000115,ETHUSDT,spot,BUY,increase_spot,1692432300000000000,1692432240000000000,1692432240000000000,1692432240000000000,0,0,all_client,vwap,1692432300000000000,1692432300000000000,1692432240000000000,0.2333,0.2330667,1661.27,1661.102944515424176171262658,387.574291,0.387574291,0.0002333,0,0.0389740445515396992444218886,0.0002205128559948532143463928,0,0.2333,True,True,CF_SIN_INTERRUPCION,permanent,run_4ca498777b23a4815d4fca47
fill-permanent-00000116-1692432360000000000,permanent-00000116,ETHUSDT,futures,SELL,increase_perp,1692432360000000000,1692432300000000000,1692432300000000000,1692432300000000000,0,0,all_client,vwap,1692432360000000000,1692432360000000000,1692432300000000000,0.233,0.233,1659.24,1659.408164712331230201193953,386.60292,0.193301460,0,0,0.039182377973176636878191049,0.000518167735379319214503322,0,0.233,True,True,CF_SIN_INTERRUPCION,permanent,run_4ca498777b23a4815d4fca47
fill-permanent-00000117-1692749040000000000,permanent-00000117,BTCUSDT,spot,BUY,increase_spot,1692749040000000000,1692748980000000000,1692748980000000000,1692748980000000000,0,0,all_client,vwap,1692749040000000000,1692749040000000000,1692748980000000000,0.01301,0.01299699,26090.86,26088.25081898734724565174738,339.4420886,0.3394420886,0.00001301,0,0.0339454449746123340707665862,0.0000046306591097953041737245,0,0.01301,True,True,CF_SIN_INTERRUPCION,permanent,run_4ca498777b23a4815d4fca47
fill-permanent-00000118-1692749100000000000,permanent-00000118,BTCUSDT,futures,SELL,increase_perp,1692749100000000000,1692749040000000000,1692749040000000000,1692749040000000000,0,0,all_client,vwap,1692749100000000000,1692749100000000000,1692749040000000000,0.013,0.013,26097.1,26099.80175186282970022136345,339.2623,0.16963115,0,0,0.03512277421678610287772485,0.00119303193936442426743703,0,0.013,True,True,CF_SIN_INTERRUPCION,permanent,run_4ca498777b23a4815d4fca47
fill-permanent-00000119-1693353840000000000,permanent-00000119,BTCUSDT,futures,BUY,reduce_perp,1693353840000000000,1693353780000000000,1693353780000000000,1693353780000000000,0,0,all_client,vwap,1693353840000000000,1693353840000000000,1693353780000000000,0.007,0.007,27710.8,27707.98927089356780842885812,193.9756,0.09698780,0,0,0.01967510374502534099799316,0.00027951125539984353209293,0,0.007,True,True,CF_SIN_INTERRUPCION,permanent,run_4ca498777b23a4815d4fca47
fill-permanent-00000120-1693353900000000000,permanent-00000120,BTCUSDT,spot,SELL,reduce_spot,1693353900000000000,1693353840000000000,1693353840000000000,1693353840000000000,0,0,all_client,vwap,1693353900000000000,1693353900000000000,1693353840000000000,0.00700,0.00700,27732.22,27734.99956657963766592265964,194.1255400,0.1941255400,0,0,0.0194569660574636614586174800,0.0000424663608579150924715900,0,0.00700,True,True,CF_SIN_INTERRUPCION,permanent,run_4ca498777b23a4815d4fca47
fill-permanent-00000121-1693958640000000000,permanent-00000121,BTCUSDT,spot,BUY,increase_spot,1693958640000000000,1693958580000000000,1693958580000000000,1693958580000000000,0,0,all_client,vwap,1693958640000000000,1693958640000000000,1693958580000000000,0.00701,0.00700299,25782.09,25779.50814292394127083468215,180.7324509,0.1807324509,0.00000701,0,0.0180988181031716914488781285,0.0000273828949820086180230038,0,0.00701,True,True,CF_SIN_INTERRUPCION,permanent,run_4ca498777b23a4815d4fca47
fill-permanent-00000122-1693958700000000000,permanent-00000122,BTCUSDT,futures,SELL,increase_perp,1693958700000000000,1693958640000000000,1693958640000000000,1693958640000000000,0,0,all_client,vwap,1693958700000000000,1693958700000000000,1693958640000000000,0.007,0.007,25767.3,25769.87915035917760713401040,180.3711,0.09018555,0,0,0.01805405251424324993807280,0.00001513710899182561307900,0,0.007,True,True,CF_SIN_INTERRUPCION,permanent,run_4ca498777b23a4815d4fca47
fill-permanent-00000123-1697270700000000000,permanent-00000123,ETHUSDT,spot,BUY,increase_spot,1697270700000000000,1697270640000000000,1697270640000000000,1697270640000000000,0,0,all_client,vwap,1697270700000000000,1697270700000000000,1697270640000000000,0.0200,0.0199800,1548.45,1548.289922134791412893193844,30.969000,0.030969000,0.0000200,0,0.0032015573041717421361231200,0.0001049774599021593103367400,0,0.0200,True,True,CF_SIN_INTERRUPCION,permanent,run_4ca498777b23a4815d4fca47
fill-permanent-00000124-1697270760000000000,permanent-00000124,ETHUSDT,futures,SELL,increase_perp,1697270760000000000,1697270700000000000,1697270700000000000,1697270700000000000,0,0,all_client,vwap,1697270760000000000,1697270760000000000,1697270700000000000,0.020,0.020,1547.40,1547.564682388981720593447770,30.94800,0.015474000,0,0,0.003293647779634411868955400,0.000198518414856448427768500,0,0.020,True,True,CF_SIN_INTERRUPCION,permanent,run_4ca498777b23a4815d4fca47
fill-permanent-00000125-1697587440000000000,permanent-00000125,BTCUSDT,futures,BUY,reduce_perp,1697587440000000000,1697587380000000000,1697587380000000000,1697587380000000000,0,0,all_client,vwap,1697587440000000000,1697587440000000000,1697587380000000000,0.010,0.010,28384.8,28381.95290788013318534961154,283.8480,0.14192400,0,0,0.02847092119866814650388460,0.00008896829078801331853500,0,0.010,True,True,CF_SIN_INTERRUPCION,permanent,run_4ca498777b23a4815d4fca47
fill-permanent-00000126-1697587500000000000,permanent-00000126,BTCUSDT,spot,SELL,reduce_spot,1697587500000000000,1697587440000000000,1697587440000000000,1697587440000000000,0,0,all_client,vwap,1697587500000000000,1697587500000000000,1697587440000000000,0.01000,0.01000,28399.69,28402.53286282943842647612098,283.9969000,0.2839969000,0,0,0.0284286282943842647612098000,0.0000260954315548263347337000,0,0.01000,True,True,CF_SIN_INTERRUPCION,permanent,run_4ca498777b23a4815d4fca47
fill-permanent-00000127-1698101040000000000,permanent-00000127,BTCUSDT,futures,BUY,close_perp,1698101040000000000,1698100980000000000,1698100980000000000,1698100980000000000,0,0,all_client,vwap,1698101040000000000,1698101040000000000,1698100980000000000,0.109,0.109,34687.7,34684.15974040133933688595357,3780.9593,1.89047965,0,0,0.38588829625401227943106087,0.00783095508363768065900347,0,0.109,True,True,CF_SIN_INTERRUPCION,permanent,run_4ca498777b23a4815d4fca47
fill-permanent-00000128-1698101100000000000,permanent-00000128,BTCUSDT,spot,SELL,close_spot,1698101100000000000,1698101040000000000,1698101040000000000,1698101040000000000,0,0,all_client,vwap,1698101100000000000,1698101100000000000,1698101040000000000,0.10900,0.10900,34175.95,34179.36991615397674957280896,3725.1785500,3.7251785500,0,0,0.3727708607834657034361766400,0.0002157286973873568658331200,0,0.10900,True,True,CF_SIN_INTERRUPCION,permanent,run_4ca498777b23a4815d4fca47
fill-permanent-00000129-1698336120000000000,permanent-00000129,BTCUSDT,spot,BUY,open_spot,1698336120000000000,1698336060000000000,1698336060000000000,1698336060000000000,0,0,all_client,vwap,1698336120000000000,1698336120000000000,1698336060000000000,0.09009,0.08999991,34064.71,34061.29666879766076192480019,3068.8897239,3.0688897239,0.00009009,0,0.3075070080187419581947508829,0.0006487863295438323905703597,0,0.09009,True,True,CF_SIN_INTERRUPCION,permanent,run_4ca498777b23a4815d4fca47
fill-permanent-00000130-1698336180000000000,permanent-00000130,BTCUSDT,futures,SELL,open_perp,1698336180000000000,1698336120000000000,1698336120000000000,1698336120000000000,0,0,all_client,vwap,1698336180000000000,1698336180000000000,1698336120000000000,0.090,0.090,34077.2,34080.60840194336499583513572,3066.9480,1.53347400,0,0,0.30675617490284962516221480,0.00003069928535934019969890,0,0.090,True,True,CF_SIN_INTERRUPCION,permanent,run_4ca498777b23a4815d4fca47
fill-permanent-00000131-1698480300000000000,permanent-00000131,ETHUSDT,futures,BUY,reduce_perp,1698480300000000000,1698480240000000000,1698480240000000000,1698480240000000000,0,0,all_client,vwap,1698480300000000000,1698480300000000000,1698480240000000000,0.160,0.160,1788.66,1788.480208133774277578158523,286.18560,0.143092800,0,0,0.028766698596115587494636320,0.000151015265975199053385760,0,0.160,True,True,CF_SIN_INTERRUPCION,permanent,run_4ca498777b23a4815d4fca47
fill-permanent-00000132-1698480360000000000,permanent-00000132,ETHUSDT,spot,SELL,reduce_spot,1698480360000000000,1698480300000000000,1698480300000000000,1698480300000000000,0,0,all_client,vwap,1698480360000000000,1698480360000000000,1698480300000000000,0.1600,0.1600,1787.66,1787.848130409648476785530452,286.025600,0.286025600,0,0,0.0301008655437562856848723200,0.0014952954572019100563038400,0,0.1600,True,True,CF_SIN_INTERRUPCION,permanent,run_4ca498777b23a4815d4fca47
fill-permanent-00000133-1699545840000000000,permanent-00000133,BTCUSDT,futures,BUY,reduce_perp,1699545840000000000,1699545780000000000,1699545780000000000,1699545780000000000,0,0,all_client,vwap,1699545840000000000,1699545840000000000,1699545780000000000,0.007,0.007,37238.4,37234.60628230914377678638362,260.6688,0.13033440,0,0,0.02655602383599356249531466,0.00049179943837716185156418,0,0.007,True,True,CF_SIN_INTERRUPCION,permanent,run_4ca498777b23a4815d4fca47
fill-permanent-00000134-1699545900000000000,permanent-00000134,BTCUSDT,spot,SELL,reduce_spot,1699545900000000000,1699545840000000000,1699545840000000000,1699545840000000000,0,0,all_client,vwap,1699545900000000000,1699545900000000000,1699545840000000000,0.00700,0.00700,37093.19,37096.90479529798210662908318,259.6523300,0.2596523300,0,0,0.0260035670858747464035822600,0.0000357337291661589289418900,0,0.00700,True,True,CF_SIN_INTERRUPCION,permanent,run_4ca498777b23a4815d4fca47
fill-permanent-00000203-1699634820000000000,permanent-00000203,BTCUSDT,futures,BUY,close_perp,1699634820000000000,1699634760000000000,1699634760000000000,1699634760000000000,0,0,all_client,vwap,1699634820000000000,1699634820000000000,1699634760000000000,0.083,0.083,37370.6,37366.80536371617354875475534,3101.7598,1.55087990,0,0,0.31495481155759545335530678,0.00481032703875121290064194,0,0.083,True,True,CF_SIN_INTERRUPCION,permanent,run_4ca498777b23a4815d4fca47
fill-permanent-00000204-1699634880000000000,permanent-00000204,BTCUSDT,spot,SELL,close_spot,1699634880000000000,1699634820000000000,1699634820000000000,1699634820000000000,0,0,all_client,vwap,1699634880000000000,1699634880000000000,1699634820000000000,0.08300,0.08300,37310.24,37313.97931812614138877173604,3096.7499200,3.0967499200,0,0,0.3103634044697352680540913200,0.0006573761292882945272862100,0,0.08300,True,True,CF_SIN_INTERRUPCION,permanent,run_4ca498777b23a4815d4fca47
fill-permanent-00000205-1699689900000000000,permanent-00000205,ETHUSDT,futures,BUY,reduce_perp,1699689900000000000,1699689840000000000,1699689840000000000,1699689840000000000,0,0,all_client,vwap,1699689900000000000,1699689900000000000,1699689840000000000,0.222,0.222,2055.12,2054.913027364814919934103375,456.23664,0.228118320,0,0,0.045947925011087774629050750,0.000328855803588883406513730,0,0.222,True,True,CF_SIN_INTERRUPCION,permanent,run_4ca498777b23a4815d4fca47
fill-permanent-00000206-1699689960000000000,permanent-00000206,ETHUSDT,spot,SELL,reduce_spot,1699689960000000000,1699689900000000000,1699689900000000000,1699689900000000000,0,0,all_client,vwap,1699689960000000000,1699689960000000000,1699689900000000000,0.2220,0.2220,2053.01,2053.222096064510587401034748,455.768220,0.455768220,0,0,0.0470853263213504030297140560,0.0015037957887182679894111900,0,0.2220,True,True,CF_SIN_INTERRUPCION,permanent,run_4ca498777b23a4815d4fca47
fill-permanent-00000207-1699747320000000000,permanent-00000207,BTCUSDT,spot,BUY,open_spot,1699747320000000000,1699747260000000000,1699747260000000000,1699747260000000000,0,0,all_client,vwap,1699747320000000000,1699747320000000000,1699747260000000000,0.08308,0.08299692,37162.35,37158.62567910211674937555185,3087.4480380,3.0874480380,0.00008308,0,0.3094165801961404618791523020,0.0007027180541600759253398172,0,0.08308,True,True,CF_SIN_INTERRUPCION,permanent,run_4ca498777b23a4815d4fca47
fill-permanent-00000208-1699747380000000000,permanent-00000208,BTCUSDT,futures,SELL,open_perp,1699747380000000000,1699747320000000000,1699747320000000000,1699747320000000000,0,0,all_client,vwap,1699747380000000000,1699747380000000000,1699747320000000000,0.083,0.083,37203.4,37207.20887271041934206841948,3087.8822,1.54394110,0,0,0.31613643496480539167881684,0.00731660132130891113964912,0,0.083,True,True,CF_SIN_INTERRUPCION,permanent,run_4ca498777b23a4815d4fca47
fill-permanent-00000209-1700294700000000000,permanent-00000209,ETHUSDT,spot,BUY,increase_spot,1700294700000000000,1700294640000000000,1700294640000000000,1700294640000000000,0,0,all_client,vwap,1700294700000000000,1700294700000000000,1700294640000000000,0.0971,0.0970029,1933.95,1933.750273387126859087916420,187.786545,0.187786545,0.0000971,0,0.0193934541099819825633156180,0.0006167389553929807615719148,0,0.0971,True,True,CF_SIN_INTERRUPCION,permanent,run_4ca498777b23a4815d4fca47
fill-permanent-00000210-1700294760000000000,permanent-00000210,ETHUSDT,futures,SELL,increase_perp,1700294760000000000,1700294700000000000,1700294700000000000,1700294700000000000,0,0,all_client,vwap,1700294760000000000,1700294760000000000,1700294700000000000,0.097,0.097,1937.63,1937.833090642427909975636272,187.95011,0.093975055,0,0,0.019699792315507267636718384,0.000902811336275716909954676,0,0.097,True,True,CF_SIN_INTERRUPCION,permanent,run_4ca498777b23a4815d4fca47
fill-permanent-00000211-1700899500000000000,permanent-00000211,ETHUSDT,futures,BUY,reduce_perp,1700899500000000000,1700899440000000000,1700899440000000000,1700899440000000000,0,0,all_client,vwap,1700899500000000000,1700899500000000000,1700899440000000000,0.116,0.116,2088.57,2088.360670875813594193365813,242.27412,0.121137060,0,0,0.024282178405623073569565692,0.000057194623463635876922600,0,0.116,True,True,CF_SIN_INTERRUPCION,permanent,run_4ca498777b23a4815d4fca47
fill-permanent-00000212-1700899560000000000,permanent-00000212,ETHUSDT,spot,SELL,reduce_spot,1700899560000000000,1700899500000000000,1700899500000000000,1700899500000000000,0,0,all_client,vwap,1700899560000000000,1700899560000000000,1700899500000000000,0.1160,0.1160,2088.43,2088.648621914223487096533772,242.257880,0.242257880,0,0,0.0253601420499245031979175520,0.0011318180357195107475978040,0,0.1160,True,True,CF_SIN_INTERRUPCION,permanent,run_4ca498777b23a4815d4fca47
fill-permanent-00000213-1701561840000000000,permanent-00000213,BTCUSDT,futures,BUY,reduce_perp,1701561840000000000,1701561780000000000,1701561780000000000,1701561780000000000,0,0,all_client,vwap,1701561840000000000,1701561840000000000,1701561780000000000,0.004,0.004,39412.8,39408.78691706701606250303295,157.6512,0.07882560,0,0,0.01605233173193574998786820,0.00028881696510894356286700,0,0.004,True,True,CF_SIN_INTERRUPCION,permanent,run_4ca498777b23a4815d4fca47
fill-permanent-00000214-1701561900000000000,permanent-00000214,BTCUSDT,spot,SELL,reduce_spot,1701561900000000000,1701561840000000000,1701561840000000000,1701561840000000000,0,0,all_client,vwap,1701561900000000000,1701561900000000000,1701561840000000000,0.00400,0.00400,39420.59,39424.53292336104832908915502,157.6823600,0.1576823600,0,0,0.0157716934441933163566200800,0.0000018802748488970249844000,0,0.00400,True,True,CF_SIN_INTERRUPCION,permanent,run_4ca498777b23a4815d4fca47
fill-permanent-00000215-1702109100000000000,permanent-00000215,ETHUSDT,futures,BUY,reduce_perp,1702109100000000000,1702109040000000000,1702109040000000000,1702109040000000000,0,0,all_client,vwap,1702109100000000000,1702109100000000000,1702109040000000000,0.183,0.183,2387.64,2387.394589532006621754410814,436.93812,0.218469060,0,0,0.044910115642788218942821038,0.001220794654352497764715335,0,0.183,True,True,CF_SIN_INTERRUPCION,permanent,run_4ca498777b23a4815d4fca47
fill-permanent-00000216-1702109160000000000,permanent-00000216,ETHUSDT,spot,SELL,reduce_spot,1702109160000000000,1702109100000000000,1702109100000000000,1702109100000000000,0,0,all_client,vwap,1702109160000000000,1702109160000000000,1702109100000000000,0.1830,0.1830,2384.85,2385.091872691496195865942544,436.427550,0.436427550,0,0,0.0442627025438038434674855520,0.0006155212735494630831388500,0,0.1830,True,True,CF_SIN_INTERRUPCION,permanent,run_4ca498777b23a4815d4fca47
fill-permanent-00000217-1702166640000000000,permanent-00000217,BTCUSDT,futures,BUY,reduce_perp,1702166640000000000,1702166580000000000,1702166580000000000,1702166580000000000,0,0,all_client,vwap,1702166640000000000,1702166640000000000,1702166580000000000,0.008,0.008,43796.8,43792.38459287449487968284032,350.3744,0.17518720,0,0,0.03532325700404096253727744,0.00028934932974136663353120,0,0.008,True,True,CF_SIN_INTERRUPCION,permanent,run_4ca498777b23a4815d4fca47
fill-permanent-00000218-1702166700000000000,permanent-00000218,BTCUSDT,spot,SELL,reduce_spot,1702166700000000000,1702166640000000000,1702166640000000000,1702166640000000000,0,0,all_client,vwap,1702166700000000000,1702166700000000000,1702166640000000000,0.00800,0.00800,43754.45,43758.82666419373448435187336,350.0356000,0.3500356000,0,0,0.0350133135498758748149868800,0.0000062522185208872275053600,0,0.00800,True,True,CF_SIN_INTERRUPCION,permanent,run_4ca498777b23a4815d4fca47
fill-permanent-00000219-1702713900000000000,permanent-00000219,ETHUSDT,spot,BUY,increase_spot,1702713900000000000,1702713840000000000,1702713840000000000,1702713840000000000,0,0,all_client,vwap,1702713900000000000,1702713900000000000,1702713840000000000,0.0861,0.0860139,2242.80,2242.572406362652980055276751,193.105080,0.193105080,0.0000861,0,0.0195958121755784172406717389,0.0002872637567959750823957781,0,0.0861,True,True,CF_SIN_INTERRUPCION,permanent,run_4ca498777b23a4815d4fca47
fill-permanent-00000220-1702713960000000000,permanent-00000220,ETHUSDT,futures,SELL,increase_perp,1702713960000000000,1702713900000000000,1702713900000000000,1702713900000000000,0,0,all_client,vwap,1702713960000000000,1702713960000000000,1702713900000000000,0.086,0.086,2244.07,2244.298551422352741452834444,192.99002,0.096495010,0,0,0.019655422322335764943762184,0.000354454780103531367267846,0,0.086,True,True,CF_SIN_INTERRUPCION,permanent,run_4ca498777b23a4815d4fca47
fill-permanent-00000221-1704928440000000000,permanent-00000221,ETHUSDT,futures,BUY,close_perp,1704928440000000000,1704928380000000000,1704928380000000000,1704928380000000000,0,0,all_client,vwap,1704928440000000000,1704928440000000000,1704928380000000000,1.393,1.393,2597.37,2597.109332425344748258740936,3618.13641,1.809068205,0,0,0.363109931494765675573876152,0.001332601487915152141433670,0,1.393,True,True,CF_SIN_INTERRUPCION,permanent,run_4ca498777b23a4815d4fca47
fill-permanent-00000222-1704928500000000000,permanent-00000222,ETHUSDT,spot,SELL,close_spot,1704928500000000000,1704928440000000000,1704928440000000000,1704928440000000000,0,0,all_client,vwap,1704928500000000000,1704928500000000000,1704928440000000000,1.3930,1.3930,2598.97,2599.230859454910640671011952,3620.365210,3.620365210,0,0,0.3633772206905224547196491360,0.0013043619684534024741774430,0,1.3930,True,True,CF_SIN_INTERRUPCION,permanent,run_4ca498777b23a4815d4fca47
fill-permanent-00000223-1704984180000000000,permanent-00000223,BTCUSDT,futures,BUY,close_perp,1704984180000000000,1704984120000000000,1704984120000000000,1704984120000000000,0,0,all_client,vwap,1704984180000000000,1704984180000000000,1704984120000000000,0.071,0.071,48480.6,48475.70140834761520017020766,3442.1226,1.72106130,0,0,0.34780000731932078791525614,0.00362252732005271999404772,0,0.071,True,True,CF_SIN_INTERRUPCION,permanent,run_4ca498777b23a4815d4fca47
fill-permanent-00000224-1704984240000000000,permanent-00000224,BTCUSDT,spot,SELL,close_spot,1704984240000000000,1704984180000000000,1704984180000000000,1704984180000000000,0,0,all_client,vwap,1704984240000000000,1704984240000000000,1704984180000000000,0.07100,0.07100,48463.36,48468.21049118181961922360796,3440.8985600,3.4408985600,0,0,0.3443848739091929648761651600,0.0002605794218020455796776000,0,0.07100,True,True,CF_SIN_INTERRUPCION,permanent,run_4ca498777b23a4815d4fca47
fill-permanent-00000225-1705017780000000000,permanent-00000225,ETHUSDT,spot,BUY,open_spot,1705017780000000000,1705017660001000000,1705017660001000000,1705017660001000000,0,0,all_client,vwap,1705017780000000000,1705017780000000000,1705017720000000000,1.2042,1.2029958,2618.86,2618.598050793285366475805026,3153.631212,3.153631212,0.0012042,0,0.3154392347257616898355876908,0.0001076574492342660045706506,0,1.2042,True,True,CF_SIN_INTERRUPCION,permanent,run_4ca498777b23a4815d4fca47
fill-permanent-00000226-1705017840000000000,permanent-00000226,ETHUSDT,futures,SELL,open_perp,1705017840000000000,1705017780000000000,1705017780000000000,1705017780000000000,0,0,all_client,vwap,1705017840000000000,1705017840000000000,1705017780000000000,1.203,1.203,2618.23,2618.497923075986830761491134,3149.73069,1.574865345,0,0,0.322311460412157406073834202,0.007306160266116190333226955,0,1.203,True,True,CF_SIN_INTERRUPCION,permanent,run_4ca498777b23a4815d4fca47
fill-permanent-00000227-1705075320000000000,permanent-00000227,BTCUSDT,spot,BUY,open_spot,1705075320000000000,1705075260000000000,1705075260000000000,1705075260000000000,0,0,all_client,vwap,1705075320000000000,1705075320000000000,1705075260000000000,0.07107,0.07099893,44333.10,44328.65925617416126096548800,3150.7534170,3.1507534170,0.00007107,0,0.3156036637023591831827678400,0.0005598823687294191010860315,0,0.07107,True,True,CF_SIN_INTERRUPCION,permanent,run_4ca498777b23a4815d4fca47
fill-permanent-00000228-1705075380000000000,permanent-00000228,BTCUSDT,futures,SELL,open_perp,1705075380000000000,1705075320000000000,1705075320000000000,1705075320000000000,0,0,all_client,vwap,1705075380000000000,1705075380000000000,1705075320000000000,0.071,0.071,44472.2,44476.65994568333596906388569,3157.5262,1.57876310,0,0,0.31665614351685380353588399,0.00087185790250211815553030,0,0.071,True,True,CF_SIN_INTERRUPCION,permanent,run_4ca498777b23a4815d4fca47
fill-permanent-00000229-1705622700000000000,permanent-00000229,ETHUSDT,spot,BUY,increase_spot,1705622700000000000,1705622640000000000,1705622640000000000,1705622640000000000,0,0,all_client,vwap,1705622700000000000,1705622700000000000,1705622640000000000,0.0740,0.0739260,2471.75,2471.498477622081069518135960,182.909500,0.182909500,0.0000740,0,0.0186126559660008556579389600,0.0003235672315974557435047240,0,0.0740,True,True,CF_SIN_INTERRUPCION,permanent,run_4ca498777b23a4815d4fca47
fill-permanent-00000230-1705622760000000000,permanent-00000230,ETHUSDT,futures,SELL,increase_perp,1705622760000000000,1705622700000000000,1705622700000000000,1705622700000000000,0,0,all_client,vwap,1705622760000000000,1705622760000000000,1705622700000000000,0.074,0.074,2473.45,2473.704111557285060970646932,183.03530,0.091517650,0,0,0.018804255239094511827872968,0.000498844813570602376690158,0,0.074,True,True,CF_SIN_INTERRUPCION,permanent,run_4ca498777b23a4815d4fca47
fill-permanent-00000231-1705680240000000000,permanent-00000231,BTCUSDT,spot,BUY,increase_spot,1705680240000000000,1705680180000000000,1705680180000000000,1705680180000000000,0,0,all_client,vwap,1705680240000000000,1705680240000000000,1705680180000000000,0.00601,0.00600399,40938.31,40934.21527016880553339599209,246.0392431,0.2460392431,0.00000601,0,0.0246093262854787442900875391,0.0000078629081072921645165431,0,0.00601,True,True,CF_SIN_INTERRUPCION,permanent,run_4ca498777b23a4815d4fca47
fill-permanent-00000232-1705680300000000000,permanent-00000232,BTCUSDT,futures,SELL,increase_perp,1705680300000000000,1705680240000000000,1705680240000000000,1705680240000000000,0,0,all_client,vwap,1705680300000000000,1705680300000000000,1705680240000000000,0.006,0.006,40938.0,40942.12730122271800572111915,245.6280,0.12281400,0,0,0.02476380733630803432671490,0.00019853095557440352328224,0,0.006,True,True,CF_SIN_INTERRUPCION,permanent,run_4ca498777b23a4815d4fca47
fill-permanent-00000233-1706227500000000000,permanent-00000233,ETHUSDT,spot,BUY,increase_spot,1706227500000000000,1706227440000000000,1706227440000000000,1706227440000000000,0,0,all_client,vwap,1706227500000000000,1706227500000000000,1706227440000000000,0.1292,0.1290708,2216.67,2216.440873735075878055262210,286.393764,0.286393764,0.0001292,0,0.0296031134281965552601224680,0.0009666973395393749156485088,0,0.1292,True,True,CF_SIN_INTERRUPCION,permanent,run_4ca498777b23a4815d4fca47
fill-permanent-00000234-1706227560000000000,permanent-00000234,ETHUSDT,futures,SELL,increase_perp,1706227560000000000,1706227500000000000,1706227500000000000,1706227500000000000,0,0,all_client,vwap,1706227560000000000,1706227560000000000,1706227500000000000,0.129,0.129,2215.78,2216.005466803685019062249698,285.83562,0.142917810,0,0,0.029085217675367459030211042,0.000498747153599922284308017,0,0.129,True,True,CF_SIN_INTERRUPCION,permanent,run_4ca498777b23a4815d4fca47
fill-permanent-00000235-1706889840000000000,permanent-00000235,BTCUSDT,futures,BUY,reduce_perp,1706889840000000000,1706889780000000000,1706889780000000000,1706889780000000000,0,0,all_client,vwap,1706889840000000000,1706889840000000000,1706889780000000000,0.005,0.005,43389.9,43385.50247514950896098437082,216.9495,0.10847475,0,0,0.02198762425245519507814590,0.00029487301488044059765370,0,0.005,True,True,CF_SIN_INTERRUPCION,permanent,run_4ca498777b23a4815d4fca47
fill-permanent-00000236-1706889900000000000,permanent-00000236,BTCUSDT,spot,SELL,reduce_spot,1706889900000000000,1706889840000000000,1706889840000000000,1706889840000000000,0,0,all_client,vwap,1706889900000000000,1706889900000000000,1706889840000000000,0.00500,0.00500,43381.42,43385.76242014963606359471683,216.9071000,0.2169071000,0,0,0.0217121007481803179735841500,0.0000192195381054999417868000,0,0.00500,True,True,CF_SIN_INTERRUPCION,permanent,run_4ca498777b23a4815d4fca47
fill-permanent-00000237-1707437100000000000,permanent-00000237,ETHUSDT,futures,BUY,reduce_perp,1707437100000000000,1707437040000000000,1707437040000000000,1707437040000000000,0,0,all_client,vwap,1707437100000000000,1707437100000000000,1707437040000000000,0.098,0.098,2421.55,2421.303802972394114513375971,237.31190,0.118655950,0,0,0.024127308705376777689154842,0.000398531436247315366923718,0,0.098,True,True,CF_SIN_INTERRUPCION,permanent,run_4ca498777b23a4815d4fca47
fill-permanent-00000238-1707437160000000000,permanent-00000238,ETHUSDT,spot,SELL,reduce_spot,1707437160000000000,1707437100000000000,1707437100000000000,1707437100000000000,0,0,all_client,vwap,1707437160000000000,1707437160000000000,1707437100000000000,0.0980,0.0980,2422.75,2422.995200194973836514823406,237.429500,0.237429500,0,0,0.0240296191074359784526937880,0.0002842661455252348548485520,0,0.0980,True,True,CF_SIN_INTERRUPCION,permanent,run_4ca498777b23a4815d4fca47
fill-permanent-00000239-1707494640000000000,permanent-00000239,BTCUSDT,futures,BUY,reduce_perp,1707494640000000000,1707494580000000000,1707494580000000000,1707494580000000000,0,0,all_client,vwap,1707494640000000000,1707494640000000000,1707494580000000000,0.005,0.005,47209.1,47204.29535317265638863083620,236.0455,0.11802275,0,0,0.02402323413671805684581900,0.00042108646013172865150360,0,0.005,True,True,CF_SIN_INTERRUPCION,permanent,run_4ca498777b23a4815d4fca47
fill-permanent-00000240-1707494700000000000,permanent-00000240,BTCUSDT,spot,SELL,reduce_spot,1707494700000000000,1707494640000000000,1707494640000000000,1707494640000000000,0,0,all_client,vwap,1707494700000000000,1707494700000000000,1707494640000000000,0.00500,0.00500,47220.36,47225.08770001734574219379382,236.1018000,0.2361018000,0,0,0.0236385000867287109689691000,0.0000259562367200380978722000,0,0.00500,True,True,CF_SIN_INTERRUPCION,permanent,run_4ca498777b23a4815d4fca47
fill-permanent-00000241-1708041900000000000,permanent-00000241,ETHUSDT,futures,BUY,reduce_perp,1708041900000000000,1708041840000000000,1708041840000000000,1708041840000000000,0,0,all_client,vwap,1708041900000000000,1708041900000000000,1708041840000000000,0.186,0.186,2825.53,2825.244914970475474985833027,525.54858,0.262774290,0,0,0.053025815491561652635056978,0.000476260073110808800320540,0,0.186,True,True,CF_SIN_INTERRUPCION,permanent,run_4ca498777b23a4815d4fca47
fill-permanent-00000242-1708041960000000000,permanent-00000242,ETHUSDT,spot,SELL,reduce_spot,1708041960000000000,1708041900000000000,1708041900000000000,1708041900000000000,0,0,all_client,vwap,1708041960000000000,1708041960000000000,1708041900000000000,0.1860,0.1860,2823.75,2824.033260099946951080535824,525.217500,0.525217500,0,0,0.0526863785901329009796632640,0.0001593599522738876895652200,0,0.1860,True,True,CF_SIN_INTERRUPCION,permanent,run_4ca498777b23a4815d4fca47
fill-permanent-00000243-1708099440000000000,permanent-00000243,BTCUSDT,futures,BUY,reduce_perp,1708099440000000000,1708099380000000000,1708099380000000000,1708099380000000000,0,0,all_client,vwap,1708099440000000000,1708099440000000000,1708099380000000000,0.006,0.006,51933.3,51928.01210258031837492350980,311.5998,0.15579990,0,0,0.03172738451808975045894120,0.00057057725654155943398710,0,0.006,True,True,CF_SIN_INTERRUPCION,permanent,run_4ca498777b23a4815d4fca47
fill-permanent-00000244-1708099500000000000,permanent-00000244,BTCUSDT,spot,SELL,reduce_spot,1708099500000000000,1708099440000000000,1708099440000000000,1708099440000000000,0,0,all_client,vwap,1708099500000000000,1708099500000000000,1708099440000000000,0.00600,0.00600,51920.45,51925.64810249184304683103900,311.5227000,0.3115227000,0,0,0.0311886149510582809862340000,0.0000332260895631751581354000,0,0.00600,True,True,CF_SIN_INTERRUPCION,permanent,run_4ca498777b23a4815d4fca47
fill-permanent-00000245-1708646700000000000,permanent-00000245,ETHUSDT,futures,BUY,reduce_perp,1708646700000000000,1708646640000000000,1708646640000000000,1708646640000000000,0,0,all_client,vwap,1708646700000000000,1708646700000000000,1708646640000000000,0.055,0.055,2973.71,2973.407952386369607937683961,163.55405,0.081777025,0,0,0.016612618749671563427382145,0.000258875011546530583724905,0,0.055,True,True,CF_SIN_INTERRUPCION,permanent,run_4ca498777b23a4815d4fca47
fill-permanent-00000246-1708646760000000000,permanent-00000246,ETHUSDT,spot,SELL,reduce_spot,1708646760000000000,1708646700000000000,1708646700000000000,1708646700000000000,0,0,all_client,vwap,1708646760000000000,1708646760000000000,1708646700000000000,0.0550,0.0550,2970.91,2971.214956659196843374195258,163.400050,0.163400050,0,0,0.0167726162558263855807391900,0.0004309339942008029421810900,0,0.0550,True,True,CF_SIN_INTERRUPCION,permanent,run_4ca498777b23a4815d4fca47
fill-permanent-00000247-1709063640000000000,permanent-00000247,BTCUSDT,futures,BUY,close_perp,1709063640000000000,1709063580000000000,1709063580000000000,1709063580000000000,0,0,all_client,vwap,1709063640000000000,1709063640000000000,1709063580000000000,0.061,0.061,57556.4,57550.62673696541475062604616,3510.9404,1.75547020,0,0,0.35216904510970021181118424,0.00111022201421118183236564,0,0.061,True,True,CF_SIN_INTERRUPCION,permanent,run_4ca498777b23a4815d4fca47
fill-permanent-00000248-1709063700000000000,permanent-00000248,BTCUSDT,spot,SELL,close_spot,1709063700000000000,1709063640000000000,1709063640000000000,1709063640000000000,0,0,all_client,vwap,1709063700000000000,1709063700000000000,1709063640000000000,0.06100,0.06100,57520.99,57526.74921069207278094953541,3508.7803900,3.5087803900,0,0,0.3513118522164396379216600100,0.0003986820312179939578680600,0,0.06100,True,True,CF_SIN_INTERRUPCION,permanent,run_4ca498777b23a4815d4fca47
fill-permanent-00000249-1709110680000000000,permanent-00000249,ETHUSDT,futures,BUY,close_perp,1709110680000000000,1709110620000000000,1709110620000000000,1709110620000000000,0,0,all_client,vwap,1709110680000000000,1709110680000000000,1709110620000000000,1.067,1.067,3336.92,3336.582760299363164468880618,3560.49364,1.780246820,0,0,0.359834760579503511704380594,0.003821380055561462055551098,0,1.067,True,True,CF_SIN_INTERRUPCION,permanent,run_4ca498777b23a4815d4fca47
fill-permanent-00000250-1709110740000000000,permanent-00000250,ETHUSDT,spot,SELL,close_spot,1709110740000000000,1709110680000000000,1709110680000000000,1709110680000000000,0,0,all_client,vwap,1709110740000000000,1709110740000000000,1709110680000000000,1.0670,1.0670,3329.93,3330.271351069663849949397143,3553.035310,3.553035310,0,0,0.3642215913313278960067515810,0.0088816381721947632171506010,0,1.0670,True,True,CF_SIN_INTERRUPCION,permanent,run_4ca498777b23a4815d4fca47
fill-permanent-00000251-1709164920000000000,permanent-00000251,BTCUSDT,spot,BUY,open_spot,1709164920000000000,1709164860000000000,1709164860000000000,1709164860000000000,0,0,all_client,vwap,1709164920000000000,1709164920000000000,1709164860000000000,0.05005,0.04999995,62385.74,62379.49790151755877324265868,3122.4062870,3.1224062870,0.00005005,0,0.3124170290461833992049330660,0.0002076420490880175448533525,0,0.05005,True,True,CF_SIN_INTERRUPCION,permanent,run_4ca498777b23a4815d4fca47
fill-permanent-00000252-1709164980000000000,permanent-00000252,BTCUSDT,futures,SELL,open_perp,1709164980000000000,1709164920000000000,1709164920000000000,1709164920000000000,0,0,all_client,vwap,1709164980000000000,1709164980000000000,1709164920000000000,0.050,0.050,62359.2,62365.53083282425511814077710,3117.9600,1.55898000,0,0,0.31654164121275590703885500,0.00471398704863463144815100,0,0.050,True,True,CF_SIN_INTERRUPCION,permanent,run_4ca498777b23a4815d4fca47
fill-permanent-00000253-1709222520000000000,permanent-00000253,ETHUSDT,spot,BUY,open_spot,1709222520000000000,1709222460000000000,1709222460000000000,1709222460000000000,0,0,all_client,vwap,1709222520000000000,1709222520000000000,1709222460000000000,0.9159,0.9149841,3466.87,3466.520584036281599563497766,3175.306233,3.175306233,0.0009159,0,0.3200300811696829597923961206,0.0025314608777999280883751556,0,0.9159,True,True,CF_SIN_INTERRUPCION,permanent,run_4ca498777b23a4815d4fca47
fill-permanent-00000254-1709222580000000000,permanent-00000254,ETHUSDT,futures,SELL,open_perp,1709222580000000000,1709222520000000000,1709222520000000000,1709222520000000000,0,0,all_client,vwap,1709222580000000000,1709222580000000000,1709222520000000000,0.915,0.915,3465.78,3466.128316805535904018082734,3171.18870,1.585594350,0,0,0.318709877065352176545701610,0.001559136077645641328047290,0,0.915,True,True,CF_SIN_INTERRUPCION,permanent,run_4ca498777b23a4815d4fca47
fill-permanent-00000255-1709827440000000000,permanent-00000255,ETHUSDT,futures,BUY,reduce_perp,1709827440000000000,1709827380000000000,1709827380000000000,1709827380000000000,0,0,all_client,vwap,1709827440000000000,1709827440000000000,1709827380000000000,0.085,0.085,3850.00,3849.614663212108640368017585,327.25000,0.163625000,0,0,0.032753626970765568718505275,0.000031902333462645275377105,0,0.085,True,True,CF_SIN_INTERRUPCION,permanent,run_4ca498777b23a4815d4fca47
fill-permanent-00000256-1709827500000000000,permanent-00000256,ETHUSDT,spot,SELL,reduce_spot,1709827500000000000,1709827440000000000,1709827440000000000,1709827440000000000,0,0,all_client,vwap,1709827500000000000,1709827500000000000,1709827440000000000,0.0850,0.0850,3841.45,3841.838010283404026693068911,326.523250,0.326523250,0,0,0.0329808740893422689108574350,0.0003252510019333346839663400,0,0.0850,True,True,CF_SIN_INTERRUPCION,permanent,run_4ca498777b23a4815d4fca47
fill-permanent-00000257-1710374640000000000,permanent-00000257,BTCUSDT,futures,BUY,reduce_perp,1710374640000000000,1710374580000000000,1710374580000000000,1710374580000000000,0,0,all_client,vwap,1710374640000000000,1710374640000000000,1710374580000000000,0.007,0.007,73023.8,73016.44951101119002605896479,511.1666,0.25558330,0,0,0.05145342292166981758724647,0.00034190826396198456900517,0,0.007,True,True,CF_SIN_INTERRUPCION,permanent,run_4ca498777b23a4815d4fca47
fill-permanent-00000258-1710374700000000000,permanent-00000258,BTCUSDT,spot,SELL,reduce_spot,1710374700000000000,1710374640000000000,1710374640000000000,1710374640000000000,0,0,all_client,vwap,1710374700000000000,1710374700000000000,1710374640000000000,0.00700,0.00700,72941.52,72948.82054795211500209486697,510.5906400,0.5105906400,0,0,0.0511038356648050146640687900,0.0000396612812385341626023600,0,0.00700,True,True,CF_SIN_INTERRUPCION,permanent,run_4ca498777b23a4815d4fca47
fill-permanent-00000259-1710979440000000000,permanent-00000259,BTCUSDT,spot,BUY,increase_spot,1710979440000000000,1710979380000000000,1710979380000000000,1710979380000000000,0,0,all_client,vwap,1710979440000000000,1710979440000000000,1710979380000000000,0.00400,0.00399600,67761.14,67754.36177184010137018160821,271.0445600,0.2710445600,0.00000400,0,0.0271129126395945192735671600,0.0000111679308584787254945200,0,0.00400,True,True,CF_SIN_INTERRUPCION,permanent,run_4ca498777b23a4815d4fca47
fill-permanent-00000260-1710979500000000000,permanent-00000260,BTCUSDT,futures,SELL,increase_perp,1710979500000000000,1710979440000000000,1710979440000000000,1710979440000000000,0,0,all_client,vwap,1710979500000000000,1710979500000000000,1710979440000000000,0.004,0.004,67775.2,67782.05778329599398392580175,271.1008,0.13555040,0,0,0.02743113318397593570320700,0.00031831007065753810963668,0,0.004,True,True,CF_SIN_INTERRUPCION,permanent,run_4ca498777b23a4815d4fca47
fill-permanent-00000261-1711037040000000000,permanent-00000261,ETHUSDT,spot,BUY,increase_spot,1711037040000000000,1711036980000000000,1711036980000000000,1711036980000000000,0,0,all_client,vwap,1711037040000000000,1711037040000000000,1711036980000000000,0.0921,0.0920079,3488.37,3488.018554252716492913975888,321.278877,0.321278877,0.0000921,0,0.0323681533248110026228207152,0.0002435024401434837230829594,0,0.0921,True,True,CF_SIN_INTERRUPCION,permanent,run_4ca498777b23a4815d4fca47
fill-permanent-00000262-1711037100000000000,permanent-00000262,ETHUSDT,futures,SELL,increase_perp,1711037100000000000,1711037040000000000,1711037040000000000,1711037040000000000,0,0,all_client,vwap,1711037100000000000,1711037100000000000,1711037040000000000,0.092,0.092,3496.75,3497.107696682914665352577613,321.70100,0.160850500,0,0,0.032908094828149212437140396,0.000734704018666397515896660,0,0.092,True,True,CF_SIN_INTERRUPCION,permanent,run_4ca498777b23a4815d4fca47
fill-permanent-00000263-1713398640000000000,permanent-00000263,BTCUSDT,spot,BUY,increase_spot,1713398640000000000,1713398580000000000,1713398580000000000,1713398580000000000,0,0,all_client,vwap,1713398640000000000,1713398640000000000,1713398580000000000,0.00500,0.00499500,61342.64,61336.49907082422141297348530,306.7132000,0.3067132000,0.00000500,0,0.0307046458788929351325735000,0.0000363963434808244260867500,0,0.00500,True,True,CF_SIN_INTERRUPCION,permanent,run_4ca498777b23a4815d4fca47
fill-permanent-00000264-1713398700000000000,permanent-00000264,BTCUSDT,futures,SELL,increase_perp,1713398700000000000,1713398640000000000,1713398640000000000,1713398640000000000,0,0,all_client,vwap,1713398700000000000,1713398700000000000,1713398640000000000,0.005,0.005,61362.0,61368.14066432797286188971091,306.8100,0.15340500,0,0,0.03070332163986430944855455,0.00001925130770032301760970,0,0.005,True,True,CF_SIN_INTERRUPCION,permanent,run_4ca498777b23a4815d4fca47
fill-permanent-00000265-1713456240000000000,permanent-00000265,ETHUSDT,spot,BUY,increase_spot,1713456240000000000,1713456180000000000,1713456180000000000,1713456180000000000,0,0,all_client,vwap,1713456240000000000,1713456240000000000,1713456180000000000,0.1361,0.1359639,3065.20,3064.892101077839723256662380,417.173720,0.417173720,0.0001361,0,0.0419050433060136647682500820,0.0001918618103442661347269394,0,0.1361,True,True,CF_SIN_INTERRUPCION,permanent,run_4ca498777b23a4815d4fca47
fill-permanent-00000266-1713456300000000000,permanent-00000266,ETHUSDT,futures,SELL,increase_perp,1713456300000000000,1713456240000000000,1713456240000000000,1713456240000000000,0,0,all_client,vwap,1713456300000000000,1713456300000000000,1713456240000000000,0.136,0.136,3060.46,3060.773958204711300191379425,416.22256,0.208111280,0,0,0.042698315840736826027601800,0.001071790009152752344999032,0,0.136,True,True,CF_SIN_INTERRUPCION,permanent,run_4ca498777b23a4815d4fca47
fill-permanent-00000267-1714608240000000000,permanent-00000267,BTCUSDT,spot,BUY,increase_spot,1714608240000000000,1714608180000000000,1714608180000000000,1714608180000000000,0,0,all_client,vwap,1714608240000000000,1714608240000000000,1714608180000000000,0.00301,0.00300699,58497.93,58492.07138307685923319794796,176.0787693,0.1760787693,0.00000301,0,0.0176344369386537080741766404,0.0000283234523475734449840725,0,0.00301,True,True,CF_SIN_INTERRUPCION,permanent,run_4ca498777b23a4815d4fca47
fill-permanent-00000268-1714608300000000000,permanent-00000268,BTCUSDT,futures,SELL,increase_perp,1714608300000000000,1714608240000000000,1714608240000000000,1714608240000000000,0,0,all_client,vwap,1714608300000000000,1714608300000000000,1714608240000000000,0.003,0.003,58507.9,58513.83272910898361411253011,175.5237,0.08776185,0,0,0.01779818732695084233759033,0.00024403750821814725335658,0,0.003,True,True,CF_SIN_INTERRUPCION,permanent,run_4ca498777b23a4815d4fca47
fill-permanent-00000269-1715817840000000000,permanent-00000269,BTCUSDT,futures,BUY,reduce_perp,1715817840000000000,1715817780000000000,1715817780000000000,1715817780000000000,0,0,all_client,vwap,1715817840000000000,1715817840000000000,1715817780000000000,0.006,0.006,66342.0,66335.34320035478086497117405,398.0520,0.19902600,0,0,0.03994079787131481017295570,0.00013959195110194165397298,0,0.006,True,True,CF_SIN_INTERRUPCION,permanent,run_4ca498777b23a4815d4fca47
fill-permanent-00000270-1715817900000000000,permanent-00000270,BTCUSDT,spot,SELL,reduce_spot,1715817900000000000,1715817840000000000,1715817840000000000,1715817840000000000,0,0,all_client,vwap,1715817900000000000,1715817900000000000,1715817840000000000,0.00600,0.00600,66393.82,66400.46657651767345306273725,398.3629200,0.3983629200,0,0,0.0398794591060407183764235000,0.0000391791601301143045858800,0,0.00600,True,True,CF_SIN_INTERRUPCION,permanent,run_4ca498777b23a4815d4fca47
fill-permanent-00000271-1716480240000000000,permanent-00000271,ETHUSDT,futures,BUY,reduce_perp,1716480240000000000,1716480180000000000,1716480180000000000,1716480180000000000,0,0,all_client,vwap,1716480240000000000,1716480240000000000,1716480180000000000,0.204,0.204,3822.05,3821.664026011297222287873212,779.69820,0.389849100,0,0,0.078738693695366653273864752,0.000776747564736189939192204,0,0.204,True,True,CF_SIN_INTERRUPCION,permanent,run_4ca498777b23a4815d4fca47
fill-permanent-00000272-1716480300000000000,permanent-00000272,ETHUSDT,spot,SELL,reduce_spot,1716480300000000000,1716480240000000000,1716480240000000000,1716480240000000000,0,0,all_client,vwap,1716480300000000000,1716480300000000000,1716480240000000000,0.2040,0.2040,3818.80,3819.188641493831439290296298,779.035200,0.779035200,0,0,0.0792828647416136152204447920,0.0013714164551394538589226720,0,0.2040,True,True,CF_SIN_INTERRUPCION,permanent,run_4ca498777b23a4815d4fca47
fill-permanent-00000273-1717632240000000000,permanent-00000273,BTCUSDT,futures,BUY,reduce_perp,1717632240000000000,1717632180000000000,1717632180000000000,1717632180000000000,0,0,all_client,vwap,1717632240000000000,1717632240000000000,1717632180000000000,0.004,0.004,71150.9,71143.75287459486412365993518,284.6036,0.14230180,0,0,0.02858850162054350536025928,0.00013100047070555971079532,0,0.004,True,True,CF_SIN_INTERRUPCION,permanent,run_4ca498777b23a4815d4fca47
fill-permanent-00000274-1717632300000000000,permanent-00000274,BTCUSDT,spot,SELL,reduce_spot,1717632300000000000,1717632240000000000,1717632240000000000,1717632240000000000,0,0,all_client,vwap,1717632300000000000,1717632300000000000,1717632240000000000,0.00400,0.00400,71129.34,71136.46292080269556990389563,284.5173600,0.2845173600,0,0,0.0284916832107822796155825200,0.0000370980424612013876209600,0,0.00400,True,True,CF_SIN_INTERRUPCION,permanent,run_4ca498777b23a4815d4fca47
fill-permanent-00000275-1718237040000000000,permanent-00000275,BTCUSDT,spot,BUY,increase_spot,1718237040000000000,1718236980000000000,1718236980000000000,1718236980000000000,0,0,all_client,vwap,1718237040000000000,1718237040000000000,1718236980000000000,0.00200,0.00199800,68212.72,68205.89169492695699744263183,136.4254400,0.1364254400,0.00000200,0,0.0136566101460860051147363400,0.0000154318071006137152478200,0,0.00200,True,True,CF_SIN_INTERRUPCION,permanent,run_4ca498777b23a4815d4fca47
fill-permanent-00000276-1718237100000000000,permanent-00000276,BTCUSDT,futures,SELL,increase_perp,1718237100000000000,1718237040000000000,1718237040000000000,1718237040000000000,0,0,all_client,vwap,1718237100000000000,1718237100000000000,1718237040000000000,0.002,0.002,68184.5,68191.40657028559854162446830,136.3690,0.06818450,0,0,0.01381314057119708324893660,0.00017485925713996354061170,0,0.002,True,True,CF_SIN_INTERRUPCION,permanent,run_4ca498777b23a4815d4fca47
fill-permanent-00000277-1718294640000000000,permanent-00000277,ETHUSDT,spot,BUY,increase_spot,1718294640000000000,1718294580000000000,1718294580000000000,1718294580000000000,0,0,all_client,vwap,1718294640000000000,1718294640000000000,1718294580000000000,0.0981,0.0980019,3434.48,3434.126806649990654922738942,336.922488,0.336922488,0.0000981,0,0.0346482676359167520793097898,0.0009594836626803437545177104,0,0.0981,True,True,CF_SIN_INTERRUPCION,permanent,run_4ca498777b23a4815d4fca47
fill-permanent-00000278-1718294700000000000,permanent-00000278,ETHUSDT,futures,SELL,increase_perp,1718294700000000000,1718294640000000000,1718294640000000000,1718294640000000000,0,0,all_client,vwap,1718294700000000000,1718294700000000000,1718294640000000000,0.098,0.098,3435.06,3435.409089585002483150221234,336.63588,0.168317940,0,0,0.034210779330243348721680932,0.000543770252310324386808776,0,0.098,True,True,CF_SIN_INTERRUPCION,permanent,run_4ca498777b23a4815d4fca47
fill-permanent-00000279-1718841840000000000,permanent-00000279,BTCUSDT,spot,BUY,increase_spot,1718841840000000000,1718841780000000000,1718841780000000000,1718841780000000000,0,0,all_client,vwap,1718841840000000000,1718841840000000000,1718841780000000000,0.00300,0.00299700,64906.54,64900.04730269279187641122811,194.7196200,0.1947196200,0.00000300,0,0.0194780919216243707663156700,0.0000080777308165332033923100,0,0.00300,True,True,CF_SIN_INTERRUPCION,permanent,run_4ca498777b23a4815d4fca47
fill-permanent-00000280-1718841900000000000,permanent-00000280,BTCUSDT,futures,SELL,increase_perp,1718841900000000000,1718841840000000000,1718841840000000000,1718841840000000000,0,0,all_client,vwap,1718841900000000000,1718841900000000000,1718841840000000000,0.003,0.003,64846.5,64853.04720742657129812813879,194.5395,0.09726975,0,0,0.01964162227971389438441637,0.00018570811748592299497794,0,0.003,True,True,CF_SIN_INTERRUPCION,permanent,run_4ca498777b23a4815d4fca47
fill-permanent-00000281-1719446640000000000,permanent-00000281,BTCUSDT,spot,BUY,increase_spot,1719446640000000000,1719446580000000000,1719446580000000000,1719446580000000000,0,0,all_client,vwap,1719446640000000000,1719446640000000000,1719446580000000000,0.00301,0.00300699,60858.95,60852.85990001928910385294701,183.1854395,0.1831854395,0.00000301,0,0.0183312009419397974026294999,0.0000144901120339913823697770,0,0.00301,True,True,CF_SIN_INTERRUPCION,permanent,run_4ca498777b23a4815d4fca47
fill-permanent-00000282-1719446700000000000,permanent-00000282,BTCUSDT,futures,SELL,increase_perp,1719446700000000000,1719446640000000000,1719446640000000000,1719446640000000000,0,0,all_client,vwap,1719446700000000000,1719446700000000000,1719446640000000000,0.003,0.003,60874.9,60881.04206046595412513510268,182.6247,0.09131235,0,0,0.01842618139786237540530804,0.00016186877972258916776751,0,0.003,True,True,CF_SIN_INTERRUPCION,permanent,run_4ca498777b23a4815d4fca47
fill-permanent-00000283-1720109040000000000,permanent-00000283,ETHUSDT,spot,BUY,increase_spot,1720109040000000000,1720108980000000000,1720108980000000000,1720108980000000000,0,0,all_client,vwap,1720109040000000000,1720109040000000000,1720108980000000000,0.0961,0.0960039,3130.52,3130.200591868524598731120811,300.842972,0.300842972,0.0000961,0,0.0306951214347860619392900629,0.0006138937469295405454839997,0,0.0961,True,True,CF_SIN_INTERRUPCION,permanent,run_4ca498777b23a4815d4fca47
fill-permanent-00000284-1720109100000000000,permanent-00000284,ETHUSDT,futures,SELL,increase_perp,1720109100000000000,1720109040000000000,1720109040000000000,1720109040000000000,0,0,all_client,vwap,1720109100000000000,1720109100000000000,1720109040000000000,0.096,0.096,3129.68,3130.002097234299495862166311,300.44928,0.150224640,0,0,0.030921334492751602767965856,0.000873314359302327607689024,0,0.096,True,True,CF_SIN_INTERRUPCION,permanent,run_4ca498777b23a4815d4fca47
fill-permanent-00000285-1720656240000000000,permanent-00000285,BTCUSDT,spot,BUY,increase_spot,1720656240000000000,1720656180000000000,1720656180000000000,1720656180000000000,0,0,all_client,vwap,1720656240000000000,1720656240000000000,1720656180000000000,0.00400,0.00399600,57618.19,57612.41971235143234172078834,230.4727600,0.2304727600,0.00000400,0,0.0230811505942706331168466400,0.0000361827093300601801583200,0,0.00400,True,True,CF_SIN_INTERRUPCION,permanent,run_4ca498777b23a4815d4fca47
fill-permanent-00000286-1720656300000000000,permanent-00000286,BTCUSDT,futures,SELL,increase_perp,1720656300000000000,1720656240000000000,1720656240000000000,1720656240000000000,0,0,all_client,vwap,1720656300000000000,1720656300000000000,1720656240000000000,0.004,0.004,57596.5,57602.26515067888287890495640,230.3860,0.11519300,0,0,0.02306060271553151561982560,0.00001969665525996246826360,0,0.004,True,True,CF_SIN_INTERRUPCION,permanent,run_4ca498777b23a4815d4fca47
fill-permanent-00000287-1721261040000000000,permanent-00000287,BTCUSDT,futures,BUY,reduce_perp,1721261040000000000,1721260980000000000,1721260980000000000,1721260980000000000,0,0,all_client,vwap,1721261040000000000,1721261040000000000,1721260980000000000,0.006,0.006,64117.6,64111.11956462585034013605442,384.7056,0.19235280,0,0,0.03888261224489795918367348,0.00041594050612244897959182,0,0.006,True,True,CF_SIN_INTERRUPCION,permanent,run_4ca498777b23a4815d4fca47
fill-permanent-00000288-1721261100000000000,permanent-00000288,BTCUSDT,spot,SELL,reduce_spot,1721261100000000000,1721261040000000000,1721261040000000000,1721261040000000000,0,0,all_client,vwap,1721261100000000000,1721261100000000000,1721261040000000000,0.00600,0.00600,64146.53,64152.95105341374051738745170,384.8791800,0.3848791800,0,0,0.0385263204824431043247102000,0.0000345498503948600142777000,0,0.00600,True,True,CF_SIN_INTERRUPCION,permanent,run_4ca498777b23a4815d4fca47
fill-permanent-00000289-1721318640000000000,permanent-00000289,ETHUSDT,futures,BUY,reduce_perp,1721318640000000000,1721318580000000000,1721318580000000000,1721318580000000000,0,0,all_client,vwap,1721318640000000000,1721318640000000000,1721318580000000000,0.075,0.075,3370.74,3370.399332673389958338549055,252.80550,0.126402750,0,0,0.025550049495753124608820875,0.000272054500702699921281750,0,0.075,True,True,CF_SIN_INTERRUPCION,permanent,run_4ca498777b23a4815d4fca47
fill-permanent-00000290-1721318700000000000,permanent-00000290,ETHUSDT,spot,SELL,reduce_spot,1721318700000000000,1721318640000000000,1721318640000000000,1721318640000000000,0,0,all_client,vwap,1721318700000000000,1721318700000000000,1721318640000000000,0.0750,0.0750,3375.82,3376.161529438355509704385722,253.186500,0.253186500,0,0,0.0256147078766632278289291500,0.0002934964058755615061462250,0,0.0750,True,True,CF_SIN_INTERRUPCION,permanent,run_4ca498777b23a4815d4fca47
fill-permanent-00000291-1721923440000000000,permanent-00000291,ETHUSDT,spot,BUY,increase_spot,1721923440000000000,1721923380000000000,1721923380000000000,1721923380000000000,0,0,all_client,vwap,1721923440000000000,1721923440000000000,1721923380000000000,0.0731,0.0730269,3145.47,3145.150224253462839950507173,229.933857,0.229933857,0.0000731,0,0.0233756070718663996179256537,0.0003845589325735862578874256,0,0.0731,True,True,CF_SIN_INTERRUPCION,permanent,run_4ca498777b23a4815d4fca47
fill-permanent-00000292-1721923500000000000,permanent-00000292,ETHUSDT,futures,SELL,increase_perp,1721923500000000000,1721923440000000000,1721923440000000000,1721923440000000000,0,0,all_client,vwap,1721923500000000000,1721923500000000000,1721923440000000000,0.073,0.073,3144.42,3144.743462245255700203255262,229.54266,0.114771330,0,0,0.023612743903666114837634126,0.000656116629275748226150328,0,0.073,True,True,CF_SIN_INTERRUPCION,permanent,run_4ca498777b23a4815d4fca47
fill-permanent-00000293-1723075440000000000,permanent-00000293,BTCUSDT,spot,BUY,increase_spot,1723075440000000000,1723075380000000000,1723075380000000000,1723075380000000000,0,0,all_client,vwap,1723075440000000000,1723075440000000000,1723075380000000000,0.00801,0.00800199,55233.07,55227.54547656151871888383632,442.4168907,0.4424168907,0.00000801,0,0.0442514327422350617404710768,0.0000141688155092852466451530,0,0.00801,True,True,CF_SIN_INTERRUPCION,permanent,run_4ca498777b23a4815d4fca47
fill-permanent-00000294-1723075500000000000,permanent-00000294,BTCUSDT,futures,SELL,increase_perp,1723075500000000000,1723075440000000000,1723075440000000000,1723075440000000000,0,0,all_client,vwap,1723075500000000000,1723075500000000000,1723075440000000000,0.008,0.008,55173.9,55179.49848517327617006073598,441.3912,0.22069560,0,0,0.04478788138620936048588784,0.00064428259807073954983928,0,0.008,True,True,CF_SIN_INTERRUPCION,permanent,run_4ca498777b23a4815d4fca47
fill-permanent-00000295-1723133040000000000,permanent-00000295,ETHUSDT,spot,BUY,increase_spot,1723133040000000000,1723132980000000000,1723132980000000000,1723132980000000000,0,0,all_client,vwap,1723133040000000000,1723133040000000000,1723132980000000000,0.0671,0.0670329,2532.92,2532.663266033145096004988246,169.958932,0.169958932,0.0000671,0,0.0172268491759640580652886934,0.0002326786608816544710952105,0,0.0671,True,True,CF_SIN_INTERRUPCION,permanent,run_4ca498777b23a4815d4fca47
fill-permanent-00000296-1723133100000000000,permanent-00000296,ETHUSDT,futures,SELL,increase_perp,1723133100000000000,1723133040000000000,1723133040000000000,1723133040000000000,0,0,all_client,vwap,1723133100000000000,1723133100000000000,1723133040000000000,0.067,0.067,2529.20,2529.460313054967045754506419,169.45640,0.084728200,0,0,0.017440974682792065551930073,0.000493590585323786345374856,0,0.067,True,True,CF_SIN_INTERRUPCION,permanent,run_4ca498777b23a4815d4fca47
fill-permanent-00000297-1723680240000000000,permanent-00000297,BTCUSDT,futures,BUY,reduce_perp,1723680240000000000,1723680180000000000,1723680180000000000,1723680180000000000,0,0,all_client,vwap,1723680240000000000,1723680240000000000,1723680180000000000,0.003,0.003,58722.7,58716.79500922465584937792705,176.1681,0.08808405,0,0,0.01771497232603245186621885,0.00009993382326505511140548,0,0.003,True,True,CF_SIN_INTERRUPCION,permanent,run_4ca498777b23a4815d4fca47
fill-permanent-00000298-1723680300000000000,permanent-00000298,BTCUSDT,spot,SELL,reduce_spot,1723680300000000000,1723680240000000000,1723680240000000000,1723680240000000000,0,0,all_client,vwap,1723680300000000000,1723680300000000000,1723680240000000000,0.00300,0.00300,58718.73,58724.60751132280326157847946,176.1561900,0.1761561900,0,0,0.0176325339684097847354383800,0.0000151517150129437569648300,0,0.00300,True,True,CF_SIN_INTERRUPCION,permanent,run_4ca498777b23a4815d4fca47
fill-permanent-00000299-1723737840000000000,permanent-00000299,ETHUSDT,spot,BUY,increase_spot,1723737840000000000,1723737780000000000,1723737780000000000,1723737780000000000,0,0,all_client,vwap,1723737840000000000,1723737840000000000,1723737780000000000,0.0690,0.0689310,2671.33,2671.059964224308162426747197,184.321770,0.184321770,0.0000690,0,0.0186324685227367925544434070,0.0002021547695890662336988320,0,0.0690,True,True,CF_SIN_INTERRUPCION,permanent,run_4ca498777b23a4815d4fca47
fill-permanent-00000300-1723737900000000000,permanent-00000300,ETHUSDT,futures,SELL,increase_perp,1723737900000000000,1723737840000000000,1723737840000000000,1723737840000000000,0,0,all_client,vwap,1723737900000000000,1723737900000000000,1723737840000000000,0.069,0.069,2671.87,2672.140197945341305933402573,184.35903,0.092179515,0,0,0.018643658228550109404777537,0.000205890862727254393837077,0,0.069,True,True,CF_SIN_INTERRUPCION,permanent,run_4ca498777b23a4815d4fca47
fill-permanent-00000301-1726704240000000000,permanent-00000301,BTCUSDT,futures,BUY,reduce_perp,1726704240000000000,1726704180000000000,1726704180000000000,1726704180000000000,0,0,all_client,vwap,1726704240000000000,1726704240000000000,1726704180000000000,0.003,0.003,61917.3,61911.07302281961133964214067,185.7519,0.09287595,0,0,0.01868093154116598107357799,0.00010760963432009767168536,0,0.003,True,True,CF_SIN_INTERRUPCION,permanent,run_4ca498777b23a4815d4fca47
fill-permanent-00000302-1726704300000000000,permanent-00000302,BTCUSDT,spot,SELL,reduce_spot,1726704300000000000,1726704240000000000,1726704240000000000,1726704240000000000,0,0,all_client,vwap,1726704300000000000,1726704300000000000,1726704240000000000,0.00300,0.00300,61811.36,61817.54242682843130272244318,185.4340800,0.1854340800,0,0,0.0185472804852939081673295400,0.0000020177572453787765128200,0,0.00300,True,True,CF_SIN_INTERRUPCION,permanent,run_4ca498777b23a4815d4fca47
fill-permanent-00000303-1726761840000000000,permanent-00000303,ETHUSDT,spot,BUY,increase_spot,1726761840000000000,1726761780000000000,1726761780000000000,1726761780000000000,0,0,all_client,vwap,1726761840000000000,1726761840000000000,1726761780000000000,0.0771,0.0770229,2445.95,2445.696165743162215096322522,188.582745,0.188582745,0.0000771,0,0.0195706212021932160735335538,0.0007143037643134353951409266,0,0.0771,True,True,CF_SIN_INTERRUPCION,permanent,run_4ca498777b23a4815d4fca47
fill-permanent-00000304-1726761900000000000,permanent-00000304,ETHUSDT,futures,SELL,increase_perp,1726761900000000000,1726761840000000000,1726761840000000000,1726761840000000000,0,0,all_client,vwap,1726761900000000000,1726761900000000000,1726761840000000000,0.077,0.077,2444.61,2444.863747294038144875690445,188.23497,0.094117485,0,0,0.019538541640937155428164265,0.000713090786773061712621452,0,0.077,True,True,CF_SIN_INTERRUPCION,permanent,run_4ca498777b23a4815d4fca47
fill-permanent-00000305-1729123440000000000,permanent-00000305,BTCUSDT,futures,BUY,reduce_perp,1729123440000000000,1729123380000000000,1729123380000000000,1729123380000000000,0,0,all_client,vwap,1729123440000000000,1729123440000000000,1729123380000000000,0.005,0.005,67654.9,67648.13152605749006777284412,338.2745,0.16913725,0,0,0.03384236971254966113577940,0.00001830394952091610189300,0,0.005,True,True,CF_SIN_INTERRUPCION,permanent,run_4ca498777b23a4815d4fca47
fill-permanent-00000306-1729123500000000000,permanent-00000306,BTCUSDT,spot,SELL,reduce_spot,1729123500000000000,1729123440000000000,1729123440000000000,1729123440000000000,0,0,all_client,vwap,1729123500000000000,1729123500000000000,1729123440000000000,0.00500,0.00500,67699.63,67706.40977000788134986028516,338.4981500,0.3384981500,0,0,0.0338988500394067493014258000,0.0000456451544028086264956500,0,0.00500,True,True,CF_SIN_INTERRUPCION,permanent,run_4ca498777b23a4815d4fca47
fill-permanent-00000393-1730150100000000000,permanent-00000393,BTCUSDT,futures,BUY,close_perp,1730150100000000000,1730150040000000000,1730150040000000000,1730150040000000000,0,0,all_client,vwap,1730150100000000000,1730150100000000000,1730150040000000000,0.048,0.048,69656.1,69649.08051291478996231271257,3343.4928,1.67174640,0,0,0.33693538009008180898979664,0.00261979362809081717069568,0,0.048,True,True,CF_SIN_INTERRUPCION,permanent,run_4ca498777b23a4815d4fca47
fill-permanent-00000394-1730150100000000000,permanent-00000394,ETHUSDT,futures,BUY,close_perp,1730150100000000000,1730150040000000000,1730150040000000000,1730150040000000000,0,0,all_client,vwap,1730150100000000000,1730150100000000000,1730150040000000000,1.259,1.259,2519.15,2518.895833778777899470325916,3171.60985,1.585804925,0,0,0.319995272518624566859671756,0.002866287045876429316357209,0,1.259,True,True,CF_SIN_INTERRUPCION,permanent,run_4ca498777b23a4815d4fca47
fill-permanent-00000395-1730150160000000000,permanent-00000395,BTCUSDT,spot,SELL,close_spot,1730150160000000000,1730150100000000000,1730150100000000000,1730150100000000000,0,0,all_client,vwap,1730150160000000000,1730150160000000000,1730150100000000000,0.04800,0.04800,69710.21,69717.19069639284168724384594,3346.0900800,3.3460900800,0,0,0.3350734268564009877046051200,0.0004309115137153476058348800,0,0.04800,True,True,CF_SIN_INTERRUPCION,permanent,run_4ca498777b23a4815d4fca47
fill-permanent-00000396-1730150160000000000,permanent-00000396,ETHUSDT,spot,SELL,close_spot,1730150160000000000,1730150100000000000,1730150100000000000,1730150100000000000,0,0,all_client,vwap,1730150160000000000,1730150160000000000,1730150100000000000,1.2590,1.2590,2521.26,2521.512764529959614470513348,3174.266340,3.174266340,0,0,0.3182305432191546183763051320,0.0007720861648327029144679230,0,1.2590,True,True,CF_SIN_INTERRUPCION,permanent,run_4ca498777b23a4815d4fca47
fill-permanent-00000397-1730246520000000000,permanent-00000397,BTCUSDT,spot,BUY,open_spot,1730246520000000000,1730246460000000000,1730246460000000000,1730246460000000000,0,0,all_client,vwap,1730246520000000000,1730246520000000000,1730246460000000000,0.04504,0.04499496,72761.83,72754.55363298448388898331836,3277.1928232,3.2771928232,0.00004504,0,0.3277275703788456401913410656,0.0000410608158835247553602824,0,0.04504,True,True,CF_SIN_INTERRUPCION,permanent,run_4ca498777b23a4815d4fca47
fill-permanent-00000398-1730246520000000000,permanent-00000398,ETHUSDT,spot,BUY,open_spot,1730246520000000000,1730246460000000000,1730246460000000000,1730246460000000000,0,0,all_client,vwap,1730246520000000000,1730246520000000000,1730246460000000000,1.2117,1.2104883,2639.12,2638.848801619814086143607891,3197.821704,3.197821704,0.0012117,0,0.3286110772712718197903184753,0.0088617679789989469722972516,0,1.2117,True,True,CF_SIN_INTERRUPCION,permanent,run_4ca498777b23a4815d4fca47
fill-permanent-00000400-1730246580000000000,permanent-00000400,ETHUSDT,spot,SELL,close_spot,1730246580000000000,1730246520000000000,1730246520000000000,1730246520000000000,0,0,all_client,vwap,1730246580000000000,1730246580000000000,1730246520000000000,1.2105,1.2105,2639.56,2639.825873026556375930774391,3195.187380,3.195187380,0,0,0.3218392986464930642024003055,0.0022883767166284148959805970,0,1.2105,True,True,CF_SIN_INTERRUPCION,permanent,run_4ca498777b23a4815d4fca47
fill-permanent-00000401-1730246640000000000,permanent-00000401,BTCUSDT,spot,SELL,close_spot,1730246640000000000,1730246580000000000,1730246580000000000,1730246580000000000,0,0,all_client,vwap,1730246640000000000,1730246640000000000,1730246580000000000,0.04500,0.04500,72674.62,72681.89486886958385043257770,3270.3579000,3.2703579000,0,0,0.3273690991312732694659965000,0.0003005722213601421390498000,0,0.04500,True,True,CF_SIN_INTERRUPCION,permanent,run_4ca498777b23a4815d4fca47
fill-permanent-00000402-1730361720000000000,permanent-00000402,BTCUSDT,spot,BUY,open_spot,1730361720000000000,1730361660000000000,1730361660000000000,1730361660000000000,0,0,all_client,vwap,1730361720000000000,1730361720000000000,1730361660000000000,0.04505,0.04500495,72431.20,72423.95727452910036148619101,3263.0255600,3.2630255600,0.00004505,0,0.3262847824640287150470949995,0.0000148549422751179185996685,0,0.04505,True,True,CF_SIN_INTERRUPCION,permanent,run_4ca498777b23a4815d4fca47
fill-permanent-00000403-1730361720000000000,permanent-00000403,ETHUSDT,spot,BUY,open_spot,1730361720000000000,1730361660000000000,1730361660000000000,1730361660000000000,0,0,all_client,vwap,1730361720000000000,1730361720000000000,1730361660000000000,1.2503,1.2490497,2645.58,2645.306062042883597269620889,3307.768674,3.307768674,0.0012503,0,0.3425046277826383337930024833,0.0117620108454165976263818947,0,1.2503,True,True,CF_SIN_INTERRUPCION,permanent,run_4ca498777b23a4815d4fca47
fill-permanent-00000404-1730361780000000000,permanent-00000404,BTCUSDT,futures,SELL,open_perp,1730361780000000000,1730361720000000000,1730361720000000000,1730361720000000000,0,0,all_client,vwap,1730361780000000000,1730361780000000000,1730361720000000000,0.045,0.045,72382.5,72389.77728171158417692780256,3257.2125,1.62860625,0,0,0.32747767702128796175111520,0.00172367925358583295494010,0,0.045,True,True,CF_SIN_INTERRUPCION,permanent,run_4ca498777b23a4815d4fca47
fill-permanent-00000405-1730361780000000000,permanent-00000405,ETHUSDT,futures,SELL,open_perp,1730361780000000000,1730361720000000000,1730361720000000000,1730361720000000000,0,0,all_client,vwap,1730361780000000000,1730361780000000000,1730361720000000000,1.249,1.249,2643.07,2643.338938432922501646157124,3301.19443,1.650597215,0,0,0.335904102720204556050247876,0.005751069309932535594642492,0,1.249,True,True,CF_SIN_INTERRUPCION,permanent,run_4ca498777b23a4815d4fca47
fill-permanent-00000406-1730966640000000000,permanent-00000406,ETHUSDT,futures,BUY,reduce_perp,1730966640000000000,1730966580000000000,1730966580000000000,1730966580000000000,0,0,all_client,vwap,1730966640000000000,1730966640000000000,1730966580000000000,0.078,0.078,2823.29,2823.007464302464013853313612,220.21662,0.110108310,0,0,0.022037784407806919441538264,0.000018326186247700133482446,0,0.078,True,True,CF_SIN_INTERRUPCION,permanent,run_4ca498777b23a4815d4fca47
fill-permanent-00000407-1730966700000000000,permanent-00000407,ETHUSDT,spot,SELL,reduce_spot,1730966700000000000,1730966640000000000,1730966640000000000,1730966640000000000,0,0,all_client,vwap,1730966700000000000,1730966700000000000,1730966640000000000,0.0780,0.0780,2821.26,2821.552028485546534820350029,220.058280,0.220058280,0,0,0.0227782218726297159873022620,0.0007701160504424530157035320,0,0.0780,True,True,CF_SIN_INTERRUPCION,permanent,run_4ca498777b23a4815d4fca47
fill-permanent-00000408-1731402060000000000,permanent-00000408,ETHUSDT,futures,BUY,close_perp,1731402060000000000,1731402000000000000,1731402000000000000,1731402000000000000,0,0,all_client,vwap,1731402060000000000,1731402060000000000,1731402000000000000,1.171,1.171,3430.14,3429.789926830186373280784602,4016.69394,2.008346970,0,0,0.409935681851756888201231058,0.008307281419942063890051720,0,1.171,True,True,CF_SIN_INTERRUPCION,permanent,run_4ca498777b23a4815d4fca47
fill-permanent-00000409-1731402120000000000,permanent-00000409,ETHUSDT,spot,SELL,close_spot,1731402120000000000,1731402060000000000,1731402060000000000,1731402060000000000,0,0,all_client,vwap,1731402120000000000,1731402120000000000,1731402060000000000,1.1710,1.1710,3430.45,3430.800074069831123871134415,4017.056950,4.017056950,0,0,0.4099367357722460530983999650,0.0081900470986688284930906420,0,1.1710,True,True,CF_SIN_INTERRUPCION,permanent,run_4ca498777b23a4815d4fca47
fill-permanent-00000410-1731513720000000000,permanent-00000410,ETHUSDT,spot,BUY,open_spot,1731513720000000000,1731513660000000000,1731513660000000000,1731513660000000000,0,0,all_client,vwap,1731513720000000000,1731513720000000000,1731513660000000000,0.9990,0.9980010,3314.86,3314.525881296682873251293908,3311.545140,3.311545140,0.0009990,0,0.3337845846138096219573859080,0.0026634490722710029195820370,0,0.9990,True,True,CF_SIN_INTERRUPCION,permanent,run_4ca498777b23a4815d4fca47
fill-permanent-00000411-1731513780000000000,permanent-00000411,ETHUSDT,futures,SELL,open_perp,1731513780000000000,1731513720000000000,1731513720000000000,1731513720000000000,0,0,all_client,vwap,1731513780000000000,1731513780000000000,1731513720000000000,0.998,0.998,3318.86,3319.198186526974638665326032,3312.22228,1.656111140,0,0,0.337510153920689387995379936,0.006254174905297319056580002,0,0.998,True,True,CF_SIN_INTERRUPCION,permanent,run_4ca498777b23a4815d4fca47
fill-permanent-00000412-1731571440000000000,permanent-00000412,BTCUSDT,futures,BUY,reduce_perp,1731571440000000000,1731571380000000000,1731571380000000000,1731571380000000000,0,0,all_client,vwap,1731571440000000000,1731571440000000000,1731571380000000000,0.009,0.009,90998.9,90989.73201559694501049558480,818.9901,0.40949505,0,0,0.08251185962749490553973680,0.00062110081345765503029076,0,0.009,True,True,CF_SIN_INTERRUPCION,permanent,run_4ca498777b23a4815d4fca47
fill-permanent-00000413-1731571500000000000,permanent-00000413,BTCUSDT,spot,SELL,reduce_spot,1731571500000000000,1731571440000000000,1731571440000000000,1731571440000000000,0,0,all_client,vwap,1731571500000000000,1731571500000000000,1731571440000000000,0.00900,0.00900,91031.58,91040.68480411109506287621313,819.2842200,0.8192842200,0,0,0.0819432369998555658859181700,0.0000066206761555803293295900,0,0.00900,True,True,CF_SIN_INTERRUPCION,permanent,run_4ca498777b23a4815d4fca47
fill-permanent-00000414-1732108620000000000,permanent-00000414,BTCUSDT,futures,BUY,close_perp,1732108620000000000,1732108560000000000,1732108560000000000,1732108560000000000,0,0,all_client,vwap,1732108620000000000,1732108620000000000,1732108560000000000,0.036,0.036,94298.1,94288.64459608178693003771830,3394.7316,1.69736580,0,0,0.34039454105567051864214120,0.00095542050977608569400548,0,0.036,True,True,CF_SIN_INTERRUPCION,permanent,run_4ca498777b23a4815d4fca47
fill-permanent-00000415-1732108680000000000,permanent-00000415,BTCUSDT,spot,SELL,close_spot,1732108680000000000,1732108620000000000,1732108620000000000,1732108620000000000,0,0,all_client,vwap,1732108680000000000,1732108680000000000,1732108620000000000,0.03600,0.03600,94221.39,94230.82302213641546671980074,3391.9700400,3.3919700400,0,0,0.3395887969109568019128266400,0.0003578340312657062326353600,0,0.03600,True,True,CF_SIN_INTERRUPCION,permanent,run_4ca498777b23a4815d4fca47
fill-permanent-00000416-1732118640000000000,permanent-00000416,ETHUSDT,spot,BUY,increase_spot,1732118640000000000,1732118580000000000,1732118580000000000,1732118580000000000,0,0,all_client,vwap,1732118640000000000,1732118640000000000,1732118580000000000,0.0620,0.0619380,3127.89,3127.574935368982841618433797,193.929180,0.193929180,0.0000620,0,0.0195340071230638196571045860,0.0001430425237761260390703200,0,0.0620,True,True,CF_SIN_INTERRUPCION,permanent,run_4ca498777b23a4815d4fca47
fill-permanent-00000417-1732118700000000000,permanent-00000417,ETHUSDT,futures,SELL,increase_perp,1732118700000000000,1732118640000000000,1732118640000000000,1732118640000000000,0,0,all_client,vwap,1732118700000000000,1732118700000000000,1732118640000000000,0.062,0.062,3135.28,3135.601221633441316470935988,194.38736,0.097193680,0,0,0.019915741273361621198031256,0.000475013699234285035911428,0,0.062,True,True,CF_SIN_INTERRUPCION,permanent,run_4ca498777b23a4815d4fca47
fill-permanent-00000418-1732204980000000000,permanent-00000418,BTCUSDT,spot,BUY,open_spot,1732204980000000000,1732204860001000000,1732204860001000000,1732204860001000000,0,0,all_client,vwap,1732204980000000000,1732204980000000000,1732204920000000000,0.03403,0.03399597,96756.90,96747.21875823186442175458659,3292.6373070,3.2926373070,0.00003403,0,0.3294526573696537276914183423,0.0002218719353906930641874385,0,0.03403,True,True,CF_SIN_INTERRUPCION,permanent,run_4ca498777b23a4815d4fca47
fill-permanent-00000419-1732205040000000000,permanent-00000419,BTCUSDT,futures,SELL,open_perp,1732205040000000000,1732204980000000000,1732204980000000000,1732204980000000000,0,0,all_client,vwap,1732205040000000000,1732205040000000000,1732204980000000000,0.034,0.034,96776.7,96786.46417384946134007303998,3290.4078,1.64520390,0,0,0.33198191088168556248335932,0.00290793269059739392711112,0,0.034,True,True,CF_SIN_INTERRUPCION,permanent,run_4ca498777b23a4815d4fca47
fill-permanent-00000420-1732723440000000000,permanent-00000420,ETHUSDT,futures,BUY,reduce_perp,1732723440000000000,1732723380000000000,1732723380000000000,1732723380000000000,0,0,all_client,vwap,1732723440000000000,1732723440000000000,1732723380000000000,0.125,0.125,3551.18,3550.815545252655315991535580,443.89750,0.221948750,0,0,0.045556843418085501058052500,0.001171649102427309608158250,0,0.125,True,True,CF_SIN_INTERRUPCION,permanent,run_4ca498777b23a4815d4fca47
fill-permanent-00000421-1732723500000000000,permanent-00000421,ETHUSDT,spot,SELL,reduce_spot,1732723500000000000,1732723440000000000,1732723440000000000,1732723440000000000,0,0,all_client,vwap,1732723500000000000,1732723500000000000,1732723440000000000,0.1250,0.1250,3547.77,3548.131753862320551626090841,443.471250,0.443471250,0,0,0.0452192327900689532613551250,0.0008675858667899463660290000,0,0.1250,True,True,CF_SIN_INTERRUPCION,permanent,run_4ca498777b23a4815d4fca47
fill-permanent-00000422-1733328240000000000,permanent-00000422,ETHUSDT,futures,BUY,reduce_perp,1733328240000000000,1733328180000000000,1733328180000000000,1733328180000000000,0,0,all_client,vwap,1733328240000000000,1733328240000000000,1733328180000000000,0.064,0.064,3825.24,3824.853072916955463104454342,244.81536,0.122407680,0,0,0.024763333314850361314922112,0.000284273648181846351053632,0,0.064,True,True,CF_SIN_INTERRUPCION,permanent,run_4ca498777b23a4815d4fca47
fill-permanent-00000423-1733328300000000000,permanent-00000423,ETHUSDT,spot,SELL,reduce_spot,1733328300000000000,1733328240000000000,1733328240000000000,1733328240000000000,0,0,all_client,vwap,1733328300000000000,1733328300000000000,1733328240000000000,0.0640,0.0640,3823.20,3823.589667270833979648210421,244.684800,0.244684800,0,0,0.0249387053333746974854669440,0.0004677314628413600157184000,0,0.0640,True,True,CF_SIN_INTERRUPCION,permanent,run_4ca498777b23a4815d4fca47
fill-permanent-00000424-1735142640000000000,permanent-00000424,ETHUSDT,spot,BUY,increase_spot,1735142640000000000,1735142580000000000,1735142580000000000,1735142580000000000,0,0,all_client,vwap,1735142640000000000,1735142640000000000,1735142580000000000,0.0911,0.0910089,3475.56,3475.204794555422803354288330,316.623516,0.316623516,0.0000911,0,0.0323592160009826144243331370,0.0007001003225827126857755551,0,0.0911,True,True,CF_SIN_INTERRUPCION,permanent,run_4ca498777b23a4815d4fca47
fill-permanent-00000425-1735142700000000000,permanent-00000425,ETHUSDT,futures,SELL,increase_perp,1735142700000000000,1735142640000000000,1735142640000000000,1735142640000000000,0,0,all_client,vwap,1735142700000000000,1735142700000000000,1735142640000000000,0.091,0.091,3470.43,3470.785175113180008977114304,315.80913,0.157904565,0,0,0.032320935299380816917401664,0.000736790205850878835709963,0,0.091,True,True,CF_SIN_INTERRUPCION,permanent,run_4ca498777b23a4815d4fca47
fill-permanent-00000426-1737561840000000000,permanent-00000426,ETHUSDT,spot,BUY,increase_spot,1737561840000000000,1737561780000000000,1737561780000000000,1737561780000000000,0,0,all_client,vwap,1737561840000000000,1737561840000000000,1737561780000000000,0.0631,0.0630369,3275.79,3275.452656133318372290084311,206.702349,0.206702349,0.0000631,0,0.0212863979876107084956799759,0.0006182917274094695665295711,0,0.0631,True,True,CF_SIN_INTERRUPCION,permanent,run_4ca498777b23a4815d4fca47
fill-permanent-00000427-1737561900000000000,permanent-00000427,ETHUSDT,futures,SELL,increase_perp,1737561900000000000,1737561840000000000,1737561840000000000,1737561840000000000,0,0,all_client,vwap,1737561900000000000,1737561900000000000,1737561840000000000,0.063,0.063,3271.92,3272.248150951904858455278300,206.13096,0.103065480,0,0,0.020673509970006082682532900,0.000058346619009082074264636,0,0.063,True,True,CF_SIN_INTERRUPCION,permanent,run_4ca498777b23a4815d4fca47
fill-permanent-00000428-1737648300000000000,permanent-00000428,BTCUSDT,futures,BUY,reduce_perp,1737648300000000000,1737648240000000000,1737648240000000000,1737648240000000000,0,0,all_client,vwap,1737648300000000000,1737648300000000000,1737648240000000000,0.003,0.003,105453.7,105443.0722462396753727477847,316.3611,0.15818055,0,0,0.0318832612809738817566459,0.0002503396071019791448215,0,0.003,True,True,CF_SIN_INTERRUPCION,permanent,run_4ca498777b23a4815d4fca47
fill-permanent-00000429-1737648360000000000,permanent-00000429,BTCUSDT,spot,SELL,reduce_spot,1737648360000000000,1737648300000000000,1737648300000000000,1737648300000000000,0,0,all_client,vwap,1737648360000000000,1737648360000000000,1737648300000000000,0.00300,0.00300,105510.99,105521.5489699998856573159490,316.5329700,0.3165329700,0,0,0.031676909999656971947847000,0.000020445308657006250652200,0,0.00300,True,True,CF_SIN_INTERRUPCION,permanent,run_4ca498777b23a4815d4fca47
fill-permanent-00000430-1738166640000000000,permanent-00000430,ETHUSDT,spot,BUY,increase_spot,1738166640000000000,1738166580000000000,1738166580000000000,1738166580000000000,0,0,all_client,vwap,1738166640000000000,1738166640000000000,1738166580000000000,0.0580,0.0579420,3104.18,3103.868815545870055734480165,180.042440,0.180042440,0.0000580,0,0.0180486983395367674001504300,0.0000462592093707210768904460,0,0.0580,True,True,CF_SIN_INTERRUPCION,permanent,run_4ca498777b23a4815d4fca47
fill-permanent-00000431-1738166700000000000,permanent-00000431,ETHUSDT,futures,SELL,increase_perp,1738166700000000000,1738166640000000000,1738166640000000000,1738166640000000000,0,0,all_client,vwap,1738166700000000000,1738166700000000000,1738166640000000000,0.058,0.058,3100.33,3100.645597518371931037089433,179.81914,0.089909570,0,0,0.018304656065572000151187114,0.000320911599965442951171992,0,0.058,True,True,CF_SIN_INTERRUPCION,permanent,run_4ca498777b23a4815d4fca47
fill-permanent-00000432-1738771440000000000,permanent-00000432,ETHUSDT,spot,BUY,increase_spot,1738771440000000000,1738771380000000000,1738771380000000000,1738771380000000000,0,0,all_client,vwap,1738771440000000000,1738771440000000000,1738771380000000000,0.1332,0.1330668,2771.60,2771.321935382028278352052948,369.177120,0.369177120,0.0001332,0,0.0370382071138333235065473264,0.0001241989345447068388980204,0,0.1332,True,True,CF_SIN_INTERRUPCION,permanent,run_4ca498777b23a4815d4fca47
fill-permanent-00000433-1738771500000000000,permanent-00000433,ETHUSDT,futures,SELL,increase_perp,1738771500000000000,1738771440000000000,1738771440000000000,1738771440000000000,0,0,all_client,vwap,1738771500000000000,1738771500000000000,1738771440000000000,0.133,0.133,2767.16,2767.443578531927400103165749,368.03228,0.184016140,0,0,0.037715944746344213721044617,0.000908945151869579299672456,0,0.133,True,True,CF_SIN_INTERRUPCION,permanent,run_4ca498777b23a4815d4fca47
fill-permanent-00000434-1738857900000000000,permanent-00000434,BTCUSDT,spot,BUY,increase_spot,1738857900000000000,1738857840000000000,1738857840000000000,1738857840000000000,0,0,all_client,vwap,1738857900000000000,1738857900000000000,1738857840000000000,0.00300,0.00299700,97472.76,97463.00711024356710908566807,292.4182800,0.2924182800,0.00000300,0,0.0292586692692986727429957900,0.0000197671362256026102700800,0,0.00300,True,True,CF_SIN_INTERRUPCION,permanent,run_4ca498777b23a4815d4fca47
fill-permanent-00000435-1738857960000000000,permanent-00000435,BTCUSDT,futures,SELL,increase_perp,1738857960000000000,1738857900000000000,1738857900000000000,1738857900000000000,0,0,all_client,vwap,1738857960000000000,1738857960000000000,1738857900000000000,0.003,0.003,97324.5,97334.23412328929412952001509,291.9735,0.14598675,0,0,0.02920236986788238856004527,0.00000209963089560032118927,0,0.003,True,True,CF_SIN_INTERRUPCION,permanent,run_4ca498777b23a4815d4fca47
fill-permanent-00000436-1739376240000000000,permanent-00000436,ETHUSDT,spot,BUY,increase_spot,1739376240000000000,1739376180000000000,1739376180000000000,1739376180000000000,0,0,all_client,vwap,1739376240000000000,1739376240000000000,1739376180000000000,0.0740,0.0739260,2606.48,2606.212162579039246350734981,192.879520,0.192879520,0.0000740,0,0.0198199691510957700456114060,0.0005339991480108796226160040,0,0.0740,True,True,CF_SIN_INTERRUPCION,permanent,run_4ca498777b23a4815d4fca47
fill-permanent-00000437-1739376300000000000,permanent-00000437,ETHUSDT,futures,SELL,increase_perp,1739376300000000000,1739376240000000000,1739376240000000000,1739376240000000000,0,0,all_client,vwap,1739376300000000000,1739376300000000000,1739376240000000000,0.074,0.074,2605.55,2605.817842999175087200427829,192.81070,0.096405350,0,0,0.019820381938956452831659346,0.000537329900762557186376164,0,0.074,True,True,CF_SIN_INTERRUPCION,permanent,run_4ca498777b23a4815d4fca47
fill-permanent-00000438-1740585840000000000,permanent-00000438,ETHUSDT,spot,BUY,increase_spot,1740585840000000000,1740585780000000000,1740585780000000000,1740585780000000000,0,0,all_client,vwap,1740585840000000000,1740585840000000000,1740585780000000000,0.0191,0.0190809,2427.28,2427.032974476483057701856627,46.361048,0.046361048,0.0000191,0,0.0047181874991735978945384243,0.0000825545179235152543278717,0,0.0191,True,True,CF_SIN_INTERRUPCION,permanent,run_4ca498777b23a4815d4fca47
fill-permanent-00000439-1740585900000000000,permanent-00000439,ETHUSDT,futures,SELL,increase_perp,1740585900000000000,1740585840000000000,1740585840000000000,1740585840000000000,0,0,all_client,vwap,1740585900000000000,1740585900000000000,1740585840000000000,0.019,0.019,2422.82,2423.066570984767451437300623,46.03358,0.023016790,0,0,0.004684848710581577308711837,0.000081022225710519150980967,0,0.019,True,True,CF_SIN_INTERRUPCION,permanent,run_4ca498777b23a4815d4fca47
fill-permanent-00000440-1747929900000000000,permanent-00000440,BTCUSDT,futures,BUY,reduce_perp,1747929900000000000,1747929840000000000,1747929840000000000,1747929840000000000,0,0,all_client,vwap,1747929900000000000,1747929900000000000,1747929840000000000,0.004,0.004,111348.0,111336.8223975975137060446276,445.3920,0.22269600,0,0,0.0447104096099451758214896,0.0001756806509061703390716,0,0.004,True,True,CF_SIN_INTERRUPCION,permanent,run_4ca498777b23a4815d4fca47
fill-permanent-00000441-1747929960000000000,permanent-00000441,BTCUSDT,spot,SELL,reduce_spot,1747929960000000000,1747929900000000000,1747929900000000000,1747929900000000000,0,0,all_client,vwap,1747929960000000000,1747929960000000000,1747929900000000000,0.00400,0.00400,111378.43,111389.5704472596111550980910,445.5137200,0.4455137200,0,0,0.044561789038444620392364000,0.000005960859540775930324800,0,0.00400,True,True,CF_SIN_INTERRUPCION,permanent,run_4ca498777b23a4815d4fca47
fill-permanent-00000442-1748534700000000000,permanent-00000442,BTCUSDT,spot,BUY,increase_spot,1748534700000000000,1748534640000000000,1748534640000000000,1748534640000000000,0,0,all_client,vwap,1748534700000000000,1748534700000000000,1748534640000000000,0.00101,0.00100899,107129.73,107119.0098390034544122265257,108.2010273,0.1082010273,0.00000101,0,0.010827362606511043651209043,0.000008342612771694755574116,0,0.00101,True,True,CF_SIN_INTERRUPCION,permanent,run_4ca498777b23a4815d4fca47
fill-permanent-00000443-1748534760000000000,permanent-00000443,BTCUSDT,futures,SELL,increase_perp,1748534760000000000,1748534700000000000,1748534700000000000,1748534700000000000,0,0,all_client,vwap,1748534760000000000,1748534760000000000,1748534700000000000,0.001,0.001,106880.1,106890.8887982501748032343080,106.8801,0.05344005,0,0,0.0107887982501748032343080,0.0000997093703497857539846,0,0.001,True,True,CF_SIN_INTERRUPCION,permanent,run_4ca498777b23a4815d4fca47
fill-permanent-00000444-1749657840000000000,permanent-00000444,ETHUSDT,futures,BUY,reduce_perp,1749657840000000000,1749657780000000000,1749657780000000000,1749657780000000000,0,0,all_client,vwap,1749657840000000000,1749657840000000000,1749657780000000000,0.126,0.126,2861.01,2860.719254628708482389995845,360.48726,0.180243630,0,0,0.036633916782731218860523530,0.000588854174409491982409530,0,0.126,True,True,CF_SIN_INTERRUPCION,permanent,run_4ca498777b23a4815d4fca47
fill-permanent-00000445-1749657900000000000,permanent-00000445,ETHUSDT,spot,SELL,reduce_spot,1749657900000000000,1749657840000000000,1749657840000000000,1749657840000000000,0,0,all_client,vwap,1749657900000000000,1749657900000000000,1749657840000000000,0.1260,0.1260,2858.36,2858.646888880345632986996127,360.153360,0.360153360,0,0,0.0361479989235497563615120020,0.0001290481236574013858758020,0,0.1260,True,True,CF_SIN_INTERRUPCION,permanent,run_4ca498777b23a4815d4fca47
fill-permanent-00000446-1750262640000000000,permanent-00000446,ETHUSDT,spot,BUY,increase_spot,1750262640000000000,1750262580000000000,1750262580000000000,1750262580000000000,0,0,all_client,vwap,1750262640000000000,1750262640000000000,1750262580000000000,0.1671,0.1669329,2506.67,2506.418121370404519276420359,418.864557,0.418864557,0.0001671,0,0.0420889190054048289101580111,0.0002066721973053693930490329,0,0.1671,True,True,CF_SIN_INTERRUPCION,permanent,run_4ca498777b23a4815d4fca47
fill-permanent-00000447-1750262700000000000,permanent-00000447,ETHUSDT,futures,SELL,increase_perp,1750262700000000000,1750262640000000000,1750262640000000000,1750262640000000000,0,0,all_client,vwap,1750262700000000000,1750262700000000000,1750262640000000000,0.167,0.167,2503.92,2504.175633557475528224585925,418.15464,0.209077320,0,0,0.042690804098413213505849475,0.000871071018003372184498822,0,0.167,True,True,CF_SIN_INTERRUPCION,permanent,run_4ca498777b23a4815d4fca47
fill-permanent-00000448-1752077040000000000,permanent-00000448,ETHUSDT,futures,BUY,reduce_perp,1752077040000000000,1752076980000000000,1752076980000000000,1752076980000000000,0,0,all_client,vwap,1752077040000000000,1752077040000000000,1752076980000000000,0.074,0.074,2656.32,2656.052443648483675350466659,196.56768,0.098283840,0,0,0.019799170012208024065467234,0.000144381929209244867873756,0,0.074,True,True,CF_SIN_INTERRUPCION,permanent,run_4ca498777b23a4815d4fca47
fill-permanent-00000449-1752077100000000000,permanent-00000449,ETHUSDT,spot,SELL,reduce_spot,1752077100000000000,1752077040000000000,1752077040000000000,1752077040000000000,0,0,all_client,vwap,1752077100000000000,1752077100000000000,1752077040000000000,0.0740,0.0740,2657.40,2657.671164148565507332165289,196.647600,0.196647600,0,0,0.0200661469938475425802313860,0.0003993803791481578259733280,0,0.0740,True,True,CF_SIN_INTERRUPCION,permanent,run_4ca498777b23a4815d4fca47
fill-permanent-00000450-1752681840000000000,permanent-00000450,ETHUSDT,futures,BUY,reduce_perp,1752681840000000000,1752681780000000000,1752681780000000000,1752681780000000000,0,0,all_client,vwap,1752681840000000000,1752681840000000000,1752681780000000000,0.228,0.228,3240.05,3239.717079327251853663186601,738.73140,0.369365700,0,0,0.075905913386577364793454972,0.002040363977916022529934240,0,0.228,True,True,CF_SIN_INTERRUPCION,permanent,run_4ca498777b23a4815d4fca47
fill-permanent-00000451-1752681900000000000,permanent-00000451,ETHUSDT,spot,SELL,reduce_spot,1752681900000000000,1752681840000000000,1752681840000000000,1752681840000000000,0,0,all_client,vwap,1752681900000000000,1752681900000000000,1752681840000000000,0.2280,0.2280,3237.80,3238.129972940646104984296580,738.218400,0.738218400,0,0,0.0752338304673119364196202400,0.0014044670842652052259782000,0,0.2280,True,True,CF_SIN_INTERRUPCION,permanent,run_4ca498777b23a4815d4fca47
fill-permanent-00000452-1752768300000000000,permanent-00000452,BTCUSDT,futures,BUY,reduce_perp,1752768300000000000,1752768240000000000,1752768240000000000,1752768240000000000,0,0,all_client,vwap,1752768300000000000,1752768300000000000,1752768240000000000,0.003,0.003,118795.0,118783.0793246917483401833702,356.3850,0.17819250,0,0,0.0357620259247549794498894,0.0001271021273474549478345,0,0.003,True,True,CF_SIN_INTERRUPCION,permanent,run_4ca498777b23a4815d4fca47
fill-permanent-00000453-1752768360000000000,permanent-00000453,BTCUSDT,spot,SELL,reduce_spot,1752768360000000000,1752768300000000000,1752768300000000000,1752768300000000000,0,0,all_client,vwap,1752768360000000000,1752768360000000000,1752768300000000000,0.00300,0.00300,118795.31,118807.1947702662528899848790,356.3859300,0.3563859300,0,0,0.035654310798758669954637000,0.000012152367678794087641500,0,0.00300,True,True,CF_SIN_INTERRUPCION,permanent,run_4ca498777b23a4815d4fca47
fill-permanent-00000454-1753286640000000000,permanent-00000454,ETHUSDT,futures,BUY,reduce_perp,1753286640000000000,1753286580000000000,1753286580000000000,1753286580000000000,0,0,all_client,vwap,1753286640000000000,1753286640000000000,1753286580000000000,0.114,0.114,3636.38,3636.011562064631205561175674,414.54732,0.207273660,0,0,0.042001924632042566025973164,0.000551392824505770282575712,0,0.114,True,True,CF_SIN_INTERRUPCION,permanent,run_4ca498777b23a4815d4fca47
fill-permanent-00000455-1753286700000000000,permanent-00000455,ETHUSDT,spot,SELL,reduce_spot,1753286700000000000,1753286640000000000,1753286640000000000,1753286640000000000,0,0,all_client,vwap,1753286700000000000,1753286700000000000,1753286640000000000,0.1140,0.1140,3633.29,3633.662195725298289504134895,414.195060,0.414195060,0,0,0.0424303126840050034713780300,0.0010065636527366029710309480,0,0.1140,True,True,CF_SIN_INTERRUPCION,permanent,run_4ca498777b23a4815d4fca47
fill-permanent-00000456-1754676120000000000,permanent-00000456,ETHUSDT,futures,BUY,close_perp,1754676120000000000,1754676060000000000,1754676060000000000,1754676060000000000,0,0,all_client,vwap,1754676120000000000,1754676120000000000,1754676060000000000,0.934,0.934,4039.86,4039.455582224546395247433268,3773.22924,1.886614620,0,0,0.377726202273666838897327688,0.000441050893894205581217726,0,0.934,True,True,CF_SIN_INTERRUPCION,permanent,run_4ca498777b23a4815d4fca47
fill-permanent-00000457-1754676180000000000,permanent-00000457,ETHUSDT,spot,SELL,close_spot,1754676180000000000,1754676120000000000,1754676120000000000,1754676120000000000,0,0,all_client,vwap,1754676180000000000,1754676180000000000,1754676120000000000,0.9340,0.9340,4043.15,4043.555737538498309893761299,3776.302100,3.776302100,0,0,0.3789588609574214407730532660,0.0012907550713256986289760820,0,0.9340,True,True,CF_SIN_INTERRUPCION,permanent,run_4ca498777b23a4815d4fca47
fill-permanent-00000458-1755100980000000000,permanent-00000458,ETHUSDT,spot,BUY,open_spot,1755100980000000000,1755100860006000000,1755100860006000000,1755100860006000000,0,0,all_client,vwap,1755100980000000000,1755100980000000000,1755100920000000000,0.7308,0.7300692,4663.30,4662.826625227894731726418016,3407.939640,3.407939640,0.0007308,0,0.3459422834545300543337139072,0.0051829136828755073391471336,0,0.7308,True,True,CF_SIN_INTERRUPCION,permanent,run_4ca498777b23a4815d4fca47
fill-permanent-00000459-1755101040000000000,permanent-00000459,ETHUSDT,futures,SELL,open_perp,1755101040000000000,1755100980000000000,1755100980000000000,1755100980000000000,0,0,all_client,vwap,1755101040000000000,1755101040000000000,1755100980000000000,0.730,0.730,4670.35,4670.818552220860690440110481,3409.35550,1.704677750,0,0,0.342043121228304021280651130,0.001073366916181190878523100,0,0.730,True,True,CF_SIN_INTERRUPCION,permanent,run_4ca498777b23a4815d4fca47
fill-permanent-00000460-1755705900000000000,permanent-00000460,ETHUSDT,spot,BUY,increase_spot,1755705900000000000,1755705840000000000,1755705840000000000,1755705840000000000,0,0,all_client,vwap,1755705900000000000,1755705900000000000,1755705840000000000,0.0670,0.0669330,4279.26,4278.831422951153834563513637,286.710420,0.286710420,0.0000670,0,0.0287146622726930842445863210,0.0000464917389203535530108040,0,0.0670,True,True,CF_SIN_INTERRUPCION,permanent,run_4ca498777b23a4815d4fca47
fill-permanent-00000461-1755705960000000000,permanent-00000461,ETHUSDT,futures,SELL,increase_perp,1755705960000000000,1755705900000000000,1755705900000000000,1755705900000000000,0,0,all_client,vwap,1755705960000000000,1755705960000000000,1755705900000000000,0.067,0.067,4277.05,4277.479180388188525280444326,286.56235,0.143281175,0,0,0.028755086008631193789769842,0.000095975500030330670390894,0,0.067,True,True,CF_SIN_INTERRUPCION,permanent,run_4ca498777b23a4815d4fca47
fill-permanent-00000462-1755792300000000000,permanent-00000462,BTCUSDT,spot,BUY,increase_spot,1755792300000000000,1755792240000000000,1755792240000000000,1755792240000000000,0,0,all_client,vwap,1755792300000000000,1755792300000000000,1755792240000000000,0.00200,0.00199800,112755.18,112743.8993835910652920962199,225.5103600,0.2255103600,0.00000200,0,0.022561232817869415807560200,0.000012452941151202749141000,0,0.00200,True,True,CF_SIN_INTERRUPCION,permanent,run_4ca498777b23a4815d4fca47
fill-permanent-00000463-1755792360000000000,permanent-00000463,BTCUSDT,futures,SELL,increase_perp,1755792360000000000,1755792300000000000,1755792300000000000,1755792300000000000,0,0,all_client,vwap,1755792360000000000,1755792360000000000,1755792300000000000,0.002,0.002,112686.5,112697.8660704796531953572927,225.3730,0.11268650,0,0,0.0227321409593063907145854,0.0001925677452104600755140,0,0.002,True,True,CF_SIN_INTERRUPCION,permanent,run_4ca498777b23a4815d4fca47
fill-permanent-00000464-1756310700000000000,permanent-00000464,ETHUSDT,futures,BUY,reduce_perp,1756310700000000000,1756310640000000000,1756310640000000000,1756310640000000000,0,0,all_client,vwap,1756310700000000000,1756310700000000000,1756310640000000000,0.064,0.064,4643.38,4642.910208471029558367583291,297.17632,0.148588160,0,0,0.030066657854108264474669376,0.000352032519893675301116864,0,0.064,True,True,CF_SIN_INTERRUPCION,permanent,run_4ca498777b23a4815d4fca47
fill-permanent-00000465-1756310760000000000,permanent-00000465,ETHUSDT,spot,SELL,reduce_spot,1756310760000000000,1756310700000000000,1756310700000000000,1756310700000000000,0,0,all_client,vwap,1756310760000000000,1756310760000000000,1756310700000000000,0.0640,0.0640,4639.88,4640.349925540870787664794972,296.952320,0.296952320,0,0,0.0300752346157304105468782080,0.0003769950922688375058235520,0,0.0640,True,True,CF_SIN_INTERRUPCION,permanent,run_4ca498777b23a4815d4fca47
fill-permanent-00000466-1757520300000000000,permanent-00000466,ETHUSDT,spot,BUY,increase_spot,1757520300000000000,1757520240000000000,1757520240000000000,1757520240000000000,0,0,all_client,vwap,1757520300000000000,1757520300000000000,1757520240000000000,0.0421,0.0420579,4400.87,4400.423366665549202708732634,185.276627,0.185276627,0.0000421,0,0.0188032633803785659623561086,0.0002774810067166038189523553,0,0.0421,True,True,CF_SIN_INTERRUPCION,permanent,run_4ca498777b23a4815d4fca47
fill-permanent-00000467-1757520360000000000,permanent-00000467,ETHUSDT,futures,SELL,increase_perp,1757520360000000000,1757520300000000000,1757520300000000000,1757520300000000000,0,0,all_client,vwap,1757520360000000000,1757520360000000000,1757520300000000000,0.042,0.042,4396.48,4396.927162623250614055058574,184.65216,0.092326080,0,0,0.018780830176525790312460108,0.000313736093508137733428856,0,0.042,True,True,CF_SIN_INTERRUPCION,permanent,run_4ca498777b23a4815d4fca47
fill-permanent-00000468-1758729900000000000,permanent-00000468,ETHUSDT,spot,BUY,increase_spot,1758729900000000000,1758729840000000000,1758729840000000000,1758729840000000000,0,0,all_client,vwap,1758729900000000000,1758729900000000000,1758729840000000000,0.0450,0.0449550,4164.98,4164.555671814524175691549173,187.424100,0.187424100,0.0000450,0,0.0190947683464120938802872150,0.0003542678232467350896752400,0,0.0450,True,True,CF_SIN_INTERRUPCION,permanent,run_4ca498777b23a4815d4fca47
fill-permanent-00000469-1758729960000000000,permanent-00000469,ETHUSDT,futures,SELL,increase_perp,1758729960000000000,1758729900000000000,1758729900000000000,1758729900000000000,0,0,all_client,vwap,1758729960000000000,1758729960000000000,1758729900000000000,0.045,0.045,4160.52,4160.944230150437859068427047,187.22340,0.093611700,0,0,0.019090356769703658079217115,0.000366107734026687713409180,0,0.045,True,True,CF_SIN_INTERRUPCION,permanent,run_4ca498777b23a4815d4fca47
fill-permanent-00000470-1759421100000000000,permanent-00000470,BTCUSDT,futures,BUY,reduce_perp,1759421100000000000,1759421040000000000,1759421040000000000,1759421040000000000,0,0,all_client,vwap,1759421100000000000,1759421100000000000,1759421040000000000,0.002,0.002,119781.0,119769.0210549054195528402817,239.5620,0.11978100,0,0,0.0239578901891608943194366,0.0000040859781798104088686,0,0.002,True,True,CF_SIN_INTERRUPCION,permanent,run_4ca498777b23a4815d4fca47
fill-permanent-00000471-1759421160000000000,permanent-00000471,BTCUSDT,spot,SELL,reduce_spot,1759421160000000000,1759421100000000000,1759421100000000000,1759421100000000000,0,0,all_client,vwap,1759421160000000000,1759421160000000000,1759421100000000000,0.00200,0.00200,119766.19,119778.1723294978318112849529,239.5323800,0.2395323800,0,0,0.023964658995663622569905800,0.000009024529764056207648800,0,0.00200,True,True,CF_SIN_INTERRUPCION,permanent,run_4ca498777b23a4815d4fca47
fill-permanent-00000472-1759939500000000000,permanent-00000472,ETHUSDT,futures,BUY,reduce_perp,1759939500000000000,1759939440000000000,1759939440000000000,1759939440000000000,0,0,all_client,vwap,1759939500000000000,1759939500000000000,1759939440000000000,0.051,0.051,4439.53,4439.084850628966476870090588,226.41603,0.113208015,0,0,0.022702617922709679625380012,0.000063285184501950593342553,0,0.051,True,True,CF_SIN_INTERRUPCION,permanent,run_4ca498777b23a4815d4fca47
fill-permanent-00000473-1759939560000000000,permanent-00000473,ETHUSDT,spot,SELL,reduce_spot,1759939560000000000,1759939500000000000,1759939500000000000,1759939500000000000,0,0,all_client,vwap,1759939560000000000,1759939560000000000,1759939500000000000,0.0510,0.0510,4441.07,4441.519264064063431143034635,226.494570,0.226494570,0,0,0.0229124672672349882947663850,0.0002607190205082647959369320,0,0.0510,True,True,CF_SIN_INTERRUPCION,permanent,run_4ca498777b23a4815d4fca47
fill-permanent-00000474-1760544300000000000,permanent-00000474,ETHUSDT,spot,BUY,increase_spot,1760544300000000000,1760544240000000000,1760544240000000000,1760544240000000000,0,0,all_client,vwap,1760544300000000000,1760544300000000000,1760544240000000000,0.0891,0.0890109,3983.52,3983.112335325589360585433920,354.931632,0.354931632,0.0000891,0,0.0363229224899879718378377280,0.0008333915822369706350215467,0,0.0891,True,True,CF_SIN_INTERRUPCION,permanent,run_4ca498777b23a4815d4fca47
fill-permanent-00000475-1760544360000000000,permanent-00000475,ETHUSDT,futures,SELL,increase_perp,1760544360000000000,1760544300000000000,1760544300000000000,1760544300000000000,0,0,all_client,vwap,1760544360000000000,1760544360000000000,1760544300000000000,0.089,0.089,3970.54,3970.940591370873556359517905,353.37806,0.176689030,0,0,0.035652632007746515997093545,0.000311260744545741345493817,0,0.089,True,True,CF_SIN_INTERRUPCION,permanent,run_4ca498777b23a4815d4fca47
fill-permanent-00000476-1760630700000000000,permanent-00000476,BTCUSDT,spot,BUY,increase_spot,1760630700000000000,1760630640000000000,1760630640000000000,1760630640000000000,0,0,all_client,vwap,1760630700000000000,1760630700000000000,1760630640000000000,0.00300,0.00299700,108267.57,108256.7357052775937397202519,324.8027100,0.3248027100,0.00000300,0,0.032502884167218780839244300,0.000025863455635502717328300,0,0.00300,True,True,CF_SIN_INTERRUPCION,permanent,run_4ca498777b23a4815d4fca47
fill-permanent-00000477-1760630760000000000,permanent-00000477,BTCUSDT,futures,SELL,increase_perp,1760630760000000000,1760630700000000000,1760630700000000000,1760630700000000000,0,0,all_client,vwap,1760630760000000000,1760630760000000000,1760630700000000000,0.003,0.003,108399.1,108410.0075106093922884074007,325.1973,0.16259865,0,0,0.0327225318281768652222021,0.0001995295749940475356800,0,0.003,True,True,CF_SIN_INTERRUPCION,permanent,run_4ca498777b23a4815d4fca47
fill-permanent-00000478-1762358700000000000,permanent-00000478,ETHUSDT,spot,BUY,increase_spot,1762358700000000000,1762358640000000000,1762358640000000000,1762358640000000000,0,0,all_client,vwap,1762358700000000000,1762358700000000000,1762358640000000000,0.1512,0.1510488,3396.20,3395.851302650341980590088364,513.505440,0.513505440,0.0001512,0,0.0527230392682925347786393632,0.0013777675722193640321172024,0,0.1512,True,True,CF_SIN_INTERRUPCION,permanent,run_4ca498777b23a4815d4fca47
fill-permanent-00000479-1762358760000000000,permanent-00000479,ETHUSDT,futures,SELL,increase_perp,1762358760000000000,1762358700000000000,1762358700000000000,1762358700000000000,0,0,all_client,vwap,1762358760000000000,1762358760000000000,1762358700000000000,0.151,0.151,3398.99,3399.330367900681779476964350,513.24749,0.256623745,0,0,0.051395553002948701021616850,0.000065664447648406151514754,0,0.151,True,True,CF_SIN_INTERRUPCION,permanent,run_4ca498777b23a4815d4fca47
fill-permanent-00000480-1762445100000000000,permanent-00000480,BTCUSDT,spot,BUY,increase_spot,1762445100000000000,1762445040000000000,1762445040000000000,1762445040000000000,0,0,all_client,vwap,1762445100000000000,1762445100000000000,1762445040000000000,0.00100,0.00099900,102076.52,102066.3129912535571785089845,102.0765200,0.1020765200,0.00000100,0,0.010207008746442821491015500,3.77447317465773164600E-7,0,0.00100,True,True,CF_SIN_INTERRUPCION,permanent,run_4ca498777b23a4815d4fca47
fill-permanent-00000481-1762445160000000000,permanent-00000481,BTCUSDT,futures,SELL,increase_perp,1762445160000000000,1762445100000000000,1762445100000000000,1762445100000000000,0,0,all_client,vwap,1762445160000000000,1762445160000000000,1762445100000000000,0.001,0.001,102193.2,102203.4364810209203137484386,102.1932,0.05109660,0,0,0.0102364810209203137484386,0.0000161373728182217170638,0,0.001,True,True,CF_SIN_INTERRUPCION,permanent,run_4ca498777b23a4815d4fca47
fill-permanent-00000482-1763568300000000000,permanent-00000482,ETHUSDT,spot,BUY,increase_spot,1763568300000000000,1763568240000000000,1763568240000000000,1763568240000000000,0,0,all_client,vwap,1763568300000000000,1763568300000000000,1763568240000000000,0.0140,0.0139860,2980.21,2979.906163371950343063750555,41.722940,0.041722940,0.0000140,0,0.0042537127926951971074922300,0.0000818441639744666272029800,0,0.0140,True,True,CF_SIN_INTERRUPCION,permanent,run_4ca498777b23a4815d4fca47
fill-permanent-00000483-1763568360000000000,permanent-00000483,ETHUSDT,futures,SELL,increase_perp,1763568360000000000,1763568300000000000,1763568300000000000,1763568300000000000,0,0,all_client,vwap,1763568360000000000,1763568360000000000,1763568300000000000,0.014,0.014,2968.83,2969.131780243893000364459061,41.56362,0.020781810,0,0,0.004224923414502005102426854,0.000068138922160554901916610,0,0.014,True,True,CF_SIN_INTERRUPCION,permanent,run_4ca498777b23a4815d4fca47
fill-permanent-00000484-1767801900000000000,permanent-00000484,ETHUSDT,spot,BUY,increase_spot,1767801900000000000,1767801840000000000,1767801840000000000,1767801840000000000,0,0,all_client,vwap,1767801900000000000,1767801900000000000,1767801840000000000,0.0080,0.0079920,3168.29,3167.966216841747737693781994,25.346320,0.025346320,0.0000080,0,0.0025902652660180984497440480,0.0000558922925447002595890240,0,0.0080,True,True,CF_SIN_INTERRUPCION,permanent,run_4ca498777b23a4815d4fca47
fill-permanent-00000485-1767801960000000000,permanent-00000485,ETHUSDT,futures,SELL,increase_perp,1767801960000000000,1767801900000000000,1767801900000000000,1767801900000000000,0,0,all_client,vwap,1767801960000000000,1767801960000000000,1767801900000000000,0.008,0.008,3168.21,3168.531505461583209499104548,25.34568,0.012672840,0,0,0.002572043692665675992836384,0.000037218488296409425237104,0,0.008,True,True,CF_SIN_INTERRUPCION,permanent,run_4ca498777b23a4815d4fca47
fill-permanent-00000486-1784736300000000000,permanent-00000486,ETHUSDT,spot,BUY,increase_spot,1784736300000000000,1784736240000000000,1784736240000000000,1784736240000000000,0,0,all_client,vwap,1784736300000000000,1784736300000000000,1784736240000000000,0.0110,0.0109890,1941.23,1941.027256968976045557771722,21.353530,0.021353530,0.0000110,0,0.0022301733412634988645110580,0.0000950433585976252143975110,0,0.0110,True,True,CF_SIN_INTERRUPCION,permanent,run_4ca498777b23a4815d4fca47
fill-permanent-00000487-1784736360000000000,permanent-00000487,ETHUSDT,futures,SELL,increase_perp,1784736360000000000,1784736300000000000,1784736300000000000,1784736300000000000,0,0,all_client,vwap,1784736360000000000,1784736360000000000,1784736300000000000,0.011,0.011,1940.37,1940.571969864391131889243955,21.34407,0.010672035,0,0,0.002221668508302450781683505,0.000087039341451620536605341,0,0.011,True,True,CF_SIN_INTERRUPCION,permanent,run_4ca498777b23a4815d4fca47
