scenario,strategy,run_id,time_ns,original_equity,reconstructed_equity,residual_usdt,ok
BASE_E3,conditional,run_ad71d751b20623006c195ff3,1641081599999999999,10000,10000.0,0.0,True
BASE_E3,conditional,run_ad71d751b20623006c195ff3,1641167999999999999,10000,10000.0,0.0,True
BASE_E3,conditional,run_ad71d751b20623006c195ff3,1641254399999999999,10000,10000.0,0.0,True
BASE_E3,conditional,run_ad71d751b20623006c195ff3,1641340799999999999,10000,10000.0,0.0,True
BASE_E3,conditional,run_ad71d751b20623006c195ff3,1641427199999999999,10000,10000.0,0.0,True
BASE_E3,conditional,run_ad71d751b20623006c195ff3,1641513599999999999,10000,10000.0,0.0,True
BASE_E3,conditional,run_ad71d751b20623006c195ff3,1641599999999999999,10000,10000.0,0.0,True
BASE_E3,conditional,run_ad71d751b20623006c195ff3,1641686399999999999,10000,10000.0,0.0,True
BASE_E3,conditional,run_ad71d751b20623006c195ff3,1641772799999999999,10000,10000.0,0.0,True
BASE_E3,conditional,run_ad71d751b20623006c195ff3,1641859199999999999,10000,10000.0,0.0,True
BASE_E3,conditional,run_ad71d751b20623006c195ff3,1641945599999999999,10000,10000.0,0.0,True
BASE_E3,conditional,run_ad71d751b20623006c195ff3,1642031999999999999,10000,10000.0,0.0,True
BASE_E3,conditional,run_ad71d751b20623006c195ff3,1642118399999999999,10000,10000.0,0.0,True
BASE_E3,conditional,run_ad71d751b20623006c195ff3,1642204799999999999,10000,10000.0,0.0,True
BASE_E3,conditional,run_ad71d751b20623006c195ff3,1642291199999999999,10000,10000.0,0.0,True
BASE_E3,conditional,run_ad71d751b20623006c195ff3,1642377599999999999,10000,10000.0,0.0,True
BASE_E3,conditional,run_ad71d751b20623006c195ff3,1642463999999999999,10000,10000.0,0.0,True
BASE_E3,conditional,run_ad71d751b20623006c195ff3,1642550399999999999,10000,10000.0,0.0,True
BASE_E3,conditional,run_ad71d751b20623006c195ff3,1642636799999999999,10000,10000.0,0.0,True
BASE_E3,conditional,run_ad71d751b20623006c195ff3,1642723199999999999,10000,10000.0,0.0,True
BASE_E3,conditional,run_ad71d751b20623006c195ff3,1642809599999999999,10000,10000.0,0.0,True
BASE_E3,conditional,run_ad71d751b20623006c195ff3,1642895999999999999,10000,10000.0,0.0,True
BASE_E3,conditional,run_ad71d751b20623006c195ff3,1642982399999999999,10000,10000.0,0.0,True
BASE_E3,conditional,run_ad71d751b20623006c195ff3,1643068799999999999,10000,10000.0,0.0,True
BASE_E3,conditional,run_ad71d751b20623006c195ff3,1643155199999999999,10000,10000.0,0.0,True
BASE_E3,conditional,run_ad71d751b20623006c195ff3,1643241599999999999,10000,10000.0,0.0,True
BASE_E3,conditional,run_ad71d751b20623006c195ff3,1643327999999999999,10000,10000.0,0.0,True
BASE_E3,conditional,run_ad71d751b20623006c195ff3,1643414399999999999,10000,10000.0,0.0,True
BASE_E3,conditional,run_ad71d751b20623006c195ff3,1643500799999999999,10000,10000.0,0.0,True
BASE_E3,conditional,run_ad71d751b20623006c195ff3,1643587199999999999,10000,10000.0,0.0,True
BASE_E3,conditional,run_ad71d751b20623006c195ff3,1643673599999999999,10000,10000.0,0.0,True
BASE_E3,permanent,run_dfea4b7ac1475668d5968c97,1641081599999999999,10000,10000.0,0.0,True
BASE_E3,permanent,run_dfea4b7ac1475668d5968c97,1641167999999999999,10000,10000.0,0.0,True
BASE_E3,permanent,run_dfea4b7ac1475668d5968c97,1641254399999999999,10000,10000.0,0.0,True
BASE_E3,permanent,run_dfea4b7ac1475668d5968c97,1641340799999999999,9995.6738691958198400000,9995.67386919582,0.0,True
BASE_E3,permanent,run_dfea4b7ac1475668d5968c97,1641427199999999999,9993.4057831885190650000,9993.40578318852,1.8189894035458565e-12,True
BASE_E3,permanent,run_dfea4b7ac1475668d5968c97,1641513599999999999,9992.8067697761793495160,9992.80676977618,0.0,True
BASE_E3,permanent,run_dfea4b7ac1475668d5968c97,1641599999999999999,9993.8105201294348620985,9993.810520129435,0.0,True
BASE_E3,permanent,run_dfea4b7ac1475668d5968c97,1641686399999999999,9994.8761347593384890985,9994.876134759339,0.0,True
BASE_E3,permanent,run_dfea4b7ac1475668d5968c97,1641772799999999999,9996.8041525242718545115,9996.804152524272,0.0,True
BASE_E3,permanent,run_dfea4b7ac1475668d5968c97,1641859199999999999,9997.7579746984212619900,9997.757974698423,1.8189894035458565e-12,True
BASE_E3,permanent,run_dfea4b7ac1475668d5968c97,1641945599999999999,9999.083747447165352966800000,9999.083747447165,0.0,True
BASE_E3,permanent,run_dfea4b7ac1475668d5968c97,1642031999999999999,9997.537799434980164157400000,9997.53779943498,0.0,True
BASE_E3,permanent,run_dfea4b7ac1475668d5968c97,1642118399999999999,9996.181877726667753542900000,9996.181877726667,0.0,True
BASE_E3,permanent,run_dfea4b7ac1475668d5968c97,1642204799999999999,9996.858205505157373542900000,9996.85820550516,1.8189894035458565e-12,True
BASE_E3,permanent,run_dfea4b7ac1475668d5968c97,1642291199999999999,9997.942296142514968550700000,9997.942296142515,0.0,True
BASE_E3,permanent,run_dfea4b7ac1475668d5968c97,1642377599999999999,9999.071089491960616132700000,9999.071089491961,0.0,True
BASE_E3,permanent,run_dfea4b7ac1475668d5968c97,1642463999999999999,9999.829410008181594848100000,9999.829410008184,1.8189894035458565e-12,True
BASE_E3,permanent,run_dfea4b7ac1475668d5968c97,1642550399999999999,10000.49890070751285110230000,10000.498900707513,0.0,True
BASE_E3,permanent,run_dfea4b7ac1475668d5968c97,1642636799999999999,9999.920189883431971102300000,9999.920189883434,1.8189894035458565e-12,True
BASE_E3,permanent,run_dfea4b7ac1475668d5968c97,1642723199999999999,10004.37172817191475010230000,10004.371728171916,1.8189894035458565e-12,True
BASE_E3,permanent,run_dfea4b7ac1475668d5968c97,1642809599999999999,10004.85129150148182386510000,10004.851291501482,0.0,True
BASE_E3,permanent,run_dfea4b7ac1475668d5968c97,1642895999999999999,10005.90822116198849835220000,10005.908221161988,0.0,True
BASE_E3,permanent,run_dfea4b7ac1475668d5968c97,1642982399999999999,10004.84331535093621383220000,10004.843315350936,0.0,True
BASE_E3,permanent,run_dfea4b7ac1475668d5968c97,1643068799999999999,10006.62352577134989556320000,10006.623525771352,1.8189894035458565e-12,True
BASE_E3,permanent,run_dfea4b7ac1475668d5968c97,1643155199999999999,10007.41174401447528573080000,10007.411744014478,3.637978807091713e-12,True
BASE_E3,permanent,run_dfea4b7ac1475668d5968c97,1643241599999999999,10004.84618930569647917830000,10004.846189305696,0.0,True
BASE_E3,permanent,run_dfea4b7ac1475668d5968c97,1643327999999999999,10005.22375790594940444590000,10005.22375790595,0.0,True
BASE_E3,permanent,run_dfea4b7ac1475668d5968c97,1643414399999999999,10004.69684593977016766840000,10004.69684593977,0.0,True
BASE_E3,permanent,run_dfea4b7ac1475668d5968c97,1643500799999999999,10004.67795208315989613590000,10004.677952083162,1.8189894035458565e-12,True
BASE_E3,permanent,run_dfea4b7ac1475668d5968c97,1643587199999999999,10004.03693392310462381650000,10004.036933923106,1.8189894035458565e-12,True
BASE_E3,permanent,run_dfea4b7ac1475668d5968c97,1643673599999999999,10005.05975101864461182350000,10005.059751018645,0.0,True
MARGEN_2X,conditional,run_70383794701c4f0fc157b2ed,1641081599999999999,10000,10000.0,0.0,True
MARGEN_2X,conditional,run_70383794701c4f0fc157b2ed,1641167999999999999,10000,10000.0,0.0,True
MARGEN_2X,conditional,run_70383794701c4f0fc157b2ed,1641254399999999999,10000,10000.0,0.0,True
MARGEN_2X,conditional,run_70383794701c4f0fc157b2ed,1641340799999999999,10000,10000.0,0.0,True
MARGEN_2X,conditional,run_70383794701c4f0fc157b2ed,1641427199999999999,10000,10000.0,0.0,True
MARGEN_2X,conditional,run_70383794701c4f0fc157b2ed,1641513599999999999,10000,10000.0,0.0,True
MARGEN_2X,conditional,run_70383794701c4f0fc157b2ed,1641599999999999999,10000,10000.0,0.0,True
MARGEN_2X,conditional,run_70383794701c4f0fc157b2ed,1641686399999999999,10000,10000.0,0.0,True
MARGEN_2X,conditional,run_70383794701c4f0fc157b2ed,1641772799999999999,10000,10000.0,0.0,True
MARGEN_2X,conditional,run_70383794701c4f0fc157b2ed,1641859199999999999,10000,10000.0,0.0,True
MARGEN_2X,conditional,run_70383794701c4f0fc157b2ed,1641945599999999999,10000,10000.0,0.0,True
MARGEN_2X,conditional,run_70383794701c4f0fc157b2ed,1642031999999999999,10000,10000.0,0.0,True
MARGEN_2X,conditional,run_70383794701c4f0fc157b2ed,1642118399999999999,10000,10000.0,0.0,True
MARGEN_2X,conditional,run_70383794701c4f0fc157b2ed,1642204799999999999,10000,10000.0,0.0,True
MARGEN_2X,conditional,run_70383794701c4f0fc157b2ed,1642291199999999999,10000,10000.0,0.0,True
MARGEN_2X,conditional,run_70383794701c4f0fc157b2ed,1642377599999999999,10000,10000.0,0.0,True
MARGEN_2X,conditional,run_70383794701c4f0fc157b2ed,1642463999999999999,10000,10000.0,0.0,True
MARGEN_2X,conditional,run_70383794701c4f0fc157b2ed,1642550399999999999,10000,10000.0,0.0,True
MARGEN_2X,conditional,run_70383794701c4f0fc157b2ed,1642636799999999999,10000,10000.0,0.0,True
MARGEN_2X,conditional,run_70383794701c4f0fc157b2ed,1642723199999999999,10000,10000.0,0.0,True
MARGEN_2X,conditional,run_70383794701c4f0fc157b2ed,1642809599999999999,10000,10000.0,0.0,True
MARGEN_2X,conditional,run_70383794701c4f0fc157b2ed,1642895999999999999,10000,10000.0,0.0,True
MARGEN_2X,conditional,run_70383794701c4f0fc157b2ed,1642982399999999999,10000,10000.0,0.0,True
MARGEN_2X,conditional,run_70383794701c4f0fc157b2ed,1643068799999999999,10000,10000.0,0.0,True
MARGEN_2X,conditional,run_70383794701c4f0fc157b2ed,1643155199999999999,10000,10000.0,0.0,True
MARGEN_2X,conditional,run_70383794701c4f0fc157b2ed,1643241599999999999,10000,10000.0,0.0,True
MARGEN_2X,conditional,run_70383794701c4f0fc157b2ed,1643327999999999999,10000,10000.0,0.0,True
MARGEN_2X,conditional,run_70383794701c4f0fc157b2ed,1643414399999999999,10000,10000.0,0.0,True
MARGEN_2X,conditional,run_70383794701c4f0fc157b2ed,1643500799999999999,10000,10000.0,0.0,True
MARGEN_2X,conditional,run_70383794701c4f0fc157b2ed,1643587199999999999,10000,10000.0,0.0,True
MARGEN_2X,conditional,run_70383794701c4f0fc157b2ed,1643673599999999999,10000,10000.0,0.0,True
MARGEN_2X,permanent,run_3f5d9cce8ff1c2ba5447e3b6,1641081599999999999,10000,10000.0,0.0,True
MARGEN_2X,permanent,run_3f5d9cce8ff1c2ba5447e3b6,1641167999999999999,10000,10000.0,0.0,True
MARGEN_2X,permanent,run_3f5d9cce8ff1c2ba5447e3b6,1641254399999999999,10000,10000.0,0.0,True
MARGEN_2X,permanent,run_3f5d9cce8ff1c2ba5447e3b6,1641340799999999999,9995.6738691958198400000,9995.67386919582,0.0,True
MARGEN_2X,permanent,run_3f5d9cce8ff1c2ba5447e3b6,1641427199999999999,9993.4057831885190650000,9993.40578318852,1.8189894035458565e-12,True
MARGEN_2X,permanent,run_3f5d9cce8ff1c2ba5447e3b6,1641513599999999999,9992.8067697761793495160,9992.80676977618,0.0,True
MARGEN_2X,permanent,run_3f5d9cce8ff1c2ba5447e3b6,1641599999999999999,9993.8105201294348620985,9993.810520129435,0.0,True
MARGEN_2X,permanent,run_3f5d9cce8ff1c2ba5447e3b6,1641686399999999999,9994.8761347593384890985,9994.876134759339,0.0,True
MARGEN_2X,permanent,run_3f5d9cce8ff1c2ba5447e3b6,1641772799999999999,9996.8041525242718545115,9996.804152524272,0.0,True
MARGEN_2X,permanent,run_3f5d9cce8ff1c2ba5447e3b6,1641859199999999999,9997.7579746984212619900,9997.757974698423,1.8189894035458565e-12,True
MARGEN_2X,permanent,run_3f5d9cce8ff1c2ba5447e3b6,1641945599999999999,9999.083747447165352966800000,9999.083747447165,0.0,True
MARGEN_2X,permanent,run_3f5d9cce8ff1c2ba5447e3b6,1642031999999999999,9997.537799434980164157400000,9997.53779943498,0.0,True
MARGEN_2X,permanent,run_3f5d9cce8ff1c2ba5447e3b6,1642118399999999999,9996.181877726667753542900000,9996.181877726667,0.0,True
MARGEN_2X,permanent,run_3f5d9cce8ff1c2ba5447e3b6,1642204799999999999,9996.858205505157373542900000,9996.85820550516,1.8189894035458565e-12,True
MARGEN_2X,permanent,run_3f5d9cce8ff1c2ba5447e3b6,1642291199999999999,9997.942296142514968550700000,9997.942296142515,0.0,True
MARGEN_2X,permanent,run_3f5d9cce8ff1c2ba5447e3b6,1642377599999999999,9999.071089491960616132700000,9999.071089491961,0.0,True
MARGEN_2X,permanent,run_3f5d9cce8ff1c2ba5447e3b6,1642463999999999999,9999.829410008181594848100000,9999.829410008184,1.8189894035458565e-12,True
MARGEN_2X,permanent,run_3f5d9cce8ff1c2ba5447e3b6,1642550399999999999,10000.49890070751285110230000,10000.498900707513,0.0,True
MARGEN_2X,permanent,run_3f5d9cce8ff1c2ba5447e3b6,1642636799999999999,9999.920189883431971102300000,9999.920189883434,1.8189894035458565e-12,True
MARGEN_2X,permanent,run_3f5d9cce8ff1c2ba5447e3b6,1642723199999999999,10004.37172817191475010230000,10004.371728171916,1.8189894035458565e-12,True
MARGEN_2X,permanent,run_3f5d9cce8ff1c2ba5447e3b6,1642809599999999999,10004.85129150148182386510000,10004.851291501482,0.0,True
MARGEN_2X,permanent,run_3f5d9cce8ff1c2ba5447e3b6,1642895999999999999,10005.90822116198849835220000,10005.908221161988,0.0,True
MARGEN_2X,permanent,run_3f5d9cce8ff1c2ba5447e3b6,1642982399999999999,10004.84331535093621383220000,10004.843315350936,0.0,True
MARGEN_2X,permanent,run_3f5d9cce8ff1c2ba5447e3b6,1643068799999999999,10006.62352577134989556320000,10006.623525771352,1.8189894035458565e-12,True
MARGEN_2X,permanent,run_3f5d9cce8ff1c2ba5447e3b6,1643155199999999999,10007.41174401447528573080000,10007.411744014478,3.637978807091713e-12,True
MARGEN_2X,permanent,run_3f5d9cce8ff1c2ba5447e3b6,1643241599999999999,10004.84618930569647917830000,10004.846189305696,0.0,True
MARGEN_2X,permanent,run_3f5d9cce8ff1c2ba5447e3b6,1643327999999999999,10005.22375790594940444590000,10005.22375790595,0.0,True
MARGEN_2X,permanent,run_3f5d9cce8ff1c2ba5447e3b6,1643414399999999999,10004.69684593977016766840000,10004.69684593977,0.0,True
MARGEN_2X,permanent,run_3f5d9cce8ff1c2ba5447e3b6,1643500799999999999,10004.67795208315989613590000,10004.677952083162,1.8189894035458565e-12,True
MARGEN_2X,permanent,run_3f5d9cce8ff1c2ba5447e3b6,1643587199999999999,10004.03693392310462381650000,10004.036933923106,1.8189894035458565e-12,True
MARGEN_2X,permanent,run_3f5d9cce8ff1c2ba5447e3b6,1643673599999999999,10005.05975101864461182350000,10005.059751018645,0.0,True
BASE_E3,conditional,run_ad71d751b20623006c195ff3,1643759999999999999,10000,10000.0,0.0,True
BASE_E3,conditional,run_ad71d751b20623006c195ff3,1643846399999999999,10000,10000.0,0.0,True
BASE_E3,conditional,run_ad71d751b20623006c195ff3,1643932799999999999,10000,10000.0,0.0,True
BASE_E3,conditional,run_ad71d751b20623006c195ff3,1644019199999999999,10000,10000.0,0.0,True
BASE_E3,conditional,run_ad71d751b20623006c195ff3,1644105599999999999,10000,10000.0,0.0,True
BASE_E3,conditional,run_ad71d751b20623006c195ff3,1644191999999999999,10000,10000.0,0.0,True
BASE_E3,conditional,run_ad71d751b20623006c195ff3,1644278399999999999,10000,10000.0,0.0,True
BASE_E3,conditional,run_ad71d751b20623006c195ff3,1644364799999999999,10000,10000.0,0.0,True
BASE_E3,conditional,run_ad71d751b20623006c195ff3,1644451199999999999,10000,10000.0,0.0,True
BASE_E3,conditional,run_ad71d751b20623006c195ff3,1644537599999999999,10000,10000.0,0.0,True
BASE_E3,conditional,run_ad71d751b20623006c195ff3,1644623999999999999,10000,10000.0,0.0,True
BASE_E3,conditional,run_ad71d751b20623006c195ff3,1644710399999999999,10000,10000.0,0.0,True
BASE_E3,conditional,run_ad71d751b20623006c195ff3,1644796799999999999,10000,10000.0,0.0,True
BASE_E3,conditional,run_ad71d751b20623006c195ff3,1644883199999999999,10000,10000.0,0.0,True
BASE_E3,conditional,run_ad71d751b20623006c195ff3,1644969599999999999,10000,10000.0,0.0,True
BASE_E3,conditional,run_ad71d751b20623006c195ff3,1645055999999999999,10000,10000.0,0.0,True
BASE_E3,conditional,run_ad71d751b20623006c195ff3,1645142399999999999,10000,10000.0,0.0,True
BASE_E3,conditional,run_ad71d751b20623006c195ff3,1645228799999999999,10000,10000.0,0.0,True
BASE_E3,conditional,run_ad71d751b20623006c195ff3,1645315199999999999,10000,10000.0,0.0,True
BASE_E3,conditional,run_ad71d751b20623006c195ff3,1645401599999999999,10000,10000.0,0.0,True
BASE_E3,conditional,run_ad71d751b20623006c195ff3,1645487999999999999,10000,10000.0,0.0,True
BASE_E3,conditional,run_ad71d751b20623006c195ff3,1645574399999999999,10000,10000.0,0.0,True
BASE_E3,conditional,run_ad71d751b20623006c195ff3,1645660799999999999,10000,10000.0,0.0,True
BASE_E3,conditional,run_ad71d751b20623006c195ff3,1645747199999999999,10000,10000.0,0.0,True
BASE_E3,conditional,run_ad71d751b20623006c195ff3,1645833599999999999,10000,10000.0,0.0,True
BASE_E3,conditional,run_ad71d751b20623006c195ff3,1645919999999999999,10000,10000.0,0.0,True
BASE_E3,conditional,run_ad71d751b20623006c195ff3,1646006399999999999,10000,10000.0,0.0,True
BASE_E3,conditional,run_ad71d751b20623006c195ff3,1646092799999999999,10000,10000.0,0.0,True
BASE_E3,permanent,run_dfea4b7ac1475668d5968c97,1643759999999999999,10004.87604294898360775990000,10004.876042948983,0.0,True
BASE_E3,permanent,run_dfea4b7ac1475668d5968c97,1643846399999999999,10004.37415703868650775990000,10004.374157038688,1.8189894035458565e-12,True
BASE_E3,permanent,run_dfea4b7ac1475668d5968c97,1643932799999999999,10002.05509333047245295190000,10002.055093330475,1.8189894035458565e-12,True
BASE_E3,permanent,run_dfea4b7ac1475668d5968c97,1644019199999999999,10003.87703124740389795190000,10003.877031247404,0.0,True
BASE_E3,permanent,run_dfea4b7ac1475668d5968c97,1644105599999999999,10004.44560145251493195190000,10004.445601452515,0.0,True
BASE_E3,permanent,run_dfea4b7ac1475668d5968c97,1644191999999999999,10006.68959644795234895190000,10006.689596447954,1.8189894035458565e-12,True
BASE_E3,permanent,run_dfea4b7ac1475668d5968c97,1644278399999999999,10006.55389556270727858580000,10006.553895562707,0.0,True
BASE_E3,permanent,run_dfea4b7ac1475668d5968c97,1644364799999999999,10008.92874166665813987180000,10008.928741666658,0.0,True
BASE_E3,permanent,run_dfea4b7ac1475668d5968c97,1644451199999999999,10009.70042708843631078560000,10009.700427088437,0.0,True
BASE_E3,permanent,run_dfea4b7ac1475668d5968c97,1644537599999999999,10011.63759367280588435370000,10011.637593672805,0.0,True
BASE_E3,permanent,run_dfea4b7ac1475668d5968c97,1644623999999999999,10008.88552873127215114060000,10008.885528731273,0.0,True
BASE_E3,permanent,run_dfea4b7ac1475668d5968c97,1644710399999999999,10010.82644795152523614060000,10010.826447951526,0.0,True
BASE_E3,permanent,run_dfea4b7ac1475668d5968c97,1644796799999999999,10008.22477811364294076560000,10008.224778113641,-1.8189894035458565e-12,True
BASE_E3,permanent,run_dfea4b7ac1475668d5968c97,1644883199999999999,10012.51772714300606569220000,10012.517727143008,1.8189894035458565e-12,True
BASE_E3,permanent,run_dfea4b7ac1475668d5968c97,1644969599999999999,10012.44743089748464956860000,10012.447430897486,1.8189894035458565e-12,True
BASE_E3,permanent,run_dfea4b7ac1475668d5968c97,1645055999999999999,10013.31303762328870356860000,10013.313037623291,1.8189894035458565e-12,True
BASE_E3,permanent,run_dfea4b7ac1475668d5968c97,1645142399999999999,10017.79678129369004184160000,10017.79678129369,0.0,True
BASE_E3,permanent,run_dfea4b7ac1475668d5968c97,1645228799999999999,10016.23246309283536897680000,10016.232463092836,0.0,True
BASE_E3,permanent,run_dfea4b7ac1475668d5968c97,1645315199999999999,10018.36304694711042986680000,10018.36304694711,0.0,True
BASE_E3,permanent,run_dfea4b7ac1475668d5968c97,1645401599999999999,10017.88329745019748910330000,10017.883297450197,-1.8189894035458565e-12,True
BASE_E3,permanent,run_dfea4b7ac1475668d5968c97,1645487999999999999,10016.56598640765632582430000,10016.565986407655,-1.8189894035458565e-12,True
BASE_E3,permanent,run_dfea4b7ac1475668d5968c97,1645574399999999999,10017.65066782922877647660000,10017.650667829228,0.0,True
BASE_E3,permanent,run_dfea4b7ac1475668d5968c97,1645660799999999999,10018.72180877857168862740000,10018.721808778571,0.0,True
BASE_E3,permanent,run_dfea4b7ac1475668d5968c97,1645747199999999999,10016.36142683719921956190000,10016.361426837198,0.0,True
BASE_E3,permanent,run_dfea4b7ac1475668d5968c97,1645833599999999999,10017.30874852030550656190000,10017.308748520307,1.8189894035458565e-12,True
BASE_E3,permanent,run_dfea4b7ac1475668d5968c97,1645919999999999999,10019.40530504141222820770000,10019.405305041413,1.8189894035458565e-12,True
BASE_E3,permanent,run_dfea4b7ac1475668d5968c97,1646006399999999999,10019.57763106734183610700000,10019.577631067343,0.0,True
BASE_E3,permanent,run_dfea4b7ac1475668d5968c97,1646092799999999999,10017.76978735360096788620000,10017.769787353602,0.0,True
MARGEN_2X,conditional,run_70383794701c4f0fc157b2ed,1643759999999999999,10000,10000.0,0.0,True
MARGEN_2X,conditional,run_70383794701c4f0fc157b2ed,1643846399999999999,10000,10000.0,0.0,True
MARGEN_2X,conditional,run_70383794701c4f0fc157b2ed,1643932799999999999,10000,10000.0,0.0,True
MARGEN_2X,conditional,run_70383794701c4f0fc157b2ed,1644019199999999999,10000,10000.0,0.0,True
MARGEN_2X,conditional,run_70383794701c4f0fc157b2ed,1644105599999999999,10000,10000.0,0.0,True
MARGEN_2X,conditional,run_70383794701c4f0fc157b2ed,1644191999999999999,10000,10000.0,0.0,True
MARGEN_2X,conditional,run_70383794701c4f0fc157b2ed,1644278399999999999,10000,10000.0,0.0,True
MARGEN_2X,conditional,run_70383794701c4f0fc157b2ed,1644364799999999999,10000,10000.0,0.0,True
MARGEN_2X,conditional,run_70383794701c4f0fc157b2ed,1644451199999999999,10000,10000.0,0.0,True
MARGEN_2X,conditional,run_70383794701c4f0fc157b2ed,1644537599999999999,10000,10000.0,0.0,True
MARGEN_2X,conditional,run_70383794701c4f0fc157b2ed,1644623999999999999,10000,10000.0,0.0,True
MARGEN_2X,conditional,run_70383794701c4f0fc157b2ed,1644710399999999999,10000,10000.0,0.0,True
MARGEN_2X,conditional,run_70383794701c4f0fc157b2ed,1644796799999999999,10000,10000.0,0.0,True
MARGEN_2X,conditional,run_70383794701c4f0fc157b2ed,1644883199999999999,10000,10000.0,0.0,True
MARGEN_2X,conditional,run_70383794701c4f0fc157b2ed,1644969599999999999,10000,10000.0,0.0,True
MARGEN_2X,conditional,run_70383794701c4f0fc157b2ed,1645055999999999999,10000,10000.0,0.0,True
MARGEN_2X,conditional,run_70383794701c4f0fc157b2ed,1645142399999999999,10000,10000.0,0.0,True
MARGEN_2X,conditional,run_70383794701c4f0fc157b2ed,1645228799999999999,10000,10000.0,0.0,True
MARGEN_2X,conditional,run_70383794701c4f0fc157b2ed,1645315199999999999,10000,10000.0,0.0,True
MARGEN_2X,conditional,run_70383794701c4f0fc157b2ed,1645401599999999999,10000,10000.0,0.0,True
MARGEN_2X,conditional,run_70383794701c4f0fc157b2ed,1645487999999999999,10000,10000.0,0.0,True
MARGEN_2X,conditional,run_70383794701c4f0fc157b2ed,1645574399999999999,10000,10000.0,0.0,True
MARGEN_2X,conditional,run_70383794701c4f0fc157b2ed,1645660799999999999,10000,10000.0,0.0,True
MARGEN_2X,conditional,run_70383794701c4f0fc157b2ed,1645747199999999999,10000,10000.0,0.0,True
MARGEN_2X,conditional,run_70383794701c4f0fc157b2ed,1645833599999999999,10000,10000.0,0.0,True
MARGEN_2X,conditional,run_70383794701c4f0fc157b2ed,1645919999999999999,10000,10000.0,0.0,True
MARGEN_2X,conditional,run_70383794701c4f0fc157b2ed,1646006399999999999,10000,10000.0,0.0,True
MARGEN_2X,conditional,run_70383794701c4f0fc157b2ed,1646092799999999999,10000,10000.0,0.0,True
MARGEN_2X,permanent,run_3f5d9cce8ff1c2ba5447e3b6,1643759999999999999,10004.87604294898360775990000,10004.876042948983,0.0,True
MARGEN_2X,permanent,run_3f5d9cce8ff1c2ba5447e3b6,1643846399999999999,10004.37415703868650775990000,10004.374157038688,1.8189894035458565e-12,True
MARGEN_2X,permanent,run_3f5d9cce8ff1c2ba5447e3b6,1643932799999999999,10002.05509333047245295190000,10002.055093330475,1.8189894035458565e-12,True
MARGEN_2X,permanent,run_3f5d9cce8ff1c2ba5447e3b6,1644019199999999999,10003.87703124740389795190000,10003.877031247404,0.0,True
MARGEN_2X,permanent,run_3f5d9cce8ff1c2ba5447e3b6,1644105599999999999,10004.44560145251493195190000,10004.445601452515,0.0,True
MARGEN_2X,permanent,run_3f5d9cce8ff1c2ba5447e3b6,1644191999999999999,10006.68959644795234895190000,10006.689596447954,1.8189894035458565e-12,True
MARGEN_2X,permanent,run_3f5d9cce8ff1c2ba5447e3b6,1644278399999999999,10006.55389556270727858580000,10006.553895562707,0.0,True
MARGEN_2X,permanent,run_3f5d9cce8ff1c2ba5447e3b6,1644364799999999999,10008.92874166665813987180000,10008.928741666658,0.0,True
MARGEN_2X,permanent,run_3f5d9cce8ff1c2ba5447e3b6,1644451199999999999,10009.70042708843631078560000,10009.700427088437,0.0,True
MARGEN_2X,permanent,run_3f5d9cce8ff1c2ba5447e3b6,1644537599999999999,10011.63759367280588435370000,10011.637593672805,0.0,True
MARGEN_2X,permanent,run_3f5d9cce8ff1c2ba5447e3b6,1644623999999999999,10008.88552873127215114060000,10008.885528731273,0.0,True
MARGEN_2X,permanent,run_3f5d9cce8ff1c2ba5447e3b6,1644710399999999999,10010.82644795152523614060000,10010.826447951526,0.0,True
MARGEN_2X,permanent,run_3f5d9cce8ff1c2ba5447e3b6,1644796799999999999,10008.22477811364294076560000,10008.224778113641,-1.8189894035458565e-12,True
MARGEN_2X,permanent,run_3f5d9cce8ff1c2ba5447e3b6,1644883199999999999,10012.51772714300606569220000,10012.517727143008,1.8189894035458565e-12,True
MARGEN_2X,permanent,run_3f5d9cce8ff1c2ba5447e3b6,1644969599999999999,10012.44743089748464956860000,10012.447430897486,1.8189894035458565e-12,True
MARGEN_2X,permanent,run_3f5d9cce8ff1c2ba5447e3b6,1645055999999999999,10013.31303762328870356860000,10013.313037623291,1.8189894035458565e-12,True
MARGEN_2X,permanent,run_3f5d9cce8ff1c2ba5447e3b6,1645142399999999999,10017.79678129369004184160000,10017.79678129369,0.0,True
MARGEN_2X,permanent,run_3f5d9cce8ff1c2ba5447e3b6,1645228799999999999,10016.23246309283536897680000,10016.232463092836,0.0,True
MARGEN_2X,permanent,run_3f5d9cce8ff1c2ba5447e3b6,1645315199999999999,10018.36304694711042986680000,10018.36304694711,0.0,True
MARGEN_2X,permanent,run_3f5d9cce8ff1c2ba5447e3b6,1645401599999999999,10017.88329745019748910330000,10017.883297450197,-1.8189894035458565e-12,True
MARGEN_2X,permanent,run_3f5d9cce8ff1c2ba5447e3b6,1645487999999999999,10016.56598640765632582430000,10016.565986407655,-1.8189894035458565e-12,True
MARGEN_2X,permanent,run_3f5d9cce8ff1c2ba5447e3b6,1645574399999999999,10017.65066782922877647660000,10017.650667829228,0.0,True
MARGEN_2X,permanent,run_3f5d9cce8ff1c2ba5447e3b6,1645660799999999999,10018.72180877857168862740000,10018.721808778571,0.0,True
MARGEN_2X,permanent,run_3f5d9cce8ff1c2ba5447e3b6,1645747199999999999,10016.36142683719921956190000,10016.361426837198,0.0,True
MARGEN_2X,permanent,run_3f5d9cce8ff1c2ba5447e3b6,1645833599999999999,10017.30874852030550656190000,10017.308748520307,1.8189894035458565e-12,True
MARGEN_2X,permanent,run_3f5d9cce8ff1c2ba5447e3b6,1645919999999999999,10019.40530504141222820770000,10019.405305041413,1.8189894035458565e-12,True
MARGEN_2X,permanent,run_3f5d9cce8ff1c2ba5447e3b6,1646006399999999999,10019.57763106734183610700000,10019.577631067343,0.0,True
MARGEN_2X,permanent,run_3f5d9cce8ff1c2ba5447e3b6,1646092799999999999,10017.76978735360096788620000,10017.769787353602,0.0,True
BASE_E3,conditional,run_ad71d751b20623006c195ff3,1646179199999999999,10000,10000.0,0.0,True
BASE_E3,conditional,run_ad71d751b20623006c195ff3,1646265599999999999,10000,10000.0,0.0,True
BASE_E3,conditional,run_ad71d751b20623006c195ff3,1646351999999999999,10000,10000.0,0.0,True
BASE_E3,conditional,run_ad71d751b20623006c195ff3,1646438399999999999,10000,10000.0,0.0,True
BASE_E3,conditional,run_ad71d751b20623006c195ff3,1646524799999999999,10000,10000.0,0.0,True
BASE_E3,conditional,run_ad71d751b20623006c195ff3,1646611199999999999,10000,10000.0,0.0,True
BASE_E3,conditional,run_ad71d751b20623006c195ff3,1646697599999999999,10000,10000.0,0.0,True
BASE_E3,conditional,run_ad71d751b20623006c195ff3,1646783999999999999,10000,10000.0,0.0,True
BASE_E3,conditional,run_ad71d751b20623006c195ff3,1646870399999999999,10000,10000.0,0.0,True
BASE_E3,conditional,run_ad71d751b20623006c195ff3,1646956799999999999,10000,10000.0,0.0,True
BASE_E3,conditional,run_ad71d751b20623006c195ff3,1647043199999999999,10000,10000.0,0.0,True
BASE_E3,conditional,run_ad71d751b20623006c195ff3,1647129599999999999,10000,10000.0,0.0,True
BASE_E3,conditional,run_ad71d751b20623006c195ff3,1647215999999999999,10000,10000.0,0.0,True
BASE_E3,conditional,run_ad71d751b20623006c195ff3,1647302399999999999,10000,10000.0,0.0,True
BASE_E3,conditional,run_ad71d751b20623006c195ff3,1647388799999999999,10000,10000.0,0.0,True
BASE_E3,conditional,run_ad71d751b20623006c195ff3,1647475199999999999,10000,10000.0,0.0,True
BASE_E3,conditional,run_ad71d751b20623006c195ff3,1647561599999999999,10000,10000.0,0.0,True
BASE_E3,conditional,run_ad71d751b20623006c195ff3,1647647999999999999,10000,10000.0,0.0,True
BASE_E3,conditional,run_ad71d751b20623006c195ff3,1647734399999999999,10000,10000.0,0.0,True
BASE_E3,conditional,run_ad71d751b20623006c195ff3,1647820799999999999,10000,10000.0,0.0,True
BASE_E3,conditional,run_ad71d751b20623006c195ff3,1647907199999999999,10000,10000.0,0.0,True
BASE_E3,conditional,run_ad71d751b20623006c195ff3,1647993599999999999,10000,10000.0,0.0,True
BASE_E3,conditional,run_ad71d751b20623006c195ff3,1648079999999999999,10000,10000.0,0.0,True
BASE_E3,conditional,run_ad71d751b20623006c195ff3,1648166399999999999,10000,10000.0,0.0,True
BASE_E3,conditional,run_ad71d751b20623006c195ff3,1648252799999999999,10000,10000.0,0.0,True
BASE_E3,conditional,run_ad71d751b20623006c195ff3,1648339199999999999,10000,10000.0,0.0,True
BASE_E3,conditional,run_ad71d751b20623006c195ff3,1648425599999999999,10000,10000.0,0.0,True
BASE_E3,conditional,run_ad71d751b20623006c195ff3,1648511999999999999,10000,10000.0,0.0,True
BASE_E3,conditional,run_ad71d751b20623006c195ff3,1648598399999999999,10000,10000.0,0.0,True
BASE_E3,conditional,run_ad71d751b20623006c195ff3,1648684799999999999,10000,10000.0,0.0,True
BASE_E3,conditional,run_ad71d751b20623006c195ff3,1648771199999999999,10000,10000.0,0.0,True
BASE_E3,permanent,run_dfea4b7ac1475668d5968c97,1646179199999999999,10020.21579239066735688620000,10020.215792390667,0.0,True
BASE_E3,permanent,run_dfea4b7ac1475668d5968c97,1646265599999999999,10019.93665618687796488620000,10019.93665618688,1.8189894035458565e-12,True
BASE_E3,permanent,run_dfea4b7ac1475668d5968c97,1646351999999999999,10022.18074625175849588620000,10022.180746251759,0.0,True
BASE_E3,permanent,run_dfea4b7ac1475668d5968c97,1646438399999999999,10026.02943906836793988620000,10026.029439068368,0.0,True
BASE_E3,permanent,run_dfea4b7ac1475668d5968c97,1646524799999999999,10026.21169740537302318060000,10026.211697405373,0.0,True
BASE_E3,permanent,run_dfea4b7ac1475668d5968c97,1646611199999999999,10026.90476094571322105860000,10026.904760945712,-1.8189894035458565e-12,True
BASE_E3,permanent,run_dfea4b7ac1475668d5968c97,1646697599999999999,10026.11780277155622105860000,10026.117802771558,1.8189894035458565e-12,True
BASE_E3,permanent,run_dfea4b7ac1475668d5968c97,1646783999999999999,10026.14591969179998864960000,10026.145919691799,-1.8189894035458565e-12,True
BASE_E3,permanent,run_dfea4b7ac1475668d5968c97,1646870399999999999,10026.30278804824389690640000,10026.302788048242,-1.8189894035458565e-12,True
BASE_E3,permanent,run_dfea4b7ac1475668d5968c97,1646956799999999999,10028.52977113153909690640000,10028.52977113154,0.0,True
BASE_E3,permanent,run_dfea4b7ac1475668d5968c97,1647043199999999999,10028.42634269996231993240000,10028.42634269996,-1.8189894035458565e-12,True
BASE_E3,permanent,run_dfea4b7ac1475668d5968c97,1647129599999999999,10022.66857100772426682540000,10022.668571007724,0.0,True
BASE_E3,permanent,run_dfea4b7ac1475668d5968c97,1647215999999999999,10030.10664675653054324180000,10030.106646756529,-1.8189894035458565e-12,True
BASE_E3,permanent,run_dfea4b7ac1475668d5968c97,1647302399999999999,10027.98099280125745613740000,10027.98099280126,1.8189894035458565e-12,True
BASE_E3,permanent,run_dfea4b7ac1475668d5968c97,1647388799999999999,10028.02098922971535431280000,10028.020989229715,0.0,True
BASE_E3,permanent,run_dfea4b7ac1475668d5968c97,1647475199999999999,10029.71859676137118241840000,10029.71859676137,-1.8189894035458565e-12,True
BASE_E3,permanent,run_dfea4b7ac1475668d5968c97,1647561599999999999,10032.46395881428471341840000,10032.463958814285,0.0,True
BASE_E3,permanent,run_dfea4b7ac1475668d5968c97,1647647999999999999,10032.61561823045840970060000,10032.615618230458,0.0,True
BASE_E3,permanent,run_dfea4b7ac1475668d5968c97,1647734399999999999,10034.35283382583316370060000,10034.352833825833,0.0,True
BASE_E3,permanent,run_dfea4b7ac1475668d5968c97,1647820799999999999,10035.66950259547855970060000,10035.669502595478,0.0,True
BASE_E3,permanent,run_dfea4b7ac1475668d5968c97,1647907199999999999,10038.05533180991236058980000,10038.055331809912,0.0,True
BASE_E3,permanent,run_dfea4b7ac1475668d5968c97,1647993599999999999,10039.68775602609256558980000,10039.687756026091,-1.8189894035458565e-12,True
BASE_E3,permanent,run_dfea4b7ac1475668d5968c97,1648079999999999999,10039.85642766021570657080000,10039.856427660214,-1.8189894035458565e-12,True
BASE_E3,permanent,run_dfea4b7ac1475668d5968c97,1648166399999999999,10041.00495928883985670500000,10041.00495928884,1.8189894035458565e-12,True
BASE_E3,permanent,run_dfea4b7ac1475668d5968c97,1648252799999999999,10042.66875382505999162720000,10042.668753825059,-1.8189894035458565e-12,True
BASE_E3,permanent,run_dfea4b7ac1475668d5968c97,1648339199999999999,10044.21867422848497329760000,10044.218674228485,0.0,True
BASE_E3,permanent,run_dfea4b7ac1475668d5968c97,1648425599999999999,10042.48755578010655310560000,10042.487555780106,0.0,True
BASE_E3,permanent,run_dfea4b7ac1475668d5968c97,1648511999999999999,10043.58121378999310310560000,10043.581213789992,-1.8189894035458565e-12,True
BASE_E3,permanent,run_dfea4b7ac1475668d5968c97,1648598399999999999,10047.26183639462753310560000,10047.261836394628,0.0,True
BASE_E3,permanent,run_dfea4b7ac1475668d5968c97,1648684799999999999,10049.35497796466456010560000,10049.354977964664,0.0,True
BASE_E3,permanent,run_dfea4b7ac1475668d5968c97,1648771199999999999,10051.15314513896407010560000,10051.153145138964,0.0,True
MARGEN_2X,conditional,run_70383794701c4f0fc157b2ed,1646179199999999999,10000,10000.0,0.0,True
MARGEN_2X,conditional,run_70383794701c4f0fc157b2ed,1646265599999999999,10000,10000.0,0.0,True
MARGEN_2X,conditional,run_70383794701c4f0fc157b2ed,1646351999999999999,10000,10000.0,0.0,True
MARGEN_2X,conditional,run_70383794701c4f0fc157b2ed,1646438399999999999,10000,10000.0,0.0,True
MARGEN_2X,conditional,run_70383794701c4f0fc157b2ed,1646524799999999999,10000,10000.0,0.0,True
MARGEN_2X,conditional,run_70383794701c4f0fc157b2ed,1646611199999999999,10000,10000.0,0.0,True
MARGEN_2X,conditional,run_70383794701c4f0fc157b2ed,1646697599999999999,10000,10000.0,0.0,True
MARGEN_2X,conditional,run_70383794701c4f0fc157b2ed,1646783999999999999,10000,10000.0,0.0,True
MARGEN_2X,conditional,run_70383794701c4f0fc157b2ed,1646870399999999999,10000,10000.0,0.0,True
MARGEN_2X,conditional,run_70383794701c4f0fc157b2ed,1646956799999999999,10000,10000.0,0.0,True
MARGEN_2X,conditional,run_70383794701c4f0fc157b2ed,1647043199999999999,10000,10000.0,0.0,True
MARGEN_2X,conditional,run_70383794701c4f0fc157b2ed,1647129599999999999,10000,10000.0,0.0,True
MARGEN_2X,conditional,run_70383794701c4f0fc157b2ed,1647215999999999999,10000,10000.0,0.0,True
MARGEN_2X,conditional,run_70383794701c4f0fc157b2ed,1647302399999999999,10000,10000.0,0.0,True
MARGEN_2X,conditional,run_70383794701c4f0fc157b2ed,1647388799999999999,10000,10000.0,0.0,True
MARGEN_2X,conditional,run_70383794701c4f0fc157b2ed,1647475199999999999,10000,10000.0,0.0,True
MARGEN_2X,conditional,run_70383794701c4f0fc157b2ed,1647561599999999999,10000,10000.0,0.0,True
MARGEN_2X,conditional,run_70383794701c4f0fc157b2ed,1647647999999999999,10000,10000.0,0.0,True
MARGEN_2X,conditional,run_70383794701c4f0fc157b2ed,1647734399999999999,10000,10000.0,0.0,True
MARGEN_2X,conditional,run_70383794701c4f0fc157b2ed,1647820799999999999,10000,10000.0,0.0,True
MARGEN_2X,conditional,run_70383794701c4f0fc157b2ed,1647907199999999999,10000,10000.0,0.0,True
MARGEN_2X,conditional,run_70383794701c4f0fc157b2ed,1647993599999999999,10000,10000.0,0.0,True
MARGEN_2X,conditional,run_70383794701c4f0fc157b2ed,1648079999999999999,10000,10000.0,0.0,True
MARGEN_2X,conditional,run_70383794701c4f0fc157b2ed,1648166399999999999,10000,10000.0,0.0,True
MARGEN_2X,conditional,run_70383794701c4f0fc157b2ed,1648252799999999999,10000,10000.0,0.0,True
MARGEN_2X,conditional,run_70383794701c4f0fc157b2ed,1648339199999999999,10000,10000.0,0.0,True
MARGEN_2X,conditional,run_70383794701c4f0fc157b2ed,1648425599999999999,10000,10000.0,0.0,True
MARGEN_2X,conditional,run_70383794701c4f0fc157b2ed,1648511999999999999,10000,10000.0,0.0,True
MARGEN_2X,conditional,run_70383794701c4f0fc157b2ed,1648598399999999999,10000,10000.0,0.0,True
MARGEN_2X,conditional,run_70383794701c4f0fc157b2ed,1648684799999999999,10000,10000.0,0.0,True
MARGEN_2X,conditional,run_70383794701c4f0fc157b2ed,1648771199999999999,10000,10000.0,0.0,True
MARGEN_2X,permanent,run_3f5d9cce8ff1c2ba5447e3b6,1646179199999999999,10020.21579239066735688620000,10020.215792390667,0.0,True
MARGEN_2X,permanent,run_3f5d9cce8ff1c2ba5447e3b6,1646265599999999999,10019.93665618687796488620000,10019.93665618688,1.8189894035458565e-12,True
MARGEN_2X,permanent,run_3f5d9cce8ff1c2ba5447e3b6,1646351999999999999,10022.18074625175849588620000,10022.180746251759,0.0,True
MARGEN_2X,permanent,run_3f5d9cce8ff1c2ba5447e3b6,1646438399999999999,10026.02943906836793988620000,10026.029439068368,0.0,True
MARGEN_2X,permanent,run_3f5d9cce8ff1c2ba5447e3b6,1646524799999999999,10026.21169740537302318060000,10026.211697405373,0.0,True
MARGEN_2X,permanent,run_3f5d9cce8ff1c2ba5447e3b6,1646611199999999999,10026.90476094571322105860000,10026.904760945712,-1.8189894035458565e-12,True
MARGEN_2X,permanent,run_3f5d9cce8ff1c2ba5447e3b6,1646697599999999999,10026.11780277155622105860000,10026.117802771558,1.8189894035458565e-12,True
MARGEN_2X,permanent,run_3f5d9cce8ff1c2ba5447e3b6,1646783999999999999,10026.14591969179998864960000,10026.145919691799,-1.8189894035458565e-12,True
MARGEN_2X,permanent,run_3f5d9cce8ff1c2ba5447e3b6,1646870399999999999,10026.30278804824389690640000,10026.302788048242,-1.8189894035458565e-12,True
MARGEN_2X,permanent,run_3f5d9cce8ff1c2ba5447e3b6,1646956799999999999,10028.52977113153909690640000,10028.52977113154,0.0,True
MARGEN_2X,permanent,run_3f5d9cce8ff1c2ba5447e3b6,1647043199999999999,10028.42634269996231993240000,10028.42634269996,-1.8189894035458565e-12,True
MARGEN_2X,permanent,run_3f5d9cce8ff1c2ba5447e3b6,1647129599999999999,10022.66857100772426682540000,10022.668571007724,0.0,True
MARGEN_2X,permanent,run_3f5d9cce8ff1c2ba5447e3b6,1647215999999999999,10030.10664675653054324180000,10030.106646756529,-1.8189894035458565e-12,True
MARGEN_2X,permanent,run_3f5d9cce8ff1c2ba5447e3b6,1647302399999999999,10027.98099280125745613740000,10027.98099280126,1.8189894035458565e-12,True
MARGEN_2X,permanent,run_3f5d9cce8ff1c2ba5447e3b6,1647388799999999999,10028.02098922971535431280000,10028.020989229715,0.0,True
MARGEN_2X,permanent,run_3f5d9cce8ff1c2ba5447e3b6,1647475199999999999,10029.71859676137118241840000,10029.71859676137,-1.8189894035458565e-12,True
MARGEN_2X,permanent,run_3f5d9cce8ff1c2ba5447e3b6,1647561599999999999,10032.46395881428471341840000,10032.463958814285,0.0,True
MARGEN_2X,permanent,run_3f5d9cce8ff1c2ba5447e3b6,1647647999999999999,10032.61561823045840970060000,10032.615618230458,0.0,True
MARGEN_2X,permanent,run_3f5d9cce8ff1c2ba5447e3b6,1647734399999999999,10034.35283382583316370060000,10034.352833825833,0.0,True
MARGEN_2X,permanent,run_3f5d9cce8ff1c2ba5447e3b6,1647820799999999999,10035.66950259547855970060000,10035.669502595478,0.0,True
MARGEN_2X,permanent,run_3f5d9cce8ff1c2ba5447e3b6,1647907199999999999,10038.05533180991236058980000,10038.055331809912,0.0,True
MARGEN_2X,permanent,run_3f5d9cce8ff1c2ba5447e3b6,1647993599999999999,10039.68775602609256558980000,10039.687756026091,-1.8189894035458565e-12,True
MARGEN_2X,permanent,run_3f5d9cce8ff1c2ba5447e3b6,1648079999999999999,10039.85642766021570657080000,10039.856427660214,-1.8189894035458565e-12,True
MARGEN_2X,permanent,run_3f5d9cce8ff1c2ba5447e3b6,1648166399999999999,10041.00495928883985670500000,10041.00495928884,1.8189894035458565e-12,True
MARGEN_2X,permanent,run_3f5d9cce8ff1c2ba5447e3b6,1648252799999999999,10042.66875382505999162720000,10042.668753825059,-1.8189894035458565e-12,True
MARGEN_2X,permanent,run_3f5d9cce8ff1c2ba5447e3b6,1648339199999999999,10044.21867422848497329760000,10044.218674228485,0.0,True
MARGEN_2X,permanent,run_3f5d9cce8ff1c2ba5447e3b6,1648425599999999999,10042.48755578010655310560000,10042.487555780106,0.0,True
MARGEN_2X,permanent,run_3f5d9cce8ff1c2ba5447e3b6,1648511999999999999,10043.58121378999310310560000,10043.581213789992,-1.8189894035458565e-12,True
MARGEN_2X,permanent,run_3f5d9cce8ff1c2ba5447e3b6,1648598399999999999,10047.26183639462753310560000,10047.261836394628,0.0,True
MARGEN_2X,permanent,run_3f5d9cce8ff1c2ba5447e3b6,1648684799999999999,10049.35497796466456010560000,10049.354977964664,0.0,True
MARGEN_2X,permanent,run_3f5d9cce8ff1c2ba5447e3b6,1648771199999999999,10051.15314513896407010560000,10051.153145138964,0.0,True
BASE_E3,conditional,run_ad71d751b20623006c195ff3,1648857599999999999,10000,10000.0,0.0,True
BASE_E3,conditional,run_ad71d751b20623006c195ff3,1648943999999999999,10000,10000.0,0.0,True
BASE_E3,conditional,run_ad71d751b20623006c195ff3,1649030399999999999,10000,10000.0,0.0,True
BASE_E3,conditional,run_ad71d751b20623006c195ff3,1649116799999999999,10000,10000.0,0.0,True
BASE_E3,conditional,run_ad71d751b20623006c195ff3,1649203199999999999,10000,10000.0,0.0,True
BASE_E3,conditional,run_ad71d751b20623006c195ff3,1649289599999999999,10000,10000.0,0.0,True
BASE_E3,conditional,run_ad71d751b20623006c195ff3,1649375999999999999,10000,10000.0,0.0,True
BASE_E3,conditional,run_ad71d751b20623006c195ff3,1649462399999999999,10000,10000.0,0.0,True
BASE_E3,conditional,run_ad71d751b20623006c195ff3,1649548799999999999,10000,10000.0,0.0,True
BASE_E3,conditional,run_ad71d751b20623006c195ff3,1649635199999999999,10000,10000.0,0.0,True
BASE_E3,conditional,run_ad71d751b20623006c195ff3,1649721599999999999,10000,10000.0,0.0,True
BASE_E3,conditional,run_ad71d751b20623006c195ff3,1649807999999999999,10000,10000.0,0.0,True
BASE_E3,conditional,run_ad71d751b20623006c195ff3,1649894399999999999,10000,10000.0,0.0,True
BASE_E3,conditional,run_ad71d751b20623006c195ff3,1649980799999999999,10000,10000.0,0.0,True
BASE_E3,conditional,run_ad71d751b20623006c195ff3,1650067199999999999,10000,10000.0,0.0,True
BASE_E3,conditional,run_ad71d751b20623006c195ff3,1650153599999999999,10000,10000.0,0.0,True
BASE_E3,conditional,run_ad71d751b20623006c195ff3,1650239999999999999,10000,10000.0,0.0,True
BASE_E3,conditional,run_ad71d751b20623006c195ff3,1650326399999999999,10000,10000.0,0.0,True
BASE_E3,conditional,run_ad71d751b20623006c195ff3,1650412799999999999,10000,10000.0,0.0,True
BASE_E3,conditional,run_ad71d751b20623006c195ff3,1650499199999999999,10000,10000.0,0.0,True
BASE_E3,conditional,run_ad71d751b20623006c195ff3,1650585599999999999,10000,10000.0,0.0,True
BASE_E3,conditional,run_ad71d751b20623006c195ff3,1650671999999999999,10000,10000.0,0.0,True
BASE_E3,conditional,run_ad71d751b20623006c195ff3,1650758399999999999,10000,10000.0,0.0,True
BASE_E3,conditional,run_ad71d751b20623006c195ff3,1650844799999999999,10000,10000.0,0.0,True
BASE_E3,conditional,run_ad71d751b20623006c195ff3,1650931199999999999,10000,10000.0,0.0,True
BASE_E3,conditional,run_ad71d751b20623006c195ff3,1651017599999999999,10000,10000.0,0.0,True
BASE_E3,conditional,run_ad71d751b20623006c195ff3,1651103999999999999,10000,10000.0,0.0,True
BASE_E3,conditional,run_ad71d751b20623006c195ff3,1651190399999999999,10000,10000.0,0.0,True
BASE_E3,conditional,run_ad71d751b20623006c195ff3,1651276799999999999,10000,10000.0,0.0,True
BASE_E3,conditional,run_ad71d751b20623006c195ff3,1651363199999999999,10000,10000.0,0.0,True
BASE_E3,permanent,run_dfea4b7ac1475668d5968c97,1648857599999999999,10052.23047915108138147580000,10052.230479151081,0.0,True
BASE_E3,permanent,run_dfea4b7ac1475668d5968c97,1648943999999999999,10054.23746486624864247580000,10054.23746486625,1.8189894035458565e-12,True
BASE_E3,permanent,run_dfea4b7ac1475668d5968c97,1649030399999999999,10055.20162498282654247580000,10055.201624982827,0.0,True
BASE_E3,permanent,run_dfea4b7ac1475668d5968c97,1649116799999999999,10055.92616724124735271420000,10055.926167241249,1.8189894035458565e-12,True
BASE_E3,permanent,run_dfea4b7ac1475668d5968c97,1649203199999999999,10061.34034958115580071420000,10061.340349581156,0.0,True
BASE_E3,permanent,run_dfea4b7ac1475668d5968c97,1649289599999999999,10060.29205068385140071420000,10060.29205068385,0.0,True
BASE_E3,permanent,run_dfea4b7ac1475668d5968c97,1649375999999999999,10060.34496140177601607200000,10060.344961401775,0.0,True
BASE_E3,permanent,run_dfea4b7ac1475668d5968c97,1649462399999999999,10061.59470889133507528940000,10061.594708891334,0.0,True
BASE_E3,permanent,run_dfea4b7ac1475668d5968c97,1649548799999999999,10063.22401985108287628940000,10063.224019851084,1.8189894035458565e-12,True
BASE_E3,permanent,run_dfea4b7ac1475668d5968c97,1649635199999999999,10066.63307115896606726920000,10066.633071158964,-1.8189894035458565e-12,True
BASE_E3,permanent,run_dfea4b7ac1475668d5968c97,1649721599999999999,10066.86348299489147426920000,10066.863482994893,1.8189894035458565e-12,True
BASE_E3,permanent,run_dfea4b7ac1475668d5968c97,1649807999999999999,10065.32854446497109912520000,10065.32854446497,-1.8189894035458565e-12,True
BASE_E3,permanent,run_dfea4b7ac1475668d5968c97,1649894399999999999,10063.93089074365146662720000,10063.930890743653,1.8189894035458565e-12,True
BASE_E3,permanent,run_dfea4b7ac1475668d5968c97,1649980799999999999,10066.08198403489661908540000,10066.081984034898,1.8189894035458565e-12,True
BASE_E3,permanent,run_dfea4b7ac1475668d5968c97,1650067199999999999,10063.99226309856535508540000,10063.992263098566,0.0,True
BASE_E3,permanent,run_dfea4b7ac1475668d5968c97,1650153599999999999,10063.46466901913847913600000,10063.464669019138,0.0,True
BASE_E3,permanent,run_dfea4b7ac1475668d5968c97,1650239999999999999,10068.45440564897180625300000,10068.454405648974,1.8189894035458565e-12,True
BASE_E3,permanent,run_dfea4b7ac1475668d5968c97,1650326399999999999,10062.59451520563011383200000,10062.59451520563,0.0,True
BASE_E3,permanent,run_dfea4b7ac1475668d5968c97,1650412799999999999,10063.16142668832028513900000,10063.16142668832,0.0,True
BASE_E3,permanent,run_dfea4b7ac1475668d5968c97,1650499199999999999,10066.19147832226157297900000,10066.191478322262,0.0,True
BASE_E3,permanent,run_dfea4b7ac1475668d5968c97,1650585599999999999,10064.45074211327811747620000,10064.450742113278,0.0,True
BASE_E3,permanent,run_dfea4b7ac1475668d5968c97,1650671999999999999,10063.54641818375547407420000,10063.546418183756,0.0,True
BASE_E3,permanent,run_dfea4b7ac1475668d5968c97,1650758399999999999,10062.67900190193610502780000,10062.679001901935,0.0,True
BASE_E3,permanent,run_dfea4b7ac1475668d5968c97,1650844799999999999,10060.21367930175620746080000,10060.213679301756,0.0,True
BASE_E3,permanent,run_dfea4b7ac1475668d5968c97,1650931199999999999,10058.10746672419685999840000,10058.107466724196,-1.8189894035458565e-12,True
BASE_E3,permanent,run_dfea4b7ac1475668d5968c97,1651017599999999999,10059.66630640855349392640000,10059.666306408553,0.0,True
BASE_E3,permanent,run_dfea4b7ac1475668d5968c97,1651103999999999999,10059.38540053905200326760000,10059.385400539053,1.8189894035458565e-12,True
BASE_E3,permanent,run_dfea4b7ac1475668d5968c97,1651190399999999999,10057.61092880936310974480000,10057.610928809363,0.0,True
BASE_E3,permanent,run_dfea4b7ac1475668d5968c97,1651276799999999999,10060.61924565117840374480000,10060.619245651178,0.0,True
BASE_E3,permanent,run_dfea4b7ac1475668d5968c97,1651363199999999999,10059.97195438419716945800000,10059.971954384197,0.0,True
MARGEN_2X,conditional,run_70383794701c4f0fc157b2ed,1648857599999999999,10000,10000.0,0.0,True
MARGEN_2X,conditional,run_70383794701c4f0fc157b2ed,1648943999999999999,10000,10000.0,0.0,True
MARGEN_2X,conditional,run_70383794701c4f0fc157b2ed,1649030399999999999,10000,10000.0,0.0,True
MARGEN_2X,conditional,run_70383794701c4f0fc157b2ed,1649116799999999999,10000,10000.0,0.0,True
MARGEN_2X,conditional,run_70383794701c4f0fc157b2ed,1649203199999999999,10000,10000.0,0.0,True
MARGEN_2X,conditional,run_70383794701c4f0fc157b2ed,1649289599999999999,10000,10000.0,0.0,True
MARGEN_2X,conditional,run_70383794701c4f0fc157b2ed,1649375999999999999,10000,10000.0,0.0,True
MARGEN_2X,conditional,run_70383794701c4f0fc157b2ed,1649462399999999999,10000,10000.0,0.0,True
MARGEN_2X,conditional,run_70383794701c4f0fc157b2ed,1649548799999999999,10000,10000.0,0.0,True
MARGEN_2X,conditional,run_70383794701c4f0fc157b2ed,1649635199999999999,10000,10000.0,0.0,True
MARGEN_2X,conditional,run_70383794701c4f0fc157b2ed,1649721599999999999,10000,10000.0,0.0,True
MARGEN_2X,conditional,run_70383794701c4f0fc157b2ed,1649807999999999999,10000,10000.0,0.0,True
MARGEN_2X,conditional,run_70383794701c4f0fc157b2ed,1649894399999999999,10000,10000.0,0.0,True
MARGEN_2X,conditional,run_70383794701c4f0fc157b2ed,1649980799999999999,10000,10000.0,0.0,True
MARGEN_2X,conditional,run_70383794701c4f0fc157b2ed,1650067199999999999,10000,10000.0,0.0,True
MARGEN_2X,conditional,run_70383794701c4f0fc157b2ed,1650153599999999999,10000,10000.0,0.0,True
MARGEN_2X,conditional,run_70383794701c4f0fc157b2ed,1650239999999999999,10000,10000.0,0.0,True
MARGEN_2X,conditional,run_70383794701c4f0fc157b2ed,1650326399999999999,10000,10000.0,0.0,True
MARGEN_2X,conditional,run_70383794701c4f0fc157b2ed,1650412799999999999,10000,10000.0,0.0,True
MARGEN_2X,conditional,run_70383794701c4f0fc157b2ed,1650499199999999999,10000,10000.0,0.0,True
MARGEN_2X,conditional,run_70383794701c4f0fc157b2ed,1650585599999999999,10000,10000.0,0.0,True
MARGEN_2X,conditional,run_70383794701c4f0fc157b2ed,1650671999999999999,10000,10000.0,0.0,True
MARGEN_2X,conditional,run_70383794701c4f0fc157b2ed,1650758399999999999,10000,10000.0,0.0,True
MARGEN_2X,conditional,run_70383794701c4f0fc157b2ed,1650844799999999999,10000,10000.0,0.0,True
MARGEN_2X,conditional,run_70383794701c4f0fc157b2ed,1650931199999999999,10000,10000.0,0.0,True
MARGEN_2X,conditional,run_70383794701c4f0fc157b2ed,1651017599999999999,10000,10000.0,0.0,True
MARGEN_2X,conditional,run_70383794701c4f0fc157b2ed,1651103999999999999,10000,10000.0,0.0,True
MARGEN_2X,conditional,run_70383794701c4f0fc157b2ed,1651190399999999999,10000,10000.0,0.0,True
MARGEN_2X,conditional,run_70383794701c4f0fc157b2ed,1651276799999999999,10000,10000.0,0.0,True
MARGEN_2X,conditional,run_70383794701c4f0fc157b2ed,1651363199999999999,10000,10000.0,0.0,True
MARGEN_2X,permanent,run_3f5d9cce8ff1c2ba5447e3b6,1648857599999999999,10052.23047915108138147580000,10052.230479151081,0.0,True
MARGEN_2X,permanent,run_3f5d9cce8ff1c2ba5447e3b6,1648943999999999999,10054.23746486624864247580000,10054.23746486625,1.8189894035458565e-12,True
MARGEN_2X,permanent,run_3f5d9cce8ff1c2ba5447e3b6,1649030399999999999,10055.20162498282654247580000,10055.201624982827,0.0,True
MARGEN_2X,permanent,run_3f5d9cce8ff1c2ba5447e3b6,1649116799999999999,10055.92616724124735271420000,10055.926167241249,1.8189894035458565e-12,True
MARGEN_2X,permanent,run_3f5d9cce8ff1c2ba5447e3b6,1649203199999999999,10061.34034958115580071420000,10061.340349581156,0.0,True
MARGEN_2X,permanent,run_3f5d9cce8ff1c2ba5447e3b6,1649289599999999999,10060.29205068385140071420000,10060.29205068385,0.0,True
MARGEN_2X,permanent,run_3f5d9cce8ff1c2ba5447e3b6,1649375999999999999,10060.34496140177601607200000,10060.344961401775,0.0,True
MARGEN_2X,permanent,run_3f5d9cce8ff1c2ba5447e3b6,1649462399999999999,10061.59470889133507528940000,10061.594708891334,0.0,True
MARGEN_2X,permanent,run_3f5d9cce8ff1c2ba5447e3b6,1649548799999999999,10063.22401985108287628940000,10063.224019851084,1.8189894035458565e-12,True
MARGEN_2X,permanent,run_3f5d9cce8ff1c2ba5447e3b6,1649635199999999999,10066.63307115896606726920000,10066.633071158964,-1.8189894035458565e-12,True
MARGEN_2X,permanent,run_3f5d9cce8ff1c2ba5447e3b6,1649721599999999999,10066.86348299489147426920000,10066.863482994893,1.8189894035458565e-12,True
MARGEN_2X,permanent,run_3f5d9cce8ff1c2ba5447e3b6,1649807999999999999,10065.32854446497109912520000,10065.32854446497,-1.8189894035458565e-12,True
MARGEN_2X,permanent,run_3f5d9cce8ff1c2ba5447e3b6,1649894399999999999,10063.93089074365146662720000,10063.930890743653,1.8189894035458565e-12,True
MARGEN_2X,permanent,run_3f5d9cce8ff1c2ba5447e3b6,1649980799999999999,10066.08198403489661908540000,10066.081984034898,1.8189894035458565e-12,True
MARGEN_2X,permanent,run_3f5d9cce8ff1c2ba5447e3b6,1650067199999999999,10063.99226309856535508540000,10063.992263098566,0.0,True
MARGEN_2X,permanent,run_3f5d9cce8ff1c2ba5447e3b6,1650153599999999999,10063.46466901913847913600000,10063.464669019138,0.0,True
MARGEN_2X,permanent,run_3f5d9cce8ff1c2ba5447e3b6,1650239999999999999,10068.45440564897180625300000,10068.454405648974,1.8189894035458565e-12,True
MARGEN_2X,permanent,run_3f5d9cce8ff1c2ba5447e3b6,1650326399999999999,10062.59451520563011383200000,10062.59451520563,0.0,True
MARGEN_2X,permanent,run_3f5d9cce8ff1c2ba5447e3b6,1650412799999999999,10063.16142668832028513900000,10063.16142668832,0.0,True
MARGEN_2X,permanent,run_3f5d9cce8ff1c2ba5447e3b6,1650499199999999999,10066.19147832226157297900000,10066.191478322262,0.0,True
MARGEN_2X,permanent,run_3f5d9cce8ff1c2ba5447e3b6,1650585599999999999,10064.45074211327811747620000,10064.450742113278,0.0,True
MARGEN_2X,permanent,run_3f5d9cce8ff1c2ba5447e3b6,1650671999999999999,10063.54641818375547407420000,10063.546418183756,0.0,True
MARGEN_2X,permanent,run_3f5d9cce8ff1c2ba5447e3b6,1650758399999999999,10062.67900190193610502780000,10062.679001901935,0.0,True
MARGEN_2X,permanent,run_3f5d9cce8ff1c2ba5447e3b6,1650844799999999999,10060.21367930175620746080000,10060.213679301756,0.0,True
MARGEN_2X,permanent,run_3f5d9cce8ff1c2ba5447e3b6,1650931199999999999,10058.10746672419685999840000,10058.107466724196,-1.8189894035458565e-12,True
MARGEN_2X,permanent,run_3f5d9cce8ff1c2ba5447e3b6,1651017599999999999,10059.66630640855349392640000,10059.666306408553,0.0,True
MARGEN_2X,permanent,run_3f5d9cce8ff1c2ba5447e3b6,1651103999999999999,10059.38540053905200326760000,10059.385400539053,1.8189894035458565e-12,True
MARGEN_2X,permanent,run_3f5d9cce8ff1c2ba5447e3b6,1651190399999999999,10057.61092880936310974480000,10057.610928809363,0.0,True
MARGEN_2X,permanent,run_3f5d9cce8ff1c2ba5447e3b6,1651276799999999999,10060.61924565117840374480000,10060.619245651178,0.0,True
MARGEN_2X,permanent,run_3f5d9cce8ff1c2ba5447e3b6,1651363199999999999,10059.97195438419716945800000,10059.971954384197,0.0,True
BASE_E3,conditional,run_ad71d751b20623006c195ff3,1651449599999999999,10000,10000.0,0.0,True
BASE_E3,conditional,run_ad71d751b20623006c195ff3,1651535999999999999,10000,10000.0,0.0,True
BASE_E3,conditional,run_ad71d751b20623006c195ff3,1651622399999999999,10000,10000.0,0.0,True
BASE_E3,conditional,run_ad71d751b20623006c195ff3,1651708799999999999,10000,10000.0,0.0,True
BASE_E3,conditional,run_ad71d751b20623006c195ff3,1651795199999999999,10000,10000.0,0.0,True
BASE_E3,conditional,run_ad71d751b20623006c195ff3,1651881599999999999,10000,10000.0,0.0,True
BASE_E3,conditional,run_ad71d751b20623006c195ff3,1651967999999999999,10000,10000.0,0.0,True
BASE_E3,conditional,run_ad71d751b20623006c195ff3,1652054399999999999,10000,10000.0,0.0,True
BASE_E3,conditional,run_ad71d751b20623006c195ff3,1652140799999999999,10000,10000.0,0.0,True
BASE_E3,conditional,run_ad71d751b20623006c195ff3,1652227199999999999,10000,10000.0,0.0,True
BASE_E3,conditional,run_ad71d751b20623006c195ff3,1652313599999999999,10000,10000.0,0.0,True
BASE_E3,conditional,run_ad71d751b20623006c195ff3,1652399999999999999,10000,10000.0,0.0,True
BASE_E3,conditional,run_ad71d751b20623006c195ff3,1652486399999999999,10000,10000.0,0.0,True
BASE_E3,conditional,run_ad71d751b20623006c195ff3,1652572799999999999,10000,10000.0,0.0,True
BASE_E3,conditional,run_ad71d751b20623006c195ff3,1652659199999999999,10000,10000.0,0.0,True
BASE_E3,conditional,run_ad71d751b20623006c195ff3,1652745599999999999,10000,10000.0,0.0,True
BASE_E3,conditional,run_ad71d751b20623006c195ff3,1652831999999999999,10000,10000.0,0.0,True
BASE_E3,conditional,run_ad71d751b20623006c195ff3,1652918399999999999,10000,10000.0,0.0,True
BASE_E3,conditional,run_ad71d751b20623006c195ff3,1653004799999999999,10000,10000.0,0.0,True
BASE_E3,conditional,run_ad71d751b20623006c195ff3,1653091199999999999,10000,10000.0,0.0,True
BASE_E3,conditional,run_ad71d751b20623006c195ff3,1653177599999999999,10000,10000.0,0.0,True
BASE_E3,conditional,run_ad71d751b20623006c195ff3,1653263999999999999,10000,10000.0,0.0,True
BASE_E3,conditional,run_ad71d751b20623006c195ff3,1653350399999999999,10000,10000.0,0.0,True
BASE_E3,conditional,run_ad71d751b20623006c195ff3,1653436799999999999,10000,10000.0,0.0,True
BASE_E3,conditional,run_ad71d751b20623006c195ff3,1653523199999999999,10000,10000.0,0.0,True
BASE_E3,conditional,run_ad71d751b20623006c195ff3,1653609599999999999,10000,10000.0,0.0,True
BASE_E3,conditional,run_ad71d751b20623006c195ff3,1653695999999999999,10000,10000.0,0.0,True
BASE_E3,conditional,run_ad71d751b20623006c195ff3,1653782399999999999,10000,10000.0,0.0,True
BASE_E3,conditional,run_ad71d751b20623006c195ff3,1653868799999999999,10000,10000.0,0.0,True
BASE_E3,conditional,run_ad71d751b20623006c195ff3,1653955199999999999,10000,10000.0,0.0,True
BASE_E3,conditional,run_ad71d751b20623006c195ff3,1654041599999999999,10000,10000.0,0.0,True
BASE_E3,permanent,run_dfea4b7ac1475668d5968c97,1651449599999999999,10059.37535461313352771240000,10059.375354613136,1.8189894035458565e-12,True
BASE_E3,permanent,run_dfea4b7ac1475668d5968c97,1651535999999999999,10058.35599508239856420440000,10058.3559950824,1.8189894035458565e-12,True
BASE_E3,permanent,run_dfea4b7ac1475668d5968c97,1651622399999999999,10060.97492226055358820440000,10060.974922260553,0.0,True
BASE_E3,permanent,run_dfea4b7ac1475668d5968c97,1651708799999999999,10060.86846742505747978840000,10060.868467425058,0.0,True
BASE_E3,permanent,run_dfea4b7ac1475668d5968c97,1651795199999999999,10064.58690983475090578840000,10064.586909834748,-1.8189894035458565e-12,True
BASE_E3,permanent,run_dfea4b7ac1475668d5968c97,1651881599999999999,10063.99499899323569496240000,10063.994998993234,-1.8189894035458565e-12,True
BASE_E3,permanent,run_dfea4b7ac1475668d5968c97,1651967999999999999,10063.41469929921246718640000,10063.414699299212,0.0,True
BASE_E3,permanent,run_dfea4b7ac1475668d5968c97,1652054399999999999,10063.54937492587145718640000,10063.549374925873,1.8189894035458565e-12,True
BASE_E3,permanent,run_dfea4b7ac1475668d5968c97,1652140799999999999,10067.05038580111176518640000,10067.05038580111,-1.8189894035458565e-12,True
BASE_E3,permanent,run_dfea4b7ac1475668d5968c97,1652227199999999999,10066.46672941502508849840000,10066.466729415024,-1.8189894035458565e-12,True
BASE_E3,permanent,run_dfea4b7ac1475668d5968c97,1652313599999999999,10069.39429620105884027440000,10069.394296201059,0.0,True
BASE_E3,permanent,run_dfea4b7ac1475668d5968c97,1652399999999999999,10062.77124396419316138940000,10062.771243964193,0.0,True
BASE_E3,permanent,run_dfea4b7ac1475668d5968c97,1652486399999999999,10064.10940826555565980740000,10064.109408265555,-1.8189894035458565e-12,True
BASE_E3,permanent,run_dfea4b7ac1475668d5968c97,1652572799999999999,10064.15453293253989841140000,10064.154532932542,1.8189894035458565e-12,True
BASE_E3,permanent,run_dfea4b7ac1475668d5968c97,1652659199999999999,10066.27188802263308280420000,10066.271888022633,0.0,True
BASE_E3,permanent,run_dfea4b7ac1475668d5968c97,1652745599999999999,10066.30618711228457880420000,10066.306187112283,-1.8189894035458565e-12,True
BASE_E3,permanent,run_dfea4b7ac1475668d5968c97,1652831999999999999,10066.58197354884957316020000,10066.58197354885,0.0,True
BASE_E3,permanent,run_dfea4b7ac1475668d5968c97,1652918399999999999,10066.42103397696178799940000,10066.421033976962,0.0,True
BASE_E3,permanent,run_dfea4b7ac1475668d5968c97,1653004799999999999,10065.19111630386140470900000,10065.191116303862,0.0,True
BASE_E3,permanent,run_dfea4b7ac1475668d5968c97,1653091199999999999,10067.58985981270406870900000,10067.589859812706,1.8189894035458565e-12,True
BASE_E3,permanent,run_dfea4b7ac1475668d5968c97,1653177599999999999,10068.40765053958825559820000,10068.407650539588,0.0,True
BASE_E3,permanent,run_dfea4b7ac1475668d5968c97,1653263999999999999,10067.71458251883210952620000,10067.714582518833,0.0,True
BASE_E3,permanent,run_dfea4b7ac1475668d5968c97,1653350399999999999,10070.13144819370233952620000,10070.1314481937,-1.8189894035458565e-12,True
BASE_E3,permanent,run_dfea4b7ac1475668d5968c97,1653436799999999999,10069.17713905286848564340000,10069.17713905287,1.8189894035458565e-12,True
BASE_E3,permanent,run_dfea4b7ac1475668d5968c97,1653523199999999999,10069.38622002766856412340000,10069.386220027669,0.0,True
BASE_E3,permanent,run_dfea4b7ac1475668d5968c97,1653609599999999999,10070.09197764652663384040000,10070.091977646529,1.8189894035458565e-12,True
BASE_E3,permanent,run_dfea4b7ac1475668d5968c97,1653695999999999999,10071.29884153134297435640000,10071.298841531343,0.0,True
BASE_E3,permanent,run_dfea4b7ac1475668d5968c97,1653782399999999999,10080.76185843176128476280000,10080.761858431762,1.8189894035458565e-12,True
BASE_E3,permanent,run_dfea4b7ac1475668d5968c97,1653868799999999999,10080.76758904066128476280000,10080.767589040663,1.8189894035458565e-12,True
BASE_E3,permanent,run_dfea4b7ac1475668d5968c97,1653955199999999999,10080.80308777616128476280000,10080.803087776161,0.0,True
BASE_E3,permanent,run_dfea4b7ac1475668d5968c97,1654041599999999999,10080.79927456146128476280000,10080.799274561461,0.0,True
MARGEN_2X,conditional,run_70383794701c4f0fc157b2ed,1651449599999999999,10000,10000.0,0.0,True
MARGEN_2X,conditional,run_70383794701c4f0fc157b2ed,1651535999999999999,10000,10000.0,0.0,True
MARGEN_2X,conditional,run_70383794701c4f0fc157b2ed,1651622399999999999,10000,10000.0,0.0,True
MARGEN_2X,conditional,run_70383794701c4f0fc157b2ed,1651708799999999999,10000,10000.0,0.0,True
MARGEN_2X,conditional,run_70383794701c4f0fc157b2ed,1651795199999999999,10000,10000.0,0.0,True
MARGEN_2X,conditional,run_70383794701c4f0fc157b2ed,1651881599999999999,10000,10000.0,0.0,True
MARGEN_2X,conditional,run_70383794701c4f0fc157b2ed,1651967999999999999,10000,10000.0,0.0,True
MARGEN_2X,conditional,run_70383794701c4f0fc157b2ed,1652054399999999999,10000,10000.0,0.0,True
MARGEN_2X,conditional,run_70383794701c4f0fc157b2ed,1652140799999999999,10000,10000.0,0.0,True
MARGEN_2X,conditional,run_70383794701c4f0fc157b2ed,1652227199999999999,10000,10000.0,0.0,True
MARGEN_2X,conditional,run_70383794701c4f0fc157b2ed,1652313599999999999,10000,10000.0,0.0,True
MARGEN_2X,conditional,run_70383794701c4f0fc157b2ed,1652399999999999999,10000,10000.0,0.0,True
MARGEN_2X,conditional,run_70383794701c4f0fc157b2ed,1652486399999999999,10000,10000.0,0.0,True
MARGEN_2X,conditional,run_70383794701c4f0fc157b2ed,1652572799999999999,10000,10000.0,0.0,True
MARGEN_2X,conditional,run_70383794701c4f0fc157b2ed,1652659199999999999,10000,10000.0,0.0,True
MARGEN_2X,conditional,run_70383794701c4f0fc157b2ed,1652745599999999999,10000,10000.0,0.0,True
MARGEN_2X,conditional,run_70383794701c4f0fc157b2ed,1652831999999999999,10000,10000.0,0.0,True
MARGEN_2X,conditional,run_70383794701c4f0fc157b2ed,1652918399999999999,10000,10000.0,0.0,True
MARGEN_2X,conditional,run_70383794701c4f0fc157b2ed,1653004799999999999,10000,10000.0,0.0,True
MARGEN_2X,conditional,run_70383794701c4f0fc157b2ed,1653091199999999999,10000,10000.0,0.0,True
MARGEN_2X,conditional,run_70383794701c4f0fc157b2ed,1653177599999999999,10000,10000.0,0.0,True
MARGEN_2X,conditional,run_70383794701c4f0fc157b2ed,1653263999999999999,10000,10000.0,0.0,True
MARGEN_2X,conditional,run_70383794701c4f0fc157b2ed,1653350399999999999,10000,10000.0,0.0,True
MARGEN_2X,conditional,run_70383794701c4f0fc157b2ed,1653436799999999999,10000,10000.0,0.0,True
MARGEN_2X,conditional,run_70383794701c4f0fc157b2ed,1653523199999999999,10000,10000.0,0.0,True
MARGEN_2X,conditional,run_70383794701c4f0fc157b2ed,1653609599999999999,10000,10000.0,0.0,True
MARGEN_2X,conditional,run_70383794701c4f0fc157b2ed,1653695999999999999,10000,10000.0,0.0,True
MARGEN_2X,conditional,run_70383794701c4f0fc157b2ed,1653782399999999999,10000,10000.0,0.0,True
MARGEN_2X,conditional,run_70383794701c4f0fc157b2ed,1653868799999999999,10000,10000.0,0.0,True
MARGEN_2X,conditional,run_70383794701c4f0fc157b2ed,1653955199999999999,10000,10000.0,0.0,True
MARGEN_2X,conditional,run_70383794701c4f0fc157b2ed,1654041599999999999,10000,10000.0,0.0,True
MARGEN_2X,permanent,run_3f5d9cce8ff1c2ba5447e3b6,1651449599999999999,10059.37535461313352771240000,10059.375354613136,1.8189894035458565e-12,True
MARGEN_2X,permanent,run_3f5d9cce8ff1c2ba5447e3b6,1651535999999999999,10058.35599508239856420440000,10058.3559950824,1.8189894035458565e-12,True
MARGEN_2X,permanent,run_3f5d9cce8ff1c2ba5447e3b6,1651622399999999999,10060.97492226055358820440000,10060.974922260553,0.0,True
MARGEN_2X,permanent,run_3f5d9cce8ff1c2ba5447e3b6,1651708799999999999,10060.86846742505747978840000,10060.868467425058,0.0,True
MARGEN_2X,permanent,run_3f5d9cce8ff1c2ba5447e3b6,1651795199999999999,10064.58690983475090578840000,10064.586909834748,-1.8189894035458565e-12,True
MARGEN_2X,permanent,run_3f5d9cce8ff1c2ba5447e3b6,1651881599999999999,10063.99499899323569496240000,10063.994998993234,-1.8189894035458565e-12,True
MARGEN_2X,permanent,run_3f5d9cce8ff1c2ba5447e3b6,1651967999999999999,10063.41469929921246718640000,10063.414699299212,0.0,True
MARGEN_2X,permanent,run_3f5d9cce8ff1c2ba5447e3b6,1652054399999999999,10063.54937492587145718640000,10063.549374925873,1.8189894035458565e-12,True
MARGEN_2X,permanent,run_3f5d9cce8ff1c2ba5447e3b6,1652140799999999999,10067.05038580111176518640000,10067.05038580111,-1.8189894035458565e-12,True
MARGEN_2X,permanent,run_3f5d9cce8ff1c2ba5447e3b6,1652227199999999999,10066.46672941502508849840000,10066.466729415024,-1.8189894035458565e-12,True
MARGEN_2X,permanent,run_3f5d9cce8ff1c2ba5447e3b6,1652313599999999999,10069.39429620105884027440000,10069.394296201059,0.0,True
MARGEN_2X,permanent,run_3f5d9cce8ff1c2ba5447e3b6,1652399999999999999,10062.77124396419316138940000,10062.771243964193,0.0,True
MARGEN_2X,permanent,run_3f5d9cce8ff1c2ba5447e3b6,1652486399999999999,10064.10940826555565980740000,10064.109408265555,-1.8189894035458565e-12,True
MARGEN_2X,permanent,run_3f5d9cce8ff1c2ba5447e3b6,1652572799999999999,10064.15453293253989841140000,10064.154532932542,1.8189894035458565e-12,True
MARGEN_2X,permanent,run_3f5d9cce8ff1c2ba5447e3b6,1652659199999999999,10066.27188802263308280420000,10066.271888022633,0.0,True
MARGEN_2X,permanent,run_3f5d9cce8ff1c2ba5447e3b6,1652745599999999999,10066.30618711228457880420000,10066.306187112283,-1.8189894035458565e-12,True
MARGEN_2X,permanent,run_3f5d9cce8ff1c2ba5447e3b6,1652831999999999999,10066.58197354884957316020000,10066.58197354885,0.0,True
MARGEN_2X,permanent,run_3f5d9cce8ff1c2ba5447e3b6,1652918399999999999,10066.42103397696178799940000,10066.421033976962,0.0,True
MARGEN_2X,permanent,run_3f5d9cce8ff1c2ba5447e3b6,1653004799999999999,10065.19111630386140470900000,10065.191116303862,0.0,True
MARGEN_2X,permanent,run_3f5d9cce8ff1c2ba5447e3b6,1653091199999999999,10067.58985981270406870900000,10067.589859812706,1.8189894035458565e-12,True
MARGEN_2X,permanent,run_3f5d9cce8ff1c2ba5447e3b6,1653177599999999999,10068.40765053958825559820000,10068.407650539588,0.0,True
MARGEN_2X,permanent,run_3f5d9cce8ff1c2ba5447e3b6,1653263999999999999,10067.71458251883210952620000,10067.714582518833,0.0,True
MARGEN_2X,permanent,run_3f5d9cce8ff1c2ba5447e3b6,1653350399999999999,10070.13144819370233952620000,10070.1314481937,-1.8189894035458565e-12,True
MARGEN_2X,permanent,run_3f5d9cce8ff1c2ba5447e3b6,1653436799999999999,10069.17713905286848564340000,10069.17713905287,1.8189894035458565e-12,True
MARGEN_2X,permanent,run_3f5d9cce8ff1c2ba5447e3b6,1653523199999999999,10069.38622002766856412340000,10069.386220027669,0.0,True
MARGEN_2X,permanent,run_3f5d9cce8ff1c2ba5447e3b6,1653609599999999999,10070.09197764652663384040000,10070.091977646529,1.8189894035458565e-12,True
MARGEN_2X,permanent,run_3f5d9cce8ff1c2ba5447e3b6,1653695999999999999,10071.29884153134297435640000,10071.298841531343,0.0,True
MARGEN_2X,permanent,run_3f5d9cce8ff1c2ba5447e3b6,1653782399999999999,10080.76185843176128476280000,10080.761858431762,1.8189894035458565e-12,True
MARGEN_2X,permanent,run_3f5d9cce8ff1c2ba5447e3b6,1653868799999999999,10080.76758904066128476280000,10080.767589040663,1.8189894035458565e-12,True
MARGEN_2X,permanent,run_3f5d9cce8ff1c2ba5447e3b6,1653955199999999999,10080.80308777616128476280000,10080.803087776161,0.0,True
MARGEN_2X,permanent,run_3f5d9cce8ff1c2ba5447e3b6,1654041599999999999,10080.79927456146128476280000,10080.799274561461,0.0,True
BASE_E3,conditional,run_ad71d751b20623006c195ff3,1654127999999999999,10000,10000.0,0.0,True
BASE_E3,conditional,run_ad71d751b20623006c195ff3,1654214399999999999,10000,10000.0,0.0,True
BASE_E3,conditional,run_ad71d751b20623006c195ff3,1654300799999999999,10000,10000.0,0.0,True
BASE_E3,conditional,run_ad71d751b20623006c195ff3,1654387199999999999,10000,10000.0,0.0,True
BASE_E3,conditional,run_ad71d751b20623006c195ff3,1654473599999999999,10000,10000.0,0.0,True
BASE_E3,conditional,run_ad71d751b20623006c195ff3,1654559999999999999,10000,10000.0,0.0,True
BASE_E3,conditional,run_ad71d751b20623006c195ff3,1654646399999999999,10000,10000.0,0.0,True
BASE_E3,conditional,run_ad71d751b20623006c195ff3,1654732799999999999,10000,10000.0,0.0,True
BASE_E3,conditional,run_ad71d751b20623006c195ff3,1654819199999999999,10000,10000.0,0.0,True
BASE_E3,conditional,run_ad71d751b20623006c195ff3,1654905599999999999,10000,10000.0,0.0,True
BASE_E3,conditional,run_ad71d751b20623006c195ff3,1654991999999999999,10000,10000.0,0.0,True
BASE_E3,conditional,run_ad71d751b20623006c195ff3,1655078399999999999,10000,10000.0,0.0,True
BASE_E3,conditional,run_ad71d751b20623006c195ff3,1655164799999999999,10000,10000.0,0.0,True
BASE_E3,conditional,run_ad71d751b20623006c195ff3,1655251199999999999,10000,10000.0,0.0,True
BASE_E3,conditional,run_ad71d751b20623006c195ff3,1655337599999999999,10000,10000.0,0.0,True
BASE_E3,conditional,run_ad71d751b20623006c195ff3,1655423999999999999,10000,10000.0,0.0,True
BASE_E3,conditional,run_ad71d751b20623006c195ff3,1655510399999999999,10000,10000.0,0.0,True
BASE_E3,conditional,run_ad71d751b20623006c195ff3,1655596799999999999,10000,10000.0,0.0,True
BASE_E3,conditional,run_ad71d751b20623006c195ff3,1655683199999999999,10000,10000.0,0.0,True
BASE_E3,conditional,run_ad71d751b20623006c195ff3,1655769599999999999,10000,10000.0,0.0,True
BASE_E3,conditional,run_ad71d751b20623006c195ff3,1655855999999999999,10000,10000.0,0.0,True
BASE_E3,conditional,run_ad71d751b20623006c195ff3,1655942399999999999,10000,10000.0,0.0,True
BASE_E3,conditional,run_ad71d751b20623006c195ff3,1656028799999999999,10000,10000.0,0.0,True
BASE_E3,conditional,run_ad71d751b20623006c195ff3,1656115199999999999,10000,10000.0,0.0,True
BASE_E3,conditional,run_ad71d751b20623006c195ff3,1656201599999999999,10000,10000.0,0.0,True
BASE_E3,conditional,run_ad71d751b20623006c195ff3,1656287999999999999,10000,10000.0,0.0,True
BASE_E3,conditional,run_ad71d751b20623006c195ff3,1656374399999999999,10000,10000.0,0.0,True
BASE_E3,conditional,run_ad71d751b20623006c195ff3,1656460799999999999,10000,10000.0,0.0,True
BASE_E3,conditional,run_ad71d751b20623006c195ff3,1656547199999999999,10000,10000.0,0.0,True
BASE_E3,conditional,run_ad71d751b20623006c195ff3,1656633599999999999,10000,10000.0,0.0,True
BASE_E3,permanent,run_dfea4b7ac1475668d5968c97,1654127999999999999,10077.98694590271128476280000,10077.98694590271,0.0,True
BASE_E3,permanent,run_dfea4b7ac1475668d5968c97,1654214399999999999,10078.03653040756128476280000,10078.03653040756,-1.8189894035458565e-12,True
BASE_E3,permanent,run_dfea4b7ac1475668d5968c97,1654300799999999999,10078.28751608509549237230000,10078.287516085094,-1.8189894035458565e-12,True
BASE_E3,permanent,run_dfea4b7ac1475668d5968c97,1654387199999999999,10078.41378969397941636230000,10078.41378969398,0.0,True
BASE_E3,permanent,run_dfea4b7ac1475668d5968c97,1654473599999999999,10078.36582353636125251580000,10078.365823536362,0.0,True
BASE_E3,permanent,run_dfea4b7ac1475668d5968c97,1654559999999999999,10078.97929975212007751580000,10078.97929975212,0.0,True
BASE_E3,permanent,run_dfea4b7ac1475668d5968c97,1654646399999999999,10078.57264193902287613380000,10078.572641939023,0.0,True
BASE_E3,permanent,run_dfea4b7ac1475668d5968c97,1654732799999999999,10080.12423432673345613380000,10080.124234326733,0.0,True
BASE_E3,permanent,run_dfea4b7ac1475668d5968c97,1654819199999999999,10080.76649400244062113380000,10080.76649400244,0.0,True
BASE_E3,permanent,run_dfea4b7ac1475668d5968c97,1654905599999999999,10083.08290835471230611830000,10083.08290835471,-1.8189894035458565e-12,True
BASE_E3,permanent,run_dfea4b7ac1475668d5968c97,1654991999999999999,10081.14833355385321386430000,10081.148333553854,1.8189894035458565e-12,True
BASE_E3,permanent,run_dfea4b7ac1475668d5968c97,1655078399999999999,10081.08531897286706429230000,10081.085318972868,0.0,True
BASE_E3,permanent,run_dfea4b7ac1475668d5968c97,1655164799999999999,10083.45625347472460139230000,10083.456253474724,0.0,True
BASE_E3,permanent,run_dfea4b7ac1475668d5968c97,1655251199999999999,10081.40143190827121959330000,10081.40143190827,0.0,True
BASE_E3,permanent,run_dfea4b7ac1475668d5968c97,1655337599999999999,10081.28486234148527032130000,10081.284862341487,1.8189894035458565e-12,True
BASE_E3,permanent,run_dfea4b7ac1475668d5968c97,1655423999999999999,10080.69613399086457240050000,10080.696133990865,0.0,True
BASE_E3,permanent,run_dfea4b7ac1475668d5968c97,1655510399999999999,10080.28234382954790808650000,10080.282343829547,0.0,True
BASE_E3,permanent,run_dfea4b7ac1475668d5968c97,1655596799999999999,10079.95872739649497449150000,10079.958727396497,1.8189894035458565e-12,True
BASE_E3,permanent,run_dfea4b7ac1475668d5968c97,1655683199999999999,10080.51651517515657755750000,10080.516515175157,0.0,True
BASE_E3,permanent,run_dfea4b7ac1475668d5968c97,1655769599999999999,10080.56685109530555955940000,10080.566851095306,0.0,True
BASE_E3,permanent,run_dfea4b7ac1475668d5968c97,1655855999999999999,10082.53575363638963778100000,10082.535753636392,1.8189894035458565e-12,True
BASE_E3,permanent,run_dfea4b7ac1475668d5968c97,1655942399999999999,10080.90643202234763778100000,10080.906432022348,0.0,True
BASE_E3,permanent,run_dfea4b7ac1475668d5968c97,1656028799999999999,10081.57497819967295736140000,10081.574978199673,0.0,True
BASE_E3,permanent,run_dfea4b7ac1475668d5968c97,1656115199999999999,10081.08229206713122136140000,10081.08229206713,0.0,True
BASE_E3,permanent,run_dfea4b7ac1475668d5968c97,1656201599999999999,10080.68038971063908081680000,10080.680389710638,0.0,True
BASE_E3,permanent,run_dfea4b7ac1475668d5968c97,1656287999999999999,10082.94363822893729374520000,10082.943638228937,0.0,True
BASE_E3,permanent,run_dfea4b7ac1475668d5968c97,1656374399999999999,10084.68560272927173094040000,10084.68560272927,-1.8189894035458565e-12,True
BASE_E3,permanent,run_dfea4b7ac1475668d5968c97,1656460799999999999,10083.30458245056326249820000,10083.304582450563,0.0,True
BASE_E3,permanent,run_dfea4b7ac1475668d5968c97,1656547199999999999,10084.04113043643866131940000,10084.041130436439,0.0,True
BASE_E3,permanent,run_dfea4b7ac1475668d5968c97,1656633599999999999,10085.38492647277422519320000,10085.384926472774,0.0,True
MARGEN_2X,conditional,run_70383794701c4f0fc157b2ed,1654127999999999999,10000,10000.0,0.0,True
MARGEN_2X,conditional,run_70383794701c4f0fc157b2ed,1654214399999999999,10000,10000.0,0.0,True
MARGEN_2X,conditional,run_70383794701c4f0fc157b2ed,1654300799999999999,10000,10000.0,0.0,True
MARGEN_2X,conditional,run_70383794701c4f0fc157b2ed,1654387199999999999,10000,10000.0,0.0,True
MARGEN_2X,conditional,run_70383794701c4f0fc157b2ed,1654473599999999999,10000,10000.0,0.0,True
MARGEN_2X,conditional,run_70383794701c4f0fc157b2ed,1654559999999999999,10000,10000.0,0.0,True
MARGEN_2X,conditional,run_70383794701c4f0fc157b2ed,1654646399999999999,10000,10000.0,0.0,True
MARGEN_2X,conditional,run_70383794701c4f0fc157b2ed,1654732799999999999,10000,10000.0,0.0,True
MARGEN_2X,conditional,run_70383794701c4f0fc157b2ed,1654819199999999999,10000,10000.0,0.0,True
MARGEN_2X,conditional,run_70383794701c4f0fc157b2ed,1654905599999999999,10000,10000.0,0.0,True
MARGEN_2X,conditional,run_70383794701c4f0fc157b2ed,1654991999999999999,10000,10000.0,0.0,True
MARGEN_2X,conditional,run_70383794701c4f0fc157b2ed,1655078399999999999,10000,10000.0,0.0,True
MARGEN_2X,conditional,run_70383794701c4f0fc157b2ed,1655164799999999999,10000,10000.0,0.0,True
MARGEN_2X,conditional,run_70383794701c4f0fc157b2ed,1655251199999999999,10000,10000.0,0.0,True
MARGEN_2X,conditional,run_70383794701c4f0fc157b2ed,1655337599999999999,10000,10000.0,0.0,True
MARGEN_2X,conditional,run_70383794701c4f0fc157b2ed,1655423999999999999,10000,10000.0,0.0,True
MARGEN_2X,conditional,run_70383794701c4f0fc157b2ed,1655510399999999999,10000,10000.0,0.0,True
MARGEN_2X,conditional,run_70383794701c4f0fc157b2ed,1655596799999999999,10000,10000.0,0.0,True
MARGEN_2X,conditional,run_70383794701c4f0fc157b2ed,1655683199999999999,10000,10000.0,0.0,True
MARGEN_2X,conditional,run_70383794701c4f0fc157b2ed,1655769599999999999,10000,10000.0,0.0,True
MARGEN_2X,conditional,run_70383794701c4f0fc157b2ed,1655855999999999999,10000,10000.0,0.0,True
MARGEN_2X,conditional,run_70383794701c4f0fc157b2ed,1655942399999999999,10000,10000.0,0.0,True
MARGEN_2X,conditional,run_70383794701c4f0fc157b2ed,1656028799999999999,10000,10000.0,0.0,True
MARGEN_2X,conditional,run_70383794701c4f0fc157b2ed,1656115199999999999,10000,10000.0,0.0,True
MARGEN_2X,conditional,run_70383794701c4f0fc157b2ed,1656201599999999999,10000,10000.0,0.0,True
MARGEN_2X,conditional,run_70383794701c4f0fc157b2ed,1656287999999999999,10000,10000.0,0.0,True
MARGEN_2X,conditional,run_70383794701c4f0fc157b2ed,1656374399999999999,10000,10000.0,0.0,True
MARGEN_2X,conditional,run_70383794701c4f0fc157b2ed,1656460799999999999,10000,10000.0,0.0,True
MARGEN_2X,conditional,run_70383794701c4f0fc157b2ed,1656547199999999999,10000,10000.0,0.0,True
MARGEN_2X,conditional,run_70383794701c4f0fc157b2ed,1656633599999999999,10000,10000.0,0.0,True
MARGEN_2X,permanent,run_3f5d9cce8ff1c2ba5447e3b6,1654127999999999999,10077.98694590271128476280000,10077.98694590271,0.0,True
MARGEN_2X,permanent,run_3f5d9cce8ff1c2ba5447e3b6,1654214399999999999,10078.03653040756128476280000,10078.03653040756,-1.8189894035458565e-12,True
MARGEN_2X,permanent,run_3f5d9cce8ff1c2ba5447e3b6,1654300799999999999,10078.28751608509549237230000,10078.287516085094,-1.8189894035458565e-12,True
MARGEN_2X,permanent,run_3f5d9cce8ff1c2ba5447e3b6,1654387199999999999,10078.41378969397941636230000,10078.41378969398,0.0,True
MARGEN_2X,permanent,run_3f5d9cce8ff1c2ba5447e3b6,1654473599999999999,10078.36582353636125251580000,10078.365823536362,0.0,True
MARGEN_2X,permanent,run_3f5d9cce8ff1c2ba5447e3b6,1654559999999999999,10078.97929975212007751580000,10078.97929975212,0.0,True
MARGEN_2X,permanent,run_3f5d9cce8ff1c2ba5447e3b6,1654646399999999999,10078.57264193902287613380000,10078.572641939023,0.0,True
MARGEN_2X,permanent,run_3f5d9cce8ff1c2ba5447e3b6,1654732799999999999,10080.12423432673345613380000,10080.124234326733,0.0,True
MARGEN_2X,permanent,run_3f5d9cce8ff1c2ba5447e3b6,1654819199999999999,10080.76649400244062113380000,10080.76649400244,0.0,True
MARGEN_2X,permanent,run_3f5d9cce8ff1c2ba5447e3b6,1654905599999999999,10083.08290835471230611830000,10083.08290835471,-1.8189894035458565e-12,True
MARGEN_2X,permanent,run_3f5d9cce8ff1c2ba5447e3b6,1654991999999999999,10081.14833355385321386430000,10081.148333553854,1.8189894035458565e-12,True
MARGEN_2X,permanent,run_3f5d9cce8ff1c2ba5447e3b6,1655078399999999999,10081.08531897286706429230000,10081.085318972868,0.0,True
MARGEN_2X,permanent,run_3f5d9cce8ff1c2ba5447e3b6,1655164799999999999,10083.45625347472460139230000,10083.456253474724,0.0,True
MARGEN_2X,permanent,run_3f5d9cce8ff1c2ba5447e3b6,1655251199999999999,10081.40143190827121959330000,10081.40143190827,0.0,True
MARGEN_2X,permanent,run_3f5d9cce8ff1c2ba5447e3b6,1655337599999999999,10081.28486234148527032130000,10081.284862341487,1.8189894035458565e-12,True
MARGEN_2X,permanent,run_3f5d9cce8ff1c2ba5447e3b6,1655423999999999999,10080.69613399086457240050000,10080.696133990865,0.0,True
MARGEN_2X,permanent,run_3f5d9cce8ff1c2ba5447e3b6,1655510399999999999,10080.28234382954790808650000,10080.282343829547,0.0,True
MARGEN_2X,permanent,run_3f5d9cce8ff1c2ba5447e3b6,1655596799999999999,10079.95872739649497449150000,10079.958727396497,1.8189894035458565e-12,True
MARGEN_2X,permanent,run_3f5d9cce8ff1c2ba5447e3b6,1655683199999999999,10080.51651517515657755750000,10080.516515175157,0.0,True
MARGEN_2X,permanent,run_3f5d9cce8ff1c2ba5447e3b6,1655769599999999999,10080.56685109530555955940000,10080.566851095306,0.0,True
MARGEN_2X,permanent,run_3f5d9cce8ff1c2ba5447e3b6,1655855999999999999,10082.53575363638963778100000,10082.535753636392,1.8189894035458565e-12,True
MARGEN_2X,permanent,run_3f5d9cce8ff1c2ba5447e3b6,1655942399999999999,10080.90643202234763778100000,10080.906432022348,0.0,True
MARGEN_2X,permanent,run_3f5d9cce8ff1c2ba5447e3b6,1656028799999999999,10081.57497819967295736140000,10081.574978199673,0.0,True
MARGEN_2X,permanent,run_3f5d9cce8ff1c2ba5447e3b6,1656115199999999999,10081.08229206713122136140000,10081.08229206713,0.0,True
MARGEN_2X,permanent,run_3f5d9cce8ff1c2ba5447e3b6,1656201599999999999,10080.68038971063908081680000,10080.680389710638,0.0,True
MARGEN_2X,permanent,run_3f5d9cce8ff1c2ba5447e3b6,1656287999999999999,10082.94363822893729374520000,10082.943638228937,0.0,True
MARGEN_2X,permanent,run_3f5d9cce8ff1c2ba5447e3b6,1656374399999999999,10084.68560272927173094040000,10084.68560272927,-1.8189894035458565e-12,True
MARGEN_2X,permanent,run_3f5d9cce8ff1c2ba5447e3b6,1656460799999999999,10083.30458245056326249820000,10083.304582450563,0.0,True
MARGEN_2X,permanent,run_3f5d9cce8ff1c2ba5447e3b6,1656547199999999999,10084.04113043643866131940000,10084.041130436439,0.0,True
MARGEN_2X,permanent,run_3f5d9cce8ff1c2ba5447e3b6,1656633599999999999,10085.38492647277422519320000,10085.384926472774,0.0,True
BASE_E3,conditional,run_ad71d751b20623006c195ff3,1656719999999999999,10000,10000.0,0.0,True
BASE_E3,conditional,run_ad71d751b20623006c195ff3,1656806399999999999,10000,10000.0,0.0,True
BASE_E3,conditional,run_ad71d751b20623006c195ff3,1656892799999999999,10000,10000.0,0.0,True
BASE_E3,conditional,run_ad71d751b20623006c195ff3,1656979199999999999,10000,10000.0,0.0,True
BASE_E3,conditional,run_ad71d751b20623006c195ff3,1657065599999999999,10000,10000.0,0.0,True
BASE_E3,conditional,run_ad71d751b20623006c195ff3,1657151999999999999,10000,10000.0,0.0,True
BASE_E3,conditional,run_ad71d751b20623006c195ff3,1657238399999999999,10000,10000.0,0.0,True
BASE_E3,conditional,run_ad71d751b20623006c195ff3,1657324799999999999,10000,10000.0,0.0,True
BASE_E3,conditional,run_ad71d751b20623006c195ff3,1657411199999999999,10000,10000.0,0.0,True
BASE_E3,conditional,run_ad71d751b20623006c195ff3,1657497599999999999,10000,10000.0,0.0,True
BASE_E3,conditional,run_ad71d751b20623006c195ff3,1657583999999999999,10000,10000.0,0.0,True
BASE_E3,conditional,run_ad71d751b20623006c195ff3,1657670399999999999,10000,10000.0,0.0,True
BASE_E3,conditional,run_ad71d751b20623006c195ff3,1657756799999999999,10000,10000.0,0.0,True
BASE_E3,conditional,run_ad71d751b20623006c195ff3,1657843199999999999,10000,10000.0,0.0,True
BASE_E3,conditional,run_ad71d751b20623006c195ff3,1657929599999999999,10000,10000.0,0.0,True
BASE_E3,conditional,run_ad71d751b20623006c195ff3,1658015999999999999,10000,10000.0,0.0,True
BASE_E3,conditional,run_ad71d751b20623006c195ff3,1658102399999999999,10000,10000.0,0.0,True
BASE_E3,conditional,run_ad71d751b20623006c195ff3,1658188799999999999,10000,10000.0,0.0,True
BASE_E3,conditional,run_ad71d751b20623006c195ff3,1658275199999999999,10000,10000.0,0.0,True
BASE_E3,conditional,run_ad71d751b20623006c195ff3,1658361599999999999,10000,10000.0,0.0,True
BASE_E3,conditional,run_ad71d751b20623006c195ff3,1658447999999999999,10000,10000.0,0.0,True
BASE_E3,conditional,run_ad71d751b20623006c195ff3,1658534399999999999,10000,10000.0,0.0,True
BASE_E3,conditional,run_ad71d751b20623006c195ff3,1658620799999999999,10000,10000.0,0.0,True
BASE_E3,conditional,run_ad71d751b20623006c195ff3,1658707199999999999,10000,10000.0,0.0,True
BASE_E3,conditional,run_ad71d751b20623006c195ff3,1658793599999999999,10000,10000.0,0.0,True
BASE_E3,conditional,run_ad71d751b20623006c195ff3,1658879999999999999,10000,10000.0,0.0,True
BASE_E3,conditional,run_ad71d751b20623006c195ff3,1658966399999999999,10000,10000.0,0.0,True
BASE_E3,conditional,run_ad71d751b20623006c195ff3,1659052799999999999,10000,10000.0,0.0,True
BASE_E3,conditional,run_ad71d751b20623006c195ff3,1659139199999999999,10000,10000.0,0.0,True
BASE_E3,conditional,run_ad71d751b20623006c195ff3,1659225599999999999,10000,10000.0,0.0,True
BASE_E3,conditional,run_ad71d751b20623006c195ff3,1659311999999999999,10000,10000.0,0.0,True
BASE_E3,permanent,run_dfea4b7ac1475668d5968c97,1656719999999999999,10083.82559338629619635720000,10083.825593386297,0.0,True
BASE_E3,permanent,run_dfea4b7ac1475668d5968c97,1656806399999999999,10083.21456796824219635720000,10083.214567968242,0.0,True
BASE_E3,permanent,run_dfea4b7ac1475668d5968c97,1656892799999999999,10083.47447383671595099280000,10083.474473836715,0.0,True
BASE_E3,permanent,run_dfea4b7ac1475668d5968c97,1656979199999999999,10083.42237614175386906640000,10083.422376141752,-1.8189894035458565e-12,True
BASE_E3,permanent,run_dfea4b7ac1475668d5968c97,1657065599999999999,10083.58243087212452106640000,10083.582430872126,1.8189894035458565e-12,True
BASE_E3,permanent,run_dfea4b7ac1475668d5968c97,1657151999999999999,10084.81147001198709106640000,10084.811470011988,0.0,True
BASE_E3,permanent,run_dfea4b7ac1475668d5968c97,1657238399999999999,10085.65392364284812306640000,10085.653923642849,0.0,True
BASE_E3,permanent,run_dfea4b7ac1475668d5968c97,1657324799999999999,10085.95329117669812784240000,10085.953291176698,0.0,True
BASE_E3,permanent,run_dfea4b7ac1475668d5968c97,1657411199999999999,10087.62926662675753213500000,10087.629266626758,0.0,True
BASE_E3,permanent,run_dfea4b7ac1475668d5968c97,1657497599999999999,10088.05696732378153213500000,10088.056967323782,0.0,True
BASE_E3,permanent,run_dfea4b7ac1475668d5968c97,1657583999999999999,10088.76151412251766468860000,10088.761514122516,-1.8189894035458565e-12,True
BASE_E3,permanent,run_dfea4b7ac1475668d5968c97,1657670399999999999,10089.90109188994395877640000,10089.901091889944,0.0,True
BASE_E3,permanent,run_dfea4b7ac1475668d5968c97,1657756799999999999,10089.48838298333543113080000,10089.488382983334,-1.8189894035458565e-12,True
BASE_E3,permanent,run_dfea4b7ac1475668d5968c97,1657843199999999999,10089.79653993007167532360000,10089.796539930072,0.0,True
BASE_E3,permanent,run_dfea4b7ac1475668d5968c97,1657929599999999999,10089.40221071692901619320000,10089.402210716928,-1.8189894035458565e-12,True
BASE_E3,permanent,run_dfea4b7ac1475668d5968c97,1658015999999999999,10090.62003457049820711960000,10090.620034570497,-1.8189894035458565e-12,True
BASE_E3,permanent,run_dfea4b7ac1475668d5968c97,1658102399999999999,10090.76715708305656315080000,10090.767157083057,0.0,True
BASE_E3,permanent,run_dfea4b7ac1475668d5968c97,1658188799999999999,10087.86175305353832315080000,10087.86175305354,1.8189894035458565e-12,True
BASE_E3,permanent,run_dfea4b7ac1475668d5968c97,1658275199999999999,10092.70880643052950715080000,10092.708806430528,-1.8189894035458565e-12,True
BASE_E3,permanent,run_dfea4b7ac1475668d5968c97,1658361599999999999,10092.13639251082249376640000,10092.136392510822,0.0,True
BASE_E3,permanent,run_dfea4b7ac1475668d5968c97,1658447999999999999,10092.43967887267888576640000,10092.43967887268,1.8189894035458565e-12,True
BASE_E3,permanent,run_dfea4b7ac1475668d5968c97,1658534399999999999,10093.91384422675839776640000,10093.913844226758,0.0,True
BASE_E3,permanent,run_dfea4b7ac1475668d5968c97,1658620799999999999,10094.44223403535154349330000,10094.44223403535,-1.8189894035458565e-12,True
BASE_E3,permanent,run_dfea4b7ac1475668d5968c97,1658707199999999999,10097.82716500626115249330000,10097.82716500626,-1.8189894035458565e-12,True
BASE_E3,permanent,run_dfea4b7ac1475668d5968c97,1658793599999999999,10098.22476817091766523230000,10098.224768170918,0.0,True
BASE_E3,permanent,run_dfea4b7ac1475668d5968c97,1658879999999999999,10098.84502232566087523330000,10098.84502232566,0.0,True
BASE_E3,permanent,run_dfea4b7ac1475668d5968c97,1658966399999999999,10098.50405992969949590930000,10098.504059929699,0.0,True
BASE_E3,permanent,run_dfea4b7ac1475668d5968c97,1659052799999999999,10100.59634222880030190930000,10100.5963422288,0.0,True
BASE_E3,permanent,run_dfea4b7ac1475668d5968c97,1659139199999999999,10099.23468841151390790930000,10099.234688411514,0.0,True
BASE_E3,permanent,run_dfea4b7ac1475668d5968c97,1659225599999999999,10105.40449563854830990930000,10105.40449563855,1.8189894035458565e-12,True
BASE_E3,permanent,run_dfea4b7ac1475668d5968c97,1659311999999999999,10106.04444692788864590930000,10106.044446927888,0.0,True
MARGEN_2X,conditional,run_70383794701c4f0fc157b2ed,1656719999999999999,10000,10000.0,0.0,True
MARGEN_2X,conditional,run_70383794701c4f0fc157b2ed,1656806399999999999,10000,10000.0,0.0,True
MARGEN_2X,conditional,run_70383794701c4f0fc157b2ed,1656892799999999999,10000,10000.0,0.0,True
MARGEN_2X,conditional,run_70383794701c4f0fc157b2ed,1656979199999999999,10000,10000.0,0.0,True
MARGEN_2X,conditional,run_70383794701c4f0fc157b2ed,1657065599999999999,10000,10000.0,0.0,True
MARGEN_2X,conditional,run_70383794701c4f0fc157b2ed,1657151999999999999,10000,10000.0,0.0,True
MARGEN_2X,conditional,run_70383794701c4f0fc157b2ed,1657238399999999999,10000,10000.0,0.0,True
MARGEN_2X,conditional,run_70383794701c4f0fc157b2ed,1657324799999999999,10000,10000.0,0.0,True
MARGEN_2X,conditional,run_70383794701c4f0fc157b2ed,1657411199999999999,10000,10000.0,0.0,True
MARGEN_2X,conditional,run_70383794701c4f0fc157b2ed,1657497599999999999,10000,10000.0,0.0,True
MARGEN_2X,conditional,run_70383794701c4f0fc157b2ed,1657583999999999999,10000,10000.0,0.0,True
MARGEN_2X,conditional,run_70383794701c4f0fc157b2ed,1657670399999999999,10000,10000.0,0.0,True
MARGEN_2X,conditional,run_70383794701c4f0fc157b2ed,1657756799999999999,10000,10000.0,0.0,True
MARGEN_2X,conditional,run_70383794701c4f0fc157b2ed,1657843199999999999,10000,10000.0,0.0,True
MARGEN_2X,conditional,run_70383794701c4f0fc157b2ed,1657929599999999999,10000,10000.0,0.0,True
MARGEN_2X,conditional,run_70383794701c4f0fc157b2ed,1658015999999999999,10000,10000.0,0.0,True
MARGEN_2X,conditional,run_70383794701c4f0fc157b2ed,1658102399999999999,10000,10000.0,0.0,True
MARGEN_2X,conditional,run_70383794701c4f0fc157b2ed,1658188799999999999,10000,10000.0,0.0,True
MARGEN_2X,conditional,run_70383794701c4f0fc157b2ed,1658275199999999999,10000,10000.0,0.0,True
MARGEN_2X,conditional,run_70383794701c4f0fc157b2ed,1658361599999999999,10000,10000.0,0.0,True
MARGEN_2X,conditional,run_70383794701c4f0fc157b2ed,1658447999999999999,10000,10000.0,0.0,True
MARGEN_2X,conditional,run_70383794701c4f0fc157b2ed,1658534399999999999,10000,10000.0,0.0,True
MARGEN_2X,conditional,run_70383794701c4f0fc157b2ed,1658620799999999999,10000,10000.0,0.0,True
MARGEN_2X,conditional,run_70383794701c4f0fc157b2ed,1658707199999999999,10000,10000.0,0.0,True
MARGEN_2X,conditional,run_70383794701c4f0fc157b2ed,1658793599999999999,10000,10000.0,0.0,True
MARGEN_2X,conditional,run_70383794701c4f0fc157b2ed,1658879999999999999,10000,10000.0,0.0,True
MARGEN_2X,conditional,run_70383794701c4f0fc157b2ed,1658966399999999999,10000,10000.0,0.0,True
MARGEN_2X,conditional,run_70383794701c4f0fc157b2ed,1659052799999999999,10000,10000.0,0.0,True
MARGEN_2X,conditional,run_70383794701c4f0fc157b2ed,1659139199999999999,10000,10000.0,0.0,True
MARGEN_2X,conditional,run_70383794701c4f0fc157b2ed,1659225599999999999,10000,10000.0,0.0,True
MARGEN_2X,conditional,run_70383794701c4f0fc157b2ed,1659311999999999999,10000,10000.0,0.0,True
MARGEN_2X,permanent,run_3f5d9cce8ff1c2ba5447e3b6,1656719999999999999,10083.82559338629619635720000,10083.825593386297,0.0,True
MARGEN_2X,permanent,run_3f5d9cce8ff1c2ba5447e3b6,1656806399999999999,10083.21456796824219635720000,10083.214567968242,0.0,True
MARGEN_2X,permanent,run_3f5d9cce8ff1c2ba5447e3b6,1656892799999999999,10083.47447383671595099280000,10083.474473836715,0.0,True
MARGEN_2X,permanent,run_3f5d9cce8ff1c2ba5447e3b6,1656979199999999999,10083.42237614175386906640000,10083.422376141752,-1.8189894035458565e-12,True
MARGEN_2X,permanent,run_3f5d9cce8ff1c2ba5447e3b6,1657065599999999999,10083.58243087212452106640000,10083.582430872126,1.8189894035458565e-12,True
MARGEN_2X,permanent,run_3f5d9cce8ff1c2ba5447e3b6,1657151999999999999,10084.81147001198709106640000,10084.811470011988,0.0,True
MARGEN_2X,permanent,run_3f5d9cce8ff1c2ba5447e3b6,1657238399999999999,10085.65392364284812306640000,10085.653923642849,0.0,True
MARGEN_2X,permanent,run_3f5d9cce8ff1c2ba5447e3b6,1657324799999999999,10085.95329117669812784240000,10085.953291176698,0.0,True
MARGEN_2X,permanent,run_3f5d9cce8ff1c2ba5447e3b6,1657411199999999999,10087.62926662675753213500000,10087.629266626758,0.0,True
MARGEN_2X,permanent,run_3f5d9cce8ff1c2ba5447e3b6,1657497599999999999,10088.05696732378153213500000,10088.056967323782,0.0,True
MARGEN_2X,permanent,run_3f5d9cce8ff1c2ba5447e3b6,1657583999999999999,10088.76151412251766468860000,10088.761514122516,-1.8189894035458565e-12,True
MARGEN_2X,permanent,run_3f5d9cce8ff1c2ba5447e3b6,1657670399999999999,10089.90109188994395877640000,10089.901091889944,0.0,True
MARGEN_2X,permanent,run_3f5d9cce8ff1c2ba5447e3b6,1657756799999999999,10089.48838298333543113080000,10089.488382983334,-1.8189894035458565e-12,True
MARGEN_2X,permanent,run_3f5d9cce8ff1c2ba5447e3b6,1657843199999999999,10089.79653993007167532360000,10089.796539930072,0.0,True
MARGEN_2X,permanent,run_3f5d9cce8ff1c2ba5447e3b6,1657929599999999999,10089.40221071692901619320000,10089.402210716928,-1.8189894035458565e-12,True
MARGEN_2X,permanent,run_3f5d9cce8ff1c2ba5447e3b6,1658015999999999999,10090.62003457049820711960000,10090.620034570497,-1.8189894035458565e-12,True
MARGEN_2X,permanent,run_3f5d9cce8ff1c2ba5447e3b6,1658102399999999999,10090.76715708305656315080000,10090.767157083057,0.0,True
MARGEN_2X,permanent,run_3f5d9cce8ff1c2ba5447e3b6,1658188799999999999,10087.86175305353832315080000,10087.86175305354,1.8189894035458565e-12,True
MARGEN_2X,permanent,run_3f5d9cce8ff1c2ba5447e3b6,1658275199999999999,10092.70880643052950715080000,10092.708806430528,-1.8189894035458565e-12,True
MARGEN_2X,permanent,run_3f5d9cce8ff1c2ba5447e3b6,1658361599999999999,10092.13639251082249376640000,10092.136392510822,0.0,True
MARGEN_2X,permanent,run_3f5d9cce8ff1c2ba5447e3b6,1658447999999999999,10092.43967887267888576640000,10092.43967887268,1.8189894035458565e-12,True
MARGEN_2X,permanent,run_3f5d9cce8ff1c2ba5447e3b6,1658534399999999999,10093.91384422675839776640000,10093.913844226758,0.0,True
MARGEN_2X,permanent,run_3f5d9cce8ff1c2ba5447e3b6,1658620799999999999,10094.44223403535154349330000,10094.44223403535,-1.8189894035458565e-12,True
MARGEN_2X,permanent,run_3f5d9cce8ff1c2ba5447e3b6,1658707199999999999,10097.82716500626115249330000,10097.82716500626,-1.8189894035458565e-12,True
MARGEN_2X,permanent,run_3f5d9cce8ff1c2ba5447e3b6,1658793599999999999,10098.22476817091766523230000,10098.224768170918,0.0,True
MARGEN_2X,permanent,run_3f5d9cce8ff1c2ba5447e3b6,1658879999999999999,10098.84502232566087523330000,10098.84502232566,0.0,True
MARGEN_2X,permanent,run_3f5d9cce8ff1c2ba5447e3b6,1658966399999999999,10098.50405992969949590930000,10098.504059929699,0.0,True
MARGEN_2X,permanent,run_3f5d9cce8ff1c2ba5447e3b6,1659052799999999999,10100.59634222880030190930000,10100.5963422288,0.0,True
MARGEN_2X,permanent,run_3f5d9cce8ff1c2ba5447e3b6,1659139199999999999,10099.23468841151390790930000,10099.234688411514,0.0,True
MARGEN_2X,permanent,run_3f5d9cce8ff1c2ba5447e3b6,1659225599999999999,10105.40449563854830990930000,10105.40449563855,1.8189894035458565e-12,True
MARGEN_2X,permanent,run_3f5d9cce8ff1c2ba5447e3b6,1659311999999999999,10106.04444692788864590930000,10106.044446927888,0.0,True
BASE_E3,conditional,run_ad71d751b20623006c195ff3,1659398399999999999,10000,10000.0,0.0,True
BASE_E3,conditional,run_ad71d751b20623006c195ff3,1659484799999999999,10000,10000.0,0.0,True
BASE_E3,conditional,run_ad71d751b20623006c195ff3,1659571199999999999,10000,10000.0,0.0,True
BASE_E3,conditional,run_ad71d751b20623006c195ff3,1659657599999999999,10000,10000.0,0.0,True
BASE_E3,conditional,run_ad71d751b20623006c195ff3,1659743999999999999,10000,10000.0,0.0,True
BASE_E3,conditional,run_ad71d751b20623006c195ff3,1659830399999999999,10000,10000.0,0.0,True
BASE_E3,conditional,run_ad71d751b20623006c195ff3,1659916799999999999,10000,10000.0,0.0,True
BASE_E3,conditional,run_ad71d751b20623006c195ff3,1660003199999999999,10000,10000.0,0.0,True
BASE_E3,conditional,run_ad71d751b20623006c195ff3,1660089599999999999,10000,10000.0,0.0,True
BASE_E3,conditional,run_ad71d751b20623006c195ff3,1660175999999999999,10000,10000.0,0.0,True
BASE_E3,conditional,run_ad71d751b20623006c195ff3,1660262399999999999,10000,10000.0,0.0,True
BASE_E3,conditional,run_ad71d751b20623006c195ff3,1660348799999999999,10000,10000.0,0.0,True
BASE_E3,conditional,run_ad71d751b20623006c195ff3,1660435199999999999,10000,10000.0,0.0,True
BASE_E3,conditional,run_ad71d751b20623006c195ff3,1660521599999999999,10000,10000.0,0.0,True
BASE_E3,conditional,run_ad71d751b20623006c195ff3,1660607999999999999,10000,10000.0,0.0,True
BASE_E3,conditional,run_ad71d751b20623006c195ff3,1660694399999999999,10000,10000.0,0.0,True
BASE_E3,conditional,run_ad71d751b20623006c195ff3,1660780799999999999,10000,10000.0,0.0,True
BASE_E3,conditional,run_ad71d751b20623006c195ff3,1660867199999999999,10000,10000.0,0.0,True
BASE_E3,conditional,run_ad71d751b20623006c195ff3,1660953599999999999,10000,10000.0,0.0,True
BASE_E3,conditional,run_ad71d751b20623006c195ff3,1661039999999999999,10000,10000.0,0.0,True
BASE_E3,conditional,run_ad71d751b20623006c195ff3,1661126399999999999,10000,10000.0,0.0,True
BASE_E3,conditional,run_ad71d751b20623006c195ff3,1661212799999999999,10000,10000.0,0.0,True
BASE_E3,conditional,run_ad71d751b20623006c195ff3,1661299199999999999,10000,10000.0,0.0,True
BASE_E3,conditional,run_ad71d751b20623006c195ff3,1661385599999999999,10000,10000.0,0.0,True
BASE_E3,conditional,run_ad71d751b20623006c195ff3,1661471999999999999,10000,10000.0,0.0,True
BASE_E3,conditional,run_ad71d751b20623006c195ff3,1661558399999999999,10000,10000.0,0.0,True
BASE_E3,conditional,run_ad71d751b20623006c195ff3,1661644799999999999,10000,10000.0,0.0,True
BASE_E3,conditional,run_ad71d751b20623006c195ff3,1661731199999999999,10000,10000.0,0.0,True
BASE_E3,conditional,run_ad71d751b20623006c195ff3,1661817599999999999,10000,10000.0,0.0,True
BASE_E3,conditional,run_ad71d751b20623006c195ff3,1661903999999999999,10000,10000.0,0.0,True
BASE_E3,conditional,run_ad71d751b20623006c195ff3,1661990399999999999,10000,10000.0,0.0,True
BASE_E3,permanent,run_dfea4b7ac1475668d5968c97,1659398399999999999,10107.90190305074284058360000,10107.901903050744,1.8189894035458565e-12,True
BASE_E3,permanent,run_dfea4b7ac1475668d5968c97,1659484799999999999,10112.26930256449773988110000,10112.269302564499,0.0,True
BASE_E3,permanent,run_dfea4b7ac1475668d5968c97,1659571199999999999,10109.05379578047389682910000,10109.053795780474,0.0,True
BASE_E3,permanent,run_dfea4b7ac1475668d5968c97,1659657599999999999,10108.92897187425966445460000,10108.928971874262,1.8189894035458565e-12,True
BASE_E3,permanent,run_dfea4b7ac1475668d5968c97,1659743999999999999,10110.73953972738143437710000,10110.739539727381,0.0,True
BASE_E3,permanent,run_dfea4b7ac1475668d5968c97,1659830399999999999,10112.82310259611013678110000,10112.82310259611,0.0,True
BASE_E3,permanent,run_dfea4b7ac1475668d5968c97,1659916799999999999,10113.49569681788934788290000,10113.49569681789,1.8189894035458565e-12,True
BASE_E3,permanent,run_dfea4b7ac1475668d5968c97,1660003199999999999,10114.17280865848562836990000,10114.172808658484,-1.8189894035458565e-12,True
BASE_E3,permanent,run_dfea4b7ac1475668d5968c97,1660089599999999999,10115.01897503882958894070000,10115.018975038829,0.0,True
BASE_E3,permanent,run_dfea4b7ac1475668d5968c97,1660175999999999999,10115.23427641474624154070000,10115.234276414745,-1.8189894035458565e-12,True
BASE_E3,permanent,run_dfea4b7ac1475668d5968c97,1660262399999999999,10118.47323365998332189340000,10118.473233659983,0.0,True
BASE_E3,permanent,run_dfea4b7ac1475668d5968c97,1660348799999999999,10118.44150965455414663360000,10118.441509654554,0.0,True
BASE_E3,permanent,run_dfea4b7ac1475668d5968c97,1660435199999999999,10116.51856057612645880340000,10116.518560576125,-1.8189894035458565e-12,True
BASE_E3,permanent,run_dfea4b7ac1475668d5968c97,1660521599999999999,10118.06603471273067064300000,10118.066034712732,1.8189894035458565e-12,True
BASE_E3,permanent,run_dfea4b7ac1475668d5968c97,1660607999999999999,10115.67093504953103837530000,10115.670935049531,0.0,True
BASE_E3,permanent,run_dfea4b7ac1475668d5968c97,1660694399999999999,10117.87016928151989070630000,10117.87016928152,0.0,True
BASE_E3,permanent,run_dfea4b7ac1475668d5968c97,1660780799999999999,10117.71095265050624916730000,10117.710952650506,0.0,True
BASE_E3,permanent,run_dfea4b7ac1475668d5968c97,1660867199999999999,10118.79139570872682266680000,10118.791395708728,0.0,True
BASE_E3,permanent,run_dfea4b7ac1475668d5968c97,1660953599999999999,10119.96855285805055927670000,10119.96855285805,0.0,True
BASE_E3,permanent,run_dfea4b7ac1475668d5968c97,1661039999999999999,10118.77191723639978891400000,10118.7719172364,0.0,True
BASE_E3,permanent,run_dfea4b7ac1475668d5968c97,1661126399999999999,10117.82356514995651966040000,10117.823565149956,0.0,True
BASE_E3,permanent,run_dfea4b7ac1475668d5968c97,1661212799999999999,10118.66343626193050196260000,10118.663436261932,1.8189894035458565e-12,True
BASE_E3,permanent,run_dfea4b7ac1475668d5968c97,1661299199999999999,10118.29383103578893848740000,10118.293831035788,-1.8189894035458565e-12,True
BASE_E3,permanent,run_dfea4b7ac1475668d5968c97,1661385599999999999,10116.93423470259033171140000,10116.934234702589,-1.8189894035458565e-12,True
BASE_E3,permanent,run_dfea4b7ac1475668d5968c97,1661471999999999999,10115.98925401477006579620000,10115.989254014772,1.8189894035458565e-12,True
BASE_E3,permanent,run_dfea4b7ac1475668d5968c97,1661558399999999999,10117.01307609729659297620000,10117.013076097297,0.0,True
BASE_E3,permanent,run_dfea4b7ac1475668d5968c97,1661644799999999999,10115.33969097273941255380000,10115.339690972738,-1.8189894035458565e-12,True
BASE_E3,permanent,run_dfea4b7ac1475668d5968c97,1661731199999999999,10112.25360355206871870660000,10112.253603552068,0.0,True
BASE_E3,permanent,run_dfea4b7ac1475668d5968c97,1661817599999999999,10111.46989860862071870660000,10111.46989860862,0.0,True
BASE_E3,permanent,run_dfea4b7ac1475668d5968c97,1661903999999999999,10111.50412995370850426660000,10111.504129953708,0.0,True
BASE_E3,permanent,run_dfea4b7ac1475668d5968c97,1661990399999999999,10111.01146779707551524500000,10111.011467797076,0.0,True
MARGEN_2X,conditional,run_70383794701c4f0fc157b2ed,1659398399999999999,10000,10000.0,0.0,True
MARGEN_2X,conditional,run_70383794701c4f0fc157b2ed,1659484799999999999,10000,10000.0,0.0,True
MARGEN_2X,conditional,run_70383794701c4f0fc157b2ed,1659571199999999999,10000,10000.0,0.0,True
MARGEN_2X,conditional,run_70383794701c4f0fc157b2ed,1659657599999999999,10000,10000.0,0.0,True
MARGEN_2X,conditional,run_70383794701c4f0fc157b2ed,1659743999999999999,10000,10000.0,0.0,True
MARGEN_2X,conditional,run_70383794701c4f0fc157b2ed,1659830399999999999,10000,10000.0,0.0,True
MARGEN_2X,conditional,run_70383794701c4f0fc157b2ed,1659916799999999999,10000,10000.0,0.0,True
MARGEN_2X,conditional,run_70383794701c4f0fc157b2ed,1660003199999999999,10000,10000.0,0.0,True
MARGEN_2X,conditional,run_70383794701c4f0fc157b2ed,1660089599999999999,10000,10000.0,0.0,True
MARGEN_2X,conditional,run_70383794701c4f0fc157b2ed,1660175999999999999,10000,10000.0,0.0,True
MARGEN_2X,conditional,run_70383794701c4f0fc157b2ed,1660262399999999999,10000,10000.0,0.0,True
MARGEN_2X,conditional,run_70383794701c4f0fc157b2ed,1660348799999999999,10000,10000.0,0.0,True
MARGEN_2X,conditional,run_70383794701c4f0fc157b2ed,1660435199999999999,10000,10000.0,0.0,True
MARGEN_2X,conditional,run_70383794701c4f0fc157b2ed,1660521599999999999,10000,10000.0,0.0,True
MARGEN_2X,conditional,run_70383794701c4f0fc157b2ed,1660607999999999999,10000,10000.0,0.0,True
MARGEN_2X,conditional,run_70383794701c4f0fc157b2ed,1660694399999999999,10000,10000.0,0.0,True
MARGEN_2X,conditional,run_70383794701c4f0fc157b2ed,1660780799999999999,10000,10000.0,0.0,True
MARGEN_2X,conditional,run_70383794701c4f0fc157b2ed,1660867199999999999,10000,10000.0,0.0,True
MARGEN_2X,conditional,run_70383794701c4f0fc157b2ed,1660953599999999999,10000,10000.0,0.0,True
MARGEN_2X,conditional,run_70383794701c4f0fc157b2ed,1661039999999999999,10000,10000.0,0.0,True
MARGEN_2X,conditional,run_70383794701c4f0fc157b2ed,1661126399999999999,10000,10000.0,0.0,True
MARGEN_2X,conditional,run_70383794701c4f0fc157b2ed,1661212799999999999,10000,10000.0,0.0,True
MARGEN_2X,conditional,run_70383794701c4f0fc157b2ed,1661299199999999999,10000,10000.0,0.0,True
MARGEN_2X,conditional,run_70383794701c4f0fc157b2ed,1661385599999999999,10000,10000.0,0.0,True
MARGEN_2X,conditional,run_70383794701c4f0fc157b2ed,1661471999999999999,10000,10000.0,0.0,True
MARGEN_2X,conditional,run_70383794701c4f0fc157b2ed,1661558399999999999,10000,10000.0,0.0,True
MARGEN_2X,conditional,run_70383794701c4f0fc157b2ed,1661644799999999999,10000,10000.0,0.0,True
MARGEN_2X,conditional,run_70383794701c4f0fc157b2ed,1661731199999999999,10000,10000.0,0.0,True
MARGEN_2X,conditional,run_70383794701c4f0fc157b2ed,1661817599999999999,10000,10000.0,0.0,True
MARGEN_2X,conditional,run_70383794701c4f0fc157b2ed,1661903999999999999,10000,10000.0,0.0,True
MARGEN_2X,conditional,run_70383794701c4f0fc157b2ed,1661990399999999999,10000,10000.0,0.0,True
MARGEN_2X,permanent,run_3f5d9cce8ff1c2ba5447e3b6,1659398399999999999,10107.90190305074284058360000,10107.901903050744,1.8189894035458565e-12,True
MARGEN_2X,permanent,run_3f5d9cce8ff1c2ba5447e3b6,1659484799999999999,10112.26930256449773988110000,10112.269302564499,0.0,True
MARGEN_2X,permanent,run_3f5d9cce8ff1c2ba5447e3b6,1659571199999999999,10109.05379578047389682910000,10109.053795780474,0.0,True
MARGEN_2X,permanent,run_3f5d9cce8ff1c2ba5447e3b6,1659657599999999999,10108.92897187425966445460000,10108.928971874262,1.8189894035458565e-12,True
MARGEN_2X,permanent,run_3f5d9cce8ff1c2ba5447e3b6,1659743999999999999,10110.73953972738143437710000,10110.739539727381,0.0,True
MARGEN_2X,permanent,run_3f5d9cce8ff1c2ba5447e3b6,1659830399999999999,10112.82310259611013678110000,10112.82310259611,0.0,True
MARGEN_2X,permanent,run_3f5d9cce8ff1c2ba5447e3b6,1659916799999999999,10113.49569681788934788290000,10113.49569681789,1.8189894035458565e-12,True
MARGEN_2X,permanent,run_3f5d9cce8ff1c2ba5447e3b6,1660003199999999999,10114.17280865848562836990000,10114.172808658484,-1.8189894035458565e-12,True
MARGEN_2X,permanent,run_3f5d9cce8ff1c2ba5447e3b6,1660089599999999999,10115.01897503882958894070000,10115.018975038829,0.0,True
MARGEN_2X,permanent,run_3f5d9cce8ff1c2ba5447e3b6,1660175999999999999,10115.23427641474624154070000,10115.234276414745,-1.8189894035458565e-12,True
MARGEN_2X,permanent,run_3f5d9cce8ff1c2ba5447e3b6,1660262399999999999,10118.47323365998332189340000,10118.473233659983,0.0,True
MARGEN_2X,permanent,run_3f5d9cce8ff1c2ba5447e3b6,1660348799999999999,10118.44150965455414663360000,10118.441509654554,0.0,True
MARGEN_2X,permanent,run_3f5d9cce8ff1c2ba5447e3b6,1660435199999999999,10116.51856057612645880340000,10116.518560576125,-1.8189894035458565e-12,True
MARGEN_2X,permanent,run_3f5d9cce8ff1c2ba5447e3b6,1660521599999999999,10118.06603471273067064300000,10118.066034712732,1.8189894035458565e-12,True
MARGEN_2X,permanent,run_3f5d9cce8ff1c2ba5447e3b6,1660607999999999999,10115.67093504953103837530000,10115.670935049531,0.0,True
MARGEN_2X,permanent,run_3f5d9cce8ff1c2ba5447e3b6,1660694399999999999,10117.87016928151989070630000,10117.87016928152,0.0,True
MARGEN_2X,permanent,run_3f5d9cce8ff1c2ba5447e3b6,1660780799999999999,10117.71095265050624916730000,10117.710952650506,0.0,True
MARGEN_2X,permanent,run_3f5d9cce8ff1c2ba5447e3b6,1660867199999999999,10118.79139570872682266680000,10118.791395708728,0.0,True
MARGEN_2X,permanent,run_3f5d9cce8ff1c2ba5447e3b6,1660953599999999999,10119.96855285805055927670000,10119.96855285805,0.0,True
MARGEN_2X,permanent,run_3f5d9cce8ff1c2ba5447e3b6,1661039999999999999,10118.77191723639978891400000,10118.7719172364,0.0,True
MARGEN_2X,permanent,run_3f5d9cce8ff1c2ba5447e3b6,1661126399999999999,10117.82356514995651966040000,10117.823565149956,0.0,True
MARGEN_2X,permanent,run_3f5d9cce8ff1c2ba5447e3b6,1661212799999999999,10118.66343626193050196260000,10118.663436261932,1.8189894035458565e-12,True
MARGEN_2X,permanent,run_3f5d9cce8ff1c2ba5447e3b6,1661299199999999999,10118.29383103578893848740000,10118.293831035788,-1.8189894035458565e-12,True
MARGEN_2X,permanent,run_3f5d9cce8ff1c2ba5447e3b6,1661385599999999999,10116.93423470259033171140000,10116.934234702589,-1.8189894035458565e-12,True
MARGEN_2X,permanent,run_3f5d9cce8ff1c2ba5447e3b6,1661471999999999999,10115.98925401477006579620000,10115.989254014772,1.8189894035458565e-12,True
MARGEN_2X,permanent,run_3f5d9cce8ff1c2ba5447e3b6,1661558399999999999,10117.01307609729659297620000,10117.013076097297,0.0,True
MARGEN_2X,permanent,run_3f5d9cce8ff1c2ba5447e3b6,1661644799999999999,10115.33969097273941255380000,10115.339690972738,-1.8189894035458565e-12,True
MARGEN_2X,permanent,run_3f5d9cce8ff1c2ba5447e3b6,1661731199999999999,10112.25360355206871870660000,10112.253603552068,0.0,True
MARGEN_2X,permanent,run_3f5d9cce8ff1c2ba5447e3b6,1661817599999999999,10111.46989860862071870660000,10111.46989860862,0.0,True
MARGEN_2X,permanent,run_3f5d9cce8ff1c2ba5447e3b6,1661903999999999999,10111.50412995370850426660000,10111.504129953708,0.0,True
MARGEN_2X,permanent,run_3f5d9cce8ff1c2ba5447e3b6,1661990399999999999,10111.01146779707551524500000,10111.011467797076,0.0,True
BASE_E3,conditional,run_ad71d751b20623006c195ff3,1662076799999999999,10000,10000.0,0.0,True
BASE_E3,conditional,run_ad71d751b20623006c195ff3,1662163199999999999,10000,10000.0,0.0,True
BASE_E3,conditional,run_ad71d751b20623006c195ff3,1662249599999999999,10000,10000.0,0.0,True
BASE_E3,conditional,run_ad71d751b20623006c195ff3,1662335999999999999,10000,10000.0,0.0,True
BASE_E3,conditional,run_ad71d751b20623006c195ff3,1662422399999999999,10000,10000.0,0.0,True
BASE_E3,conditional,run_ad71d751b20623006c195ff3,1662508799999999999,10000,10000.0,0.0,True
BASE_E3,conditional,run_ad71d751b20623006c195ff3,1662595199999999999,10000,10000.0,0.0,True
BASE_E3,conditional,run_ad71d751b20623006c195ff3,1662681599999999999,10000,10000.0,0.0,True
BASE_E3,conditional,run_ad71d751b20623006c195ff3,1662767999999999999,10000,10000.0,0.0,True
BASE_E3,conditional,run_ad71d751b20623006c195ff3,1662854399999999999,10000,10000.0,0.0,True
BASE_E3,conditional,run_ad71d751b20623006c195ff3,1662940799999999999,10000,10000.0,0.0,True
BASE_E3,conditional,run_ad71d751b20623006c195ff3,1663027199999999999,10000,10000.0,0.0,True
BASE_E3,conditional,run_ad71d751b20623006c195ff3,1663113599999999999,10000,10000.0,0.0,True
BASE_E3,conditional,run_ad71d751b20623006c195ff3,1663199999999999999,10000,10000.0,0.0,True
BASE_E3,conditional,run_ad71d751b20623006c195ff3,1663286399999999999,10000,10000.0,0.0,True
BASE_E3,conditional,run_ad71d751b20623006c195ff3,1663372799999999999,10000,10000.0,0.0,True
BASE_E3,conditional,run_ad71d751b20623006c195ff3,1663459199999999999,10000,10000.0,0.0,True
BASE_E3,conditional,run_ad71d751b20623006c195ff3,1663545599999999999,10000,10000.0,0.0,True
BASE_E3,conditional,run_ad71d751b20623006c195ff3,1663631999999999999,10000,10000.0,0.0,True
BASE_E3,conditional,run_ad71d751b20623006c195ff3,1663718399999999999,10000,10000.0,0.0,True
BASE_E3,conditional,run_ad71d751b20623006c195ff3,1663804799999999999,10000,10000.0,0.0,True
BASE_E3,conditional,run_ad71d751b20623006c195ff3,1663891199999999999,10000,10000.0,0.0,True
BASE_E3,conditional,run_ad71d751b20623006c195ff3,1663977599999999999,10000,10000.0,0.0,True
BASE_E3,conditional,run_ad71d751b20623006c195ff3,1664063999999999999,10000,10000.0,0.0,True
BASE_E3,conditional,run_ad71d751b20623006c195ff3,1664150399999999999,10000,10000.0,0.0,True
BASE_E3,conditional,run_ad71d751b20623006c195ff3,1664236799999999999,10000,10000.0,0.0,True
BASE_E3,conditional,run_ad71d751b20623006c195ff3,1664323199999999999,10000,10000.0,0.0,True
BASE_E3,conditional,run_ad71d751b20623006c195ff3,1664409599999999999,10000,10000.0,0.0,True
BASE_E3,conditional,run_ad71d751b20623006c195ff3,1664495999999999999,10000,10000.0,0.0,True
BASE_E3,conditional,run_ad71d751b20623006c195ff3,1664582399999999999,10000,10000.0,0.0,True
BASE_E3,permanent,run_dfea4b7ac1475668d5968c97,1662076799999999999,10109.87767538286741037620000,10109.877675382866,-1.8189894035458565e-12,True
BASE_E3,permanent,run_dfea4b7ac1475668d5968c97,1662163199999999999,10110.46425076561237254660000,10110.464250765614,1.8189894035458565e-12,True
BASE_E3,permanent,run_dfea4b7ac1475668d5968c97,1662249599999999999,10110.36479927988782282900000,10110.364799279889,1.8189894035458565e-12,True
BASE_E3,permanent,run_dfea4b7ac1475668d5968c97,1662335999999999999,10110.28660018358101141460000,10110.286600183583,1.8189894035458565e-12,True
BASE_E3,permanent,run_dfea4b7ac1475668d5968c97,1662422399999999999,10110.69524714745500495140000,10110.695247147454,0.0,True
BASE_E3,permanent,run_dfea4b7ac1475668d5968c97,1662508799999999999,10109.62513675461002389780000,10109.62513675461,0.0,True
BASE_E3,permanent,run_dfea4b7ac1475668d5968c97,1662595199999999999,10105.87961350169285128980000,10105.879613501695,1.8189894035458565e-12,True
BASE_E3,permanent,run_dfea4b7ac1475668d5968c97,1662681599999999999,10107.98726650597717420980000,10107.987266505977,0.0,True
BASE_E3,permanent,run_dfea4b7ac1475668d5968c97,1662767999999999999,10106.73615922216534808980000,10106.736159222164,-1.8189894035458565e-12,True
BASE_E3,permanent,run_dfea4b7ac1475668d5968c97,1662854399999999999,10106.47172576483918180180000,10106.471725764839,0.0,True
BASE_E3,permanent,run_dfea4b7ac1475668d5968c97,1662940799999999999,10105.60431501432760209859999,10105.604315014327,0.0,True
BASE_E3,permanent,run_dfea4b7ac1475668d5968c97,1663027199999999999,10103.69094036065215550419999,10103.690940360653,1.8189894035458565e-12,True
BASE_E3,permanent,run_dfea4b7ac1475668d5968c97,1663113599999999999,10103.10155055334551367099999,10103.101550553345,0.0,True
BASE_E3,permanent,run_dfea4b7ac1475668d5968c97,1663199999999999999,10091.43372139871551627819999,10091.433721398715,0.0,True
BASE_E3,permanent,run_dfea4b7ac1475668d5968c97,1663286399999999999,10071.98132036474636286400000,10071.981320364746,0.0,True
BASE_E3,permanent,run_dfea4b7ac1475668d5968c97,1663372799999999999,10074.73753043127652606200000,10074.737530431275,-1.8189894035458565e-12,True
BASE_E3,permanent,run_dfea4b7ac1475668d5968c97,1663459199999999999,10073.09868714788310845180000,10073.098687147885,1.8189894035458565e-12,True
BASE_E3,permanent,run_dfea4b7ac1475668d5968c97,1663545599999999999,10074.25381290884643104840000,10074.253812908846,0.0,True
BASE_E3,permanent,run_dfea4b7ac1475668d5968c97,1663631999999999999,10073.87155547000718287000000,10073.871555470008,1.8189894035458565e-12,True
BASE_E3,permanent,run_dfea4b7ac1475668d5968c97,1663718399999999999,10073.12280017174905632020000,10073.122800171748,0.0,True
BASE_E3,permanent,run_dfea4b7ac1475668d5968c97,1663804799999999999,10073.30327471876391191660000,10073.303274718763,-1.8189894035458565e-12,True
BASE_E3,permanent,run_dfea4b7ac1475668d5968c97,1663891199999999999,10072.53397584843994543690000,10072.533975848439,-1.8189894035458565e-12,True
BASE_E3,permanent,run_dfea4b7ac1475668d5968c97,1663977599999999999,10071.11450682788023719690000,10071.11450682788,0.0,True
BASE_E3,permanent,run_dfea4b7ac1475668d5968c97,1664063999999999999,10072.52093909116618626690000,10072.520939091164,-1.8189894035458565e-12,True
BASE_E3,permanent,run_dfea4b7ac1475668d5968c97,1664150399999999999,10072.59041827703903859600000,10072.59041827704,0.0,True
BASE_E3,permanent,run_dfea4b7ac1475668d5968c97,1664236799999999999,10073.11393481919823177000000,10073.113934819197,-1.8189894035458565e-12,True
BASE_E3,permanent,run_dfea4b7ac1475668d5968c97,1664323199999999999,10073.64363603618185840820000,10073.64363603618,-1.8189894035458565e-12,True
BASE_E3,permanent,run_dfea4b7ac1475668d5968c97,1664409599999999999,10072.86506619920978455640000,10072.865066199209,-1.8189894035458565e-12,True
BASE_E3,permanent,run_dfea4b7ac1475668d5968c97,1664495999999999999,10073.78024571784035760590000,10073.78024571784,0.0,True
BASE_E3,permanent,run_dfea4b7ac1475668d5968c97,1664582399999999999,10076.02721333043992610990000,10076.02721333044,0.0,True
MARGEN_2X,conditional,run_70383794701c4f0fc157b2ed,1662076799999999999,10000,10000.0,0.0,True
MARGEN_2X,conditional,run_70383794701c4f0fc157b2ed,1662163199999999999,10000,10000.0,0.0,True
MARGEN_2X,conditional,run_70383794701c4f0fc157b2ed,1662249599999999999,10000,10000.0,0.0,True
MARGEN_2X,conditional,run_70383794701c4f0fc157b2ed,1662335999999999999,10000,10000.0,0.0,True
MARGEN_2X,conditional,run_70383794701c4f0fc157b2ed,1662422399999999999,10000,10000.0,0.0,True
MARGEN_2X,conditional,run_70383794701c4f0fc157b2ed,1662508799999999999,10000,10000.0,0.0,True
MARGEN_2X,conditional,run_70383794701c4f0fc157b2ed,1662595199999999999,10000,10000.0,0.0,True
MARGEN_2X,conditional,run_70383794701c4f0fc157b2ed,1662681599999999999,10000,10000.0,0.0,True
MARGEN_2X,conditional,run_70383794701c4f0fc157b2ed,1662767999999999999,10000,10000.0,0.0,True
MARGEN_2X,conditional,run_70383794701c4f0fc157b2ed,1662854399999999999,10000,10000.0,0.0,True
MARGEN_2X,conditional,run_70383794701c4f0fc157b2ed,1662940799999999999,10000,10000.0,0.0,True
MARGEN_2X,conditional,run_70383794701c4f0fc157b2ed,1663027199999999999,10000,10000.0,0.0,True
MARGEN_2X,conditional,run_70383794701c4f0fc157b2ed,1663113599999999999,10000,10000.0,0.0,True
MARGEN_2X,conditional,run_70383794701c4f0fc157b2ed,1663199999999999999,10000,10000.0,0.0,True
MARGEN_2X,conditional,run_70383794701c4f0fc157b2ed,1663286399999999999,10000,10000.0,0.0,True
MARGEN_2X,conditional,run_70383794701c4f0fc157b2ed,1663372799999999999,10000,10000.0,0.0,True
MARGEN_2X,conditional,run_70383794701c4f0fc157b2ed,1663459199999999999,10000,10000.0,0.0,True
MARGEN_2X,conditional,run_70383794701c4f0fc157b2ed,1663545599999999999,10000,10000.0,0.0,True
MARGEN_2X,conditional,run_70383794701c4f0fc157b2ed,1663631999999999999,10000,10000.0,0.0,True
MARGEN_2X,conditional,run_70383794701c4f0fc157b2ed,1663718399999999999,10000,10000.0,0.0,True
MARGEN_2X,conditional,run_70383794701c4f0fc157b2ed,1663804799999999999,10000,10000.0,0.0,True
MARGEN_2X,conditional,run_70383794701c4f0fc157b2ed,1663891199999999999,10000,10000.0,0.0,True
MARGEN_2X,conditional,run_70383794701c4f0fc157b2ed,1663977599999999999,10000,10000.0,0.0,True
MARGEN_2X,conditional,run_70383794701c4f0fc157b2ed,1664063999999999999,10000,10000.0,0.0,True
MARGEN_2X,conditional,run_70383794701c4f0fc157b2ed,1664150399999999999,10000,10000.0,0.0,True
MARGEN_2X,conditional,run_70383794701c4f0fc157b2ed,1664236799999999999,10000,10000.0,0.0,True
MARGEN_2X,conditional,run_70383794701c4f0fc157b2ed,1664323199999999999,10000,10000.0,0.0,True
MARGEN_2X,conditional,run_70383794701c4f0fc157b2ed,1664409599999999999,10000,10000.0,0.0,True
MARGEN_2X,conditional,run_70383794701c4f0fc157b2ed,1664495999999999999,10000,10000.0,0.0,True
MARGEN_2X,conditional,run_70383794701c4f0fc157b2ed,1664582399999999999,10000,10000.0,0.0,True
MARGEN_2X,permanent,run_3f5d9cce8ff1c2ba5447e3b6,1662076799999999999,10109.87767538286741037620000,10109.877675382866,-1.8189894035458565e-12,True
MARGEN_2X,permanent,run_3f5d9cce8ff1c2ba5447e3b6,1662163199999999999,10110.46425076561237254660000,10110.464250765614,1.8189894035458565e-12,True
MARGEN_2X,permanent,run_3f5d9cce8ff1c2ba5447e3b6,1662249599999999999,10110.36479927988782282900000,10110.364799279889,1.8189894035458565e-12,True
MARGEN_2X,permanent,run_3f5d9cce8ff1c2ba5447e3b6,1662335999999999999,10110.28660018358101141460000,10110.286600183583,1.8189894035458565e-12,True
MARGEN_2X,permanent,run_3f5d9cce8ff1c2ba5447e3b6,1662422399999999999,10110.69524714745500495140000,10110.695247147454,0.0,True
MARGEN_2X,permanent,run_3f5d9cce8ff1c2ba5447e3b6,1662508799999999999,10109.62513675461002389780000,10109.62513675461,0.0,True
MARGEN_2X,permanent,run_3f5d9cce8ff1c2ba5447e3b6,1662595199999999999,10105.87961350169285128980000,10105.879613501695,1.8189894035458565e-12,True
MARGEN_2X,permanent,run_3f5d9cce8ff1c2ba5447e3b6,1662681599999999999,10107.98726650597717420980000,10107.987266505977,0.0,True
MARGEN_2X,permanent,run_3f5d9cce8ff1c2ba5447e3b6,1662767999999999999,10106.73615922216534808980000,10106.736159222164,-1.8189894035458565e-12,True
MARGEN_2X,permanent,run_3f5d9cce8ff1c2ba5447e3b6,1662854399999999999,10106.47172576483918180180000,10106.471725764839,0.0,True
MARGEN_2X,permanent,run_3f5d9cce8ff1c2ba5447e3b6,1662940799999999999,10105.60431501432760209859999,10105.604315014327,0.0,True
MARGEN_2X,permanent,run_3f5d9cce8ff1c2ba5447e3b6,1663027199999999999,10103.69094036065215550419999,10103.690940360653,1.8189894035458565e-12,True
MARGEN_2X,permanent,run_3f5d9cce8ff1c2ba5447e3b6,1663113599999999999,10103.10155055334551367099999,10103.101550553345,0.0,True
MARGEN_2X,permanent,run_3f5d9cce8ff1c2ba5447e3b6,1663199999999999999,10091.43372139871551627819999,10091.433721398715,0.0,True
MARGEN_2X,permanent,run_3f5d9cce8ff1c2ba5447e3b6,1663286399999999999,10071.98132036474636286400000,10071.981320364746,0.0,True
MARGEN_2X,permanent,run_3f5d9cce8ff1c2ba5447e3b6,1663372799999999999,10074.73753043127652606200000,10074.737530431275,-1.8189894035458565e-12,True
MARGEN_2X,permanent,run_3f5d9cce8ff1c2ba5447e3b6,1663459199999999999,10073.09868714788310845180000,10073.098687147885,1.8189894035458565e-12,True
MARGEN_2X,permanent,run_3f5d9cce8ff1c2ba5447e3b6,1663545599999999999,10074.25381290884643104840000,10074.253812908846,0.0,True
MARGEN_2X,permanent,run_3f5d9cce8ff1c2ba5447e3b6,1663631999999999999,10073.87155547000718287000000,10073.871555470008,1.8189894035458565e-12,True
MARGEN_2X,permanent,run_3f5d9cce8ff1c2ba5447e3b6,1663718399999999999,10073.12280017174905632020000,10073.122800171748,0.0,True
MARGEN_2X,permanent,run_3f5d9cce8ff1c2ba5447e3b6,1663804799999999999,10073.30327471876391191660000,10073.303274718763,-1.8189894035458565e-12,True
MARGEN_2X,permanent,run_3f5d9cce8ff1c2ba5447e3b6,1663891199999999999,10072.53397584843994543690000,10072.533975848439,-1.8189894035458565e-12,True
MARGEN_2X,permanent,run_3f5d9cce8ff1c2ba5447e3b6,1663977599999999999,10071.11450682788023719690000,10071.11450682788,0.0,True
MARGEN_2X,permanent,run_3f5d9cce8ff1c2ba5447e3b6,1664063999999999999,10072.52093909116618626690000,10072.520939091164,-1.8189894035458565e-12,True
MARGEN_2X,permanent,run_3f5d9cce8ff1c2ba5447e3b6,1664150399999999999,10072.59041827703903859600000,10072.59041827704,0.0,True
MARGEN_2X,permanent,run_3f5d9cce8ff1c2ba5447e3b6,1664236799999999999,10073.11393481919823177000000,10073.113934819197,-1.8189894035458565e-12,True
MARGEN_2X,permanent,run_3f5d9cce8ff1c2ba5447e3b6,1664323199999999999,10073.64363603618185840820000,10073.64363603618,-1.8189894035458565e-12,True
MARGEN_2X,permanent,run_3f5d9cce8ff1c2ba5447e3b6,1664409599999999999,10072.86506619920978455640000,10072.865066199209,-1.8189894035458565e-12,True
MARGEN_2X,permanent,run_3f5d9cce8ff1c2ba5447e3b6,1664495999999999999,10073.78024571784035760590000,10073.78024571784,0.0,True
MARGEN_2X,permanent,run_3f5d9cce8ff1c2ba5447e3b6,1664582399999999999,10076.02721333043992610990000,10076.02721333044,0.0,True
BASE_E3,conditional,run_ad71d751b20623006c195ff3,1664668799999999999,10000,10000.0,0.0,True
BASE_E3,conditional,run_ad71d751b20623006c195ff3,1664755199999999999,10000,10000.0,0.0,True
BASE_E3,conditional,run_ad71d751b20623006c195ff3,1664841599999999999,10000,10000.0,0.0,True
BASE_E3,conditional,run_ad71d751b20623006c195ff3,1664927999999999999,10000,10000.0,0.0,True
BASE_E3,conditional,run_ad71d751b20623006c195ff3,1665014399999999999,10000,10000.0,0.0,True
BASE_E3,conditional,run_ad71d751b20623006c195ff3,1665100799999999999,10000,10000.0,0.0,True
BASE_E3,conditional,run_ad71d751b20623006c195ff3,1665187199999999999,10000,10000.0,0.0,True
BASE_E3,conditional,run_ad71d751b20623006c195ff3,1665273599999999999,10000,10000.0,0.0,True
BASE_E3,conditional,run_ad71d751b20623006c195ff3,1665359999999999999,10000,10000.0,0.0,True
BASE_E3,conditional,run_ad71d751b20623006c195ff3,1665446399999999999,10000,10000.0,0.0,True
BASE_E3,conditional,run_ad71d751b20623006c195ff3,1665532799999999999,10000,10000.0,0.0,True
BASE_E3,conditional,run_ad71d751b20623006c195ff3,1665619199999999999,10000,10000.0,0.0,True
BASE_E3,conditional,run_ad71d751b20623006c195ff3,1665705599999999999,10000,10000.0,0.0,True
BASE_E3,conditional,run_ad71d751b20623006c195ff3,1665791999999999999,10000,10000.0,0.0,True
BASE_E3,conditional,run_ad71d751b20623006c195ff3,1665878399999999999,10000,10000.0,0.0,True
BASE_E3,conditional,run_ad71d751b20623006c195ff3,1665964799999999999,10000,10000.0,0.0,True
BASE_E3,conditional,run_ad71d751b20623006c195ff3,1666051199999999999,10000,10000.0,0.0,True
BASE_E3,conditional,run_ad71d751b20623006c195ff3,1666137599999999999,10000,10000.0,0.0,True
BASE_E3,conditional,run_ad71d751b20623006c195ff3,1666223999999999999,10000,10000.0,0.0,True
BASE_E3,conditional,run_ad71d751b20623006c195ff3,1666310399999999999,10000,10000.0,0.0,True
BASE_E3,conditional,run_ad71d751b20623006c195ff3,1666396799999999999,10000,10000.0,0.0,True
BASE_E3,conditional,run_ad71d751b20623006c195ff3,1666483199999999999,10000,10000.0,0.0,True
BASE_E3,conditional,run_ad71d751b20623006c195ff3,1666569599999999999,10000,10000.0,0.0,True
BASE_E3,conditional,run_ad71d751b20623006c195ff3,1666655999999999999,10000,10000.0,0.0,True
BASE_E3,conditional,run_ad71d751b20623006c195ff3,1666742399999999999,10000,10000.0,0.0,True
BASE_E3,conditional,run_ad71d751b20623006c195ff3,1666828799999999999,10000,10000.0,0.0,True
BASE_E3,conditional,run_ad71d751b20623006c195ff3,1666915199999999999,10000,10000.0,0.0,True
BASE_E3,conditional,run_ad71d751b20623006c195ff3,1667001599999999999,10000,10000.0,0.0,True
BASE_E3,conditional,run_ad71d751b20623006c195ff3,1667087999999999999,10000,10000.0,0.0,True
BASE_E3,conditional,run_ad71d751b20623006c195ff3,1667174399999999999,10000,10000.0,0.0,True
BASE_E3,conditional,run_ad71d751b20623006c195ff3,1667260799999999999,10000,10000.0,0.0,True
BASE_E3,permanent,run_dfea4b7ac1475668d5968c97,1664668799999999999,10075.85288140423556374770000,10075.852881404237,1.8189894035458565e-12,True
BASE_E3,permanent,run_dfea4b7ac1475668d5968c97,1664755199999999999,10076.66493414026430145219999,10076.664934140264,0.0,True
BASE_E3,permanent,run_dfea4b7ac1475668d5968c97,1664841599999999999,10077.22668427493215659219999,10077.226684274932,0.0,True
BASE_E3,permanent,run_dfea4b7ac1475668d5968c97,1664927999999999999,10078.52775565881908159219999,10078.527755658819,0.0,True
BASE_E3,permanent,run_dfea4b7ac1475668d5968c97,1665014399999999999,10079.57189255094500876139999,10079.571892550946,1.8189894035458565e-12,True
BASE_E3,permanent,run_dfea4b7ac1475668d5968c97,1665100799999999999,10080.53402392363965636699999,10080.534023923641,1.8189894035458565e-12,True
BASE_E3,permanent,run_dfea4b7ac1475668d5968c97,1665187199999999999,10080.73540636140265354939999,10080.735406361404,1.8189894035458565e-12,True
BASE_E3,permanent,run_dfea4b7ac1475668d5968c97,1665273599999999999,10083.17165788482198641509999,10083.171657884823,0.0,True
BASE_E3,permanent,run_dfea4b7ac1475668d5968c97,1665359999999999999,10083.08401998886446696289999,10083.084019988864,0.0,True
BASE_E3,permanent,run_dfea4b7ac1475668d5968c97,1665446399999999999,10083.07084269007045589229999,10083.070842690071,0.0,True
BASE_E3,permanent,run_dfea4b7ac1475668d5968c97,1665532799999999999,10084.35089160807759874009999,10084.350891608077,0.0,True
BASE_E3,permanent,run_dfea4b7ac1475668d5968c97,1665619199999999999,10085.42536517191743293389999,10085.425365171915,-1.8189894035458565e-12,True
BASE_E3,permanent,run_dfea4b7ac1475668d5968c97,1665705599999999999,10086.55763575995813619249999,10086.557635759958,0.0,True
BASE_E3,permanent,run_dfea4b7ac1475668d5968c97,1665791999999999999,10087.44342714291693558749999,10087.443427142916,0.0,True
BASE_E3,permanent,run_dfea4b7ac1475668d5968c97,1665878399999999999,10088.08546655734289634679999,10088.085466557344,1.8189894035458565e-12,True
BASE_E3,permanent,run_dfea4b7ac1475668d5968c97,1665964799999999999,10088.31741312437596800609999,10088.317413124378,1.8189894035458565e-12,True
BASE_E3,permanent,run_dfea4b7ac1475668d5968c97,1666051199999999999,10088.54399558220160109309999,10088.5439955822,-1.8189894035458565e-12,True
BASE_E3,permanent,run_dfea4b7ac1475668d5968c97,1666137599999999999,10090.04446331555526857549999,10090.044463315557,1.8189894035458565e-12,True
BASE_E3,permanent,run_dfea4b7ac1475668d5968c97,1666223999999999999,10090.12174999792813357549999,10090.121749997928,0.0,True
BASE_E3,permanent,run_dfea4b7ac1475668d5968c97,1666310399999999999,10091.27212615654219969969999,10091.272126156542,0.0,True
BASE_E3,permanent,run_dfea4b7ac1475668d5968c97,1666396799999999999,10092.06467513352388288779999,10092.064675133524,0.0,True
BASE_E3,permanent,run_dfea4b7ac1475668d5968c97,1666483199999999999,10092.33852191487633995079999,10092.338521914877,0.0,True
BASE_E3,permanent,run_dfea4b7ac1475668d5968c97,1666569599999999999,10093.10000192969684386079999,10093.100001929697,0.0,True
BASE_E3,permanent,run_dfea4b7ac1475668d5968c97,1666655999999999999,10094.05610141940590360209999,10094.056101419406,0.0,True
BASE_E3,permanent,run_dfea4b7ac1475668d5968c97,1666742399999999999,10095.40273774251435405759999,10095.402737742514,0.0,True
BASE_E3,permanent,run_dfea4b7ac1475668d5968c97,1666828799999999999,10096.82015765937926109119999,10096.820157659378,-1.8189894035458565e-12,True
BASE_E3,permanent,run_dfea4b7ac1475668d5968c97,1666915199999999999,10095.56794967523701429359999,10095.567949675236,0.0,True
BASE_E3,permanent,run_dfea4b7ac1475668d5968c97,1667001599999999999,10095.83138030361496392559999,10095.831380303614,0.0,True
BASE_E3,permanent,run_dfea4b7ac1475668d5968c97,1667087999999999999,10097.53795685964834579929999,10097.537956859649,0.0,True
BASE_E3,permanent,run_dfea4b7ac1475668d5968c97,1667174399999999999,10097.84837884530198005719999,10097.848378845301,0.0,True
BASE_E3,permanent,run_dfea4b7ac1475668d5968c97,1667260799999999999,10098.46807609902029900999999,10098.46807609902,0.0,True
MARGEN_2X,conditional,run_70383794701c4f0fc157b2ed,1664668799999999999,10000,10000.0,0.0,True
MARGEN_2X,conditional,run_70383794701c4f0fc157b2ed,1664755199999999999,10000,10000.0,0.0,True
MARGEN_2X,conditional,run_70383794701c4f0fc157b2ed,1664841599999999999,10000,10000.0,0.0,True
MARGEN_2X,conditional,run_70383794701c4f0fc157b2ed,1664927999999999999,10000,10000.0,0.0,True
MARGEN_2X,conditional,run_70383794701c4f0fc157b2ed,1665014399999999999,10000,10000.0,0.0,True
MARGEN_2X,conditional,run_70383794701c4f0fc157b2ed,1665100799999999999,10000,10000.0,0.0,True
MARGEN_2X,conditional,run_70383794701c4f0fc157b2ed,1665187199999999999,10000,10000.0,0.0,True
MARGEN_2X,conditional,run_70383794701c4f0fc157b2ed,1665273599999999999,10000,10000.0,0.0,True
MARGEN_2X,conditional,run_70383794701c4f0fc157b2ed,1665359999999999999,10000,10000.0,0.0,True
MARGEN_2X,conditional,run_70383794701c4f0fc157b2ed,1665446399999999999,10000,10000.0,0.0,True
MARGEN_2X,conditional,run_70383794701c4f0fc157b2ed,1665532799999999999,10000,10000.0,0.0,True
MARGEN_2X,conditional,run_70383794701c4f0fc157b2ed,1665619199999999999,10000,10000.0,0.0,True
MARGEN_2X,conditional,run_70383794701c4f0fc157b2ed,1665705599999999999,10000,10000.0,0.0,True
MARGEN_2X,conditional,run_70383794701c4f0fc157b2ed,1665791999999999999,10000,10000.0,0.0,True
MARGEN_2X,conditional,run_70383794701c4f0fc157b2ed,1665878399999999999,10000,10000.0,0.0,True
MARGEN_2X,conditional,run_70383794701c4f0fc157b2ed,1665964799999999999,10000,10000.0,0.0,True
MARGEN_2X,conditional,run_70383794701c4f0fc157b2ed,1666051199999999999,10000,10000.0,0.0,True
MARGEN_2X,conditional,run_70383794701c4f0fc157b2ed,1666137599999999999,10000,10000.0,0.0,True
MARGEN_2X,conditional,run_70383794701c4f0fc157b2ed,1666223999999999999,10000,10000.0,0.0,True
MARGEN_2X,conditional,run_70383794701c4f0fc157b2ed,1666310399999999999,10000,10000.0,0.0,True
MARGEN_2X,conditional,run_70383794701c4f0fc157b2ed,1666396799999999999,10000,10000.0,0.0,True
MARGEN_2X,conditional,run_70383794701c4f0fc157b2ed,1666483199999999999,10000,10000.0,0.0,True
MARGEN_2X,conditional,run_70383794701c4f0fc157b2ed,1666569599999999999,10000,10000.0,0.0,True
MARGEN_2X,conditional,run_70383794701c4f0fc157b2ed,1666655999999999999,10000,10000.0,0.0,True
MARGEN_2X,conditional,run_70383794701c4f0fc157b2ed,1666742399999999999,10000,10000.0,0.0,True
MARGEN_2X,conditional,run_70383794701c4f0fc157b2ed,1666828799999999999,10000,10000.0,0.0,True
MARGEN_2X,conditional,run_70383794701c4f0fc157b2ed,1666915199999999999,10000,10000.0,0.0,True
MARGEN_2X,conditional,run_70383794701c4f0fc157b2ed,1667001599999999999,10000,10000.0,0.0,True
MARGEN_2X,conditional,run_70383794701c4f0fc157b2ed,1667087999999999999,10000,10000.0,0.0,True
MARGEN_2X,conditional,run_70383794701c4f0fc157b2ed,1667174399999999999,10000,10000.0,0.0,True
MARGEN_2X,conditional,run_70383794701c4f0fc157b2ed,1667260799999999999,10000,10000.0,0.0,True
MARGEN_2X,permanent,run_3f5d9cce8ff1c2ba5447e3b6,1664668799999999999,10075.85288140423556374770000,10075.852881404237,1.8189894035458565e-12,True
MARGEN_2X,permanent,run_3f5d9cce8ff1c2ba5447e3b6,1664755199999999999,10076.66493414026430145219999,10076.664934140264,0.0,True
MARGEN_2X,permanent,run_3f5d9cce8ff1c2ba5447e3b6,1664841599999999999,10077.22668427493215659219999,10077.226684274932,0.0,True
MARGEN_2X,permanent,run_3f5d9cce8ff1c2ba5447e3b6,1664927999999999999,10078.52775565881908159219999,10078.527755658819,0.0,True
MARGEN_2X,permanent,run_3f5d9cce8ff1c2ba5447e3b6,1665014399999999999,10079.57189255094500876139999,10079.571892550946,1.8189894035458565e-12,True
MARGEN_2X,permanent,run_3f5d9cce8ff1c2ba5447e3b6,1665100799999999999,10080.53402392363965636699999,10080.534023923641,1.8189894035458565e-12,True
MARGEN_2X,permanent,run_3f5d9cce8ff1c2ba5447e3b6,1665187199999999999,10080.73540636140265354939999,10080.735406361404,1.8189894035458565e-12,True
MARGEN_2X,permanent,run_3f5d9cce8ff1c2ba5447e3b6,1665273599999999999,10083.17165788482198641509999,10083.171657884823,0.0,True
MARGEN_2X,permanent,run_3f5d9cce8ff1c2ba5447e3b6,1665359999999999999,10083.08401998886446696289999,10083.084019988864,0.0,True
MARGEN_2X,permanent,run_3f5d9cce8ff1c2ba5447e3b6,1665446399999999999,10083.07084269007045589229999,10083.070842690071,0.0,True
MARGEN_2X,permanent,run_3f5d9cce8ff1c2ba5447e3b6,1665532799999999999,10084.35089160807759874009999,10084.350891608077,0.0,True
MARGEN_2X,permanent,run_3f5d9cce8ff1c2ba5447e3b6,1665619199999999999,10085.42536517191743293389999,10085.425365171915,-1.8189894035458565e-12,True
MARGEN_2X,permanent,run_3f5d9cce8ff1c2ba5447e3b6,1665705599999999999,10086.55763575995813619249999,10086.557635759958,0.0,True
MARGEN_2X,permanent,run_3f5d9cce8ff1c2ba5447e3b6,1665791999999999999,10087.44342714291693558749999,10087.443427142916,0.0,True
MARGEN_2X,permanent,run_3f5d9cce8ff1c2ba5447e3b6,1665878399999999999,10088.08546655734289634679999,10088.085466557344,1.8189894035458565e-12,True
MARGEN_2X,permanent,run_3f5d9cce8ff1c2ba5447e3b6,1665964799999999999,10088.31741312437596800609999,10088.317413124378,1.8189894035458565e-12,True
MARGEN_2X,permanent,run_3f5d9cce8ff1c2ba5447e3b6,1666051199999999999,10088.54399558220160109309999,10088.5439955822,-1.8189894035458565e-12,True
MARGEN_2X,permanent,run_3f5d9cce8ff1c2ba5447e3b6,1666137599999999999,10090.04446331555526857549999,10090.044463315557,1.8189894035458565e-12,True
MARGEN_2X,permanent,run_3f5d9cce8ff1c2ba5447e3b6,1666223999999999999,10090.12174999792813357549999,10090.121749997928,0.0,True
MARGEN_2X,permanent,run_3f5d9cce8ff1c2ba5447e3b6,1666310399999999999,10091.27212615654219969969999,10091.272126156542,0.0,True
MARGEN_2X,permanent,run_3f5d9cce8ff1c2ba5447e3b6,1666396799999999999,10092.06467513352388288779999,10092.064675133524,0.0,True
MARGEN_2X,permanent,run_3f5d9cce8ff1c2ba5447e3b6,1666483199999999999,10092.33852191487633995079999,10092.338521914877,0.0,True
MARGEN_2X,permanent,run_3f5d9cce8ff1c2ba5447e3b6,1666569599999999999,10093.10000192969684386079999,10093.100001929697,0.0,True
MARGEN_2X,permanent,run_3f5d9cce8ff1c2ba5447e3b6,1666655999999999999,10094.05610141940590360209999,10094.056101419406,0.0,True
MARGEN_2X,permanent,run_3f5d9cce8ff1c2ba5447e3b6,1666742399999999999,10095.40273774251435405759999,10095.402737742514,0.0,True
MARGEN_2X,permanent,run_3f5d9cce8ff1c2ba5447e3b6,1666828799999999999,10096.82015765937926109119999,10096.820157659378,-1.8189894035458565e-12,True
MARGEN_2X,permanent,run_3f5d9cce8ff1c2ba5447e3b6,1666915199999999999,10095.56794967523701429359999,10095.567949675236,0.0,True
MARGEN_2X,permanent,run_3f5d9cce8ff1c2ba5447e3b6,1667001599999999999,10095.83138030361496392559999,10095.831380303614,0.0,True
MARGEN_2X,permanent,run_3f5d9cce8ff1c2ba5447e3b6,1667087999999999999,10097.53795685964834579929999,10097.537956859649,0.0,True
MARGEN_2X,permanent,run_3f5d9cce8ff1c2ba5447e3b6,1667174399999999999,10097.84837884530198005719999,10097.848378845301,0.0,True
MARGEN_2X,permanent,run_3f5d9cce8ff1c2ba5447e3b6,1667260799999999999,10098.46807609902029900999999,10098.46807609902,0.0,True
BASE_E3,conditional,run_ad71d751b20623006c195ff3,1667347199999999999,10000,10000.0,0.0,True
BASE_E3,conditional,run_ad71d751b20623006c195ff3,1667433599999999999,10000,10000.0,0.0,True
BASE_E3,conditional,run_ad71d751b20623006c195ff3,1667519999999999999,10000,10000.0,0.0,True
BASE_E3,conditional,run_ad71d751b20623006c195ff3,1667606399999999999,10000,10000.0,0.0,True
BASE_E3,conditional,run_ad71d751b20623006c195ff3,1667692799999999999,10000,10000.0,0.0,True
BASE_E3,conditional,run_ad71d751b20623006c195ff3,1667779199999999999,10000,10000.0,0.0,True
BASE_E3,conditional,run_ad71d751b20623006c195ff3,1667865599999999999,10000,10000.0,0.0,True
BASE_E3,conditional,run_ad71d751b20623006c195ff3,1667951999999999999,10000,10000.0,0.0,True
BASE_E3,conditional,run_ad71d751b20623006c195ff3,1668038399999999999,10000,10000.0,0.0,True
BASE_E3,conditional,run_ad71d751b20623006c195ff3,1668124799999999999,10000,10000.0,0.0,True
BASE_E3,conditional,run_ad71d751b20623006c195ff3,1668211199999999999,10000,10000.0,0.0,True
BASE_E3,conditional,run_ad71d751b20623006c195ff3,1668297599999999999,10000,10000.0,0.0,True
BASE_E3,conditional,run_ad71d751b20623006c195ff3,1668383999999999999,10000,10000.0,0.0,True
BASE_E3,conditional,run_ad71d751b20623006c195ff3,1668470399999999999,10000,10000.0,0.0,True
BASE_E3,conditional,run_ad71d751b20623006c195ff3,1668556799999999999,10000,10000.0,0.0,True
BASE_E3,conditional,run_ad71d751b20623006c195ff3,1668643199999999999,10000,10000.0,0.0,True
BASE_E3,conditional,run_ad71d751b20623006c195ff3,1668729599999999999,10000,10000.0,0.0,True
BASE_E3,conditional,run_ad71d751b20623006c195ff3,1668815999999999999,10000,10000.0,0.0,True
BASE_E3,conditional,run_ad71d751b20623006c195ff3,1668902399999999999,10000,10000.0,0.0,True
BASE_E3,conditional,run_ad71d751b20623006c195ff3,1668988799999999999,10000,10000.0,0.0,True
BASE_E3,conditional,run_ad71d751b20623006c195ff3,1669075199999999999,10000,10000.0,0.0,True
BASE_E3,conditional,run_ad71d751b20623006c195ff3,1669161599999999999,10000,10000.0,0.0,True
BASE_E3,conditional,run_ad71d751b20623006c195ff3,1669247999999999999,10000,10000.0,0.0,True
BASE_E3,conditional,run_ad71d751b20623006c195ff3,1669334399999999999,10000,10000.0,0.0,True
BASE_E3,conditional,run_ad71d751b20623006c195ff3,1669420799999999999,10000,10000.0,0.0,True
BASE_E3,conditional,run_ad71d751b20623006c195ff3,1669507199999999999,10000,10000.0,0.0,True
BASE_E3,conditional,run_ad71d751b20623006c195ff3,1669593599999999999,10000,10000.0,0.0,True
BASE_E3,conditional,run_ad71d751b20623006c195ff3,1669679999999999999,10000,10000.0,0.0,True
BASE_E3,conditional,run_ad71d751b20623006c195ff3,1669766399999999999,10000,10000.0,0.0,True
BASE_E3,conditional,run_ad71d751b20623006c195ff3,1669852799999999999,10000,10000.0,0.0,True
BASE_E3,permanent,run_dfea4b7ac1475668d5968c97,1667347199999999999,10098.57759719333038180659999,10098.577597193333,1.8189894035458565e-12,True
BASE_E3,permanent,run_dfea4b7ac1475668d5968c97,1667433599999999999,10100.27264792835969377319999,10100.27264792836,0.0,True
BASE_E3,permanent,run_dfea4b7ac1475668d5968c97,1667519999999999999,10098.25459358684821047399999,10098.25459358685,1.8189894035458565e-12,True
BASE_E3,permanent,run_dfea4b7ac1475668d5968c97,1667606399999999999,10099.92869082936039751569999,10099.92869082936,0.0,True
BASE_E3,permanent,run_dfea4b7ac1475668d5968c97,1667692799999999999,10100.66461320531035671469999,10100.66461320531,0.0,True
BASE_E3,permanent,run_dfea4b7ac1475668d5968c97,1667779199999999999,10102.30841902403947344149999,10102.30841902404,1.8189894035458565e-12,True
BASE_E3,permanent,run_dfea4b7ac1475668d5968c97,1667865599999999999,10104.58164294425704056669999,10104.581642944257,0.0,True
BASE_E3,permanent,run_dfea4b7ac1475668d5968c97,1667951999999999999,10105.00029348427124954849999,10105.00029348427,0.0,True
BASE_E3,permanent,run_dfea4b7ac1475668d5968c97,1668038399999999999,10103.57390879082671535609999,10103.573908790826,0.0,True
BASE_E3,permanent,run_dfea4b7ac1475668d5968c97,1668124799999999999,10092.51154303133979511629999,10092.51154303134,0.0,True
BASE_E3,permanent,run_dfea4b7ac1475668d5968c97,1668211199999999999,10092.97375199009077068489999,10092.97375199009,0.0,True
BASE_E3,permanent,run_dfea4b7ac1475668d5968c97,1668297599999999999,10090.32614675180687468489999,10090.326146751806,-1.8189894035458565e-12,True
BASE_E3,permanent,run_dfea4b7ac1475668d5968c97,1668383999999999999,10090.32182189878811800369999,10090.32182189879,1.8189894035458565e-12,True
BASE_E3,permanent,run_dfea4b7ac1475668d5968c97,1668470399999999999,10091.05259841330624483089999,10091.052598413306,0.0,True
BASE_E3,permanent,run_dfea4b7ac1475668d5968c97,1668556799999999999,10089.92159564710900544079999,10089.92159564711,1.8189894035458565e-12,True
BASE_E3,permanent,run_dfea4b7ac1475668d5968c97,1668643199999999999,10089.22715469993523030079999,10089.227154699935,0.0,True
BASE_E3,permanent,run_dfea4b7ac1475668d5968c97,1668729599999999999,10088.86257921625163203729999,10088.862579216251,0.0,True
BASE_E3,permanent,run_dfea4b7ac1475668d5968c97,1668815999999999999,10087.73000250887861436659999,10087.730002508879,0.0,True
BASE_E3,permanent,run_dfea4b7ac1475668d5968c97,1668902399999999999,10088.64325809435942867579999,10088.64325809436,0.0,True
BASE_E3,permanent,run_dfea4b7ac1475668d5968c97,1668988799999999999,10087.83711945427814717849999,10087.837119454278,0.0,True
BASE_E3,permanent,run_dfea4b7ac1475668d5968c97,1669075199999999999,10088.85221222790096288279999,10088.852212227903,1.8189894035458565e-12,True
BASE_E3,permanent,run_dfea4b7ac1475668d5968c97,1669161599999999999,10089.07209552733093290509999,10089.07209552733,-1.8189894035458565e-12,True
BASE_E3,permanent,run_dfea4b7ac1475668d5968c97,1669247999999999999,10088.49338423802686820509999,10088.493384238027,0.0,True
BASE_E3,permanent,run_dfea4b7ac1475668d5968c97,1669334399999999999,10088.42945602649663435459999,10088.429456026497,0.0,True
BASE_E3,permanent,run_dfea4b7ac1475668d5968c97,1669420799999999999,10089.32593405808056666849999,10089.32593405808,0.0,True
BASE_E3,permanent,run_dfea4b7ac1475668d5968c97,1669507199999999999,10089.19306633071083819749999,10089.19306633071,0.0,True
BASE_E3,permanent,run_dfea4b7ac1475668d5968c97,1669593599999999999,10088.48524978171862751769999,10088.485249781717,-1.8189894035458565e-12,True
BASE_E3,permanent,run_dfea4b7ac1475668d5968c97,1669679999999999999,10088.56180497471708851769999,10088.561804974719,1.8189894035458565e-12,True
BASE_E3,permanent,run_dfea4b7ac1475668d5968c97,1669766399999999999,10089.29690494384031569129999,10089.296904943842,1.8189894035458565e-12,True
BASE_E3,permanent,run_dfea4b7ac1475668d5968c97,1669852799999999999,10090.34835913130419883129999,10090.348359131305,1.8189894035458565e-12,True
MARGEN_2X,conditional,run_70383794701c4f0fc157b2ed,1667347199999999999,10000,10000.0,0.0,True
MARGEN_2X,conditional,run_70383794701c4f0fc157b2ed,1667433599999999999,10000,10000.0,0.0,True
MARGEN_2X,conditional,run_70383794701c4f0fc157b2ed,1667519999999999999,10000,10000.0,0.0,True
MARGEN_2X,conditional,run_70383794701c4f0fc157b2ed,1667606399999999999,10000,10000.0,0.0,True
MARGEN_2X,conditional,run_70383794701c4f0fc157b2ed,1667692799999999999,10000,10000.0,0.0,True
MARGEN_2X,conditional,run_70383794701c4f0fc157b2ed,1667779199999999999,10000,10000.0,0.0,True
MARGEN_2X,conditional,run_70383794701c4f0fc157b2ed,1667865599999999999,10000,10000.0,0.0,True
MARGEN_2X,conditional,run_70383794701c4f0fc157b2ed,1667951999999999999,10000,10000.0,0.0,True
MARGEN_2X,conditional,run_70383794701c4f0fc157b2ed,1668038399999999999,10000,10000.0,0.0,True
MARGEN_2X,conditional,run_70383794701c4f0fc157b2ed,1668124799999999999,10000,10000.0,0.0,True
MARGEN_2X,conditional,run_70383794701c4f0fc157b2ed,1668211199999999999,10000,10000.0,0.0,True
MARGEN_2X,conditional,run_70383794701c4f0fc157b2ed,1668297599999999999,10000,10000.0,0.0,True
MARGEN_2X,conditional,run_70383794701c4f0fc157b2ed,1668383999999999999,10000,10000.0,0.0,True
MARGEN_2X,conditional,run_70383794701c4f0fc157b2ed,1668470399999999999,10000,10000.0,0.0,True
MARGEN_2X,conditional,run_70383794701c4f0fc157b2ed,1668556799999999999,10000,10000.0,0.0,True
MARGEN_2X,conditional,run_70383794701c4f0fc157b2ed,1668643199999999999,10000,10000.0,0.0,True
MARGEN_2X,conditional,run_70383794701c4f0fc157b2ed,1668729599999999999,10000,10000.0,0.0,True
MARGEN_2X,conditional,run_70383794701c4f0fc157b2ed,1668815999999999999,10000,10000.0,0.0,True
MARGEN_2X,conditional,run_70383794701c4f0fc157b2ed,1668902399999999999,10000,10000.0,0.0,True
MARGEN_2X,conditional,run_70383794701c4f0fc157b2ed,1668988799999999999,10000,10000.0,0.0,True
MARGEN_2X,conditional,run_70383794701c4f0fc157b2ed,1669075199999999999,10000,10000.0,0.0,True
MARGEN_2X,conditional,run_70383794701c4f0fc157b2ed,1669161599999999999,10000,10000.0,0.0,True
MARGEN_2X,conditional,run_70383794701c4f0fc157b2ed,1669247999999999999,10000,10000.0,0.0,True
MARGEN_2X,conditional,run_70383794701c4f0fc157b2ed,1669334399999999999,10000,10000.0,0.0,True
MARGEN_2X,conditional,run_70383794701c4f0fc157b2ed,1669420799999999999,10000,10000.0,0.0,True
MARGEN_2X,conditional,run_70383794701c4f0fc157b2ed,1669507199999999999,10000,10000.0,0.0,True
MARGEN_2X,conditional,run_70383794701c4f0fc157b2ed,1669593599999999999,10000,10000.0,0.0,True
MARGEN_2X,conditional,run_70383794701c4f0fc157b2ed,1669679999999999999,10000,10000.0,0.0,True
MARGEN_2X,conditional,run_70383794701c4f0fc157b2ed,1669766399999999999,10000,10000.0,0.0,True
MARGEN_2X,conditional,run_70383794701c4f0fc157b2ed,1669852799999999999,10000,10000.0,0.0,True
MARGEN_2X,permanent,run_3f5d9cce8ff1c2ba5447e3b6,1667347199999999999,10098.57759719333038180659999,10098.577597193333,1.8189894035458565e-12,True
MARGEN_2X,permanent,run_3f5d9cce8ff1c2ba5447e3b6,1667433599999999999,10100.27264792835969377319999,10100.27264792836,0.0,True
MARGEN_2X,permanent,run_3f5d9cce8ff1c2ba5447e3b6,1667519999999999999,10098.25459358684821047399999,10098.25459358685,1.8189894035458565e-12,True
MARGEN_2X,permanent,run_3f5d9cce8ff1c2ba5447e3b6,1667606399999999999,10099.92869082936039751569999,10099.92869082936,0.0,True
MARGEN_2X,permanent,run_3f5d9cce8ff1c2ba5447e3b6,1667692799999999999,10100.66461320531035671469999,10100.66461320531,0.0,True
MARGEN_2X,permanent,run_3f5d9cce8ff1c2ba5447e3b6,1667779199999999999,10102.30841902403947344149999,10102.30841902404,1.8189894035458565e-12,True
MARGEN_2X,permanent,run_3f5d9cce8ff1c2ba5447e3b6,1667865599999999999,10104.58164294425704056669999,10104.581642944257,0.0,True
MARGEN_2X,permanent,run_3f5d9cce8ff1c2ba5447e3b6,1667951999999999999,10105.00029348427124954849999,10105.00029348427,0.0,True
MARGEN_2X,permanent,run_3f5d9cce8ff1c2ba5447e3b6,1668038399999999999,10103.57390879082671535609999,10103.573908790826,0.0,True
MARGEN_2X,permanent,run_3f5d9cce8ff1c2ba5447e3b6,1668124799999999999,10092.51154303133979511629999,10092.51154303134,0.0,True
MARGEN_2X,permanent,run_3f5d9cce8ff1c2ba5447e3b6,1668211199999999999,10092.97375199009077068489999,10092.97375199009,0.0,True
MARGEN_2X,permanent,run_3f5d9cce8ff1c2ba5447e3b6,1668297599999999999,10090.32614675180687468489999,10090.326146751806,-1.8189894035458565e-12,True
MARGEN_2X,permanent,run_3f5d9cce8ff1c2ba5447e3b6,1668383999999999999,10090.32182189878811800369999,10090.32182189879,1.8189894035458565e-12,True
MARGEN_2X,permanent,run_3f5d9cce8ff1c2ba5447e3b6,1668470399999999999,10091.05259841330624483089999,10091.052598413306,0.0,True
MARGEN_2X,permanent,run_3f5d9cce8ff1c2ba5447e3b6,1668556799999999999,10089.92159564710900544079999,10089.92159564711,1.8189894035458565e-12,True
MARGEN_2X,permanent,run_3f5d9cce8ff1c2ba5447e3b6,1668643199999999999,10089.22715469993523030079999,10089.227154699935,0.0,True
MARGEN_2X,permanent,run_3f5d9cce8ff1c2ba5447e3b6,1668729599999999999,10088.86257921625163203729999,10088.862579216251,0.0,True
MARGEN_2X,permanent,run_3f5d9cce8ff1c2ba5447e3b6,1668815999999999999,10087.73000250887861436659999,10087.730002508879,0.0,True
MARGEN_2X,permanent,run_3f5d9cce8ff1c2ba5447e3b6,1668902399999999999,10088.64325809435942867579999,10088.64325809436,0.0,True
MARGEN_2X,permanent,run_3f5d9cce8ff1c2ba5447e3b6,1668988799999999999,10087.83711945427814717849999,10087.837119454278,0.0,True
MARGEN_2X,permanent,run_3f5d9cce8ff1c2ba5447e3b6,1669075199999999999,10088.85221222790096288279999,10088.852212227903,1.8189894035458565e-12,True
MARGEN_2X,permanent,run_3f5d9cce8ff1c2ba5447e3b6,1669161599999999999,10089.07209552733093290509999,10089.07209552733,-1.8189894035458565e-12,True
MARGEN_2X,permanent,run_3f5d9cce8ff1c2ba5447e3b6,1669247999999999999,10088.49338423802686820509999,10088.493384238027,0.0,True
MARGEN_2X,permanent,run_3f5d9cce8ff1c2ba5447e3b6,1669334399999999999,10088.42945602649663435459999,10088.429456026497,0.0,True
MARGEN_2X,permanent,run_3f5d9cce8ff1c2ba5447e3b6,1669420799999999999,10089.32593405808056666849999,10089.32593405808,0.0,True
MARGEN_2X,permanent,run_3f5d9cce8ff1c2ba5447e3b6,1669507199999999999,10089.19306633071083819749999,10089.19306633071,0.0,True
MARGEN_2X,permanent,run_3f5d9cce8ff1c2ba5447e3b6,1669593599999999999,10088.48524978171862751769999,10088.485249781717,-1.8189894035458565e-12,True
MARGEN_2X,permanent,run_3f5d9cce8ff1c2ba5447e3b6,1669679999999999999,10088.56180497471708851769999,10088.561804974719,1.8189894035458565e-12,True
MARGEN_2X,permanent,run_3f5d9cce8ff1c2ba5447e3b6,1669766399999999999,10089.29690494384031569129999,10089.296904943842,1.8189894035458565e-12,True
MARGEN_2X,permanent,run_3f5d9cce8ff1c2ba5447e3b6,1669852799999999999,10090.34835913130419883129999,10090.348359131305,1.8189894035458565e-12,True
BASE_E3,conditional,run_ad71d751b20623006c195ff3,1669939199999999999,10000,10000.0,0.0,True
BASE_E3,conditional,run_ad71d751b20623006c195ff3,1670025599999999999,10000,10000.0,0.0,True
BASE_E3,conditional,run_ad71d751b20623006c195ff3,1670111999999999999,10000,10000.0,0.0,True
BASE_E3,conditional,run_ad71d751b20623006c195ff3,1670198399999999999,10000,10000.0,0.0,True
BASE_E3,conditional,run_ad71d751b20623006c195ff3,1670284799999999999,10000,10000.0,0.0,True
BASE_E3,conditional,run_ad71d751b20623006c195ff3,1670371199999999999,10000,10000.0,0.0,True
BASE_E3,conditional,run_ad71d751b20623006c195ff3,1670457599999999999,10000,10000.0,0.0,True
BASE_E3,conditional,run_ad71d751b20623006c195ff3,1670543999999999999,10000,10000.0,0.0,True
BASE_E3,conditional,run_ad71d751b20623006c195ff3,1670630399999999999,10000,10000.0,0.0,True
BASE_E3,conditional,run_ad71d751b20623006c195ff3,1670716799999999999,10000,10000.0,0.0,True
BASE_E3,conditional,run_ad71d751b20623006c195ff3,1670803199999999999,10000,10000.0,0.0,True
BASE_E3,conditional,run_ad71d751b20623006c195ff3,1670889599999999999,10000,10000.0,0.0,True
BASE_E3,conditional,run_ad71d751b20623006c195ff3,1670975999999999999,10000,10000.0,0.0,True
BASE_E3,conditional,run_ad71d751b20623006c195ff3,1671062399999999999,10000,10000.0,0.0,True
BASE_E3,conditional,run_ad71d751b20623006c195ff3,1671148799999999999,10000,10000.0,0.0,True
BASE_E3,conditional,run_ad71d751b20623006c195ff3,1671235199999999999,10000,10000.0,0.0,True
BASE_E3,conditional,run_ad71d751b20623006c195ff3,1671321599999999999,10000,10000.0,0.0,True
BASE_E3,conditional,run_ad71d751b20623006c195ff3,1671407999999999999,10000,10000.0,0.0,True
BASE_E3,conditional,run_ad71d751b20623006c195ff3,1671494399999999999,10000,10000.0,0.0,True
BASE_E3,conditional,run_ad71d751b20623006c195ff3,1671580799999999999,10000,10000.0,0.0,True
BASE_E3,conditional,run_ad71d751b20623006c195ff3,1671667199999999999,10000,10000.0,0.0,True
BASE_E3,conditional,run_ad71d751b20623006c195ff3,1671753599999999999,10000,10000.0,0.0,True
BASE_E3,conditional,run_ad71d751b20623006c195ff3,1671839999999999999,10000,10000.0,0.0,True
BASE_E3,conditional,run_ad71d751b20623006c195ff3,1671926399999999999,10000,10000.0,0.0,True
BASE_E3,conditional,run_ad71d751b20623006c195ff3,1672012799999999999,10000,10000.0,0.0,True
BASE_E3,conditional,run_ad71d751b20623006c195ff3,1672099199999999999,10000,10000.0,0.0,True
BASE_E3,conditional,run_ad71d751b20623006c195ff3,1672185599999999999,10000,10000.0,0.0,True
BASE_E3,conditional,run_ad71d751b20623006c195ff3,1672271999999999999,10000,10000.0,0.0,True
BASE_E3,conditional,run_ad71d751b20623006c195ff3,1672358399999999999,10000,10000.0,0.0,True
BASE_E3,conditional,run_ad71d751b20623006c195ff3,1672444799999999999,10000,10000.0,0.0,True
BASE_E3,conditional,run_ad71d751b20623006c195ff3,1672531199999999999,10000,10000.0,0.0,True
BASE_E3,permanent,run_dfea4b7ac1475668d5968c97,1669939199999999999,10090.91636377342608881129999,10090.916363773427,1.8189894035458565e-12,True
BASE_E3,permanent,run_dfea4b7ac1475668d5968c97,1670025599999999999,10091.48712721525156595709999,10091.487127215252,0.0,True
BASE_E3,permanent,run_dfea4b7ac1475668d5968c97,1670111999999999999,10091.19977515495030657709999,10091.199775154952,1.8189894035458565e-12,True
BASE_E3,permanent,run_dfea4b7ac1475668d5968c97,1670198399999999999,10091.48853115308269652349999,10091.488531153082,-1.8189894035458565e-12,True
BASE_E3,permanent,run_dfea4b7ac1475668d5968c97,1670284799999999999,10092.33575255397675527039999,10092.335752553976,0.0,True
BASE_E3,permanent,run_dfea4b7ac1475668d5968c97,1670371199999999999,10092.57801464082971203899999,10092.57801464083,0.0,True
BASE_E3,permanent,run_dfea4b7ac1475668d5968c97,1670457599999999999,10093.14985730613988708609999,10093.14985730614,0.0,True
BASE_E3,permanent,run_dfea4b7ac1475668d5968c97,1670543999999999999,10093.18581364547685262049999,10093.185813645478,0.0,True
BASE_E3,permanent,run_dfea4b7ac1475668d5968c97,1670630399999999999,10093.88407479708410478549999,10093.884074797084,0.0,True
BASE_E3,permanent,run_dfea4b7ac1475668d5968c97,1670716799999999999,10093.57292744085075034799999,10093.572927440851,0.0,True
BASE_E3,permanent,run_dfea4b7ac1475668d5968c97,1670803199999999999,10094.12799436849747545039999,10094.1279943685,3.637978807091713e-12,True
BASE_E3,permanent,run_dfea4b7ac1475668d5968c97,1670889599999999999,10094.74202497404254797589999,10094.742024974043,0.0,True
BASE_E3,permanent,run_dfea4b7ac1475668d5968c97,1670975999999999999,10092.16390370814110400589999,10092.163903708142,1.8189894035458565e-12,True
BASE_E3,permanent,run_dfea4b7ac1475668d5968c97,1671062399999999999,10094.06148737232113200589999,10094.06148737232,0.0,True
BASE_E3,permanent,run_dfea4b7ac1475668d5968c97,1671148799999999999,10097.18413991808084270589999,10097.184139918083,1.8189894035458565e-12,True
BASE_E3,permanent,run_dfea4b7ac1475668d5968c97,1671235199999999999,10098.45041961666857185089999,10098.450419616667,-1.8189894035458565e-12,True
BASE_E3,permanent,run_dfea4b7ac1475668d5968c97,1671321599999999999,10099.48341918745115828259999,10099.48341918745,0.0,True
BASE_E3,permanent,run_dfea4b7ac1475668d5968c97,1671407999999999999,10099.92115728325933827359999,10099.92115728326,0.0,True
BASE_E3,permanent,run_dfea4b7ac1475668d5968c97,1671494399999999999,10100.87482835690794351959999,10100.87482835691,1.8189894035458565e-12,True
BASE_E3,permanent,run_dfea4b7ac1475668d5968c97,1671580799999999999,10100.63653304639721657869999,10100.636533046398,0.0,True
BASE_E3,permanent,run_dfea4b7ac1475668d5968c97,1671667199999999999,10101.14904129148866248899999,10101.149041291486,-1.8189894035458565e-12,True
BASE_E3,permanent,run_dfea4b7ac1475668d5968c97,1671753599999999999,10102.10304615763813467039999,10102.103046157637,0.0,True
BASE_E3,permanent,run_dfea4b7ac1475668d5968c97,1671839999999999999,10103.10841289693034767039999,10103.10841289693,0.0,True
BASE_E3,permanent,run_dfea4b7ac1475668d5968c97,1671926399999999999,10104.65538480576415923039999,10104.655384805765,0.0,True
BASE_E3,permanent,run_dfea4b7ac1475668d5968c97,1672012799999999999,10104.56291159872838515099999,10104.56291159873,1.8189894035458565e-12,True
BASE_E3,permanent,run_dfea4b7ac1475668d5968c97,1672099199999999999,10104.28870402333523254159999,10104.288704023336,1.8189894035458565e-12,True
BASE_E3,permanent,run_dfea4b7ac1475668d5968c97,1672185599999999999,10105.28033822802560605879999,10105.280338228025,0.0,True
BASE_E3,permanent,run_dfea4b7ac1475668d5968c97,1672271999999999999,10105.86564893215136565879999,10105.865648932151,0.0,True
BASE_E3,permanent,run_dfea4b7ac1475668d5968c97,1672358399999999999,10106.34037250400441445879999,10106.340372504004,0.0,True
BASE_E3,permanent,run_dfea4b7ac1475668d5968c97,1672444799999999999,10108.35685637487033321879999,10108.35685637487,0.0,True
BASE_E3,permanent,run_dfea4b7ac1475668d5968c97,1672531199999999999,10109.16010799879654121879999,10109.160107998796,0.0,True
MARGEN_2X,conditional,run_70383794701c4f0fc157b2ed,1669939199999999999,10000,10000.0,0.0,True
MARGEN_2X,conditional,run_70383794701c4f0fc157b2ed,1670025599999999999,10000,10000.0,0.0,True
MARGEN_2X,conditional,run_70383794701c4f0fc157b2ed,1670111999999999999,10000,10000.0,0.0,True
MARGEN_2X,conditional,run_70383794701c4f0fc157b2ed,1670198399999999999,10000,10000.0,0.0,True
MARGEN_2X,conditional,run_70383794701c4f0fc157b2ed,1670284799999999999,10000,10000.0,0.0,True
MARGEN_2X,conditional,run_70383794701c4f0fc157b2ed,1670371199999999999,10000,10000.0,0.0,True
MARGEN_2X,conditional,run_70383794701c4f0fc157b2ed,1670457599999999999,10000,10000.0,0.0,True
MARGEN_2X,conditional,run_70383794701c4f0fc157b2ed,1670543999999999999,10000,10000.0,0.0,True
MARGEN_2X,conditional,run_70383794701c4f0fc157b2ed,1670630399999999999,10000,10000.0,0.0,True
MARGEN_2X,conditional,run_70383794701c4f0fc157b2ed,1670716799999999999,10000,10000.0,0.0,True
MARGEN_2X,conditional,run_70383794701c4f0fc157b2ed,1670803199999999999,10000,10000.0,0.0,True
MARGEN_2X,conditional,run_70383794701c4f0fc157b2ed,1670889599999999999,10000,10000.0,0.0,True
MARGEN_2X,conditional,run_70383794701c4f0fc157b2ed,1670975999999999999,10000,10000.0,0.0,True
MARGEN_2X,conditional,run_70383794701c4f0fc157b2ed,1671062399999999999,10000,10000.0,0.0,True
MARGEN_2X,conditional,run_70383794701c4f0fc157b2ed,1671148799999999999,10000,10000.0,0.0,True
MARGEN_2X,conditional,run_70383794701c4f0fc157b2ed,1671235199999999999,10000,10000.0,0.0,True
MARGEN_2X,conditional,run_70383794701c4f0fc157b2ed,1671321599999999999,10000,10000.0,0.0,True
MARGEN_2X,conditional,run_70383794701c4f0fc157b2ed,1671407999999999999,10000,10000.0,0.0,True
MARGEN_2X,conditional,run_70383794701c4f0fc157b2ed,1671494399999999999,10000,10000.0,0.0,True
MARGEN_2X,conditional,run_70383794701c4f0fc157b2ed,1671580799999999999,10000,10000.0,0.0,True
MARGEN_2X,conditional,run_70383794701c4f0fc157b2ed,1671667199999999999,10000,10000.0,0.0,True
MARGEN_2X,conditional,run_70383794701c4f0fc157b2ed,1671753599999999999,10000,10000.0,0.0,True
MARGEN_2X,conditional,run_70383794701c4f0fc157b2ed,1671839999999999999,10000,10000.0,0.0,True
MARGEN_2X,conditional,run_70383794701c4f0fc157b2ed,1671926399999999999,10000,10000.0,0.0,True
MARGEN_2X,conditional,run_70383794701c4f0fc157b2ed,1672012799999999999,10000,10000.0,0.0,True
MARGEN_2X,conditional,run_70383794701c4f0fc157b2ed,1672099199999999999,10000,10000.0,0.0,True
MARGEN_2X,conditional,run_70383794701c4f0fc157b2ed,1672185599999999999,10000,10000.0,0.0,True
MARGEN_2X,conditional,run_70383794701c4f0fc157b2ed,1672271999999999999,10000,10000.0,0.0,True
MARGEN_2X,conditional,run_70383794701c4f0fc157b2ed,1672358399999999999,10000,10000.0,0.0,True
MARGEN_2X,conditional,run_70383794701c4f0fc157b2ed,1672444799999999999,10000,10000.0,0.0,True
MARGEN_2X,conditional,run_70383794701c4f0fc157b2ed,1672531199999999999,10000,10000.0,0.0,True
MARGEN_2X,permanent,run_3f5d9cce8ff1c2ba5447e3b6,1669939199999999999,10090.91636377342608881129999,10090.916363773427,1.8189894035458565e-12,True
MARGEN_2X,permanent,run_3f5d9cce8ff1c2ba5447e3b6,1670025599999999999,10091.48712721525156595709999,10091.487127215252,0.0,True
MARGEN_2X,permanent,run_3f5d9cce8ff1c2ba5447e3b6,1670111999999999999,10091.19977515495030657709999,10091.199775154952,1.8189894035458565e-12,True
MARGEN_2X,permanent,run_3f5d9cce8ff1c2ba5447e3b6,1670198399999999999,10091.48853115308269652349999,10091.488531153082,-1.8189894035458565e-12,True
MARGEN_2X,permanent,run_3f5d9cce8ff1c2ba5447e3b6,1670284799999999999,10092.33575255397675527039999,10092.335752553976,0.0,True
MARGEN_2X,permanent,run_3f5d9cce8ff1c2ba5447e3b6,1670371199999999999,10092.57801464082971203899999,10092.57801464083,0.0,True
MARGEN_2X,permanent,run_3f5d9cce8ff1c2ba5447e3b6,1670457599999999999,10093.14985730613988708609999,10093.14985730614,0.0,True
MARGEN_2X,permanent,run_3f5d9cce8ff1c2ba5447e3b6,1670543999999999999,10093.18581364547685262049999,10093.185813645478,0.0,True
MARGEN_2X,permanent,run_3f5d9cce8ff1c2ba5447e3b6,1670630399999999999,10093.88407479708410478549999,10093.884074797084,0.0,True
MARGEN_2X,permanent,run_3f5d9cce8ff1c2ba5447e3b6,1670716799999999999,10093.57292744085075034799999,10093.572927440851,0.0,True
MARGEN_2X,permanent,run_3f5d9cce8ff1c2ba5447e3b6,1670803199999999999,10094.12799436849747545039999,10094.1279943685,3.637978807091713e-12,True
MARGEN_2X,permanent,run_3f5d9cce8ff1c2ba5447e3b6,1670889599999999999,10094.74202497404254797589999,10094.742024974043,0.0,True
MARGEN_2X,permanent,run_3f5d9cce8ff1c2ba5447e3b6,1670975999999999999,10092.16390370814110400589999,10092.163903708142,1.8189894035458565e-12,True
MARGEN_2X,permanent,run_3f5d9cce8ff1c2ba5447e3b6,1671062399999999999,10094.06148737232113200589999,10094.06148737232,0.0,True
MARGEN_2X,permanent,run_3f5d9cce8ff1c2ba5447e3b6,1671148799999999999,10097.18413991808084270589999,10097.184139918083,1.8189894035458565e-12,True
MARGEN_2X,permanent,run_3f5d9cce8ff1c2ba5447e3b6,1671235199999999999,10098.45041961666857185089999,10098.450419616667,-1.8189894035458565e-12,True
MARGEN_2X,permanent,run_3f5d9cce8ff1c2ba5447e3b6,1671321599999999999,10099.48341918745115828259999,10099.48341918745,0.0,True
MARGEN_2X,permanent,run_3f5d9cce8ff1c2ba5447e3b6,1671407999999999999,10099.92115728325933827359999,10099.92115728326,0.0,True
MARGEN_2X,permanent,run_3f5d9cce8ff1c2ba5447e3b6,1671494399999999999,10100.87482835690794351959999,10100.87482835691,1.8189894035458565e-12,True
MARGEN_2X,permanent,run_3f5d9cce8ff1c2ba5447e3b6,1671580799999999999,10100.63653304639721657869999,10100.636533046398,0.0,True
MARGEN_2X,permanent,run_3f5d9cce8ff1c2ba5447e3b6,1671667199999999999,10101.14904129148866248899999,10101.149041291486,-1.8189894035458565e-12,True
MARGEN_2X,permanent,run_3f5d9cce8ff1c2ba5447e3b6,1671753599999999999,10102.10304615763813467039999,10102.103046157637,0.0,True
MARGEN_2X,permanent,run_3f5d9cce8ff1c2ba5447e3b6,1671839999999999999,10103.10841289693034767039999,10103.10841289693,0.0,True
MARGEN_2X,permanent,run_3f5d9cce8ff1c2ba5447e3b6,1671926399999999999,10104.65538480576415923039999,10104.655384805765,0.0,True
MARGEN_2X,permanent,run_3f5d9cce8ff1c2ba5447e3b6,1672012799999999999,10104.56291159872838515099999,10104.56291159873,1.8189894035458565e-12,True
MARGEN_2X,permanent,run_3f5d9cce8ff1c2ba5447e3b6,1672099199999999999,10104.28870402333523254159999,10104.288704023336,1.8189894035458565e-12,True
MARGEN_2X,permanent,run_3f5d9cce8ff1c2ba5447e3b6,1672185599999999999,10105.28033822802560605879999,10105.280338228025,0.0,True
MARGEN_2X,permanent,run_3f5d9cce8ff1c2ba5447e3b6,1672271999999999999,10105.86564893215136565879999,10105.865648932151,0.0,True
MARGEN_2X,permanent,run_3f5d9cce8ff1c2ba5447e3b6,1672358399999999999,10106.34037250400441445879999,10106.340372504004,0.0,True
MARGEN_2X,permanent,run_3f5d9cce8ff1c2ba5447e3b6,1672444799999999999,10108.35685637487033321879999,10108.35685637487,0.0,True
MARGEN_2X,permanent,run_3f5d9cce8ff1c2ba5447e3b6,1672531199999999999,10109.16010799879654121879999,10109.160107998796,0.0,True
BASE_E3,conditional,run_ad71d751b20623006c195ff3,1672617599999999999,10000,10000.0,0.0,True
BASE_E3,conditional,run_ad71d751b20623006c195ff3,1672703999999999999,10000,10000.0,0.0,True
BASE_E3,conditional,run_ad71d751b20623006c195ff3,1672790399999999999,10000,10000.0,0.0,True
BASE_E3,conditional,run_ad71d751b20623006c195ff3,1672876799999999999,10000,10000.0,0.0,True
BASE_E3,conditional,run_ad71d751b20623006c195ff3,1672963199999999999,10000,10000.0,0.0,True
BASE_E3,conditional,run_ad71d751b20623006c195ff3,1673049599999999999,10000,10000.0,0.0,True
BASE_E3,conditional,run_ad71d751b20623006c195ff3,1673135999999999999,10000,10000.0,0.0,True
BASE_E3,conditional,run_ad71d751b20623006c195ff3,1673222399999999999,10000,10000.0,0.0,True
BASE_E3,conditional,run_ad71d751b20623006c195ff3,1673308799999999999,10000,10000.0,0.0,True
BASE_E3,conditional,run_ad71d751b20623006c195ff3,1673395199999999999,10000,10000.0,0.0,True
BASE_E3,conditional,run_ad71d751b20623006c195ff3,1673481599999999999,10000,10000.0,0.0,True
BASE_E3,conditional,run_ad71d751b20623006c195ff3,1673567999999999999,10000,10000.0,0.0,True
BASE_E3,conditional,run_ad71d751b20623006c195ff3,1673654399999999999,10000,10000.0,0.0,True
BASE_E3,conditional,run_ad71d751b20623006c195ff3,1673740799999999999,9995.001865090000000,9995.00186509,0.0,True
BASE_E3,conditional,run_ad71d751b20623006c195ff3,1673827199999999999,9987.761799495500000,9987.7617994955,0.0,True
BASE_E3,conditional,run_ad71d751b20623006c195ff3,1673913599999999999,9990.7423322606930500000,9990.742332260692,-1.8189894035458565e-12,True
BASE_E3,conditional,run_ad71d751b20623006c195ff3,1673999999999999999,9991.9002399241213500000,9991.900239924122,0.0,True
BASE_E3,conditional,run_ad71d751b20623006c195ff3,1674086399999999999,9992.7140531936654750000,9992.714053193666,0.0,True
BASE_E3,conditional,run_ad71d751b20623006c195ff3,1674172799999999999,9993.1053890795740750000,9993.105389079574,0.0,True
BASE_E3,conditional,run_ad71d751b20623006c195ff3,1674259199999999999,9993.2390192511737250000,9993.239019251174,0.0,True
BASE_E3,conditional,run_ad71d751b20623006c195ff3,1674345599999999999,9993.9194197547350500000,9993.919419754735,0.0,True
BASE_E3,conditional,run_ad71d751b20623006c195ff3,1674431999999999999,9995.1140200682072250000,9995.114020068206,-1.8189894035458565e-12,True
BASE_E3,conditional,run_ad71d751b20623006c195ff3,1674518399999999999,9996.5655409542325543800,9996.565540954234,1.8189894035458565e-12,True
BASE_E3,conditional,run_ad71d751b20623006c195ff3,1674604799999999999,9998.3310891715677793800,9998.331089171566,-1.8189894035458565e-12,True
BASE_E3,conditional,run_ad71d751b20623006c195ff3,1674691199999999999,9999.6325574143960543800,9999.632557414396,0.0,True
BASE_E3,conditional,run_ad71d751b20623006c195ff3,1674777599999999999,10000.3838632888385043800,10000.38386328884,1.8189894035458565e-12,True
BASE_E3,conditional,run_ad71d751b20623006c195ff3,1674863999999999999,10002.1195169946247293800,10002.119516994626,1.8189894035458565e-12,True
BASE_E3,conditional,run_ad71d751b20623006c195ff3,1674950399999999999,10002.0435423689579793800,10002.043542368958,0.0,True
BASE_E3,conditional,run_ad71d751b20623006c195ff3,1675036799999999999,10001.0607427709015543800,10001.060742770902,0.0,True
BASE_E3,conditional,run_ad71d751b20623006c195ff3,1675123199999999999,10003.7884383784966043800,10003.788438378497,0.0,True
BASE_E3,conditional,run_ad71d751b20623006c195ff3,1675209599999999999,10004.6833283551290543800,10004.68332835513,0.0,True
BASE_E3,permanent,run_dfea4b7ac1475668d5968c97,1672617599999999999,10111.24890231004206821879999,10111.248902310042,0.0,True
BASE_E3,permanent,run_dfea4b7ac1475668d5968c97,1672703999999999999,10112.34349395754090929559999,10112.343493957542,0.0,True
BASE_E3,permanent,run_dfea4b7ac1475668d5968c97,1672790399999999999,10112.53658413394608343759999,10112.536584133946,0.0,True
BASE_E3,permanent,run_dfea4b7ac1475668d5968c97,1672876799999999999,10113.44371408118390564259999,10113.443714081184,0.0,True
BASE_E3,permanent,run_dfea4b7ac1475668d5968c97,1672963199999999999,10114.50929271466364000259999,10114.509292714663,0.0,True
BASE_E3,permanent,run_dfea4b7ac1475668d5968c97,1673049599999999999,10115.77223498212345987759999,10115.772234982123,0.0,True
BASE_E3,permanent,run_dfea4b7ac1475668d5968c97,1673135999999999999,10116.40688155726587916039999,10116.406881557265,-1.8189894035458565e-12,True
BASE_E3,permanent,run_dfea4b7ac1475668d5968c97,1673222399999999999,10115.20978401945885599499999,10115.20978401946,1.8189894035458565e-12,True
BASE_E3,permanent,run_dfea4b7ac1475668d5968c97,1673308799999999999,10117.37831120284812467939999,10117.378311202847,-1.8189894035458565e-12,True
BASE_E3,permanent,run_dfea4b7ac1475668d5968c97,1673395199999999999,10119.51419727470930304939999,10119.51419727471,0.0,True
BASE_E3,permanent,run_dfea4b7ac1475668d5968c97,1673481599999999999,10119.04315470762843832939999,10119.04315470763,1.8189894035458565e-12,True
BASE_E3,permanent,run_dfea4b7ac1475668d5968c97,1673567999999999999,10120.38270495242041822939999,10120.38270495242,0.0,True
BASE_E3,permanent,run_dfea4b7ac1475668d5968c97,1673654399999999999,10123.05684570246377222939999,10123.056845702462,-1.8189894035458565e-12,True
BASE_E3,permanent,run_dfea4b7ac1475668d5968c97,1673740799999999999,10141.04760839168426033439999,10141.047608391684,0.0,True
BASE_E3,permanent,run_dfea4b7ac1475668d5968c97,1673827199999999999,10132.30648318714539255439999,10132.306483187145,0.0,True
BASE_E3,permanent,run_dfea4b7ac1475668d5968c97,1673913599999999999,10127.93228405881369255439999,10127.932284058812,-1.8189894035458565e-12,True
BASE_E3,permanent,run_dfea4b7ac1475668d5968c97,1673999999999999999,10130.27215246050877455439999,10130.272152460508,-1.8189894035458565e-12,True
BASE_E3,permanent,run_dfea4b7ac1475668d5968c97,1674086399999999999,10131.30352341252276455439999,10131.303523412524,0.0,True
BASE_E3,permanent,run_dfea4b7ac1475668d5968c97,1674172799999999999,10133.53583505510850855439999,10133.535835055107,-1.8189894035458565e-12,True
BASE_E3,permanent,run_dfea4b7ac1475668d5968c97,1674259199999999999,10134.35527241782754455439999,10134.355272417828,0.0,True
BASE_E3,permanent,run_dfea4b7ac1475668d5968c97,1674345599999999999,10135.60091720495132255439999,10135.600917204949,-1.8189894035458565e-12,True
BASE_E3,permanent,run_dfea4b7ac1475668d5968c97,1674431999999999999,10138.27433829503483455439999,10138.274338295034,-1.8189894035458565e-12,True
BASE_E3,permanent,run_dfea4b7ac1475668d5968c97,1674518399999999999,10140.32294375138789158959999,10140.32294375139,1.8189894035458565e-12,True
BASE_E3,permanent,run_dfea4b7ac1475668d5968c97,1674604799999999999,10143.77790066360227558959999,10143.777900663603,0.0,True
BASE_E3,permanent,run_dfea4b7ac1475668d5968c97,1674691199999999999,10143.65386862913438358959999,10143.653868629135,0.0,True
BASE_E3,permanent,run_dfea4b7ac1475668d5968c97,1674777599999999999,10147.22076331417106358959999,10147.22076331417,-1.8189894035458565e-12,True
BASE_E3,permanent,run_dfea4b7ac1475668d5968c97,1674863999999999999,10149.87772286332041358959999,10149.87772286332,0.0,True
BASE_E3,permanent,run_dfea4b7ac1475668d5968c97,1674950399999999999,10150.30058244580899358959999,10150.300582445809,0.0,True
BASE_E3,permanent,run_dfea4b7ac1475668d5968c97,1675036799999999999,10149.54594025809953558959999,10149.5459402581,0.0,True
BASE_E3,permanent,run_dfea4b7ac1475668d5968c97,1675123199999999999,10153.07931340529896958959999,10153.079313405298,0.0,True
BASE_E3,permanent,run_dfea4b7ac1475668d5968c97,1675209599999999999,10155.23971803731120758959999,10155.239718037312,0.0,True
MARGEN_2X,conditional,run_70383794701c4f0fc157b2ed,1672617599999999999,10000,10000.0,0.0,True
MARGEN_2X,conditional,run_70383794701c4f0fc157b2ed,1672703999999999999,10000,10000.0,0.0,True
MARGEN_2X,conditional,run_70383794701c4f0fc157b2ed,1672790399999999999,10000,10000.0,0.0,True
MARGEN_2X,conditional,run_70383794701c4f0fc157b2ed,1672876799999999999,10000,10000.0,0.0,True
MARGEN_2X,conditional,run_70383794701c4f0fc157b2ed,1672963199999999999,10000,10000.0,0.0,True
MARGEN_2X,conditional,run_70383794701c4f0fc157b2ed,1673049599999999999,10000,10000.0,0.0,True
MARGEN_2X,conditional,run_70383794701c4f0fc157b2ed,1673135999999999999,10000,10000.0,0.0,True
MARGEN_2X,conditional,run_70383794701c4f0fc157b2ed,1673222399999999999,10000,10000.0,0.0,True
MARGEN_2X,conditional,run_70383794701c4f0fc157b2ed,1673308799999999999,10000,10000.0,0.0,True
MARGEN_2X,conditional,run_70383794701c4f0fc157b2ed,1673395199999999999,10000,10000.0,0.0,True
MARGEN_2X,conditional,run_70383794701c4f0fc157b2ed,1673481599999999999,10000,10000.0,0.0,True
MARGEN_2X,conditional,run_70383794701c4f0fc157b2ed,1673567999999999999,10000,10000.0,0.0,True
MARGEN_2X,conditional,run_70383794701c4f0fc157b2ed,1673654399999999999,10000,10000.0,0.0,True
MARGEN_2X,conditional,run_70383794701c4f0fc157b2ed,1673740799999999999,9995.001865090000000,9995.00186509,0.0,True
MARGEN_2X,conditional,run_70383794701c4f0fc157b2ed,1673827199999999999,9987.761799495500000,9987.7617994955,0.0,True
MARGEN_2X,conditional,run_70383794701c4f0fc157b2ed,1673913599999999999,9990.7423322606930500000,9990.742332260692,-1.8189894035458565e-12,True
MARGEN_2X,conditional,run_70383794701c4f0fc157b2ed,1673999999999999999,9991.9002399241213500000,9991.900239924122,0.0,True
MARGEN_2X,conditional,run_70383794701c4f0fc157b2ed,1674086399999999999,9992.7140531936654750000,9992.714053193666,0.0,True
MARGEN_2X,conditional,run_70383794701c4f0fc157b2ed,1674172799999999999,9993.1053890795740750000,9993.105389079574,0.0,True
MARGEN_2X,conditional,run_70383794701c4f0fc157b2ed,1674259199999999999,9993.2390192511737250000,9993.239019251174,0.0,True
MARGEN_2X,conditional,run_70383794701c4f0fc157b2ed,1674345599999999999,9993.9194197547350500000,9993.919419754735,0.0,True
MARGEN_2X,conditional,run_70383794701c4f0fc157b2ed,1674431999999999999,9995.1140200682072250000,9995.114020068206,-1.8189894035458565e-12,True
MARGEN_2X,conditional,run_70383794701c4f0fc157b2ed,1674518399999999999,9996.5655409542325543800,9996.565540954234,1.8189894035458565e-12,True
MARGEN_2X,conditional,run_70383794701c4f0fc157b2ed,1674604799999999999,9998.3310891715677793800,9998.331089171566,-1.8189894035458565e-12,True
MARGEN_2X,conditional,run_70383794701c4f0fc157b2ed,1674691199999999999,9999.6325574143960543800,9999.632557414396,0.0,True
MARGEN_2X,conditional,run_70383794701c4f0fc157b2ed,1674777599999999999,10000.3838632888385043800,10000.38386328884,1.8189894035458565e-12,True
MARGEN_2X,conditional,run_70383794701c4f0fc157b2ed,1674863999999999999,10002.1195169946247293800,10002.119516994626,1.8189894035458565e-12,True
MARGEN_2X,conditional,run_70383794701c4f0fc157b2ed,1674950399999999999,10002.0435423689579793800,10002.043542368958,0.0,True
MARGEN_2X,conditional,run_70383794701c4f0fc157b2ed,1675036799999999999,10001.0607427709015543800,10001.060742770902,0.0,True
MARGEN_2X,conditional,run_70383794701c4f0fc157b2ed,1675123199999999999,10003.7884383784966043800,10003.788438378497,0.0,True
MARGEN_2X,conditional,run_70383794701c4f0fc157b2ed,1675209599999999999,10004.6833283551290543800,10004.68332835513,0.0,True
MARGEN_2X,permanent,run_3f5d9cce8ff1c2ba5447e3b6,1672617599999999999,10111.24890231004206821879999,10111.248902310042,0.0,True
MARGEN_2X,permanent,run_3f5d9cce8ff1c2ba5447e3b6,1672703999999999999,10112.34349395754090929559999,10112.343493957542,0.0,True
MARGEN_2X,permanent,run_3f5d9cce8ff1c2ba5447e3b6,1672790399999999999,10112.53658413394608343759999,10112.536584133946,0.0,True
MARGEN_2X,permanent,run_3f5d9cce8ff1c2ba5447e3b6,1672876799999999999,10113.44371408118390564259999,10113.443714081184,0.0,True
MARGEN_2X,permanent,run_3f5d9cce8ff1c2ba5447e3b6,1672963199999999999,10114.50929271466364000259999,10114.509292714663,0.0,True
MARGEN_2X,permanent,run_3f5d9cce8ff1c2ba5447e3b6,1673049599999999999,10115.77223498212345987759999,10115.772234982123,0.0,True
MARGEN_2X,permanent,run_3f5d9cce8ff1c2ba5447e3b6,1673135999999999999,10116.40688155726587916039999,10116.406881557265,-1.8189894035458565e-12,True
MARGEN_2X,permanent,run_3f5d9cce8ff1c2ba5447e3b6,1673222399999999999,10115.20978401945885599499999,10115.20978401946,1.8189894035458565e-12,True
MARGEN_2X,permanent,run_3f5d9cce8ff1c2ba5447e3b6,1673308799999999999,10117.37831120284812467939999,10117.378311202847,-1.8189894035458565e-12,True
MARGEN_2X,permanent,run_3f5d9cce8ff1c2ba5447e3b6,1673395199999999999,10119.51419727470930304939999,10119.51419727471,0.0,True
MARGEN_2X,permanent,run_3f5d9cce8ff1c2ba5447e3b6,1673481599999999999,10119.04315470762843832939999,10119.04315470763,1.8189894035458565e-12,True
MARGEN_2X,permanent,run_3f5d9cce8ff1c2ba5447e3b6,1673567999999999999,10120.38270495242041822939999,10120.38270495242,0.0,True
MARGEN_2X,permanent,run_3f5d9cce8ff1c2ba5447e3b6,1673654399999999999,10123.05684570246377222939999,10123.056845702462,-1.8189894035458565e-12,True
MARGEN_2X,permanent,run_3f5d9cce8ff1c2ba5447e3b6,1673740799999999999,10141.04760839168426033439999,10141.047608391684,0.0,True
MARGEN_2X,permanent,run_3f5d9cce8ff1c2ba5447e3b6,1673827199999999999,10132.30648318714539255439999,10132.306483187145,0.0,True
MARGEN_2X,permanent,run_3f5d9cce8ff1c2ba5447e3b6,1673913599999999999,10127.93228405881369255439999,10127.932284058812,-1.8189894035458565e-12,True
MARGEN_2X,permanent,run_3f5d9cce8ff1c2ba5447e3b6,1673999999999999999,10130.27215246050877455439999,10130.272152460508,-1.8189894035458565e-12,True
MARGEN_2X,permanent,run_3f5d9cce8ff1c2ba5447e3b6,1674086399999999999,10131.30352341252276455439999,10131.303523412524,0.0,True
MARGEN_2X,permanent,run_3f5d9cce8ff1c2ba5447e3b6,1674172799999999999,10133.53583505510850855439999,10133.535835055107,-1.8189894035458565e-12,True
MARGEN_2X,permanent,run_3f5d9cce8ff1c2ba5447e3b6,1674259199999999999,10134.35527241782754455439999,10134.355272417828,0.0,True
MARGEN_2X,permanent,run_3f5d9cce8ff1c2ba5447e3b6,1674345599999999999,10135.60091720495132255439999,10135.600917204949,-1.8189894035458565e-12,True
MARGEN_2X,permanent,run_3f5d9cce8ff1c2ba5447e3b6,1674431999999999999,10138.27433829503483455439999,10138.274338295034,-1.8189894035458565e-12,True
MARGEN_2X,permanent,run_3f5d9cce8ff1c2ba5447e3b6,1674518399999999999,10140.32294375138789158959999,10140.32294375139,1.8189894035458565e-12,True
MARGEN_2X,permanent,run_3f5d9cce8ff1c2ba5447e3b6,1674604799999999999,10143.77790066360227558959999,10143.777900663603,0.0,True
MARGEN_2X,permanent,run_3f5d9cce8ff1c2ba5447e3b6,1674691199999999999,10143.65386862913438358959999,10143.653868629135,0.0,True
MARGEN_2X,permanent,run_3f5d9cce8ff1c2ba5447e3b6,1674777599999999999,10147.22076331417106358959999,10147.22076331417,-1.8189894035458565e-12,True
MARGEN_2X,permanent,run_3f5d9cce8ff1c2ba5447e3b6,1674863999999999999,10149.87772286332041358959999,10149.87772286332,0.0,True
MARGEN_2X,permanent,run_3f5d9cce8ff1c2ba5447e3b6,1674950399999999999,10150.30058244580899358959999,10150.300582445809,0.0,True
MARGEN_2X,permanent,run_3f5d9cce8ff1c2ba5447e3b6,1675036799999999999,10149.54594025809953558959999,10149.5459402581,0.0,True
MARGEN_2X,permanent,run_3f5d9cce8ff1c2ba5447e3b6,1675123199999999999,10153.07931340529896958959999,10153.079313405298,0.0,True
MARGEN_2X,permanent,run_3f5d9cce8ff1c2ba5447e3b6,1675209599999999999,10155.23971803731120758959999,10155.239718037312,0.0,True
BASE_E3,conditional,run_ad71d751b20623006c195ff3,1675295999999999999,10005.2599376664882043800,10005.259937666488,0.0,True
BASE_E3,conditional,run_ad71d751b20623006c195ff3,1675382399999999999,10005.3342489460237293800,10005.334248946025,1.8189894035458565e-12,True
BASE_E3,conditional,run_ad71d751b20623006c195ff3,1675468799999999999,10006.9058301337384793800,10006.905830133739,0.0,True
BASE_E3,conditional,run_ad71d751b20623006c195ff3,1675555199999999999,10008.2489330310426793800,10008.248933031042,0.0,True
BASE_E3,conditional,run_ad71d751b20623006c195ff3,1675641599999999999,10009.30373352123340438000000,10009.303733521236,1.8189894035458565e-12,True
BASE_E3,conditional,run_ad71d751b20623006c195ff3,1675727999999999999,10010.96503113683340438000000,10010.965031136835,1.8189894035458565e-12,True
BASE_E3,conditional,run_ad71d751b20623006c195ff3,1675814399999999999,10011.56653670269082838000000,10011.566536702692,1.8189894035458565e-12,True
BASE_E3,conditional,run_ad71d751b20623006c195ff3,1675900799999999999,10011.99636666240397238000000,10011.996366662404,0.0,True
BASE_E3,conditional,run_ad71d751b20623006c195ff3,1675987199999999999,10014.05261903626658838000000,10014.052619036267,0.0,True
BASE_E3,conditional,run_ad71d751b20623006c195ff3,1676073599999999999,10014.75019236293179305040000,10014.750192362932,0.0,True
BASE_E3,conditional,run_ad71d751b20623006c195ff3,1676159999999999999,10014.87920660533196443120000,10014.879206605332,0.0,True
BASE_E3,conditional,run_ad71d751b20623006c195ff3,1676246399999999999,10014.25149689217809039520000,10014.251496892179,0.0,True
BASE_E3,conditional,run_ad71d751b20623006c195ff3,1676332799999999999,10014.56551270284293604140000,10014.565512702844,1.8189894035458565e-12,True
BASE_E3,conditional,run_ad71d751b20623006c195ff3,1676419199999999999,10016.52598785118192941180000,10016.52598785118,-1.8189894035458565e-12,True
BASE_E3,conditional,run_ad71d751b20623006c195ff3,1676505599999999999,10014.64600857904086977830000,10014.646008579042,1.8189894035458565e-12,True
BASE_E3,conditional,run_ad71d751b20623006c195ff3,1676591999999999999,10013.99400712098638977830000,10013.994007120986,0.0,True
BASE_E3,conditional,run_ad71d751b20623006c195ff3,1676678399999999999,10016.55227982963042777830000,10016.55227982963,0.0,True
BASE_E3,conditional,run_ad71d751b20623006c195ff3,1676764799999999999,10017.67694362326708477830000,10017.676943623266,0.0,True
BASE_E3,conditional,run_ad71d751b20623006c195ff3,1676851199999999999,10018.02104931424176477830000,10018.02104931424,-1.8189894035458565e-12,True
BASE_E3,conditional,run_ad71d751b20623006c195ff3,1676937599999999999,10018.35453587551623277830000,10018.354535875516,0.0,True
BASE_E3,conditional,run_ad71d751b20623006c195ff3,1677023999999999999,10020.55870192267922277830000,10020.558701922679,0.0,True
BASE_E3,conditional,run_ad71d751b20623006c195ff3,1677110399999999999,10022.09863579450645177830000,10022.098635794506,0.0,True
BASE_E3,conditional,run_ad71d751b20623006c195ff3,1677196799999999999,10022.85045058279103504470000,10022.850450582791,0.0,True
BASE_E3,conditional,run_ad71d751b20623006c195ff3,1677283199999999999,10022.83078663920413270870000,10022.830786639204,0.0,True
BASE_E3,conditional,run_ad71d751b20623006c195ff3,1677369599999999999,10023.56021020562713270870000,10023.560210205627,0.0,True
BASE_E3,conditional,run_ad71d751b20623006c195ff3,1677455999999999999,10023.53731998359869273510000,10023.5373199836,0.0,True
BASE_E3,conditional,run_ad71d751b20623006c195ff3,1677542399999999999,10024.46671563572455167570000,10024.466715635725,0.0,True
BASE_E3,conditional,run_ad71d751b20623006c195ff3,1677628799999999999,10024.62703640286133726670000,10024.627036402862,1.8189894035458565e-12,True
BASE_E3,permanent,run_dfea4b7ac1475668d5968c97,1675295999999999999,10155.85849082822910958959999,10155.85849082823,1.8189894035458565e-12,True
BASE_E3,permanent,run_dfea4b7ac1475668d5968c97,1675382399999999999,10156.99405283841611358959999,10156.994052838416,0.0,True
BASE_E3,permanent,run_dfea4b7ac1475668d5968c97,1675468799999999999,10160.38896164035558758959999,10160.388961640356,0.0,True
BASE_E3,permanent,run_dfea4b7ac1475668d5968c97,1675555199999999999,10162.25985744757723558959999,10162.259857447576,-1.8189894035458565e-12,True
BASE_E3,permanent,run_dfea4b7ac1475668d5968c97,1675641599999999999,10164.60031110478211758959999,10164.600311104781,0.0,True
BASE_E3,permanent,run_dfea4b7ac1475668d5968c97,1675727999999999999,10167.27610583620449758959999,10167.276105836205,0.0,True
BASE_E3,permanent,run_dfea4b7ac1475668d5968c97,1675814399999999999,10168.67500203687922358959999,10168.675002036876,-3.637978807091713e-12,True
BASE_E3,permanent,run_dfea4b7ac1475668d5968c97,1675900799999999999,10170.32090124359612758959999,10170.320901243596,0.0,True
BASE_E3,permanent,run_dfea4b7ac1475668d5968c97,1675987199999999999,10173.46501296771601158959999,10173.465012967716,0.0,True
BASE_E3,permanent,run_dfea4b7ac1475668d5968c97,1676073599999999999,10175.65085297028675741919999,10175.650852970286,0.0,True
BASE_E3,permanent,run_dfea4b7ac1475668d5968c97,1676159999999999999,10176.62714086209868812239999,10176.627140862098,0.0,True
BASE_E3,permanent,run_dfea4b7ac1475668d5968c97,1676246399999999999,10176.10234901618624387439999,10176.102349016186,0.0,True
BASE_E3,permanent,run_dfea4b7ac1475668d5968c97,1676332799999999999,10175.58971409629557659999999,10175.589714096295,0.0,True
BASE_E3,permanent,run_dfea4b7ac1475668d5968c97,1676419199999999999,10180.35905981575379097339999,10180.359059815753,0.0,True
BASE_E3,permanent,run_dfea4b7ac1475668d5968c97,1676505599999999999,10175.96702891789024774559999,10175.967028917892,1.8189894035458565e-12,True
BASE_E3,permanent,run_dfea4b7ac1475668d5968c97,1676591999999999999,10175.09590276253066051399999,10175.095902762532,1.8189894035458565e-12,True
BASE_E3,permanent,run_dfea4b7ac1475668d5968c97,1676678399999999999,10180.43455732912083651399999,10180.434557329121,0.0,True
BASE_E3,permanent,run_dfea4b7ac1475668d5968c97,1676764799999999999,10183.10917786721363451399999,10183.109177867213,-1.8189894035458565e-12,True
BASE_E3,permanent,run_dfea4b7ac1475668d5968c97,1676851199999999999,10186.48894836067874051399999,10186.488948360678,0.0,True
BASE_E3,permanent,run_dfea4b7ac1475668d5968c97,1676937599999999999,10185.79466868693119251399999,10185.79466868693,0.0,True
BASE_E3,permanent,run_dfea4b7ac1475668d5968c97,1677023999999999999,10190.62515967463474851399999,10190.625159674635,0.0,True
BASE_E3,permanent,run_dfea4b7ac1475668d5968c97,1677110399999999999,10193.01093461477871151399999,10193.010934614778,0.0,True
BASE_E3,permanent,run_dfea4b7ac1475668d5968c97,1677196799999999999,10194.49687733977644775479999,10194.496877339778,1.8189894035458565e-12,True
BASE_E3,permanent,run_dfea4b7ac1475668d5968c97,1677283199999999999,10194.61173930528252116279999,10194.611739305283,0.0,True
BASE_E3,permanent,run_dfea4b7ac1475668d5968c97,1677369599999999999,10195.20803223819183260029999,10195.208032238193,1.8189894035458565e-12,True
BASE_E3,permanent,run_dfea4b7ac1475668d5968c97,1677455999999999999,10196.28584177426126736109999,10196.285841774263,1.8189894035458565e-12,True
BASE_E3,permanent,run_dfea4b7ac1475668d5968c97,1677542399999999999,10197.62343237895314893399999,10197.623432378954,0.0,True
BASE_E3,permanent,run_dfea4b7ac1475668d5968c97,1677628799999999999,10198.40742954006721877799999,10198.407429540066,-1.8189894035458565e-12,True
MARGEN_2X,conditional,run_70383794701c4f0fc157b2ed,1675295999999999999,10005.2599376664882043800,10005.259937666488,0.0,True
MARGEN_2X,conditional,run_70383794701c4f0fc157b2ed,1675382399999999999,10005.3342489460237293800,10005.334248946025,1.8189894035458565e-12,True
MARGEN_2X,conditional,run_70383794701c4f0fc157b2ed,1675468799999999999,10006.9058301337384793800,10006.905830133739,0.0,True
MARGEN_2X,conditional,run_70383794701c4f0fc157b2ed,1675555199999999999,10008.2489330310426793800,10008.248933031042,0.0,True
MARGEN_2X,conditional,run_70383794701c4f0fc157b2ed,1675641599999999999,10009.30373352123340438000000,10009.303733521236,1.8189894035458565e-12,True
MARGEN_2X,conditional,run_70383794701c4f0fc157b2ed,1675727999999999999,10010.96503113683340438000000,10010.965031136835,1.8189894035458565e-12,True
MARGEN_2X,conditional,run_70383794701c4f0fc157b2ed,1675814399999999999,10011.56653670269082838000000,10011.566536702692,1.8189894035458565e-12,True
MARGEN_2X,conditional,run_70383794701c4f0fc157b2ed,1675900799999999999,10011.99636666240397238000000,10011.996366662404,0.0,True
MARGEN_2X,conditional,run_70383794701c4f0fc157b2ed,1675987199999999999,10014.05261903626658838000000,10014.052619036267,0.0,True
MARGEN_2X,conditional,run_70383794701c4f0fc157b2ed,1676073599999999999,10014.75019236293179305040000,10014.750192362932,0.0,True
MARGEN_2X,conditional,run_70383794701c4f0fc157b2ed,1676159999999999999,10014.87920660533196443120000,10014.879206605332,0.0,True
MARGEN_2X,conditional,run_70383794701c4f0fc157b2ed,1676246399999999999,10014.25149689217809039520000,10014.251496892179,0.0,True
MARGEN_2X,conditional,run_70383794701c4f0fc157b2ed,1676332799999999999,10014.56551270284293604140000,10014.565512702844,1.8189894035458565e-12,True
MARGEN_2X,conditional,run_70383794701c4f0fc157b2ed,1676419199999999999,10016.52598785118192941180000,10016.52598785118,-1.8189894035458565e-12,True
MARGEN_2X,conditional,run_70383794701c4f0fc157b2ed,1676505599999999999,10014.64600857904086977830000,10014.646008579042,1.8189894035458565e-12,True
MARGEN_2X,conditional,run_70383794701c4f0fc157b2ed,1676591999999999999,10013.99400712098638977830000,10013.994007120986,0.0,True
MARGEN_2X,conditional,run_70383794701c4f0fc157b2ed,1676678399999999999,10016.55227982963042777830000,10016.55227982963,0.0,True
MARGEN_2X,conditional,run_70383794701c4f0fc157b2ed,1676764799999999999,10017.67694362326708477830000,10017.676943623266,0.0,True
MARGEN_2X,conditional,run_70383794701c4f0fc157b2ed,1676851199999999999,10018.02104931424176477830000,10018.02104931424,-1.8189894035458565e-12,True
MARGEN_2X,conditional,run_70383794701c4f0fc157b2ed,1676937599999999999,10018.35453587551623277830000,10018.354535875516,0.0,True
MARGEN_2X,conditional,run_70383794701c4f0fc157b2ed,1677023999999999999,10020.55870192267922277830000,10020.558701922679,0.0,True
MARGEN_2X,conditional,run_70383794701c4f0fc157b2ed,1677110399999999999,10022.09863579450645177830000,10022.098635794506,0.0,True
MARGEN_2X,conditional,run_70383794701c4f0fc157b2ed,1677196799999999999,10022.85045058279103504470000,10022.850450582791,0.0,True
MARGEN_2X,conditional,run_70383794701c4f0fc157b2ed,1677283199999999999,10022.83078663920413270870000,10022.830786639204,0.0,True
MARGEN_2X,conditional,run_70383794701c4f0fc157b2ed,1677369599999999999,10023.56021020562713270870000,10023.560210205627,0.0,True
MARGEN_2X,conditional,run_70383794701c4f0fc157b2ed,1677455999999999999,10023.53731998359869273510000,10023.5373199836,0.0,True
MARGEN_2X,conditional,run_70383794701c4f0fc157b2ed,1677542399999999999,10024.46671563572455167570000,10024.466715635725,0.0,True
MARGEN_2X,conditional,run_70383794701c4f0fc157b2ed,1677628799999999999,10024.62703640286133726670000,10024.627036402862,1.8189894035458565e-12,True
MARGEN_2X,permanent,run_3f5d9cce8ff1c2ba5447e3b6,1675295999999999999,10155.85849082822910958959999,10155.85849082823,1.8189894035458565e-12,True
MARGEN_2X,permanent,run_3f5d9cce8ff1c2ba5447e3b6,1675382399999999999,10156.99405283841611358959999,10156.994052838416,0.0,True
MARGEN_2X,permanent,run_3f5d9cce8ff1c2ba5447e3b6,1675468799999999999,10160.38896164035558758959999,10160.388961640356,0.0,True
MARGEN_2X,permanent,run_3f5d9cce8ff1c2ba5447e3b6,1675555199999999999,10162.25985744757723558959999,10162.259857447576,-1.8189894035458565e-12,True
MARGEN_2X,permanent,run_3f5d9cce8ff1c2ba5447e3b6,1675641599999999999,10164.60031110478211758959999,10164.600311104781,0.0,True
MARGEN_2X,permanent,run_3f5d9cce8ff1c2ba5447e3b6,1675727999999999999,10167.27610583620449758959999,10167.276105836205,0.0,True
MARGEN_2X,permanent,run_3f5d9cce8ff1c2ba5447e3b6,1675814399999999999,10168.67500203687922358959999,10168.675002036876,-3.637978807091713e-12,True
MARGEN_2X,permanent,run_3f5d9cce8ff1c2ba5447e3b6,1675900799999999999,10170.32090124359612758959999,10170.320901243596,0.0,True
MARGEN_2X,permanent,run_3f5d9cce8ff1c2ba5447e3b6,1675987199999999999,10173.46501296771601158959999,10173.465012967716,0.0,True
MARGEN_2X,permanent,run_3f5d9cce8ff1c2ba5447e3b6,1676073599999999999,10175.65085297028675741919999,10175.650852970286,0.0,True
MARGEN_2X,permanent,run_3f5d9cce8ff1c2ba5447e3b6,1676159999999999999,10176.62714086209868812239999,10176.627140862098,0.0,True
MARGEN_2X,permanent,run_3f5d9cce8ff1c2ba5447e3b6,1676246399999999999,10176.10234901618624387439999,10176.102349016186,0.0,True
MARGEN_2X,permanent,run_3f5d9cce8ff1c2ba5447e3b6,1676332799999999999,10175.58971409629557659999999,10175.589714096295,0.0,True
MARGEN_2X,permanent,run_3f5d9cce8ff1c2ba5447e3b6,1676419199999999999,10180.35905981575379097339999,10180.359059815753,0.0,True
MARGEN_2X,permanent,run_3f5d9cce8ff1c2ba5447e3b6,1676505599999999999,10175.96702891789024774559999,10175.967028917892,1.8189894035458565e-12,True
MARGEN_2X,permanent,run_3f5d9cce8ff1c2ba5447e3b6,1676591999999999999,10175.09590276253066051399999,10175.095902762532,1.8189894035458565e-12,True
MARGEN_2X,permanent,run_3f5d9cce8ff1c2ba5447e3b6,1676678399999999999,10180.43455732912083651399999,10180.434557329121,0.0,True
MARGEN_2X,permanent,run_3f5d9cce8ff1c2ba5447e3b6,1676764799999999999,10183.10917786721363451399999,10183.109177867213,-1.8189894035458565e-12,True
MARGEN_2X,permanent,run_3f5d9cce8ff1c2ba5447e3b6,1676851199999999999,10186.48894836067874051399999,10186.488948360678,0.0,True
MARGEN_2X,permanent,run_3f5d9cce8ff1c2ba5447e3b6,1676937599999999999,10185.79466868693119251399999,10185.79466868693,0.0,True
MARGEN_2X,permanent,run_3f5d9cce8ff1c2ba5447e3b6,1677023999999999999,10190.62515967463474851399999,10190.625159674635,0.0,True
MARGEN_2X,permanent,run_3f5d9cce8ff1c2ba5447e3b6,1677110399999999999,10193.01093461477871151399999,10193.010934614778,0.0,True
MARGEN_2X,permanent,run_3f5d9cce8ff1c2ba5447e3b6,1677196799999999999,10194.49687733977644775479999,10194.496877339778,1.8189894035458565e-12,True
MARGEN_2X,permanent,run_3f5d9cce8ff1c2ba5447e3b6,1677283199999999999,10194.61173930528252116279999,10194.611739305283,0.0,True
MARGEN_2X,permanent,run_3f5d9cce8ff1c2ba5447e3b6,1677369599999999999,10195.20803223819183260029999,10195.208032238193,1.8189894035458565e-12,True
MARGEN_2X,permanent,run_3f5d9cce8ff1c2ba5447e3b6,1677455999999999999,10196.28584177426126736109999,10196.285841774263,1.8189894035458565e-12,True
MARGEN_2X,permanent,run_3f5d9cce8ff1c2ba5447e3b6,1677542399999999999,10197.62343237895314893399999,10197.623432378954,0.0,True
MARGEN_2X,permanent,run_3f5d9cce8ff1c2ba5447e3b6,1677628799999999999,10198.40742954006721877799999,10198.407429540066,-1.8189894035458565e-12,True
BASE_E3,conditional,run_ad71d751b20623006c195ff3,1677715199999999999,10025.44466859410921326670000,10025.444668594111,1.8189894035458565e-12,True
BASE_E3,conditional,run_ad71d751b20623006c195ff3,1677801599999999999,10025.81360538646154952430000,10025.813605386462,0.0,True
BASE_E3,conditional,run_ad71d751b20623006c195ff3,1677887999999999999,10026.57955318130270200970000,10026.579553181302,0.0,True
BASE_E3,conditional,run_ad71d751b20623006c195ff3,1677974399999999999,10026.84845798963556006250000,10026.848457989636,0.0,True
BASE_E3,conditional,run_ad71d751b20623006c195ff3,1678060799999999999,10027.27832932481342147570000,10027.278329324814,0.0,True
BASE_E3,conditional,run_ad71d751b20623006c195ff3,1678147199999999999,10027.70713113467793918770000,10027.70713113468,3.637978807091713e-12,True
BASE_E3,conditional,run_ad71d751b20623006c195ff3,1678233599999999999,10028.09581396047518393750000,10028.095813960477,1.8189894035458565e-12,True
BASE_E3,conditional,run_ad71d751b20623006c195ff3,1678319999999999999,10028.88641799981361519710000,10028.886417999815,0.0,True
BASE_E3,conditional,run_ad71d751b20623006c195ff3,1678406399999999999,10029.74518301421460901450000,10029.745183014214,0.0,True
BASE_E3,conditional,run_ad71d751b20623006c195ff3,1678492799999999999,10028.54964439714684438870000,10028.549644397146,0.0,True
BASE_E3,conditional,run_ad71d751b20623006c195ff3,1678579199999999999,10029.01244475370235696290000,10029.012444753702,0.0,True
BASE_E3,conditional,run_ad71d751b20623006c195ff3,1678665599999999999,10030.60544098177690689210000,10030.605440981777,0.0,True
BASE_E3,conditional,run_ad71d751b20623006c195ff3,1678751999999999999,10026.95376639729399789210000,10026.953766397295,1.8189894035458565e-12,True
BASE_E3,conditional,run_ad71d751b20623006c195ff3,1678838399999999999,10028.13835812046343589210000,10028.138358120463,0.0,True
BASE_E3,conditional,run_ad71d751b20623006c195ff3,1678924799999999999,10032.14949394073723589210000,10032.149493940738,1.8189894035458565e-12,True
BASE_E3,conditional,run_ad71d751b20623006c195ff3,1679011199999999999,10034.28372531291188289210000,10034.283725312911,0.0,True
BASE_E3,conditional,run_ad71d751b20623006c195ff3,1679097599999999999,10033.77494227326248289210000,10033.774942273263,0.0,True
BASE_E3,conditional,run_ad71d751b20623006c195ff3,1679183999999999999,10034.63469827117949489210000,10034.63469827118,0.0,True
BASE_E3,conditional,run_ad71d751b20623006c195ff3,1679270399999999999,10036.14504437524459589210000,10036.145044375244,0.0,True
BASE_E3,conditional,run_ad71d751b20623006c195ff3,1679356799999999999,10037.31847865202004571210000,10037.318478652021,1.8189894035458565e-12,True
BASE_E3,conditional,run_ad71d751b20623006c195ff3,1679443199999999999,10037.78087882321384518460000,10037.780878823214,0.0,True
BASE_E3,conditional,run_ad71d751b20623006c195ff3,1679529599999999999,10037.68875469734613400460000,10037.688754697345,-1.8189894035458565e-12,True
BASE_E3,conditional,run_ad71d751b20623006c195ff3,1679615999999999999,10037.72837398596690445460000,10037.728373985967,0.0,True
BASE_E3,conditional,run_ad71d751b20623006c195ff3,1679702399999999999,10073.63724956096690445460000,10073.637249560967,0.0,True
BASE_E3,conditional,run_ad71d751b20623006c195ff3,1679788799999999999,10073.63718413096690445460000,10073.637184130966,0.0,True
BASE_E3,conditional,run_ad71d751b20623006c195ff3,1679875199999999999,10073.63747213096690445460000,10073.637472130968,0.0,True
BASE_E3,conditional,run_ad71d751b20623006c195ff3,1679961599999999999,10073.63693726096690445460000,10073.636937260966,0.0,True
BASE_E3,conditional,run_ad71d751b20623006c195ff3,1680047999999999999,10073.63745674096690445460000,10073.637456740968,0.0,True
BASE_E3,conditional,run_ad71d751b20623006c195ff3,1680134399999999999,10073.63764538096690445460000,10073.637645380966,0.0,True
BASE_E3,conditional,run_ad71d751b20623006c195ff3,1680220799999999999,10073.63763881096690445460000,10073.637638810967,0.0,True
BASE_E3,conditional,run_ad71d751b20623006c195ff3,1680307199999999999,10073.63789837096690445460000,10073.637898370967,0.0,True
BASE_E3,permanent,run_dfea4b7ac1475668d5968c97,1677715199999999999,10198.94921995534740077799999,10198.949219955346,-1.8189894035458565e-12,True
BASE_E3,permanent,run_dfea4b7ac1475668d5968c97,1677801599999999999,10200.58339524502634222119999,10200.583395245025,-1.8189894035458565e-12,True
BASE_E3,permanent,run_dfea4b7ac1475668d5968c97,1677887999999999999,10201.57995379237922747929999,10201.579953792378,-1.8189894035458565e-12,True
BASE_E3,permanent,run_dfea4b7ac1475668d5968c97,1677974399999999999,10202.07897078275938079369999,10202.078970782757,-1.8189894035458565e-12,True
BASE_E3,permanent,run_dfea4b7ac1475668d5968c97,1678060799999999999,10202.36879011756683228149999,10202.368790117565,-1.8189894035458565e-12,True
BASE_E3,permanent,run_dfea4b7ac1475668d5968c97,1678147199999999999,10203.15398382999369996069999,10203.153983829992,-1.8189894035458565e-12,True
BASE_E3,permanent,run_dfea4b7ac1475668d5968c97,1678233599999999999,10203.79297761688901826039999,10203.792977616888,-1.8189894035458565e-12,True
BASE_E3,permanent,run_dfea4b7ac1475668d5968c97,1678319999999999999,10204.88710169023652943499999,10204.887101690234,-1.8189894035458565e-12,True
BASE_E3,permanent,run_dfea4b7ac1475668d5968c97,1678406399999999999,10206.75804395584652144369999,10206.758043955846,0.0,True
BASE_E3,permanent,run_dfea4b7ac1475668d5968c97,1678492799999999999,10204.79651911951456660639999,10204.796519119514,0.0,True
BASE_E3,permanent,run_dfea4b7ac1475668d5968c97,1678579199999999999,10205.33856470266464803109999,10205.338564702664,0.0,True
BASE_E3,permanent,run_dfea4b7ac1475668d5968c97,1678665599999999999,10208.56061743711963223729999,10208.560617437119,-1.8189894035458565e-12,True
BASE_E3,permanent,run_dfea4b7ac1475668d5968c97,1678751999999999999,10202.84506122159549347489999,10202.845061221597,1.8189894035458565e-12,True
BASE_E3,permanent,run_dfea4b7ac1475668d5968c97,1678838399999999999,10204.74414941591659891409999,10204.744149415914,-3.637978807091713e-12,True
BASE_E3,permanent,run_dfea4b7ac1475668d5968c97,1678924799999999999,10211.33704661688176430530000,10211.337046616882,0.0,True
BASE_E3,permanent,run_dfea4b7ac1475668d5968c97,1679011199999999999,10215.12235690524859030530000,10215.122356905249,0.0,True
BASE_E3,permanent,run_dfea4b7ac1475668d5968c97,1679097599999999999,10215.77862805053375579010000,10215.778628050532,-1.8189894035458565e-12,True
BASE_E3,permanent,run_dfea4b7ac1475668d5968c97,1679183999999999999,10216.52848559878167179010000,10216.528485598781,0.0,True
BASE_E3,permanent,run_dfea4b7ac1475668d5968c97,1679270399999999999,10221.12162966375158579010000,10221.121629663752,0.0,True
BASE_E3,permanent,run_dfea4b7ac1475668d5968c97,1679356799999999999,10222.94718611205869507410000,10222.94718611206,1.8189894035458565e-12,True
BASE_E3,permanent,run_dfea4b7ac1475668d5968c97,1679443199999999999,10223.19482305078819951390000,10223.194823050788,0.0,True
BASE_E3,permanent,run_dfea4b7ac1475668d5968c97,1679529599999999999,10223.31689992548994873790000,10223.31689992549,0.0,True
BASE_E3,permanent,run_dfea4b7ac1475668d5968c97,1679615999999999999,10223.13295185298741116770000,10223.13295185299,1.8189894035458565e-12,True
BASE_E3,permanent,run_dfea4b7ac1475668d5968c97,1679702399999999999,10296.99244629967741116769999,10296.992446299679,1.8189894035458565e-12,True
BASE_E3,permanent,run_dfea4b7ac1475668d5968c97,1679788799999999999,10296.99244728107741116769999,10296.992447281078,0.0,True
BASE_E3,permanent,run_dfea4b7ac1475668d5968c97,1679875199999999999,10296.99658838307741116769999,10296.99658838308,1.8189894035458565e-12,True
BASE_E3,permanent,run_dfea4b7ac1475668d5968c97,1679961599999999999,10296.98960591927741116769999,10296.989605919278,0.0,True
BASE_E3,permanent,run_dfea4b7ac1475668d5968c97,1680047999999999999,10296.99108319647741116769999,10296.991083196479,1.8189894035458565e-12,True
BASE_E3,permanent,run_dfea4b7ac1475668d5968c97,1680134399999999999,10296.99969208287741116769999,10296.999692082878,0.0,True
BASE_E3,permanent,run_dfea4b7ac1475668d5968c97,1680220799999999999,10296.99723594427741116769999,10296.997235944278,0.0,True
BASE_E3,permanent,run_dfea4b7ac1475668d5968c97,1680307199999999999,10297.00088318907741116769999,10297.00088318908,1.8189894035458565e-12,True
MARGEN_2X,conditional,run_70383794701c4f0fc157b2ed,1677715199999999999,10025.44466859410921326670000,10025.444668594111,1.8189894035458565e-12,True
MARGEN_2X,conditional,run_70383794701c4f0fc157b2ed,1677801599999999999,10025.81360538646154952430000,10025.813605386462,0.0,True
MARGEN_2X,conditional,run_70383794701c4f0fc157b2ed,1677887999999999999,10026.57955318130270200970000,10026.579553181302,0.0,True
MARGEN_2X,conditional,run_70383794701c4f0fc157b2ed,1677974399999999999,10026.84845798963556006250000,10026.848457989636,0.0,True
MARGEN_2X,conditional,run_70383794701c4f0fc157b2ed,1678060799999999999,10027.27832932481342147570000,10027.278329324814,0.0,True
MARGEN_2X,conditional,run_70383794701c4f0fc157b2ed,1678147199999999999,10027.70713113467793918770000,10027.70713113468,3.637978807091713e-12,True
MARGEN_2X,conditional,run_70383794701c4f0fc157b2ed,1678233599999999999,10028.09581396047518393750000,10028.095813960477,1.8189894035458565e-12,True
MARGEN_2X,conditional,run_70383794701c4f0fc157b2ed,1678319999999999999,10028.88641799981361519710000,10028.886417999815,0.0,True
MARGEN_2X,conditional,run_70383794701c4f0fc157b2ed,1678406399999999999,10029.74518301421460901450000,10029.745183014214,0.0,True
MARGEN_2X,conditional,run_70383794701c4f0fc157b2ed,1678492799999999999,10028.54964439714684438870000,10028.549644397146,0.0,True
MARGEN_2X,conditional,run_70383794701c4f0fc157b2ed,1678579199999999999,10029.01244475370235696290000,10029.012444753702,0.0,True
MARGEN_2X,conditional,run_70383794701c4f0fc157b2ed,1678665599999999999,10030.60544098177690689210000,10030.605440981777,0.0,True
MARGEN_2X,conditional,run_70383794701c4f0fc157b2ed,1678751999999999999,10026.95376639729399789210000,10026.953766397295,1.8189894035458565e-12,True
MARGEN_2X,conditional,run_70383794701c4f0fc157b2ed,1678838399999999999,10028.13835812046343589210000,10028.138358120463,0.0,True
MARGEN_2X,conditional,run_70383794701c4f0fc157b2ed,1678924799999999999,10032.14949394073723589210000,10032.149493940738,1.8189894035458565e-12,True
MARGEN_2X,conditional,run_70383794701c4f0fc157b2ed,1679011199999999999,10034.28372531291188289210000,10034.283725312911,0.0,True
MARGEN_2X,conditional,run_70383794701c4f0fc157b2ed,1679097599999999999,10033.77494227326248289210000,10033.774942273263,0.0,True
MARGEN_2X,conditional,run_70383794701c4f0fc157b2ed,1679183999999999999,10034.63469827117949489210000,10034.63469827118,0.0,True
MARGEN_2X,conditional,run_70383794701c4f0fc157b2ed,1679270399999999999,10036.14504437524459589210000,10036.145044375244,0.0,True
MARGEN_2X,conditional,run_70383794701c4f0fc157b2ed,1679356799999999999,10037.31847865202004571210000,10037.318478652021,1.8189894035458565e-12,True
MARGEN_2X,conditional,run_70383794701c4f0fc157b2ed,1679443199999999999,10037.78087882321384518460000,10037.780878823214,0.0,True
MARGEN_2X,conditional,run_70383794701c4f0fc157b2ed,1679529599999999999,10037.68875469734613400460000,10037.688754697345,-1.8189894035458565e-12,True
MARGEN_2X,conditional,run_70383794701c4f0fc157b2ed,1679615999999999999,10037.72837398596690445460000,10037.728373985967,0.0,True
MARGEN_2X,conditional,run_70383794701c4f0fc157b2ed,1679702399999999999,10073.63724956096690445460000,10073.637249560967,0.0,True
MARGEN_2X,conditional,run_70383794701c4f0fc157b2ed,1679788799999999999,10073.63718413096690445460000,10073.637184130966,0.0,True
MARGEN_2X,conditional,run_70383794701c4f0fc157b2ed,1679875199999999999,10073.63747213096690445460000,10073.637472130968,0.0,True
MARGEN_2X,conditional,run_70383794701c4f0fc157b2ed,1679961599999999999,10073.63693726096690445460000,10073.636937260966,0.0,True
MARGEN_2X,conditional,run_70383794701c4f0fc157b2ed,1680047999999999999,10073.63745674096690445460000,10073.637456740968,0.0,True
MARGEN_2X,conditional,run_70383794701c4f0fc157b2ed,1680134399999999999,10073.63764538096690445460000,10073.637645380966,0.0,True
MARGEN_2X,conditional,run_70383794701c4f0fc157b2ed,1680220799999999999,10073.63763881096690445460000,10073.637638810967,0.0,True
MARGEN_2X,conditional,run_70383794701c4f0fc157b2ed,1680307199999999999,10073.63789837096690445460000,10073.637898370967,0.0,True
MARGEN_2X,permanent,run_3f5d9cce8ff1c2ba5447e3b6,1677715199999999999,10198.94921995534740077799999,10198.949219955346,-1.8189894035458565e-12,True
MARGEN_2X,permanent,run_3f5d9cce8ff1c2ba5447e3b6,1677801599999999999,10200.58339524502634222119999,10200.583395245025,-1.8189894035458565e-12,True
MARGEN_2X,permanent,run_3f5d9cce8ff1c2ba5447e3b6,1677887999999999999,10201.57995379237922747929999,10201.579953792378,-1.8189894035458565e-12,True
MARGEN_2X,permanent,run_3f5d9cce8ff1c2ba5447e3b6,1677974399999999999,10202.07897078275938079369999,10202.078970782757,-1.8189894035458565e-12,True
MARGEN_2X,permanent,run_3f5d9cce8ff1c2ba5447e3b6,1678060799999999999,10202.36879011756683228149999,10202.368790117565,-1.8189894035458565e-12,True
MARGEN_2X,permanent,run_3f5d9cce8ff1c2ba5447e3b6,1678147199999999999,10203.15398382999369996069999,10203.153983829992,-1.8189894035458565e-12,True
MARGEN_2X,permanent,run_3f5d9cce8ff1c2ba5447e3b6,1678233599999999999,10203.79297761688901826039999,10203.792977616888,-1.8189894035458565e-12,True
MARGEN_2X,permanent,run_3f5d9cce8ff1c2ba5447e3b6,1678319999999999999,10204.88710169023652943499999,10204.887101690234,-1.8189894035458565e-12,True
MARGEN_2X,permanent,run_3f5d9cce8ff1c2ba5447e3b6,1678406399999999999,10206.75804395584652144369999,10206.758043955846,0.0,True
MARGEN_2X,permanent,run_3f5d9cce8ff1c2ba5447e3b6,1678492799999999999,10204.79651911951456660639999,10204.796519119514,0.0,True
MARGEN_2X,permanent,run_3f5d9cce8ff1c2ba5447e3b6,1678579199999999999,10205.33856470266464803109999,10205.338564702664,0.0,True
MARGEN_2X,permanent,run_3f5d9cce8ff1c2ba5447e3b6,1678665599999999999,10208.56061743711963223729999,10208.560617437119,-1.8189894035458565e-12,True
MARGEN_2X,permanent,run_3f5d9cce8ff1c2ba5447e3b6,1678751999999999999,10202.84506122159549347489999,10202.845061221597,1.8189894035458565e-12,True
MARGEN_2X,permanent,run_3f5d9cce8ff1c2ba5447e3b6,1678838399999999999,10204.74414941591659891409999,10204.744149415914,-3.637978807091713e-12,True
MARGEN_2X,permanent,run_3f5d9cce8ff1c2ba5447e3b6,1678924799999999999,10211.33704661688176430530000,10211.337046616882,0.0,True
MARGEN_2X,permanent,run_3f5d9cce8ff1c2ba5447e3b6,1679011199999999999,10215.12235690524859030530000,10215.122356905249,0.0,True
MARGEN_2X,permanent,run_3f5d9cce8ff1c2ba5447e3b6,1679097599999999999,10215.77862805053375579010000,10215.778628050532,-1.8189894035458565e-12,True
MARGEN_2X,permanent,run_3f5d9cce8ff1c2ba5447e3b6,1679183999999999999,10216.52848559878167179010000,10216.528485598781,0.0,True
MARGEN_2X,permanent,run_3f5d9cce8ff1c2ba5447e3b6,1679270399999999999,10221.12162966375158579010000,10221.121629663752,0.0,True
MARGEN_2X,permanent,run_3f5d9cce8ff1c2ba5447e3b6,1679356799999999999,10222.94718611205869507410000,10222.94718611206,1.8189894035458565e-12,True
MARGEN_2X,permanent,run_3f5d9cce8ff1c2ba5447e3b6,1679443199999999999,10223.19482305078819951390000,10223.194823050788,0.0,True
MARGEN_2X,permanent,run_3f5d9cce8ff1c2ba5447e3b6,1679529599999999999,10223.31689992548994873790000,10223.31689992549,0.0,True
MARGEN_2X,permanent,run_3f5d9cce8ff1c2ba5447e3b6,1679615999999999999,10223.13295185298741116770000,10223.13295185299,1.8189894035458565e-12,True
MARGEN_2X,permanent,run_3f5d9cce8ff1c2ba5447e3b6,1679702399999999999,10296.99244629967741116769999,10296.992446299679,1.8189894035458565e-12,True
MARGEN_2X,permanent,run_3f5d9cce8ff1c2ba5447e3b6,1679788799999999999,10296.99244728107741116769999,10296.992447281078,0.0,True
MARGEN_2X,permanent,run_3f5d9cce8ff1c2ba5447e3b6,1679875199999999999,10296.99658838307741116769999,10296.99658838308,1.8189894035458565e-12,True
MARGEN_2X,permanent,run_3f5d9cce8ff1c2ba5447e3b6,1679961599999999999,10296.98960591927741116769999,10296.989605919278,0.0,True
MARGEN_2X,permanent,run_3f5d9cce8ff1c2ba5447e3b6,1680047999999999999,10296.99108319647741116769999,10296.991083196479,1.8189894035458565e-12,True
MARGEN_2X,permanent,run_3f5d9cce8ff1c2ba5447e3b6,1680134399999999999,10296.99969208287741116769999,10296.999692082878,0.0,True
MARGEN_2X,permanent,run_3f5d9cce8ff1c2ba5447e3b6,1680220799999999999,10296.99723594427741116769999,10296.997235944278,0.0,True
MARGEN_2X,permanent,run_3f5d9cce8ff1c2ba5447e3b6,1680307199999999999,10297.00088318907741116769999,10297.00088318908,1.8189894035458565e-12,True
BASE_E3,conditional,run_ad71d751b20623006c195ff3,1680393599999999999,10073.63789162096690445460000,10073.637891620967,0.0,True
BASE_E3,conditional,run_ad71d751b20623006c195ff3,1680479999999999999,10073.63766194096690445460000,10073.637661940968,0.0,True
BASE_E3,conditional,run_ad71d751b20623006c195ff3,1680566399999999999,10073.63779271096690445460000,10073.637792710966,0.0,True
BASE_E3,conditional,run_ad71d751b20623006c195ff3,1680652799999999999,10073.63834063096690445460000,10073.638340630967,0.0,True
BASE_E3,conditional,run_ad71d751b20623006c195ff3,1680739199999999999,10073.63868677096690445460000,10073.638686770966,0.0,True
BASE_E3,conditional,run_ad71d751b20623006c195ff3,1680825599999999999,10073.63835467096690445460000,10073.638354670968,0.0,True
BASE_E3,conditional,run_ad71d751b20623006c195ff3,1680911999999999999,10073.63827925096690445460000,10073.638279250967,0.0,True
BASE_E3,conditional,run_ad71d751b20623006c195ff3,1680998399999999999,10073.63814272096690445460000,10073.638142720967,0.0,True
BASE_E3,conditional,run_ad71d751b20623006c195ff3,1681084799999999999,10073.63823452096690445460000,10073.638234520968,0.0,True
BASE_E3,conditional,run_ad71d751b20623006c195ff3,1681171199999999999,10073.63870018096690445460000,10073.638700180967,0.0,True
BASE_E3,conditional,run_ad71d751b20623006c195ff3,1681257599999999999,10073.63851676096690445460000,10073.638516760966,0.0,True
BASE_E3,conditional,run_ad71d751b20623006c195ff3,1681343999999999999,10073.63875751096690445460000,10073.638757510967,0.0,True
BASE_E3,conditional,run_ad71d751b20623006c195ff3,1681430399999999999,10073.63960144096690445460000,10073.639601440967,0.0,True
BASE_E3,conditional,run_ad71d751b20623006c195ff3,1681516799999999999,10073.64040307096690445460000,10073.640403070967,0.0,True
BASE_E3,conditional,run_ad71d751b20623006c195ff3,1681603199999999999,10073.64032297096690445460000,10073.640322970967,0.0,True
BASE_E3,conditional,run_ad71d751b20623006c195ff3,1681689599999999999,10073.64057146096690445460000,10073.640571460966,0.0,True
BASE_E3,conditional,run_ad71d751b20623006c195ff3,1681775999999999999,10073.64018050096690445460000,10073.640180500966,0.0,True
BASE_E3,conditional,run_ad71d751b20623006c195ff3,1681862399999999999,10073.64043457096690445460000,10073.640434570967,0.0,True
BASE_E3,conditional,run_ad71d751b20623006c195ff3,1681948799999999999,10073.63892050096690445460000,10073.638920500967,0.0,True
BASE_E3,conditional,run_ad71d751b20623006c195ff3,1682035199999999999,10073.63898980096690445460000,10073.638989800967,0.0,True
BASE_E3,conditional,run_ad71d751b20623006c195ff3,1682121599999999999,10073.63815361096690445460000,10073.638153610967,0.0,True
BASE_E3,conditional,run_ad71d751b20623006c195ff3,1682207999999999999,10073.63837051096690445460000,10073.638370510967,0.0,True
BASE_E3,conditional,run_ad71d751b20623006c195ff3,1682294399999999999,10073.63826386096690445460000,10073.638263860967,0.0,True
BASE_E3,conditional,run_ad71d751b20623006c195ff3,1682380799999999999,10073.63808908096690445460000,10073.638089080967,0.0,True
BASE_E3,conditional,run_ad71d751b20623006c195ff3,1682467199999999999,10073.63830400096690445460000,10073.638304000968,0.0,True
BASE_E3,conditional,run_ad71d751b20623006c195ff3,1682553599999999999,10073.63830265096690445460000,10073.638302650967,0.0,True
BASE_E3,conditional,run_ad71d751b20623006c195ff3,1682639999999999999,10073.63868830096690445460000,10073.638688300967,0.0,True
BASE_E3,conditional,run_ad71d751b20623006c195ff3,1682726399999999999,10073.63852612096690445460000,10073.638526120967,0.0,True
BASE_E3,conditional,run_ad71d751b20623006c195ff3,1682812799999999999,10073.63867525096690445460000,10073.638675250966,0.0,True
BASE_E3,conditional,run_ad71d751b20623006c195ff3,1682899199999999999,10073.63839310096690445460000,10073.638393100968,0.0,True
BASE_E3,permanent,run_dfea4b7ac1475668d5968c97,1680393599999999999,10297.00071392647741116769999,10297.000713926478,0.0,True
BASE_E3,permanent,run_dfea4b7ac1475668d5968c97,1680479999999999999,10296.99853326127741116769999,10296.998533261278,0.0,True
BASE_E3,permanent,run_dfea4b7ac1475668d5968c97,1680566399999999999,10296.99546328347741116769999,10296.995463283478,0.0,True
BASE_E3,permanent,run_dfea4b7ac1475668d5968c97,1680652799999999999,10296.99893773347741116769999,10296.998937733479,1.8189894035458565e-12,True
BASE_E3,permanent,run_dfea4b7ac1475668d5968c97,1680739199999999999,10296.99934752827741116769999,10296.999347528279,1.8189894035458565e-12,True
BASE_E3,permanent,run_dfea4b7ac1475668d5968c97,1680825599999999999,10296.99789791147741116769999,10296.997897911479,1.8189894035458565e-12,True
BASE_E3,permanent,run_dfea4b7ac1475668d5968c97,1680911999999999999,10296.99688725707741116769999,10296.996887257079,1.8189894035458565e-12,True
BASE_E3,permanent,run_dfea4b7ac1475668d5968c97,1680998399999999999,10296.99700278127741116769999,10296.997002781278,0.0,True
BASE_E3,permanent,run_dfea4b7ac1475668d5968c97,1681084799999999999,10297.00006657767741116769999,10297.000066577679,1.8189894035458565e-12,True
BASE_E3,permanent,run_dfea4b7ac1475668d5968c97,1681171199999999999,10297.01066627687741116769999,10297.010666276878,0.0,True
BASE_E3,permanent,run_dfea4b7ac1475668d5968c97,1681257599999999999,10297.01485347287741116769999,10297.014853472878,0.0,True
BASE_E3,permanent,run_dfea4b7ac1475668d5968c97,1681343999999999999,10297.01258954987741116769999,10297.012589549879,1.8189894035458565e-12,True
BASE_E3,permanent,run_dfea4b7ac1475668d5968c97,1681430399999999999,10297.01713418607741116769999,10297.017134186079,1.8189894035458565e-12,True
BASE_E3,permanent,run_dfea4b7ac1475668d5968c97,1681516799999999999,10289.40312509287293376769999,10289.403125092873,0.0,True
BASE_E3,permanent,run_dfea4b7ac1475668d5968c97,1681603199999999999,10290.24808942436895121769999,10290.248089424367,-1.8189894035458565e-12,True
BASE_E3,permanent,run_dfea4b7ac1475668d5968c97,1681689599999999999,10293.27738516904459029769999,10293.277385169045,0.0,True
BASE_E3,permanent,run_dfea4b7ac1475668d5968c97,1681775999999999999,10293.95116005790409529769999,10293.951160057903,-1.8189894035458565e-12,True
BASE_E3,permanent,run_dfea4b7ac1475668d5968c97,1681862399999999999,10295.25010848953594899769999,10295.250108489536,0.0,True
BASE_E3,permanent,run_dfea4b7ac1475668d5968c97,1681948799999999999,10296.74675286247450394769999,10296.746752862475,0.0,True
BASE_E3,permanent,run_dfea4b7ac1475668d5968c97,1682035199999999999,10298.85425401756850394769999,10298.85425401757,1.8189894035458565e-12,True
BASE_E3,permanent,run_dfea4b7ac1475668d5968c97,1682121599999999999,10299.06679837343862994769999,10299.066798373438,0.0,True
BASE_E3,permanent,run_dfea4b7ac1475668d5968c97,1682207999999999999,10299.55963422431020119359999,10299.55963422431,0.0,True
BASE_E3,permanent,run_dfea4b7ac1475668d5968c97,1682294399999999999,10300.19727877837182512769999,10300.197278778372,0.0,True
BASE_E3,permanent,run_dfea4b7ac1475668d5968c97,1682380799999999999,10300.94010096825136631009999,10300.940100968253,1.8189894035458565e-12,True
BASE_E3,permanent,run_dfea4b7ac1475668d5968c97,1682467199999999999,10302.73227071544409364809999,10302.732270715445,1.8189894035458565e-12,True
BASE_E3,permanent,run_dfea4b7ac1475668d5968c97,1682553599999999999,10303.84117614492909937039999,10303.84117614493,0.0,True
BASE_E3,permanent,run_dfea4b7ac1475668d5968c97,1682639999999999999,10303.77457413541174001089999,10303.774574135412,0.0,True
BASE_E3,permanent,run_dfea4b7ac1475668d5968c97,1682726399999999999,10305.83072983664719469009999,10305.830729836647,0.0,True
BASE_E3,permanent,run_dfea4b7ac1475668d5968c97,1682812799999999999,10306.06343265320402394039999,10306.063432653204,0.0,True
BASE_E3,permanent,run_dfea4b7ac1475668d5968c97,1682899199999999999,10307.78608727600281726229999,10307.786087276003,0.0,True
MARGEN_2X,conditional,run_70383794701c4f0fc157b2ed,1680393599999999999,10073.63789162096690445460000,10073.637891620967,0.0,True
MARGEN_2X,conditional,run_70383794701c4f0fc157b2ed,1680479999999999999,10073.63766194096690445460000,10073.637661940968,0.0,True
MARGEN_2X,conditional,run_70383794701c4f0fc157b2ed,1680566399999999999,10073.63779271096690445460000,10073.637792710966,0.0,True
MARGEN_2X,conditional,run_70383794701c4f0fc157b2ed,1680652799999999999,10073.63834063096690445460000,10073.638340630967,0.0,True
MARGEN_2X,conditional,run_70383794701c4f0fc157b2ed,1680739199999999999,10073.63868677096690445460000,10073.638686770966,0.0,True
MARGEN_2X,conditional,run_70383794701c4f0fc157b2ed,1680825599999999999,10073.63835467096690445460000,10073.638354670968,0.0,True
MARGEN_2X,conditional,run_70383794701c4f0fc157b2ed,1680911999999999999,10073.63827925096690445460000,10073.638279250967,0.0,True
MARGEN_2X,conditional,run_70383794701c4f0fc157b2ed,1680998399999999999,10073.63814272096690445460000,10073.638142720967,0.0,True
MARGEN_2X,conditional,run_70383794701c4f0fc157b2ed,1681084799999999999,10073.63823452096690445460000,10073.638234520968,0.0,True
MARGEN_2X,conditional,run_70383794701c4f0fc157b2ed,1681171199999999999,10073.63870018096690445460000,10073.638700180967,0.0,True
MARGEN_2X,conditional,run_70383794701c4f0fc157b2ed,1681257599999999999,10073.63851676096690445460000,10073.638516760966,0.0,True
MARGEN_2X,conditional,run_70383794701c4f0fc157b2ed,1681343999999999999,10073.63875751096690445460000,10073.638757510967,0.0,True
MARGEN_2X,conditional,run_70383794701c4f0fc157b2ed,1681430399999999999,10073.63960144096690445460000,10073.639601440967,0.0,True
MARGEN_2X,conditional,run_70383794701c4f0fc157b2ed,1681516799999999999,10073.64040307096690445460000,10073.640403070967,0.0,True
MARGEN_2X,conditional,run_70383794701c4f0fc157b2ed,1681603199999999999,10073.64032297096690445460000,10073.640322970967,0.0,True
MARGEN_2X,conditional,run_70383794701c4f0fc157b2ed,1681689599999999999,10073.64057146096690445460000,10073.640571460966,0.0,True
MARGEN_2X,conditional,run_70383794701c4f0fc157b2ed,1681775999999999999,10073.64018050096690445460000,10073.640180500966,0.0,True
MARGEN_2X,conditional,run_70383794701c4f0fc157b2ed,1681862399999999999,10073.64043457096690445460000,10073.640434570967,0.0,True
MARGEN_2X,conditional,run_70383794701c4f0fc157b2ed,1681948799999999999,10073.63892050096690445460000,10073.638920500967,0.0,True
MARGEN_2X,conditional,run_70383794701c4f0fc157b2ed,1682035199999999999,10073.63898980096690445460000,10073.638989800967,0.0,True
MARGEN_2X,conditional,run_70383794701c4f0fc157b2ed,1682121599999999999,10073.63815361096690445460000,10073.638153610967,0.0,True
MARGEN_2X,conditional,run_70383794701c4f0fc157b2ed,1682207999999999999,10073.63837051096690445460000,10073.638370510967,0.0,True
MARGEN_2X,conditional,run_70383794701c4f0fc157b2ed,1682294399999999999,10073.63826386096690445460000,10073.638263860967,0.0,True
MARGEN_2X,conditional,run_70383794701c4f0fc157b2ed,1682380799999999999,10073.63808908096690445460000,10073.638089080967,0.0,True
MARGEN_2X,conditional,run_70383794701c4f0fc157b2ed,1682467199999999999,10073.63830400096690445460000,10073.638304000968,0.0,True
MARGEN_2X,conditional,run_70383794701c4f0fc157b2ed,1682553599999999999,10073.63830265096690445460000,10073.638302650967,0.0,True
MARGEN_2X,conditional,run_70383794701c4f0fc157b2ed,1682639999999999999,10073.63868830096690445460000,10073.638688300967,0.0,True
MARGEN_2X,conditional,run_70383794701c4f0fc157b2ed,1682726399999999999,10073.63852612096690445460000,10073.638526120967,0.0,True
MARGEN_2X,conditional,run_70383794701c4f0fc157b2ed,1682812799999999999,10073.63867525096690445460000,10073.638675250966,0.0,True
MARGEN_2X,conditional,run_70383794701c4f0fc157b2ed,1682899199999999999,10073.63839310096690445460000,10073.638393100968,0.0,True
MARGEN_2X,permanent,run_3f5d9cce8ff1c2ba5447e3b6,1680393599999999999,10297.00071392647741116769999,10297.000713926478,0.0,True
MARGEN_2X,permanent,run_3f5d9cce8ff1c2ba5447e3b6,1680479999999999999,10296.99853326127741116769999,10296.998533261278,0.0,True
MARGEN_2X,permanent,run_3f5d9cce8ff1c2ba5447e3b6,1680566399999999999,10296.99546328347741116769999,10296.995463283478,0.0,True
MARGEN_2X,permanent,run_3f5d9cce8ff1c2ba5447e3b6,1680652799999999999,10296.99893773347741116769999,10296.998937733479,1.8189894035458565e-12,True
MARGEN_2X,permanent,run_3f5d9cce8ff1c2ba5447e3b6,1680739199999999999,10296.99934752827741116769999,10296.999347528279,1.8189894035458565e-12,True
MARGEN_2X,permanent,run_3f5d9cce8ff1c2ba5447e3b6,1680825599999999999,10296.99789791147741116769999,10296.997897911479,1.8189894035458565e-12,True
MARGEN_2X,permanent,run_3f5d9cce8ff1c2ba5447e3b6,1680911999999999999,10296.99688725707741116769999,10296.996887257079,1.8189894035458565e-12,True
MARGEN_2X,permanent,run_3f5d9cce8ff1c2ba5447e3b6,1680998399999999999,10296.99700278127741116769999,10296.997002781278,0.0,True
MARGEN_2X,permanent,run_3f5d9cce8ff1c2ba5447e3b6,1681084799999999999,10297.00006657767741116769999,10297.000066577679,1.8189894035458565e-12,True
MARGEN_2X,permanent,run_3f5d9cce8ff1c2ba5447e3b6,1681171199999999999,10297.01066627687741116769999,10297.010666276878,0.0,True
MARGEN_2X,permanent,run_3f5d9cce8ff1c2ba5447e3b6,1681257599999999999,10297.01485347287741116769999,10297.014853472878,0.0,True
MARGEN_2X,permanent,run_3f5d9cce8ff1c2ba5447e3b6,1681343999999999999,10297.01258954987741116769999,10297.012589549879,1.8189894035458565e-12,True
MARGEN_2X,permanent,run_3f5d9cce8ff1c2ba5447e3b6,1681430399999999999,10297.01713418607741116769999,10297.017134186079,1.8189894035458565e-12,True
MARGEN_2X,permanent,run_3f5d9cce8ff1c2ba5447e3b6,1681516799999999999,10289.40312509287293376769999,10289.403125092873,0.0,True
MARGEN_2X,permanent,run_3f5d9cce8ff1c2ba5447e3b6,1681603199999999999,10290.24808942436895121769999,10290.248089424367,-1.8189894035458565e-12,True
MARGEN_2X,permanent,run_3f5d9cce8ff1c2ba5447e3b6,1681689599999999999,10293.27738516904459029769999,10293.277385169045,0.0,True
MARGEN_2X,permanent,run_3f5d9cce8ff1c2ba5447e3b6,1681775999999999999,10293.95116005790409529769999,10293.951160057903,-1.8189894035458565e-12,True
MARGEN_2X,permanent,run_3f5d9cce8ff1c2ba5447e3b6,1681862399999999999,10295.25010848953594899769999,10295.250108489536,0.0,True
MARGEN_2X,permanent,run_3f5d9cce8ff1c2ba5447e3b6,1681948799999999999,10296.74675286247450394769999,10296.746752862475,0.0,True
MARGEN_2X,permanent,run_3f5d9cce8ff1c2ba5447e3b6,1682035199999999999,10298.85425401756850394769999,10298.85425401757,1.8189894035458565e-12,True
MARGEN_2X,permanent,run_3f5d9cce8ff1c2ba5447e3b6,1682121599999999999,10299.06679837343862994769999,10299.066798373438,0.0,True
MARGEN_2X,permanent,run_3f5d9cce8ff1c2ba5447e3b6,1682207999999999999,10299.55963422431020119359999,10299.55963422431,0.0,True
MARGEN_2X,permanent,run_3f5d9cce8ff1c2ba5447e3b6,1682294399999999999,10300.19727877837182512769999,10300.197278778372,0.0,True
MARGEN_2X,permanent,run_3f5d9cce8ff1c2ba5447e3b6,1682380799999999999,10300.94010096825136631009999,10300.940100968253,1.8189894035458565e-12,True
MARGEN_2X,permanent,run_3f5d9cce8ff1c2ba5447e3b6,1682467199999999999,10302.73227071544409364809999,10302.732270715445,1.8189894035458565e-12,True
MARGEN_2X,permanent,run_3f5d9cce8ff1c2ba5447e3b6,1682553599999999999,10303.84117614492909937039999,10303.84117614493,0.0,True
MARGEN_2X,permanent,run_3f5d9cce8ff1c2ba5447e3b6,1682639999999999999,10303.77457413541174001089999,10303.774574135412,0.0,True
MARGEN_2X,permanent,run_3f5d9cce8ff1c2ba5447e3b6,1682726399999999999,10305.83072983664719469009999,10305.830729836647,0.0,True
MARGEN_2X,permanent,run_3f5d9cce8ff1c2ba5447e3b6,1682812799999999999,10306.06343265320402394039999,10306.063432653204,0.0,True
MARGEN_2X,permanent,run_3f5d9cce8ff1c2ba5447e3b6,1682899199999999999,10307.78608727600281726229999,10307.786087276003,0.0,True
BASE_E3,conditional,run_ad71d751b20623006c195ff3,1682985599999999999,10073.63798774096690445460000,10073.637987740967,0.0,True
BASE_E3,conditional,run_ad71d751b20623006c195ff3,1683071999999999999,10073.63833676096690445460000,10073.638336760967,0.0,True
BASE_E3,conditional,run_ad71d751b20623006c195ff3,1683158399999999999,10073.63864474096690445460000,10073.638644740968,0.0,True
BASE_E3,conditional,run_ad71d751b20623006c195ff3,1683244799999999999,10073.63839949096690445460000,10073.638399490967,0.0,True
BASE_E3,conditional,run_ad71d751b20623006c195ff3,1683331199999999999,10073.63944394096690445460000,10073.639443940967,0.0,True
BASE_E3,conditional,run_ad71d751b20623006c195ff3,1683417599999999999,10073.63857625096690445460000,10073.638576250967,0.0,True
BASE_E3,conditional,run_ad71d751b20623006c195ff3,1683503999999999999,10073.63834558096690445460000,10073.638345580966,0.0,True
BASE_E3,conditional,run_ad71d751b20623006c195ff3,1683590399999999999,10073.63813264096690445460000,10073.638132640966,0.0,True
BASE_E3,conditional,run_ad71d751b20623006c195ff3,1683676799999999999,10073.63812454096690445460000,10073.638124540967,0.0,True
BASE_E3,conditional,run_ad71d751b20623006c195ff3,1683763199999999999,10073.63807432096690445460000,10073.638074320967,0.0,True
BASE_E3,conditional,run_ad71d751b20623006c195ff3,1683849599999999999,10073.63765915096690445460000,10073.637659150967,0.0,True
BASE_E3,conditional,run_ad71d751b20623006c195ff3,1683935999999999999,10073.63776976096690445460000,10073.637769760966,-1.8189894035458565e-12,True
BASE_E3,conditional,run_ad71d751b20623006c195ff3,1684022399999999999,10073.63766194096690445460000,10073.637661940968,0.0,True
BASE_E3,conditional,run_ad71d751b20623006c195ff3,1684108799999999999,10073.63770136096690445460000,10073.637701360967,0.0,True
BASE_E3,conditional,run_ad71d751b20623006c195ff3,1684195199999999999,10073.63786003096690445460000,10073.637860030967,0.0,True
BASE_E3,conditional,run_ad71d751b20623006c195ff3,1684281599999999999,10073.63792141096690445460000,10073.637921410967,0.0,True
BASE_E3,conditional,run_ad71d751b20623006c195ff3,1684367999999999999,10073.63790134096690445460000,10073.637901340966,-1.8189894035458565e-12,True
BASE_E3,conditional,run_ad71d751b20623006c195ff3,1684454399999999999,10073.63771963096690445460000,10073.637719630968,0.0,True
BASE_E3,conditional,run_ad71d751b20623006c195ff3,1684540799999999999,10073.63781512096690445460000,10073.637815120966,0.0,True
BASE_E3,conditional,run_ad71d751b20623006c195ff3,1684627199999999999,10073.63788280096690445460000,10073.637882800967,0.0,True
BASE_E3,conditional,run_ad71d751b20623006c195ff3,1684713599999999999,10073.63774699096690445460000,10073.637746990968,0.0,True
BASE_E3,conditional,run_ad71d751b20623006c195ff3,1684799999999999999,10073.63786048096690445460000,10073.637860480967,0.0,True
BASE_E3,conditional,run_ad71d751b20623006c195ff3,1684886399999999999,10073.63819231096690445460000,10073.638192310967,0.0,True
BASE_E3,conditional,run_ad71d751b20623006c195ff3,1684972799999999999,10073.63770595096690445460000,10073.637705950967,0.0,True
BASE_E3,conditional,run_ad71d751b20623006c195ff3,1685059199999999999,10073.63775680096690445460000,10073.637756800967,0.0,True
BASE_E3,conditional,run_ad71d751b20623006c195ff3,1685145599999999999,10073.63795804096690445460000,10073.637958040967,0.0,True
BASE_E3,conditional,run_ad71d751b20623006c195ff3,1685231999999999999,10073.63797487096690445460000,10073.637974870966,-1.8189894035458565e-12,True
BASE_E3,conditional,run_ad71d751b20623006c195ff3,1685318399999999999,10073.63869235096690445460000,10073.638692350967,0.0,True
BASE_E3,conditional,run_ad71d751b20623006c195ff3,1685404799999999999,10073.63853917096690445460000,10073.638539170966,0.0,True
BASE_E3,conditional,run_ad71d751b20623006c195ff3,1685491199999999999,10073.63861108096690445460000,10073.638611080967,0.0,True
BASE_E3,conditional,run_ad71d751b20623006c195ff3,1685577599999999999,10073.63836853096690445460000,10073.638368530967,0.0,True
BASE_E3,permanent,run_dfea4b7ac1475668d5968c97,1682985599999999999,10307.00016528685763469229999,10307.000165286858,0.0,True
BASE_E3,permanent,run_dfea4b7ac1475668d5968c97,1683071999999999999,10307.60051315435224139029999,10307.600513154353,1.8189894035458565e-12,True
BASE_E3,permanent,run_dfea4b7ac1475668d5968c97,1683158399999999999,10308.09716332431229603379999,10308.097163324313,1.8189894035458565e-12,True
BASE_E3,permanent,run_dfea4b7ac1475668d5968c97,1683244799999999999,10311.26047884633139562499999,10311.26047884633,-1.8189894035458565e-12,True
BASE_E3,permanent,run_dfea4b7ac1475668d5968c97,1683331199999999999,10311.58719765797527203899999,10311.587197657975,0.0,True
BASE_E3,permanent,run_dfea4b7ac1475668d5968c97,1683417599999999999,10314.21364827475481803899999,10314.213648274756,0.0,True
BASE_E3,permanent,run_dfea4b7ac1475668d5968c97,1683503999999999999,10315.18366690211940354469999,10315.183666902118,-1.8189894035458565e-12,True
BASE_E3,permanent,run_dfea4b7ac1475668d5968c97,1683590399999999999,10315.16029725412984276029999,10315.160297254131,1.8189894035458565e-12,True
BASE_E3,permanent,run_dfea4b7ac1475668d5968c97,1683676799999999999,10316.07610349177420946399999,10316.076103491772,-1.8189894035458565e-12,True
BASE_E3,permanent,run_dfea4b7ac1475668d5968c97,1683763199999999999,10316.86441864844714845199999,10316.864418648449,1.8189894035458565e-12,True
BASE_E3,permanent,run_dfea4b7ac1475668d5968c97,1683849599999999999,10317.79936182428690762089999,10317.799361824287,0.0,True
BASE_E3,permanent,run_dfea4b7ac1475668d5968c97,1683935999999999999,10317.34382082831057274059999,10317.343820828311,0.0,True
BASE_E3,permanent,run_dfea4b7ac1475668d5968c97,1684022399999999999,10317.69185685014909292969999,10317.691856850151,1.8189894035458565e-12,True
BASE_E3,permanent,run_dfea4b7ac1475668d5968c97,1684108799999999999,10318.49119976700175207739999,10318.491199767002,0.0,True
BASE_E3,permanent,run_dfea4b7ac1475668d5968c97,1684195199999999999,10318.13358784650770822529999,10318.133587846507,0.0,True
BASE_E3,permanent,run_dfea4b7ac1475668d5968c97,1684281599999999999,10318.89133709262200822529999,10318.891337092622,0.0,True
BASE_E3,permanent,run_dfea4b7ac1475668d5968c97,1684367999999999999,10319.57182304978248481289999,10319.571823049782,0.0,True
BASE_E3,permanent,run_dfea4b7ac1475668d5968c97,1684454399999999999,10321.58738195208381281289999,10321.587381952086,1.8189894035458565e-12,True
BASE_E3,permanent,run_dfea4b7ac1475668d5968c97,1684540799999999999,10322.51921311872408137329999,10322.519213118725,1.8189894035458565e-12,True
BASE_E3,permanent,run_dfea4b7ac1475668d5968c97,1684627199999999999,10322.57061608177910769649999,10322.57061608178,1.8189894035458565e-12,True
BASE_E3,permanent,run_dfea4b7ac1475668d5968c97,1684713599999999999,10323.36865466040746839439999,10323.36865466041,1.8189894035458565e-12,True
BASE_E3,permanent,run_dfea4b7ac1475668d5968c97,1684799999999999999,10324.17517164906266734449999,10324.175171649063,0.0,True
BASE_E3,permanent,run_dfea4b7ac1475668d5968c97,1684886399999999999,10325.07551931368817134449999,10325.075519313687,-1.8189894035458565e-12,True
BASE_E3,permanent,run_dfea4b7ac1475668d5968c97,1684972799999999999,10327.41438875350611943249999,10327.414388753507,0.0,True
BASE_E3,permanent,run_dfea4b7ac1475668d5968c97,1685059199999999999,10327.47818594341701635999999,10327.478185943419,1.8189894035458565e-12,True
BASE_E3,permanent,run_dfea4b7ac1475668d5968c97,1685145599999999999,10328.99308107197124914459999,10328.993081071972,1.8189894035458565e-12,True
BASE_E3,permanent,run_dfea4b7ac1475668d5968c97,1685231999999999999,10330.03669839153229207939999,10330.036698391532,0.0,True
BASE_E3,permanent,run_dfea4b7ac1475668d5968c97,1685318399999999999,10330.17587256218575599939999,10330.175872562186,0.0,True
BASE_E3,permanent,run_dfea4b7ac1475668d5968c97,1685404799999999999,10333.35996405427463599939999,10333.359964054274,0.0,True
BASE_E3,permanent,run_dfea4b7ac1475668d5968c97,1685491199999999999,10333.93179157997394988819999,10333.931791579975,0.0,True
BASE_E3,permanent,run_dfea4b7ac1475668d5968c97,1685577599999999999,10334.94007326254367416259999,10334.940073262544,0.0,True
MARGEN_2X,conditional,run_70383794701c4f0fc157b2ed,1682985599999999999,10073.63798774096690445460000,10073.637987740967,0.0,True
MARGEN_2X,conditional,run_70383794701c4f0fc157b2ed,1683071999999999999,10073.63833676096690445460000,10073.638336760967,0.0,True
MARGEN_2X,conditional,run_70383794701c4f0fc157b2ed,1683158399999999999,10073.63864474096690445460000,10073.638644740968,0.0,True
MARGEN_2X,conditional,run_70383794701c4f0fc157b2ed,1683244799999999999,10073.63839949096690445460000,10073.638399490967,0.0,True
MARGEN_2X,conditional,run_70383794701c4f0fc157b2ed,1683331199999999999,10073.63944394096690445460000,10073.639443940967,0.0,True
MARGEN_2X,conditional,run_70383794701c4f0fc157b2ed,1683417599999999999,10073.63857625096690445460000,10073.638576250967,0.0,True
MARGEN_2X,conditional,run_70383794701c4f0fc157b2ed,1683503999999999999,10073.63834558096690445460000,10073.638345580966,0.0,True
MARGEN_2X,conditional,run_70383794701c4f0fc157b2ed,1683590399999999999,10073.63813264096690445460000,10073.638132640966,0.0,True
MARGEN_2X,conditional,run_70383794701c4f0fc157b2ed,1683676799999999999,10073.63812454096690445460000,10073.638124540967,0.0,True
MARGEN_2X,conditional,run_70383794701c4f0fc157b2ed,1683763199999999999,10073.63807432096690445460000,10073.638074320967,0.0,True
MARGEN_2X,conditional,run_70383794701c4f0fc157b2ed,1683849599999999999,10073.63765915096690445460000,10073.637659150967,0.0,True
MARGEN_2X,conditional,run_70383794701c4f0fc157b2ed,1683935999999999999,10073.63776976096690445460000,10073.637769760966,-1.8189894035458565e-12,True
MARGEN_2X,conditional,run_70383794701c4f0fc157b2ed,1684022399999999999,10073.63766194096690445460000,10073.637661940968,0.0,True
MARGEN_2X,conditional,run_70383794701c4f0fc157b2ed,1684108799999999999,10073.63770136096690445460000,10073.637701360967,0.0,True
MARGEN_2X,conditional,run_70383794701c4f0fc157b2ed,1684195199999999999,10073.63786003096690445460000,10073.637860030967,0.0,True
MARGEN_2X,conditional,run_70383794701c4f0fc157b2ed,1684281599999999999,10073.63792141096690445460000,10073.637921410967,0.0,True
MARGEN_2X,conditional,run_70383794701c4f0fc157b2ed,1684367999999999999,10073.63790134096690445460000,10073.637901340966,-1.8189894035458565e-12,True
MARGEN_2X,conditional,run_70383794701c4f0fc157b2ed,1684454399999999999,10073.63771963096690445460000,10073.637719630968,0.0,True
MARGEN_2X,conditional,run_70383794701c4f0fc157b2ed,1684540799999999999,10073.63781512096690445460000,10073.637815120966,0.0,True
MARGEN_2X,conditional,run_70383794701c4f0fc157b2ed,1684627199999999999,10073.63788280096690445460000,10073.637882800967,0.0,True
MARGEN_2X,conditional,run_70383794701c4f0fc157b2ed,1684713599999999999,10073.63774699096690445460000,10073.637746990968,0.0,True
MARGEN_2X,conditional,run_70383794701c4f0fc157b2ed,1684799999999999999,10073.63786048096690445460000,10073.637860480967,0.0,True
MARGEN_2X,conditional,run_70383794701c4f0fc157b2ed,1684886399999999999,10073.63819231096690445460000,10073.638192310967,0.0,True
MARGEN_2X,conditional,run_70383794701c4f0fc157b2ed,1684972799999999999,10073.63770595096690445460000,10073.637705950967,0.0,True
MARGEN_2X,conditional,run_70383794701c4f0fc157b2ed,1685059199999999999,10073.63775680096690445460000,10073.637756800967,0.0,True
MARGEN_2X,conditional,run_70383794701c4f0fc157b2ed,1685145599999999999,10073.63795804096690445460000,10073.637958040967,0.0,True
MARGEN_2X,conditional,run_70383794701c4f0fc157b2ed,1685231999999999999,10073.63797487096690445460000,10073.637974870966,-1.8189894035458565e-12,True
MARGEN_2X,conditional,run_70383794701c4f0fc157b2ed,1685318399999999999,10073.63869235096690445460000,10073.638692350967,0.0,True
MARGEN_2X,conditional,run_70383794701c4f0fc157b2ed,1685404799999999999,10073.63853917096690445460000,10073.638539170966,0.0,True
MARGEN_2X,conditional,run_70383794701c4f0fc157b2ed,1685491199999999999,10073.63861108096690445460000,10073.638611080967,0.0,True
MARGEN_2X,conditional,run_70383794701c4f0fc157b2ed,1685577599999999999,10073.63836853096690445460000,10073.638368530967,0.0,True
MARGEN_2X,permanent,run_3f5d9cce8ff1c2ba5447e3b6,1682985599999999999,10307.00016528685763469229999,10307.000165286858,0.0,True
MARGEN_2X,permanent,run_3f5d9cce8ff1c2ba5447e3b6,1683071999999999999,10307.60051315435224139029999,10307.600513154353,1.8189894035458565e-12,True
MARGEN_2X,permanent,run_3f5d9cce8ff1c2ba5447e3b6,1683158399999999999,10308.09716332431229603379999,10308.097163324313,1.8189894035458565e-12,True
MARGEN_2X,permanent,run_3f5d9cce8ff1c2ba5447e3b6,1683244799999999999,10311.26047884633139562499999,10311.26047884633,-1.8189894035458565e-12,True
MARGEN_2X,permanent,run_3f5d9cce8ff1c2ba5447e3b6,1683331199999999999,10311.58719765797527203899999,10311.587197657975,0.0,True
MARGEN_2X,permanent,run_3f5d9cce8ff1c2ba5447e3b6,1683417599999999999,10314.21364827475481803899999,10314.213648274756,0.0,True
MARGEN_2X,permanent,run_3f5d9cce8ff1c2ba5447e3b6,1683503999999999999,10315.18366690211940354469999,10315.183666902118,-1.8189894035458565e-12,True
MARGEN_2X,permanent,run_3f5d9cce8ff1c2ba5447e3b6,1683590399999999999,10315.16029725412984276029999,10315.160297254131,1.8189894035458565e-12,True
MARGEN_2X,permanent,run_3f5d9cce8ff1c2ba5447e3b6,1683676799999999999,10316.07610349177420946399999,10316.076103491772,-1.8189894035458565e-12,True
MARGEN_2X,permanent,run_3f5d9cce8ff1c2ba5447e3b6,1683763199999999999,10316.86441864844714845199999,10316.864418648449,1.8189894035458565e-12,True
MARGEN_2X,permanent,run_3f5d9cce8ff1c2ba5447e3b6,1683849599999999999,10317.79936182428690762089999,10317.799361824287,0.0,True
MARGEN_2X,permanent,run_3f5d9cce8ff1c2ba5447e3b6,1683935999999999999,10317.34382082831057274059999,10317.343820828311,0.0,True
MARGEN_2X,permanent,run_3f5d9cce8ff1c2ba5447e3b6,1684022399999999999,10317.69185685014909292969999,10317.691856850151,1.8189894035458565e-12,True
MARGEN_2X,permanent,run_3f5d9cce8ff1c2ba5447e3b6,1684108799999999999,10318.49119976700175207739999,10318.491199767002,0.0,True
MARGEN_2X,permanent,run_3f5d9cce8ff1c2ba5447e3b6,1684195199999999999,10318.13358784650770822529999,10318.133587846507,0.0,True
MARGEN_2X,permanent,run_3f5d9cce8ff1c2ba5447e3b6,1684281599999999999,10318.89133709262200822529999,10318.891337092622,0.0,True
MARGEN_2X,permanent,run_3f5d9cce8ff1c2ba5447e3b6,1684367999999999999,10319.57182304978248481289999,10319.571823049782,0.0,True
MARGEN_2X,permanent,run_3f5d9cce8ff1c2ba5447e3b6,1684454399999999999,10321.58738195208381281289999,10321.587381952086,1.8189894035458565e-12,True
MARGEN_2X,permanent,run_3f5d9cce8ff1c2ba5447e3b6,1684540799999999999,10322.51921311872408137329999,10322.519213118725,1.8189894035458565e-12,True
MARGEN_2X,permanent,run_3f5d9cce8ff1c2ba5447e3b6,1684627199999999999,10322.57061608177910769649999,10322.57061608178,1.8189894035458565e-12,True
MARGEN_2X,permanent,run_3f5d9cce8ff1c2ba5447e3b6,1684713599999999999,10323.36865466040746839439999,10323.36865466041,1.8189894035458565e-12,True
MARGEN_2X,permanent,run_3f5d9cce8ff1c2ba5447e3b6,1684799999999999999,10324.17517164906266734449999,10324.175171649063,0.0,True
MARGEN_2X,permanent,run_3f5d9cce8ff1c2ba5447e3b6,1684886399999999999,10325.07551931368817134449999,10325.075519313687,-1.8189894035458565e-12,True
MARGEN_2X,permanent,run_3f5d9cce8ff1c2ba5447e3b6,1684972799999999999,10327.41438875350611943249999,10327.414388753507,0.0,True
MARGEN_2X,permanent,run_3f5d9cce8ff1c2ba5447e3b6,1685059199999999999,10327.47818594341701635999999,10327.478185943419,1.8189894035458565e-12,True
MARGEN_2X,permanent,run_3f5d9cce8ff1c2ba5447e3b6,1685145599999999999,10328.99308107197124914459999,10328.993081071972,1.8189894035458565e-12,True
MARGEN_2X,permanent,run_3f5d9cce8ff1c2ba5447e3b6,1685231999999999999,10330.03669839153229207939999,10330.036698391532,0.0,True
MARGEN_2X,permanent,run_3f5d9cce8ff1c2ba5447e3b6,1685318399999999999,10330.17587256218575599939999,10330.175872562186,0.0,True
MARGEN_2X,permanent,run_3f5d9cce8ff1c2ba5447e3b6,1685404799999999999,10333.35996405427463599939999,10333.359964054274,0.0,True
MARGEN_2X,permanent,run_3f5d9cce8ff1c2ba5447e3b6,1685491199999999999,10333.93179157997394988819999,10333.931791579975,0.0,True
MARGEN_2X,permanent,run_3f5d9cce8ff1c2ba5447e3b6,1685577599999999999,10334.94007326254367416259999,10334.940073262544,0.0,True
BASE_E3,conditional,run_ad71d751b20623006c195ff3,1685663999999999999,10073.63825954096690445460000,10073.638259540967,0.0,True
BASE_E3,conditional,run_ad71d751b20623006c195ff3,1685750399999999999,10073.63866436096690445460000,10073.638664360968,0.0,True
BASE_E3,conditional,run_ad71d751b20623006c195ff3,1685836799999999999,10073.63853431096690445460000,10073.638534310967,0.0,True
BASE_E3,conditional,run_ad71d751b20623006c195ff3,1685923199999999999,10073.63852135096690445460000,10073.638521350967,0.0,True
BASE_E3,conditional,run_ad71d751b20623006c195ff3,1686009599999999999,10073.63780855096690445460000,10073.637808550968,0.0,True
BASE_E3,conditional,run_ad71d751b20623006c195ff3,1686095999999999999,10073.63846447096690445460000,10073.638464470967,0.0,True
BASE_E3,conditional,run_ad71d751b20623006c195ff3,1686182399999999999,10073.63799566096690445460000,10073.637995660967,0.0,True
BASE_E3,conditional,run_ad71d751b20623006c195ff3,1686268799999999999,10073.63811671096690445460000,10073.638116710967,0.0,True
BASE_E3,conditional,run_ad71d751b20623006c195ff3,1686355199999999999,10073.63806928096690445460000,10073.638069280967,0.0,True
BASE_E3,conditional,run_ad71d751b20623006c195ff3,1686441599999999999,10073.63727053096690445460000,10073.637270530968,0.0,True
BASE_E3,conditional,run_ad71d751b20623006c195ff3,1686527999999999999,10073.63728178096690445460000,10073.637281780966,0.0,True
BASE_E3,conditional,run_ad71d751b20623006c195ff3,1686614399999999999,10073.63718899096690445460000,10073.637188990966,0.0,True
BASE_E3,conditional,run_ad71d751b20623006c195ff3,1686700799999999999,10073.63715911096690445460000,10073.637159110967,0.0,True
BASE_E3,conditional,run_ad71d751b20623006c195ff3,1686787199999999999,10073.63636486096690445460000,10073.636364860968,0.0,True
BASE_E3,conditional,run_ad71d751b20623006c195ff3,1686873599999999999,10073.63650841096690445460000,10073.636508410968,0.0,True
BASE_E3,conditional,run_ad71d751b20623006c195ff3,1686959999999999999,10073.63696705096690445460000,10073.636967050967,0.0,True
BASE_E3,conditional,run_ad71d751b20623006c195ff3,1687046399999999999,10073.63705561096690445460000,10073.637055610967,0.0,True
BASE_E3,conditional,run_ad71d751b20623006c195ff3,1687132799999999999,10073.63699441096690445460000,10073.636994410967,0.0,True
BASE_E3,conditional,run_ad71d751b20623006c195ff3,1687219199999999999,10073.63714516096690445460000,10073.637145160967,0.0,True
BASE_E3,conditional,run_ad71d751b20623006c195ff3,1687305599999999999,10073.63762972096690445460000,10073.637629720966,0.0,True
BASE_E3,conditional,run_ad71d751b20623006c195ff3,1687391999999999999,10073.63852144096690445460000,10073.638521440967,0.0,True
BASE_E3,conditional,run_ad71d751b20623006c195ff3,1687478399999999999,10073.63836178096690445460000,10073.638361780966,0.0,True
BASE_E3,conditional,run_ad71d751b20623006c195ff3,1687564799999999999,10073.63853350096690445460000,10073.638533500967,0.0,True
BASE_E3,conditional,run_ad71d751b20623006c195ff3,1687651199999999999,10073.63838032096690445460000,10073.638380320966,0.0,True
BASE_E3,conditional,run_ad71d751b20623006c195ff3,1687737599999999999,10073.63859929096690445460000,10073.638599290967,0.0,True
BASE_E3,conditional,run_ad71d751b20623006c195ff3,1687823999999999999,10073.63823659096690445460000,10073.638236590967,0.0,True
BASE_E3,conditional,run_ad71d751b20623006c195ff3,1687910399999999999,10073.63850893096690445460000,10073.638508930966,0.0,True
BASE_E3,conditional,run_ad71d751b20623006c195ff3,1687996799999999999,10073.63795750096690445460000,10073.637957500967,0.0,True
BASE_E3,conditional,run_ad71d751b20623006c195ff3,1688083199999999999,10073.63817287096690445460000,10073.638172870968,0.0,True
BASE_E3,conditional,run_ad71d751b20623006c195ff3,1688169599999999999,10073.63890286096690445460000,10073.638902860966,0.0,True
BASE_E3,permanent,run_dfea4b7ac1475668d5968c97,1685663999999999999,10336.83279998211363284719999,10336.832799982114,0.0,True
BASE_E3,permanent,run_dfea4b7ac1475668d5968c97,1685750399999999999,10338.00466102979252888899999,10338.004661029792,0.0,True
BASE_E3,permanent,run_dfea4b7ac1475668d5968c97,1685836799999999999,10338.54081310630254558239999,10338.540813106301,-1.8189894035458565e-12,True
BASE_E3,permanent,run_dfea4b7ac1475668d5968c97,1685923199999999999,10341.08106978305436709459999,10341.081069783057,1.8189894035458565e-12,True
BASE_E3,permanent,run_dfea4b7ac1475668d5968c97,1686009599999999999,10341.54599825295796660029999,10341.54599825296,1.8189894035458565e-12,True
BASE_E3,permanent,run_dfea4b7ac1475668d5968c97,1686095999999999999,10341.74727211641977990909999,10341.74727211642,0.0,True
BASE_E3,permanent,run_dfea4b7ac1475668d5968c97,1686182399999999999,10343.37829284984168790909999,10343.37829284984,-1.8189894035458565e-12,True
BASE_E3,permanent,run_dfea4b7ac1475668d5968c97,1686268799999999999,10343.74518050669065599329999,10343.745180506692,1.8189894035458565e-12,True
BASE_E3,permanent,run_dfea4b7ac1475668d5968c97,1686355199999999999,10344.62133292708435533369999,10344.621332927083,-1.8189894035458565e-12,True
BASE_E3,permanent,run_dfea4b7ac1475668d5968c97,1686441599999999999,10346.17023302995627314209999,10346.170233029958,1.8189894035458565e-12,True
BASE_E3,permanent,run_dfea4b7ac1475668d5968c97,1686527999999999999,10346.38159882087053000309999,10346.38159882087,0.0,True
BASE_E3,permanent,run_dfea4b7ac1475668d5968c97,1686614399999999999,10347.31485637209192204049999,10347.314856372093,1.8189894035458565e-12,True
BASE_E3,permanent,run_dfea4b7ac1475668d5968c97,1686700799999999999,10348.60301316857074013889999,10348.603013168571,0.0,True
BASE_E3,permanent,run_dfea4b7ac1475668d5968c97,1686787199999999999,10349.21496991816812954809999,10349.214969918166,-1.8189894035458565e-12,True
BASE_E3,permanent,run_dfea4b7ac1475668d5968c97,1686873599999999999,10349.84879346407601976009999,10349.848793464076,0.0,True
BASE_E3,permanent,run_dfea4b7ac1475668d5968c97,1686959999999999999,10348.20116201606110561809999,10348.201162016063,1.8189894035458565e-12,True
BASE_E3,permanent,run_dfea4b7ac1475668d5968c97,1687046399999999999,10350.33812576712043658209999,10350.33812576712,0.0,True
BASE_E3,permanent,run_dfea4b7ac1475668d5968c97,1687132799999999999,10350.89835445560138820609999,10350.898354455603,1.8189894035458565e-12,True
BASE_E3,permanent,run_dfea4b7ac1475668d5968c97,1687219199999999999,10352.02484977700506771409999,10352.024849777004,0.0,True
BASE_E3,permanent,run_dfea4b7ac1475668d5968c97,1687305599999999999,10352.65982690829353902509999,10352.659826908293,0.0,True
BASE_E3,permanent,run_dfea4b7ac1475668d5968c97,1687391999999999999,10351.57915809732107309829999,10351.579158097322,0.0,True
BASE_E3,permanent,run_dfea4b7ac1475668d5968c97,1687478399999999999,10353.94305045217500909829999,10353.943050452175,0.0,True
BASE_E3,permanent,run_dfea4b7ac1475668d5968c97,1687564799999999999,10355.26638417102759609829999,10355.266384171027,0.0,True
BASE_E3,permanent,run_dfea4b7ac1475668d5968c97,1687651199999999999,10356.41534232746922009829999,10356.41534232747,0.0,True
BASE_E3,permanent,run_dfea4b7ac1475668d5968c97,1687737599999999999,10358.81751572618737109829999,10358.817515726187,0.0,True
BASE_E3,permanent,run_dfea4b7ac1475668d5968c97,1687823999999999999,10360.83031213275405384589999,10360.830312132755,1.8189894035458565e-12,True
BASE_E3,permanent,run_dfea4b7ac1475668d5968c97,1687910399999999999,10361.63635548538725384589999,10361.636355485387,0.0,True
BASE_E3,permanent,run_dfea4b7ac1475668d5968c97,1687996799999999999,10363.89016670134825384589999,10363.890166701347,-1.8189894035458565e-12,True
BASE_E3,permanent,run_dfea4b7ac1475668d5968c97,1688083199999999999,10364.99468562908270476509999,10364.994685629083,0.0,True
BASE_E3,permanent,run_dfea4b7ac1475668d5968c97,1688169599999999999,10365.51758113257887676509999,10365.517581132579,0.0,True
MARGEN_2X,conditional,run_70383794701c4f0fc157b2ed,1685663999999999999,10073.63825954096690445460000,10073.638259540967,0.0,True
MARGEN_2X,conditional,run_70383794701c4f0fc157b2ed,1685750399999999999,10073.63866436096690445460000,10073.638664360968,0.0,True
MARGEN_2X,conditional,run_70383794701c4f0fc157b2ed,1685836799999999999,10073.63853431096690445460000,10073.638534310967,0.0,True
MARGEN_2X,conditional,run_70383794701c4f0fc157b2ed,1685923199999999999,10073.63852135096690445460000,10073.638521350967,0.0,True
MARGEN_2X,conditional,run_70383794701c4f0fc157b2ed,1686009599999999999,10073.63780855096690445460000,10073.637808550968,0.0,True
MARGEN_2X,conditional,run_70383794701c4f0fc157b2ed,1686095999999999999,10073.63846447096690445460000,10073.638464470967,0.0,True
MARGEN_2X,conditional,run_70383794701c4f0fc157b2ed,1686182399999999999,10073.63799566096690445460000,10073.637995660967,0.0,True
MARGEN_2X,conditional,run_70383794701c4f0fc157b2ed,1686268799999999999,10073.63811671096690445460000,10073.638116710967,0.0,True
MARGEN_2X,conditional,run_70383794701c4f0fc157b2ed,1686355199999999999,10073.63806928096690445460000,10073.638069280967,0.0,True
MARGEN_2X,conditional,run_70383794701c4f0fc157b2ed,1686441599999999999,10073.63727053096690445460000,10073.637270530968,0.0,True
MARGEN_2X,conditional,run_70383794701c4f0fc157b2ed,1686527999999999999,10073.63728178096690445460000,10073.637281780966,0.0,True
MARGEN_2X,conditional,run_70383794701c4f0fc157b2ed,1686614399999999999,10073.63718899096690445460000,10073.637188990966,0.0,True
MARGEN_2X,conditional,run_70383794701c4f0fc157b2ed,1686700799999999999,10073.63715911096690445460000,10073.637159110967,0.0,True
MARGEN_2X,conditional,run_70383794701c4f0fc157b2ed,1686787199999999999,10073.63636486096690445460000,10073.636364860968,0.0,True
MARGEN_2X,conditional,run_70383794701c4f0fc157b2ed,1686873599999999999,10073.63650841096690445460000,10073.636508410968,0.0,True
MARGEN_2X,conditional,run_70383794701c4f0fc157b2ed,1686959999999999999,10073.63696705096690445460000,10073.636967050967,0.0,True
MARGEN_2X,conditional,run_70383794701c4f0fc157b2ed,1687046399999999999,10073.63705561096690445460000,10073.637055610967,0.0,True
MARGEN_2X,conditional,run_70383794701c4f0fc157b2ed,1687132799999999999,10073.63699441096690445460000,10073.636994410967,0.0,True
MARGEN_2X,conditional,run_70383794701c4f0fc157b2ed,1687219199999999999,10073.63714516096690445460000,10073.637145160967,0.0,True
MARGEN_2X,conditional,run_70383794701c4f0fc157b2ed,1687305599999999999,10073.63762972096690445460000,10073.637629720966,0.0,True
MARGEN_2X,conditional,run_70383794701c4f0fc157b2ed,1687391999999999999,10073.63852144096690445460000,10073.638521440967,0.0,True
MARGEN_2X,conditional,run_70383794701c4f0fc157b2ed,1687478399999999999,10073.63836178096690445460000,10073.638361780966,0.0,True
MARGEN_2X,conditional,run_70383794701c4f0fc157b2ed,1687564799999999999,10073.63853350096690445460000,10073.638533500967,0.0,True
MARGEN_2X,conditional,run_70383794701c4f0fc157b2ed,1687651199999999999,10073.63838032096690445460000,10073.638380320966,0.0,True
MARGEN_2X,conditional,run_70383794701c4f0fc157b2ed,1687737599999999999,10073.63859929096690445460000,10073.638599290967,0.0,True
MARGEN_2X,conditional,run_70383794701c4f0fc157b2ed,1687823999999999999,10073.63823659096690445460000,10073.638236590967,0.0,True
MARGEN_2X,conditional,run_70383794701c4f0fc157b2ed,1687910399999999999,10073.63850893096690445460000,10073.638508930966,0.0,True
MARGEN_2X,conditional,run_70383794701c4f0fc157b2ed,1687996799999999999,10073.63795750096690445460000,10073.637957500967,0.0,True
MARGEN_2X,conditional,run_70383794701c4f0fc157b2ed,1688083199999999999,10073.63817287096690445460000,10073.638172870968,0.0,True
MARGEN_2X,conditional,run_70383794701c4f0fc157b2ed,1688169599999999999,10073.63890286096690445460000,10073.638902860966,0.0,True
MARGEN_2X,permanent,run_3f5d9cce8ff1c2ba5447e3b6,1685663999999999999,10336.83279998211363284719999,10336.832799982114,0.0,True
MARGEN_2X,permanent,run_3f5d9cce8ff1c2ba5447e3b6,1685750399999999999,10338.00466102979252888899999,10338.004661029792,0.0,True
MARGEN_2X,permanent,run_3f5d9cce8ff1c2ba5447e3b6,1685836799999999999,10338.54081310630254558239999,10338.540813106301,-1.8189894035458565e-12,True
MARGEN_2X,permanent,run_3f5d9cce8ff1c2ba5447e3b6,1685923199999999999,10341.08106978305436709459999,10341.081069783057,1.8189894035458565e-12,True
MARGEN_2X,permanent,run_3f5d9cce8ff1c2ba5447e3b6,1686009599999999999,10341.54599825295796660029999,10341.54599825296,1.8189894035458565e-12,True
MARGEN_2X,permanent,run_3f5d9cce8ff1c2ba5447e3b6,1686095999999999999,10341.74727211641977990909999,10341.74727211642,0.0,True
MARGEN_2X,permanent,run_3f5d9cce8ff1c2ba5447e3b6,1686182399999999999,10343.37829284984168790909999,10343.37829284984,-1.8189894035458565e-12,True
MARGEN_2X,permanent,run_3f5d9cce8ff1c2ba5447e3b6,1686268799999999999,10343.74518050669065599329999,10343.745180506692,1.8189894035458565e-12,True
MARGEN_2X,permanent,run_3f5d9cce8ff1c2ba5447e3b6,1686355199999999999,10344.62133292708435533369999,10344.621332927083,-1.8189894035458565e-12,True
MARGEN_2X,permanent,run_3f5d9cce8ff1c2ba5447e3b6,1686441599999999999,10346.17023302995627314209999,10346.170233029958,1.8189894035458565e-12,True
MARGEN_2X,permanent,run_3f5d9cce8ff1c2ba5447e3b6,1686527999999999999,10346.38159882087053000309999,10346.38159882087,0.0,True
MARGEN_2X,permanent,run_3f5d9cce8ff1c2ba5447e3b6,1686614399999999999,10347.31485637209192204049999,10347.314856372093,1.8189894035458565e-12,True
MARGEN_2X,permanent,run_3f5d9cce8ff1c2ba5447e3b6,1686700799999999999,10348.60301316857074013889999,10348.603013168571,0.0,True
MARGEN_2X,permanent,run_3f5d9cce8ff1c2ba5447e3b6,1686787199999999999,10349.21496991816812954809999,10349.214969918166,-1.8189894035458565e-12,True
MARGEN_2X,permanent,run_3f5d9cce8ff1c2ba5447e3b6,1686873599999999999,10349.84879346407601976009999,10349.848793464076,0.0,True
MARGEN_2X,permanent,run_3f5d9cce8ff1c2ba5447e3b6,1686959999999999999,10348.20116201606110561809999,10348.201162016063,1.8189894035458565e-12,True
MARGEN_2X,permanent,run_3f5d9cce8ff1c2ba5447e3b6,1687046399999999999,10350.33812576712043658209999,10350.33812576712,0.0,True
MARGEN_2X,permanent,run_3f5d9cce8ff1c2ba5447e3b6,1687132799999999999,10350.89835445560138820609999,10350.898354455603,1.8189894035458565e-12,True
MARGEN_2X,permanent,run_3f5d9cce8ff1c2ba5447e3b6,1687219199999999999,10352.02484977700506771409999,10352.024849777004,0.0,True
MARGEN_2X,permanent,run_3f5d9cce8ff1c2ba5447e3b6,1687305599999999999,10352.65982690829353902509999,10352.659826908293,0.0,True
MARGEN_2X,permanent,run_3f5d9cce8ff1c2ba5447e3b6,1687391999999999999,10351.57915809732107309829999,10351.579158097322,0.0,True
MARGEN_2X,permanent,run_3f5d9cce8ff1c2ba5447e3b6,1687478399999999999,10353.94305045217500909829999,10353.943050452175,0.0,True
MARGEN_2X,permanent,run_3f5d9cce8ff1c2ba5447e3b6,1687564799999999999,10355.26638417102759609829999,10355.266384171027,0.0,True
MARGEN_2X,permanent,run_3f5d9cce8ff1c2ba5447e3b6,1687651199999999999,10356.41534232746922009829999,10356.41534232747,0.0,True
MARGEN_2X,permanent,run_3f5d9cce8ff1c2ba5447e3b6,1687737599999999999,10358.81751572618737109829999,10358.817515726187,0.0,True
MARGEN_2X,permanent,run_3f5d9cce8ff1c2ba5447e3b6,1687823999999999999,10360.83031213275405384589999,10360.830312132755,1.8189894035458565e-12,True
MARGEN_2X,permanent,run_3f5d9cce8ff1c2ba5447e3b6,1687910399999999999,10361.63635548538725384589999,10361.636355485387,0.0,True
MARGEN_2X,permanent,run_3f5d9cce8ff1c2ba5447e3b6,1687996799999999999,10363.89016670134825384589999,10363.890166701347,-1.8189894035458565e-12,True
MARGEN_2X,permanent,run_3f5d9cce8ff1c2ba5447e3b6,1688083199999999999,10364.99468562908270476509999,10364.994685629083,0.0,True
MARGEN_2X,permanent,run_3f5d9cce8ff1c2ba5447e3b6,1688169599999999999,10365.51758113257887676509999,10365.517581132579,0.0,True
BASE_E3,conditional,run_ad71d751b20623006c195ff3,1688255999999999999,10073.63882645096690445460000,10073.638826450966,0.0,True
BASE_E3,conditional,run_ad71d751b20623006c195ff3,1688342399999999999,10073.63894093096690445460000,10073.638940930967,0.0,True
BASE_E3,conditional,run_ad71d751b20623006c195ff3,1688428799999999999,10073.63910761096690445460000,10073.639107610967,0.0,True
BASE_E3,conditional,run_ad71d751b20623006c195ff3,1688515199999999999,10073.63892977096690445460000,10073.638929770967,0.0,True
BASE_E3,conditional,run_ad71d751b20623006c195ff3,1688601599999999999,10073.63869820096690445460000,10073.638698200966,0.0,True
BASE_E3,conditional,run_ad71d751b20623006c195ff3,1688687999999999999,10073.63814137096690445460000,10073.638141370966,-1.8189894035458565e-12,True
BASE_E3,conditional,run_ad71d751b20623006c195ff3,1688774399999999999,10073.63834405096690445460000,10073.638344050967,0.0,True
BASE_E3,conditional,run_ad71d751b20623006c195ff3,1688860799999999999,10073.63829302096690445460000,10073.638293020967,0.0,True
BASE_E3,conditional,run_ad71d751b20623006c195ff3,1688947199999999999,10073.63827187096690445460000,10073.638271870966,0.0,True
BASE_E3,conditional,run_ad71d751b20623006c195ff3,1689033599999999999,10073.63842955096690445460000,10073.638429550967,0.0,True
BASE_E3,conditional,run_ad71d751b20623006c195ff3,1689119999999999999,10073.63840867096690445460000,10073.638408670968,0.0,True
BASE_E3,conditional,run_ad71d751b20623006c195ff3,1689206399999999999,10073.63835575096690445460000,10073.638355750967,0.0,True
BASE_E3,conditional,run_ad71d751b20623006c195ff3,1689292799999999999,10073.63955626096690445460000,10073.639556260967,0.0,True
BASE_E3,conditional,run_ad71d751b20623006c195ff3,1689379199999999999,10073.63894615096690445460000,10073.638946150966,0.0,True
BASE_E3,conditional,run_ad71d751b20623006c195ff3,1689465599999999999,10073.63888603096690445460000,10073.638886030967,0.0,True
BASE_E3,conditional,run_ad71d751b20623006c195ff3,1689551999999999999,10073.63880710096690445460000,10073.638807100966,0.0,True
BASE_E3,conditional,run_ad71d751b20623006c195ff3,1689638399999999999,10073.63870666096690445460000,10073.638706660968,0.0,True
BASE_E3,conditional,run_ad71d751b20623006c195ff3,1689724799999999999,10073.63858390096690445460000,10073.638583900967,0.0,True
BASE_E3,conditional,run_ad71d751b20623006c195ff3,1689811199999999999,10073.63850020096690445460000,10073.638500200967,0.0,True
BASE_E3,conditional,run_ad71d751b20623006c195ff3,1689897599999999999,10073.63852378096690445460000,10073.638523780966,0.0,True
BASE_E3,conditional,run_ad71d751b20623006c195ff3,1689983999999999999,10073.63852999096690445460000,10073.638529990967,0.0,True
BASE_E3,conditional,run_ad71d751b20623006c195ff3,1690070399999999999,10073.63829770096690445460000,10073.638297700967,0.0,True
BASE_E3,conditional,run_ad71d751b20623006c195ff3,1690156799999999999,10073.63851046096690445460000,10073.638510460967,0.0,True
BASE_E3,conditional,run_ad71d751b20623006c195ff3,1690243199999999999,10073.63815514096690445460000,10073.638155140967,0.0,True
BASE_E3,conditional,run_ad71d751b20623006c195ff3,1690329599999999999,10073.63822606096690445460000,10073.638226060966,0.0,True
BASE_E3,conditional,run_ad71d751b20623006c195ff3,1690415999999999999,10073.63835386096690445460000,10073.638353860966,0.0,True
BASE_E3,conditional,run_ad71d751b20623006c195ff3,1690502399999999999,10073.63825747096690445460000,10073.638257470966,-1.8189894035458565e-12,True
BASE_E3,conditional,run_ad71d751b20623006c195ff3,1690588799999999999,10073.63837393096690445460000,10073.638373930968,0.0,True
BASE_E3,conditional,run_ad71d751b20623006c195ff3,1690675199999999999,10073.63843000096690445460000,10073.638430000967,0.0,True
BASE_E3,conditional,run_ad71d751b20623006c195ff3,1690761599999999999,10073.63826188096690445460000,10073.638261880968,0.0,True
BASE_E3,conditional,run_ad71d751b20623006c195ff3,1690847999999999999,10073.63821103096690445460000,10073.638211030966,-1.8189894035458565e-12,True
BASE_E3,permanent,run_dfea4b7ac1475668d5968c97,1688255999999999999,10368.03529246100431076509999,10368.035292461003,-1.8189894035458565e-12,True
BASE_E3,permanent,run_dfea4b7ac1475668d5968c97,1688342399999999999,10368.26224751256975276509999,10368.26224751257,0.0,True
BASE_E3,permanent,run_dfea4b7ac1475668d5968c97,1688428799999999999,10371.62834165048198476509999,10371.628341650481,0.0,True
BASE_E3,permanent,run_dfea4b7ac1475668d5968c97,1688515199999999999,10373.50398719688381676509999,10373.503987196882,-1.8189894035458565e-12,True
BASE_E3,permanent,run_dfea4b7ac1475668d5968c97,1688601599999999999,10375.87067634571381676509999,10375.870676345714,0.0,True
BASE_E3,permanent,run_dfea4b7ac1475668d5968c97,1688687999999999999,10378.66791759847273602949999,10378.667917598474,1.8189894035458565e-12,True
BASE_E3,permanent,run_dfea4b7ac1475668d5968c97,1688774399999999999,10378.38191433880923792249999,10378.38191433881,0.0,True
BASE_E3,permanent,run_dfea4b7ac1475668d5968c97,1688860799999999999,10378.40357814321918406259999,10378.40357814322,0.0,True
BASE_E3,permanent,run_dfea4b7ac1475668d5968c97,1688947199999999999,10379.69117099054893578709999,10379.69117099055,1.8189894035458565e-12,True
BASE_E3,permanent,run_dfea4b7ac1475668d5968c97,1689033599999999999,10380.49722363735102622069999,10380.49722363735,0.0,True
BASE_E3,permanent,run_dfea4b7ac1475668d5968c97,1689119999999999999,10381.23277268106602060509999,10381.232772681065,0.0,True
BASE_E3,permanent,run_dfea4b7ac1475668d5968c97,1689206399999999999,10382.56338175854026453309999,10382.56338175854,0.0,True
BASE_E3,permanent,run_dfea4b7ac1475668d5968c97,1689292799999999999,10381.19960188049736363789999,10381.199601880495,-1.8189894035458565e-12,True
BASE_E3,permanent,run_dfea4b7ac1475668d5968c97,1689379199999999999,10385.61572610580660863789999,10385.615726105805,-1.8189894035458565e-12,True
BASE_E3,permanent,run_dfea4b7ac1475668d5968c97,1689465599999999999,10385.30293067556145948989999,10385.302930675563,1.8189894035458565e-12,True
BASE_E3,permanent,run_dfea4b7ac1475668d5968c97,1689551999999999999,10386.51590751417087787479999,10386.51590751417,-1.8189894035458565e-12,True
BASE_E3,permanent,run_dfea4b7ac1475668d5968c97,1689638399999999999,10387.11718436824726252059999,10387.117184368248,0.0,True
BASE_E3,permanent,run_dfea4b7ac1475668d5968c97,1689724799999999999,10387.67238295539648045999999,10387.672382955398,1.8189894035458565e-12,True
BASE_E3,permanent,run_dfea4b7ac1475668d5968c97,1689811199999999999,10389.93889086677018571759999,10389.93889086677,0.0,True
BASE_E3,permanent,run_dfea4b7ac1475668d5968c97,1689897599999999999,10391.30361853015919383909999,10391.303618530159,0.0,True
BASE_E3,permanent,run_dfea4b7ac1475668d5968c97,1689983999999999999,10391.66048754624902555029999,10391.660487546247,-1.8189894035458565e-12,True
BASE_E3,permanent,run_dfea4b7ac1475668d5968c97,1690070399999999999,10391.64782791305665842089999,10391.647827913059,1.8189894035458565e-12,True
BASE_E3,permanent,run_dfea4b7ac1475668d5968c97,1690156799999999999,10392.42331406909436634029999,10392.423314069094,0.0,True
BASE_E3,permanent,run_dfea4b7ac1475668d5968c97,1690243199999999999,10394.24871682648039826609999,10394.248716826482,1.8189894035458565e-12,True
BASE_E3,permanent,run_dfea4b7ac1475668d5968c97,1690329599999999999,10395.38232548273874571809999,10395.382325482738,0.0,True
BASE_E3,permanent,run_dfea4b7ac1475668d5968c97,1690415999999999999,10397.15519848205179190069999,10397.155198482053,0.0,True
BASE_E3,permanent,run_dfea4b7ac1475668d5968c97,1690502399999999999,10397.32332488180407980549999,10397.323324881803,0.0,True
BASE_E3,permanent,run_dfea4b7ac1475668d5968c97,1690588799999999999,10399.07308634409203586739999,10399.073086344091,0.0,True
BASE_E3,permanent,run_dfea4b7ac1475668d5968c97,1690675199999999999,10399.03443185617161293339999,10399.034431856171,0.0,True
BASE_E3,permanent,run_dfea4b7ac1475668d5968c97,1690761599999999999,10401.39207762501975975659999,10401.39207762502,0.0,True
BASE_E3,permanent,run_dfea4b7ac1475668d5968c97,1690847999999999999,10401.85927226280724239519999,10401.859272262807,0.0,True
MARGEN_2X,conditional,run_70383794701c4f0fc157b2ed,1688255999999999999,10073.63882645096690445460000,10073.638826450966,0.0,True
MARGEN_2X,conditional,run_70383794701c4f0fc157b2ed,1688342399999999999,10073.63894093096690445460000,10073.638940930967,0.0,True
MARGEN_2X,conditional,run_70383794701c4f0fc157b2ed,1688428799999999999,10073.63910761096690445460000,10073.639107610967,0.0,True
MARGEN_2X,conditional,run_70383794701c4f0fc157b2ed,1688515199999999999,10073.63892977096690445460000,10073.638929770967,0.0,True
MARGEN_2X,conditional,run_70383794701c4f0fc157b2ed,1688601599999999999,10073.63869820096690445460000,10073.638698200966,0.0,True
MARGEN_2X,conditional,run_70383794701c4f0fc157b2ed,1688687999999999999,10073.63814137096690445460000,10073.638141370966,-1.8189894035458565e-12,True
MARGEN_2X,conditional,run_70383794701c4f0fc157b2ed,1688774399999999999,10073.63834405096690445460000,10073.638344050967,0.0,True
MARGEN_2X,conditional,run_70383794701c4f0fc157b2ed,1688860799999999999,10073.63829302096690445460000,10073.638293020967,0.0,True
MARGEN_2X,conditional,run_70383794701c4f0fc157b2ed,1688947199999999999,10073.63827187096690445460000,10073.638271870966,0.0,True
MARGEN_2X,conditional,run_70383794701c4f0fc157b2ed,1689033599999999999,10073.63842955096690445460000,10073.638429550967,0.0,True
MARGEN_2X,conditional,run_70383794701c4f0fc157b2ed,1689119999999999999,10073.63840867096690445460000,10073.638408670968,0.0,True
MARGEN_2X,conditional,run_70383794701c4f0fc157b2ed,1689206399999999999,10073.63835575096690445460000,10073.638355750967,0.0,True
MARGEN_2X,conditional,run_70383794701c4f0fc157b2ed,1689292799999999999,10073.63955626096690445460000,10073.639556260967,0.0,True
MARGEN_2X,conditional,run_70383794701c4f0fc157b2ed,1689379199999999999,10073.63894615096690445460000,10073.638946150966,0.0,True
MARGEN_2X,conditional,run_70383794701c4f0fc157b2ed,1689465599999999999,10073.63888603096690445460000,10073.638886030967,0.0,True
MARGEN_2X,conditional,run_70383794701c4f0fc157b2ed,1689551999999999999,10073.63880710096690445460000,10073.638807100966,0.0,True
MARGEN_2X,conditional,run_70383794701c4f0fc157b2ed,1689638399999999999,10073.63870666096690445460000,10073.638706660968,0.0,True
MARGEN_2X,conditional,run_70383794701c4f0fc157b2ed,1689724799999999999,10073.63858390096690445460000,10073.638583900967,0.0,True
MARGEN_2X,conditional,run_70383794701c4f0fc157b2ed,1689811199999999999,10073.63850020096690445460000,10073.638500200967,0.0,True
MARGEN_2X,conditional,run_70383794701c4f0fc157b2ed,1689897599999999999,10073.63852378096690445460000,10073.638523780966,0.0,True
MARGEN_2X,conditional,run_70383794701c4f0fc157b2ed,1689983999999999999,10073.63852999096690445460000,10073.638529990967,0.0,True
MARGEN_2X,conditional,run_70383794701c4f0fc157b2ed,1690070399999999999,10073.63829770096690445460000,10073.638297700967,0.0,True
MARGEN_2X,conditional,run_70383794701c4f0fc157b2ed,1690156799999999999,10073.63851046096690445460000,10073.638510460967,0.0,True
MARGEN_2X,conditional,run_70383794701c4f0fc157b2ed,1690243199999999999,10073.63815514096690445460000,10073.638155140967,0.0,True
MARGEN_2X,conditional,run_70383794701c4f0fc157b2ed,1690329599999999999,10073.63822606096690445460000,10073.638226060966,0.0,True
MARGEN_2X,conditional,run_70383794701c4f0fc157b2ed,1690415999999999999,10073.63835386096690445460000,10073.638353860966,0.0,True
MARGEN_2X,conditional,run_70383794701c4f0fc157b2ed,1690502399999999999,10073.63825747096690445460000,10073.638257470966,-1.8189894035458565e-12,True
MARGEN_2X,conditional,run_70383794701c4f0fc157b2ed,1690588799999999999,10073.63837393096690445460000,10073.638373930968,0.0,True
MARGEN_2X,conditional,run_70383794701c4f0fc157b2ed,1690675199999999999,10073.63843000096690445460000,10073.638430000967,0.0,True
MARGEN_2X,conditional,run_70383794701c4f0fc157b2ed,1690761599999999999,10073.63826188096690445460000,10073.638261880968,0.0,True
MARGEN_2X,conditional,run_70383794701c4f0fc157b2ed,1690847999999999999,10073.63821103096690445460000,10073.638211030966,-1.8189894035458565e-12,True
MARGEN_2X,permanent,run_3f5d9cce8ff1c2ba5447e3b6,1688255999999999999,10368.03529246100431076509999,10368.035292461003,-1.8189894035458565e-12,True
MARGEN_2X,permanent,run_3f5d9cce8ff1c2ba5447e3b6,1688342399999999999,10368.26224751256975276509999,10368.26224751257,0.0,True
MARGEN_2X,permanent,run_3f5d9cce8ff1c2ba5447e3b6,1688428799999999999,10371.62834165048198476509999,10371.628341650481,0.0,True
MARGEN_2X,permanent,run_3f5d9cce8ff1c2ba5447e3b6,1688515199999999999,10373.50398719688381676509999,10373.503987196882,-1.8189894035458565e-12,True
MARGEN_2X,permanent,run_3f5d9cce8ff1c2ba5447e3b6,1688601599999999999,10375.87067634571381676509999,10375.870676345714,0.0,True
MARGEN_2X,permanent,run_3f5d9cce8ff1c2ba5447e3b6,1688687999999999999,10378.66791759847273602949999,10378.667917598474,1.8189894035458565e-12,True
MARGEN_2X,permanent,run_3f5d9cce8ff1c2ba5447e3b6,1688774399999999999,10378.38191433880923792249999,10378.38191433881,0.0,True
MARGEN_2X,permanent,run_3f5d9cce8ff1c2ba5447e3b6,1688860799999999999,10378.40357814321918406259999,10378.40357814322,0.0,True
MARGEN_2X,permanent,run_3f5d9cce8ff1c2ba5447e3b6,1688947199999999999,10379.69117099054893578709999,10379.69117099055,1.8189894035458565e-12,True
MARGEN_2X,permanent,run_3f5d9cce8ff1c2ba5447e3b6,1689033599999999999,10380.49722363735102622069999,10380.49722363735,0.0,True
MARGEN_2X,permanent,run_3f5d9cce8ff1c2ba5447e3b6,1689119999999999999,10381.23277268106602060509999,10381.232772681065,0.0,True
MARGEN_2X,permanent,run_3f5d9cce8ff1c2ba5447e3b6,1689206399999999999,10382.56338175854026453309999,10382.56338175854,0.0,True
MARGEN_2X,permanent,run_3f5d9cce8ff1c2ba5447e3b6,1689292799999999999,10381.19960188049736363789999,10381.199601880495,-1.8189894035458565e-12,True
MARGEN_2X,permanent,run_3f5d9cce8ff1c2ba5447e3b6,1689379199999999999,10385.61572610580660863789999,10385.615726105805,-1.8189894035458565e-12,True
MARGEN_2X,permanent,run_3f5d9cce8ff1c2ba5447e3b6,1689465599999999999,10385.30293067556145948989999,10385.302930675563,1.8189894035458565e-12,True
MARGEN_2X,permanent,run_3f5d9cce8ff1c2ba5447e3b6,1689551999999999999,10386.51590751417087787479999,10386.51590751417,-1.8189894035458565e-12,True
MARGEN_2X,permanent,run_3f5d9cce8ff1c2ba5447e3b6,1689638399999999999,10387.11718436824726252059999,10387.117184368248,0.0,True
MARGEN_2X,permanent,run_3f5d9cce8ff1c2ba5447e3b6,1689724799999999999,10387.67238295539648045999999,10387.672382955398,1.8189894035458565e-12,True
MARGEN_2X,permanent,run_3f5d9cce8ff1c2ba5447e3b6,1689811199999999999,10389.93889086677018571759999,10389.93889086677,0.0,True
MARGEN_2X,permanent,run_3f5d9cce8ff1c2ba5447e3b6,1689897599999999999,10391.30361853015919383909999,10391.303618530159,0.0,True
MARGEN_2X,permanent,run_3f5d9cce8ff1c2ba5447e3b6,1689983999999999999,10391.66048754624902555029999,10391.660487546247,-1.8189894035458565e-12,True
MARGEN_2X,permanent,run_3f5d9cce8ff1c2ba5447e3b6,1690070399999999999,10391.64782791305665842089999,10391.647827913059,1.8189894035458565e-12,True
MARGEN_2X,permanent,run_3f5d9cce8ff1c2ba5447e3b6,1690156799999999999,10392.42331406909436634029999,10392.423314069094,0.0,True
MARGEN_2X,permanent,run_3f5d9cce8ff1c2ba5447e3b6,1690243199999999999,10394.24871682648039826609999,10394.248716826482,1.8189894035458565e-12,True
MARGEN_2X,permanent,run_3f5d9cce8ff1c2ba5447e3b6,1690329599999999999,10395.38232548273874571809999,10395.382325482738,0.0,True
MARGEN_2X,permanent,run_3f5d9cce8ff1c2ba5447e3b6,1690415999999999999,10397.15519848205179190069999,10397.155198482053,0.0,True
MARGEN_2X,permanent,run_3f5d9cce8ff1c2ba5447e3b6,1690502399999999999,10397.32332488180407980549999,10397.323324881803,0.0,True
MARGEN_2X,permanent,run_3f5d9cce8ff1c2ba5447e3b6,1690588799999999999,10399.07308634409203586739999,10399.073086344091,0.0,True
MARGEN_2X,permanent,run_3f5d9cce8ff1c2ba5447e3b6,1690675199999999999,10399.03443185617161293339999,10399.034431856171,0.0,True
MARGEN_2X,permanent,run_3f5d9cce8ff1c2ba5447e3b6,1690761599999999999,10401.39207762501975975659999,10401.39207762502,0.0,True
MARGEN_2X,permanent,run_3f5d9cce8ff1c2ba5447e3b6,1690847999999999999,10401.85927226280724239519999,10401.859272262807,0.0,True
BASE_E3,conditional,run_ad71d751b20623006c195ff3,1690934399999999999,10073.63835584096690445460000,10073.638355840967,0.0,True
BASE_E3,conditional,run_ad71d751b20623006c195ff3,1691020799999999999,10073.63806775096690445460000,10073.638067750966,0.0,True
BASE_E3,conditional,run_ad71d751b20623006c195ff3,1691107199999999999,10073.63802950096690445460000,10073.638029500968,0.0,True
BASE_E3,conditional,run_ad71d751b20623006c195ff3,1691193599999999999,10073.63797802096690445460000,10073.637978020966,0.0,True
BASE_E3,conditional,run_ad71d751b20623006c195ff3,1691279999999999999,10073.63803409096690445460000,10073.638034090967,0.0,True
BASE_E3,conditional,run_ad71d751b20623006c195ff3,1691366399999999999,10073.63797838096690445460000,10073.637978380966,0.0,True
BASE_E3,conditional,run_ad71d751b20623006c195ff3,1691452799999999999,10073.63796776096690445460000,10073.637967760968,0.0,True
BASE_E3,conditional,run_ad71d751b20623006c195ff3,1691539199999999999,10073.63821175096690445460000,10073.638211750967,0.0,True
BASE_E3,conditional,run_ad71d751b20623006c195ff3,1691625599999999999,10073.63820284096690445460000,10073.638202840966,0.0,True
BASE_E3,conditional,run_ad71d751b20623006c195ff3,1691711999999999999,10073.63817809096690445460000,10073.638178090967,0.0,True
BASE_E3,conditional,run_ad71d751b20623006c195ff3,1691798399999999999,10073.63814650096690445460000,10073.638146500967,0.0,True
BASE_E3,conditional,run_ad71d751b20623006c195ff3,1691884799999999999,10073.63815532096690445460000,10073.638155320967,0.0,True
BASE_E3,conditional,run_ad71d751b20623006c195ff3,1691971199999999999,10073.63807243096690445460000,10073.638072430967,0.0,True
BASE_E3,conditional,run_ad71d751b20623006c195ff3,1692057599999999999,10073.63811536096690445460000,10073.638115360967,0.0,True
BASE_E3,conditional,run_ad71d751b20623006c195ff3,1692143999999999999,10073.63796470096690445460000,10073.637964700967,0.0,True
BASE_E3,conditional,run_ad71d751b20623006c195ff3,1692230399999999999,10073.63777624096690445460000,10073.637776240967,0.0,True
BASE_E3,conditional,run_ad71d751b20623006c195ff3,1692316799999999999,10073.63667158096690445460000,10073.636671580967,0.0,True
BASE_E3,conditional,run_ad71d751b20623006c195ff3,1692403199999999999,10073.63645648096690445460000,10073.636456480966,0.0,True
BASE_E3,conditional,run_ad71d751b20623006c195ff3,1692489599999999999,10073.63653217096690445460000,10073.636532170967,0.0,True
BASE_E3,conditional,run_ad71d751b20623006c195ff3,1692575999999999999,10073.63666951096690445460000,10073.636669510966,0.0,True
BASE_E3,conditional,run_ad71d751b20623006c195ff3,1692662399999999999,10073.63651381096690445460000,10073.636513810967,0.0,True
BASE_E3,conditional,run_ad71d751b20623006c195ff3,1692748799999999999,10073.63621906096690445460000,10073.636219060967,0.0,True
BASE_E3,conditional,run_ad71d751b20623006c195ff3,1692835199999999999,10073.63662406096690445460000,10073.636624060968,0.0,True
BASE_E3,conditional,run_ad71d751b20623006c195ff3,1692921599999999999,10073.63645351096690445460000,10073.636453510966,0.0,True
BASE_E3,conditional,run_ad71d751b20623006c195ff3,1693007999999999999,10073.63638925096690445460000,10073.636389250967,0.0,True
BASE_E3,conditional,run_ad71d751b20623006c195ff3,1693094399999999999,10073.63632922096690445460000,10073.636329220966,0.0,True
BASE_E3,conditional,run_ad71d751b20623006c195ff3,1693180799999999999,10073.63643074096690445460000,10073.636430740968,0.0,True
BASE_E3,conditional,run_ad71d751b20623006c195ff3,1693267199999999999,10073.63638520096690445460000,10073.636385200967,0.0,True
BASE_E3,conditional,run_ad71d751b20623006c195ff3,1693353599999999999,10073.63707325096690445460000,10073.637073250968,0.0,True
BASE_E3,conditional,run_ad71d751b20623006c195ff3,1693439999999999999,10073.63684789096690445460000,10073.636847890966,0.0,True
BASE_E3,conditional,run_ad71d751b20623006c195ff3,1693526399999999999,10073.63631770096690445460000,10073.636317700966,0.0,True
BASE_E3,permanent,run_dfea4b7ac1475668d5968c97,1690934399999999999,10401.45135907894695816399999,10401.451359078947,0.0,True
BASE_E3,permanent,run_dfea4b7ac1475668d5968c97,1691020799999999999,10404.97070095941810116399999,10404.970700959417,-1.8189894035458565e-12,True
BASE_E3,permanent,run_dfea4b7ac1475668d5968c97,1691107199999999999,10407.03651956649745016399999,10407.036519566498,0.0,True
BASE_E3,permanent,run_dfea4b7ac1475668d5968c97,1691193599999999999,10408.15386105812720751399999,10408.153861058126,0.0,True
BASE_E3,permanent,run_dfea4b7ac1475668d5968c97,1691279999999999999,10410.04048693922768622809999,10410.04048693923,1.8189894035458565e-12,True
BASE_E3,permanent,run_dfea4b7ac1475668d5968c97,1691366399999999999,10411.31862476780264658749999,10411.3186247678,-1.8189894035458565e-12,True
BASE_E3,permanent,run_dfea4b7ac1475668d5968c97,1691452799999999999,10412.65079158915057364769999,10412.650791589149,-1.8189894035458565e-12,True
BASE_E3,permanent,run_dfea4b7ac1475668d5968c97,1691539199999999999,10414.54659283204461367209999,10414.546592832045,0.0,True
BASE_E3,permanent,run_dfea4b7ac1475668d5968c97,1691625599999999999,10415.73781327458121048879999,10415.737813274582,0.0,True
BASE_E3,permanent,run_dfea4b7ac1475668d5968c97,1691711999999999999,10417.55773902448741048879999,10417.557739024487,0.0,True
BASE_E3,permanent,run_dfea4b7ac1475668d5968c97,1691798399999999999,10418.33570191743434941609999,10418.335701917433,-1.8189894035458565e-12,True
BASE_E3,permanent,run_dfea4b7ac1475668d5968c97,1691884799999999999,10419.85495066937051773299999,10419.854950669369,-1.8189894035458565e-12,True
BASE_E3,permanent,run_dfea4b7ac1475668d5968c97,1691971199999999999,10420.49886514959115591619999,10420.49886514959,-1.8189894035458565e-12,True
BASE_E3,permanent,run_dfea4b7ac1475668d5968c97,1692057599999999999,10422.92478710136503891619999,10422.924787101363,-1.8189894035458565e-12,True
BASE_E3,permanent,run_dfea4b7ac1475668d5968c97,1692143999999999999,10424.41527974498159130599999,10424.415279744979,-3.637978807091713e-12,True
BASE_E3,permanent,run_dfea4b7ac1475668d5968c97,1692230399999999999,10426.44539764013626722419999,10426.445397640135,-1.8189894035458565e-12,True
BASE_E3,permanent,run_dfea4b7ac1475668d5968c97,1692316799999999999,10427.67895364497078228699999,10427.67895364497,0.0,True
BASE_E3,permanent,run_dfea4b7ac1475668d5968c97,1692403199999999999,10427.49302428135613380979999,10427.493024281357,1.8189894035458565e-12,True
BASE_E3,permanent,run_dfea4b7ac1475668d5968c97,1692489599999999999,10426.87324479554438354649999,10426.873244795544,0.0,True
BASE_E3,permanent,run_dfea4b7ac1475668d5968c97,1692575999999999999,10426.38211132396248766529999,10426.382111323965,1.8189894035458565e-12,True
BASE_E3,permanent,run_dfea4b7ac1475668d5968c97,1692662399999999999,10425.53932373226438807709999,10425.539323732264,0.0,True
BASE_E3,permanent,run_dfea4b7ac1475668d5968c97,1692748799999999999,10425.30009374966021670109999,10425.30009374966,0.0,True
BASE_E3,permanent,run_dfea4b7ac1475668d5968c97,1692835199999999999,10425.25876087967771670109999,10425.258760879677,-1.8189894035458565e-12,True
BASE_E3,permanent,run_dfea4b7ac1475668d5968c97,1692921599999999999,10426.14919933141620796169999,10426.149199331416,0.0,True
BASE_E3,permanent,run_dfea4b7ac1475668d5968c97,1693007999999999999,10425.37695968743994411189999,10425.37695968744,0.0,True
BASE_E3,permanent,run_dfea4b7ac1475668d5968c97,1693094399999999999,10426.26699807451290579789999,10426.266998074514,1.8189894035458565e-12,True
BASE_E3,permanent,run_dfea4b7ac1475668d5968c97,1693180799999999999,10426.55593866015296808589999,10426.555938660153,0.0,True
BASE_E3,permanent,run_dfea4b7ac1475668d5968c97,1693267199999999999,10426.08145647894638188589999,10426.081456478947,0.0,True
BASE_E3,permanent,run_dfea4b7ac1475668d5968c97,1693353599999999999,10426.22211433119617222149999,10426.222114331196,0.0,True
BASE_E3,permanent,run_dfea4b7ac1475668d5968c97,1693439999999999999,10427.17556894207159915309999,10427.175568942073,1.8189894035458565e-12,True
BASE_E3,permanent,run_dfea4b7ac1475668d5968c97,1693526399999999999,10427.98681759608119761789999,10427.986817596082,0.0,True
MARGEN_2X,conditional,run_70383794701c4f0fc157b2ed,1690934399999999999,10073.63835584096690445460000,10073.638355840967,0.0,True
MARGEN_2X,conditional,run_70383794701c4f0fc157b2ed,1691020799999999999,10073.63806775096690445460000,10073.638067750966,0.0,True
MARGEN_2X,conditional,run_70383794701c4f0fc157b2ed,1691107199999999999,10073.63802950096690445460000,10073.638029500968,0.0,True
MARGEN_2X,conditional,run_70383794701c4f0fc157b2ed,1691193599999999999,10073.63797802096690445460000,10073.637978020966,0.0,True
MARGEN_2X,conditional,run_70383794701c4f0fc157b2ed,1691279999999999999,10073.63803409096690445460000,10073.638034090967,0.0,True
MARGEN_2X,conditional,run_70383794701c4f0fc157b2ed,1691366399999999999,10073.63797838096690445460000,10073.637978380966,0.0,True
MARGEN_2X,conditional,run_70383794701c4f0fc157b2ed,1691452799999999999,10073.63796776096690445460000,10073.637967760968,0.0,True
MARGEN_2X,conditional,run_70383794701c4f0fc157b2ed,1691539199999999999,10073.63821175096690445460000,10073.638211750967,0.0,True
MARGEN_2X,conditional,run_70383794701c4f0fc157b2ed,1691625599999999999,10073.63820284096690445460000,10073.638202840966,0.0,True
MARGEN_2X,conditional,run_70383794701c4f0fc157b2ed,1691711999999999999,10073.63817809096690445460000,10073.638178090967,0.0,True
MARGEN_2X,conditional,run_70383794701c4f0fc157b2ed,1691798399999999999,10073.63814650096690445460000,10073.638146500967,0.0,True
MARGEN_2X,conditional,run_70383794701c4f0fc157b2ed,1691884799999999999,10073.63815532096690445460000,10073.638155320967,0.0,True
MARGEN_2X,conditional,run_70383794701c4f0fc157b2ed,1691971199999999999,10073.63807243096690445460000,10073.638072430967,0.0,True
MARGEN_2X,conditional,run_70383794701c4f0fc157b2ed,1692057599999999999,10073.63811536096690445460000,10073.638115360967,0.0,True
MARGEN_2X,conditional,run_70383794701c4f0fc157b2ed,1692143999999999999,10073.63796470096690445460000,10073.637964700967,0.0,True
MARGEN_2X,conditional,run_70383794701c4f0fc157b2ed,1692230399999999999,10073.63777624096690445460000,10073.637776240967,0.0,True
MARGEN_2X,conditional,run_70383794701c4f0fc157b2ed,1692316799999999999,10073.63667158096690445460000,10073.636671580967,0.0,True
MARGEN_2X,conditional,run_70383794701c4f0fc157b2ed,1692403199999999999,10073.63645648096690445460000,10073.636456480966,0.0,True
MARGEN_2X,conditional,run_70383794701c4f0fc157b2ed,1692489599999999999,10073.63653217096690445460000,10073.636532170967,0.0,True
MARGEN_2X,conditional,run_70383794701c4f0fc157b2ed,1692575999999999999,10073.63666951096690445460000,10073.636669510966,0.0,True
MARGEN_2X,conditional,run_70383794701c4f0fc157b2ed,1692662399999999999,10073.63651381096690445460000,10073.636513810967,0.0,True
MARGEN_2X,conditional,run_70383794701c4f0fc157b2ed,1692748799999999999,10073.63621906096690445460000,10073.636219060967,0.0,True
MARGEN_2X,conditional,run_70383794701c4f0fc157b2ed,1692835199999999999,10073.63662406096690445460000,10073.636624060968,0.0,True
MARGEN_2X,conditional,run_70383794701c4f0fc157b2ed,1692921599999999999,10073.63645351096690445460000,10073.636453510966,0.0,True
MARGEN_2X,conditional,run_70383794701c4f0fc157b2ed,1693007999999999999,10073.63638925096690445460000,10073.636389250967,0.0,True
MARGEN_2X,conditional,run_70383794701c4f0fc157b2ed,1693094399999999999,10073.63632922096690445460000,10073.636329220966,0.0,True
MARGEN_2X,conditional,run_70383794701c4f0fc157b2ed,1693180799999999999,10073.63643074096690445460000,10073.636430740968,0.0,True
MARGEN_2X,conditional,run_70383794701c4f0fc157b2ed,1693267199999999999,10073.63638520096690445460000,10073.636385200967,0.0,True
MARGEN_2X,conditional,run_70383794701c4f0fc157b2ed,1693353599999999999,10073.63707325096690445460000,10073.637073250968,0.0,True
MARGEN_2X,conditional,run_70383794701c4f0fc157b2ed,1693439999999999999,10073.63684789096690445460000,10073.636847890966,0.0,True
MARGEN_2X,conditional,run_70383794701c4f0fc157b2ed,1693526399999999999,10073.63631770096690445460000,10073.636317700966,0.0,True
MARGEN_2X,permanent,run_3f5d9cce8ff1c2ba5447e3b6,1690934399999999999,10401.45135907894695816399999,10401.451359078947,0.0,True
MARGEN_2X,permanent,run_3f5d9cce8ff1c2ba5447e3b6,1691020799999999999,10404.97070095941810116399999,10404.970700959417,-1.8189894035458565e-12,True
MARGEN_2X,permanent,run_3f5d9cce8ff1c2ba5447e3b6,1691107199999999999,10407.03651956649745016399999,10407.036519566498,0.0,True
MARGEN_2X,permanent,run_3f5d9cce8ff1c2ba5447e3b6,1691193599999999999,10408.15386105812720751399999,10408.153861058126,0.0,True
MARGEN_2X,permanent,run_3f5d9cce8ff1c2ba5447e3b6,1691279999999999999,10410.04048693922768622809999,10410.04048693923,1.8189894035458565e-12,True
MARGEN_2X,permanent,run_3f5d9cce8ff1c2ba5447e3b6,1691366399999999999,10411.31862476780264658749999,10411.3186247678,-1.8189894035458565e-12,True
MARGEN_2X,permanent,run_3f5d9cce8ff1c2ba5447e3b6,1691452799999999999,10412.65079158915057364769999,10412.650791589149,-1.8189894035458565e-12,True
MARGEN_2X,permanent,run_3f5d9cce8ff1c2ba5447e3b6,1691539199999999999,10414.54659283204461367209999,10414.546592832045,0.0,True
MARGEN_2X,permanent,run_3f5d9cce8ff1c2ba5447e3b6,1691625599999999999,10415.73781327458121048879999,10415.737813274582,0.0,True
MARGEN_2X,permanent,run_3f5d9cce8ff1c2ba5447e3b6,1691711999999999999,10417.55773902448741048879999,10417.557739024487,0.0,True
MARGEN_2X,permanent,run_3f5d9cce8ff1c2ba5447e3b6,1691798399999999999,10418.33570191743434941609999,10418.335701917433,-1.8189894035458565e-12,True
MARGEN_2X,permanent,run_3f5d9cce8ff1c2ba5447e3b6,1691884799999999999,10419.85495066937051773299999,10419.854950669369,-1.8189894035458565e-12,True
MARGEN_2X,permanent,run_3f5d9cce8ff1c2ba5447e3b6,1691971199999999999,10420.49886514959115591619999,10420.49886514959,-1.8189894035458565e-12,True
MARGEN_2X,permanent,run_3f5d9cce8ff1c2ba5447e3b6,1692057599999999999,10422.92478710136503891619999,10422.924787101363,-1.8189894035458565e-12,True
MARGEN_2X,permanent,run_3f5d9cce8ff1c2ba5447e3b6,1692143999999999999,10424.41527974498159130599999,10424.415279744979,-3.637978807091713e-12,True
MARGEN_2X,permanent,run_3f5d9cce8ff1c2ba5447e3b6,1692230399999999999,10426.44539764013626722419999,10426.445397640135,-1.8189894035458565e-12,True
MARGEN_2X,permanent,run_3f5d9cce8ff1c2ba5447e3b6,1692316799999999999,10427.67895364497078228699999,10427.67895364497,0.0,True
MARGEN_2X,permanent,run_3f5d9cce8ff1c2ba5447e3b6,1692403199999999999,10427.49302428135613380979999,10427.493024281357,1.8189894035458565e-12,True
MARGEN_2X,permanent,run_3f5d9cce8ff1c2ba5447e3b6,1692489599999999999,10426.87324479554438354649999,10426.873244795544,0.0,True
MARGEN_2X,permanent,run_3f5d9cce8ff1c2ba5447e3b6,1692575999999999999,10426.38211132396248766529999,10426.382111323965,1.8189894035458565e-12,True
MARGEN_2X,permanent,run_3f5d9cce8ff1c2ba5447e3b6,1692662399999999999,10425.53932373226438807709999,10425.539323732264,0.0,True
MARGEN_2X,permanent,run_3f5d9cce8ff1c2ba5447e3b6,1692748799999999999,10425.30009374966021670109999,10425.30009374966,0.0,True
MARGEN_2X,permanent,run_3f5d9cce8ff1c2ba5447e3b6,1692835199999999999,10425.25876087967771670109999,10425.258760879677,-1.8189894035458565e-12,True
MARGEN_2X,permanent,run_3f5d9cce8ff1c2ba5447e3b6,1692921599999999999,10426.14919933141620796169999,10426.149199331416,0.0,True
MARGEN_2X,permanent,run_3f5d9cce8ff1c2ba5447e3b6,1693007999999999999,10425.37695968743994411189999,10425.37695968744,0.0,True
MARGEN_2X,permanent,run_3f5d9cce8ff1c2ba5447e3b6,1693094399999999999,10426.26699807451290579789999,10426.266998074514,1.8189894035458565e-12,True
MARGEN_2X,permanent,run_3f5d9cce8ff1c2ba5447e3b6,1693180799999999999,10426.55593866015296808589999,10426.555938660153,0.0,True
MARGEN_2X,permanent,run_3f5d9cce8ff1c2ba5447e3b6,1693267199999999999,10426.08145647894638188589999,10426.081456478947,0.0,True
MARGEN_2X,permanent,run_3f5d9cce8ff1c2ba5447e3b6,1693353599999999999,10426.22211433119617222149999,10426.222114331196,0.0,True
MARGEN_2X,permanent,run_3f5d9cce8ff1c2ba5447e3b6,1693439999999999999,10427.17556894207159915309999,10427.175568942073,1.8189894035458565e-12,True
MARGEN_2X,permanent,run_3f5d9cce8ff1c2ba5447e3b6,1693526399999999999,10427.98681759608119761789999,10427.986817596082,0.0,True
BASE_E3,conditional,run_ad71d751b20623006c195ff3,1693612799999999999,10073.63616623096690445460000,10073.636166230966,0.0,True
BASE_E3,conditional,run_ad71d751b20623006c195ff3,1693699199999999999,10073.63624057096690445460000,10073.636240570966,0.0,True
BASE_E3,conditional,run_ad71d751b20623006c195ff3,1693785599999999999,10073.63622842096690445460000,10073.636228420966,0.0,True
BASE_E3,conditional,run_ad71d751b20623006c195ff3,1693871999999999999,10073.63617685096690445460000,10073.636176850967,0.0,True
BASE_E3,conditional,run_ad71d751b20623006c195ff3,1693958399999999999,10073.63621456096690445460000,10073.636214560967,0.0,True
BASE_E3,conditional,run_ad71d751b20623006c195ff3,1694044799999999999,10073.63620421096690445460000,10073.636204210967,0.0,True
BASE_E3,conditional,run_ad71d751b20623006c195ff3,1694131199999999999,10073.63633804096690445460000,10073.636338040968,0.0,True
BASE_E3,conditional,run_ad71d751b20623006c195ff3,1694217599999999999,10073.63623382096690445460000,10073.636233820967,0.0,True
BASE_E3,conditional,run_ad71d751b20623006c195ff3,1694303999999999999,10073.63622563096690445460000,10073.636225630968,0.0,True
BASE_E3,conditional,run_ad71d751b20623006c195ff3,1694390399999999999,10073.63606264096690445460000,10073.636062640966,-1.8189894035458565e-12,True
BASE_E3,conditional,run_ad71d751b20623006c195ff3,1694476799999999999,10073.63547404096690445460000,10073.635474040966,0.0,True
BASE_E3,conditional,run_ad71d751b20623006c195ff3,1694563199999999999,10073.63583800096690445460000,10073.635838000966,0.0,True
BASE_E3,conditional,run_ad71d751b20623006c195ff3,1694649599999999999,10073.63597444096690445460000,10073.635974440967,0.0,True
BASE_E3,conditional,run_ad71d751b20623006c195ff3,1694735999999999999,10073.63614598096690445460000,10073.636145980967,0.0,True
BASE_E3,conditional,run_ad71d751b20623006c195ff3,1694822399999999999,10073.63627612096690445460000,10073.636276120968,0.0,True
BASE_E3,conditional,run_ad71d751b20623006c195ff3,1694908799999999999,10073.63621537096690445460000,10073.636215370967,0.0,True
BASE_E3,conditional,run_ad71d751b20623006c195ff3,1694995199999999999,10073.63610683096690445460000,10073.636106830967,0.0,True
BASE_E3,conditional,run_ad71d751b20623006c195ff3,1695081599999999999,10073.63623607096690445460000,10073.636236070966,0.0,True
BASE_E3,conditional,run_ad71d751b20623006c195ff3,1695167999999999999,10073.63629322096690445460000,10073.636293220967,0.0,True
BASE_E3,conditional,run_ad71d751b20623006c195ff3,1695254399999999999,10073.63611187096690445460000,10073.636111870966,0.0,True
BASE_E3,conditional,run_ad71d751b20623006c195ff3,1695340799999999999,10073.63576447096690445460000,10073.635764470966,0.0,True
BASE_E3,conditional,run_ad71d751b20623006c195ff3,1695427199999999999,10073.63584349096690445460000,10073.635843490967,0.0,True
BASE_E3,conditional,run_ad71d751b20623006c195ff3,1695513599999999999,10073.63585060096690445460000,10073.635850600967,0.0,True
BASE_E3,conditional,run_ad71d751b20623006c195ff3,1695599999999999999,10073.63573045096690445460000,10073.635730450967,0.0,True
BASE_E3,conditional,run_ad71d751b20623006c195ff3,1695686399999999999,10073.63580344096690445460000,10073.635803440968,0.0,True
BASE_E3,conditional,run_ad71d751b20623006c195ff3,1695772799999999999,10073.63585204096690445460000,10073.635852040967,0.0,True
BASE_E3,conditional,run_ad71d751b20623006c195ff3,1695859199999999999,10073.63589227096690445460000,10073.635892270966,0.0,True
BASE_E3,conditional,run_ad71d751b20623006c195ff3,1695945599999999999,10073.63638151096690445460000,10073.636381510967,0.0,True
BASE_E3,conditional,run_ad71d751b20623006c195ff3,1696031999999999999,10073.63651525096690445460000,10073.636515250966,0.0,True
BASE_E3,conditional,run_ad71d751b20623006c195ff3,1696118399999999999,10073.63654414096690445460000,10073.636544140967,0.0,True
BASE_E3,permanent,run_dfea4b7ac1475668d5968c97,1693612799999999999,10428.46920643381796335579999,10428.46920643382,1.8189894035458565e-12,True
BASE_E3,permanent,run_dfea4b7ac1475668d5968c97,1693699199999999999,10429.36311449788423190549999,10429.363114497884,0.0,True
BASE_E3,permanent,run_dfea4b7ac1475668d5968c97,1693785599999999999,10428.87818620423870071749999,10428.878186204238,0.0,True
BASE_E3,permanent,run_dfea4b7ac1475668d5968c97,1693871999999999999,10428.75777265228220071749999,10428.757772652283,1.8189894035458565e-12,True
BASE_E3,permanent,run_dfea4b7ac1475668d5968c97,1693958399999999999,10429.33074825257109848249999,10429.330748252572,1.8189894035458565e-12,True
BASE_E3,permanent,run_dfea4b7ac1475668d5968c97,1694044799999999999,10429.34070844980934642049999,10429.340708449809,0.0,True
BASE_E3,permanent,run_dfea4b7ac1475668d5968c97,1694131199999999999,10430.67079085574878403019999,10430.67079085575,0.0,True
BASE_E3,permanent,run_dfea4b7ac1475668d5968c97,1694217599999999999,10430.14725791180195323479999,10430.147257911804,1.8189894035458565e-12,True
BASE_E3,permanent,run_dfea4b7ac1475668d5968c97,1694303999999999999,10430.60357379827245144079999,10430.603573798273,0.0,True
BASE_E3,permanent,run_dfea4b7ac1475668d5968c97,1694390399999999999,10430.76907601772094660479999,10430.769076017721,0.0,True
BASE_E3,permanent,run_dfea4b7ac1475668d5968c97,1694476799999999999,10431.16440501790478284949999,10431.164405017904,-1.8189894035458565e-12,True
BASE_E3,permanent,run_dfea4b7ac1475668d5968c97,1694563199999999999,10432.52550790737251846999999,10432.525507907374,1.8189894035458565e-12,True
BASE_E3,permanent,run_dfea4b7ac1475668d5968c97,1694649599999999999,10431.85247225317267850219999,10431.852472253173,0.0,True
BASE_E3,permanent,run_dfea4b7ac1475668d5968c97,1694735999999999999,10432.12079330873046583639999,10432.120793308732,1.8189894035458565e-12,True
BASE_E3,permanent,run_dfea4b7ac1475668d5968c97,1694822399999999999,10431.01784382337271370889999,10431.017843823374,1.8189894035458565e-12,True
BASE_E3,permanent,run_dfea4b7ac1475668d5968c97,1694908799999999999,10431.86466894155588905809999,10431.864668941556,0.0,True
BASE_E3,permanent,run_dfea4b7ac1475668d5968c97,1694995199999999999,10431.94564884385750372559999,10431.945648843859,1.8189894035458565e-12,True
BASE_E3,permanent,run_dfea4b7ac1475668d5968c97,1695081599999999999,10431.61883674231765007779999,10431.618836742318,0.0,True
BASE_E3,permanent,run_dfea4b7ac1475668d5968c97,1695167999999999999,10432.29117129964187193359999,10432.291171299643,1.8189894035458565e-12,True
BASE_E3,permanent,run_dfea4b7ac1475668d5968c97,1695254399999999999,10431.70984114404987193359999,10431.70984114405,0.0,True
BASE_E3,permanent,run_dfea4b7ac1475668d5968c97,1695340799999999999,10432.32453849291977683409999,10432.324538492921,1.8189894035458565e-12,True
BASE_E3,permanent,run_dfea4b7ac1475668d5968c97,1695427199999999999,10433.09673655828913561679999,10433.09673655829,0.0,True
BASE_E3,permanent,run_dfea4b7ac1475668d5968c97,1695513599999999999,10433.17496680758148652569999,10433.17496680758,0.0,True
BASE_E3,permanent,run_dfea4b7ac1475668d5968c97,1695599999999999999,10433.80077947083055724999999,10433.80077947083,0.0,True
BASE_E3,permanent,run_dfea4b7ac1475668d5968c97,1695686399999999999,10434.66979661049708763799999,10434.669796610498,1.8189894035458565e-12,True
BASE_E3,permanent,run_dfea4b7ac1475668d5968c97,1695772799999999999,10434.25878444819738184999999,10434.258784448199,1.8189894035458565e-12,True
BASE_E3,permanent,run_dfea4b7ac1475668d5968c97,1695859199999999999,10435.75375909127701287089999,10435.753759091278,1.8189894035458565e-12,True
BASE_E3,permanent,run_dfea4b7ac1475668d5968c97,1695945599999999999,10435.48704588490051287089999,10435.487045884902,1.8189894035458565e-12,True
BASE_E3,permanent,run_dfea4b7ac1475668d5968c97,1696031999999999999,10435.75854530258068432809999,10435.75854530258,0.0,True
BASE_E3,permanent,run_dfea4b7ac1475668d5968c97,1696118399999999999,10435.44034082862766261399999,10435.440340828627,0.0,True
MARGEN_2X,conditional,run_70383794701c4f0fc157b2ed,1693612799999999999,10073.63616623096690445460000,10073.636166230966,0.0,True
MARGEN_2X,conditional,run_70383794701c4f0fc157b2ed,1693699199999999999,10073.63624057096690445460000,10073.636240570966,0.0,True
MARGEN_2X,conditional,run_70383794701c4f0fc157b2ed,1693785599999999999,10073.63622842096690445460000,10073.636228420966,0.0,True
MARGEN_2X,conditional,run_70383794701c4f0fc157b2ed,1693871999999999999,10073.63617685096690445460000,10073.636176850967,0.0,True
MARGEN_2X,conditional,run_70383794701c4f0fc157b2ed,1693958399999999999,10073.63621456096690445460000,10073.636214560967,0.0,True
MARGEN_2X,conditional,run_70383794701c4f0fc157b2ed,1694044799999999999,10073.63620421096690445460000,10073.636204210967,0.0,True
MARGEN_2X,conditional,run_70383794701c4f0fc157b2ed,1694131199999999999,10073.63633804096690445460000,10073.636338040968,0.0,True
MARGEN_2X,conditional,run_70383794701c4f0fc157b2ed,1694217599999999999,10073.63623382096690445460000,10073.636233820967,0.0,True
MARGEN_2X,conditional,run_70383794701c4f0fc157b2ed,1694303999999999999,10073.63622563096690445460000,10073.636225630968,0.0,True
MARGEN_2X,conditional,run_70383794701c4f0fc157b2ed,1694390399999999999,10073.63606264096690445460000,10073.636062640966,-1.8189894035458565e-12,True
MARGEN_2X,conditional,run_70383794701c4f0fc157b2ed,1694476799999999999,10073.63547404096690445460000,10073.635474040966,0.0,True
MARGEN_2X,conditional,run_70383794701c4f0fc157b2ed,1694563199999999999,10073.63583800096690445460000,10073.635838000966,0.0,True
MARGEN_2X,conditional,run_70383794701c4f0fc157b2ed,1694649599999999999,10073.63597444096690445460000,10073.635974440967,0.0,True
MARGEN_2X,conditional,run_70383794701c4f0fc157b2ed,1694735999999999999,10073.63614598096690445460000,10073.636145980967,0.0,True
MARGEN_2X,conditional,run_70383794701c4f0fc157b2ed,1694822399999999999,10073.63627612096690445460000,10073.636276120968,0.0,True
MARGEN_2X,conditional,run_70383794701c4f0fc157b2ed,1694908799999999999,10073.63621537096690445460000,10073.636215370967,0.0,True
MARGEN_2X,conditional,run_70383794701c4f0fc157b2ed,1694995199999999999,10073.63610683096690445460000,10073.636106830967,0.0,True
MARGEN_2X,conditional,run_70383794701c4f0fc157b2ed,1695081599999999999,10073.63623607096690445460000,10073.636236070966,0.0,True
MARGEN_2X,conditional,run_70383794701c4f0fc157b2ed,1695167999999999999,10073.63629322096690445460000,10073.636293220967,0.0,True
MARGEN_2X,conditional,run_70383794701c4f0fc157b2ed,1695254399999999999,10073.63611187096690445460000,10073.636111870966,0.0,True
MARGEN_2X,conditional,run_70383794701c4f0fc157b2ed,1695340799999999999,10073.63576447096690445460000,10073.635764470966,0.0,True
MARGEN_2X,conditional,run_70383794701c4f0fc157b2ed,1695427199999999999,10073.63584349096690445460000,10073.635843490967,0.0,True
MARGEN_2X,conditional,run_70383794701c4f0fc157b2ed,1695513599999999999,10073.63585060096690445460000,10073.635850600967,0.0,True
MARGEN_2X,conditional,run_70383794701c4f0fc157b2ed,1695599999999999999,10073.63573045096690445460000,10073.635730450967,0.0,True
MARGEN_2X,conditional,run_70383794701c4f0fc157b2ed,1695686399999999999,10073.63580344096690445460000,10073.635803440968,0.0,True
MARGEN_2X,conditional,run_70383794701c4f0fc157b2ed,1695772799999999999,10073.63585204096690445460000,10073.635852040967,0.0,True
MARGEN_2X,conditional,run_70383794701c4f0fc157b2ed,1695859199999999999,10073.63589227096690445460000,10073.635892270966,0.0,True
MARGEN_2X,conditional,run_70383794701c4f0fc157b2ed,1695945599999999999,10073.63638151096690445460000,10073.636381510967,0.0,True
MARGEN_2X,conditional,run_70383794701c4f0fc157b2ed,1696031999999999999,10073.63651525096690445460000,10073.636515250966,0.0,True
MARGEN_2X,conditional,run_70383794701c4f0fc157b2ed,1696118399999999999,10073.63654414096690445460000,10073.636544140967,0.0,True
MARGEN_2X,permanent,run_3f5d9cce8ff1c2ba5447e3b6,1693612799999999999,10428.46920643381796335579999,10428.46920643382,1.8189894035458565e-12,True
MARGEN_2X,permanent,run_3f5d9cce8ff1c2ba5447e3b6,1693699199999999999,10429.36311449788423190549999,10429.363114497884,0.0,True
MARGEN_2X,permanent,run_3f5d9cce8ff1c2ba5447e3b6,1693785599999999999,10428.87818620423870071749999,10428.878186204238,0.0,True
MARGEN_2X,permanent,run_3f5d9cce8ff1c2ba5447e3b6,1693871999999999999,10428.75777265228220071749999,10428.757772652283,1.8189894035458565e-12,True
MARGEN_2X,permanent,run_3f5d9cce8ff1c2ba5447e3b6,1693958399999999999,10429.33074825257109848249999,10429.330748252572,1.8189894035458565e-12,True
MARGEN_2X,permanent,run_3f5d9cce8ff1c2ba5447e3b6,1694044799999999999,10429.34070844980934642049999,10429.340708449809,0.0,True
MARGEN_2X,permanent,run_3f5d9cce8ff1c2ba5447e3b6,1694131199999999999,10430.67079085574878403019999,10430.67079085575,0.0,True
MARGEN_2X,permanent,run_3f5d9cce8ff1c2ba5447e3b6,1694217599999999999,10430.14725791180195323479999,10430.147257911804,1.8189894035458565e-12,True
MARGEN_2X,permanent,run_3f5d9cce8ff1c2ba5447e3b6,1694303999999999999,10430.60357379827245144079999,10430.603573798273,0.0,True
MARGEN_2X,permanent,run_3f5d9cce8ff1c2ba5447e3b6,1694390399999999999,10430.76907601772094660479999,10430.769076017721,0.0,True
MARGEN_2X,permanent,run_3f5d9cce8ff1c2ba5447e3b6,1694476799999999999,10431.16440501790478284949999,10431.164405017904,-1.8189894035458565e-12,True
MARGEN_2X,permanent,run_3f5d9cce8ff1c2ba5447e3b6,1694563199999999999,10432.52550790737251846999999,10432.525507907374,1.8189894035458565e-12,True
MARGEN_2X,permanent,run_3f5d9cce8ff1c2ba5447e3b6,1694649599999999999,10431.85247225317267850219999,10431.852472253173,0.0,True
MARGEN_2X,permanent,run_3f5d9cce8ff1c2ba5447e3b6,1694735999999999999,10432.12079330873046583639999,10432.120793308732,1.8189894035458565e-12,True
MARGEN_2X,permanent,run_3f5d9cce8ff1c2ba5447e3b6,1694822399999999999,10431.01784382337271370889999,10431.017843823374,1.8189894035458565e-12,True
MARGEN_2X,permanent,run_3f5d9cce8ff1c2ba5447e3b6,1694908799999999999,10431.86466894155588905809999,10431.864668941556,0.0,True
MARGEN_2X,permanent,run_3f5d9cce8ff1c2ba5447e3b6,1694995199999999999,10431.94564884385750372559999,10431.945648843859,1.8189894035458565e-12,True
MARGEN_2X,permanent,run_3f5d9cce8ff1c2ba5447e3b6,1695081599999999999,10431.61883674231765007779999,10431.618836742318,0.0,True
MARGEN_2X,permanent,run_3f5d9cce8ff1c2ba5447e3b6,1695167999999999999,10432.29117129964187193359999,10432.291171299643,1.8189894035458565e-12,True
MARGEN_2X,permanent,run_3f5d9cce8ff1c2ba5447e3b6,1695254399999999999,10431.70984114404987193359999,10431.70984114405,0.0,True
MARGEN_2X,permanent,run_3f5d9cce8ff1c2ba5447e3b6,1695340799999999999,10432.32453849291977683409999,10432.324538492921,1.8189894035458565e-12,True
MARGEN_2X,permanent,run_3f5d9cce8ff1c2ba5447e3b6,1695427199999999999,10433.09673655828913561679999,10433.09673655829,0.0,True
MARGEN_2X,permanent,run_3f5d9cce8ff1c2ba5447e3b6,1695513599999999999,10433.17496680758148652569999,10433.17496680758,0.0,True
MARGEN_2X,permanent,run_3f5d9cce8ff1c2ba5447e3b6,1695599999999999999,10433.80077947083055724999999,10433.80077947083,0.0,True
MARGEN_2X,permanent,run_3f5d9cce8ff1c2ba5447e3b6,1695686399999999999,10434.66979661049708763799999,10434.669796610498,1.8189894035458565e-12,True
MARGEN_2X,permanent,run_3f5d9cce8ff1c2ba5447e3b6,1695772799999999999,10434.25878444819738184999999,10434.258784448199,1.8189894035458565e-12,True
MARGEN_2X,permanent,run_3f5d9cce8ff1c2ba5447e3b6,1695859199999999999,10435.75375909127701287089999,10435.753759091278,1.8189894035458565e-12,True
MARGEN_2X,permanent,run_3f5d9cce8ff1c2ba5447e3b6,1695945599999999999,10435.48704588490051287089999,10435.487045884902,1.8189894035458565e-12,True
MARGEN_2X,permanent,run_3f5d9cce8ff1c2ba5447e3b6,1696031999999999999,10435.75854530258068432809999,10435.75854530258,0.0,True
MARGEN_2X,permanent,run_3f5d9cce8ff1c2ba5447e3b6,1696118399999999999,10435.44034082862766261399999,10435.440340828627,0.0,True
BASE_E3,conditional,run_ad71d751b20623006c195ff3,1696204799999999999,10073.63711195096690445460000,10073.637111950968,0.0,True
BASE_E3,conditional,run_ad71d751b20623006c195ff3,1696291199999999999,10073.63647187096690445460000,10073.636471870966,0.0,True
BASE_E3,conditional,run_ad71d751b20623006c195ff3,1696377599999999999,10073.63641859096690445460000,10073.636418590966,0.0,True
BASE_E3,conditional,run_ad71d751b20623006c195ff3,1696463999999999999,10073.63632904096690445460000,10073.636329040966,0.0,True
BASE_E3,conditional,run_ad71d751b20623006c195ff3,1696550399999999999,10073.63600837096690445460000,10073.636008370966,0.0,True
BASE_E3,conditional,run_ad71d751b20623006c195ff3,1696636799999999999,10073.63631185096690445460000,10073.636311850967,0.0,True
BASE_E3,conditional,run_ad71d751b20623006c195ff3,1696723199999999999,10073.63620718096690445460000,10073.636207180967,0.0,True
BASE_E3,conditional,run_ad71d751b20623006c195ff3,1696809599999999999,10073.63620142096690445460000,10073.636201420966,0.0,True
BASE_E3,conditional,run_ad71d751b20623006c195ff3,1696895999999999999,10073.63572190096690445460000,10073.635721900966,0.0,True
BASE_E3,conditional,run_ad71d751b20623006c195ff3,1696982399999999999,10073.63561390096690445460000,10073.635613900968,0.0,True
BASE_E3,conditional,run_ad71d751b20623006c195ff3,1697068799999999999,10073.63560634096690445460000,10073.635606340968,0.0,True
BASE_E3,conditional,run_ad71d751b20623006c195ff3,1697155199999999999,10073.63536577096690445460000,10073.635365770966,0.0,True
BASE_E3,conditional,run_ad71d751b20623006c195ff3,1697241599999999999,10073.63547503096690445460000,10073.635475030967,0.0,True
BASE_E3,conditional,run_ad71d751b20623006c195ff3,1697327999999999999,10073.63550149096690445460000,10073.635501490968,0.0,True
BASE_E3,conditional,run_ad71d751b20623006c195ff3,1697414399999999999,10073.63552453096690445460000,10073.635524530966,-1.8189894035458565e-12,True
BASE_E3,conditional,run_ad71d751b20623006c195ff3,1697500799999999999,10073.63590109096690445460000,10073.635901090967,0.0,True
BASE_E3,conditional,run_ad71d751b20623006c195ff3,1697587199999999999,10073.63559086096690445460000,10073.635590860968,0.0,True
BASE_E3,conditional,run_ad71d751b20623006c195ff3,1697673599999999999,10073.63557691096690445460000,10073.635576910967,0.0,True
BASE_E3,conditional,run_ad71d751b20623006c195ff3,1697759999999999999,10073.63560499096690445460000,10073.635604990966,0.0,True
BASE_E3,conditional,run_ad71d751b20623006c195ff3,1697846399999999999,10073.63594078096690445460000,10073.635940780967,0.0,True
BASE_E3,conditional,run_ad71d751b20623006c195ff3,1697932799999999999,10073.63616632096690445460000,10073.636166320966,0.0,True
BASE_E3,conditional,run_ad71d751b20623006c195ff3,1698019199999999999,10073.63647430096690445460000,10073.636474300967,0.0,True
BASE_E3,conditional,run_ad71d751b20623006c195ff3,1698105599999999999,10073.63738357096690445460000,10073.637383570967,0.0,True
BASE_E3,conditional,run_ad71d751b20623006c195ff3,1698191999999999999,10073.63756456096690445460000,10073.637564560966,-1.8189894035458565e-12,True
BASE_E3,conditional,run_ad71d751b20623006c195ff3,1698278399999999999,10073.63758760096690445460000,10073.637587600966,0.0,True
BASE_E3,conditional,run_ad71d751b20623006c195ff3,1698364799999999999,10073.63773385096690445460000,10073.637733850966,0.0,True
BASE_E3,conditional,run_ad71d751b20623006c195ff3,1698451199999999999,10073.63752190096690445460000,10073.637521900966,0.0,True
BASE_E3,conditional,run_ad71d751b20623006c195ff3,1698537599999999999,10073.63749166096690445460000,10073.637491660967,0.0,True
BASE_E3,conditional,run_ad71d751b20623006c195ff3,1698623999999999999,10073.63765888096690445460000,10073.637658880967,0.0,True
BASE_E3,conditional,run_ad71d751b20623006c195ff3,1698710399999999999,10073.63778713096690445460000,10073.637787130967,0.0,True
BASE_E3,conditional,run_ad71d751b20623006c195ff3,1698796799999999999,10073.63784914096690445460000,10073.637849140967,0.0,True
BASE_E3,permanent,run_dfea4b7ac1475668d5968c97,1696204799999999999,10435.55088162773345585949999,10435.550881627734,0.0,True
BASE_E3,permanent,run_dfea4b7ac1475668d5968c97,1696291199999999999,10435.85745937630125085949999,10435.8574593763,0.0,True
BASE_E3,permanent,run_dfea4b7ac1475668d5968c97,1696377599999999999,10437.01154534419399935949999,10437.011545344194,0.0,True
BASE_E3,permanent,run_dfea4b7ac1475668d5968c97,1696463999999999999,10438.05661182054712015709999,10438.056611820548,0.0,True
BASE_E3,permanent,run_dfea4b7ac1475668d5968c97,1696550399999999999,10437.49826434441582753459999,10437.498264344416,0.0,True
BASE_E3,permanent,run_dfea4b7ac1475668d5968c97,1696636799999999999,10437.80283240100215706219999,10437.802832401001,-1.8189894035458565e-12,True
BASE_E3,permanent,run_dfea4b7ac1475668d5968c97,1696723199999999999,10438.74702490252436473159999,10438.747024902526,1.8189894035458565e-12,True
BASE_E3,permanent,run_dfea4b7ac1475668d5968c97,1696809599999999999,10439.69301291340555613199999,10439.693012913405,0.0,True
BASE_E3,permanent,run_dfea4b7ac1475668d5968c97,1696895999999999999,10440.80689623160527134159999,10440.806896231605,0.0,True
BASE_E3,permanent,run_dfea4b7ac1475668d5968c97,1696982399999999999,10441.69019253779307238909999,10441.690192537793,0.0,True
BASE_E3,permanent,run_dfea4b7ac1475668d5968c97,1697068799999999999,10442.06206976203997048059999,10442.06206976204,0.0,True
BASE_E3,permanent,run_dfea4b7ac1475668d5968c97,1697155199999999999,10443.25851184141904648059999,10443.258511841417,-1.8189894035458565e-12,True
BASE_E3,permanent,run_dfea4b7ac1475668d5968c97,1697241599999999999,10444.30010015422452243339999,10444.300100154223,-1.8189894035458565e-12,True
BASE_E3,permanent,run_dfea4b7ac1475668d5968c97,1697327999999999999,10444.34236202502252243339999,10444.342362025021,-1.8189894035458565e-12,True
BASE_E3,permanent,run_dfea4b7ac1475668d5968c97,1697414399999999999,10444.81134688622403886099999,10444.811346886223,-1.8189894035458565e-12,True
BASE_E3,permanent,run_dfea4b7ac1475668d5968c97,1697500799999999999,10446.46619348995712609299999,10446.46619348996,1.8189894035458565e-12,True
BASE_E3,permanent,run_dfea4b7ac1475668d5968c97,1697587199999999999,10446.39640712045504301779999,10446.396407120455,0.0,True
BASE_E3,permanent,run_dfea4b7ac1475668d5968c97,1697673599999999999,10446.64109109488418149889999,10446.641091094883,0.0,True
BASE_E3,permanent,run_dfea4b7ac1475668d5968c97,1697759999999999999,10446.79759996774903518449999,10446.797599967751,1.8189894035458565e-12,True
BASE_E3,permanent,run_dfea4b7ac1475668d5968c97,1697846399999999999,10446.00697254747877569929999,10446.006972547479,0.0,True
BASE_E3,permanent,run_dfea4b7ac1475668d5968c97,1697932799999999999,10446.58548790939994641709999,10446.585487909402,1.8189894035458565e-12,True
BASE_E3,permanent,run_dfea4b7ac1475668d5968c97,1698019199999999999,10447.13030721224235698549999,10447.130307212243,0.0,True
BASE_E3,permanent,run_dfea4b7ac1475668d5968c97,1698105599999999999,10443.23864280140735698549999,10443.238642801407,0.0,True
BASE_E3,permanent,run_dfea4b7ac1475668d5968c97,1698191999999999999,10449.18931423057484998549999,10449.189314230574,0.0,True
BASE_E3,permanent,run_dfea4b7ac1475668d5968c97,1698278399999999999,10450.81609981345055198549999,10450.81609981345,0.0,True
BASE_E3,permanent,run_dfea4b7ac1475668d5968c97,1698364799999999999,10451.39485945144887198549999,10451.39485945145,0.0,True
BASE_E3,permanent,run_dfea4b7ac1475668d5968c97,1698451199999999999,10451.53091323612956698549999,10451.53091323613,1.8189894035458565e-12,True
BASE_E3,permanent,run_dfea4b7ac1475668d5968c97,1698537599999999999,10452.93766948027751498549999,10452.937669480278,0.0,True
BASE_E3,permanent,run_dfea4b7ac1475668d5968c97,1698623999999999999,10455.34297861992048098549999,10455.342978619921,0.0,True
BASE_E3,permanent,run_dfea4b7ac1475668d5968c97,1698710399999999999,10456.32319731766984298549999,10456.32319731767,0.0,True
BASE_E3,permanent,run_dfea4b7ac1475668d5968c97,1698796799999999999,10456.79650147137200098549999,10456.796501471372,0.0,True
MARGEN_2X,conditional,run_70383794701c4f0fc157b2ed,1696204799999999999,10073.63711195096690445460000,10073.637111950968,0.0,True
MARGEN_2X,conditional,run_70383794701c4f0fc157b2ed,1696291199999999999,10073.63647187096690445460000,10073.636471870966,0.0,True
MARGEN_2X,conditional,run_70383794701c4f0fc157b2ed,1696377599999999999,10073.63641859096690445460000,10073.636418590966,0.0,True
MARGEN_2X,conditional,run_70383794701c4f0fc157b2ed,1696463999999999999,10073.63632904096690445460000,10073.636329040966,0.0,True
MARGEN_2X,conditional,run_70383794701c4f0fc157b2ed,1696550399999999999,10073.63600837096690445460000,10073.636008370966,0.0,True
MARGEN_2X,conditional,run_70383794701c4f0fc157b2ed,1696636799999999999,10073.63631185096690445460000,10073.636311850967,0.0,True
MARGEN_2X,conditional,run_70383794701c4f0fc157b2ed,1696723199999999999,10073.63620718096690445460000,10073.636207180967,0.0,True
MARGEN_2X,conditional,run_70383794701c4f0fc157b2ed,1696809599999999999,10073.63620142096690445460000,10073.636201420966,0.0,True
MARGEN_2X,conditional,run_70383794701c4f0fc157b2ed,1696895999999999999,10073.63572190096690445460000,10073.635721900966,0.0,True
MARGEN_2X,conditional,run_70383794701c4f0fc157b2ed,1696982399999999999,10073.63561390096690445460000,10073.635613900968,0.0,True
MARGEN_2X,conditional,run_70383794701c4f0fc157b2ed,1697068799999999999,10073.63560634096690445460000,10073.635606340968,0.0,True
MARGEN_2X,conditional,run_70383794701c4f0fc157b2ed,1697155199999999999,10073.63536577096690445460000,10073.635365770966,0.0,True
MARGEN_2X,conditional,run_70383794701c4f0fc157b2ed,1697241599999999999,10073.63547503096690445460000,10073.635475030967,0.0,True
MARGEN_2X,conditional,run_70383794701c4f0fc157b2ed,1697327999999999999,10073.63550149096690445460000,10073.635501490968,0.0,True
MARGEN_2X,conditional,run_70383794701c4f0fc157b2ed,1697414399999999999,10073.63552453096690445460000,10073.635524530966,-1.8189894035458565e-12,True
MARGEN_2X,conditional,run_70383794701c4f0fc157b2ed,1697500799999999999,10073.63590109096690445460000,10073.635901090967,0.0,True
MARGEN_2X,conditional,run_70383794701c4f0fc157b2ed,1697587199999999999,10073.63559086096690445460000,10073.635590860968,0.0,True
MARGEN_2X,conditional,run_70383794701c4f0fc157b2ed,1697673599999999999,10073.63557691096690445460000,10073.635576910967,0.0,True
MARGEN_2X,conditional,run_70383794701c4f0fc157b2ed,1697759999999999999,10073.63560499096690445460000,10073.635604990966,0.0,True
MARGEN_2X,conditional,run_70383794701c4f0fc157b2ed,1697846399999999999,10073.63594078096690445460000,10073.635940780967,0.0,True
MARGEN_2X,conditional,run_70383794701c4f0fc157b2ed,1697932799999999999,10073.63616632096690445460000,10073.636166320966,0.0,True
MARGEN_2X,conditional,run_70383794701c4f0fc157b2ed,1698019199999999999,10073.63647430096690445460000,10073.636474300967,0.0,True
MARGEN_2X,conditional,run_70383794701c4f0fc157b2ed,1698105599999999999,10073.63738357096690445460000,10073.637383570967,0.0,True
MARGEN_2X,conditional,run_70383794701c4f0fc157b2ed,1698191999999999999,10073.63756456096690445460000,10073.637564560966,-1.8189894035458565e-12,True
MARGEN_2X,conditional,run_70383794701c4f0fc157b2ed,1698278399999999999,10073.63758760096690445460000,10073.637587600966,0.0,True
MARGEN_2X,conditional,run_70383794701c4f0fc157b2ed,1698364799999999999,10073.63773385096690445460000,10073.637733850966,0.0,True
MARGEN_2X,conditional,run_70383794701c4f0fc157b2ed,1698451199999999999,10073.63752190096690445460000,10073.637521900966,0.0,True
MARGEN_2X,conditional,run_70383794701c4f0fc157b2ed,1698537599999999999,10073.63749166096690445460000,10073.637491660967,0.0,True
MARGEN_2X,conditional,run_70383794701c4f0fc157b2ed,1698623999999999999,10073.63765888096690445460000,10073.637658880967,0.0,True
MARGEN_2X,conditional,run_70383794701c4f0fc157b2ed,1698710399999999999,10073.63778713096690445460000,10073.637787130967,0.0,True
MARGEN_2X,conditional,run_70383794701c4f0fc157b2ed,1698796799999999999,10073.63784914096690445460000,10073.637849140967,0.0,True
MARGEN_2X,permanent,run_3f5d9cce8ff1c2ba5447e3b6,1696204799999999999,10435.55088162773345585949999,10435.550881627734,0.0,True
MARGEN_2X,permanent,run_3f5d9cce8ff1c2ba5447e3b6,1696291199999999999,10435.85745937630125085949999,10435.8574593763,0.0,True
MARGEN_2X,permanent,run_3f5d9cce8ff1c2ba5447e3b6,1696377599999999999,10437.01154534419399935949999,10437.011545344194,0.0,True
MARGEN_2X,permanent,run_3f5d9cce8ff1c2ba5447e3b6,1696463999999999999,10438.05661182054712015709999,10438.056611820548,0.0,True
MARGEN_2X,permanent,run_3f5d9cce8ff1c2ba5447e3b6,1696550399999999999,10437.49826434441582753459999,10437.498264344416,0.0,True
MARGEN_2X,permanent,run_3f5d9cce8ff1c2ba5447e3b6,1696636799999999999,10437.80283240100215706219999,10437.802832401001,-1.8189894035458565e-12,True
MARGEN_2X,permanent,run_3f5d9cce8ff1c2ba5447e3b6,1696723199999999999,10438.74702490252436473159999,10438.747024902526,1.8189894035458565e-12,True
MARGEN_2X,permanent,run_3f5d9cce8ff1c2ba5447e3b6,1696809599999999999,10439.69301291340555613199999,10439.693012913405,0.0,True
MARGEN_2X,permanent,run_3f5d9cce8ff1c2ba5447e3b6,1696895999999999999,10440.80689623160527134159999,10440.806896231605,0.0,True
MARGEN_2X,permanent,run_3f5d9cce8ff1c2ba5447e3b6,1696982399999999999,10441.69019253779307238909999,10441.690192537793,0.0,True
MARGEN_2X,permanent,run_3f5d9cce8ff1c2ba5447e3b6,1697068799999999999,10442.06206976203997048059999,10442.06206976204,0.0,True
MARGEN_2X,permanent,run_3f5d9cce8ff1c2ba5447e3b6,1697155199999999999,10443.25851184141904648059999,10443.258511841417,-1.8189894035458565e-12,True
MARGEN_2X,permanent,run_3f5d9cce8ff1c2ba5447e3b6,1697241599999999999,10444.30010015422452243339999,10444.300100154223,-1.8189894035458565e-12,True
MARGEN_2X,permanent,run_3f5d9cce8ff1c2ba5447e3b6,1697327999999999999,10444.34236202502252243339999,10444.342362025021,-1.8189894035458565e-12,True
MARGEN_2X,permanent,run_3f5d9cce8ff1c2ba5447e3b6,1697414399999999999,10444.81134688622403886099999,10444.811346886223,-1.8189894035458565e-12,True
MARGEN_2X,permanent,run_3f5d9cce8ff1c2ba5447e3b6,1697500799999999999,10446.46619348995712609299999,10446.46619348996,1.8189894035458565e-12,True
MARGEN_2X,permanent,run_3f5d9cce8ff1c2ba5447e3b6,1697587199999999999,10446.39640712045504301779999,10446.396407120455,0.0,True
MARGEN_2X,permanent,run_3f5d9cce8ff1c2ba5447e3b6,1697673599999999999,10446.64109109488418149889999,10446.641091094883,0.0,True
MARGEN_2X,permanent,run_3f5d9cce8ff1c2ba5447e3b6,1697759999999999999,10446.79759996774903518449999,10446.797599967751,1.8189894035458565e-12,True
MARGEN_2X,permanent,run_3f5d9cce8ff1c2ba5447e3b6,1697846399999999999,10446.00697254747877569929999,10446.006972547479,0.0,True
MARGEN_2X,permanent,run_3f5d9cce8ff1c2ba5447e3b6,1697932799999999999,10446.58548790939994641709999,10446.585487909402,1.8189894035458565e-12,True
MARGEN_2X,permanent,run_3f5d9cce8ff1c2ba5447e3b6,1698019199999999999,10447.13030721224235698549999,10447.130307212243,0.0,True
MARGEN_2X,permanent,run_3f5d9cce8ff1c2ba5447e3b6,1698105599999999999,10443.23864280140735698549999,10443.238642801407,0.0,True
MARGEN_2X,permanent,run_3f5d9cce8ff1c2ba5447e3b6,1698191999999999999,10449.18931423057484998549999,10449.189314230574,0.0,True
MARGEN_2X,permanent,run_3f5d9cce8ff1c2ba5447e3b6,1698278399999999999,10450.81609981345055198549999,10450.81609981345,0.0,True
MARGEN_2X,permanent,run_3f5d9cce8ff1c2ba5447e3b6,1698364799999999999,10451.39485945144887198549999,10451.39485945145,0.0,True
MARGEN_2X,permanent,run_3f5d9cce8ff1c2ba5447e3b6,1698451199999999999,10451.53091323612956698549999,10451.53091323613,1.8189894035458565e-12,True
MARGEN_2X,permanent,run_3f5d9cce8ff1c2ba5447e3b6,1698537599999999999,10452.93766948027751498549999,10452.937669480278,0.0,True
MARGEN_2X,permanent,run_3f5d9cce8ff1c2ba5447e3b6,1698623999999999999,10455.34297861992048098549999,10455.342978619921,0.0,True
MARGEN_2X,permanent,run_3f5d9cce8ff1c2ba5447e3b6,1698710399999999999,10456.32319731766984298549999,10456.32319731767,0.0,True
MARGEN_2X,permanent,run_3f5d9cce8ff1c2ba5447e3b6,1698796799999999999,10456.79650147137200098549999,10456.796501471372,0.0,True
BASE_E3,conditional,run_ad71d751b20623006c195ff3,1698883199999999999,10073.63812337096690445460000,10073.638123370967,0.0,True
BASE_E3,conditional,run_ad71d751b20623006c195ff3,1698969599999999999,10073.63770811096690445460000,10073.637708110968,0.0,True
BASE_E3,conditional,run_ad71d751b20623006c195ff3,1699055999999999999,10073.63798837096690445460000,10073.637988370967,0.0,True
BASE_E3,conditional,run_ad71d751b20623006c195ff3,1699142399999999999,10073.63821301096690445460000,10073.638213010967,0.0,True
BASE_E3,conditional,run_ad71d751b20623006c195ff3,1699228799999999999,10073.63853908096690445460000,10073.638539080966,0.0,True
BASE_E3,conditional,run_ad71d751b20623006c195ff3,1699315199999999999,10073.63859884096690445460000,10073.638598840967,0.0,True
BASE_E3,conditional,run_ad71d751b20623006c195ff3,1699401599999999999,10073.63848283096690445460000,10073.638482830967,0.0,True
BASE_E3,conditional,run_ad71d751b20623006c195ff3,1699487999999999999,10073.63850479096690445460000,10073.638504790966,0.0,True
BASE_E3,conditional,run_ad71d751b20623006c195ff3,1699574399999999999,10075.91420114866690445460000,10075.914201148666,-1.8189894035458565e-12,True
BASE_E3,conditional,run_ad71d751b20623006c195ff3,1699660799999999999,10079.59703916450861189280000,10079.59703916451,1.8189894035458565e-12,True
BASE_E3,conditional,run_ad71d751b20623006c195ff3,1699747199999999999,10080.43342990284126405840000,10080.433429902841,0.0,True
BASE_E3,conditional,run_ad71d751b20623006c195ff3,1699833599999999999,10077.01415796749546405840000,10077.014157967495,0.0,True
BASE_E3,conditional,run_ad71d751b20623006c195ff3,1699919999999999999,10082.76065285684598852380000,10082.760652856847,0.0,True
BASE_E3,conditional,run_ad71d751b20623006c195ff3,1700006399999999999,10085.48262940038231639530000,10085.482629400383,1.8189894035458565e-12,True
BASE_E3,conditional,run_ad71d751b20623006c195ff3,1700092799999999999,10086.69660378408626939530000,10086.696603784087,0.0,True
BASE_E3,conditional,run_ad71d751b20623006c195ff3,1700179199999999999,10090.04226045180126339530000,10090.0422604518,0.0,True
BASE_E3,conditional,run_ad71d751b20623006c195ff3,1700265599999999999,10091.58753402387862039530000,10091.587534023878,0.0,True
BASE_E3,conditional,run_ad71d751b20623006c195ff3,1700351999999999999,10093.63552012917173339530000,10093.635520129172,0.0,True
BASE_E3,conditional,run_ad71d751b20623006c195ff3,1700438399999999999,10094.43163841458397039530000,10094.431638414584,0.0,True
BASE_E3,conditional,run_ad71d751b20623006c195ff3,1700524799999999999,10095.86793998029693039530000,10095.867939980299,1.8189894035458565e-12,True
BASE_E3,conditional,run_ad71d751b20623006c195ff3,1700611199999999999,10098.95372968170856639530000,10098.95372968171,1.8189894035458565e-12,True
BASE_E3,conditional,run_ad71d751b20623006c195ff3,1700697599999999999,10100.29835770497890339530000,10100.29835770498,1.8189894035458565e-12,True
BASE_E3,conditional,run_ad71d751b20623006c195ff3,1700783999999999999,10103.58840873737965239530000,10103.58840873738,0.0,True
BASE_E3,conditional,run_ad71d751b20623006c195ff3,1700870399999999999,10106.04200243238442639530000,10106.042002432385,0.0,True
BASE_E3,conditional,run_ad71d751b20623006c195ff3,1700956799999999999,10108.68908364417045539530000,10108.68908364417,0.0,True
BASE_E3,conditional,run_ad71d751b20623006c195ff3,1701043199999999999,10110.55254501011034439530000,10110.552545010112,1.8189894035458565e-12,True
BASE_E3,conditional,run_ad71d751b20623006c195ff3,1701129599999999999,10112.01538002880579339530000,10112.015380028806,0.0,True
BASE_E3,conditional,run_ad71d751b20623006c195ff3,1701215999999999999,10113.48271934756766739530000,10113.482719347567,-1.8189894035458565e-12,True
BASE_E3,conditional,run_ad71d751b20623006c195ff3,1701302399999999999,10115.71847918916270839530000,10115.718479189163,0.0,True
BASE_E3,conditional,run_ad71d751b20623006c195ff3,1701388799999999999,10117.84244143673707639530000,10117.842441436736,0.0,True
BASE_E3,permanent,run_dfea4b7ac1475668d5968c97,1698883199999999999,10458.71575962563876098549999,10458.71575962564,1.8189894035458565e-12,True
BASE_E3,permanent,run_dfea4b7ac1475668d5968c97,1698969599999999999,10465.45537070023922345589999,10465.45537070024,0.0,True
BASE_E3,permanent,run_dfea4b7ac1475668d5968c97,1699055999999999999,10467.96017456128822945589999,10467.960174561289,0.0,True
BASE_E3,permanent,run_dfea4b7ac1475668d5968c97,1699142399999999999,10467.28436450180960145589999,10467.284364501811,1.8189894035458565e-12,True
BASE_E3,permanent,run_dfea4b7ac1475668d5968c97,1699228799999999999,10467.78680941631619345589999,10467.786809416317,0.0,True
BASE_E3,permanent,run_dfea4b7ac1475668d5968c97,1699315199999999999,10470.17486481667159345589999,10470.174864816672,0.0,True
BASE_E3,permanent,run_dfea4b7ac1475668d5968c97,1699401599999999999,10472.49348456036281345589999,10472.493484560364,1.8189894035458565e-12,True
BASE_E3,permanent,run_dfea4b7ac1475668d5968c97,1699487999999999999,10476.83441748923800545589999,10476.834417489237,0.0,True
BASE_E3,permanent,run_dfea4b7ac1475668d5968c97,1699574399999999999,10476.64663795010666016589999,10476.646637950107,0.0,True
BASE_E3,permanent,run_dfea4b7ac1475668d5968c97,1699660799999999999,10471.60183304751381423489999,10471.601833047513,-1.8189894035458565e-12,True
BASE_E3,permanent,run_dfea4b7ac1475668d5968c97,1699747199999999999,10472.44707283498231737409999,10472.447072834984,1.8189894035458565e-12,True
BASE_E3,permanent,run_dfea4b7ac1475668d5968c97,1699833599999999999,10472.81659601787271737409999,10472.816596017872,0.0,True
BASE_E3,permanent,run_dfea4b7ac1475668d5968c97,1699919999999999999,10478.69905140042180350769999,10478.699051400421,0.0,True
BASE_E3,permanent,run_dfea4b7ac1475668d5968c97,1700006399999999999,10481.49608896641571863369999,10481.496088966416,0.0,True
BASE_E3,permanent,run_dfea4b7ac1475668d5968c97,1700092799999999999,10482.71750632598953063369999,10482.71750632599,0.0,True
BASE_E3,permanent,run_dfea4b7ac1475668d5968c97,1700179199999999999,10486.16632068185552263369999,10486.166320681856,0.0,True
BASE_E3,permanent,run_dfea4b7ac1475668d5968c97,1700265599999999999,10487.36775578230090263369999,10487.367755782303,1.8189894035458565e-12,True
BASE_E3,permanent,run_dfea4b7ac1475668d5968c97,1700351999999999999,10489.53895464411281063369999,10489.538954644113,0.0,True
BASE_E3,permanent,run_dfea4b7ac1475668d5968c97,1700438399999999999,10490.37868765733230963369999,10490.378687657334,1.8189894035458565e-12,True
BASE_E3,permanent,run_dfea4b7ac1475668d5968c97,1700524799999999999,10491.89052411728206963369999,10491.890524117282,0.0,True
BASE_E3,permanent,run_dfea4b7ac1475668d5968c97,1700611199999999999,10495.15807208797012863369999,10495.158072087972,1.8189894035458565e-12,True
BASE_E3,permanent,run_dfea4b7ac1475668d5968c97,1700697599999999999,10496.56780519241052363369999,10496.567805192411,1.8189894035458565e-12,True
BASE_E3,permanent,run_dfea4b7ac1475668d5968c97,1700783999999999999,10500.04381833952802363369999,10500.043818339527,0.0,True
BASE_E3,permanent,run_dfea4b7ac1475668d5968c97,1700870399999999999,10502.27975938729012263369999,10502.27975938729,0.0,True
BASE_E3,permanent,run_dfea4b7ac1475668d5968c97,1700956799999999999,10505.00788509142346463369999,10505.007885091425,1.8189894035458565e-12,True
BASE_E3,permanent,run_dfea4b7ac1475668d5968c97,1701043199999999999,10506.92653750459088463369999,10506.92653750459,0.0,True
BASE_E3,permanent,run_dfea4b7ac1475668d5968c97,1701129599999999999,10508.43738999617819463369999,10508.43738999618,1.8189894035458565e-12,True
BASE_E3,permanent,run_dfea4b7ac1475668d5968c97,1701215999999999999,10509.94610388435345663369999,10509.946103884355,1.8189894035458565e-12,True
BASE_E3,permanent,run_dfea4b7ac1475668d5968c97,1701302399999999999,10512.24995706645454663369999,10512.249957066455,0.0,True
BASE_E3,permanent,run_dfea4b7ac1475668d5968c97,1701388799999999999,10514.43675115312759663369999,10514.436751153129,1.8189894035458565e-12,True
MARGEN_2X,conditional,run_70383794701c4f0fc157b2ed,1698883199999999999,10073.63812337096690445460000,10073.638123370967,0.0,True
MARGEN_2X,conditional,run_70383794701c4f0fc157b2ed,1698969599999999999,10073.63770811096690445460000,10073.637708110968,0.0,True
MARGEN_2X,conditional,run_70383794701c4f0fc157b2ed,1699055999999999999,10073.63798837096690445460000,10073.637988370967,0.0,True
MARGEN_2X,conditional,run_70383794701c4f0fc157b2ed,1699142399999999999,10073.63821301096690445460000,10073.638213010967,0.0,True
MARGEN_2X,conditional,run_70383794701c4f0fc157b2ed,1699228799999999999,10073.63853908096690445460000,10073.638539080966,0.0,True
MARGEN_2X,conditional,run_70383794701c4f0fc157b2ed,1699315199999999999,10073.63859884096690445460000,10073.638598840967,0.0,True
MARGEN_2X,conditional,run_70383794701c4f0fc157b2ed,1699401599999999999,10073.63848283096690445460000,10073.638482830967,0.0,True
MARGEN_2X,conditional,run_70383794701c4f0fc157b2ed,1699487999999999999,10073.63850479096690445460000,10073.638504790966,0.0,True
MARGEN_2X,conditional,run_70383794701c4f0fc157b2ed,1699574399999999999,10075.91420114866690445460000,10075.914201148666,-1.8189894035458565e-12,True
MARGEN_2X,conditional,run_70383794701c4f0fc157b2ed,1699660799999999999,10079.59703916450861189280000,10079.59703916451,1.8189894035458565e-12,True
MARGEN_2X,conditional,run_70383794701c4f0fc157b2ed,1699747199999999999,10080.43342990284126405840000,10080.433429902841,0.0,True
MARGEN_2X,conditional,run_70383794701c4f0fc157b2ed,1699833599999999999,10077.01415796749546405840000,10077.014157967495,0.0,True
MARGEN_2X,conditional,run_70383794701c4f0fc157b2ed,1699919999999999999,10082.76065285684598852380000,10082.760652856847,0.0,True
MARGEN_2X,conditional,run_70383794701c4f0fc157b2ed,1700006399999999999,10085.48262940038231639530000,10085.482629400383,1.8189894035458565e-12,True
MARGEN_2X,conditional,run_70383794701c4f0fc157b2ed,1700092799999999999,10086.69660378408626939530000,10086.696603784087,0.0,True
MARGEN_2X,conditional,run_70383794701c4f0fc157b2ed,1700179199999999999,10090.04226045180126339530000,10090.0422604518,0.0,True
MARGEN_2X,conditional,run_70383794701c4f0fc157b2ed,1700265599999999999,10091.58753402387862039530000,10091.587534023878,0.0,True
MARGEN_2X,conditional,run_70383794701c4f0fc157b2ed,1700351999999999999,10093.63552012917173339530000,10093.635520129172,0.0,True
MARGEN_2X,conditional,run_70383794701c4f0fc157b2ed,1700438399999999999,10094.43163841458397039530000,10094.431638414584,0.0,True
MARGEN_2X,conditional,run_70383794701c4f0fc157b2ed,1700524799999999999,10095.86793998029693039530000,10095.867939980299,1.8189894035458565e-12,True
MARGEN_2X,conditional,run_70383794701c4f0fc157b2ed,1700611199999999999,10098.95372968170856639530000,10098.95372968171,1.8189894035458565e-12,True
MARGEN_2X,conditional,run_70383794701c4f0fc157b2ed,1700697599999999999,10100.29835770497890339530000,10100.29835770498,1.8189894035458565e-12,True
MARGEN_2X,conditional,run_70383794701c4f0fc157b2ed,1700783999999999999,10103.58840873737965239530000,10103.58840873738,0.0,True
MARGEN_2X,conditional,run_70383794701c4f0fc157b2ed,1700870399999999999,10106.04200243238442639530000,10106.042002432385,0.0,True
MARGEN_2X,conditional,run_70383794701c4f0fc157b2ed,1700956799999999999,10108.68908364417045539530000,10108.68908364417,0.0,True
MARGEN_2X,conditional,run_70383794701c4f0fc157b2ed,1701043199999999999,10110.55254501011034439530000,10110.552545010112,1.8189894035458565e-12,True
MARGEN_2X,conditional,run_70383794701c4f0fc157b2ed,1701129599999999999,10112.01538002880579339530000,10112.015380028806,0.0,True
MARGEN_2X,conditional,run_70383794701c4f0fc157b2ed,1701215999999999999,10113.48271934756766739530000,10113.482719347567,-1.8189894035458565e-12,True
MARGEN_2X,conditional,run_70383794701c4f0fc157b2ed,1701302399999999999,10115.71847918916270839530000,10115.718479189163,0.0,True
MARGEN_2X,conditional,run_70383794701c4f0fc157b2ed,1701388799999999999,10117.84244143673707639530000,10117.842441436736,0.0,True
MARGEN_2X,permanent,run_3f5d9cce8ff1c2ba5447e3b6,1698883199999999999,10458.71575962563876098549999,10458.71575962564,1.8189894035458565e-12,True
MARGEN_2X,permanent,run_3f5d9cce8ff1c2ba5447e3b6,1698969599999999999,10465.45537070023922345589999,10465.45537070024,0.0,True
MARGEN_2X,permanent,run_3f5d9cce8ff1c2ba5447e3b6,1699055999999999999,10467.96017456128822945589999,10467.960174561289,0.0,True
MARGEN_2X,permanent,run_3f5d9cce8ff1c2ba5447e3b6,1699142399999999999,10467.28436450180960145589999,10467.284364501811,1.8189894035458565e-12,True
MARGEN_2X,permanent,run_3f5d9cce8ff1c2ba5447e3b6,1699228799999999999,10467.78680941631619345589999,10467.786809416317,0.0,True
MARGEN_2X,permanent,run_3f5d9cce8ff1c2ba5447e3b6,1699315199999999999,10470.17486481667159345589999,10470.174864816672,0.0,True
MARGEN_2X,permanent,run_3f5d9cce8ff1c2ba5447e3b6,1699401599999999999,10472.49348456036281345589999,10472.493484560364,1.8189894035458565e-12,True
MARGEN_2X,permanent,run_3f5d9cce8ff1c2ba5447e3b6,1699487999999999999,10476.83441748923800545589999,10476.834417489237,0.0,True
MARGEN_2X,permanent,run_3f5d9cce8ff1c2ba5447e3b6,1699574399999999999,10476.64663795010666016589999,10476.646637950107,0.0,True
MARGEN_2X,permanent,run_3f5d9cce8ff1c2ba5447e3b6,1699660799999999999,10471.60183304751381423489999,10471.601833047513,-1.8189894035458565e-12,True
MARGEN_2X,permanent,run_3f5d9cce8ff1c2ba5447e3b6,1699747199999999999,10472.44707283498231737409999,10472.447072834984,1.8189894035458565e-12,True
MARGEN_2X,permanent,run_3f5d9cce8ff1c2ba5447e3b6,1699833599999999999,10472.81659601787271737409999,10472.816596017872,0.0,True
MARGEN_2X,permanent,run_3f5d9cce8ff1c2ba5447e3b6,1699919999999999999,10478.69905140042180350769999,10478.699051400421,0.0,True
MARGEN_2X,permanent,run_3f5d9cce8ff1c2ba5447e3b6,1700006399999999999,10481.49608896641571863369999,10481.496088966416,0.0,True
MARGEN_2X,permanent,run_3f5d9cce8ff1c2ba5447e3b6,1700092799999999999,10482.71750632598953063369999,10482.71750632599,0.0,True
MARGEN_2X,permanent,run_3f5d9cce8ff1c2ba5447e3b6,1700179199999999999,10486.16632068185552263369999,10486.166320681856,0.0,True
MARGEN_2X,permanent,run_3f5d9cce8ff1c2ba5447e3b6,1700265599999999999,10487.36775578230090263369999,10487.367755782303,1.8189894035458565e-12,True
MARGEN_2X,permanent,run_3f5d9cce8ff1c2ba5447e3b6,1700351999999999999,10489.53895464411281063369999,10489.538954644113,0.0,True
MARGEN_2X,permanent,run_3f5d9cce8ff1c2ba5447e3b6,1700438399999999999,10490.37868765733230963369999,10490.378687657334,1.8189894035458565e-12,True
MARGEN_2X,permanent,run_3f5d9cce8ff1c2ba5447e3b6,1700524799999999999,10491.89052411728206963369999,10491.890524117282,0.0,True
MARGEN_2X,permanent,run_3f5d9cce8ff1c2ba5447e3b6,1700611199999999999,10495.15807208797012863369999,10495.158072087972,1.8189894035458565e-12,True
MARGEN_2X,permanent,run_3f5d9cce8ff1c2ba5447e3b6,1700697599999999999,10496.56780519241052363369999,10496.567805192411,1.8189894035458565e-12,True
MARGEN_2X,permanent,run_3f5d9cce8ff1c2ba5447e3b6,1700783999999999999,10500.04381833952802363369999,10500.043818339527,0.0,True
MARGEN_2X,permanent,run_3f5d9cce8ff1c2ba5447e3b6,1700870399999999999,10502.27975938729012263369999,10502.27975938729,0.0,True
MARGEN_2X,permanent,run_3f5d9cce8ff1c2ba5447e3b6,1700956799999999999,10505.00788509142346463369999,10505.007885091425,1.8189894035458565e-12,True
MARGEN_2X,permanent,run_3f5d9cce8ff1c2ba5447e3b6,1701043199999999999,10506.92653750459088463369999,10506.92653750459,0.0,True
MARGEN_2X,permanent,run_3f5d9cce8ff1c2ba5447e3b6,1701129599999999999,10508.43738999617819463369999,10508.43738999618,1.8189894035458565e-12,True
MARGEN_2X,permanent,run_3f5d9cce8ff1c2ba5447e3b6,1701215999999999999,10509.94610388435345663369999,10509.946103884355,1.8189894035458565e-12,True
MARGEN_2X,permanent,run_3f5d9cce8ff1c2ba5447e3b6,1701302399999999999,10512.24995706645454663369999,10512.249957066455,0.0,True
MARGEN_2X,permanent,run_3f5d9cce8ff1c2ba5447e3b6,1701388799999999999,10514.43675115312759663369999,10514.436751153129,1.8189894035458565e-12,True
BASE_E3,conditional,run_ad71d751b20623006c195ff3,1701475199999999999,10121.05966051344687639530000,10121.059660513447,0.0,True
BASE_E3,conditional,run_ad71d751b20623006c195ff3,1701561599999999999,10120.66075914029070004770000,10120.66075914029,0.0,True
BASE_E3,conditional,run_ad71d751b20623006c195ff3,1701647999999999999,10120.58392810433613904770000,10120.583928104335,0.0,True
BASE_E3,conditional,run_ad71d751b20623006c195ff3,1701734399999999999,10122.72599747204605704770000,10122.725997472047,1.8189894035458565e-12,True
BASE_E3,conditional,run_ad71d751b20623006c195ff3,1701820799999999999,10124.43437013678757904770000,10124.434370136789,1.8189894035458565e-12,True
BASE_E3,conditional,run_ad71d751b20623006c195ff3,1701907199999999999,10127.69957132624770304770000,10127.699571326246,-1.8189894035458565e-12,True
BASE_E3,conditional,run_ad71d751b20623006c195ff3,1701993599999999999,10124.98393877527738904770000,10124.983938775276,-1.8189894035458565e-12,True
BASE_E3,conditional,run_ad71d751b20623006c195ff3,1702079999999999999,10126.47294127836918904770000,10126.47294127837,1.8189894035458565e-12,True
BASE_E3,conditional,run_ad71d751b20623006c195ff3,1702166399999999999,10132.92709137348007498410000,10132.92709137348,0.0,True
BASE_E3,conditional,run_ad71d751b20623006c195ff3,1702252799999999999,10136.09958283921810994370000,10136.099582839217,-1.8189894035458565e-12,True
BASE_E3,conditional,run_ad71d751b20623006c195ff3,1702339199999999999,10139.58914048175235162530000,10139.589140481752,0.0,True
BASE_E3,conditional,run_ad71d751b20623006c195ff3,1702425599999999999,10140.76369472618081762530000,10140.763694726182,0.0,True
BASE_E3,conditional,run_ad71d751b20623006c195ff3,1702511999999999999,10144.01299818865596331330000,10144.012998188657,0.0,True
BASE_E3,conditional,run_ad71d751b20623006c195ff3,1702598399999999999,10145.60428733851145831330000,10145.604287338512,0.0,True
BASE_E3,conditional,run_ad71d751b20623006c195ff3,1702684799999999999,10146.15378237954507281850000,10146.153782379544,0.0,True
BASE_E3,conditional,run_ad71d751b20623006c195ff3,1702771199999999999,10148.89608173053727681850000,10148.896081730538,0.0,True
BASE_E3,conditional,run_ad71d751b20623006c195ff3,1702857599999999999,10150.50783402986316845450000,10150.507834029864,1.8189894035458565e-12,True
BASE_E3,conditional,run_ad71d751b20623006c195ff3,1702943999999999999,10152.45091777011408062410000,10152.450917770115,0.0,True
BASE_E3,conditional,run_ad71d751b20623006c195ff3,1703030399999999999,10153.84653125177540062410000,10153.846531251775,0.0,True
BASE_E3,conditional,run_ad71d751b20623006c195ff3,1703116799999999999,10154.66131365095469006490000,10154.661313650955,0.0,True
BASE_E3,conditional,run_ad71d751b20623006c195ff3,1703203199999999999,10159.76631904450514589850000,10159.766319044504,-1.8189894035458565e-12,True
BASE_E3,conditional,run_ad71d751b20623006c195ff3,1703289599999999999,10166.82399224798931222570000,10166.82399224799,0.0,True
BASE_E3,conditional,run_ad71d751b20623006c195ff3,1703375999999999999,10170.25612118509241728890000,10170.256121185093,1.8189894035458565e-12,True
BASE_E3,conditional,run_ad71d751b20623006c195ff3,1703462399999999999,10174.65503479253641333090000,10174.655034792539,1.8189894035458565e-12,True
BASE_E3,conditional,run_ad71d751b20623006c195ff3,1703548799999999999,10176.69546850675870987390000,10176.695468506758,-1.8189894035458565e-12,True
BASE_E3,conditional,run_ad71d751b20623006c195ff3,1703635199999999999,10183.85208904901686908670000,10183.852089049018,1.8189894035458565e-12,True
BASE_E3,conditional,run_ad71d751b20623006c195ff3,1703721599999999999,10190.98009281869352882550000,10190.980092818692,-1.8189894035458565e-12,True
BASE_E3,conditional,run_ad71d751b20623006c195ff3,1703807999999999999,10196.64846043511217516510000,10196.648460435112,0.0,True
BASE_E3,conditional,run_ad71d751b20623006c195ff3,1703894399999999999,10206.68533489193944192410000,10206.68533489194,0.0,True
BASE_E3,conditional,run_ad71d751b20623006c195ff3,1703980799999999999,10212.48940235338281221570000,10212.489402353383,0.0,True
BASE_E3,conditional,run_ad71d751b20623006c195ff3,1704067199999999999,10217.44071106276812412970000,10217.440711062767,-1.8189894035458565e-12,True
BASE_E3,permanent,run_dfea4b7ac1475668d5968c97,1701475199999999999,10517.75380250969700863369999,10517.753802509696,0.0,True
BASE_E3,permanent,run_dfea4b7ac1475668d5968c97,1701561599999999999,10517.34337188477307834729999,10517.343371884772,-1.8189894035458565e-12,True
BASE_E3,permanent,run_dfea4b7ac1475668d5968c97,1701647999999999999,10517.67603666987066634729999,10517.676036669869,-1.8189894035458565e-12,True
BASE_E3,permanent,run_dfea4b7ac1475668d5968c97,1701734399999999999,10519.95806456880559634729999,10519.958064568804,-1.8189894035458565e-12,True
BASE_E3,permanent,run_dfea4b7ac1475668d5968c97,1701820799999999999,10521.74999626452245834729999,10521.749996264522,-1.8189894035458565e-12,True
BASE_E3,permanent,run_dfea4b7ac1475668d5968c97,1701907199999999999,10525.19578060919190234729999,10525.195780609192,0.0,True
BASE_E3,permanent,run_dfea4b7ac1475668d5968c97,1701993599999999999,10523.19670323977429634729999,10523.196703239777,1.8189894035458565e-12,True
BASE_E3,permanent,run_dfea4b7ac1475668d5968c97,1702079999999999999,10523.94463431402289634729999,10523.944634314023,0.0,True
BASE_E3,permanent,run_dfea4b7ac1475668d5968c97,1702166399999999999,10530.80082342050960639009999,10530.800823420508,-1.8189894035458565e-12,True
BASE_E3,permanent,run_dfea4b7ac1475668d5968c97,1702252799999999999,10533.65159715789069214129999,10533.651597157892,1.8189894035458565e-12,True
BASE_E3,permanent,run_dfea4b7ac1475668d5968c97,1702339199999999999,10537.26859808947208883249999,10537.268598089473,1.8189894035458565e-12,True
BASE_E3,permanent,run_dfea4b7ac1475668d5968c97,1702425599999999999,10538.48780780415131883249999,10538.487807804153,1.8189894035458565e-12,True
BASE_E3,permanent,run_dfea4b7ac1475668d5968c97,1702511999999999999,10541.85042250136834098969999,10541.85042250137,1.8189894035458565e-12,True
BASE_E3,permanent,run_dfea4b7ac1475668d5968c97,1702598399999999999,10543.49850275841632098969999,10543.498502758417,0.0,True
BASE_E3,permanent,run_dfea4b7ac1475668d5968c97,1702684799999999999,10544.06017995893222476609999,10544.060179958933,0.0,True
BASE_E3,permanent,run_dfea4b7ac1475668d5968c97,1702771199999999999,10546.90365613876230676609999,10546.903656138762,0.0,True
BASE_E3,permanent,run_dfea4b7ac1475668d5968c97,1702857599999999999,10548.76727466768156141809999,10548.767274667684,1.8189894035458565e-12,True
BASE_E3,permanent,run_dfea4b7ac1475668d5968c97,1702943999999999999,10550.72781948327871117009999,10550.72781948328,1.8189894035458565e-12,True
BASE_E3,permanent,run_dfea4b7ac1475668d5968c97,1703030399999999999,10552.15298994094003117009999,10552.15298994094,0.0,True
BASE_E3,permanent,run_dfea4b7ac1475668d5968c97,1703116799999999999,10552.97142095310573320929999,10552.971420953107,1.8189894035458565e-12,True
BASE_E3,permanent,run_dfea4b7ac1475668d5968c97,1703203199999999999,10558.14819097231312839649999,10558.148190972313,0.0,True
BASE_E3,permanent,run_dfea4b7ac1475668d5968c97,1703289599999999999,10565.32150146840169472369999,10565.321501468403,1.8189894035458565e-12,True
BASE_E3,permanent,run_dfea4b7ac1475668d5968c97,1703375999999999999,10568.80807551434373873889999,10568.808075514344,0.0,True
BASE_E3,permanent,run_dfea4b7ac1475668d5968c97,1703462399999999999,10573.25772485091049676889999,10573.257724850911,1.8189894035458565e-12,True
BASE_E3,permanent,run_dfea4b7ac1475668d5968c97,1703548799999999999,10575.33680350010740936269999,10575.336803500108,0.0,True
BASE_E3,permanent,run_dfea4b7ac1475668d5968c97,1703635199999999999,10582.61410523769671572749999,10582.614105237699,1.8189894035458565e-12,True
BASE_E3,permanent,run_dfea4b7ac1475668d5968c97,1703721599999999999,10589.83563099146733545909999,10589.835630991469,1.8189894035458565e-12,True
BASE_E3,permanent,run_dfea4b7ac1475668d5968c97,1703807999999999999,10595.60982094446232903789999,10595.609820944463,0.0,True
BASE_E3,permanent,run_dfea4b7ac1475668d5968c97,1703894399999999999,10605.78352571004563528769999,10605.783525710045,0.0,True
BASE_E3,permanent,run_dfea4b7ac1475668d5968c97,1703980799999999999,10611.65124104303926317689999,10611.65124104304,1.8189894035458565e-12,True
BASE_E3,permanent,run_dfea4b7ac1475668d5968c97,1704067199999999999,10616.65659629191340324689999,10616.656596291914,0.0,True
MARGEN_2X,conditional,run_70383794701c4f0fc157b2ed,1701475199999999999,10121.05966051344687639530000,10121.059660513447,0.0,True
MARGEN_2X,conditional,run_70383794701c4f0fc157b2ed,1701561599999999999,10120.66075914029070004770000,10120.66075914029,0.0,True
MARGEN_2X,conditional,run_70383794701c4f0fc157b2ed,1701647999999999999,10120.58392810433613904770000,10120.583928104335,0.0,True
MARGEN_2X,conditional,run_70383794701c4f0fc157b2ed,1701734399999999999,10122.72599747204605704770000,10122.725997472047,1.8189894035458565e-12,True
MARGEN_2X,conditional,run_70383794701c4f0fc157b2ed,1701820799999999999,10124.43437013678757904770000,10124.434370136789,1.8189894035458565e-12,True
MARGEN_2X,conditional,run_70383794701c4f0fc157b2ed,1701907199999999999,10127.69957132624770304770000,10127.699571326246,-1.8189894035458565e-12,True
MARGEN_2X,conditional,run_70383794701c4f0fc157b2ed,1701993599999999999,10124.98393877527738904770000,10124.983938775276,-1.8189894035458565e-12,True
MARGEN_2X,conditional,run_70383794701c4f0fc157b2ed,1702079999999999999,10126.47294127836918904770000,10126.47294127837,1.8189894035458565e-12,True
MARGEN_2X,conditional,run_70383794701c4f0fc157b2ed,1702166399999999999,10132.92709137348007498410000,10132.92709137348,0.0,True
MARGEN_2X,conditional,run_70383794701c4f0fc157b2ed,1702252799999999999,10136.09958283921810994370000,10136.099582839217,-1.8189894035458565e-12,True
MARGEN_2X,conditional,run_70383794701c4f0fc157b2ed,1702339199999999999,10139.58914048175235162530000,10139.589140481752,0.0,True
MARGEN_2X,conditional,run_70383794701c4f0fc157b2ed,1702425599999999999,10140.76369472618081762530000,10140.763694726182,0.0,True
MARGEN_2X,conditional,run_70383794701c4f0fc157b2ed,1702511999999999999,10144.01299818865596331330000,10144.012998188657,0.0,True
MARGEN_2X,conditional,run_70383794701c4f0fc157b2ed,1702598399999999999,10145.60428733851145831330000,10145.604287338512,0.0,True
MARGEN_2X,conditional,run_70383794701c4f0fc157b2ed,1702684799999999999,10146.15378237954507281850000,10146.153782379544,0.0,True
MARGEN_2X,conditional,run_70383794701c4f0fc157b2ed,1702771199999999999,10148.89608173053727681850000,10148.896081730538,0.0,True
MARGEN_2X,conditional,run_70383794701c4f0fc157b2ed,1702857599999999999,10150.50783402986316845450000,10150.507834029864,1.8189894035458565e-12,True
MARGEN_2X,conditional,run_70383794701c4f0fc157b2ed,1702943999999999999,10152.45091777011408062410000,10152.450917770115,0.0,True
MARGEN_2X,conditional,run_70383794701c4f0fc157b2ed,1703030399999999999,10153.84653125177540062410000,10153.846531251775,0.0,True
MARGEN_2X,conditional,run_70383794701c4f0fc157b2ed,1703116799999999999,10154.66131365095469006490000,10154.661313650955,0.0,True
MARGEN_2X,conditional,run_70383794701c4f0fc157b2ed,1703203199999999999,10159.76631904450514589850000,10159.766319044504,-1.8189894035458565e-12,True
MARGEN_2X,conditional,run_70383794701c4f0fc157b2ed,1703289599999999999,10166.82399224798931222570000,10166.82399224799,0.0,True
MARGEN_2X,conditional,run_70383794701c4f0fc157b2ed,1703375999999999999,10170.25612118509241728890000,10170.256121185093,1.8189894035458565e-12,True
MARGEN_2X,conditional,run_70383794701c4f0fc157b2ed,1703462399999999999,10174.65503479253641333090000,10174.655034792539,1.8189894035458565e-12,True
MARGEN_2X,conditional,run_70383794701c4f0fc157b2ed,1703548799999999999,10176.69546850675870987390000,10176.695468506758,-1.8189894035458565e-12,True
MARGEN_2X,conditional,run_70383794701c4f0fc157b2ed,1703635199999999999,10183.85208904901686908670000,10183.852089049018,1.8189894035458565e-12,True
MARGEN_2X,conditional,run_70383794701c4f0fc157b2ed,1703721599999999999,10190.98009281869352882550000,10190.980092818692,-1.8189894035458565e-12,True
MARGEN_2X,conditional,run_70383794701c4f0fc157b2ed,1703807999999999999,10196.64846043511217516510000,10196.648460435112,0.0,True
MARGEN_2X,conditional,run_70383794701c4f0fc157b2ed,1703894399999999999,10206.68533489193944192410000,10206.68533489194,0.0,True
MARGEN_2X,conditional,run_70383794701c4f0fc157b2ed,1703980799999999999,10212.48940235338281221570000,10212.489402353383,0.0,True
MARGEN_2X,conditional,run_70383794701c4f0fc157b2ed,1704067199999999999,10217.44071106276812412970000,10217.440711062767,-1.8189894035458565e-12,True
MARGEN_2X,permanent,run_3f5d9cce8ff1c2ba5447e3b6,1701475199999999999,10517.75380250969700863369999,10517.753802509696,0.0,True
MARGEN_2X,permanent,run_3f5d9cce8ff1c2ba5447e3b6,1701561599999999999,10517.34337188477307834729999,10517.343371884772,-1.8189894035458565e-12,True
MARGEN_2X,permanent,run_3f5d9cce8ff1c2ba5447e3b6,1701647999999999999,10517.67603666987066634729999,10517.676036669869,-1.8189894035458565e-12,True
MARGEN_2X,permanent,run_3f5d9cce8ff1c2ba5447e3b6,1701734399999999999,10519.95806456880559634729999,10519.958064568804,-1.8189894035458565e-12,True
MARGEN_2X,permanent,run_3f5d9cce8ff1c2ba5447e3b6,1701820799999999999,10521.74999626452245834729999,10521.749996264522,-1.8189894035458565e-12,True
MARGEN_2X,permanent,run_3f5d9cce8ff1c2ba5447e3b6,1701907199999999999,10525.19578060919190234729999,10525.195780609192,0.0,True
MARGEN_2X,permanent,run_3f5d9cce8ff1c2ba5447e3b6,1701993599999999999,10523.19670323977429634729999,10523.196703239777,1.8189894035458565e-12,True
MARGEN_2X,permanent,run_3f5d9cce8ff1c2ba5447e3b6,1702079999999999999,10523.94463431402289634729999,10523.944634314023,0.0,True
MARGEN_2X,permanent,run_3f5d9cce8ff1c2ba5447e3b6,1702166399999999999,10530.80082342050960639009999,10530.800823420508,-1.8189894035458565e-12,True
MARGEN_2X,permanent,run_3f5d9cce8ff1c2ba5447e3b6,1702252799999999999,10533.65159715789069214129999,10533.651597157892,1.8189894035458565e-12,True
MARGEN_2X,permanent,run_3f5d9cce8ff1c2ba5447e3b6,1702339199999999999,10537.26859808947208883249999,10537.268598089473,1.8189894035458565e-12,True
MARGEN_2X,permanent,run_3f5d9cce8ff1c2ba5447e3b6,1702425599999999999,10538.48780780415131883249999,10538.487807804153,1.8189894035458565e-12,True
MARGEN_2X,permanent,run_3f5d9cce8ff1c2ba5447e3b6,1702511999999999999,10541.85042250136834098969999,10541.85042250137,1.8189894035458565e-12,True
MARGEN_2X,permanent,run_3f5d9cce8ff1c2ba5447e3b6,1702598399999999999,10543.49850275841632098969999,10543.498502758417,0.0,True
MARGEN_2X,permanent,run_3f5d9cce8ff1c2ba5447e3b6,1702684799999999999,10544.06017995893222476609999,10544.060179958933,0.0,True
MARGEN_2X,permanent,run_3f5d9cce8ff1c2ba5447e3b6,1702771199999999999,10546.90365613876230676609999,10546.903656138762,0.0,True
MARGEN_2X,permanent,run_3f5d9cce8ff1c2ba5447e3b6,1702857599999999999,10548.76727466768156141809999,10548.767274667684,1.8189894035458565e-12,True
MARGEN_2X,permanent,run_3f5d9cce8ff1c2ba5447e3b6,1702943999999999999,10550.72781948327871117009999,10550.72781948328,1.8189894035458565e-12,True
MARGEN_2X,permanent,run_3f5d9cce8ff1c2ba5447e3b6,1703030399999999999,10552.15298994094003117009999,10552.15298994094,0.0,True
MARGEN_2X,permanent,run_3f5d9cce8ff1c2ba5447e3b6,1703116799999999999,10552.97142095310573320929999,10552.971420953107,1.8189894035458565e-12,True
MARGEN_2X,permanent,run_3f5d9cce8ff1c2ba5447e3b6,1703203199999999999,10558.14819097231312839649999,10558.148190972313,0.0,True
MARGEN_2X,permanent,run_3f5d9cce8ff1c2ba5447e3b6,1703289599999999999,10565.32150146840169472369999,10565.321501468403,1.8189894035458565e-12,True
MARGEN_2X,permanent,run_3f5d9cce8ff1c2ba5447e3b6,1703375999999999999,10568.80807551434373873889999,10568.808075514344,0.0,True
MARGEN_2X,permanent,run_3f5d9cce8ff1c2ba5447e3b6,1703462399999999999,10573.25772485091049676889999,10573.257724850911,1.8189894035458565e-12,True
MARGEN_2X,permanent,run_3f5d9cce8ff1c2ba5447e3b6,1703548799999999999,10575.33680350010740936269999,10575.336803500108,0.0,True
MARGEN_2X,permanent,run_3f5d9cce8ff1c2ba5447e3b6,1703635199999999999,10582.61410523769671572749999,10582.614105237699,1.8189894035458565e-12,True
MARGEN_2X,permanent,run_3f5d9cce8ff1c2ba5447e3b6,1703721599999999999,10589.83563099146733545909999,10589.835630991469,1.8189894035458565e-12,True
MARGEN_2X,permanent,run_3f5d9cce8ff1c2ba5447e3b6,1703807999999999999,10595.60982094446232903789999,10595.609820944463,0.0,True
MARGEN_2X,permanent,run_3f5d9cce8ff1c2ba5447e3b6,1703894399999999999,10605.78352571004563528769999,10605.783525710045,0.0,True
MARGEN_2X,permanent,run_3f5d9cce8ff1c2ba5447e3b6,1703980799999999999,10611.65124104303926317689999,10611.65124104304,1.8189894035458565e-12,True
MARGEN_2X,permanent,run_3f5d9cce8ff1c2ba5447e3b6,1704067199999999999,10616.65659629191340324689999,10616.656596291914,0.0,True
BASE_E3,conditional,run_ad71d751b20623006c195ff3,1704153599999999999,10220.56105871382610990610000,10220.561058713825,0.0,True
BASE_E3,conditional,run_ad71d751b20623006c195ff3,1704239999999999999,10234.36475172629633021750000,10234.364751726294,-1.8189894035458565e-12,True
BASE_E3,conditional,run_ad71d751b20623006c195ff3,1704326399999999999,10240.56732605578824015150000,10240.567326055789,0.0,True
BASE_E3,conditional,run_ad71d751b20623006c195ff3,1704412799999999999,10243.30160125242496215150000,10243.301601252424,-1.8189894035458565e-12,True
BASE_E3,conditional,run_ad71d751b20623006c195ff3,1704499199999999999,10245.03875279459098815150000,10245.03875279459,-1.8189894035458565e-12,True
BASE_E3,conditional,run_ad71d751b20623006c195ff3,1704585599999999999,10247.80768208137272415150000,10247.807682081373,0.0,True
BASE_E3,conditional,run_ad71d751b20623006c195ff3,1704671999999999999,10250.72473940968180815150000,10250.724739409681,0.0,True
BASE_E3,conditional,run_ad71d751b20623006c195ff3,1704758399999999999,10248.79258453584702015150000,10248.792584535848,0.0,True
BASE_E3,conditional,run_ad71d751b20623006c195ff3,1704844799999999999,10252.39665828969635815150000,10252.396658289697,1.8189894035458565e-12,True
BASE_E3,conditional,run_ad71d751b20623006c195ff3,1704931199999999999,10253.00048556839414415150000,10253.000485568395,0.0,True
BASE_E3,conditional,run_ad71d751b20623006c195ff3,1705017599999999999,10252.87577771416279415150000,10252.875777714162,-1.8189894035458565e-12,True
BASE_E3,conditional,run_ad71d751b20623006c195ff3,1705103999999999999,10252.85230447286279415150000,10252.85230447286,-1.8189894035458565e-12,True
BASE_E3,conditional,run_ad71d751b20623006c195ff3,1705190399999999999,10252.85377488876279415150000,10252.853774888761,-1.8189894035458565e-12,True
BASE_E3,conditional,run_ad71d751b20623006c195ff3,1705276799999999999,10252.84465624346279415150000,10252.844656243462,0.0,True
BASE_E3,conditional,run_ad71d751b20623006c195ff3,1705363199999999999,10252.84980641286279415150000,10252.849806412862,-1.8189894035458565e-12,True
BASE_E3,conditional,run_ad71d751b20623006c195ff3,1705449599999999999,10252.85598633616279415150000,10252.855986336162,0.0,True
BASE_E3,conditional,run_ad71d751b20623006c195ff3,1705535999999999999,10252.85200143456279415150000,10252.852001434561,-1.8189894035458565e-12,True
BASE_E3,conditional,run_ad71d751b20623006c195ff3,1705622399999999999,10252.84146510746279415150000,10252.841465107462,-1.8189894035458565e-12,True
BASE_E3,conditional,run_ad71d751b20623006c195ff3,1705708799999999999,10252.84421474836279415150000,10252.844214748362,0.0,True
BASE_E3,conditional,run_ad71d751b20623006c195ff3,1705795199999999999,10252.84387917836279415150000,10252.843879178361,-1.8189894035458565e-12,True
BASE_E3,conditional,run_ad71d751b20623006c195ff3,1705881599999999999,10252.84270120536279415150000,10252.842701205362,-1.8189894035458565e-12,True
BASE_E3,conditional,run_ad71d751b20623006c195ff3,1705967999999999999,10252.82657467196279415150000,10252.82657467196,-1.8189894035458565e-12,True
BASE_E3,conditional,run_ad71d751b20623006c195ff3,1706054399999999999,10252.82636273376279415150000,10252.826362733762,0.0,True
BASE_E3,conditional,run_ad71d751b20623006c195ff3,1706140799999999999,10252.82736849596279415150000,10252.827368495962,0.0,True
BASE_E3,conditional,run_ad71d751b20623006c195ff3,1706227199999999999,10252.82600940886279415150000,10252.826009408862,-1.8189894035458565e-12,True
BASE_E3,conditional,run_ad71d751b20623006c195ff3,1706313599999999999,10252.83851797516279415150000,10252.838517975162,0.0,True
BASE_E3,conditional,run_ad71d751b20623006c195ff3,1706399999999999999,10252.84037599206279415150000,10252.840375992062,0.0,True
BASE_E3,conditional,run_ad71d751b20623006c195ff3,1706486399999999999,10252.83959243286279415150000,10252.839592432862,-1.8189894035458565e-12,True
BASE_E3,conditional,run_ad71d751b20623006c195ff3,1706572799999999999,10252.84877141976279415150000,10252.848771419762,-1.8189894035458565e-12,True
BASE_E3,conditional,run_ad71d751b20623006c195ff3,1706659199999999999,10252.84756072696279415150000,10252.847560726961,-1.8189894035458565e-12,True
BASE_E3,conditional,run_ad71d751b20623006c195ff3,1706745599999999999,10252.84360137786279415150000,10252.843601377861,-1.8189894035458565e-12,True
BASE_E3,permanent,run_dfea4b7ac1475668d5968c97,1704153599999999999,10619.82463287565142728009999,10619.82463287565,-1.8189894035458565e-12,True
BASE_E3,permanent,run_dfea4b7ac1475668d5968c97,1704239999999999999,10633.81111276922970955349999,10633.81111276923,0.0,True
BASE_E3,permanent,run_dfea4b7ac1475668d5968c97,1704326399999999999,10640.10352710725292473469999,10640.103527107254,1.8189894035458565e-12,True
BASE_E3,permanent,run_dfea4b7ac1475668d5968c97,1704412799999999999,10642.86574992789600273469999,10642.865749927896,0.0,True
BASE_E3,permanent,run_dfea4b7ac1475668d5968c97,1704499199999999999,10644.27475586330337673469999,10644.274755863304,0.0,True
BASE_E3,permanent,run_dfea4b7ac1475668d5968c97,1704585599999999999,10647.16206431593876073469999,10647.162064315939,0.0,True
BASE_E3,permanent,run_dfea4b7ac1475668d5968c97,1704671999999999999,10650.17749113063418873469999,10650.177491130633,-1.8189894035458565e-12,True
BASE_E3,permanent,run_dfea4b7ac1475668d5968c97,1704758399999999999,10648.18686759210764873469999,10648.186867592107,0.0,True
BASE_E3,permanent,run_dfea4b7ac1475668d5968c97,1704844799999999999,10651.95027418034520673469999,10651.950274180346,1.8189894035458565e-12,True
BASE_E3,permanent,run_dfea4b7ac1475668d5968c97,1704931199999999999,10652.53924683438354873469999,10652.539246834383,0.0,True
BASE_E3,permanent,run_dfea4b7ac1475668d5968c97,1705017599999999999,10642.15783677667037073469999,10642.15783677667,0.0,True
BASE_E3,permanent,run_dfea4b7ac1475668d5968c97,1705103999999999999,10648.71617624665037073469999,10648.71617624665,-1.8189894035458565e-12,True
BASE_E3,permanent,run_dfea4b7ac1475668d5968c97,1705190399999999999,10651.14564097987035873469999,10651.14564097987,0.0,True
BASE_E3,permanent,run_dfea4b7ac1475668d5968c97,1705276799999999999,10651.37518805062936273469999,10651.375188050628,-1.8189894035458565e-12,True
BASE_E3,permanent,run_dfea4b7ac1475668d5968c97,1705363199999999999,10654.43157274061216773469999,10654.431572740614,1.8189894035458565e-12,True
BASE_E3,permanent,run_dfea4b7ac1475668d5968c97,1705449599999999999,10656.98875109947048073469999,10656.98875109947,0.0,True
BASE_E3,permanent,run_dfea4b7ac1475668d5968c97,1705535999999999999,10658.26470983054661073469999,10658.264709830546,0.0,True
BASE_E3,permanent,run_dfea4b7ac1475668d5968c97,1705622399999999999,10660.84489634391741073469999,10660.844896343917,0.0,True
BASE_E3,permanent,run_dfea4b7ac1475668d5968c97,1705708799999999999,10660.91271696631867673469999,10660.91271696632,1.8189894035458565e-12,True
BASE_E3,permanent,run_dfea4b7ac1475668d5968c97,1705795199999999999,10663.82458621206385873469999,10663.824586212064,0.0,True
BASE_E3,permanent,run_dfea4b7ac1475668d5968c97,1705881599999999999,10666.25031413803115973469999,10666.250314138031,0.0,True
BASE_E3,permanent,run_dfea4b7ac1475668d5968c97,1705967999999999999,10667.86929803346370573469999,10667.869298033464,0.0,True
BASE_E3,permanent,run_dfea4b7ac1475668d5968c97,1706054399999999999,10670.01715609623991973469999,10670.017156096239,-1.8189894035458565e-12,True
BASE_E3,permanent,run_dfea4b7ac1475668d5968c97,1706140799999999999,10671.98763240267163373469999,10671.987632402672,0.0,True
BASE_E3,permanent,run_dfea4b7ac1475668d5968c97,1706227199999999999,10674.02585916757909673469999,10674.02585916758,0.0,True
BASE_E3,permanent,run_dfea4b7ac1475668d5968c97,1706313599999999999,10676.25510849100244973469999,10676.255108491001,-1.8189894035458565e-12,True
BASE_E3,permanent,run_dfea4b7ac1475668d5968c97,1706399999999999999,10678.83477660931074973469999,10678.83477660931,0.0,True
BASE_E3,permanent,run_dfea4b7ac1475668d5968c97,1706486399999999999,10678.73508350237244973469999,10678.735083502374,1.8189894035458565e-12,True
BASE_E3,permanent,run_dfea4b7ac1475668d5968c97,1706572799999999999,10681.73896445613124473469999,10681.73896445613,-1.8189894035458565e-12,True
BASE_E3,permanent,run_dfea4b7ac1475668d5968c97,1706659199999999999,10683.39165323941637273469999,10683.391653239416,0.0,True
BASE_E3,permanent,run_dfea4b7ac1475668d5968c97,1706745599999999999,10684.89959280054941248309999,10684.89959280055,0.0,True
MARGEN_2X,conditional,run_70383794701c4f0fc157b2ed,1704153599999999999,10220.56105871382610990610000,10220.561058713825,0.0,True
MARGEN_2X,conditional,run_70383794701c4f0fc157b2ed,1704239999999999999,10234.36475172629633021750000,10234.364751726294,-1.8189894035458565e-12,True
MARGEN_2X,conditional,run_70383794701c4f0fc157b2ed,1704326399999999999,10240.56732605578824015150000,10240.567326055789,0.0,True
MARGEN_2X,conditional,run_70383794701c4f0fc157b2ed,1704412799999999999,10243.30160125242496215150000,10243.301601252424,-1.8189894035458565e-12,True
MARGEN_2X,conditional,run_70383794701c4f0fc157b2ed,1704499199999999999,10245.03875279459098815150000,10245.03875279459,-1.8189894035458565e-12,True
MARGEN_2X,conditional,run_70383794701c4f0fc157b2ed,1704585599999999999,10247.80768208137272415150000,10247.807682081373,0.0,True
MARGEN_2X,conditional,run_70383794701c4f0fc157b2ed,1704671999999999999,10250.72473940968180815150000,10250.724739409681,0.0,True
MARGEN_2X,conditional,run_70383794701c4f0fc157b2ed,1704758399999999999,10248.79258453584702015150000,10248.792584535848,0.0,True
MARGEN_2X,conditional,run_70383794701c4f0fc157b2ed,1704844799999999999,10252.39665828969635815150000,10252.396658289697,1.8189894035458565e-12,True
MARGEN_2X,conditional,run_70383794701c4f0fc157b2ed,1704931199999999999,10253.00048556839414415150000,10253.000485568395,0.0,True
MARGEN_2X,conditional,run_70383794701c4f0fc157b2ed,1705017599999999999,10240.15051484416279415150000,10240.150514844163,0.0,True
MARGEN_2X,conditional,run_70383794701c4f0fc157b2ed,1705103999999999999,10240.12704160286279415150000,10240.127041602862,0.0,True
MARGEN_2X,conditional,run_70383794701c4f0fc157b2ed,1705190399999999999,10240.12851201876279415150000,10240.128512018762,0.0,True
MARGEN_2X,conditional,run_70383794701c4f0fc157b2ed,1705276799999999999,10240.11939337346279415150000,10240.119393373463,0.0,True
MARGEN_2X,conditional,run_70383794701c4f0fc157b2ed,1705363199999999999,10240.12454354286279415150000,10240.124543542863,0.0,True
MARGEN_2X,conditional,run_70383794701c4f0fc157b2ed,1705449599999999999,10240.13072346616279415150000,10240.130723466164,0.0,True
MARGEN_2X,conditional,run_70383794701c4f0fc157b2ed,1705535999999999999,10240.12673856456279415150000,10240.126738564562,0.0,True
MARGEN_2X,conditional,run_70383794701c4f0fc157b2ed,1705622399999999999,10240.11620223746279415150000,10240.116202237463,0.0,True
MARGEN_2X,conditional,run_70383794701c4f0fc157b2ed,1705708799999999999,10240.11895187836279415150000,10240.118951878363,0.0,True
MARGEN_2X,conditional,run_70383794701c4f0fc157b2ed,1705795199999999999,10240.11861630836279415150000,10240.118616308362,0.0,True
MARGEN_2X,conditional,run_70383794701c4f0fc157b2ed,1705881599999999999,10240.11743833536279415150000,10240.117438335363,0.0,True
MARGEN_2X,conditional,run_70383794701c4f0fc157b2ed,1705967999999999999,10240.10131180196279415150000,10240.101311801962,-1.8189894035458565e-12,True
MARGEN_2X,conditional,run_70383794701c4f0fc157b2ed,1706054399999999999,10240.10109986376279415150000,10240.101099863763,0.0,True
MARGEN_2X,conditional,run_70383794701c4f0fc157b2ed,1706140799999999999,10240.10210562596279415150000,10240.102105625963,0.0,True
MARGEN_2X,conditional,run_70383794701c4f0fc157b2ed,1706227199999999999,10240.10074653886279415150000,10240.100746538863,0.0,True
MARGEN_2X,conditional,run_70383794701c4f0fc157b2ed,1706313599999999999,10240.11325510516279415150000,10240.113255105163,0.0,True
MARGEN_2X,conditional,run_70383794701c4f0fc157b2ed,1706399999999999999,10240.11511312206279415150000,10240.115113122063,0.0,True
MARGEN_2X,conditional,run_70383794701c4f0fc157b2ed,1706486399999999999,10240.11432956286279415150000,10240.114329562863,0.0,True
MARGEN_2X,conditional,run_70383794701c4f0fc157b2ed,1706572799999999999,10240.12350854976279415150000,10240.123508549763,0.0,True
MARGEN_2X,conditional,run_70383794701c4f0fc157b2ed,1706659199999999999,10240.12229785696279415150000,10240.122297856962,0.0,True
MARGEN_2X,conditional,run_70383794701c4f0fc157b2ed,1706745599999999999,10240.11833850786279415150000,10240.118338507862,0.0,True
MARGEN_2X,permanent,run_3f5d9cce8ff1c2ba5447e3b6,1704153599999999999,10619.82463287565142728009999,10619.82463287565,-1.8189894035458565e-12,True
MARGEN_2X,permanent,run_3f5d9cce8ff1c2ba5447e3b6,1704239999999999999,10633.81111276922970955349999,10633.81111276923,0.0,True
MARGEN_2X,permanent,run_3f5d9cce8ff1c2ba5447e3b6,1704326399999999999,10640.10352710725292473469999,10640.103527107254,1.8189894035458565e-12,True
MARGEN_2X,permanent,run_3f5d9cce8ff1c2ba5447e3b6,1704412799999999999,10642.86574992789600273469999,10642.865749927896,0.0,True
MARGEN_2X,permanent,run_3f5d9cce8ff1c2ba5447e3b6,1704499199999999999,10644.27475586330337673469999,10644.274755863304,0.0,True
MARGEN_2X,permanent,run_3f5d9cce8ff1c2ba5447e3b6,1704585599999999999,10647.16206431593876073469999,10647.162064315939,0.0,True
MARGEN_2X,permanent,run_3f5d9cce8ff1c2ba5447e3b6,1704671999999999999,10650.17749113063418873469999,10650.177491130633,-1.8189894035458565e-12,True
MARGEN_2X,permanent,run_3f5d9cce8ff1c2ba5447e3b6,1704758399999999999,10648.18686759210764873469999,10648.186867592107,0.0,True
MARGEN_2X,permanent,run_3f5d9cce8ff1c2ba5447e3b6,1704844799999999999,10651.95027418034520673469999,10651.950274180346,1.8189894035458565e-12,True
MARGEN_2X,permanent,run_3f5d9cce8ff1c2ba5447e3b6,1704931199999999999,10652.53924683438354873469999,10652.539246834383,0.0,True
MARGEN_2X,permanent,run_3f5d9cce8ff1c2ba5447e3b6,1705017599999999999,10644.73568313667037073469999,10644.735683136669,-1.8189894035458565e-12,True
MARGEN_2X,permanent,run_3f5d9cce8ff1c2ba5447e3b6,1705103999999999999,10651.29402260665037073469999,10651.29402260665,-1.8189894035458565e-12,True
MARGEN_2X,permanent,run_3f5d9cce8ff1c2ba5447e3b6,1705190399999999999,10653.72348733987035873469999,10653.72348733987,0.0,True
MARGEN_2X,permanent,run_3f5d9cce8ff1c2ba5447e3b6,1705276799999999999,10653.95303441062936273469999,10653.953034410628,-1.8189894035458565e-12,True
MARGEN_2X,permanent,run_3f5d9cce8ff1c2ba5447e3b6,1705363199999999999,10657.00941910061216773469999,10657.009419100614,1.8189894035458565e-12,True
MARGEN_2X,permanent,run_3f5d9cce8ff1c2ba5447e3b6,1705449599999999999,10659.56659745947048073469999,10659.56659745947,0.0,True
MARGEN_2X,permanent,run_3f5d9cce8ff1c2ba5447e3b6,1705535999999999999,10660.84255619054661073469999,10660.842556190546,0.0,True
MARGEN_2X,permanent,run_3f5d9cce8ff1c2ba5447e3b6,1705622399999999999,10663.42274270391741073469999,10663.422742703917,0.0,True
MARGEN_2X,permanent,run_3f5d9cce8ff1c2ba5447e3b6,1705708799999999999,10663.49056332631867673469999,10663.49056332632,1.8189894035458565e-12,True
MARGEN_2X,permanent,run_3f5d9cce8ff1c2ba5447e3b6,1705795199999999999,10666.40243257206385873469999,10666.402432572064,0.0,True
MARGEN_2X,permanent,run_3f5d9cce8ff1c2ba5447e3b6,1705881599999999999,10668.82816049803115973469999,10668.828160498031,0.0,True
MARGEN_2X,permanent,run_3f5d9cce8ff1c2ba5447e3b6,1705967999999999999,10670.44714439346370573469999,10670.447144393464,0.0,True
MARGEN_2X,permanent,run_3f5d9cce8ff1c2ba5447e3b6,1706054399999999999,10672.59500245623991973469999,10672.595002456239,-1.8189894035458565e-12,True
MARGEN_2X,permanent,run_3f5d9cce8ff1c2ba5447e3b6,1706140799999999999,10674.56547876267163373469999,10674.565478762672,0.0,True
MARGEN_2X,permanent,run_3f5d9cce8ff1c2ba5447e3b6,1706227199999999999,10676.60370552757909673469999,10676.60370552758,0.0,True
MARGEN_2X,permanent,run_3f5d9cce8ff1c2ba5447e3b6,1706313599999999999,10678.82718893100244973469999,10678.827188931004,1.8189894035458565e-12,True
MARGEN_2X,permanent,run_3f5d9cce8ff1c2ba5447e3b6,1706399999999999999,10681.40757928488284973469999,10681.407579284883,0.0,True
MARGEN_2X,permanent,run_3f5d9cce8ff1c2ba5447e3b6,1706486399999999999,10681.30778858957844973469999,10681.307788589578,0.0,True
MARGEN_2X,permanent,run_3f5d9cce8ff1c2ba5447e3b6,1706572799999999999,10684.31274800279425573469999,10684.312748002794,0.0,True
MARGEN_2X,permanent,run_3f5d9cce8ff1c2ba5447e3b6,1706659199999999999,10685.96596895737095973469999,10685.965968957371,0.0,True
MARGEN_2X,permanent,run_3f5d9cce8ff1c2ba5447e3b6,1706745599999999999,10687.47472142354142448309999,10687.474721423543,1.8189894035458565e-12,True
BASE_E3,conditional,run_ad71d751b20623006c195ff3,1706831999999999999,10252.84714247236279415150000,10252.847142472361,-1.8189894035458565e-12,True
BASE_E3,conditional,run_ad71d751b20623006c195ff3,1706918399999999999,10252.84797318286279415150000,10252.847973182861,-1.8189894035458565e-12,True
BASE_E3,conditional,run_ad71d751b20623006c195ff3,1707004799999999999,10252.84645966586279415150000,10252.846459665861,-1.8189894035458565e-12,True
BASE_E3,conditional,run_ad71d751b20623006c195ff3,1707091199999999999,10252.84383458306279415150000,10252.843834583062,-1.8189894035458565e-12,True
BASE_E3,conditional,run_ad71d751b20623006c195ff3,1707177599999999999,10252.84485837986279415150000,10252.844858379862,-1.8189894035458565e-12,True
BASE_E3,conditional,run_ad71d751b20623006c195ff3,1707263999999999999,10252.84916471986279415150000,10252.84916471986,-1.8189894035458565e-12,True
BASE_E3,conditional,run_ad71d751b20623006c195ff3,1707350399999999999,10252.85800710896279415150000,10252.858007108962,-1.8189894035458565e-12,True
BASE_E3,conditional,run_ad71d751b20623006c195ff3,1707436799999999999,10252.86357856526279415150000,10252.863578565262,0.0,True
BASE_E3,conditional,run_ad71d751b20623006c195ff3,1707523199999999999,10252.87638509166279415150000,10252.876385091662,0.0,True
BASE_E3,conditional,run_ad71d751b20623006c195ff3,1707609599999999999,10252.88053646816279415150000,10252.880536468161,-1.8189894035458565e-12,True
BASE_E3,conditional,run_ad71d751b20623006c195ff3,1707695999999999999,10252.88394235066279415150000,10252.883942350662,-1.8189894035458565e-12,True
BASE_E3,conditional,run_ad71d751b20623006c195ff3,1707782399999999999,10252.89807753926279415150000,10252.898077539261,-1.8189894035458565e-12,True
BASE_E3,conditional,run_ad71d751b20623006c195ff3,1707868799999999999,10252.89624684876279415150000,10252.89624684876,-1.8189894035458565e-12,True
BASE_E3,conditional,run_ad71d751b20623006c195ff3,1707955199999999999,10252.91241638476279415150000,10252.912416384761,-1.8189894035458565e-12,True
BASE_E3,conditional,run_ad71d751b20623006c195ff3,1708041599999999999,10252.91444460906279415150000,10252.914444609061,-1.8189894035458565e-12,True
BASE_E3,conditional,run_ad71d751b20623006c195ff3,1708127999999999999,10252.91525227296279415150000,10252.915252272962,-1.8189894035458565e-12,True
BASE_E3,conditional,run_ad71d751b20623006c195ff3,1708214399999999999,10252.91192664296279415150000,10252.91192664296,-1.8189894035458565e-12,True
BASE_E3,conditional,run_ad71d751b20623006c195ff3,1708300799999999999,10252.91744400196279415150000,10252.917444001961,-1.8189894035458565e-12,True
BASE_E3,conditional,run_ad71d751b20623006c195ff3,1708387199999999999,10244.84208550343679415150000,10244.842085503436,0.0,True
BASE_E3,conditional,run_ad71d751b20623006c195ff3,1708473599999999999,10245.87533426156040343690000,10245.87533426156,0.0,True
BASE_E3,conditional,run_ad71d751b20623006c195ff3,1708559999999999999,10241.29019809881983511550000,10241.29019809882,1.8189894035458565e-12,True
BASE_E3,conditional,run_ad71d751b20623006c195ff3,1708646399999999999,10244.05939746554903205150000,10244.05939746555,0.0,True
BASE_E3,conditional,run_ad71d751b20623006c195ff3,1708732799999999999,10246.69201216272360076970000,10246.692012162723,-1.8189894035458565e-12,True
BASE_E3,conditional,run_ad71d751b20623006c195ff3,1708819199999999999,10246.49028648826059376970000,10246.49028648826,0.0,True
BASE_E3,conditional,run_ad71d751b20623006c195ff3,1708905599999999999,10249.45293956511657769570000,10249.452939565117,0.0,True
BASE_E3,conditional,run_ad71d751b20623006c195ff3,1708991999999999999,10253.81564902677567064490000,10253.815649026776,0.0,True
BASE_E3,conditional,run_ad71d751b20623006c195ff3,1709078399999999999,10262.15963523536050036570000,10262.159635235359,-1.8189894035458565e-12,True
BASE_E3,conditional,run_ad71d751b20623006c195ff3,1709164799999999999,10267.68793976368325560580000,10267.687939763684,0.0,True
BASE_E3,conditional,run_ad71d751b20623006c195ff3,1709251199999999999,10282.78417963251410125090000,10282.784179632514,0.0,True
BASE_E3,permanent,run_dfea4b7ac1475668d5968c97,1706831999999999999,10686.10727039647443419859999,10686.107270396475,0.0,True
BASE_E3,permanent,run_dfea4b7ac1475668d5968c97,1706918399999999999,10687.80074736694730547459999,10687.800747366946,-1.8189894035458565e-12,True
BASE_E3,permanent,run_dfea4b7ac1475668d5968c97,1707004799999999999,10690.18144492637299829959999,10690.181444926373,0.0,True
BASE_E3,permanent,run_dfea4b7ac1475668d5968c97,1707091199999999999,10691.49428027645094392399999,10691.49428027645,0.0,True
BASE_E3,permanent,run_dfea4b7ac1475668d5968c97,1707177599999999999,10693.39382075571832492399999,10693.393820755717,-1.8189894035458565e-12,True
BASE_E3,permanent,run_dfea4b7ac1475668d5968c97,1707263999999999999,10695.16040843128571363339999,10695.160408431284,-1.8189894035458565e-12,True
BASE_E3,permanent,run_dfea4b7ac1475668d5968c97,1707350399999999999,10696.54866027926911363339999,10696.54866027927,0.0,True
BASE_E3,permanent,run_dfea4b7ac1475668d5968c97,1707436799999999999,10698.15167334548108030529999,10698.151673345481,0.0,True
BASE_E3,permanent,run_dfea4b7ac1475668d5968c97,1707523199999999999,10698.42677700942707430529999,10698.426777009427,0.0,True
BASE_E3,permanent,run_dfea4b7ac1475668d5968c97,1707609599999999999,10699.48357770114476791309999,10699.483577701145,0.0,True
BASE_E3,permanent,run_dfea4b7ac1475668d5968c97,1707695999999999999,10700.85199772702843862189999,10700.85199772703,1.8189894035458565e-12,True
BASE_E3,permanent,run_dfea4b7ac1475668d5968c97,1707782399999999999,10699.17876403326282462189999,10699.178764033262,0.0,True
BASE_E3,permanent,run_dfea4b7ac1475668d5968c97,1707868799999999999,10702.71699360807124462189999,10702.71699360807,-1.8189894035458565e-12,True
BASE_E3,permanent,run_dfea4b7ac1475668d5968c97,1707955199999999999,10702.44945941641756341299999,10702.449459416417,0.0,True
BASE_E3,permanent,run_dfea4b7ac1475668d5968c97,1708041599999999999,10704.67979492077457726819999,10704.679794920774,0.0,True
BASE_E3,permanent,run_dfea4b7ac1475668d5968c97,1708127999999999999,10706.43220357402769644319999,10706.432203574026,-1.8189894035458565e-12,True
BASE_E3,permanent,run_dfea4b7ac1475668d5968c97,1708214399999999999,10707.68788059225674744319999,10707.687880592257,0.0,True
BASE_E3,permanent,run_dfea4b7ac1475668d5968c97,1708300799999999999,10710.25283159750784254769999,10710.252831597507,-1.8189894035458565e-12,True
BASE_E3,permanent,run_dfea4b7ac1475668d5968c97,1708387199999999999,10712.65104362638307374849999,10712.651043626383,0.0,True
BASE_E3,permanent,run_dfea4b7ac1475668d5968c97,1708473599999999999,10715.65765456671776733339999,10715.657654566716,-1.8189894035458565e-12,True
BASE_E3,permanent,run_dfea4b7ac1475668d5968c97,1708559999999999999,10719.13083736177862061749999,10719.130837361776,-3.637978807091713e-12,True
BASE_E3,permanent,run_dfea4b7ac1475668d5968c97,1708646399999999999,10722.16507183898794842949999,10722.165071838986,-1.8189894035458565e-12,True
BASE_E3,permanent,run_dfea4b7ac1475668d5968c97,1708732799999999999,10724.53307653538854458139999,10724.533076535388,0.0,True
BASE_E3,permanent,run_dfea4b7ac1475668d5968c97,1708819199999999999,10724.31276868407328858139999,10724.312768684074,1.8189894035458565e-12,True
BASE_E3,permanent,run_dfea4b7ac1475668d5968c97,1708905599999999999,10727.47979669662753720999999,10727.479796696627,0.0,True
BASE_E3,permanent,run_dfea4b7ac1475668d5968c97,1708991999999999999,10732.13767808181706907409999,10732.137678081817,0.0,True
BASE_E3,permanent,run_dfea4b7ac1475668d5968c97,1709078399999999999,10727.79347091327225751729999,10727.793470913271,0.0,True
BASE_E3,permanent,run_dfea4b7ac1475668d5968c97,1709164799999999999,10716.74908061542532472199999,10716.749080615426,0.0,True
BASE_E3,permanent,run_dfea4b7ac1475668d5968c97,1709251199999999999,10723.17062629142198588879999,10723.170626291423,1.8189894035458565e-12,True
MARGEN_2X,conditional,run_70383794701c4f0fc157b2ed,1706831999999999999,10240.12187960236279415150000,10240.121879602362,0.0,True
MARGEN_2X,conditional,run_70383794701c4f0fc157b2ed,1706918399999999999,10240.12271031286279415150000,10240.122710312862,0.0,True
MARGEN_2X,conditional,run_70383794701c4f0fc157b2ed,1707004799999999999,10240.12119679586279415150000,10240.121196795862,0.0,True
MARGEN_2X,conditional,run_70383794701c4f0fc157b2ed,1707091199999999999,10240.11857171306279415150000,10240.118571713063,0.0,True
MARGEN_2X,conditional,run_70383794701c4f0fc157b2ed,1707177599999999999,10240.11959550986279415150000,10240.119595509863,0.0,True
MARGEN_2X,conditional,run_70383794701c4f0fc157b2ed,1707263999999999999,10240.12390184986279415150000,10240.123901849862,-1.8189894035458565e-12,True
MARGEN_2X,conditional,run_70383794701c4f0fc157b2ed,1707350399999999999,10240.13274423896279415150000,10240.132744238963,0.0,True
MARGEN_2X,conditional,run_70383794701c4f0fc157b2ed,1707436799999999999,10240.13831569526279415150000,10240.138315695263,0.0,True
MARGEN_2X,conditional,run_70383794701c4f0fc157b2ed,1707523199999999999,10240.15112222166279415150000,10240.151122221663,0.0,True
MARGEN_2X,conditional,run_70383794701c4f0fc157b2ed,1707609599999999999,10240.15527359816279415150000,10240.155273598162,0.0,True
MARGEN_2X,conditional,run_70383794701c4f0fc157b2ed,1707695999999999999,10240.15867948066279415150000,10240.158679480663,0.0,True
MARGEN_2X,conditional,run_70383794701c4f0fc157b2ed,1707782399999999999,10240.17281466926279415150000,10240.172814669262,0.0,True
MARGEN_2X,conditional,run_70383794701c4f0fc157b2ed,1707868799999999999,10240.17098397876279415150000,10240.170983978762,-1.8189894035458565e-12,True
MARGEN_2X,conditional,run_70383794701c4f0fc157b2ed,1707955199999999999,10240.18715351476279415150000,10240.187153514762,0.0,True
MARGEN_2X,conditional,run_70383794701c4f0fc157b2ed,1708041599999999999,10240.18918173906279415150000,10240.189181739062,0.0,True
MARGEN_2X,conditional,run_70383794701c4f0fc157b2ed,1708127999999999999,10240.18998940296279415150000,10240.189989402963,0.0,True
MARGEN_2X,conditional,run_70383794701c4f0fc157b2ed,1708214399999999999,10240.18666377296279415150000,10240.186663772962,-1.8189894035458565e-12,True
MARGEN_2X,conditional,run_70383794701c4f0fc157b2ed,1708300799999999999,10240.19218113196279415150000,10240.192181131963,0.0,True
MARGEN_2X,conditional,run_70383794701c4f0fc157b2ed,1708387199999999999,10232.11682263343679415150000,10232.116822633438,0.0,True
MARGEN_2X,conditional,run_70383794701c4f0fc157b2ed,1708473599999999999,10233.15007139156040343690000,10233.15007139156,-1.8189894035458565e-12,True
MARGEN_2X,conditional,run_70383794701c4f0fc157b2ed,1708559999999999999,10228.57078059426289962450000,10228.570780594262,0.0,True
MARGEN_2X,conditional,run_70383794701c4f0fc157b2ed,1708646399999999999,10231.33858046551209656050000,10231.338580465512,0.0,True
MARGEN_2X,conditional,run_70383794701c4f0fc157b2ed,1708732799999999999,10233.96992512096121027870000,10233.969925120962,1.8189894035458565e-12,True
MARGEN_2X,conditional,run_70383794701c4f0fc157b2ed,1708819199999999999,10233.76858719815108227870000,10233.76858719815,0.0,True
MARGEN_2X,conditional,run_70383794701c4f0fc157b2ed,1708905599999999999,10236.72984802927791293750000,10236.729848029277,0.0,True
MARGEN_2X,conditional,run_70383794701c4f0fc157b2ed,1708991999999999999,10241.09002013708992632330000,10241.09002013709,0.0,True
MARGEN_2X,conditional,run_70383794701c4f0fc157b2ed,1709078399999999999,10249.42994785898278312090000,10249.429947858982,0.0,True
MARGEN_2X,conditional,run_70383794701c4f0fc157b2ed,1709164799999999999,10254.95558565333440932630000,10254.955585653337,1.8189894035458565e-12,True
MARGEN_2X,conditional,run_70383794701c4f0fc157b2ed,1709251199999999999,10270.04341876918420208930000,10270.043418769183,-1.8189894035458565e-12,True
MARGEN_2X,permanent,run_3f5d9cce8ff1c2ba5447e3b6,1706831999999999999,10688.68259102131396013709999,10688.682591021316,1.8189894035458565e-12,True
MARGEN_2X,permanent,run_3f5d9cce8ff1c2ba5447e3b6,1706918399999999999,10690.37670000425909490509999,10690.376700004259,0.0,True
MARGEN_2X,permanent,run_3f5d9cce8ff1c2ba5447e3b6,1707004799999999999,10692.75838260222261186509999,10692.758382602222,0.0,True
MARGEN_2X,permanent,run_3f5d9cce8ff1c2ba5447e3b6,1707091199999999999,10694.07171560848721165149999,10694.071715608487,0.0,True
MARGEN_2X,permanent,run_3f5d9cce8ff1c2ba5447e3b6,1707177599999999999,10695.97201393172111965149999,10695.972013931721,0.0,True
MARGEN_2X,permanent,run_3f5d9cce8ff1c2ba5447e3b6,1707263999999999999,10697.73893900349767236089999,10697.738939003499,1.8189894035458565e-12,True
MARGEN_2X,permanent,run_3f5d9cce8ff1c2ba5447e3b6,1707350399999999999,10699.12752071553787236089999,10699.127520715536,-1.8189894035458565e-12,True
MARGEN_2X,permanent,run_3f5d9cce8ff1c2ba5447e3b6,1707436799999999999,10700.73139071492361176659999,10700.731390714924,0.0,True
MARGEN_2X,permanent,run_3f5d9cce8ff1c2ba5447e3b6,1707523199999999999,10701.00185784936715976659999,10701.00185784937,1.8189894035458565e-12,True
MARGEN_2X,permanent,run_3f5d9cce8ff1c2ba5447e3b6,1707609599999999999,10702.05864466108485337439999,10702.058644661083,-1.8189894035458565e-12,True
MARGEN_2X,permanent,run_3f5d9cce8ff1c2ba5447e3b6,1707695999999999999,10703.42705776696852408319999,10703.427057766969,0.0,True
MARGEN_2X,permanent,run_3f5d9cce8ff1c2ba5447e3b6,1707782399999999999,10701.75367406320291008319999,10701.753674063204,1.8189894035458565e-12,True
MARGEN_2X,permanent,run_3f5d9cce8ff1c2ba5447e3b6,1707868799999999999,10705.29192000801133008319999,10705.29192000801,0.0,True
MARGEN_2X,permanent,run_3f5d9cce8ff1c2ba5447e3b6,1707955199999999999,10705.02425131635764887429999,10705.024251316358,0.0,True
MARGEN_2X,permanent,run_3f5d9cce8ff1c2ba5447e3b6,1708041599999999999,10707.25454015071466272949999,10707.254540150716,1.8189894035458565e-12,True
MARGEN_2X,permanent,run_3f5d9cce8ff1c2ba5447e3b6,1708127999999999999,10709.00696896396778190449999,10709.006968963968,0.0,True
MARGEN_2X,permanent,run_3f5d9cce8ff1c2ba5447e3b6,1708214399999999999,10710.26266225219683290449999,10710.262662252197,0.0,True
MARGEN_2X,permanent,run_3f5d9cce8ff1c2ba5447e3b6,1708300799999999999,10712.82752026744792800899999,10712.827520267449,0.0,True
MARGEN_2X,permanent,run_3f5d9cce8ff1c2ba5447e3b6,1708387199999999999,10715.22566722632315920979999,10715.225667226321,-1.8189894035458565e-12,True
MARGEN_2X,permanent,run_3f5d9cce8ff1c2ba5447e3b6,1708473599999999999,10718.23220815665785279469999,10718.232208156656,-1.8189894035458565e-12,True
MARGEN_2X,permanent,run_3f5d9cce8ff1c2ba5447e3b6,1708559999999999999,10721.70543533171870607879999,10721.705435331718,0.0,True
MARGEN_2X,permanent,run_3f5d9cce8ff1c2ba5447e3b6,1708646399999999999,10724.73966599892803389079999,10724.739665998928,0.0,True
MARGEN_2X,permanent,run_3f5d9cce8ff1c2ba5447e3b6,1708732799999999999,10727.61161350180863004269999,10727.61161350181,0.0,True
MARGEN_2X,permanent,run_3f5d9cce8ff1c2ba5447e3b6,1708819199999999999,10727.37346905793215004269999,10727.373469057933,1.8189894035458565e-12,True
MARGEN_2X,permanent,run_3f5d9cce8ff1c2ba5447e3b6,1708905599999999999,10730.62512828131898163449999,10730.625128281321,1.8189894035458565e-12,True
MARGEN_2X,permanent,run_3f5d9cce8ff1c2ba5447e3b6,1708991999999999999,10735.42857198194496904899999,10735.428571981945,0.0,True
MARGEN_2X,permanent,run_3f5d9cce8ff1c2ba5447e3b6,1709078399999999999,10730.93539821815064119139999,10730.935398218151,0.0,True
MARGEN_2X,permanent,run_3f5d9cce8ff1c2ba5447e3b6,1709164799999999999,10723.75185015798963433929999,10723.75185015799,1.8189894035458565e-12,True
MARGEN_2X,permanent,run_3f5d9cce8ff1c2ba5447e3b6,1709251199999999999,10722.34089710398629550609999,10722.340897103988,1.8189894035458565e-12,True
BASE_E3,conditional,run_ad71d751b20623006c195ff3,1709337599999999999,10293.16119813087468993650000,10293.161198130874,0.0,True
BASE_E3,conditional,run_ad71d751b20623006c195ff3,1709423999999999999,10302.86830660655949115130000,10302.868306606559,0.0,True
BASE_E3,conditional,run_ad71d751b20623006c195ff3,1709510399999999999,10310.21784431059092852080000,10310.217844310591,0.0,True
BASE_E3,conditional,run_ad71d751b20623006c195ff3,1709596799999999999,10316.19982439605575705190000,10316.199824396055,0.0,True
BASE_E3,conditional,run_ad71d751b20623006c195ff3,1709683199999999999,10324.06783344776685952390000,10324.067833447767,0.0,True
BASE_E3,conditional,run_ad71d751b20623006c195ff3,1709769599999999999,10323.97556553942533965770000,10323.975565539426,0.0,True
BASE_E3,conditional,run_ad71d751b20623006c195ff3,1709855999999999999,10325.81141135782261667400000,10325.811411357823,0.0,True
BASE_E3,conditional,run_ad71d751b20623006c195ff3,1709942399999999999,10330.32182258665887660040000,10330.321822586659,0.0,True
BASE_E3,conditional,run_ad71d751b20623006c195ff3,1710028799999999999,10328.67251397445158026000000,10328.672513974452,0.0,True
BASE_E3,conditional,run_ad71d751b20623006c195ff3,1710115199999999999,10337.71863930373758602320000,10337.718639303737,0.0,True
BASE_E3,conditional,run_ad71d751b20623006c195ff3,1710201599999999999,10345.63599292488034801950000,10345.63599292488,-1.8189894035458565e-12,True
BASE_E3,conditional,run_ad71d751b20623006c195ff3,1710287999999999999,10357.27047838005160629210000,10357.270478380053,1.8189894035458565e-12,True
BASE_E3,conditional,run_ad71d751b20623006c195ff3,1710374399999999999,10366.72320992135813446210000,10366.723209921358,0.0,True
BASE_E3,conditional,run_ad71d751b20623006c195ff3,1710460799999999999,10373.83283162792632400060000,10373.832831627926,0.0,True
BASE_E3,conditional,run_ad71d751b20623006c195ff3,1710547199999999999,10381.03252604715243030590000,10381.032526047153,0.0,True
BASE_E3,conditional,run_ad71d751b20623006c195ff3,1710633599999999999,10383.92307093428809191110000,10383.923070934288,0.0,True
BASE_E3,conditional,run_ad71d751b20623006c195ff3,1710719999999999999,10386.48395668172295966270000,10386.483956681723,0.0,True
BASE_E3,conditional,run_ad71d751b20623006c195ff3,1710806399999999999,10391.72272445551613262670000,10391.722724455516,0.0,True
BASE_E3,conditional,run_ad71d751b20623006c195ff3,1710892799999999999,10397.92321044518693649580000,10397.923210445186,-1.8189894035458565e-12,True
BASE_E3,conditional,run_ad71d751b20623006c195ff3,1710979199999999999,10396.83286704670325849580000,10396.832867046705,1.8189894035458565e-12,True
BASE_E3,conditional,run_ad71d751b20623006c195ff3,1711065599999999999,10399.18711846179676546400000,10399.187118461798,0.0,True
BASE_E3,conditional,run_ad71d751b20623006c195ff3,1711151999999999999,10403.25367503248118037190000,10403.253675032483,1.8189894035458565e-12,True
BASE_E3,conditional,run_ad71d751b20623006c195ff3,1711238399999999999,10405.51336556512014524790000,10405.51336556512,0.0,True
BASE_E3,conditional,run_ad71d751b20623006c195ff3,1711324799999999999,10405.49612945677634172190000,10405.496129456777,0.0,True
BASE_E3,conditional,run_ad71d751b20623006c195ff3,1711411199999999999,10409.13147301473348128290000,10409.131473014735,1.8189894035458565e-12,True
BASE_E3,conditional,run_ad71d751b20623006c195ff3,1711497599999999999,10414.25673713287468595130000,10414.256737132877,1.8189894035458565e-12,True
BASE_E3,conditional,run_ad71d751b20623006c195ff3,1711583999999999999,10418.37093311226990086070000,10418.37093311227,0.0,True
BASE_E3,conditional,run_ad71d751b20623006c195ff3,1711670399999999999,10425.70734559020509916350000,10425.707345590206,1.8189894035458565e-12,True
BASE_E3,conditional,run_ad71d751b20623006c195ff3,1711756799999999999,10431.63921029226642451050000,10431.639210292265,-1.8189894035458565e-12,True
BASE_E3,conditional,run_ad71d751b20623006c195ff3,1711843199999999999,10436.55452330171029861850000,10436.554523301713,1.8189894035458565e-12,True
BASE_E3,conditional,run_ad71d751b20623006c195ff3,1711929599999999999,10442.49195517364163122690000,10442.491955173642,0.0,True
BASE_E3,permanent,run_dfea4b7ac1475668d5968c97,1709337599999999999,10728.48392085641136566319999,10728.483920856412,0.0,True
BASE_E3,permanent,run_dfea4b7ac1475668d5968c97,1709423999999999999,10737.78031726603884261439999,10737.780317266039,0.0,True
BASE_E3,permanent,run_dfea4b7ac1475668d5968c97,1709510399999999999,10744.69231996923498460539999,10744.692319969236,0.0,True
BASE_E3,permanent,run_dfea4b7ac1475668d5968c97,1709596799999999999,10756.74134872144048928119999,10756.74134872144,0.0,True
BASE_E3,permanent,run_dfea4b7ac1475668d5968c97,1709683199999999999,10774.67659968141399041719999,10774.676599681414,0.0,True
BASE_E3,permanent,run_dfea4b7ac1475668d5968c97,1709769599999999999,10778.51199706976538787919999,10778.511997069767,1.8189894035458565e-12,True
BASE_E3,permanent,run_dfea4b7ac1475668d5968c97,1709855999999999999,10787.09884353016490625339999,10787.098843530166,1.8189894035458565e-12,True
BASE_E3,permanent,run_dfea4b7ac1475668d5968c97,1709942399999999999,10796.24126373102991053329999,10796.24126373103,0.0,True
BASE_E3,permanent,run_dfea4b7ac1475668d5968c97,1710028799999999999,10801.42833359826029804489999,10801.428333598258,-1.8189894035458565e-12,True
BASE_E3,permanent,run_dfea4b7ac1475668d5968c97,1710115199999999999,10810.66283644878230380809999,10810.662836448784,1.8189894035458565e-12,True
BASE_E3,permanent,run_dfea4b7ac1475668d5968c97,1710201599999999999,10818.69593490266373308539999,10818.695934902664,0.0,True
BASE_E3,permanent,run_dfea4b7ac1475668d5968c97,1710287999999999999,10830.63040444534537370239999,10830.630404445346,1.8189894035458565e-12,True
BASE_E3,permanent,run_dfea4b7ac1475668d5968c97,1710374399999999999,10840.72540870127240622839999,10840.725408701273,1.8189894035458565e-12,True
BASE_E3,permanent,run_dfea4b7ac1475668d5968c97,1710460799999999999,10848.12470382329174556139999,10848.124703823292,0.0,True
BASE_E3,permanent,run_dfea4b7ac1475668d5968c97,1710547199999999999,10855.60500952051074599029999,10855.60500952051,0.0,True
BASE_E3,permanent,run_dfea4b7ac1475668d5968c97,1710633599999999999,10858.63235669279548647589999,10858.632356692795,0.0,True
BASE_E3,permanent,run_dfea4b7ac1475668d5968c97,1710719999999999999,10861.26865302768125812869999,10861.26865302768,0.0,True
BASE_E3,permanent,run_dfea4b7ac1475668d5968c97,1710806399999999999,10866.68892799428011712359999,10866.68892799428,0.0,True
BASE_E3,permanent,run_dfea4b7ac1475668d5968c97,1710892799999999999,10873.15994993377015826039999,10873.159949933772,1.8189894035458565e-12,True
BASE_E3,permanent,run_dfea4b7ac1475668d5968c97,1710979199999999999,10874.17818453384070826039999,10874.178184533841,0.0,True
BASE_E3,permanent,run_dfea4b7ac1475668d5968c97,1711065599999999999,10876.58881861984644402099999,10876.588818619846,0.0,True
BASE_E3,permanent,run_dfea4b7ac1475668d5968c97,1711151999999999999,10880.29570374859784211609999,10880.295703748598,0.0,True
BASE_E3,permanent,run_dfea4b7ac1475668d5968c97,1711238399999999999,10883.65357948574218322329999,10883.653579485743,0.0,True
BASE_E3,permanent,run_dfea4b7ac1475668d5968c97,1711324799999999999,10883.62589936592561765309999,10883.625899365925,0.0,True
BASE_E3,permanent,run_dfea4b7ac1475668d5968c97,1711411199999999999,10887.29940683664281026379999,10887.299406836644,1.8189894035458565e-12,True
BASE_E3,permanent,run_dfea4b7ac1475668d5968c97,1711497599999999999,10892.45409138673785059959999,10892.454091386739,0.0,True
BASE_E3,permanent,run_dfea4b7ac1475668d5968c97,1711583999999999999,10897.36599789484252808289999,10897.365997894842,0.0,True
BASE_E3,permanent,run_dfea4b7ac1475668d5968c97,1711670399999999999,10904.88783722111742706039999,10904.887837221117,0.0,True
BASE_E3,permanent,run_dfea4b7ac1475668d5968c97,1711756799999999999,10910.98487207726856587449999,10910.98487207727,1.8189894035458565e-12,True
BASE_E3,permanent,run_dfea4b7ac1475668d5968c97,1711843199999999999,10916.40945354386953502029999,10916.409453543869,0.0,True
BASE_E3,permanent,run_dfea4b7ac1475668d5968c97,1711929599999999999,10922.65514295011986080719999,10922.65514295012,0.0,True
MARGEN_2X,conditional,run_70383794701c4f0fc157b2ed,1709337599999999999,10280.41603776492728093090000,10280.416037764928,0.0,True
MARGEN_2X,conditional,run_70383794701c4f0fc157b2ed,1709423999999999999,10290.11781260105408214570000,10290.117812601055,0.0,True
MARGEN_2X,conditional,run_70383794701c4f0fc157b2ed,1709510399999999999,10297.46446673122761915970000,10297.464466731228,0.0,True
MARGEN_2X,conditional,run_70383794701c4f0fc157b2ed,1709596799999999999,10292.06229487678835347290000,10292.062294876789,0.0,True
MARGEN_2X,conditional,run_70383794701c4f0fc157b2ed,1709683199999999999,10299.92189794461988681690000,10299.92189794462,0.0,True
MARGEN_2X,conditional,run_70383794701c4f0fc157b2ed,1709769599999999999,10292.13006447123924501850000,10292.13006447124,0.0,True
MARGEN_2X,conditional,run_70383794701c4f0fc157b2ed,1709855999999999999,10290.85678646105073988410000,10290.856786461049,-1.8189894035458565e-12,True
MARGEN_2X,conditional,run_70383794701c4f0fc157b2ed,1709942399999999999,10300.56322617219530617680000,10300.563226172195,0.0,True
MARGEN_2X,conditional,run_70383794701c4f0fc157b2ed,1710028799999999999,10305.65046419887109676040000,10305.650464198872,1.8189894035458565e-12,True
MARGEN_2X,conditional,run_70383794701c4f0fc157b2ed,1710115199999999999,10314.72716934708910252360000,10314.72716934709,1.8189894035458565e-12,True
MARGEN_2X,conditional,run_70383794701c4f0fc157b2ed,1710201599999999999,10322.66564901809586461690000,10322.665649018096,0.0,True
MARGEN_2X,conditional,run_70383794701c4f0fc157b2ed,1710287999999999999,10334.34714241710560431230000,10334.347142417106,0.0,True
MARGEN_2X,conditional,run_70383794701c4f0fc157b2ed,1710374399999999999,10343.83621926588258153430000,10343.836219265882,0.0,True
MARGEN_2X,conditional,run_70383794701c4f0fc157b2ed,1710460799999999999,10350.98079668136855782280000,10350.980796681368,0.0,True
MARGEN_2X,conditional,run_70383794701c4f0fc157b2ed,1710547199999999999,10358.21116911317579918910000,10358.211169113176,0.0,True
MARGEN_2X,conditional,run_70383794701c4f0fc157b2ed,1710633599999999999,10361.11447976431629757030000,10361.114479764317,1.8189894035458565e-12,True
MARGEN_2X,conditional,run_70383794701c4f0fc157b2ed,1710719999999999999,10363.68699033800316532190000,10363.686990338003,0.0,True
MARGEN_2X,conditional,run_70383794701c4f0fc157b2ed,1710806399999999999,10368.94266469069276356450000,10368.942664690694,1.8189894035458565e-12,True
MARGEN_2X,conditional,run_70383794701c4f0fc157b2ed,1710892799999999999,10375.17028683597185702960000,10375.170286835972,0.0,True
MARGEN_2X,conditional,run_70383794701c4f0fc157b2ed,1710979199999999999,10374.08163071692313502960000,10374.081630716924,1.8189894035458565e-12,True
MARGEN_2X,conditional,run_70383794701c4f0fc157b2ed,1711065599999999999,10376.53331795132857998140000,10376.533317951329,0.0,True
MARGEN_2X,conditional,run_70383794701c4f0fc157b2ed,1711151999999999999,10380.80585491851393620580000,10380.805854918515,1.8189894035458565e-12,True
MARGEN_2X,conditional,run_70383794701c4f0fc157b2ed,1711238399999999999,10384.03809223663763221060000,10384.038092236637,-1.8189894035458565e-12,True
MARGEN_2X,conditional,run_70383794701c4f0fc157b2ed,1711324799999999999,10383.99384418000802250660000,10383.993844180008,0.0,True
MARGEN_2X,conditional,run_70383794701c4f0fc157b2ed,1711411199999999999,10387.55818151293998832560000,10387.558181512939,-1.8189894035458565e-12,True
MARGEN_2X,conditional,run_70383794701c4f0fc157b2ed,1711497599999999999,10392.54137877009577769120000,10392.541378770096,0.0,True
MARGEN_2X,conditional,run_70383794701c4f0fc157b2ed,1711583999999999999,10396.56444948616063474860000,10396.56444948616,0.0,True
MARGEN_2X,conditional,run_70383794701c4f0fc157b2ed,1711670399999999999,10403.68835392613264808100000,10403.688353926133,0.0,True
MARGEN_2X,conditional,run_70383794701c4f0fc157b2ed,1711756799999999999,10409.46246378818307018460000,10409.462463788183,0.0,True
MARGEN_2X,conditional,run_70383794701c4f0fc157b2ed,1711843199999999999,10414.60208660568614429260000,10414.602086605686,0.0,True
MARGEN_2X,conditional,run_70383794701c4f0fc157b2ed,1711929599999999999,10420.53201461261747690100000,10420.532014612616,-1.8189894035458565e-12,True
MARGEN_2X,permanent,run_3f5d9cce8ff1c2ba5447e3b6,1709337599999999999,10731.98397757944334899649999,10731.983977579443,0.0,True
MARGEN_2X,permanent,run_3f5d9cce8ff1c2ba5447e3b6,1709423999999999999,10741.09370867454082594769999,10741.093708674542,0.0,True
MARGEN_2X,permanent,run_3f5d9cce8ff1c2ba5447e3b6,1709510399999999999,10747.90471790271045549619999,10747.90471790271,-1.8189894035458565e-12,True
MARGEN_2X,permanent,run_3f5d9cce8ff1c2ba5447e3b6,1709596799999999999,10759.74016177827266254549999,10759.740161778274,1.8189894035458565e-12,True
MARGEN_2X,permanent,run_3f5d9cce8ff1c2ba5447e3b6,1709683199999999999,10777.38128004246124420149999,10777.381280042462,0.0,True
MARGEN_2X,permanent,run_3f5d9cce8ff1c2ba5447e3b6,1709769599999999999,10781.14636739063606688049999,10781.146367390636,0.0,True
MARGEN_2X,permanent,run_3f5d9cce8ff1c2ba5447e3b6,1709855999999999999,10788.59129326231538689419999,10788.591293262314,-1.8189894035458565e-12,True
MARGEN_2X,permanent,run_3f5d9cce8ff1c2ba5447e3b6,1709942399999999999,10798.54070551269809010879999,10798.540705512698,0.0,True
MARGEN_2X,permanent,run_3f5d9cce8ff1c2ba5447e3b6,1710028799999999999,10803.75073172854979569839999,10803.750731728549,0.0,True
MARGEN_2X,permanent,run_3f5d9cce8ff1c2ba5447e3b6,1710115199999999999,10813.01973555282580146159999,10813.019735552827,1.8189894035458565e-12,True
MARGEN_2X,permanent,run_3f5d9cce8ff1c2ba5447e3b6,1710201599999999999,10821.08496256154856418539999,10821.084962561548,0.0,True
MARGEN_2X,permanent,run_3f5d9cce8ff1c2ba5447e3b6,1710287999999999999,10833.07087413370843312899999,10833.070874133708,0.0,True
MARGEN_2X,permanent,run_3f5d9cce8ff1c2ba5447e3b6,1710374399999999999,10843.20921573835098954899999,10843.209215738352,1.8189894035458565e-12,True
MARGEN_2X,permanent,run_3f5d9cce8ff1c2ba5447e3b6,1710460799999999999,10850.64453681910774675699999,10850.644536819107,0.0,True
MARGEN_2X,permanent,run_3f5d9cce8ff1c2ba5447e3b6,1710547199999999999,10858.15474576600473809039999,10858.154745766005,0.0,True
MARGEN_2X,permanent,run_3f5d9cce8ff1c2ba5447e3b6,1710633599999999999,10861.18861336296178814799999,10861.188613362961,0.0,True
MARGEN_2X,permanent,run_3f5d9cce8ff1c2ba5447e3b6,1710719999999999999,10863.84320061014155980079999,10863.843200610143,1.8189894035458565e-12,True
MARGEN_2X,permanent,run_3f5d9cce8ff1c2ba5447e3b6,1710806399999999999,10869.27817255378624828739999,10869.278172553786,0.0,True
MARGEN_2X,permanent,run_3f5d9cce8ff1c2ba5447e3b6,1710892799999999999,10875.76663722315262728619999,10875.766637223154,1.8189894035458565e-12,True
MARGEN_2X,permanent,run_3f5d9cce8ff1c2ba5447e3b6,1710979199999999999,10876.80087160756395928619999,10876.800871607564,0.0,True
MARGEN_2X,permanent,run_3f5d9cce8ff1c2ba5447e3b6,1711065599999999999,10879.31300837740028936099999,10879.3130083774,0.0,True
MARGEN_2X,permanent,run_3f5d9cce8ff1c2ba5447e3b6,1711151999999999999,10883.71650152032118095749999,10883.71650152032,0.0,True
MARGEN_2X,permanent,run_3f5d9cce8ff1c2ba5447e3b6,1711238399999999999,10887.07964272591786845349999,10887.07964272592,1.8189894035458565e-12,True
MARGEN_2X,permanent,run_3f5d9cce8ff1c2ba5447e3b6,1711324799999999999,10887.05751755063546836929999,10887.057517550633,-1.8189894035458565e-12,True
MARGEN_2X,permanent,run_3f5d9cce8ff1c2ba5447e3b6,1711411199999999999,10890.73908619952766853399999,10890.739086199528,0.0,True
MARGEN_2X,permanent,run_3f5d9cce8ff1c2ba5447e3b6,1711497599999999999,10895.89981067866555301339999,10895.899810678668,1.8189894035458565e-12,True
MARGEN_2X,permanent,run_3f5d9cce8ff1c2ba5447e3b6,1711583999999999999,10900.81255671874111562069999,10900.812556718742,0.0,True
MARGEN_2X,permanent,run_3f5d9cce8ff1c2ba5447e3b6,1711670399999999999,10908.34576045492745742299999,10908.34576045493,1.8189894035458565e-12,True
MARGEN_2X,permanent,run_3f5d9cce8ff1c2ba5447e3b6,1711756799999999999,10914.44783022716602681289999,10914.447830227165,0.0,True
MARGEN_2X,permanent,run_3f5d9cce8ff1c2ba5447e3b6,1711843199999999999,10919.87881499357938550149999,10919.878814993579,0.0,True
MARGEN_2X,permanent,run_3f5d9cce8ff1c2ba5447e3b6,1711929599999999999,10926.13926209817273490759999,10926.139262098171,-1.8189894035458565e-12,True
BASE_E3,conditional,run_ad71d751b20623006c195ff3,1712015999999999999,10453.09709443345913874050000,10453.09709443346,1.8189894035458565e-12,True
BASE_E3,conditional,run_ad71d751b20623006c195ff3,1712102399999999999,10456.46862825258344622530000,10456.468628252584,0.0,True
BASE_E3,conditional,run_ad71d751b20623006c195ff3,1712188799999999999,10458.74593441602011522530000,10458.74593441602,0.0,True
BASE_E3,conditional,run_ad71d751b20623006c195ff3,1712275199999999999,10460.64511575860876022530000,10460.645115758609,0.0,True
BASE_E3,conditional,run_ad71d751b20623006c195ff3,1712361599999999999,10462.87381644378465122530000,10462.873816443785,0.0,True
BASE_E3,conditional,run_ad71d751b20623006c195ff3,1712447999999999999,10465.92110721628065422530000,10465.92110721628,0.0,True
BASE_E3,conditional,run_ad71d751b20623006c195ff3,1712534399999999999,10466.16146555808414122530000,10466.161465558085,1.8189894035458565e-12,True
BASE_E3,conditional,run_ad71d751b20623006c195ff3,1712620799999999999,10466.63552267804088087330000,10466.63552267804,-1.8189894035458565e-12,True
BASE_E3,conditional,run_ad71d751b20623006c195ff3,1712707199999999999,10471.45230515458734622390000,10471.452305154588,0.0,True
BASE_E3,conditional,run_ad71d751b20623006c195ff3,1712793599999999999,10474.94419048788283547370000,10474.944190487884,1.8189894035458565e-12,True
BASE_E3,conditional,run_ad71d751b20623006c195ff3,1712879999999999999,10477.80427505050297107870000,10477.804275050503,0.0,True
BASE_E3,conditional,run_ad71d751b20623006c195ff3,1712966399999999999,10481.80049798674721237650000,10481.800497986747,0.0,True
BASE_E3,conditional,run_ad71d751b20623006c195ff3,1713052799999999999,10487.70749192181721237650000,10487.707491921816,-1.8189894035458565e-12,True
BASE_E3,conditional,run_ad71d751b20623006c195ff3,1713139199999999999,10490.77769152925720037650000,10490.77769152926,1.8189894035458565e-12,True
BASE_E3,conditional,run_ad71d751b20623006c195ff3,1713225599999999999,10491.34371843153913149860000,10491.343718431539,0.0,True
BASE_E3,conditional,run_ad71d751b20623006c195ff3,1713311999999999999,10493.04978729913399184990000,10493.049787299136,1.8189894035458565e-12,True
BASE_E3,conditional,run_ad71d751b20623006c195ff3,1713398399999999999,10493.54277306553955230090000,10493.542773065541,1.8189894035458565e-12,True
BASE_E3,conditional,run_ad71d751b20623006c195ff3,1713484799999999999,10494.25286551245099053230000,10494.252865512453,1.8189894035458565e-12,True
BASE_E3,conditional,run_ad71d751b20623006c195ff3,1713571199999999999,10494.75425015190100013730000,10494.754250151902,1.8189894035458565e-12,True
BASE_E3,conditional,run_ad71d751b20623006c195ff3,1713657599999999999,10496.12982157533286608930000,10496.129821575332,0.0,True
BASE_E3,conditional,run_ad71d751b20623006c195ff3,1713743999999999999,10496.61590196132867751040000,10496.615901961328,0.0,True
BASE_E3,conditional,run_ad71d751b20623006c195ff3,1713830399999999999,10497.40550081465922506170000,10497.405500814659,0.0,True
BASE_E3,conditional,run_ad71d751b20623006c195ff3,1713916799999999999,10497.19692523432769235850000,10497.196925234328,0.0,True
BASE_E3,conditional,run_ad71d751b20623006c195ff3,1714003199999999999,10498.71725493579629168210000,10498.717254935798,1.8189894035458565e-12,True
BASE_E3,conditional,run_ad71d751b20623006c195ff3,1714089599999999999,10498.33480801819095665110000,10498.33480801819,-1.8189894035458565e-12,True
BASE_E3,conditional,run_ad71d751b20623006c195ff3,1714175999999999999,10499.12978496624213279860000,10499.129784966242,0.0,True
BASE_E3,conditional,run_ad71d751b20623006c195ff3,1714262399999999999,10501.01460017994384707660000,10501.014600179944,0.0,True
BASE_E3,conditional,run_ad71d751b20623006c195ff3,1714348799999999999,10501.07202079015270022840000,10501.072020790152,0.0,True
BASE_E3,conditional,run_ad71d751b20623006c195ff3,1714435199999999999,10502.70630591981073246680000,10502.706305919812,1.8189894035458565e-12,True
BASE_E3,conditional,run_ad71d751b20623006c195ff3,1714521599999999999,10504.37645907496191335980000,10504.376459074962,0.0,True
BASE_E3,permanent,run_dfea4b7ac1475668d5968c97,1712015999999999999,10933.88580523415838298999999,10933.885805234157,-1.8189894035458565e-12,True
BASE_E3,permanent,run_dfea4b7ac1475668d5968c97,1712102399999999999,10937.44974369784641562119999,10937.449743697845,-1.8189894035458565e-12,True
BASE_E3,permanent,run_dfea4b7ac1475668d5968c97,1712188799999999999,10940.21803477188335362119999,10940.218034771882,-1.8189894035458565e-12,True
BASE_E3,permanent,run_dfea4b7ac1475668d5968c97,1712275199999999999,10942.18204865818286562119999,10942.182048658182,-1.8189894035458565e-12,True
BASE_E3,permanent,run_dfea4b7ac1475668d5968c97,1712361599999999999,10944.18398461318326262119999,10944.183984613182,0.0,True
BASE_E3,permanent,run_dfea4b7ac1475668d5968c97,1712447999999999999,10947.74455385832556362119999,10947.744553858327,1.8189894035458565e-12,True
BASE_E3,permanent,run_dfea4b7ac1475668d5968c97,1712534399999999999,10947.99549904172400262119999,10947.995499041725,0.0,True
BASE_E3,permanent,run_dfea4b7ac1475668d5968c97,1712620799999999999,10948.48450799140235476519999,10948.484507991401,-1.8189894035458565e-12,True
BASE_E3,permanent,run_dfea4b7ac1475668d5968c97,1712707199999999999,10953.52054824736863443039999,10953.520548247368,0.0,True
BASE_E3,permanent,run_dfea4b7ac1475668d5968c97,1712793599999999999,10957.15642930056104662699999,10957.156429300561,0.0,True
BASE_E3,permanent,run_dfea4b7ac1475668d5968c97,1712879999999999999,10960.14259103038360947839999,10960.142591030384,0.0,True
BASE_E3,permanent,run_dfea4b7ac1475668d5968c97,1712966399999999999,10963.90733681873721449099999,10963.907336818738,1.8189894035458565e-12,True
BASE_E3,permanent,run_dfea4b7ac1475668d5968c97,1713052799999999999,10969.88632336066721449099999,10969.886323360668,0.0,True
BASE_E3,permanent,run_dfea4b7ac1475668d5968c97,1713139199999999999,10973.05469752099401049099999,10973.054697520993,-1.8189894035458565e-12,True
BASE_E3,permanent,run_dfea4b7ac1475668d5968c97,1713225599999999999,10973.63852651785048761529999,10973.638526517849,-1.8189894035458565e-12,True
BASE_E3,permanent,run_dfea4b7ac1475668d5968c97,1713311999999999999,10975.38026812879905266239999,10975.3802681288,0.0,True
BASE_E3,permanent,run_dfea4b7ac1475668d5968c97,1713398399999999999,10974.78645444937907888859999,10974.786454449379,0.0,True
BASE_E3,permanent,run_dfea4b7ac1475668d5968c97,1713484799999999999,10975.58597129543898487279999,10975.585971295439,0.0,True
BASE_E3,permanent,run_dfea4b7ac1475668d5968c97,1713571199999999999,10975.42110603912445433079999,10975.421106039124,0.0,True
BASE_E3,permanent,run_dfea4b7ac1475668d5968c97,1713657599999999999,10977.01022633882470530519999,10977.010226338825,0.0,True
BASE_E3,permanent,run_dfea4b7ac1475668d5968c97,1713743999999999999,10977.53968764729465401139999,10977.539687647295,0.0,True
BASE_E3,permanent,run_dfea4b7ac1475668d5968c97,1713830399999999999,10978.40476416306708954679999,10978.404764163068,0.0,True
BASE_E3,permanent,run_dfea4b7ac1475668d5968c97,1713916799999999999,10978.21492353869552883959999,10978.214923538693,-1.8189894035458565e-12,True
BASE_E3,permanent,run_dfea4b7ac1475668d5968c97,1714003199999999999,10979.76502412059885239879999,10979.765024120597,-1.8189894035458565e-12,True
BASE_E3,permanent,run_dfea4b7ac1475668d5968c97,1714089599999999999,10979.36335241927602938239999,10979.363352419276,0.0,True
BASE_E3,permanent,run_dfea4b7ac1475668d5968c97,1714175999999999999,10980.20294126919974070179999,10980.202941269199,0.0,True
BASE_E3,permanent,run_dfea4b7ac1475668d5968c97,1714262399999999999,10982.18916643038236440179999,10982.189166430382,0.0,True
BASE_E3,permanent,run_dfea4b7ac1475668d5968c97,1714348799999999999,10982.24773258674731520859999,10982.247732586746,-1.8189894035458565e-12,True
BASE_E3,permanent,run_dfea4b7ac1475668d5968c97,1714435199999999999,10983.95985251740340056859999,10983.959852517404,0.0,True
BASE_E3,permanent,run_dfea4b7ac1475668d5968c97,1714521599999999999,10985.72978133141506194419999,10985.729781331414,0.0,True
MARGEN_2X,conditional,run_70383794701c4f0fc157b2ed,1712015999999999999,10431.14484182943498441460000,10431.144841829437,1.8189894035458565e-12,True
MARGEN_2X,conditional,run_70383794701c4f0fc157b2ed,1712102399999999999,10434.52834162855929189940000,10434.528341628558,-1.8189894035458565e-12,True
MARGEN_2X,conditional,run_70383794701c4f0fc157b2ed,1712188799999999999,10436.80387775799596089940000,10436.803877757997,0.0,True
MARGEN_2X,conditional,run_70383794701c4f0fc157b2ed,1712275199999999999,10438.70209050158460589940000,10438.702090501587,1.8189894035458565e-12,True
MARGEN_2X,conditional,run_70383794701c4f0fc157b2ed,1712361599999999999,10440.93134981076049689940000,10440.93134981076,0.0,True
MARGEN_2X,conditional,run_70383794701c4f0fc157b2ed,1712447999999999999,10444.21066449721649989940000,10444.210664497217,0.0,True
MARGEN_2X,conditional,run_70383794701c4f0fc157b2ed,1712534399999999999,10444.45688505874179689940000,10444.456885058742,0.0,True
MARGEN_2X,conditional,run_70383794701c4f0fc157b2ed,1712620799999999999,10444.89672990065311419540000,10444.896729900654,1.8189894035458565e-12,True
MARGEN_2X,conditional,run_70383794701c4f0fc157b2ed,1712707199999999999,10449.57579951529140305100000,10449.575799515289,-1.8189894035458565e-12,True
MARGEN_2X,conditional,run_70383794701c4f0fc157b2ed,1712793599999999999,10452.95096219602009230080000,10452.95096219602,0.0,True
MARGEN_2X,conditional,run_70383794701c4f0fc157b2ed,1712879999999999999,10455.74615976153796319820000,10455.746159761538,0.0,True
MARGEN_2X,conditional,run_70383794701c4f0fc157b2ed,1712966399999999999,10459.64028673945129049600000,10459.640286739452,0.0,True
MARGEN_2X,conditional,run_70383794701c4f0fc157b2ed,1713052799999999999,10465.33057673766129049600000,10465.33057673766,0.0,True
MARGEN_2X,conditional,run_70383794701c4f0fc157b2ed,1713139199999999999,10468.37262535910127849600000,10468.372625359103,1.8189894035458565e-12,True
MARGEN_2X,conditional,run_70383794701c4f0fc157b2ed,1713225599999999999,10468.91653491664606199570000,10468.916534916647,0.0,True
MARGEN_2X,conditional,run_70383794701c4f0fc157b2ed,1713311999999999999,10470.58510730339412234700000,10470.585107303394,0.0,True
MARGEN_2X,conditional,run_70383794701c4f0fc157b2ed,1713398399999999999,10471.03015984773989162020000,10471.03015984774,0.0,True
MARGEN_2X,conditional,run_70383794701c4f0fc157b2ed,1713484799999999999,10470.73739976038323718300000,10470.737399760383,0.0,True
MARGEN_2X,conditional,run_70383794701c4f0fc157b2ed,1713571199999999999,10471.24494157966811977450000,10471.244941579671,3.637978807091713e-12,True
MARGEN_2X,conditional,run_70383794701c4f0fc157b2ed,1713657599999999999,10472.71790184668771697070000,10472.717901846689,0.0,True
MARGEN_2X,conditional,run_70383794701c4f0fc157b2ed,1713743999999999999,10473.20155136068895557230000,10473.201551360691,1.8189894035458565e-12,True
MARGEN_2X,conditional,run_70383794701c4f0fc157b2ed,1713830399999999999,10473.99173355957754280600000,10473.991733559578,0.0,True
MARGEN_2X,conditional,run_70383794701c4f0fc157b2ed,1713916799999999999,10473.78740104910612814740000,10473.787401049105,-1.8189894035458565e-12,True
MARGEN_2X,conditional,run_70383794701c4f0fc157b2ed,1714003199999999999,10475.29454119818947844300000,10475.294541198191,1.8189894035458565e-12,True
MARGEN_2X,conditional,run_70383794701c4f0fc157b2ed,1714089599999999999,10474.91494946968549954180000,10474.914949469685,0.0,True
MARGEN_2X,conditional,run_70383794701c4f0fc157b2ed,1714175999999999999,10475.70571095074808665100000,10475.705710950746,-1.8189894035458565e-12,True
MARGEN_2X,conditional,run_70383794701c4f0fc157b2ed,1714262399999999999,10477.59103431090420092900000,10477.591034310903,-1.8189894035458565e-12,True
MARGEN_2X,conditional,run_70383794701c4f0fc157b2ed,1714348799999999999,10477.64780990817659956820000,10477.647809908176,0.0,True
MARGEN_2X,conditional,run_70383794701c4f0fc157b2ed,1714435199999999999,10479.27043929977573180660000,10479.270439299775,-1.8189894035458565e-12,True
MARGEN_2X,conditional,run_70383794701c4f0fc157b2ed,1714521599999999999,10480.92366456486583864790000,10480.923664564867,1.8189894035458565e-12,True
MARGEN_2X,permanent,run_3f5d9cce8ff1c2ba5447e3b6,1712015999999999999,10937.37465633632301827639999,10937.374656336322,-1.8189894035458565e-12,True
MARGEN_2X,permanent,run_3f5d9cce8ff1c2ba5447e3b6,1712102399999999999,10940.93401999053712663239999,10940.934019990536,0.0,True
MARGEN_2X,permanent,run_3f5d9cce8ff1c2ba5447e3b6,1712188799999999999,10943.70472964954522463239999,10943.704729649546,0.0,True
MARGEN_2X,permanent,run_3f5d9cce8ff1c2ba5447e3b6,1712275199999999999,10945.67110819908716263239999,10945.671108199085,-1.8189894035458565e-12,True
MARGEN_2X,permanent,run_3f5d9cce8ff1c2ba5447e3b6,1712361599999999999,10948.00628873308755963239999,10948.006288733086,-1.8189894035458565e-12,True
MARGEN_2X,permanent,run_3f5d9cce8ff1c2ba5447e3b6,1712447999999999999,10951.43176832653586063239999,10951.431768326534,-1.8189894035458565e-12,True
MARGEN_2X,permanent,run_3f5d9cce8ff1c2ba5447e3b6,1712534399999999999,10951.68776871849459463239999,10951.687768718495,0.0,True
MARGEN_2X,permanent,run_3f5d9cce8ff1c2ba5447e3b6,1712620799999999999,10952.14152495646169891239999,10952.14152495646,-1.8189894035458565e-12,True
MARGEN_2X,permanent,run_3f5d9cce8ff1c2ba5447e3b6,1712707199999999999,10957.04370491779587942509999,10957.043704917796,0.0,True
MARGEN_2X,permanent,run_3f5d9cce8ff1c2ba5447e3b6,1712793599999999999,10960.56477211663569162169999,10960.564772116635,0.0,True
MARGEN_2X,permanent,run_3f5d9cce8ff1c2ba5447e3b6,1712879999999999999,10963.48752617987640207489999,10963.487526179875,-1.8189894035458565e-12,True
MARGEN_2X,permanent,run_3f5d9cce8ff1c2ba5447e3b6,1712966399999999999,10967.56829463607273408749999,10967.568294636072,0.0,True
MARGEN_2X,permanent,run_3f5d9cce8ff1c2ba5447e3b6,1713052799999999999,10973.53666451073273408749999,10973.536664510731,-1.8189894035458565e-12,True
MARGEN_2X,permanent,run_3f5d9cce8ff1c2ba5447e3b6,1713139199999999999,10976.70257269205953008749999,10976.702572692056,-3.637978807091713e-12,True
MARGEN_2X,permanent,run_3f5d9cce8ff1c2ba5447e3b6,1713225599999999999,10977.28549872226394345499999,10977.285498722264,0.0,True
MARGEN_2X,permanent,run_3f5d9cce8ff1c2ba5447e3b6,1713311999999999999,10979.02524959260990850209999,10979.02524959261,0.0,True
MARGEN_2X,permanent,run_3f5d9cce8ff1c2ba5447e3b6,1713398399999999999,10978.42935708568661299619999,10978.429357085686,0.0,True
MARGEN_2X,permanent,run_3f5d9cce8ff1c2ba5447e3b6,1713484799999999999,10978.17693740367606938769999,10978.176937403678,1.8189894035458565e-12,True
MARGEN_2X,permanent,run_3f5d9cce8ff1c2ba5447e3b6,1713571199999999999,10978.75091859408346587219999,10978.750918594085,1.8189894035458565e-12,True
MARGEN_2X,permanent,run_3f5d9cce8ff1c2ba5447e3b6,1713657599999999999,10980.33668386686756280839999,10980.336683866868,0.0,True
MARGEN_2X,permanent,run_3f5d9cce8ff1c2ba5447e3b6,1713743999999999999,10980.86538276533983744909999,10980.86538276534,0.0,True
MARGEN_2X,permanent,run_3f5d9cce8ff1c2ba5447e3b6,1713830399999999999,10981.72914881363714713409999,10981.729148813636,-1.8189894035458565e-12,True
MARGEN_2X,permanent,run_3f5d9cce8ff1c2ba5447e3b6,1713916799999999999,10981.54056321634849416029999,10981.540563216347,-1.8189894035458565e-12,True
MARGEN_2X,permanent,run_3f5d9cce8ff1c2ba5447e3b6,1714003199999999999,10983.08729680580099670749999,10983.087296805801,0.0,True
MARGEN_2X,permanent,run_3f5d9cce8ff1c2ba5447e3b6,1714089599999999999,10982.68642502166446917529999,10982.686425021664,0.0,True
MARGEN_2X,permanent,run_3f5d9cce8ff1c2ba5447e3b6,1714175999999999999,10983.52493679945021376399999,10983.52493679945,-1.8189894035458565e-12,True
MARGEN_2X,permanent,run_3f5d9cce8ff1c2ba5447e3b6,1714262399999999999,10985.50778626497043746399999,10985.50778626497,0.0,True
MARGEN_2X,permanent,run_3f5d9cce8ff1c2ba5447e3b6,1714348799999999999,10985.56584074007690776539999,10985.565840740077,0.0,True
MARGEN_2X,permanent,run_3f5d9cce8ff1c2ba5447e3b6,1714435199999999999,10987.27432078456489312539999,10987.274320784565,0.0,True
MARGEN_2X,permanent,run_3f5d9cce8ff1c2ba5447e3b6,1714521599999999999,10989.04287132026466562169999,10989.042871320265,0.0,True
BASE_E3,conditional,run_ad71d751b20623006c195ff3,1714607999999999999,10506.09606602370657050600000,10506.096066023707,0.0,True
BASE_E3,conditional,run_ad71d751b20623006c195ff3,1714694399999999999,10506.46122496371570309960000,10506.461224963716,0.0,True
BASE_E3,conditional,run_ad71d751b20623006c195ff3,1714780799999999999,10505.99632213394877996650000,10505.99632213395,0.0,True
BASE_E3,conditional,run_ad71d751b20623006c195ff3,1714867199999999999,10507.92229469543525352950000,10507.922294695436,0.0,True
BASE_E3,conditional,run_ad71d751b20623006c195ff3,1714953599999999999,10508.17585206649312129490000,10508.175852066493,0.0,True
BASE_E3,conditional,run_ad71d751b20623006c195ff3,1715039999999999999,10509.08102987937955479850000,10509.08102987938,0.0,True
BASE_E3,conditional,run_ad71d751b20623006c195ff3,1715126399999999999,10509.66512759724368353410000,10509.665127597244,0.0,True
BASE_E3,conditional,run_ad71d751b20623006c195ff3,1715212799999999999,10512.36973694081441685810000,10512.369736940816,1.8189894035458565e-12,True
BASE_E3,conditional,run_ad71d751b20623006c195ff3,1715299199999999999,10513.76591493439981328150000,10513.7659149344,0.0,True
BASE_E3,conditional,run_ad71d751b20623006c195ff3,1715385599999999999,10514.31911699690600593960000,10514.319116996905,-1.8189894035458565e-12,True
BASE_E3,conditional,run_ad71d751b20623006c195ff3,1715471999999999999,10515.05308081192279565760000,10515.053080811924,1.8189894035458565e-12,True
BASE_E3,conditional,run_ad71d751b20623006c195ff3,1715558399999999999,10516.82100273884562520760000,10516.821002738847,1.8189894035458565e-12,True
BASE_E3,conditional,run_ad71d751b20623006c195ff3,1715644799999999999,10518.42896722372981871120000,10518.42896722373,0.0,True
BASE_E3,conditional,run_ad71d751b20623006c195ff3,1715731199999999999,10520.23424996336478623120000,10520.234249963365,0.0,True
BASE_E3,conditional,run_ad71d751b20623006c195ff3,1715817599999999999,10521.86054068491928682720000,10521.86054068492,0.0,True
BASE_E3,conditional,run_ad71d751b20623006c195ff3,1715903999999999999,10522.34192572003727729690000,10522.341925720038,1.8189894035458565e-12,True
BASE_E3,conditional,run_ad71d751b20623006c195ff3,1715990399999999999,10523.32450471478675687340000,10523.324504714787,0.0,True
BASE_E3,conditional,run_ad71d751b20623006c195ff3,1716076799999999999,10523.66038532304833599420000,10523.66038532305,1.8189894035458565e-12,True
BASE_E3,conditional,run_ad71d751b20623006c195ff3,1716163199999999999,10525.36625618148403121670000,10525.366256181484,0.0,True
BASE_E3,conditional,run_ad71d751b20623006c195ff3,1716249599999999999,10520.00750611930514941770000,10520.007506119306,0.0,True
BASE_E3,conditional,run_ad71d751b20623006c195ff3,1716335999999999999,10523.39556380588717893360000,10523.395563805887,0.0,True
BASE_E3,conditional,run_ad71d751b20623006c195ff3,1716422399999999999,10523.31517971416942110510000,10523.31517971417,1.8189894035458565e-12,True
BASE_E3,conditional,run_ad71d751b20623006c195ff3,1716508799999999999,10527.53336789590609610510000,10527.533367895907,0.0,True
BASE_E3,conditional,run_ad71d751b20623006c195ff3,1716595199999999999,10529.40207065688461610510000,10529.402070656886,1.8189894035458565e-12,True
BASE_E3,conditional,run_ad71d751b20623006c195ff3,1716681599999999999,10530.60234928499060510510001,10530.60234928499,0.0,True
BASE_E3,conditional,run_ad71d751b20623006c195ff3,1716767999999999999,10532.79478850905486010510001,10532.794788509056,1.8189894035458565e-12,True
BASE_E3,conditional,run_ad71d751b20623006c195ff3,1716854399999999999,10533.68082952426797810510001,10533.680829524268,0.0,True
BASE_E3,conditional,run_ad71d751b20623006c195ff3,1716940799999999999,10534.89582324837831110510001,10534.895823248378,0.0,True
BASE_E3,conditional,run_ad71d751b20623006c195ff3,1717027199999999999,10538.29149292832114955510001,10538.291492928322,0.0,True
BASE_E3,conditional,run_ad71d751b20623006c195ff3,1717113599999999999,10540.62871249833577706490001,10540.628712498336,0.0,True
BASE_E3,conditional,run_ad71d751b20623006c195ff3,1717199999999999999,10543.55087825157231399510001,10543.550878251574,1.8189894035458565e-12,True
BASE_E3,permanent,run_dfea4b7ac1475668d5968c97,1714607999999999999,10987.54697260354700959099999,10987.546972603548,1.8189894035458565e-12,True
BASE_E3,permanent,run_dfea4b7ac1475668d5968c97,1714694399999999999,10987.91261125829075592699999,10987.912611258293,1.8189894035458565e-12,True
BASE_E3,permanent,run_dfea4b7ac1475668d5968c97,1714780799999999999,10987.37901084271386479649999,10987.379010842715,0.0,True
BASE_E3,permanent,run_dfea4b7ac1475668d5968c97,1714867199999999999,10989.47969783896883027529999,10989.479697838968,-1.8189894035458565e-12,True
BASE_E3,permanent,run_dfea4b7ac1475668d5968c97,1714953599999999999,10989.74121301155901524749999,10989.741213011557,-1.8189894035458565e-12,True
BASE_E3,permanent,run_dfea4b7ac1475668d5968c97,1715039999999999999,10990.70891636880979105729999,10990.708916368809,-1.8189894035458565e-12,True
BASE_E3,permanent,run_dfea4b7ac1475668d5968c97,1715126399999999999,10991.37562998073474582569999,10991.375629980736,0.0,True
BASE_E3,permanent,run_dfea4b7ac1475668d5968c97,1715212799999999999,10993.68812492972398568649999,10993.688124929724,0.0,True
BASE_E3,permanent,run_dfea4b7ac1475668d5968c97,1715299199999999999,10995.14055997144085573629999,10995.140559971442,0.0,True
BASE_E3,permanent,run_dfea4b7ac1475668d5968c97,1715385599999999999,10995.74191867324418589479999,10995.741918673244,0.0,True
BASE_E3,permanent,run_dfea4b7ac1475668d5968c97,1715471999999999999,10996.52829793391769314079999,10996.528297933917,0.0,True
BASE_E3,permanent,run_dfea4b7ac1475668d5968c97,1715558399999999999,10998.38912658798485100079999,10998.389126587987,1.8189894035458565e-12,True
BASE_E3,permanent,run_dfea4b7ac1475668d5968c97,1715644799999999999,11000.09341258083753376999999,11000.093412580836,-1.8189894035458565e-12,True
BASE_E3,permanent,run_dfea4b7ac1475668d5968c97,1715731199999999999,11002.01631307636000435399999,11002.01631307636,0.0,True
BASE_E3,permanent,run_dfea4b7ac1475668d5968c97,1715817599999999999,11003.69437870555674542479999,11003.694378705557,0.0,True
BASE_E3,permanent,run_dfea4b7ac1475668d5968c97,1715903999999999999,11004.21162450767771837509999,11004.211624507676,-1.8189894035458565e-12,True
BASE_E3,permanent,run_dfea4b7ac1475668d5968c97,1715990399999999999,11005.24120313522176019619999,11005.241203135221,0.0,True
BASE_E3,permanent,run_dfea4b7ac1475668d5968c97,1716076799999999999,11005.59077086775939810339999,11005.590770867759,0.0,True
BASE_E3,permanent,run_dfea4b7ac1475668d5968c97,1716163199999999999,11007.41440802081551032129999,11007.414408020815,0.0,True
BASE_E3,permanent,run_dfea4b7ac1475668d5968c97,1716249599999999999,11001.68708117846236693749999,11001.687081178463,0.0,True
BASE_E3,permanent,run_dfea4b7ac1475668d5968c97,1716335999999999999,11005.29034266356330844899999,11005.290342663562,-1.8189894035458565e-12,True
BASE_E3,permanent,run_dfea4b7ac1475668d5968c97,1716422399999999999,11004.57950726077623386549999,11004.579507260776,0.0,True
BASE_E3,permanent,run_dfea4b7ac1475668d5968c97,1716508799999999999,11008.95754535119137186549999,11008.957545351192,0.0,True
BASE_E3,permanent,run_dfea4b7ac1475668d5968c97,1716595199999999999,11008.92077167602796786549999,11008.920771676028,0.0,True
BASE_E3,permanent,run_dfea4b7ac1475668d5968c97,1716681599999999999,11010.87995238631527786549999,11010.879952386316,1.8189894035458565e-12,True
BASE_E3,permanent,run_dfea4b7ac1475668d5968c97,1716767999999999999,11013.13199913648407186549999,11013.131999136484,0.0,True
BASE_E3,permanent,run_dfea4b7ac1475668d5968c97,1716854399999999999,11014.03934003760180386549999,11014.0393400376,-1.8189894035458565e-12,True
BASE_E3,permanent,run_dfea4b7ac1475668d5968c97,1716940799999999999,11015.29334918771248986549999,11015.293349187712,0.0,True
BASE_E3,permanent,run_dfea4b7ac1475668d5968c97,1717027199999999999,11018.54136593902524776549999,11018.541365939025,0.0,True
BASE_E3,permanent,run_dfea4b7ac1475668d5968c97,1717113599999999999,11020.99375732641994919709999,11020.993757326421,1.8189894035458565e-12,True
BASE_E3,permanent,run_dfea4b7ac1475668d5968c97,1717199999999999999,11024.09970925268712860389999,11024.099709252687,0.0,True
MARGEN_2X,conditional,run_70383794701c4f0fc157b2ed,1714607999999999999,10482.57226205118399005180000,10482.572262051184,0.0,True
MARGEN_2X,conditional,run_70383794701c4f0fc157b2ed,1714694399999999999,10482.93257795058700723340000,10482.932577950589,1.8189894035458565e-12,True
MARGEN_2X,conditional,run_70383794701c4f0fc157b2ed,1714780799999999999,10482.46876773106110316130000,10482.46876773106,-1.8189894035458565e-12,True
MARGEN_2X,conditional,run_70383794701c4f0fc157b2ed,1714867199999999999,10484.40350394402136875520000,10484.40350394402,0.0,True
MARGEN_2X,conditional,run_70383794701c4f0fc157b2ed,1714953599999999999,10484.65571177829812543020000,10484.6557117783,1.8189894035458565e-12,True
MARGEN_2X,conditional,run_70383794701c4f0fc157b2ed,1715039999999999999,10485.55502719313234138770000,10485.555027193133,1.8189894035458565e-12,True
MARGEN_2X,conditional,run_70383794701c4f0fc157b2ed,1715126399999999999,10486.14435391290498549450000,10486.144353912903,-1.8189894035458565e-12,True
MARGEN_2X,conditional,run_70383794701c4f0fc157b2ed,1715212799999999999,10488.86582721908498956290000,10488.865827219084,0.0,True
MARGEN_2X,conditional,run_70383794701c4f0fc157b2ed,1715299199999999999,10490.25951122476159389290000,10490.25951122476,-1.8189894035458565e-12,True
MARGEN_2X,conditional,run_70383794701c4f0fc157b2ed,1715385599999999999,10490.80871730811077236630000,10490.808717308111,0.0,True
MARGEN_2X,conditional,run_70383794701c4f0fc157b2ed,1715471999999999999,10491.55234271503374146630000,10491.552342715033,0.0,True
MARGEN_2X,conditional,run_70383794701c4f0fc157b2ed,1715558399999999999,10493.32229318164139062130000,10493.322293181642,0.0,True
MARGEN_2X,conditional,run_70383794701c4f0fc157b2ed,1715644799999999999,10494.94457429891990644130000,10494.944574298921,1.8189894035458565e-12,True
MARGEN_2X,conditional,run_70383794701c4f0fc157b2ed,1715731199999999999,10496.75490083942414197330000,10496.754900839425,1.8189894035458565e-12,True
MARGEN_2X,conditional,run_70383794701c4f0fc157b2ed,1715817599999999999,10498.38370349144234199470000,10498.383703491441,-1.8189894035458565e-12,True
MARGEN_2X,conditional,run_70383794701c4f0fc157b2ed,1715903999999999999,10498.86234279640565060540000,10498.862342796405,0.0,True
MARGEN_2X,conditional,run_70383794701c4f0fc157b2ed,1715990399999999999,10499.85783022188903825970000,10499.857830221888,0.0,True
MARGEN_2X,conditional,run_70383794701c4f0fc157b2ed,1716076799999999999,10500.19189433052503959850000,10500.191894330525,0.0,True
MARGEN_2X,conditional,run_70383794701c4f0fc157b2ed,1716163199999999999,10501.91082875019818985220000,10501.910828750199,0.0,True
MARGEN_2X,conditional,run_70383794701c4f0fc157b2ed,1716249599999999999,10496.55364820416988473980000,10496.55364820417,0.0,True
MARGEN_2X,conditional,run_70383794701c4f0fc157b2ed,1716335999999999999,10499.96876619945737834240000,10499.968766199458,0.0,True
MARGEN_2X,conditional,run_70383794701c4f0fc157b2ed,1716422399999999999,10499.61005483457107039690000,10499.610054834571,0.0,True
MARGEN_2X,conditional,run_70383794701c4f0fc157b2ed,1716508799999999999,10502.21784156431656339690000,10502.217841564316,0.0,True
MARGEN_2X,conditional,run_70383794701c4f0fc157b2ed,1716595199999999999,10503.93620659333330539690000,10503.936206593331,-1.8189894035458565e-12,True
MARGEN_2X,conditional,run_70383794701c4f0fc157b2ed,1716681599999999999,10505.80332078775630839690000,10505.803320787754,-1.8189894035458565e-12,True
MARGEN_2X,conditional,run_70383794701c4f0fc157b2ed,1716767999999999999,10507.94904810376602439690000,10507.949048103766,0.0,True
MARGEN_2X,conditional,run_70383794701c4f0fc157b2ed,1716854399999999999,10508.81493251392907339690000,10508.81493251393,0.0,True
MARGEN_2X,conditional,run_70383794701c4f0fc157b2ed,1716940799999999999,10509.99949479981874839690000,10509.99949479982,1.8189894035458565e-12,True
MARGEN_2X,conditional,run_70383794701c4f0fc157b2ed,1717027199999999999,10513.30725520109557414690000,10513.307255201094,-1.8189894035458565e-12,True
MARGEN_2X,conditional,run_70383794701c4f0fc157b2ed,1717113599999999999,10515.58462464890479820190000,10515.584624648905,0.0,True
MARGEN_2X,conditional,run_70383794701c4f0fc157b2ed,1717199999999999999,10518.43842004820827168130000,10518.438420048205,-3.637978807091713e-12,True
MARGEN_2X,permanent,run_3f5d9cce8ff1c2ba5447e3b6,1714607999999999999,10990.85900467442545499059999,10990.859004674425,0.0,True
MARGEN_2X,permanent,run_3f5d9cce8ff1c2ba5447e3b6,1714694399999999999,10991.22326743365497964899999,10991.223267433656,0.0,True
MARGEN_2X,permanent,run_3f5d9cce8ff1c2ba5447e3b6,1714780799999999999,10990.68993176429391559159999,10990.689931764295,0.0,True
MARGEN_2X,permanent,run_3f5d9cce8ff1c2ba5447e3b6,1714867199999999999,10992.78729883177305296249999,10992.787298831772,0.0,True
MARGEN_2X,permanent,run_3f5d9cce8ff1c2ba5447e3b6,1714953599999999999,10993.04791414879026128969999,10993.04791414879,0.0,True
MARGEN_2X,permanent,run_3f5d9cce8ff1c2ba5447e3b6,1715039999999999999,10994.01376503100626996199999,10994.013765031008,1.8189894035458565e-12,True
MARGEN_2X,permanent,run_3f5d9cce8ff1c2ba5447e3b6,1715126399999999999,10994.68031053829026287559999,10994.680310538291,1.8189894035458565e-12,True
MARGEN_2X,permanent,run_3f5d9cce8ff1c2ba5447e3b6,1715212799999999999,10996.98891776484290448399999,10996.988917764842,-1.8189894035458565e-12,True
MARGEN_2X,permanent,run_3f5d9cce8ff1c2ba5447e3b6,1715299199999999999,10998.43755455280977553379999,10998.43755455281,0.0,True
MARGEN_2X,permanent,run_3f5d9cce8ff1c2ba5447e3b6,1715385599999999999,10999.03846334088775997989999,10999.038463340888,0.0,True
MARGEN_2X,permanent,run_3f5d9cce8ff1c2ba5447e3b6,1715471999999999999,10999.82424316870726722589999,10999.824243168707,0.0,True
MARGEN_2X,permanent,run_3f5d9cce8ff1c2ba5447e3b6,1715558399999999999,11001.68131903974449063089999,11001.681319039746,1.8189894035458565e-12,True
MARGEN_2X,permanent,run_3f5d9cce8ff1c2ba5447e3b6,1715644799999999999,11003.38356161719077340009999,11003.383561617191,0.0,True
MARGEN_2X,permanent,run_3f5d9cce8ff1c2ba5447e3b6,1715731199999999999,11005.30367498678984813209999,11005.30367498679,0.0,True
MARGEN_2X,permanent,run_3f5d9cce8ff1c2ba5447e3b6,1715817599999999999,11006.97726255297493611749999,11006.977262552977,1.8189894035458565e-12,True
MARGEN_2X,permanent,run_3f5d9cce8ff1c2ba5447e3b6,1715903999999999999,11007.49408782344908299009999,11007.494087823448,0.0,True
MARGEN_2X,permanent,run_3f5d9cce8ff1c2ba5447e3b6,1715990399999999999,11008.52140402254478981389999,11008.521404022544,-1.8189894035458565e-12,True
MARGEN_2X,permanent,run_3f5d9cce8ff1c2ba5447e3b6,1716076799999999999,11008.86968210842114245429999,11008.869682108421,0.0,True
MARGEN_2X,permanent,run_3f5d9cce8ff1c2ba5447e3b6,1716163199999999999,11010.69149964391898723149999,11010.69149964392,1.8189894035458565e-12,True
MARGEN_2X,permanent,run_3f5d9cce8ff1c2ba5447e3b6,1716249599999999999,11004.96981704858381283409999,11004.969817048583,-1.8189894035458565e-12,True
MARGEN_2X,permanent,run_3f5d9cce8ff1c2ba5447e3b6,1716335999999999999,11008.56695212184568452199999,11008.566952121844,-1.8189894035458565e-12,True
MARGEN_2X,permanent,run_3f5d9cce8ff1c2ba5447e3b6,1716422399999999999,11007.85379827663414503119999,11007.853798276634,0.0,True
MARGEN_2X,permanent,run_3f5d9cce8ff1c2ba5447e3b6,1716508799999999999,11010.58497373596564603119999,11010.584973735964,-1.8189894035458565e-12,True
MARGEN_2X,permanent,run_3f5d9cce8ff1c2ba5447e3b6,1716595199999999999,11012.38357773487860403119999,11012.383577734878,-1.8189894035458565e-12,True
MARGEN_2X,permanent,run_3f5d9cce8ff1c2ba5447e3b6,1716681599999999999,11014.33242548364091103119999,11014.332425483643,1.8189894035458565e-12,True
MARGEN_2X,permanent,run_3f5d9cce8ff1c2ba5447e3b6,1716767999999999999,11016.57594327983970503119999,11016.57594327984,0.0,True
MARGEN_2X,permanent,run_3f5d9cce8ff1c2ba5447e3b6,1716854399999999999,11017.47328975511925603119999,11017.473289755118,0.0,True
MARGEN_2X,permanent,run_3f5d9cce8ff1c2ba5447e3b6,1716940799999999999,11018.72313550526649103119999,11018.723135505266,0.0,True
MARGEN_2X,permanent,run_3f5d9cce8ff1c2ba5447e3b6,1717027199999999999,11021.94631866726421678119999,11021.946318667264,0.0,True
MARGEN_2X,permanent,run_3f5d9cce8ff1c2ba5447e3b6,1717113599999999999,11024.38152797748229757219999,11024.381527977483,0.0,True
MARGEN_2X,permanent,run_3f5d9cce8ff1c2ba5447e3b6,1717199999999999999,11027.47326193695743596359999,11027.473261936957,0.0,True
BASE_E3,conditional,run_ad71d751b20623006c195ff3,1717286399999999999,10544.82570369167788845230001,10544.825703691677,-1.8189894035458565e-12,True
BASE_E3,conditional,run_ad71d751b20623006c195ff3,1717372799999999999,10546.05966208057449045230001,10546.059662080574,0.0,True
BASE_E3,conditional,run_ad71d751b20623006c195ff3,1717459199999999999,10549.03956320315539427750001,10549.039563203154,-1.8189894035458565e-12,True
BASE_E3,conditional,run_ad71d751b20623006c195ff3,1717545599999999999,10550.57931920034595103750001,10550.579319200344,-1.8189894035458565e-12,True
BASE_E3,conditional,run_ad71d751b20623006c195ff3,1717631999999999999,10553.77485899192650855140001,10553.774858991925,-1.8189894035458565e-12,True
BASE_E3,conditional,run_ad71d751b20623006c195ff3,1717718399999999999,10556.85877325403240943660001,10556.858773254033,0.0,True
BASE_E3,conditional,run_ad71d751b20623006c195ff3,1717804799999999999,10560.42935469130624883120001,10560.429354691307,0.0,True
BASE_E3,conditional,run_ad71d751b20623006c195ff3,1717891199999999999,10562.29114028546283883120001,10562.291140285462,0.0,True
BASE_E3,conditional,run_ad71d751b20623006c195ff3,1717977599999999999,10564.65815778149283883120001,10564.658157781492,0.0,True
BASE_E3,conditional,run_ad71d751b20623006c195ff3,1718063999999999999,10565.51035524114429083120001,10565.510355241142,-1.8189894035458565e-12,True
BASE_E3,conditional,run_ad71d751b20623006c195ff3,1718150399999999999,10569.74756193573154383120001,10569.74756193573,-1.8189894035458565e-12,True
BASE_E3,conditional,run_ad71d751b20623006c195ff3,1718236799999999999,10571.41829559158083283120001,10571.41829559158,0.0,True
BASE_E3,conditional,run_ad71d751b20623006c195ff3,1718323199999999999,10573.53432985839963283120001,10573.534329858398,-1.8189894035458565e-12,True
BASE_E3,conditional,run_ad71d751b20623006c195ff3,1718409599999999999,10576.60278844073902283120001,10576.602788440738,-1.8189894035458565e-12,True
BASE_E3,conditional,run_ad71d751b20623006c195ff3,1718495999999999999,10578.47920230490715583120001,10578.479202304907,0.0,True
BASE_E3,conditional,run_ad71d751b20623006c195ff3,1718582399999999999,10580.85059843870899483120001,10580.850598438707,-1.8189894035458565e-12,True
BASE_E3,conditional,run_ad71d751b20623006c195ff3,1718668799999999999,10583.03065821425612283120001,10583.030658214257,0.0,True
BASE_E3,conditional,run_ad71d751b20623006c195ff3,1718755199999999999,10584.04584207738686802650001,10584.045842077387,0.0,True
BASE_E3,conditional,run_ad71d751b20623006c195ff3,1718841599999999999,10585.55040954233248908090001,10585.550409542333,0.0,True
BASE_E3,conditional,run_ad71d751b20623006c195ff3,1718927999999999999,10586.69862825372147741610001,10586.698628253722,0.0,True
BASE_E3,conditional,run_ad71d751b20623006c195ff3,1719014399999999999,10587.70852812403799753970001,10587.708528124038,0.0,True
BASE_E3,conditional,run_ad71d751b20623006c195ff3,1719100799999999999,10588.98206305507959353970001,10588.982063055078,-1.8189894035458565e-12,True
BASE_E3,conditional,run_ad71d751b20623006c195ff3,1719187199999999999,10589.89857919600735916310001,10589.898579196006,-1.8189894035458565e-12,True
BASE_E3,conditional,run_ad71d751b20623006c195ff3,1719273599999999999,10590.98985679786859361030001,10590.989856797867,-1.8189894035458565e-12,True
BASE_E3,conditional,run_ad71d751b20623006c195ff3,1719359999999999999,10593.59964314808289061030001,10593.599643148083,0.0,True
BASE_E3,conditional,run_ad71d751b20623006c195ff3,1719446399999999999,10592.57469337350710561030001,10592.574693373506,0.0,True
BASE_E3,conditional,run_ad71d751b20623006c195ff3,1719532799999999999,10595.52568947253063861030001,10595.525689472528,-1.8189894035458565e-12,True
BASE_E3,conditional,run_ad71d751b20623006c195ff3,1719619199999999999,10596.21463400871193961030001,10596.214634008713,1.8189894035458565e-12,True
BASE_E3,conditional,run_ad71d751b20623006c195ff3,1719705599999999999,10598.87868744804524261030001,10598.878687448045,0.0,True
BASE_E3,conditional,run_ad71d751b20623006c195ff3,1719791999999999999,10601.26298454231809061030001,10601.262984542318,0.0,True
BASE_E3,permanent,run_dfea4b7ac1475668d5968c97,1717286399999999999,11025.44508751029406036129999,11025.445087510292,-1.8189894035458565e-12,True
BASE_E3,permanent,run_dfea4b7ac1475668d5968c97,1717372799999999999,11026.75560102542114436129999,11026.755601025421,0.0,True
BASE_E3,permanent,run_dfea4b7ac1475668d5968c97,1717459199999999999,11029.89135001300593491069999,11029.891350013007,1.8189894035458565e-12,True
BASE_E3,permanent,run_dfea4b7ac1475668d5968c97,1717545599999999999,11031.53129959337065983069999,11031.53129959337,-1.8189894035458565e-12,True
BASE_E3,permanent,run_dfea4b7ac1475668d5968c97,1717631999999999999,11034.42768305767101508949999,11034.427683057671,0.0,True
BASE_E3,permanent,run_dfea4b7ac1475668d5968c97,1717718399999999999,11037.59784781061367521349999,11037.597847810615,1.8189894035458565e-12,True
BASE_E3,permanent,run_dfea4b7ac1475668d5968c97,1717804799999999999,11041.27126503906158032669999,11041.27126503906,-1.8189894035458565e-12,True
BASE_E3,permanent,run_dfea4b7ac1475668d5968c97,1717891199999999999,11043.18791257835987232669999,11043.18791257836,0.0,True
BASE_E3,permanent,run_dfea4b7ac1475668d5968c97,1717977599999999999,11045.61482626271987232669999,11045.61482626272,0.0,True
BASE_E3,permanent,run_dfea4b7ac1475668d5968c97,1718063999999999999,11046.49101954964386432669999,11046.491019549645,1.8189894035458565e-12,True
BASE_E3,permanent,run_dfea4b7ac1475668d5968c97,1718150399999999999,11050.84155350728282232669999,11050.841553507282,-1.8189894035458565e-12,True
BASE_E3,permanent,run_dfea4b7ac1475668d5968c97,1718236799999999999,11052.55745724251428432669999,11052.557457242514,0.0,True
BASE_E3,permanent,run_dfea4b7ac1475668d5968c97,1718323199999999999,11054.73481975936866832669999,11054.73481975937,0.0,True
BASE_E3,permanent,run_dfea4b7ac1475668d5968c97,1718409599999999999,11057.55518646287108232669999,11057.555186462872,1.8189894035458565e-12,True
BASE_E3,permanent,run_dfea4b7ac1475668d5968c97,1718495999999999999,11059.84061327165522532669999,11059.840613271655,0.0,True
BASE_E3,permanent,run_dfea4b7ac1475668d5968c97,1718582399999999999,11062.29494185473080032669999,11062.294941854732,1.8189894035458565e-12,True
BASE_E3,permanent,run_dfea4b7ac1475668d5968c97,1718668799999999999,11064.55211744367425332669999,11064.552117443676,1.8189894035458565e-12,True
BASE_E3,permanent,run_dfea4b7ac1475668d5968c97,1718755199999999999,11065.59233533901636481859999,11065.592335339017,0.0,True
BASE_E3,permanent,run_dfea4b7ac1475668d5968c97,1718841599999999999,11066.78279562797167666239999,11066.782795627973,0.0,True
BASE_E3,permanent,run_dfea4b7ac1475668d5968c97,1718927999999999999,11067.99040928427336884539999,11067.990409284273,0.0,True
BASE_E3,permanent,run_dfea4b7ac1475668d5968c97,1719014399999999999,11069.06063325560917968819999,11069.060633255609,0.0,True
BASE_E3,permanent,run_dfea4b7ac1475668d5968c97,1719100799999999999,11070.40389830108733168819999,11070.403898301087,0.0,True
BASE_E3,permanent,run_dfea4b7ac1475668d5968c97,1719187199999999999,11071.37692754970830502639999,11071.376927549709,0.0,True
BASE_E3,permanent,run_dfea4b7ac1475668d5968c97,1719273599999999999,11072.54184588640639331199999,11072.541845886408,1.8189894035458565e-12,True
BASE_E3,permanent,run_dfea4b7ac1475668d5968c97,1719359999999999999,11075.28227345467022431199999,11075.28227345467,0.0,True
BASE_E3,permanent,run_dfea4b7ac1475668d5968c97,1719446399999999999,11074.08662296742543731199999,11074.086622967427,1.8189894035458565e-12,True
BASE_E3,permanent,run_dfea4b7ac1475668d5968c97,1719532799999999999,11077.19697496098958131199999,11077.19697496099,1.8189894035458565e-12,True
BASE_E3,permanent,run_dfea4b7ac1475668d5968c97,1719619199999999999,11077.91643151652399431199999,11077.916431516522,-1.8189894035458565e-12,True
BASE_E3,permanent,run_dfea4b7ac1475668d5968c97,1719705599999999999,11080.71846110804333431199999,11080.718461108043,0.0,True
BASE_E3,permanent,run_dfea4b7ac1475668d5968c97,1719791999999999999,11083.21946824518575831199999,11083.219468245186,0.0,True
MARGEN_2X,conditional,run_70383794701c4f0fc157b2ed,1717286399999999999,10519.68486389256021247630000,10519.68486389256,0.0,True
MARGEN_2X,conditional,run_70383794701c4f0fc157b2ed,1717372799999999999,10520.88731539502716247630000,10520.887315395026,-1.8189894035458565e-12,True
MARGEN_2X,conditional,run_70383794701c4f0fc157b2ed,1717459199999999999,10523.79214211770434824730000,10523.792142117703,-1.8189894035458565e-12,True
MARGEN_2X,conditional,run_70383794701c4f0fc157b2ed,1717545599999999999,10525.29630957106033624730000,10525.296309571062,1.8189894035458565e-12,True
MARGEN_2X,conditional,run_70383794701c4f0fc157b2ed,1717631999999999999,10528.41707999756018371480000,10528.41707999756,0.0,True
MARGEN_2X,conditional,run_70383794701c4f0fc157b2ed,1717718399999999999,10531.42329674513297026420000,10531.423296745132,-1.8189894035458565e-12,True
MARGEN_2X,conditional,run_70383794701c4f0fc157b2ed,1717804799999999999,10534.89987374213164499920000,10534.899873742132,0.0,True
MARGEN_2X,conditional,run_70383794701c4f0fc157b2ed,1717891199999999999,10536.71520092584653299920000,10536.715200925846,0.0,True
MARGEN_2X,conditional,run_70383794701c4f0fc157b2ed,1717977599999999999,10539.02776011244653299920000,10539.027760112445,-1.8189894035458565e-12,True
MARGEN_2X,conditional,run_70383794701c4f0fc157b2ed,1718063999999999999,10539.85726519935849999920000,10539.857265199356,-1.8189894035458565e-12,True
MARGEN_2X,conditional,run_70383794701c4f0fc157b2ed,1718150399999999999,10543.98611420690844299920000,10543.986114206908,0.0,True
MARGEN_2X,conditional,run_70383794701c4f0fc157b2ed,1718236799999999999,10545.46581567572900799920000,10545.465815675729,0.0,True
MARGEN_2X,conditional,run_70383794701c4f0fc157b2ed,1718323199999999999,10547.14332875516262699920000,10547.143328755163,0.0,True
MARGEN_2X,conditional,run_70383794701c4f0fc157b2ed,1718409599999999999,10550.37366302423505099920000,10550.373663024235,0.0,True
MARGEN_2X,conditional,run_70383794701c4f0fc157b2ed,1718495999999999999,10552.62251841301917899920000,10552.622518413018,-1.8189894035458565e-12,True
MARGEN_2X,conditional,run_70383794701c4f0fc157b2ed,1718582399999999999,10555.02991686204476699920000,10555.029916862044,0.0,True
MARGEN_2X,conditional,run_70383794701c4f0fc157b2ed,1718668799999999999,10557.24357038950100099920000,10557.2435703895,0.0,True
MARGEN_2X,conditional,run_70383794701c4f0fc157b2ed,1718755199999999999,10558.28388287690668311520000,10558.283882876907,0.0,True
MARGEN_2X,conditional,run_70383794701c4f0fc157b2ed,1718841599999999999,10559.86742612809250416960000,10559.86742612809,-1.8189894035458565e-12,True
MARGEN_2X,conditional,run_70383794701c4f0fc157b2ed,1718927999999999999,10561.02340990106128974720000,10561.023409901061,0.0,True
MARGEN_2X,conditional,run_70383794701c4f0fc157b2ed,1719014399999999999,10562.03724891968480073920000,10562.037248919685,0.0,True
MARGEN_2X,conditional,run_70383794701c4f0fc157b2ed,1719100799999999999,10563.31617435876409673920000,10563.316174358764,0.0,True
MARGEN_2X,conditional,run_70383794701c4f0fc157b2ed,1719187199999999999,10564.23624744694009658720000,10564.23624744694,-1.8189894035458565e-12,True
MARGEN_2X,conditional,run_70383794701c4f0fc157b2ed,1719273599999999999,10565.33296908368394257120000,10565.332969083682,-1.8189894035458565e-12,True
MARGEN_2X,conditional,run_70383794701c4f0fc157b2ed,1719359999999999999,10567.95776901309278257120000,10567.957769013094,0.0,True
MARGEN_2X,conditional,run_70383794701c4f0fc157b2ed,1719446399999999999,10566.92243850395245457120000,10566.92243850395,-1.8189894035458565e-12,True
MARGEN_2X,conditional,run_70383794701c4f0fc157b2ed,1719532799999999999,10569.88994874156734957120000,10569.889948741566,-1.8189894035458565e-12,True
MARGEN_2X,conditional,run_70383794701c4f0fc157b2ed,1719619199999999999,10570.57824557657405957120000,10570.578245576573,-1.8189894035458565e-12,True
MARGEN_2X,conditional,run_70383794701c4f0fc157b2ed,1719705599999999999,10573.26064752294054057120000,10573.26064752294,0.0,True
MARGEN_2X,conditional,run_70383794701c4f0fc157b2ed,1719791999999999999,10575.67512344465202057120000,10575.675123444653,0.0,True
MARGEN_2X,permanent,run_3f5d9cce8ff1c2ba5447e3b6,1717286399999999999,11028.81054308407225958759999,11028.810543084071,0.0,True
MARGEN_2X,permanent,run_3f5d9cce8ff1c2ba5447e3b6,1717372799999999999,11030.11496727441584958759999,11030.114967274414,-1.8189894035458565e-12,True
MARGEN_2X,permanent,run_3f5d9cce8ff1c2ba5447e3b6,1717459199999999999,11033.23045793033016686759999,11033.23045793033,0.0,True
MARGEN_2X,permanent,run_3f5d9cce8ff1c2ba5447e3b6,1717545599999999999,11034.86350467593625306759999,11034.863504675935,0.0,True
MARGEN_2X,permanent,run_3f5d9cce8ff1c2ba5447e3b6,1717631999999999999,11037.74197103428861845809999,11037.74197103429,0.0,True
MARGEN_2X,permanent,run_3f5d9cce8ff1c2ba5447e3b6,1717718399999999999,11040.89371491308471775669999,11040.893714913083,-1.8189894035458565e-12,True
MARGEN_2X,permanent,run_3f5d9cce8ff1c2ba5447e3b6,1717804799999999999,11044.54382599871460096369999,11044.543825998715,0.0,True
MARGEN_2X,permanent,run_3f5d9cce8ff1c2ba5447e3b6,1717891199999999999,11046.44554739515289296369999,11046.445547395153,0.0,True
MARGEN_2X,permanent,run_3f5d9cce8ff1c2ba5447e3b6,1717977599999999999,11048.86399095645289296369999,11048.863990956452,-1.8189894035458565e-12,True
MARGEN_2X,permanent,run_3f5d9cce8ff1c2ba5447e3b6,1718063999999999999,11049.73547461457738596369999,11049.735474614576,-1.8189894035458565e-12,True
MARGEN_2X,permanent,run_3f5d9cce8ff1c2ba5447e3b6,1718150399999999999,11054.06797380195043296369999,11054.067973801952,1.8189894035458565e-12,True
MARGEN_2X,permanent,run_3f5d9cce8ff1c2ba5447e3b6,1718236799999999999,11055.77396900455462196369999,11055.773969004553,-1.8189894035458565e-12,True
MARGEN_2X,permanent,run_3f5d9cce8ff1c2ba5447e3b6,1718323199999999999,11057.49652689097764096369999,11057.496526890976,-1.8189894035458565e-12,True
MARGEN_2X,permanent,run_3f5d9cce8ff1c2ba5447e3b6,1718409599999999999,11060.79871760488641496369999,11060.798717604888,1.8189894035458565e-12,True
MARGEN_2X,permanent,run_3f5d9cce8ff1c2ba5447e3b6,1718495999999999999,11063.09657187581601796369999,11063.096571875816,0.0,True
MARGEN_2X,permanent,run_3f5d9cce8ff1c2ba5447e3b6,1718582399999999999,11065.56695429721886096369999,11065.566954297217,-1.8189894035458565e-12,True
MARGEN_2X,permanent,run_3f5d9cce8ff1c2ba5447e3b6,1718668799999999999,11067.84102370879402996369999,11067.841023708794,0.0,True
MARGEN_2X,permanent,run_3f5d9cce8ff1c2ba5447e3b6,1718755199999999999,11068.88315357113120668319999,11068.88315357113,0.0,True
MARGEN_2X,permanent,run_3f5d9cce8ff1c2ba5447e3b6,1718841599999999999,11070.08841326450011852699999,11070.0884132645,0.0,True
MARGEN_2X,permanent,run_3f5d9cce8ff1c2ba5447e3b6,1718927999999999999,11071.30877311290820703319999,11071.308773112907,-1.8189894035458565e-12,True
MARGEN_2X,permanent,run_3f5d9cce8ff1c2ba5447e3b6,1719014399999999999,11072.38199052498667236719999,11072.381990524986,-1.8189894035458565e-12,True
MARGEN_2X,permanent,run_3f5d9cce8ff1c2ba5447e3b6,1719100799999999999,11073.73414035884842436719999,11073.734140358849,0.0,True
MARGEN_2X,permanent,run_3f5d9cce8ff1c2ba5447e3b6,1719187199999999999,11074.71339292846704333819999,11074.713392928468,1.8189894035458565e-12,True
MARGEN_2X,permanent,run_3f5d9cce8ff1c2ba5447e3b6,1719273599999999999,11075.88179817034194700619999,11075.881798170341,0.0,True
MARGEN_2X,permanent,run_3f5d9cce8ff1c2ba5447e3b6,1719359999999999999,11078.64379215419850200619999,11078.643792154198,0.0,True
MARGEN_2X,permanent,run_3f5d9cce8ff1c2ba5447e3b6,1719446399999999999,11077.44583933920099100619999,11077.445839339201,0.0,True
MARGEN_2X,permanent,run_3f5d9cce8ff1c2ba5447e3b6,1719532799999999999,11080.56467645868695100619999,11080.564676458689,1.8189894035458565e-12,True
MARGEN_2X,permanent,run_3f5d9cce8ff1c2ba5447e3b6,1719619199999999999,11081.30093273338857600619999,11081.300932733388,-1.8189894035458565e-12,True
MARGEN_2X,permanent,run_3f5d9cce8ff1c2ba5447e3b6,1719705599999999999,11084.12155523681882000619999,11084.12155523682,0.0,True
MARGEN_2X,permanent,run_3f5d9cce8ff1c2ba5447e3b6,1719791999999999999,11086.64036017487942000619999,11086.640360174879,0.0,True
BASE_E3,conditional,run_ad71d751b20623006c195ff3,1719878399999999999,10602.70127870174380961030001,10602.701278701745,1.8189894035458565e-12,True
BASE_E3,conditional,run_ad71d751b20623006c195ff3,1719964799999999999,10605.42693337996656361030001,10605.426933379968,1.8189894035458565e-12,True
BASE_E3,conditional,run_ad71d751b20623006c195ff3,1720051199999999999,10606.34212523070203661030001,10606.3421252307,-1.8189894035458565e-12,True
BASE_E3,conditional,run_ad71d751b20623006c195ff3,1720137599999999999,10608.13631627532100361030001,10608.136316275322,1.8189894035458565e-12,True
BASE_E3,conditional,run_ad71d751b20623006c195ff3,1720223999999999999,10611.09200728611373519720000,10611.092007286114,0.0,True
BASE_E3,conditional,run_ad71d751b20623006c195ff3,1720310399999999999,10610.30775991942974271000001,10610.30775991943,0.0,True
BASE_E3,conditional,run_ad71d751b20623006c195ff3,1720396799999999999,10611.45812585839836984000000,10611.458125858398,0.0,True
BASE_E3,conditional,run_ad71d751b20623006c195ff3,1720483199999999999,10613.58156271381192589750001,10613.581562713813,0.0,True
BASE_E3,conditional,run_ad71d751b20623006c195ff3,1720569599999999999,10616.00137391537587377150001,10616.001373915375,-1.8189894035458565e-12,True
BASE_E3,conditional,run_ad71d751b20623006c195ff3,1720655999999999999,10615.92050770440802450300001,10615.920507704408,0.0,True
BASE_E3,conditional,run_ad71d751b20623006c195ff3,1720742399999999999,10617.51932886540835350200001,10617.519328865406,-1.8189894035458565e-12,True
BASE_E3,conditional,run_ad71d751b20623006c195ff3,1720828799999999999,10618.35098608514930466240001,10618.35098608515,0.0,True
BASE_E3,conditional,run_ad71d751b20623006c195ff3,1720915199999999999,10620.73531711280146057040001,10620.735317112802,0.0,True
BASE_E3,conditional,run_ad71d751b20623006c195ff3,1721001599999999999,10622.58242088803109135950001,10622.582420888033,1.8189894035458565e-12,True
BASE_E3,conditional,run_ad71d751b20623006c195ff3,1721087999999999999,10622.47413652965438500550001,10622.474136529656,1.8189894035458565e-12,True
BASE_E3,conditional,run_ad71d751b20623006c195ff3,1721174399999999999,10624.25176347459043091840001,10624.25176347459,-1.8189894035458565e-12,True
BASE_E3,conditional,run_ad71d751b20623006c195ff3,1721260799999999999,10624.35157144594055564820001,10624.351571445939,-1.8189894035458565e-12,True
BASE_E3,conditional,run_ad71d751b20623006c195ff3,1721347199999999999,10626.04340876947271804710001,10626.043408769472,0.0,True
BASE_E3,conditional,run_ad71d751b20623006c195ff3,1721433599999999999,10626.65198622604821804710001,10626.651986226048,0.0,True
BASE_E3,conditional,run_ad71d751b20623006c195ff3,1721519999999999999,10626.67950329200871251840000,10626.679503292009,0.0,True
BASE_E3,conditional,run_ad71d751b20623006c195ff3,1721606399999999999,10626.75467971043424923310000,10626.754679710435,0.0,True
BASE_E3,conditional,run_ad71d751b20623006c195ff3,1721692799999999999,10628.53019800798159508620000,10628.530198007982,0.0,True
BASE_E3,conditional,run_ad71d751b20623006c195ff3,1721779199999999999,10629.13414160373060206470000,10629.13414160373,0.0,True
BASE_E3,conditional,run_ad71d751b20623006c195ff3,1721865599999999999,10630.24194809280855306470000,10630.24194809281,0.0,True
BASE_E3,conditional,run_ad71d751b20623006c195ff3,1721951999999999999,10632.28869655808825551070000,10632.288696558087,0.0,True
BASE_E3,conditional,run_ad71d751b20623006c195ff3,1722038399999999999,10632.75683767979349151070000,10632.756837679794,0.0,True
BASE_E3,conditional,run_ad71d751b20623006c195ff3,1722124799999999999,10633.39439829304667944470000,10633.394398293047,0.0,True
BASE_E3,conditional,run_ad71d751b20623006c195ff3,1722211199999999999,10635.92289641471782810070000,10635.922896414719,0.0,True
BASE_E3,conditional,run_ad71d751b20623006c195ff3,1722297599999999999,10637.45704731220699013270000,10637.457047312206,-1.8189894035458565e-12,True
BASE_E3,conditional,run_ad71d751b20623006c195ff3,1722383999999999999,10639.03747739222763021590000,10639.037477392229,0.0,True
BASE_E3,conditional,run_ad71d751b20623006c195ff3,1722470399999999999,10638.98153513097454221590000,10638.981535130973,-1.8189894035458565e-12,True
BASE_E3,permanent,run_dfea4b7ac1475668d5968c97,1719878399999999999,11084.73769887410828431199999,11084.737698874109,0.0,True
BASE_E3,permanent,run_dfea4b7ac1475668d5968c97,1719964799999999999,11087.60981557514658531199999,11087.609815575146,0.0,True
BASE_E3,permanent,run_dfea4b7ac1475668d5968c97,1720051199999999999,11088.57845725307449031199999,11088.578457253074,0.0,True
BASE_E3,permanent,run_dfea4b7ac1475668d5968c97,1720137599999999999,11090.48245309801073131199999,11090.48245309801,-1.8189894035458565e-12,True
BASE_E3,permanent,run_dfea4b7ac1475668d5968c97,1720223999999999999,11092.51897837881226352929999,11092.518978378812,0.0,True
BASE_E3,permanent,run_dfea4b7ac1475668d5968c97,1720310399999999999,11092.80868595929378689469999,11092.808685959291,-1.8189894035458565e-12,True
BASE_E3,permanent,run_dfea4b7ac1475668d5968c97,1720396799999999999,11094.02919536226522586869999,11094.029195362265,0.0,True
BASE_E3,permanent,run_dfea4b7ac1475668d5968c97,1720483199999999999,11096.22760759234955880719999,11096.22760759235,0.0,True
BASE_E3,permanent,run_dfea4b7ac1475668d5968c97,1720569599999999999,11098.74161925279837351239999,11098.741619252798,0.0,True
BASE_E3,permanent,run_dfea4b7ac1475668d5968c97,1720655999999999999,11098.48461184023035212089999,11098.484611840231,0.0,True
BASE_E3,permanent,run_dfea4b7ac1475668d5968c97,1720742399999999999,11100.21589863197269350109999,11100.215898631974,1.8189894035458565e-12,True
BASE_E3,permanent,run_dfea4b7ac1475668d5968c97,1720828799999999999,11101.08905298887458885589999,11101.089052988875,0.0,True
BASE_E3,permanent,run_dfea4b7ac1475668d5968c97,1720915199999999999,11103.63590106980668041349999,11103.635901069807,0.0,True
BASE_E3,permanent,run_dfea4b7ac1475668d5968c97,1721001599999999999,11105.63841423354148213279999,11105.638414233543,1.8189894035458565e-12,True
BASE_E3,permanent,run_dfea4b7ac1475668d5968c97,1721087999999999999,11105.54679174612553385479999,11105.546791746125,0.0,True
BASE_E3,permanent,run_dfea4b7ac1475668d5968c97,1721174399999999999,11107.38482447024696392189999,11107.384824470246,-1.8189894035458565e-12,True
BASE_E3,permanent,run_dfea4b7ac1475668d5968c97,1721260799999999999,11106.87459317051635029409999,11106.874593170516,0.0,True
BASE_E3,permanent,run_dfea4b7ac1475668d5968c97,1721347199999999999,11108.59640071082287006679999,11108.596400710821,-1.8189894035458565e-12,True
BASE_E3,permanent,run_dfea4b7ac1475668d5968c97,1721433599999999999,11108.46006081966617006679999,11108.460060819667,0.0,True
BASE_E3,permanent,run_dfea4b7ac1475668d5968c97,1721519999999999999,11109.40755544509306453809999,11109.407555445092,-1.8189894035458565e-12,True
BASE_E3,permanent,run_dfea4b7ac1475668d5968c97,1721606399999999999,11109.55241865170629044959999,11109.552418651707,0.0,True
BASE_E3,permanent,run_dfea4b7ac1475668d5968c97,1721692799999999999,11111.36930218604833172029999,11111.369302186049,0.0,True
BASE_E3,permanent,run_dfea4b7ac1475668d5968c97,1721779199999999999,11112.02155679715966333239999,11112.021556797159,0.0,True
BASE_E3,permanent,run_dfea4b7ac1475668d5968c97,1721865599999999999,11113.45633765681528233239999,11113.456337656817,1.8189894035458565e-12,True
BASE_E3,permanent,run_dfea4b7ac1475668d5968c97,1721951999999999999,11115.64084467653331279439999,11115.640844676533,0.0,True
BASE_E3,permanent,run_dfea4b7ac1475668d5968c97,1722038399999999999,11115.79939948248829479439999,11115.799399482486,-1.8189894035458565e-12,True
BASE_E3,permanent,run_dfea4b7ac1475668d5968c97,1722124799999999999,11116.70292880730791715739999,11116.702928807306,-1.8189894035458565e-12,True
BASE_E3,permanent,run_dfea4b7ac1475668d5968c97,1722211199999999999,11119.41341180041601260439999,11119.413411800415,-1.8189894035458565e-12,True
BASE_E3,permanent,run_dfea4b7ac1475668d5968c97,1722297599999999999,11121.04021697965766902839999,11121.040216979658,0.0,True
BASE_E3,permanent,run_dfea4b7ac1475668d5968c97,1722383999999999999,11122.73065851148150211679999,11122.73065851148,-1.8189894035458565e-12,True
BASE_E3,permanent,run_dfea4b7ac1475668d5968c97,1722470399999999999,11122.66980445558210211679999,11122.669804455581,0.0,True
MARGEN_2X,conditional,run_70383794701c4f0fc157b2ed,1719878399999999999,10577.11804198213773957120000,10577.11804198214,1.8189894035458565e-12,True
MARGEN_2X,conditional,run_70383794701c4f0fc157b2ed,1719964799999999999,10579.84916869019412857120000,10579.849168690194,0.0,True
MARGEN_2X,conditional,run_70383794701c4f0fc157b2ed,1720051199999999999,10580.75222842499141457120000,10580.75222842499,-1.8189894035458565e-12,True
MARGEN_2X,conditional,run_70383794701c4f0fc157b2ed,1720137599999999999,10582.07059906575265457120000,10582.070599065752,-1.8189894035458565e-12,True
MARGEN_2X,conditional,run_70383794701c4f0fc157b2ed,1720223999999999999,10585.15883141873740694390000,10585.158831418736,-1.8189894035458565e-12,True
MARGEN_2X,conditional,run_70383794701c4f0fc157b2ed,1720310399999999999,10585.44823908973973373750000,10585.44823908974,0.0,True
MARGEN_2X,conditional,run_70383794701c4f0fc157b2ed,1720396799999999999,10586.56371960556048396350000,10586.56371960556,-1.8189894035458565e-12,True
MARGEN_2X,conditional,run_70383794701c4f0fc157b2ed,1720483199999999999,10588.64071374347615557500000,10588.640713743476,0.0,True
MARGEN_2X,conditional,run_70383794701c4f0fc157b2ed,1720569599999999999,10591.01644556832577202980000,10591.016445568324,-1.8189894035458565e-12,True
MARGEN_2X,conditional,run_70383794701c4f0fc157b2ed,1720655999999999999,10590.68246363265575017930000,10590.682463632655,-1.8189894035458565e-12,True
MARGEN_2X,conditional,run_70383794701c4f0fc157b2ed,1720742399999999999,10592.29278900851268245910000,10592.292789008512,0.0,True
MARGEN_2X,conditional,run_70383794701c4f0fc157b2ed,1720828799999999999,10593.10962483210049324830000,10593.1096248321,-1.8189894035458565e-12,True
MARGEN_2X,conditional,run_70383794701c4f0fc157b2ed,1720915199999999999,10595.48579424025388013070000,10595.485794240254,0.0,True
MARGEN_2X,conditional,run_70383794701c4f0fc157b2ed,1721001599999999999,10597.35718401355283112240000,10597.357184013554,0.0,True
MARGEN_2X,conditional,run_70383794701c4f0fc157b2ed,1721087999999999999,10597.29857497959492746040000,10597.298574979595,0.0,True
MARGEN_2X,conditional,run_70383794701c4f0fc157b2ed,1721174399999999999,10599.00692338658770736730000,10599.006923386587,0.0,True
MARGEN_2X,conditional,run_70383794701c4f0fc157b2ed,1721260799999999999,10598.58913618961295694560000,10598.589136189612,-1.8189894035458565e-12,True
MARGEN_2X,conditional,run_70383794701c4f0fc157b2ed,1721347199999999999,10600.06200785863841108750000,10600.062007858638,0.0,True
MARGEN_2X,conditional,run_70383794701c4f0fc157b2ed,1721433599999999999,10600.63755607452511108750000,10600.637556074524,-1.8189894035458565e-12,True
MARGEN_2X,conditional,run_70383794701c4f0fc157b2ed,1721519999999999999,10601.53898292743617058990000,10601.538982927435,0.0,True
MARGEN_2X,conditional,run_70383794701c4f0fc157b2ed,1721606399999999999,10601.70331104947657683880000,10601.703311049476,0.0,True
MARGEN_2X,conditional,run_70383794701c4f0fc157b2ed,1721692799999999999,10603.42096585721727040070000,10603.420965857218,0.0,True
MARGEN_2X,conditional,run_70383794701c4f0fc157b2ed,1721779199999999999,10604.06010936326023073030000,10604.060109363261,1.8189894035458565e-12,True
MARGEN_2X,conditional,run_70383794701c4f0fc157b2ed,1721865599999999999,10605.41260220257744273030000,10605.412602202578,0.0,True
MARGEN_2X,conditional,run_70383794701c4f0fc157b2ed,1721951999999999999,10607.19095465843343618430000,10607.190954658432,-1.8189894035458565e-12,True
MARGEN_2X,conditional,run_70383794701c4f0fc157b2ed,1722038399999999999,10607.68996458621607218430000,10607.689964586218,1.8189894035458565e-12,True
MARGEN_2X,conditional,run_70383794701c4f0fc157b2ed,1722124799999999999,10608.53541508324334149830000,10608.535415083245,1.8189894035458565e-12,True
MARGEN_2X,conditional,run_70383794701c4f0fc157b2ed,1722211199999999999,10611.12536091701449015430000,10611.125360917013,-1.8189894035458565e-12,True
MARGEN_2X,conditional,run_70383794701c4f0fc157b2ed,1722297599999999999,10612.66542270820738386130000,10612.665422708205,-1.8189894035458565e-12,True
MARGEN_2X,conditional,run_70383794701c4f0fc157b2ed,1722383999999999999,10614.27979620995910894450000,10614.279796209958,-1.8189894035458565e-12,True
MARGEN_2X,conditional,run_70383794701c4f0fc157b2ed,1722470399999999999,10614.23152022297344094450000,10614.231520222975,1.8189894035458565e-12,True
MARGEN_2X,permanent,run_3f5d9cce8ff1c2ba5447e3b6,1719878399999999999,11088.16284176848194600619999,11088.162841768484,1.8189894035458565e-12,True
MARGEN_2X,permanent,run_3f5d9cce8ff1c2ba5447e3b6,1719964799999999999,11091.05196877409842700619999,11091.0519687741,1.8189894035458565e-12,True
MARGEN_2X,permanent,run_3f5d9cce8ff1c2ba5447e3b6,1720051199999999999,11092.03184094677541600619999,11092.031840946775,0.0,True
MARGEN_2X,permanent,run_3f5d9cce8ff1c2ba5447e3b6,1720137599999999999,11093.48113143796802100619999,11093.481131437968,0.0,True
MARGEN_2X,permanent,run_3f5d9cce8ff1c2ba5447e3b6,1720223999999999999,11096.74688566743644177599999,11096.746885667435,-1.8189894035458565e-12,True
MARGEN_2X,permanent,run_3f5d9cce8ff1c2ba5447e3b6,1720310399999999999,11097.02267676868898402639999,11097.022676768689,0.0,True
MARGEN_2X,permanent,run_3f5d9cce8ff1c2ba5447e3b6,1720396799999999999,11098.24002796332971295039999,11098.24002796333,0.0,True
MARGEN_2X,permanent,run_3f5d9cce8ff1c2ba5447e3b6,1720483199999999999,11100.41006672818429375139999,11100.410066728185,1.8189894035458565e-12,True
MARGEN_2X,permanent,run_3f5d9cce8ff1c2ba5447e3b6,1720569599999999999,11102.89648467424160296659999,11102.896484674244,1.8189894035458565e-12,True
MARGEN_2X,permanent,run_3f5d9cce8ff1c2ba5447e3b6,1720655999999999999,11102.64411094399648038759999,11102.644110943997,0.0,True
MARGEN_2X,permanent,run_3f5d9cce8ff1c2ba5447e3b6,1720742399999999999,11104.36244256268092815279999,11104.36244256268,0.0,True
MARGEN_2X,permanent,run_3f5d9cce8ff1c2ba5447e3b6,1720828799999999999,11105.22170769829344635759999,11105.221707698294,0.0,True
MARGEN_2X,permanent,run_3f5d9cce8ff1c2ba5447e3b6,1720915199999999999,11107.73882478208280719519999,11107.738824782082,-1.8189894035458565e-12,True
MARGEN_2X,permanent,run_3f5d9cce8ff1c2ba5447e3b6,1721001599999999999,11109.72521528383766364449999,11109.725215283837,0.0,True
MARGEN_2X,permanent,run_3f5d9cce8ff1c2ba5447e3b6,1721087999999999999,11109.63864380868234036649999,11109.638643808681,-1.8189894035458565e-12,True
MARGEN_2X,permanent,run_3f5d9cce8ff1c2ba5447e3b6,1721174399999999999,11111.43978574181287406109999,11111.439785741812,-1.8189894035458565e-12,True
MARGEN_2X,permanent,run_3f5d9cce8ff1c2ba5447e3b6,1721260799999999999,11110.92263283708036975079999,11110.92263283708,0.0,True
MARGEN_2X,permanent,run_3f5d9cce8ff1c2ba5447e3b6,1721347199999999999,11112.46483272945057432599999,11112.464832729449,-1.8189894035458565e-12,True
MARGEN_2X,permanent,run_3f5d9cce8ff1c2ba5447e3b6,1721433599999999999,11113.06231895835877432600000,11113.062318958358,0.0,True
MARGEN_2X,permanent,run_3f5d9cce8ff1c2ba5447e3b6,1721519999999999999,11114.01409835530256879730000,11114.014098355305,1.8189894035458565e-12,True
MARGEN_2X,permanent,run_3f5d9cce8ff1c2ba5447e3b6,1721606399999999999,11114.17220450882110657690000,11114.17220450882,0.0,True
MARGEN_2X,permanent,run_3f5d9cce8ff1c2ba5447e3b6,1721692799999999999,11115.99697841056675785429999,11115.996978410567,0.0,True
MARGEN_2X,permanent,run_3f5d9cce8ff1c2ba5447e3b6,1721779199999999999,11116.66140532882199915759999,11116.661405328821,0.0,True
MARGEN_2X,permanent,run_3f5d9cce8ff1c2ba5447e3b6,1721865599999999999,11118.10307640275951815759999,11118.103076402762,1.8189894035458565e-12,True
MARGEN_2X,permanent,run_3f5d9cce8ff1c2ba5447e3b6,1721951999999999999,11119.99986269476916684159999,11119.999862694767,-1.8189894035458565e-12,True
MARGEN_2X,permanent,run_3f5d9cce8ff1c2ba5447e3b6,1722038399999999999,11120.52676625068884884159999,11120.52676625069,1.8189894035458565e-12,True
MARGEN_2X,permanent,run_3f5d9cce8ff1c2ba5447e3b6,1722124799999999999,11121.42782936829528310459999,11121.427829368295,0.0,True
MARGEN_2X,permanent,run_3f5d9cce8ff1c2ba5447e3b6,1722211199999999999,11124.15551212880337855159999,11124.155512128802,-1.8189894035458565e-12,True
MARGEN_2X,permanent,run_3f5d9cce8ff1c2ba5447e3b6,1722297599999999999,11125.78738628090324402559999,11125.787386280903,0.0,True
MARGEN_2X,permanent,run_3f5d9cce8ff1c2ba5447e3b6,1722383999999999999,11127.48784184250738711399999,11127.487841842507,0.0,True
MARGEN_2X,permanent,run_3f5d9cce8ff1c2ba5447e3b6,1722470399999999999,11127.43097735357010711399999,11127.430977353572,1.8189894035458565e-12,True
BASE_E3,conditional,run_ad71d751b20623006c195ff3,1722556799999999999,10641.49358436280898853750000,10641.493584362806,-1.8189894035458565e-12,True
BASE_E3,conditional,run_ad71d751b20623006c195ff3,1722643199999999999,10642.48709331095033064310000,10642.48709331095,0.0,True
BASE_E3,conditional,run_ad71d751b20623006c195ff3,1722729599999999999,10644.37579357332569568910000,10644.375793573325,-1.8189894035458565e-12,True
BASE_E3,conditional,run_ad71d751b20623006c195ff3,1722815999999999999,10644.68966429179171408620000,10644.689664291793,1.8189894035458565e-12,True
BASE_E3,conditional,run_ad71d751b20623006c195ff3,1722902399999999999,10644.73225521478081150160000,10644.732255214782,0.0,True
BASE_E3,conditional,run_ad71d751b20623006c195ff3,1722988799999999999,10645.50084507188992021370000,10645.50084507189,0.0,True
BASE_E3,conditional,run_ad71d751b20623006c195ff3,1723075199999999999,10644.84004943957523553780000,10644.840049439576,0.0,True
BASE_E3,conditional,run_ad71d751b20623006c195ff3,1723161599999999999,10644.12480008404993553780000,10644.12480008405,0.0,True
BASE_E3,conditional,run_ad71d751b20623006c195ff3,1723247999999999999,10645.73062089997937711580000,10645.730620899982,1.8189894035458565e-12,True
BASE_E3,conditional,run_ad71d751b20623006c195ff3,1723334399999999999,10639.55483048513843235910001,10639.55483048514,1.8189894035458565e-12,True
BASE_E3,conditional,run_ad71d751b20623006c195ff3,1723420799999999999,10639.40189785294949199450001,10639.40189785295,0.0,True
BASE_E3,conditional,run_ad71d751b20623006c195ff3,1723507199999999999,10639.79254099073655301570001,10639.792540990737,0.0,True
BASE_E3,conditional,run_ad71d751b20623006c195ff3,1723593599999999999,10640.09607925658559157660001,10640.096079256586,0.0,True
BASE_E3,conditional,run_ad71d751b20623006c195ff3,1723679999999999999,10640.04885933238063896220001,10640.048859332383,1.8189894035458565e-12,True
BASE_E3,conditional,run_ad71d751b20623006c195ff3,1723766399999999999,10639.26551808873092443940001,10639.26551808873,0.0,True
BASE_E3,conditional,run_ad71d751b20623006c195ff3,1723852799999999999,10638.49457078147882396330001,10638.49457078148,1.8189894035458565e-12,True
BASE_E3,conditional,run_ad71d751b20623006c195ff3,1723939199999999999,10638.93124134879468900950001,10638.931241348795,0.0,True
BASE_E3,conditional,run_ad71d751b20623006c195ff3,1724025599999999999,10639.35060123569774278390001,10639.350601235696,-1.8189894035458565e-12,True
BASE_E3,conditional,run_ad71d751b20623006c195ff3,1724111999999999999,10639.33426664396750926980001,10639.334266643968,0.0,True
BASE_E3,conditional,run_ad71d751b20623006c195ff3,1724198399999999999,10638.77289372932610746840001,10638.772893729325,-1.8189894035458565e-12,True
BASE_E3,conditional,run_ad71d751b20623006c195ff3,1724284799999999999,10631.92497592458257551240000,10631.924975924583,0.0,True
BASE_E3,conditional,run_ad71d751b20623006c195ff3,1724371199999999999,10631.91909913238257551240000,10631.919099132383,0.0,True
BASE_E3,conditional,run_ad71d751b20623006c195ff3,1724457599999999999,10631.95204671998257551240000,10631.952046719982,0.0,True
BASE_E3,conditional,run_ad71d751b20623006c195ff3,1724543999999999999,10631.95294639238257551240000,10631.952946392383,0.0,True
BASE_E3,conditional,run_ad71d751b20623006c195ff3,1724630399999999999,10631.95301879498257551240000,10631.953018794982,0.0,True
BASE_E3,conditional,run_ad71d751b20623006c195ff3,1724716799999999999,10631.93938826578257551240000,10631.939388265782,0.0,True
BASE_E3,conditional,run_ad71d751b20623006c195ff3,1724803199999999999,10631.90392740018257551240000,10631.903927400183,0.0,True
BASE_E3,conditional,run_ad71d751b20623006c195ff3,1724889599999999999,10631.90467178518257551240000,10631.904671785183,0.0,True
BASE_E3,conditional,run_ad71d751b20623006c195ff3,1724975999999999999,10631.90722222018257551240000,10631.907222220183,0.0,True
BASE_E3,conditional,run_ad71d751b20623006c195ff3,1725062399999999999,10631.90524860778257551240000,10631.905248607784,1.8189894035458565e-12,True
BASE_E3,conditional,run_ad71d751b20623006c195ff3,1725148799999999999,10631.90361080458257551240000,10631.903610804582,0.0,True
BASE_E3,permanent,run_dfea4b7ac1475668d5968c97,1722556799999999999,11125.36338018450225736299999,11125.363380184503,0.0,True
BASE_E3,permanent,run_dfea4b7ac1475668d5968c97,1722643199999999999,11126.41027436350482924299999,11126.410274363505,0.0,True
BASE_E3,permanent,run_dfea4b7ac1475668d5968c97,1722729599999999999,11128.49109833100281188239999,11128.491098331002,0.0,True
BASE_E3,permanent,run_dfea4b7ac1475668d5968c97,1722815999999999999,11128.81701763639859474739999,11128.817017636396,-1.8189894035458565e-12,True
BASE_E3,permanent,run_dfea4b7ac1475668d5968c97,1722902399999999999,11128.85009752781488625739999,11128.850097527815,0.0,True
BASE_E3,permanent,run_dfea4b7ac1475668d5968c97,1722988799999999999,11129.67541642950912778889999,11129.675416429507,-1.8189894035458565e-12,True
BASE_E3,permanent,run_dfea4b7ac1475668d5968c97,1723075199999999999,11128.67221326515109861859999,11128.672213265152,1.8189894035458565e-12,True
BASE_E3,permanent,run_dfea4b7ac1475668d5968c97,1723161599999999999,11127.94926290332709861859999,11127.949262903327,0.0,True
BASE_E3,permanent,run_dfea4b7ac1475668d5968c97,1723247999999999999,11129.33497061810425908439999,11129.334970618105,1.8189894035458565e-12,True
BASE_E3,permanent,run_dfea4b7ac1475668d5968c97,1723334399999999999,11128.28433781790876020429999,11128.28433781791,0.0,True
BASE_E3,permanent,run_dfea4b7ac1475668d5968c97,1723420799999999999,11127.57621662965892093049999,11127.57621662966,1.8189894035458565e-12,True
BASE_E3,permanent,run_dfea4b7ac1475668d5968c97,1723507199999999999,11128.47008382591787117209999,11128.47008382592,1.8189894035458565e-12,True
BASE_E3,permanent,run_dfea4b7ac1475668d5968c97,1723593599999999999,11129.13510710489785805679999,11129.1351071049,1.8189894035458565e-12,True
BASE_E3,permanent,run_dfea4b7ac1475668d5968c97,1723679999999999999,11129.15638465827673669959999,11129.156384658278,0.0,True
BASE_E3,permanent,run_dfea4b7ac1475668d5968c97,1723766399999999999,11127.83747361033993733519999,11127.837473610341,1.8189894035458565e-12,True
BASE_E3,permanent,run_dfea4b7ac1475668d5968c97,1723852799999999999,11127.70355604285555485089999,11127.703556042856,0.0,True
BASE_E3,permanent,run_dfea4b7ac1475668d5968c97,1723939199999999999,11128.24036896780244725449999,11128.240368967803,0.0,True
BASE_E3,permanent,run_dfea4b7ac1475668d5968c97,1724025599999999999,11128.99807312576587743569999,11128.998073125764,-1.8189894035458565e-12,True
BASE_E3,permanent,run_dfea4b7ac1475668d5968c97,1724111999999999999,11128.39710202748377267639999,11128.397102027484,0.0,True
BASE_E3,permanent,run_dfea4b7ac1475668d5968c97,1724198399999999999,11127.88181842938364659619999,11127.881818429383,0.0,True
BASE_E3,permanent,run_dfea4b7ac1475668d5968c97,1724284799999999999,11127.86389022926701245919999,11127.86389022927,1.8189894035458565e-12,True
BASE_E3,permanent,run_dfea4b7ac1475668d5968c97,1724371199999999999,11127.03415900860617215359999,11127.034159008608,1.8189894035458565e-12,True
BASE_E3,permanent,run_dfea4b7ac1475668d5968c97,1724457599999999999,11125.95058093767217215359999,11125.950580937673,1.8189894035458565e-12,True
BASE_E3,permanent,run_dfea4b7ac1475668d5968c97,1724543999999999999,11128.20123408526584988399999,11128.201234085267,1.8189894035458565e-12,True
BASE_E3,permanent,run_dfea4b7ac1475668d5968c97,1724630399999999999,11127.32078423437175701079999,11127.320784234373,1.8189894035458565e-12,True
BASE_E3,permanent,run_dfea4b7ac1475668d5968c97,1724716799999999999,11127.39986381184683958319999,11127.399863811846,0.0,True
BASE_E3,permanent,run_dfea4b7ac1475668d5968c97,1724803199999999999,11129.46131343087217618039999,11129.461313430871,-1.8189894035458565e-12,True
BASE_E3,permanent,run_dfea4b7ac1475668d5968c97,1724889599999999999,11127.93600165437059024279999,11127.93600165437,0.0,True
BASE_E3,permanent,run_dfea4b7ac1475668d5968c97,1724975999999999999,11128.94329948351023881079999,11128.94329948351,0.0,True
BASE_E3,permanent,run_dfea4b7ac1475668d5968c97,1725062399999999999,11129.36508008424444794559999,11129.365080084244,0.0,True
BASE_E3,permanent,run_dfea4b7ac1475668d5968c97,1725148799999999999,11130.15471967031595118399999,11130.154719670316,0.0,True
MARGEN_2X,conditional,run_70383794701c4f0fc157b2ed,1722556799999999999,10616.80167959656313426860000,10616.801679596563,0.0,True
MARGEN_2X,conditional,run_70383794701c4f0fc157b2ed,1722643199999999999,10617.79624010057631147020000,10617.796240100577,0.0,True
MARGEN_2X,conditional,run_70383794701c4f0fc157b2ed,1722729599999999999,10619.76321326111720496570000,10619.763213261116,-1.8189894035458565e-12,True
MARGEN_2X,conditional,run_70383794701c4f0fc157b2ed,1722815999999999999,10620.06726248598574161000000,10620.067262485985,0.0,True
MARGEN_2X,conditional,run_70383794701c4f0fc157b2ed,1722902399999999999,10620.09349865165062427820000,10620.09349865165,-1.8189894035458565e-12,True
MARGEN_2X,conditional,run_70383794701c4f0fc157b2ed,1722988799999999999,10620.87249632185844017350000,10620.872496321856,-3.637978807091713e-12,True
MARGEN_2X,conditional,run_70383794701c4f0fc157b2ed,1723075199999999999,10620.05099453554960891830000,10620.05099453555,0.0,True
MARGEN_2X,conditional,run_70383794701c4f0fc157b2ed,1723161599999999999,10613.93438861448970891830000,10613.934388614489,0.0,True
MARGEN_2X,conditional,run_70383794701c4f0fc157b2ed,1723247999999999999,10615.23760123914409680910000,10615.237601239143,0.0,True
MARGEN_2X,conditional,run_70383794701c4f0fc157b2ed,1723334399999999999,10614.37669126004180969850000,10614.376691260042,0.0,True
MARGEN_2X,conditional,run_70383794701c4f0fc157b2ed,1723420799999999999,10614.23387472247571951570000,10614.233874722477,1.8189894035458565e-12,True
MARGEN_2X,conditional,run_70383794701c4f0fc157b2ed,1723507199999999999,10614.62377264297951753730000,10614.623772642979,0.0,True
MARGEN_2X,conditional,run_70383794701c4f0fc157b2ed,1723593599999999999,10614.92719693705212286350000,10614.927196937053,0.0,True
MARGEN_2X,conditional,run_70383794701c4f0fc157b2ed,1723679999999999999,10614.88999119061688812430000,10614.88999119062,1.8189894035458565e-12,True
MARGEN_2X,conditional,run_70383794701c4f0fc157b2ed,1723766399999999999,10614.10052344727566955390000,10614.100523447276,0.0,True
MARGEN_2X,conditional,run_70383794701c4f0fc157b2ed,1723852799999999999,10613.30753283745654831410000,10613.307532837458,1.8189894035458565e-12,True
MARGEN_2X,conditional,run_70383794701c4f0fc157b2ed,1723939199999999999,10613.74871854567648628570000,10613.748718545678,1.8189894035458565e-12,True
MARGEN_2X,conditional,run_70383794701c4f0fc157b2ed,1724025599999999999,10614.18127631262299390490000,10614.181276312624,0.0,True
MARGEN_2X,conditional,run_70383794701c4f0fc157b2ed,1724111999999999999,10614.15880128683369938110000,10614.158801286834,0.0,True
MARGEN_2X,conditional,run_70383794701c4f0fc157b2ed,1724198399999999999,10613.59096681270095037590000,10613.590966812702,1.8189894035458565e-12,True
MARGEN_2X,conditional,run_70383794701c4f0fc157b2ed,1724284799999999999,10606.60112872523018196790000,10606.60112872523,0.0,True
MARGEN_2X,conditional,run_70383794701c4f0fc157b2ed,1724371199999999999,10606.59947179303018196790000,10606.59947179303,0.0,True
MARGEN_2X,conditional,run_70383794701c4f0fc157b2ed,1724457599999999999,10606.61002414863018196790000,10606.61002414863,-1.8189894035458565e-12,True
MARGEN_2X,conditional,run_70383794701c4f0fc157b2ed,1724543999999999999,10606.61033080503018196790000,10606.61033080503,0.0,True
MARGEN_2X,conditional,run_70383794701c4f0fc157b2ed,1724630399999999999,10606.61007364563018196790000,10606.61007364563,0.0,True
MARGEN_2X,conditional,run_70383794701c4f0fc157b2ed,1724716799999999999,10606.60559751643018196790000,10606.605597516429,-1.8189894035458565e-12,True
MARGEN_2X,conditional,run_70383794701c4f0fc157b2ed,1724803199999999999,10606.59327310283018196790000,10606.59327310283,0.0,True
MARGEN_2X,conditional,run_70383794701c4f0fc157b2ed,1724889599999999999,10606.59440663783018196790000,10606.594406637829,-1.8189894035458565e-12,True
MARGEN_2X,conditional,run_70383794701c4f0fc157b2ed,1724975999999999999,10606.59509079883018196790000,10606.59509079883,0.0,True
MARGEN_2X,conditional,run_70383794701c4f0fc157b2ed,1725062399999999999,10606.59452932443018196790000,10606.59452932443,0.0,True
MARGEN_2X,conditional,run_70383794701c4f0fc157b2ed,1725148799999999999,10606.59393898523018196790000,10606.59393898523,0.0,True
MARGEN_2X,permanent,run_3f5d9cce8ff1c2ba5447e3b6,1722556799999999999,11130.13932694796319007519999,11130.139326947963,0.0,True
MARGEN_2X,permanent,run_3f5d9cce8ff1c2ba5447e3b6,1722643199999999999,11131.18925518292914341119999,11131.18925518293,0.0,True
MARGEN_2X,permanent,run_3f5d9cce8ff1c2ba5447e3b6,1722729599999999999,11133.27311298055703476359999,11133.273112980554,-3.637978807091713e-12,True
MARGEN_2X,permanent,run_3f5d9cce8ff1c2ba5447e3b6,1722815999999999999,11133.59626532145236794159999,11133.596265321454,1.8189894035458565e-12,True
MARGEN_2X,permanent,run_3f5d9cce8ff1c2ba5447e3b6,1722902399999999999,11133.62560454912298351360000,11133.625604549123,0.0,True
MARGEN_2X,permanent,run_3f5d9cce8ff1c2ba5447e3b6,1722988799999999999,11134.45161436758531304809999,11134.451614367586,1.8189894035458565e-12,True
MARGEN_2X,permanent,run_3f5d9cce8ff1c2ba5447e3b6,1723075199999999999,11133.44589747284194412780000,11133.445897472842,0.0,True
MARGEN_2X,permanent,run_3f5d9cce8ff1c2ba5447e3b6,1723161599999999999,11130.66389285784894412779999,11130.663892857849,0.0,True
MARGEN_2X,permanent,run_3f5d9cce8ff1c2ba5447e3b6,1723247999999999999,11132.08070457619355311959999,11132.080704576194,0.0,True
MARGEN_2X,permanent,run_3f5d9cce8ff1c2ba5447e3b6,1723334399999999999,11131.14076654684105423949999,11131.140766546841,0.0,True
MARGEN_2X,permanent,run_3f5d9cce8ff1c2ba5447e3b6,1723420799999999999,11130.96789917738921496569999,11130.967899177389,0.0,True
MARGEN_2X,permanent,run_3f5d9cce8ff1c2ba5447e3b6,1723507199999999999,11131.39990335797669798929999,11131.399903357978,1.8189894035458565e-12,True
MARGEN_2X,permanent,run_3f5d9cce8ff1c2ba5447e3b6,1723593599999999999,11131.74049948816713714199999,11131.740499488169,1.8189894035458565e-12,True
MARGEN_2X,permanent,run_3f5d9cce8ff1c2ba5447e3b6,1723679999999999999,11131.68551667458049177879999,11131.68551667458,0.0,True
MARGEN_2X,permanent,run_3f5d9cce8ff1c2ba5447e3b6,1723766399999999999,11130.81359258278175297039999,11130.813592582783,1.8189894035458565e-12,True
MARGEN_2X,permanent,run_3f5d9cce8ff1c2ba5447e3b6,1723852799999999999,11129.95720846912752791209999,11129.957208469128,0.0,True
MARGEN_2X,permanent,run_3f5d9cce8ff1c2ba5447e3b6,1723939199999999999,11130.44388678136783051069999,11130.443886781368,0.0,True
MARGEN_2X,permanent,run_3f5d9cce8ff1c2ba5447e3b6,1724025599999999999,11130.90893956203160735389999,11130.908939562032,0.0,True
MARGEN_2X,permanent,run_3f5d9cce8ff1c2ba5447e3b6,1724111999999999999,11130.89199011444700778159999,11130.891990114447,0.0,True
MARGEN_2X,permanent,run_3f5d9cce8ff1c2ba5447e3b6,1724198399999999999,11130.26775684085752275739999,11130.267756840858,0.0,True
MARGEN_2X,permanent,run_3f5d9cce8ff1c2ba5447e3b6,1724284799999999999,11129.93621350153657208939999,11129.936213501536,0.0,True
MARGEN_2X,permanent,run_3f5d9cce8ff1c2ba5447e3b6,1724371199999999999,11129.14272761032087565579999,11129.14272761032,0.0,True
MARGEN_2X,permanent,run_3f5d9cce8ff1c2ba5447e3b6,1724457599999999999,11128.44433248142487565579999,11128.444332481426,0.0,True
MARGEN_2X,permanent,run_3f5d9cce8ff1c2ba5447e3b6,1724543999999999999,11129.57213156139066143819999,11129.572131561392,1.8189894035458565e-12,True
MARGEN_2X,permanent,run_3f5d9cce8ff1c2ba5447e3b6,1724630399999999999,11129.04620358219935838699999,11129.046203582198,-1.8189894035458565e-12,True
MARGEN_2X,permanent,run_3f5d9cce8ff1c2ba5447e3b6,1724716799999999999,11129.12827866081308315339999,11129.128278660814,0.0,True
MARGEN_2X,permanent,run_3f5d9cce8ff1c2ba5447e3b6,1724803199999999999,11129.96097389890467318059999,11129.960973898906,1.8189894035458565e-12,True
MARGEN_2X,permanent,run_3f5d9cce8ff1c2ba5447e3b6,1724889599999999999,11129.40257714945359766699999,11129.402577149454,0.0,True
MARGEN_2X,permanent,run_3f5d9cce8ff1c2ba5447e3b6,1724975999999999999,11129.97087208924959766699999,11129.970872089249,-1.8189894035458565e-12,True
MARGEN_2X,permanent,run_3f5d9cce8ff1c2ba5447e3b6,1725062399999999999,11130.11335037136482437579999,11130.113350371365,0.0,True
MARGEN_2X,permanent,run_3f5d9cce8ff1c2ba5447e3b6,1725148799999999999,11130.25957947780884435819999,11130.259579477808,0.0,True
BASE_E3,conditional,run_ad71d751b20623006c195ff3,1725235199999999999,10631.88766417238257551240000,10631.887664172382,0.0,True
BASE_E3,conditional,run_ad71d751b20623006c195ff3,1725321599999999999,10631.90598737238257551240000,10631.905987372382,0.0,True
BASE_E3,conditional,run_ad71d751b20623006c195ff3,1725407999999999999,10631.88799463238257551240000,10631.887994632383,0.0,True
BASE_E3,conditional,run_ad71d751b20623006c195ff3,1725494399999999999,10631.89323482018257551240000,10631.893234820183,0.0,True
BASE_E3,conditional,run_ad71d751b20623006c195ff3,1725580799999999999,10631.87650818018257551240000,10631.876508180183,0.0,True
BASE_E3,conditional,run_ad71d751b20623006c195ff3,1725667199999999999,10631.85341138298257551240000,10631.853411382983,0.0,True
BASE_E3,conditional,run_ad71d751b20623006c195ff3,1725753599999999999,10631.85774392678257551240000,10631.857743926783,0.0,True
BASE_E3,conditional,run_ad71d751b20623006c195ff3,1725839999999999999,10631.86361422178257551240000,10631.863614221782,0.0,True
BASE_E3,conditional,run_ad71d751b20623006c195ff3,1725926399999999999,10631.88159535238257551240000,10631.881595352383,0.0,True
BASE_E3,conditional,run_ad71d751b20623006c195ff3,1726012799999999999,10631.88766564078257551240000,10631.887665640783,0.0,True
BASE_E3,conditional,run_ad71d751b20623006c195ff3,1726099199999999999,10631.88276771238257551240000,10631.882767712383,0.0,True
BASE_E3,conditional,run_ad71d751b20623006c195ff3,1726185599999999999,10631.88937139238257551240000,10631.889371392383,0.0,True
BASE_E3,conditional,run_ad71d751b20623006c195ff3,1726271999999999999,10631.91006373778257551240000,10631.910063737783,0.0,True
BASE_E3,conditional,run_ad71d751b20623006c195ff3,1726358399999999999,10631.90514109578257551240000,10631.905141095782,0.0,True
BASE_E3,conditional,run_ad71d751b20623006c195ff3,1726444799999999999,10631.89423595238257551240000,10631.894235952383,0.0,True
BASE_E3,conditional,run_ad71d751b20623006c195ff3,1726531199999999999,10631.88611393518257551240000,10631.886113935183,0.0,True
BASE_E3,conditional,run_ad71d751b20623006c195ff3,1726617599999999999,10631.90296045898257551240000,10631.902960458983,0.0,True
BASE_E3,conditional,run_ad71d751b20623006c195ff3,1726703999999999999,10631.91375533298257551240000,10631.913755332982,0.0,True
BASE_E3,conditional,run_ad71d751b20623006c195ff3,1726790399999999999,10631.92771887858257551240000,10631.927718878582,0.0,True
BASE_E3,conditional,run_ad71d751b20623006c195ff3,1726876799999999999,10631.93490512458257551240000,10631.934905124583,0.0,True
BASE_E3,conditional,run_ad71d751b20623006c195ff3,1726963199999999999,10631.93907914718257551240000,10631.939079147183,0.0,True
BASE_E3,conditional,run_ad71d751b20623006c195ff3,1727049599999999999,10631.93903142018257551240000,10631.939031420183,0.0,True
BASE_E3,conditional,run_ad71d751b20623006c195ff3,1727135999999999999,10631.94066786938257551240000,10631.940667869383,0.0,True
BASE_E3,conditional,run_ad71d751b20623006c195ff3,1727222399999999999,10631.94733150018257551240000,10631.947331500183,0.0,True
BASE_E3,conditional,run_ad71d751b20623006c195ff3,1727308799999999999,10631.93562128018257551240000,10631.935621280183,0.0,True
BASE_E3,conditional,run_ad71d751b20623006c195ff3,1727395199999999999,10631.95225368458257551240000,10631.952253684583,0.0,True
BASE_E3,conditional,run_ad71d751b20623006c195ff3,1727481599999999999,10631.95986436458257551240000,10631.959864364582,0.0,True
BASE_E3,conditional,run_ad71d751b20623006c195ff3,1727567999999999999,10631.95943719238257551240000,10631.959437192383,0.0,True
BASE_E3,conditional,run_ad71d751b20623006c195ff3,1727654399999999999,10631.95684369298257551240000,10631.956843692982,0.0,True
BASE_E3,conditional,run_ad71d751b20623006c195ff3,1727740799999999999,10631.93832731238257551240000,10631.938327312382,0.0,True
BASE_E3,permanent,run_dfea4b7ac1475668d5968c97,1725235199999999999,11130.83776523301446582799999,11130.837765233015,0.0,True
BASE_E3,permanent,run_dfea4b7ac1475668d5968c97,1725321599999999999,11130.55480122685961024799999,11130.554801226861,1.8189894035458565e-12,True
BASE_E3,permanent,run_dfea4b7ac1475668d5968c97,1725407999999999999,11131.45437319826162900719999,11131.454373198261,0.0,True
BASE_E3,permanent,run_dfea4b7ac1475668d5968c97,1725494399999999999,11132.34089288243754489599999,11132.34089288244,1.8189894035458565e-12,True
BASE_E3,permanent,run_dfea4b7ac1475668d5968c97,1725580799999999999,11133.37829038597613254799999,11133.378290385976,0.0,True
BASE_E3,permanent,run_dfea4b7ac1475668d5968c97,1725667199999999999,11133.85985188961091768279999,11133.85985188961,0.0,True
BASE_E3,permanent,run_dfea4b7ac1475668d5968c97,1725753599999999999,11134.12008449297099471879999,11134.12008449297,-1.8189894035458565e-12,True
BASE_E3,permanent,run_dfea4b7ac1475668d5968c97,1725839999999999999,11133.78281733903027750879999,11133.782817339032,1.8189894035458565e-12,True
BASE_E3,permanent,run_dfea4b7ac1475668d5968c97,1725926399999999999,11132.65397419117619558319999,11132.653974191175,-1.8189894035458565e-12,True
BASE_E3,permanent,run_dfea4b7ac1475668d5968c97,1726012799999999999,11131.52022055724475516439999,11131.520220557244,0.0,True
BASE_E3,permanent,run_dfea4b7ac1475668d5968c97,1726099199999999999,11132.61849731509931202359999,11132.6184973151,0.0,True
BASE_E3,permanent,run_dfea4b7ac1475668d5968c97,1726185599999999999,11132.06631229584255611079999,11132.066312295843,0.0,True
BASE_E3,permanent,run_dfea4b7ac1475668d5968c97,1726271999999999999,11132.97750075243655611079999,11132.977500752435,-1.8189894035458565e-12,True
BASE_E3,permanent,run_dfea4b7ac1475668d5968c97,1726358399999999999,11132.19119770006632179159999,11132.191197700067,1.8189894035458565e-12,True
BASE_E3,permanent,run_dfea4b7ac1475668d5968c97,1726444799999999999,11132.62713463741248231959999,11132.627134637412,0.0,True
BASE_E3,permanent,run_dfea4b7ac1475668d5968c97,1726531199999999999,11132.13708472620210784999999,11132.137084726202,0.0,True
BASE_E3,permanent,run_dfea4b7ac1475668d5968c97,1726617599999999999,11133.28824851523286864599999,11133.288248515233,0.0,True
BASE_E3,permanent,run_dfea4b7ac1475668d5968c97,1726703999999999999,11134.18461414609181124599999,11134.184614146092,0.0,True
BASE_E3,permanent,run_dfea4b7ac1475668d5968c97,1726790399999999999,11134.48477900205395666959999,11134.484779002054,0.0,True
BASE_E3,permanent,run_dfea4b7ac1475668d5968c97,1726876799999999999,11136.22418907067985853759999,11136.224189070681,1.8189894035458565e-12,True
BASE_E3,permanent,run_dfea4b7ac1475668d5968c97,1726963199999999999,11137.62487691535796789839999,11137.624876915359,1.8189894035458565e-12,True
BASE_E3,permanent,run_dfea4b7ac1475668d5968c97,1727049599999999999,11138.28878988636323277679999,11138.288789886365,1.8189894035458565e-12,True
BASE_E3,permanent,run_dfea4b7ac1475668d5968c97,1727135999999999999,11140.14925218606182049679999,11140.149252186064,1.8189894035458565e-12,True
BASE_E3,permanent,run_dfea4b7ac1475668d5968c97,1727222399999999999,11138.71100927538189137519999,11138.711009275383,1.8189894035458565e-12,True
BASE_E3,permanent,run_dfea4b7ac1475668d5968c97,1727308799999999999,11140.43518732242401927599999,11140.435187322422,-1.8189894035458565e-12,True
BASE_E3,permanent,run_dfea4b7ac1475668d5968c97,1727395199999999999,11141.60910371684053721199999,11141.60910371684,0.0,True
BASE_E3,permanent,run_dfea4b7ac1475668d5968c97,1727481599999999999,11143.53248187797486482799999,11143.532481877975,0.0,True
BASE_E3,permanent,run_dfea4b7ac1475668d5968c97,1727567999999999999,11145.19395128362381715999999,11145.193951283625,1.8189894035458565e-12,True
BASE_E3,permanent,run_dfea4b7ac1475668d5968c97,1727654399999999999,11146.32640283061138818799999,11146.32640283061,-1.8189894035458565e-12,True
BASE_E3,permanent,run_dfea4b7ac1475668d5968c97,1727740799999999999,11146.57133536141110659999999,11146.57133536141,-1.8189894035458565e-12,True
MARGEN_2X,conditional,run_70383794701c4f0fc157b2ed,1725235199999999999,10606.58859698303018196790000,10606.588596983029,-1.8189894035458565e-12,True
MARGEN_2X,conditional,run_70383794701c4f0fc157b2ed,1725321599999999999,10606.59489551103018196790000,10606.594895511029,-1.8189894035458565e-12,True
MARGEN_2X,conditional,run_70383794701c4f0fc157b2ed,1725407999999999999,10606.58857872703018196790000,10606.588578727029,-1.8189894035458565e-12,True
MARGEN_2X,conditional,run_70383794701c4f0fc157b2ed,1725494399999999999,10606.59035792283018196790000,10606.590357922829,-1.8189894035458565e-12,True
MARGEN_2X,conditional,run_70383794701c4f0fc157b2ed,1725580799999999999,10606.58486337683018196790000,10606.58486337683,-1.8189894035458565e-12,True
MARGEN_2X,conditional,run_70383794701c4f0fc157b2ed,1725667199999999999,10606.57685348363018196790000,10606.57685348363,0.0,True
MARGEN_2X,conditional,run_70383794701c4f0fc157b2ed,1725753599999999999,10606.57868189543018196790000,10606.57868189543,0.0,True
MARGEN_2X,conditional,run_70383794701c4f0fc157b2ed,1725839999999999999,10606.58052960243018196790000,10606.58052960243,0.0,True
MARGEN_2X,conditional,run_70383794701c4f0fc157b2ed,1725926399999999999,10606.58606221303018196790000,10606.58606221303,0.0,True
MARGEN_2X,conditional,run_70383794701c4f0fc157b2ed,1726012799999999999,10606.58807513343018196790000,10606.58807513343,0.0,True
MARGEN_2X,conditional,run_70383794701c4f0fc157b2ed,1726099199999999999,10606.58612636303018196790000,10606.586126363029,-1.8189894035458565e-12,True
MARGEN_2X,conditional,run_70383794701c4f0fc157b2ed,1726185599999999999,10606.58815095303018196790000,10606.58815095303,0.0,True
MARGEN_2X,conditional,run_70383794701c4f0fc157b2ed,1726271999999999999,10606.59464412443018196790000,10606.594644124429,-1.8189894035458565e-12,True
MARGEN_2X,conditional,run_70383794701c4f0fc157b2ed,1726358399999999999,10606.59304426643018196790000,10606.59304426643,0.0,True
MARGEN_2X,conditional,run_70383794701c4f0fc157b2ed,1726444799999999999,10606.58888141303018196790000,10606.58888141303,0.0,True
MARGEN_2X,conditional,run_70383794701c4f0fc157b2ed,1726531199999999999,10606.58640394183018196790000,10606.58640394183,0.0,True
MARGEN_2X,conditional,run_70383794701c4f0fc157b2ed,1726617599999999999,10606.59144700563018196790000,10606.591447005629,-1.8189894035458565e-12,True
MARGEN_2X,conditional,run_70383794701c4f0fc157b2ed,1726703999999999999,10606.59465670563018196790000,10606.594656705629,-1.8189894035458565e-12,True
MARGEN_2X,conditional,run_70383794701c4f0fc157b2ed,1726790399999999999,10606.59960387523018196790000,10606.59960387523,-1.8189894035458565e-12,True
MARGEN_2X,conditional,run_70383794701c4f0fc157b2ed,1726876799999999999,10606.60280806323018196790000,10606.60280806323,0.0,True
MARGEN_2X,conditional,run_70383794701c4f0fc157b2ed,1726963199999999999,10606.60461145983018196790000,10606.60461145983,0.0,True
MARGEN_2X,conditional,run_70383794701c4f0fc157b2ed,1727049599999999999,10606.60416686083018196790000,10606.604166860829,-1.8189894035458565e-12,True
MARGEN_2X,conditional,run_70383794701c4f0fc157b2ed,1727135999999999999,10606.60548586803018196790000,10606.605485868029,-1.8189894035458565e-12,True
MARGEN_2X,conditional,run_70383794701c4f0fc157b2ed,1727222399999999999,10606.60730064683018196790000,10606.607300646829,-1.8189894035458565e-12,True
MARGEN_2X,conditional,run_70383794701c4f0fc157b2ed,1727308799999999999,10606.60323566883018196790000,10606.60323566883,0.0,True
MARGEN_2X,conditional,run_70383794701c4f0fc157b2ed,1727395199999999999,10606.60830202123018196790000,10606.60830202123,0.0,True
MARGEN_2X,conditional,run_70383794701c4f0fc157b2ed,1727481599999999999,10606.61115074523018196790000,10606.61115074523,0.0,True
MARGEN_2X,conditional,run_70383794701c4f0fc157b2ed,1727567999999999999,10606.61078200103018196790000,10606.61078200103,0.0,True
MARGEN_2X,conditional,run_70383794701c4f0fc157b2ed,1727654399999999999,10606.60988001563018196790000,10606.609880015629,-1.8189894035458565e-12,True
MARGEN_2X,conditional,run_70383794701c4f0fc157b2ed,1727740799999999999,10606.60427315703018196790000,10606.604273157029,-1.8189894035458565e-12,True
MARGEN_2X,permanent,run_3f5d9cce8ff1c2ba5447e3b6,1725235199999999999,11130.13712066170084435819999,11130.137120661702,1.8189894035458565e-12,True
MARGEN_2X,permanent,run_3f5d9cce8ff1c2ba5447e3b6,1725321599999999999,11130.04009515873681519019999,11130.040095158736,0.0,True
MARGEN_2X,permanent,run_3f5d9cce8ff1c2ba5447e3b6,1725407999999999999,11130.33819804363070802939999,11130.338198043632,0.0,True
MARGEN_2X,permanent,run_3f5d9cce8ff1c2ba5447e3b6,1725494399999999999,11130.61957664177324615019999,11130.619576641773,0.0,True
MARGEN_2X,permanent,run_3f5d9cce8ff1c2ba5447e3b6,1725580799999999999,11131.05792434757356082219999,11131.057924347573,0.0,True
MARGEN_2X,permanent,run_3f5d9cce8ff1c2ba5447e3b6,1725667199999999999,11131.30678940981099398699999,11131.30678940981,-1.8189894035458565e-12,True
MARGEN_2X,permanent,run_3f5d9cce8ff1c2ba5447e3b6,1725753599999999999,11131.51163796918075276699999,11131.511637969183,1.8189894035458565e-12,True
MARGEN_2X,permanent,run_3f5d9cce8ff1c2ba5447e3b6,1725839999999999999,11130.47716248184075276699999,11130.477162481842,1.8189894035458565e-12,True
MARGEN_2X,permanent,run_3f5d9cce8ff1c2ba5447e3b6,1725926399999999999,11129.77491225740971308139999,11129.77491225741,0.0,True
MARGEN_2X,permanent,run_3f5d9cce8ff1c2ba5447e3b6,1726012799999999999,11129.28540250805047177259999,11129.285402508052,1.8189894035458565e-12,True
MARGEN_2X,permanent,run_3f5d9cce8ff1c2ba5447e3b6,1726099199999999999,11129.34967525719649454379999,11129.349675257197,0.0,True
MARGEN_2X,permanent,run_3f5d9cce8ff1c2ba5447e3b6,1726185599999999999,11129.04261114620985428299999,11129.042611146211,1.8189894035458565e-12,True
MARGEN_2X,permanent,run_3f5d9cce8ff1c2ba5447e3b6,1726271999999999999,11129.34967195475785428299999,11129.349671954758,0.0,True
MARGEN_2X,permanent,run_3f5d9cce8ff1c2ba5447e3b6,1726358399999999999,11128.75008228582000470379999,11128.75008228582,0.0,True
MARGEN_2X,permanent,run_3f5d9cce8ff1c2ba5447e3b6,1726444799999999999,11128.90658277144216523179999,11128.906582771444,1.8189894035458565e-12,True
MARGEN_2X,permanent,run_3f5d9cce8ff1c2ba5447e3b6,1726531199999999999,11128.92231699066906590219999,11128.922316990669,0.0,True
MARGEN_2X,permanent,run_3f5d9cce8ff1c2ba5447e3b6,1726617599999999999,11129.53346368189706590219999,11129.533463681899,1.8189894035458565e-12,True
MARGEN_2X,permanent,run_3f5d9cce8ff1c2ba5447e3b6,1726703999999999999,11130.12425046233878838219999,11130.12425046234,1.8189894035458565e-12,True
MARGEN_2X,permanent,run_3f5d9cce8ff1c2ba5447e3b6,1726790399999999999,11130.08878859318824011979999,11130.088788593188,0.0,True
MARGEN_2X,permanent,run_3f5d9cce8ff1c2ba5447e3b6,1726876799999999999,11130.27836195304424011979999,11130.278361953046,1.8189894035458565e-12,True
MARGEN_2X,permanent,run_3f5d9cce8ff1c2ba5447e3b6,1726963199999999999,11131.92546345952580140459999,11131.925463459527,1.8189894035458565e-12,True
MARGEN_2X,permanent,run_3f5d9cce8ff1c2ba5447e3b6,1727049599999999999,11131.53811644729660765899999,11131.538116447296,0.0,True
MARGEN_2X,permanent,run_3f5d9cce8ff1c2ba5447e3b6,1727135999999999999,11132.85025070210460765899999,11132.850250702104,0.0,True
MARGEN_2X,permanent,run_3f5d9cce8ff1c2ba5447e3b6,1727222399999999999,11131.72359601157600213739999,11131.723596011576,0.0,True
MARGEN_2X,permanent,run_3f5d9cce8ff1c2ba5447e3b6,1727308799999999999,11132.49463061806752681419999,11132.494630618068,0.0,True
MARGEN_2X,permanent,run_3f5d9cce8ff1c2ba5447e3b6,1727395199999999999,11132.93019089583324629419999,11132.930190895833,0.0,True
MARGEN_2X,permanent,run_3f5d9cce8ff1c2ba5447e3b6,1727481599999999999,11133.49159709860964593419999,11133.49159709861,0.0,True
MARGEN_2X,permanent,run_3f5d9cce8ff1c2ba5447e3b6,1727567999999999999,11134.17205769008756601019999,11134.172057690088,0.0,True
MARGEN_2X,permanent,run_3f5d9cce8ff1c2ba5447e3b6,1727654399999999999,11134.64548899519513703819999,11134.645488995197,1.8189894035458565e-12,True
MARGEN_2X,permanent,run_3f5d9cce8ff1c2ba5447e3b6,1727740799999999999,11134.88862001934857874019999,11134.888620019348,0.0,True
BASE_E3,conditional,run_ad71d751b20623006c195ff3,1727827199999999999,10631.91268932498257551240000,10631.912689324983,0.0,True
BASE_E3,conditional,run_ad71d751b20623006c195ff3,1727913599999999999,10631.90655439238257551240000,10631.906554392383,0.0,True
BASE_E3,conditional,run_ad71d751b20623006c195ff3,1727999999999999999,10631.90653527438257551240000,10631.906535274382,0.0,True
BASE_E3,conditional,run_ad71d751b20623006c195ff3,1728086399999999999,10631.91906892638257551240000,10631.919068926383,0.0,True
BASE_E3,conditional,run_ad71d751b20623006c195ff3,1728172799999999999,10631.91921159238257551240000,10631.919211592383,0.0,True
BASE_E3,conditional,run_ad71d751b20623006c195ff3,1728259199999999999,10631.92564324358257551240000,10631.925643243583,0.0,True
BASE_E3,conditional,run_ad71d751b20623006c195ff3,1728345599999999999,10631.92066115238257551240000,10631.920661152382,0.0,True
BASE_E3,conditional,run_ad71d751b20623006c195ff3,1728431999999999999,10631.92125807238257551240000,10631.921258072383,0.0,True
BASE_E3,conditional,run_ad71d751b20623006c195ff3,1728518399999999999,10631.90689002018257551240000,10631.906890020182,0.0,True
BASE_E3,conditional,run_ad71d751b20623006c195ff3,1728604799999999999,10631.90557646858257551240000,10631.905576468582,0.0,True
BASE_E3,conditional,run_ad71d751b20623006c195ff3,1728691199999999999,10631.92301042418257551240000,10631.923010424183,0.0,True
BASE_E3,conditional,run_ad71d751b20623006c195ff3,1728777599999999999,10631.93022723178257551240000,10631.930227231782,0.0,True
BASE_E3,conditional,run_ad71d751b20623006c195ff3,1728863999999999999,10631.92757859038257551240000,10631.927578590383,0.0,True
BASE_E3,conditional,run_ad71d751b20623006c195ff3,1728950399999999999,10631.95829127358257551240000,10631.958291273582,0.0,True
BASE_E3,conditional,run_ad71d751b20623006c195ff3,1729036799999999999,10631.96358827238257551240000,10631.963588272383,0.0,True
BASE_E3,conditional,run_ad71d751b20623006c195ff3,1729123199999999999,10631.96776331978257551240000,10631.967763319783,0.0,True
BASE_E3,conditional,run_ad71d751b20623006c195ff3,1729209599999999999,10631.96618743578257551240000,10631.966187435783,0.0,True
BASE_E3,conditional,run_ad71d751b20623006c195ff3,1729295999999999999,10631.97485149958257551240000,10631.974851499583,0.0,True
BASE_E3,conditional,run_ad71d751b20623006c195ff3,1729382399999999999,10631.97481976538257551240000,10631.974819765383,0.0,True
BASE_E3,conditional,run_ad71d751b20623006c195ff3,1729468799999999999,10631.98481894958257551240000,10631.984818949582,0.0,True
BASE_E3,conditional,run_ad71d751b20623006c195ff3,1729555199999999999,10631.96914112458257551240000,10631.969141124582,0.0,True
BASE_E3,conditional,run_ad71d751b20623006c195ff3,1729641599999999999,10631.96689173058257551240000,10631.966891730583,0.0,True
BASE_E3,conditional,run_ad71d751b20623006c195ff3,1729727999999999999,10631.95675243238257551240000,10631.956752432383,0.0,True
BASE_E3,conditional,run_ad71d751b20623006c195ff3,1729814399999999999,10631.96736925018257551240000,10631.967369250182,0.0,True
BASE_E3,conditional,run_ad71d751b20623006c195ff3,1729900799999999999,10631.95241046218257551240000,10631.952410462183,0.0,True
BASE_E3,conditional,run_ad71d751b20623006c195ff3,1729987199999999999,10631.95696336458257551240000,10631.956963364582,0.0,True
BASE_E3,conditional,run_ad71d751b20623006c195ff3,1730073599999999999,10631.96445547238257551240000,10631.964455472382,0.0,True
BASE_E3,conditional,run_ad71d751b20623006c195ff3,1730159999999999999,10631.98111702078257551240000,10631.981117020783,0.0,True
BASE_E3,conditional,run_ad71d751b20623006c195ff3,1730246399999999999,10632.00387662018257551240000,10632.003876620183,0.0,True
BASE_E3,conditional,run_ad71d751b20623006c195ff3,1730332799999999999,10632.00249808718257551240000,10632.002498087182,0.0,True
BASE_E3,conditional,run_ad71d751b20623006c195ff3,1730419199999999999,10631.98074640518257551240000,10631.980746405183,0.0,True
BASE_E3,permanent,run_dfea4b7ac1475668d5968c97,1727827199999999999,11149.33495572075608526599999,11149.334955720755,-1.8189894035458565e-12,True
BASE_E3,permanent,run_dfea4b7ac1475668d5968c97,1727913599999999999,11150.16227300578233618399999,11150.162273005782,0.0,True
BASE_E3,permanent,run_dfea4b7ac1475668d5968c97,1727999999999999999,11151.08121991088800406079999,11151.081219910888,0.0,True
BASE_E3,permanent,run_dfea4b7ac1475668d5968c97,1728086399999999999,11151.83028314792472720599999,11151.830283147925,0.0,True
BASE_E3,permanent,run_dfea4b7ac1475668d5968c97,1728172799999999999,11152.35346687783980587099999,11152.35346687784,0.0,True
BASE_E3,permanent,run_dfea4b7ac1475668d5968c97,1728259199999999999,11153.53395247397561581019999,11153.533952473976,0.0,True
BASE_E3,permanent,run_dfea4b7ac1475668d5968c97,1728345599999999999,11153.60901238725056169819999,11153.60901238725,-1.8189894035458565e-12,True
BASE_E3,permanent,run_dfea4b7ac1475668d5968c97,1728431999999999999,11155.48217563792156479519999,11155.48217563792,-1.8189894035458565e-12,True
BASE_E3,permanent,run_dfea4b7ac1475668d5968c97,1728518399999999999,11156.67160943934163399679999,11156.671609439341,0.0,True
BASE_E3,permanent,run_dfea4b7ac1475668d5968c97,1728604799999999999,11158.19617249214045798939999,11158.19617249214,0.0,True
BASE_E3,permanent,run_dfea4b7ac1475668d5968c97,1728691199999999999,11159.07392079898772949819999,11159.073920798986,-1.8189894035458565e-12,True
BASE_E3,permanent,run_dfea4b7ac1475668d5968c97,1728777599999999999,11160.59781301033431128259999,11160.597813010334,0.0,True
BASE_E3,permanent,run_dfea4b7ac1475668d5968c97,1728863999999999999,11160.63558012001625857059999,11160.635580120015,-1.8189894035458565e-12,True
BASE_E3,permanent,run_dfea4b7ac1475668d5968c97,1728950399999999999,11161.63243806862237986139999,11161.632438068622,0.0,True
BASE_E3,permanent,run_dfea4b7ac1475668d5968c97,1729036799999999999,11163.93089739773237986139999,11163.930897397731,-1.8189894035458565e-12,True
BASE_E3,permanent,run_dfea4b7ac1475668d5968c97,1729123199999999999,11165.90977667846669098139999,11165.909776678465,-1.8189894035458565e-12,True
BASE_E3,permanent,run_dfea4b7ac1475668d5968c97,1729209599999999999,11168.06396585218579498139999,11168.063965852183,-1.8189894035458565e-12,True
BASE_E3,permanent,run_dfea4b7ac1475668d5968c97,1729295999999999999,11170.26081938015028398139999,11170.260819380152,1.8189894035458565e-12,True
BASE_E3,permanent,run_dfea4b7ac1475668d5968c97,1729382399999999999,11171.96832779710638498139999,11171.968327797107,0.0,True
BASE_E3,permanent,run_dfea4b7ac1475668d5968c97,1729468799999999999,11172.02070246977758998139999,11172.020702469777,0.0,True
BASE_E3,permanent,run_dfea4b7ac1475668d5968c97,1729555199999999999,11174.89487001153623998139999,11174.894870011536,0.0,True
BASE_E3,permanent,run_dfea4b7ac1475668d5968c97,1729641599999999999,11177.18335753181568098139999,11177.183357531816,0.0,True
BASE_E3,permanent,run_dfea4b7ac1475668d5968c97,1729727999999999999,11179.37530441067158898139999,11179.375304410672,0.0,True
BASE_E3,permanent,run_dfea4b7ac1475668d5968c97,1729814399999999999,11181.04216613319373998139999,11181.042166133195,1.8189894035458565e-12,True
BASE_E3,permanent,run_dfea4b7ac1475668d5968c97,1729900799999999999,11183.33387686498506298139999,11183.333876864985,0.0,True
BASE_E3,permanent,run_dfea4b7ac1475668d5968c97,1729987199999999999,11185.14623226381787007999999,11185.146232263818,0.0,True
BASE_E3,permanent,run_dfea4b7ac1475668d5968c97,1730073599999999999,11186.28221970941218607999999,11186.282219709412,0.0,True
BASE_E3,permanent,run_dfea4b7ac1475668d5968c97,1730159999999999999,11182.46154120733185907999999,11182.46154120733,-1.8189894035458565e-12,True
BASE_E3,permanent,run_dfea4b7ac1475668d5968c97,1730246399999999999,11182.48781494823185907999999,11182.487814948232,0.0,True
BASE_E3,permanent,run_dfea4b7ac1475668d5968c97,1730332799999999999,11165.92382715633185907999999,11165.923827156332,0.0,True
BASE_E3,permanent,run_dfea4b7ac1475668d5968c97,1730419199999999999,11150.12834630306541107999999,11150.128346303063,-1.8189894035458565e-12,True
MARGEN_2X,conditional,run_70383794701c4f0fc157b2ed,1727827199999999999,10606.59545275963018196790000,10606.59545275963,0.0,True
MARGEN_2X,conditional,run_70383794701c4f0fc157b2ed,1727913599999999999,10606.59270194303018196790000,10606.59270194303,-1.8189894035458565e-12,True
MARGEN_2X,conditional,run_70383794701c4f0fc157b2ed,1727999999999999999,10606.59249310503018196790000,10606.59249310503,0.0,True
MARGEN_2X,conditional,run_70383794701c4f0fc157b2ed,1728086399999999999,10606.59665831703018196790000,10606.59665831703,0.0,True
MARGEN_2X,conditional,run_70383794701c4f0fc157b2ed,1728172799999999999,10606.59670940503018196790000,10606.59670940503,0.0,True
MARGEN_2X,conditional,run_70383794701c4f0fc157b2ed,1728259199999999999,10606.59873391423018196790000,10606.59873391423,0.0,True
MARGEN_2X,conditional,run_70383794701c4f0fc157b2ed,1728345599999999999,10606.59718769303018196790000,10606.597187693029,-1.8189894035458565e-12,True
MARGEN_2X,conditional,run_70383794701c4f0fc157b2ed,1728431999999999999,10606.59759614303018196790000,10606.597596143029,-1.8189894035458565e-12,True
MARGEN_2X,conditional,run_70383794701c4f0fc157b2ed,1728518399999999999,10606.59286767083018196790000,10606.59286767083,0.0,True
MARGEN_2X,conditional,run_70383794701c4f0fc157b2ed,1728604799999999999,10606.59272460923018196790000,10606.592724609229,-1.8189894035458565e-12,True
MARGEN_2X,conditional,run_70383794701c4f0fc157b2ed,1728691199999999999,10606.59799842883018196790000,10606.59799842883,0.0,True
MARGEN_2X,conditional,run_70383794701c4f0fc157b2ed,1728777599999999999,10606.60042587043018196790000,10606.600425870429,-1.8189894035458565e-12,True
MARGEN_2X,conditional,run_70383794701c4f0fc157b2ed,1728863999999999999,10606.59962832503018196790000,10606.59962832503,0.0,True
MARGEN_2X,conditional,run_70383794701c4f0fc157b2ed,1728950399999999999,10606.60986578423018196790000,10606.60986578423,0.0,True
MARGEN_2X,conditional,run_70383794701c4f0fc157b2ed,1729036799999999999,10606.61094072503018196790000,10606.61094072503,0.0,True
MARGEN_2X,conditional,run_70383794701c4f0fc157b2ed,1729123199999999999,10606.61210539843018196790000,10606.61210539843,0.0,True
MARGEN_2X,conditional,run_70383794701c4f0fc157b2ed,1729209599999999999,10606.61160892843018196790000,10606.61160892843,0.0,True
MARGEN_2X,conditional,run_70383794701c4f0fc157b2ed,1729295999999999999,10606.61437003023018196790000,10606.61437003023,-1.8189894035458565e-12,True
MARGEN_2X,conditional,run_70383794701c4f0fc157b2ed,1729382399999999999,10606.61444538603018196790000,10606.614445386029,-1.8189894035458565e-12,True
MARGEN_2X,conditional,run_70383794701c4f0fc157b2ed,1729468799999999999,10606.61841291023018196790000,10606.61841291023,0.0,True
MARGEN_2X,conditional,run_70383794701c4f0fc157b2ed,1729555199999999999,10606.61320424523018196790000,10606.61320424523,0.0,True
MARGEN_2X,conditional,run_70383794701c4f0fc157b2ed,1729641599999999999,10606.61201317323018196790000,10606.61201317323,0.0,True
MARGEN_2X,conditional,run_70383794701c4f0fc157b2ed,1729727999999999999,10606.60806056103018196790000,10606.60806056103,0.0,True
MARGEN_2X,conditional,run_70383794701c4f0fc157b2ed,1729814399999999999,10606.61097434283018196790000,10606.61097434283,0.0,True
MARGEN_2X,conditional,run_70383794701c4f0fc157b2ed,1729900799999999999,10606.60578923683018196790000,10606.60578923683,0.0,True
MARGEN_2X,conditional,run_70383794701c4f0fc157b2ed,1729987199999999999,10606.60752945323018196790000,10606.60752945323,0.0,True
MARGEN_2X,conditional,run_70383794701c4f0fc157b2ed,1730073599999999999,10606.60982818703018196790000,10606.609828187029,-1.8189894035458565e-12,True
MARGEN_2X,conditional,run_70383794701c4f0fc157b2ed,1730159999999999999,10606.61500922943018196790000,10606.61500922943,0.0,True
MARGEN_2X,conditional,run_70383794701c4f0fc157b2ed,1730246399999999999,10606.62194970083018196790000,10606.62194970083,0.0,True
MARGEN_2X,conditional,run_70383794701c4f0fc157b2ed,1730332799999999999,10606.62185747383018196790000,10606.621857473829,-1.8189894035458565e-12,True
MARGEN_2X,conditional,run_70383794701c4f0fc157b2ed,1730419199999999999,10606.61426699783018196790000,10606.614266997829,-1.8189894035458565e-12,True
MARGEN_2X,permanent,run_3f5d9cce8ff1c2ba5447e3b6,1727827199999999999,11136.24187952444628674019999,11136.241879524447,0.0,True
MARGEN_2X,permanent,run_3f5d9cce8ff1c2ba5447e3b6,1727913599999999999,11136.75115309943402475619999,11136.751153099434,0.0,True
MARGEN_2X,permanent,run_3f5d9cce8ff1c2ba5447e3b6,1727999999999999999,11137.17065857162111240099999,11137.17065857162,-1.8189894035458565e-12,True
MARGEN_2X,permanent,run_3f5d9cce8ff1c2ba5447e3b6,1728086399999999999,11137.93766997218885473419999,11137.937669972189,0.0,True
MARGEN_2X,permanent,run_3f5d9cce8ff1c2ba5447e3b6,1728172799999999999,11137.56011640329241448419999,11137.560116403292,0.0,True
MARGEN_2X,permanent,run_3f5d9cce8ff1c2ba5447e3b6,1728259199999999999,11138.05057358399475475939999,11138.050573583994,0.0,True
MARGEN_2X,permanent,run_3f5d9cce8ff1c2ba5447e3b6,1728345599999999999,11137.84507081286624787539999,11137.845070812866,0.0,True
MARGEN_2X,permanent,run_3f5d9cce8ff1c2ba5447e3b6,1728431999999999999,11138.68852983113230038339999,11138.688529831132,0.0,True
MARGEN_2X,permanent,run_3f5d9cce8ff1c2ba5447e3b6,1728518399999999999,11139.38592039017976994499999,11139.385920390181,1.8189894035458565e-12,True
MARGEN_2X,permanent,run_3f5d9cce8ff1c2ba5447e3b6,1728604799999999999,11139.92200660755584343059999,11139.922006607558,1.8189894035458565e-12,True
MARGEN_2X,permanent,run_3f5d9cce8ff1c2ba5447e3b6,1728691199999999999,11139.71493248091247791139999,11139.71493248091,-1.8189894035458565e-12,True
MARGEN_2X,permanent,run_3f5d9cce8ff1c2ba5447e3b6,1728777599999999999,11140.25239490245636044579999,11140.252394902456,0.0,True
MARGEN_2X,permanent,run_3f5d9cce8ff1c2ba5447e3b6,1728863999999999999,11140.26457746849636044579999,11140.264577468497,0.0,True
MARGEN_2X,permanent,run_3f5d9cce8ff1c2ba5447e3b6,1728950399999999999,11140.77307868409081692859999,11140.773078684091,0.0,True
MARGEN_2X,permanent,run_3f5d9cce8ff1c2ba5447e3b6,1729036799999999999,11142.09089185885081692859999,11142.09089185885,0.0,True
MARGEN_2X,permanent,run_3f5d9cce8ff1c2ba5447e3b6,1729123199999999999,11142.64732438811393804859999,11142.647324388116,1.8189894035458565e-12,True
MARGEN_2X,permanent,run_3f5d9cce8ff1c2ba5447e3b6,1729209599999999999,11143.65480687402947204859999,11143.654806874029,-1.8189894035458565e-12,True
MARGEN_2X,permanent,run_3f5d9cce8ff1c2ba5447e3b6,1729295999999999999,11145.02562150311089104859999,11145.025621503111,0.0,True
MARGEN_2X,permanent,run_3f5d9cce8ff1c2ba5447e3b6,1729382399999999999,11145.76546997409688204859999,11145.765469974096,0.0,True
MARGEN_2X,permanent,run_3f5d9cce8ff1c2ba5447e3b6,1729468799999999999,11145.96756591807287504859999,11145.967565918074,1.8189894035458565e-12,True
MARGEN_2X,permanent,run_3f5d9cce8ff1c2ba5447e3b6,1729555199999999999,11144.31268935733562904859999,11144.312689357335,0.0,True
MARGEN_2X,permanent,run_3f5d9cce8ff1c2ba5447e3b6,1729641599999999999,11145.02997281774891404859999,11145.029972817749,0.0,True
MARGEN_2X,permanent,run_3f5d9cce8ff1c2ba5447e3b6,1729727999999999999,11146.17256837732694004859999,11146.172568377326,-1.8189894035458565e-12,True
MARGEN_2X,permanent,run_3f5d9cce8ff1c2ba5447e3b6,1729814399999999999,11147.32585256068721504859999,11147.325852560687,0.0,True
MARGEN_2X,permanent,run_3f5d9cce8ff1c2ba5447e3b6,1729900799999999999,11148.27065036283674604859999,11148.270650362836,0.0,True
MARGEN_2X,permanent,run_3f5d9cce8ff1c2ba5447e3b6,1729987199999999999,11149.18043679373235514719999,11149.180436793733,0.0,True
MARGEN_2X,permanent,run_3f5d9cce8ff1c2ba5447e3b6,1730073599999999999,11150.25470022543974914719999,11150.25470022544,0.0,True
MARGEN_2X,permanent,run_3f5d9cce8ff1c2ba5447e3b6,1730159999999999999,11147.53896380645942214719999,11147.538963806459,0.0,True
MARGEN_2X,permanent,run_3f5d9cce8ff1c2ba5447e3b6,1730246399999999999,11147.56487999735942214719999,11147.564879997359,0.0,True
MARGEN_2X,permanent,run_3f5d9cce8ff1c2ba5447e3b6,1730332799999999999,11131.23303858545942214719999,11131.233038585458,-1.8189894035458565e-12,True
MARGEN_2X,permanent,run_3f5d9cce8ff1c2ba5447e3b6,1730419199999999999,11115.46032697513191014719999,11115.460326975131,0.0,True
BASE_E3,conditional,run_ad71d751b20623006c195ff3,1730505599999999999,10631.97502851878257551240000,10631.975028518782,0.0,True
BASE_E3,conditional,run_ad71d751b20623006c195ff3,1730591999999999999,10631.97263324458257551240000,10631.972633244583,0.0,True
BASE_E3,conditional,run_ad71d751b20623006c195ff3,1730678399999999999,10631.96693971238257551240000,10631.966939712383,0.0,True
BASE_E3,conditional,run_ad71d751b20623006c195ff3,1730764799999999999,10631.95740283238257551240000,10631.957402832382,0.0,True
BASE_E3,conditional,run_ad71d751b20623006c195ff3,1730851199999999999,10631.96894962538257551240000,10631.968949625383,0.0,True
BASE_E3,conditional,run_ad71d751b20623006c195ff3,1730937599999999999,10632.02775964458257551240000,10632.027759644583,0.0,True
BASE_E3,conditional,run_ad71d751b20623006c195ff3,1731023999999999999,10632.03922786018257551240000,10632.039227860183,0.0,True
BASE_E3,conditional,run_ad71d751b20623006c195ff3,1731110399999999999,10632.04762821758257551240000,10632.047628217582,0.0,True
BASE_E3,conditional,run_ad71d751b20623006c195ff3,1731196799999999999,10632.05852675238257551240000,10632.058526752382,0.0,True
BASE_E3,conditional,run_ad71d751b20623006c195ff3,1731283199999999999,10632.08678813358257551240000,10632.086788133583,0.0,True
BASE_E3,conditional,run_ad71d751b20623006c195ff3,1731369599999999999,10623.78278786782792324200000,10623.782787867825,-1.8189894035458565e-12,True
BASE_E3,conditional,run_ad71d751b20623006c195ff3,1731455999999999999,10635.62090716438981721400000,10635.62090716439,0.0,True
BASE_E3,conditional,run_ad71d751b20623006c195ff3,1731542399999999999,10638.34971254599948751000000,10638.349712545998,-1.8189894035458565e-12,True
BASE_E3,conditional,run_ad71d751b20623006c195ff3,1731628799999999999,10641.07140595702327751000000,10641.071405957024,0.0,True
BASE_E3,conditional,run_ad71d751b20623006c195ff3,1731715199999999999,10642.09701734411449051000000,10642.097017344115,0.0,True
BASE_E3,conditional,run_ad71d751b20623006c195ff3,1731801599999999999,10644.12952901041673751000000,10644.129529010415,-1.8189894035458565e-12,True
BASE_E3,conditional,run_ad71d751b20623006c195ff3,1731887999999999999,10646.88572891454804950850000,10646.885728914549,1.8189894035458565e-12,True
BASE_E3,conditional,run_ad71d751b20623006c195ff3,1731974399999999999,10649.37437056530545609410000,10649.374370565305,0.0,True
BASE_E3,conditional,run_ad71d751b20623006c195ff3,1732060799999999999,10656.80134727508273741110000,10656.801347275084,1.8189894035458565e-12,True
BASE_E3,conditional,run_ad71d751b20623006c195ff3,1732147199999999999,10660.64566488745561939310000,10660.645664887455,0.0,True
BASE_E3,conditional,run_ad71d751b20623006c195ff3,1732233599999999999,10659.92769906292162109790000,10659.927699062922,0.0,True
BASE_E3,conditional,run_ad71d751b20623006c195ff3,1732319999999999999,10665.64346585158349930690000,10665.643465851583,0.0,True
BASE_E3,conditional,run_ad71d751b20623006c195ff3,1732406399999999999,10668.73262439139148268510000,10668.732624391392,0.0,True
BASE_E3,conditional,run_ad71d751b20623006c195ff3,1732492799999999999,10672.60215416737726436610000,10672.602154167376,-1.8189894035458565e-12,True
BASE_E3,conditional,run_ad71d751b20623006c195ff3,1732579199999999999,10676.23147421894394887810000,10676.231474218945,0.0,True
BASE_E3,conditional,run_ad71d751b20623006c195ff3,1732665599999999999,10680.40484510869237379330000,10680.404845108693,0.0,True
BASE_E3,conditional,run_ad71d751b20623006c195ff3,1732751999999999999,10684.46116725262797379330000,10684.461167252628,0.0,True
BASE_E3,conditional,run_ad71d751b20623006c195ff3,1732838399999999999,10686.75837742517904406090000,10686.75837742518,0.0,True
BASE_E3,conditional,run_ad71d751b20623006c195ff3,1732924799999999999,10689.78766831713316283450000,10689.787668317134,1.8189894035458565e-12,True
BASE_E3,conditional,run_ad71d751b20623006c195ff3,1733011199999999999,10693.43302590876022025050000,10693.43302590876,0.0,True
BASE_E3,permanent,run_dfea4b7ac1475668d5968c97,1730505599999999999,11152.84923197708950807999999,11152.849231977088,-1.8189894035458565e-12,True
BASE_E3,permanent,run_dfea4b7ac1475668d5968c97,1730591999999999999,11155.81501650750626907999999,11155.815016507508,1.8189894035458565e-12,True
BASE_E3,permanent,run_dfea4b7ac1475668d5968c97,1730678399999999999,11158.19855176230218407999999,11158.198551762302,0.0,True
BASE_E3,permanent,run_dfea4b7ac1475668d5968c97,1730764799999999999,11160.38927870580675807999999,11160.389278705807,0.0,True
BASE_E3,permanent,run_dfea4b7ac1475668d5968c97,1730851199999999999,11163.05507919883594207999999,11163.055079198837,1.8189894035458565e-12,True
BASE_E3,permanent,run_dfea4b7ac1475668d5968c97,1730937599999999999,11161.74049234880903507999999,11161.740492348808,0.0,True
BASE_E3,permanent,run_dfea4b7ac1475668d5968c97,1731023999999999999,11164.44256158849640247249999,11164.442561588496,0.0,True
BASE_E3,permanent,run_dfea4b7ac1475668d5968c97,1731110399999999999,11167.22490168922851047249999,11167.224901689227,-1.8189894035458565e-12,True
BASE_E3,permanent,run_dfea4b7ac1475668d5968c97,1731196799999999999,11167.49020048535779647249999,11167.490200485357,0.0,True
BASE_E3,permanent,run_dfea4b7ac1475668d5968c97,1731283199999999999,11167.67782337593655893009999,11167.677823375936,0.0,True
BASE_E3,permanent,run_dfea4b7ac1475668d5968c97,1731369599999999999,11170.01979470060618918289999,11170.019794700605,0.0,True
BASE_E3,permanent,run_dfea4b7ac1475668d5968c97,1731455999999999999,11178.41028754283979366049999,11178.41028754284,0.0,True
BASE_E3,permanent,run_dfea4b7ac1475668d5968c97,1731542399999999999,11176.75300056824097070249999,11176.75300056824,0.0,True
BASE_E3,permanent,run_dfea4b7ac1475668d5968c97,1731628799999999999,11178.93252772291061970249999,11178.93252772291,0.0,True
BASE_E3,permanent,run_dfea4b7ac1475668d5968c97,1731715199999999999,11179.91979950904673170249999,11179.919799509047,0.0,True
BASE_E3,permanent,run_dfea4b7ac1475668d5968c97,1731801599999999999,11181.89638037009585970249999,11181.896380370095,0.0,True
BASE_E3,permanent,run_dfea4b7ac1475668d5968c97,1731887999999999999,11184.51498373812511431649999,11184.514983738125,0.0,True
BASE_E3,permanent,run_dfea4b7ac1475668d5968c97,1731974399999999999,11187.29705569208821510309999,11187.297055692088,0.0,True
BASE_E3,permanent,run_dfea4b7ac1475668d5968c97,1732060799999999999,11194.85235687725581588629999,11194.852356877256,0.0,True
BASE_E3,permanent,run_dfea4b7ac1475668d5968c97,1732147199999999999,11190.56396639800989778729999,11190.563966398011,1.8189894035458565e-12,True
BASE_E3,permanent,run_dfea4b7ac1475668d5968c97,1732233599999999999,11184.68711466173101231249999,11184.687114661732,1.8189894035458565e-12,True
BASE_E3,permanent,run_dfea4b7ac1475668d5968c97,1732319999999999999,11190.62927779488662269099999,11190.629277794886,-1.8189894035458565e-12,True
BASE_E3,permanent,run_dfea4b7ac1475668d5968c97,1732406399999999999,11193.91482116269735794529999,11193.914821162696,-1.8189894035458565e-12,True
BASE_E3,permanent,run_dfea4b7ac1475668d5968c97,1732492799999999999,11197.95549715967831726059999,11197.955497159679,0.0,True
BASE_E3,permanent,run_dfea4b7ac1475668d5968c97,1732579199999999999,11201.88283423769856955459999,11201.882834237698,0.0,True
BASE_E3,permanent,run_dfea4b7ac1475668d5968c97,1732665599999999999,11206.34014908389623340499999,11206.340149083897,0.0,True
BASE_E3,permanent,run_dfea4b7ac1475668d5968c97,1732751999999999999,11209.83880678391563340499998,11209.838806783917,1.8189894035458565e-12,True
BASE_E3,permanent,run_dfea4b7ac1475668d5968c97,1732838399999999999,11212.12101714881725374799998,11212.121017148816,0.0,True
BASE_E3,permanent,run_dfea4b7ac1475668d5968c97,1732924799999999999,11215.14345214639058640399998,11215.14345214639,0.0,True
BASE_E3,permanent,run_dfea4b7ac1475668d5968c97,1733011199999999999,11218.70676570089386017199998,11218.706765700896,1.8189894035458565e-12,True
MARGEN_2X,conditional,run_70383794701c4f0fc157b2ed,1730505599999999999,10606.61268336943018196790000,10606.612683369429,-1.8189894035458565e-12,True
MARGEN_2X,conditional,run_70383794701c4f0fc157b2ed,1730591999999999999,10606.61177605923018196790000,10606.61177605923,0.0,True
MARGEN_2X,conditional,run_70383794701c4f0fc157b2ed,1730678399999999999,10606.60981102903018196790000,10606.60981102903,0.0,True
MARGEN_2X,conditional,run_70383794701c4f0fc157b2ed,1730764799999999999,10606.60650546903018196790000,10606.60650546903,0.0,True
MARGEN_2X,conditional,run_70383794701c4f0fc157b2ed,1730851199999999999,10606.60986330803018196790000,10606.60986330803,-1.8189894035458565e-12,True
MARGEN_2X,conditional,run_70383794701c4f0fc157b2ed,1730937599999999999,10606.62933210523018196790000,10606.629332105229,-1.8189894035458565e-12,True
MARGEN_2X,conditional,run_70383794701c4f0fc157b2ed,1731023999999999999,10606.63466916883018196790000,10606.634669168829,-1.8189894035458565e-12,True
MARGEN_2X,conditional,run_70383794701c4f0fc157b2ed,1731110399999999999,10606.63779081223018196790000,10606.63779081223,0.0,True
MARGEN_2X,conditional,run_70383794701c4f0fc157b2ed,1731196799999999999,10606.64291676303018196790000,10606.64291676303,0.0,True
MARGEN_2X,conditional,run_70383794701c4f0fc157b2ed,1731283199999999999,10606.65114993823018196790000,10606.651149938229,-1.8189894035458565e-12,True
MARGEN_2X,conditional,run_70383794701c4f0fc157b2ed,1731369599999999999,10598.31491011355434480310000,10598.314910113557,1.8189894035458565e-12,True
MARGEN_2X,conditional,run_70383794701c4f0fc157b2ed,1731455999999999999,10610.14403505073910844770000,10610.144035050738,0.0,True
MARGEN_2X,conditional,run_70383794701c4f0fc157b2ed,1731542399999999999,10612.85576780154457417920000,10612.855767801542,-1.8189894035458565e-12,True
MARGEN_2X,conditional,run_70383794701c4f0fc157b2ed,1731628799999999999,10615.59135504325787517920000,10615.591355043258,0.0,True
MARGEN_2X,conditional,run_70383794701c4f0fc157b2ed,1731715199999999999,10616.59633888371778817920000,10616.596338883717,0.0,True
MARGEN_2X,conditional,run_70383794701c4f0fc157b2ed,1731801599999999999,10618.62680170120713517920000,10618.626801701208,0.0,True
MARGEN_2X,conditional,run_70383794701c4f0fc157b2ed,1731887999999999999,10621.38533147928910517770000,10621.385331479287,-1.8189894035458565e-12,True
MARGEN_2X,conditional,run_70383794701c4f0fc157b2ed,1731974399999999999,10623.86629550594638489190000,10623.866295505946,0.0,True
MARGEN_2X,conditional,run_70383794701c4f0fc157b2ed,1732060799999999999,10631.27388465373276620890000,10631.273884653732,0.0,True
MARGEN_2X,conditional,run_70383794701c4f0fc157b2ed,1732147199999999999,10635.10223148748236921790000,10635.10223148748,-1.8189894035458565e-12,True
MARGEN_2X,conditional,run_70383794701c4f0fc157b2ed,1732233599999999999,10634.35677157810450946550000,10634.356771578106,1.8189894035458565e-12,True
MARGEN_2X,conditional,run_70383794701c4f0fc157b2ed,1732319999999999999,10640.05888904269729461100000,10640.058889042695,-1.8189894035458565e-12,True
MARGEN_2X,conditional,run_70383794701c4f0fc157b2ed,1732406399999999999,10643.14409488751531157190000,10643.144094887513,-1.8189894035458565e-12,True
MARGEN_2X,conditional,run_70383794701c4f0fc157b2ed,1732492799999999999,10647.00466764006167512940000,10647.00466764006,-1.8189894035458565e-12,True
MARGEN_2X,conditional,run_70383794701c4f0fc157b2ed,1732579199999999999,10650.65168885924905964140000,10650.651688859249,0.0,True
MARGEN_2X,conditional,run_70383794701c4f0fc157b2ed,1732665599999999999,10654.82631966925779654060000,10654.826319669257,0.0,True
MARGEN_2X,conditional,run_70383794701c4f0fc157b2ed,1732751999999999999,10658.85015505150999654060000,10658.85015505151,0.0,True
MARGEN_2X,conditional,run_70383794701c4f0fc157b2ed,1732838399999999999,10661.14634700865525711000000,10661.146347008655,0.0,True
MARGEN_2X,conditional,run_70383794701c4f0fc157b2ed,1732924799999999999,10664.16154227591478152640000,10664.161542275915,0.0,True
MARGEN_2X,conditional,run_70383794701c4f0fc157b2ed,1733011199999999999,10667.80147142985531481840000,10667.801471429855,0.0,True
MARGEN_2X,permanent,run_3f5d9cce8ff1c2ba5447e3b6,1730505599999999999,11118.17796310472145914719999,11118.17796310472,-1.8189894035458565e-12,True
MARGEN_2X,permanent,run_3f5d9cce8ff1c2ba5447e3b6,1730591999999999999,11121.13801306993060014719999,11121.138013069929,-1.8189894035458565e-12,True
MARGEN_2X,permanent,run_3f5d9cce8ff1c2ba5447e3b6,1730678399999999999,11123.51818700971739114719999,11123.518187009717,0.0,True
MARGEN_2X,permanent,run_3f5d9cce8ff1c2ba5447e3b6,1730764799999999999,11125.70386728813413314719999,11125.703867288134,0.0,True
MARGEN_2X,permanent,run_3f5d9cce8ff1c2ba5447e3b6,1730851199999999999,11128.36715404934513314719999,11128.367154049343,-1.8189894035458565e-12,True
MARGEN_2X,permanent,run_3f5d9cce8ff1c2ba5447e3b6,1730937599999999999,11127.06211217821419014719999,11127.062112178213,0.0,True
MARGEN_2X,permanent,run_3f5d9cce8ff1c2ba5447e3b6,1731023999999999999,11129.75912883431628960169999,11129.759128834314,-1.8189894035458565e-12,True
MARGEN_2X,permanent,run_3f5d9cce8ff1c2ba5447e3b6,1731110399999999999,11132.53898113202279760169999,11132.538981132022,0.0,True
MARGEN_2X,permanent,run_3f5d9cce8ff1c2ba5447e3b6,1731196799999999999,11132.80264024970662760169999,11132.802640249705,-1.8189894035458565e-12,True
MARGEN_2X,permanent,run_3f5d9cce8ff1c2ba5447e3b6,1731283199999999999,11132.99339628940524621289999,11132.993396289403,-1.8189894035458565e-12,True
MARGEN_2X,permanent,run_3f5d9cce8ff1c2ba5447e3b6,1731369599999999999,11135.33828589089569660649999,11135.338285890897,1.8189894035458565e-12,True
MARGEN_2X,permanent,run_3f5d9cce8ff1c2ba5447e3b6,1731455999999999999,11129.44865618731745399609999,11129.448656187316,-1.8189894035458565e-12,True
MARGEN_2X,permanent,run_3f5d9cce8ff1c2ba5447e3b6,1731542399999999999,11127.80712519271863103809999,11127.80712519272,0.0,True
MARGEN_2X,permanent,run_3f5d9cce8ff1c2ba5447e3b6,1731628799999999999,11129.97503239853746503809999,11129.975032398537,0.0,True
MARGEN_2X,permanent,run_3f5d9cce8ff1c2ba5447e3b6,1731715199999999999,11130.96372902028807703809999,11130.963729020286,-1.8189894035458565e-12,True
MARGEN_2X,permanent,run_3f5d9cce8ff1c2ba5447e3b6,1731801599999999999,11132.93405289331570503809999,11132.934052893315,0.0,True
MARGEN_2X,permanent,run_3f5d9cce8ff1c2ba5447e3b6,1731887999999999999,11135.54752015792938965209999,11135.54752015793,0.0,True
MARGEN_2X,permanent,run_3f5d9cce8ff1c2ba5447e3b6,1731974399999999999,11138.32869223172561231969999,11138.328692231727,1.8189894035458565e-12,True
MARGEN_2X,permanent,run_3f5d9cce8ff1c2ba5447e3b6,1732060799999999999,11136.62369856024171310289999,11136.623698560245,3.637978807091713e-12,True
MARGEN_2X,permanent,run_3f5d9cce8ff1c2ba5447e3b6,1732147199999999999,11138.91943286088126204889999,11138.919432860881,0.0,True
MARGEN_2X,permanent,run_3f5d9cce8ff1c2ba5447e3b6,1732233599999999999,11134.78957132115205281209999,11134.789571321155,1.8189894035458565e-12,True
MARGEN_2X,permanent,run_3f5d9cce8ff1c2ba5447e3b6,1732319999999999999,11140.71245852752584141809999,11140.712458527527,1.8189894035458565e-12,True
MARGEN_2X,permanent,run_3f5d9cce8ff1c2ba5447e3b6,1732406399999999999,11143.98303581701996597689999,11143.98303581702,0.0,True
MARGEN_2X,permanent,run_3f5d9cce8ff1c2ba5447e3b6,1732492799999999999,11148.00963421493522841969999,11148.009634214937,1.8189894035458565e-12,True
MARGEN_2X,permanent,run_3f5d9cce8ff1c2ba5447e3b6,1732579199999999999,11151.92361331898998071369999,11151.923613318992,1.8189894035458565e-12,True
MARGEN_2X,permanent,run_3f5d9cce8ff1c2ba5447e3b6,1732665599999999999,11156.36903741895483120409999,11156.369037418954,-1.8189894035458565e-12,True
MARGEN_2X,permanent,run_3f5d9cce8ff1c2ba5447e3b6,1732751999999999999,11159.87073845344523120409999,11159.870738453446,1.8189894035458565e-12,True
MARGEN_2X,permanent,run_3f5d9cce8ff1c2ba5447e3b6,1732838399999999999,11162.14702190380577194949999,11162.147021903806,0.0,True
MARGEN_2X,permanent,run_3f5d9cce8ff1c2ba5447e3b6,1732924799999999999,11165.16500864245297879589999,11165.165008642454,1.8189894035458565e-12,True
MARGEN_2X,permanent,run_3f5d9cce8ff1c2ba5447e3b6,1733011199999999999,11168.71708632870755373189999,11168.71708632871,1.8189894035458565e-12,True
BASE_E3,conditional,run_ad71d751b20623006c195ff3,1733097599999999999,10694.42997306155834633130000,10694.429973061558,0.0,True
BASE_E3,conditional,run_ad71d751b20623006c195ff3,1733183999999999999,10698.63650720956735954730000,10698.636507209565,-1.8189894035458565e-12,True
BASE_E3,conditional,run_ad71d751b20623006c195ff3,1733270399999999999,10702.84799419815213259050000,10702.847994198151,0.0,True
BASE_E3,conditional,run_ad71d751b20623006c195ff3,1733356799999999999,10705.78629590877264177450000,10705.786295908772,0.0,True
BASE_E3,conditional,run_ad71d751b20623006c195ff3,1733443199999999999,10715.06559253437781307050000,10715.065592534378,0.0,True
BASE_E3,conditional,run_ad71d751b20623006c195ff3,1733529599999999999,10717.78923948000072980650000,10717.78923948,0.0,True
BASE_E3,conditional,run_ad71d751b20623006c195ff3,1733615999999999999,10721.74151653991950907050000,10721.74151653992,0.0,True
BASE_E3,conditional,run_ad71d751b20623006c195ff3,1733702399999999999,10726.88860999941006848170000,10726.888609999409,-1.8189894035458565e-12,True
BASE_E3,conditional,run_ad71d751b20623006c195ff3,1733788799999999999,10731.02314338026497523050000,10731.023143380266,0.0,True
BASE_E3,conditional,run_ad71d751b20623006c195ff3,1733875199999999999,10735.25657191652193723050000,10735.256571916523,1.8189894035458565e-12,True
BASE_E3,conditional,run_ad71d751b20623006c195ff3,1733961599999999999,10738.90430955529253123050000,10738.904309555293,0.0,True
BASE_E3,conditional,run_ad71d751b20623006c195ff3,1734047999999999999,10740.71477657204338923050000,10740.714776572044,0.0,True
BASE_E3,conditional,run_ad71d751b20623006c195ff3,1734134399999999999,10743.30971410978229923050000,10743.309714109782,0.0,True
BASE_E3,conditional,run_ad71d751b20623006c195ff3,1734220799999999999,10744.80846344829730123050000,10744.808463448298,1.8189894035458565e-12,True
BASE_E3,conditional,run_ad71d751b20623006c195ff3,1734307199999999999,10740.41365005936172474730000,10740.413650059363,1.8189894035458565e-12,True
BASE_E3,conditional,run_ad71d751b20623006c195ff3,1734393599999999999,10741.40274770388394474730000,10741.402747703885,1.8189894035458565e-12,True
BASE_E3,conditional,run_ad71d751b20623006c195ff3,1734479999999999999,10743.14460376048489274730000,10743.144603760486,0.0,True
BASE_E3,conditional,run_ad71d751b20623006c195ff3,1734566399999999999,10745.33689441382413474730000,10745.336894413824,0.0,True
BASE_E3,conditional,run_ad71d751b20623006c195ff3,1734652799999999999,10743.09908652548821235790000,10743.099086525488,0.0,True
BASE_E3,conditional,run_ad71d751b20623006c195ff3,1734739199999999999,10744.65112111742039235790000,10744.651121117422,1.8189894035458565e-12,True
BASE_E3,conditional,run_ad71d751b20623006c195ff3,1734825599999999999,10746.05026710543044325390000,10746.050267105431,0.0,True
BASE_E3,conditional,run_ad71d751b20623006c195ff3,1734911999999999999,10746.05884024592044325390000,10746.058840245922,1.8189894035458565e-12,True
BASE_E3,conditional,run_ad71d751b20623006c195ff3,1734998399999999999,10746.61132233861304325390000,10746.611322338613,0.0,True
BASE_E3,conditional,run_ad71d751b20623006c195ff3,1735084799999999999,10747.34741280114301197760000,10747.347412801144,1.8189894035458565e-12,True
BASE_E3,conditional,run_ad71d751b20623006c195ff3,1735171199999999999,10747.87341549313159416760000,10747.87341549313,-1.8189894035458565e-12,True
BASE_E3,conditional,run_ad71d751b20623006c195ff3,1735257599999999999,10748.55297296842406702360000,10748.552972968424,0.0,True
BASE_E3,conditional,run_ad71d751b20623006c195ff3,1735343999999999999,10749.42772375319492096560000,10749.427723753193,-1.8189894035458565e-12,True
BASE_E3,conditional,run_ad71d751b20623006c195ff3,1735430399999999999,10750.02971831840016296560000,10750.0297183184,0.0,True
BASE_E3,conditional,run_ad71d751b20623006c195ff3,1735516799999999999,10750.53384436073971008930000,10750.53384436074,0.0,True
BASE_E3,conditional,run_ad71d751b20623006c195ff3,1735603199999999999,10752.09130112529529408930000,10752.091301125296,0.0,True
BASE_E3,conditional,run_ad71d751b20623006c195ff3,1735689599999999999,10752.56697146071223708930000,10752.56697146071,-1.8189894035458565e-12,True
BASE_E3,permanent,run_dfea4b7ac1475668d5968c97,1733097599999999999,11219.73203136422872140059998,11219.732031364227,-1.8189894035458565e-12,True
BASE_E3,permanent,run_dfea4b7ac1475668d5968c97,1733183999999999999,11226.14161034109028850659998,11226.141610341088,-1.8189894035458565e-12,True
BASE_E3,permanent,run_dfea4b7ac1475668d5968c97,1733270399999999999,11230.71523711277170348699998,11230.71523711277,-1.8189894035458565e-12,True
BASE_E3,permanent,run_dfea4b7ac1475668d5968c97,1733356799999999999,11233.53282813638389217659998,11233.532828136384,0.0,True
BASE_E3,permanent,run_dfea4b7ac1475668d5968c97,1733443199999999999,11243.24702991391519247219998,11243.247029913913,-1.8189894035458565e-12,True
BASE_E3,permanent,run_dfea4b7ac1475668d5968c97,1733529599999999999,11246.05790141592829506019998,11246.057901415927,-1.8189894035458565e-12,True
BASE_E3,permanent,run_dfea4b7ac1475668d5968c97,1733615999999999999,11250.15051684249404889219998,11250.150516842496,1.8189894035458565e-12,True
BASE_E3,permanent,run_dfea4b7ac1475668d5968c97,1733702399999999999,11255.44693667585749495779998,11255.446936675859,1.8189894035458565e-12,True
BASE_E3,permanent,run_dfea4b7ac1475668d5968c97,1733788799999999999,11260.49164708179751665679998,11260.491647081795,-1.8189894035458565e-12,True
BASE_E3,permanent,run_dfea4b7ac1475668d5968c97,1733875199999999999,11265.04259145088984065679998,11265.042591450889,-1.8189894035458565e-12,True
BASE_E3,permanent,run_dfea4b7ac1475668d5968c97,1733961599999999999,11268.95688732369741865679998,11268.956887323695,-1.8189894035458565e-12,True
BASE_E3,permanent,run_dfea4b7ac1475668d5968c97,1734047999999999999,11270.90620216288186465679998,11270.906202162882,0.0,True
BASE_E3,permanent,run_dfea4b7ac1475668d5968c97,1734134399999999999,11273.68222210506563465679998,11273.682222105066,0.0,True
BASE_E3,permanent,run_dfea4b7ac1475668d5968c97,1734220799999999999,11275.31857873738933865679998,11275.318578737388,-1.8189894035458565e-12,True
BASE_E3,permanent,run_dfea4b7ac1475668d5968c97,1734307199999999999,11275.99226016613005346439998,11275.992260166127,-1.8189894035458565e-12,True
BASE_E3,permanent,run_dfea4b7ac1475668d5968c97,1734393599999999999,11279.24404528473591233259998,11279.244045284735,-1.8189894035458565e-12,True
BASE_E3,permanent,run_dfea4b7ac1475668d5968c97,1734479999999999999,11282.57109165302590433259998,11282.571091653026,0.0,True
BASE_E3,permanent,run_dfea4b7ac1475668d5968c97,1734566399999999999,11287.21227626531750779979998,11287.212276265316,-1.8189894035458565e-12,True
BASE_E3,permanent,run_dfea4b7ac1475668d5968c97,1734652799999999999,11283.93173307013173479799998,11283.93173307013,-1.8189894035458565e-12,True
BASE_E3,permanent,run_dfea4b7ac1475668d5968c97,1734739199999999999,11286.97101553207535679799998,11286.971015532075,0.0,True
BASE_E3,permanent,run_dfea4b7ac1475668d5968c97,1734825599999999999,11289.11899646673724270839998,11289.118996466736,-1.8189894035458565e-12,True
BASE_E3,permanent,run_dfea4b7ac1475668d5968c97,1734911999999999999,11289.82653280895613270839998,11289.826532808956,0.0,True
BASE_E3,permanent,run_dfea4b7ac1475668d5968c97,1734998399999999999,11291.48023574303925670839998,11291.480235743038,-1.8189894035458565e-12,True
BASE_E3,permanent,run_dfea4b7ac1475668d5968c97,1735084799999999999,11293.42739971835248620819998,11293.42739971835,-1.8189894035458565e-12,True
BASE_E3,permanent,run_dfea4b7ac1475668d5968c97,1735171199999999999,11294.39224892717758846819998,11294.392248927175,-1.8189894035458565e-12,True
BASE_E3,permanent,run_dfea4b7ac1475668d5968c97,1735257599999999999,11295.03152443546237707879998,11295.03152443546,-1.8189894035458565e-12,True
BASE_E3,permanent,run_dfea4b7ac1475668d5968c97,1735343999999999999,11297.26893126683317075479998,11297.268931266834,0.0,True
BASE_E3,permanent,run_dfea4b7ac1475668d5968c97,1735430399999999999,11298.49616002252868980599998,11298.496160022529,0.0,True
BASE_E3,permanent,run_dfea4b7ac1475668d5968c97,1735516799999999999,11300.27063548633866382999998,11300.27063548634,1.8189894035458565e-12,True
BASE_E3,permanent,run_dfea4b7ac1475668d5968c97,1735603199999999999,11302.31892248394065768259998,11302.31892248394,0.0,True
BASE_E3,permanent,run_dfea4b7ac1475668d5968c97,1735689599999999999,11303.46093070800705768259998,11303.460930708006,0.0,True
MARGEN_2X,conditional,run_70383794701c4f0fc157b2ed,1733097599999999999,10668.79361113313856677320000,10668.79361113314,1.8189894035458565e-12,True
MARGEN_2X,conditional,run_70383794701c4f0fc157b2ed,1733183999999999999,10673.01411129303445566320000,10673.014111293034,0.0,True
MARGEN_2X,conditional,run_70383794701c4f0fc157b2ed,1733270399999999999,10677.21887741118725773340000,10677.218877411186,-1.8189894035458565e-12,True
MARGEN_2X,conditional,run_70383794701c4f0fc157b2ed,1733356799999999999,10680.13521439093166708300000,10680.135214390932,0.0,True
MARGEN_2X,conditional,run_70383794701c4f0fc157b2ed,1733443199999999999,10689.41528243949452203420000,10689.415282439495,0.0,True
MARGEN_2X,conditional,run_70383794701c4f0fc157b2ed,1733529599999999999,10692.11584743843000841220000,10692.11584743843,0.0,True
MARGEN_2X,conditional,run_70383794701c4f0fc157b2ed,1733615999999999999,10696.06193061436001272420000,10696.06193061436,0.0,True
MARGEN_2X,conditional,run_70383794701c4f0fc157b2ed,1733702399999999999,10701.19302626776402917380000,10701.193026267765,1.8189894035458565e-12,True
MARGEN_2X,conditional,run_70383794701c4f0fc157b2ed,1733788799999999999,10705.34912185975405627140000,10705.349121859754,0.0,True
MARGEN_2X,conditional,run_70383794701c4f0fc157b2ed,1733875199999999999,10709.58483013749829227140000,10709.584830137499,0.0,True
MARGEN_2X,conditional,run_70383794701c4f0fc157b2ed,1733961599999999999,10713.20019438550585627140000,10713.200194385507,0.0,True
MARGEN_2X,conditional,run_70383794701c4f0fc157b2ed,1734047999999999999,10715.01324057013580427140000,10715.013240570135,0.0,True
MARGEN_2X,conditional,run_70383794701c4f0fc157b2ed,1734134399999999999,10717.59836143995774427140000,10717.598361439956,-1.8189894035458565e-12,True
MARGEN_2X,conditional,run_70383794701c4f0fc157b2ed,1734220799999999999,10719.09485247441214027140000,10719.094852474413,0.0,True
MARGEN_2X,conditional,run_70383794701c4f0fc157b2ed,1734307199999999999,10711.14303115493511872900000,10711.143031154936,0.0,True
MARGEN_2X,conditional,run_70383794701c4f0fc157b2ed,1734393599999999999,10697.53060925480859872900000,10697.530609254809,0.0,True
MARGEN_2X,conditional,run_70383794701c4f0fc157b2ed,1734479999999999999,10697.52805983460859872900000,10697.528059834609,0.0,True
MARGEN_2X,conditional,run_70383794701c4f0fc157b2ed,1734566399999999999,10697.50434454500859872900000,10697.50434454501,1.8189894035458565e-12,True
MARGEN_2X,conditional,run_70383794701c4f0fc157b2ed,1734652799999999999,10697.49135926140859872900000,10697.49135926141,1.8189894035458565e-12,True
MARGEN_2X,conditional,run_70383794701c4f0fc157b2ed,1734739199999999999,10697.49356974780859872900000,10697.493569747809,0.0,True
MARGEN_2X,conditional,run_70383794701c4f0fc157b2ed,1734825599999999999,10697.48828437160859872900000,10697.48828437161,1.8189894035458565e-12,True
MARGEN_2X,conditional,run_70383794701c4f0fc157b2ed,1734911999999999999,10697.48104118000859872900000,10697.48104118001,1.8189894035458565e-12,True
MARGEN_2X,conditional,run_70383794701c4f0fc157b2ed,1734998399999999999,10697.48381238240859872900000,10697.48381238241,1.8189894035458565e-12,True
MARGEN_2X,conditional,run_70383794701c4f0fc157b2ed,1735084799999999999,10697.49673333040859872900000,10697.49673333041,1.8189894035458565e-12,True
MARGEN_2X,conditional,run_70383794701c4f0fc157b2ed,1735171199999999999,10697.49850658960859872900000,10697.498506589609,0.0,True
MARGEN_2X,conditional,run_70383794701c4f0fc157b2ed,1735257599999999999,10697.48420107640859872900000,10697.48420107641,1.8189894035458565e-12,True
MARGEN_2X,conditional,run_70383794701c4f0fc157b2ed,1735343999999999999,10697.47998907400859872900000,10697.479989074009,0.0,True
MARGEN_2X,conditional,run_70383794701c4f0fc157b2ed,1735430399999999999,10697.48477378200859872900000,10697.48477378201,0.0,True
MARGEN_2X,conditional,run_70383794701c4f0fc157b2ed,1735516799999999999,10697.47896665640859872900000,10697.47896665641,1.8189894035458565e-12,True
MARGEN_2X,conditional,run_70383794701c4f0fc157b2ed,1735603199999999999,10697.47682989600859872900000,10697.47682989601,1.8189894035458565e-12,True
MARGEN_2X,conditional,run_70383794701c4f0fc157b2ed,1735689599999999999,10697.47823066100859872900000,10697.478230661009,0.0,True
MARGEN_2X,permanent,run_3f5d9cce8ff1c2ba5447e3b6,1733097599999999999,11169.74214417602258279249999,11169.74214417602,-3.637978807091713e-12,True
MARGEN_2X,permanent,run_3f5d9cce8ff1c2ba5447e3b6,1733183999999999999,11176.13645480690670124649999,11176.136454806907,0.0,True
MARGEN_2X,permanent,run_3f5d9cce8ff1c2ba5447e3b6,1733270399999999999,11180.69586835972417428089999,11180.695868359724,0.0,True
MARGEN_2X,permanent,run_3f5d9cce8ff1c2ba5447e3b6,1733356799999999999,11183.51083337558416330169999,11183.510833375585,1.8189894035458565e-12,True
MARGEN_2X,permanent,run_3f5d9cce8ff1c2ba5447e3b6,1733443199999999999,11193.20619270103083090769999,11193.206192701029,-1.8189894035458565e-12,True
MARGEN_2X,permanent,run_3f5d9cce8ff1c2ba5447e3b6,1733529599999999999,11196.01309921966907277969999,11196.013099219668,0.0,True
MARGEN_2X,permanent,run_3f5d9cce8ff1c2ba5447e3b6,1733615999999999999,11200.09395351825727670769999,11200.093953518259,1.8189894035458565e-12,True
MARGEN_2X,permanent,run_3f5d9cce8ff1c2ba5447e3b6,1733702399999999999,11205.37331435744763685009999,11205.37331435745,1.8189894035458565e-12,True
MARGEN_2X,permanent,run_3f5d9cce8ff1c2ba5447e3b6,1733788799999999999,11210.40428815565789924669999,11210.404288155658,0.0,True
MARGEN_2X,permanent,run_3f5d9cce8ff1c2ba5447e3b6,1733875199999999999,11214.94647447972477124669999,11214.946474479724,0.0,True
MARGEN_2X,permanent,run_3f5d9cce8ff1c2ba5447e3b6,1733961599999999999,11218.85648112900628924669999,11218.856481129005,-1.8189894035458565e-12,True
MARGEN_2X,permanent,run_3f5d9cce8ff1c2ba5447e3b6,1734047999999999999,11220.80173921794891524669999,11220.801739217948,0.0,True
MARGEN_2X,permanent,run_3f5d9cce8ff1c2ba5447e3b6,1734134399999999999,11223.57521900829874524669999,11223.575219008299,0.0,True
MARGEN_2X,permanent,run_3f5d9cce8ff1c2ba5447e3b6,1734220799999999999,11225.20456550050123724669999,11225.2045655005,0.0,True
MARGEN_2X,permanent,run_3f5d9cce8ff1c2ba5447e3b6,1734307199999999999,11225.87951481015906193589999,11225.87951481016,0.0,True
MARGEN_2X,permanent,run_3f5d9cce8ff1c2ba5447e3b6,1734393599999999999,11229.12825563954744080409999,11229.128255639547,0.0,True
MARGEN_2X,permanent,run_3f5d9cce8ff1c2ba5447e3b6,1734479999999999999,11232.44633200437440080409999,11232.446332004374,0.0,True
MARGEN_2X,permanent,run_3f5d9cce8ff1c2ba5447e3b6,1734566399999999999,11237.06934278036357627129999,11237.069342780364,0.0,True
MARGEN_2X,permanent,run_3f5d9cce8ff1c2ba5447e3b6,1734652799999999999,11233.79628704471495424909999,11233.796287044715,0.0,True
MARGEN_2X,permanent,run_3f5d9cce8ff1c2ba5447e3b6,1734739199999999999,11236.82835747658645624909999,11236.828357476588,1.8189894035458565e-12,True
MARGEN_2X,permanent,run_3f5d9cce8ff1c2ba5447e3b6,1734825599999999999,11238.96826828658725009549999,11238.968268286588,0.0,True
MARGEN_2X,permanent,run_3f5d9cce8ff1c2ba5447e3b6,1734911999999999999,11239.67338142474614009549999,11239.673381424744,-1.8189894035458565e-12,True
MARGEN_2X,permanent,run_3f5d9cce8ff1c2ba5447e3b6,1734998399999999999,11241.32327261097406409549999,11241.323272610975,0.0,True
MARGEN_2X,permanent,run_3f5d9cce8ff1c2ba5447e3b6,1735084799999999999,11243.27183293008167825969999,11243.27183293008,-1.8189894035458565e-12,True
MARGEN_2X,permanent,run_3f5d9cce8ff1c2ba5447e3b6,1735171199999999999,11244.24406610204599279969999,11244.244066102045,-1.8189894035458565e-12,True
MARGEN_2X,permanent,run_3f5d9cce8ff1c2ba5447e3b6,1735257599999999999,11244.87531374612685225029999,11244.875313746126,0.0,True
MARGEN_2X,permanent,run_3f5d9cce8ff1c2ba5447e3b6,1735343999999999999,11247.10668193577246355629999,11247.106681935773,0.0,True
MARGEN_2X,permanent,run_3f5d9cce8ff1c2ba5447e3b6,1735430399999999999,11248.33229173783011260749999,11248.33229173783,0.0,True
MARGEN_2X,permanent,run_3f5d9cce8ff1c2ba5447e3b6,1735516799999999999,11250.10225755226094346199999,11250.102257552262,1.8189894035458565e-12,True
MARGEN_2X,permanent,run_3f5d9cce8ff1c2ba5447e3b6,1735603199999999999,11252.14177529518869731459999,11252.141775295187,-1.8189894035458565e-12,True
MARGEN_2X,permanent,run_3f5d9cce8ff1c2ba5447e3b6,1735689599999999999,11253.28202313522449231459999,11253.282023135223,-1.8189894035458565e-12,True
BASE_E3,conditional,run_ad71d751b20623006c195ff3,1735775999999999999,10753.04551684561645808930000,10753.045516845617,1.8189894035458565e-12,True
BASE_E3,conditional,run_ad71d751b20623006c195ff3,1735862399999999999,10753.93341770994151508930000,10753.93341770994,0.0,True
BASE_E3,conditional,run_ad71d751b20623006c195ff3,1735948799999999999,10755.74440179658755408930000,10755.744401796588,0.0,True
BASE_E3,conditional,run_ad71d751b20623006c195ff3,1736035199999999999,10756.55546718464244008930000,10756.555467184644,1.8189894035458565e-12,True
BASE_E3,conditional,run_ad71d751b20623006c195ff3,1736121599999999999,10758.24160849372244008930000,10758.241608493721,-1.8189894035458565e-12,True
BASE_E3,conditional,run_ad71d751b20623006c195ff3,1736207999999999999,10758.51406272643627208930000,10758.514062726435,0.0,True
BASE_E3,conditional,run_ad71d751b20623006c195ff3,1736294399999999999,10759.44886253431755008930000,10759.448862534318,0.0,True
BASE_E3,conditional,run_ad71d751b20623006c195ff3,1736380799999999999,10760.43173843037751924410000,10760.43173843038,1.8189894035458565e-12,True
BASE_E3,conditional,run_ad71d751b20623006c195ff3,1736467199999999999,10761.07746779909859048950000,10761.0774677991,0.0,True
BASE_E3,conditional,run_ad71d751b20623006c195ff3,1736553599999999999,10761.86958512542086625910000,10761.869585125422,0.0,True
BASE_E3,conditional,run_ad71d751b20623006c195ff3,1736639999999999999,10761.98061159209646707790000,10761.980611592096,0.0,True
BASE_E3,conditional,run_ad71d751b20623006c195ff3,1736726399999999999,10763.36203445339246707790000,10763.362034453392,0.0,True
BASE_E3,conditional,run_ad71d751b20623006c195ff3,1736812799999999999,10763.02505408743187405390000,10763.025054087433,1.8189894035458565e-12,True
BASE_E3,conditional,run_ad71d751b20623006c195ff3,1736899199999999999,10763.82323071246047405390000,10763.82323071246,0.0,True
BASE_E3,conditional,run_ad71d751b20623006c195ff3,1736985599999999999,10764.56822974847927405390000,10764.568229748478,-1.8189894035458565e-12,True
BASE_E3,conditional,run_ad71d751b20623006c195ff3,1737071999999999999,10764.49557533463306037010000,10764.495575334633,0.0,True
BASE_E3,conditional,run_ad71d751b20623006c195ff3,1737158399999999999,10765.88423449552035837010000,10765.88423449552,-1.8189894035458565e-12,True
BASE_E3,conditional,run_ad71d751b20623006c195ff3,1737244799999999999,10766.54965222648372837010000,10766.549652226484,0.0,True
BASE_E3,conditional,run_ad71d751b20623006c195ff3,1737331199999999999,10767.65013911229423037010000,10767.650139112295,0.0,True
BASE_E3,conditional,run_ad71d751b20623006c195ff3,1737417599999999999,10767.56955672207850037010000,10767.56955672208,0.0,True
BASE_E3,conditional,run_ad71d751b20623006c195ff3,1737503999999999999,10769.26329542481247837010000,10769.263295424811,-1.8189894035458565e-12,True
BASE_E3,conditional,run_ad71d751b20623006c195ff3,1737590399999999999,10770.27838525992008837010000,10770.27838525992,0.0,True
BASE_E3,conditional,run_ad71d751b20623006c195ff3,1737676799999999999,10770.87993305242008837010000,10770.87993305242,0.0,True
BASE_E3,conditional,run_ad71d751b20623006c195ff3,1737763199999999999,10773.39547622014153037010000,10773.395476220143,1.8189894035458565e-12,True
BASE_E3,conditional,run_ad71d751b20623006c195ff3,1737849599999999999,10773.37666865648650895130000,10773.376668656485,-1.8189894035458565e-12,True
BASE_E3,conditional,run_ad71d751b20623006c195ff3,1737935999999999999,10774.47966785319107303370000,10774.479667853193,1.8189894035458565e-12,True
BASE_E3,conditional,run_ad71d751b20623006c195ff3,1738022399999999999,10774.52937498095375055450000,10774.529374980953,0.0,True
BASE_E3,conditional,run_ad71d751b20623006c195ff3,1738108799999999999,10775.24086410196309991850000,10775.240864101961,-1.8189894035458565e-12,True
BASE_E3,conditional,run_ad71d751b20623006c195ff3,1738195199999999999,10775.45299821859939146010000,10775.4529982186,0.0,True
BASE_E3,conditional,run_ad71d751b20623006c195ff3,1738281599999999999,10776.17060313532040746010000,10776.17060313532,0.0,True
BASE_E3,conditional,run_ad71d751b20623006c195ff3,1738367999999999999,10777.60283542673306257210000,10777.602835426733,0.0,True
BASE_E3,permanent,run_dfea4b7ac1475668d5968c97,1735775999999999999,11304.24540306572578768259998,11304.245403065726,0.0,True
BASE_E3,permanent,run_dfea4b7ac1475668d5968c97,1735862399999999999,11306.81332898743993368259998,11306.813328987439,-1.8189894035458565e-12,True
BASE_E3,permanent,run_dfea4b7ac1475668d5968c97,1735948799999999999,11309.55251300383359498019998,11309.552513003831,-1.8189894035458565e-12,True
BASE_E3,permanent,run_dfea4b7ac1475668d5968c97,1736035199999999999,11311.66785054626696690619998,11311.66785054627,1.8189894035458565e-12,True
BASE_E3,permanent,run_dfea4b7ac1475668d5968c97,1736121599999999999,11313.33231265283702890619998,11313.332312652836,-1.8189894035458565e-12,True
BASE_E3,permanent,run_dfea4b7ac1475668d5968c97,1736207999999999999,11315.78655440562986890619998,11315.78655440563,0.0,True
BASE_E3,permanent,run_dfea4b7ac1475668d5968c97,1736294399999999999,11317.72998954560466201359998,11317.729989545604,-1.8189894035458565e-12,True
BASE_E3,permanent,run_dfea4b7ac1475668d5968c97,1736380799999999999,11319.77977737142130980679998,11319.779777371423,1.8189894035458565e-12,True
BASE_E3,permanent,run_dfea4b7ac1475668d5968c97,1736467199999999999,11321.31053937801021574459998,11321.31053937801,0.0,True
BASE_E3,permanent,run_dfea4b7ac1475668d5968c97,1736553599999999999,11322.57835772366415524659998,11322.578357723663,0.0,True
BASE_E3,permanent,run_dfea4b7ac1475668d5968c97,1736639999999999999,11322.82378154601747788479998,11322.823781546018,0.0,True
BASE_E3,permanent,run_dfea4b7ac1475668d5968c97,1736726399999999999,11325.29730264981588416139998,11325.297302649817,0.0,True
BASE_E3,permanent,run_dfea4b7ac1475668d5968c97,1736812799999999999,11325.90389676853953554539998,11325.903896768537,-1.8189894035458565e-12,True
BASE_E3,permanent,run_dfea4b7ac1475668d5968c97,1736899199999999999,11328.05940285721488120779998,11328.059402857214,0.0,True
BASE_E3,permanent,run_dfea4b7ac1475668d5968c97,1736985599999999999,11329.01499002313208120779998,11329.014990023132,0.0,True
BASE_E3,permanent,run_dfea4b7ac1475668d5968c97,1737071999999999999,11329.50859308676797723559998,11329.508593086766,-1.8189894035458565e-12,True
BASE_E3,permanent,run_dfea4b7ac1475668d5968c97,1737158399999999999,11331.08048805093095923559998,11331.08048805093,-1.8189894035458565e-12,True
BASE_E3,permanent,run_dfea4b7ac1475668d5968c97,1737244799999999999,11332.28569632300729923559998,11332.285696323008,0.0,True
BASE_E3,permanent,run_dfea4b7ac1475668d5968c97,1737331199999999999,11334.18148623658168523559998,11334.18148623658,0.0,True
BASE_E3,permanent,run_dfea4b7ac1475668d5968c97,1737417599999999999,11335.09187836067836323559998,11335.09187836068,1.8189894035458565e-12,True
BASE_E3,permanent,run_dfea4b7ac1475668d5968c97,1737503999999999999,11338.80278629042293523559998,11338.802786290424,0.0,True
BASE_E3,permanent,run_dfea4b7ac1475668d5968c97,1737590399999999999,11340.41340853210621523559998,11340.413408532106,0.0,True
BASE_E3,permanent,run_dfea4b7ac1475668d5968c97,1737676799999999999,11341.54830815662221523559998,11341.548308156624,1.8189894035458565e-12,True
BASE_E3,permanent,run_dfea4b7ac1475668d5968c97,1737763199999999999,11345.71707520886267267239998,11345.71707520886,-1.8189894035458565e-12,True
BASE_E3,permanent,run_dfea4b7ac1475668d5968c97,1737849599999999999,11345.52754989228847320319998,11345.52754989229,0.0,True
BASE_E3,permanent,run_dfea4b7ac1475668d5968c97,1737935999999999999,11347.58278182275837332239998,11347.582781822759,0.0,True
BASE_E3,permanent,run_dfea4b7ac1475668d5968c97,1738022399999999999,11348.42496971342876802879998,11348.424969713426,-3.637978807091713e-12,True
BASE_E3,permanent,run_dfea4b7ac1475668d5968c97,1738108799999999999,11350.12017811960655981999998,11350.120178119605,-1.8189894035458565e-12,True
BASE_E3,permanent,run_dfea4b7ac1475668d5968c97,1738195199999999999,11350.43063780288726797759998,11350.430637802887,0.0,True
BASE_E3,permanent,run_dfea4b7ac1475668d5968c97,1738281599999999999,11352.53261470071879997759998,11352.53261470072,1.8189894035458565e-12,True
BASE_E3,permanent,run_dfea4b7ac1475668d5968c97,1738367999999999999,11354.76430069321441270159998,11354.764300693216,1.8189894035458565e-12,True
MARGEN_2X,conditional,run_70383794701c4f0fc157b2ed,1735775999999999999,10697.48160841440859872900000,10697.48160841441,0.0,True
MARGEN_2X,conditional,run_70383794701c4f0fc157b2ed,1735862399999999999,10697.49080946160859872900000,10697.49080946161,0.0,True
MARGEN_2X,conditional,run_70383794701c4f0fc157b2ed,1735948799999999999,10697.49827716080859872900000,10697.49827716081,1.8189894035458565e-12,True
MARGEN_2X,conditional,run_70383794701c4f0fc157b2ed,1736035199999999999,10697.49984686900859872900000,10697.49984686901,1.8189894035458565e-12,True
MARGEN_2X,conditional,run_70383794701c4f0fc157b2ed,1736121599999999999,10697.49953421520859872900000,10697.499534215209,0.0,True
MARGEN_2X,conditional,run_70383794701c4f0fc157b2ed,1736207999999999999,10697.51172915660859872900000,10697.51172915661,0.0,True
MARGEN_2X,conditional,run_70383794701c4f0fc157b2ed,1736294399999999999,10697.48855061700859872900000,10697.488550617009,0.0,True
MARGEN_2X,conditional,run_70383794701c4f0fc157b2ed,1736380799999999999,10697.48193391340859872900000,10697.48193391341,1.8189894035458565e-12,True
MARGEN_2X,conditional,run_70383794701c4f0fc157b2ed,1736467199999999999,10697.47185276180859872900000,10697.47185276181,1.8189894035458565e-12,True
MARGEN_2X,conditional,run_70383794701c4f0fc157b2ed,1736553599999999999,10697.47933458840859872900000,10697.47933458841,1.8189894035458565e-12,True
MARGEN_2X,conditional,run_70383794701c4f0fc157b2ed,1736639999999999999,10697.47940012340859872900000,10697.47940012341,0.0,True
MARGEN_2X,conditional,run_70383794701c4f0fc157b2ed,1736726399999999999,10697.47879586260859872900000,10697.47879586261,0.0,True
MARGEN_2X,conditional,run_70383794701c4f0fc157b2ed,1736812799999999999,10697.47512300080859872900000,10697.47512300081,1.8189894035458565e-12,True
MARGEN_2X,conditional,run_70383794701c4f0fc157b2ed,1736899199999999999,10697.48303380340859872900000,10697.48303380341,1.8189894035458565e-12,True
MARGEN_2X,conditional,run_70383794701c4f0fc157b2ed,1736985599999999999,10697.50028046800859872900000,10697.50028046801,1.8189894035458565e-12,True
MARGEN_2X,conditional,run_70383794701c4f0fc157b2ed,1737071999999999999,10697.49497358320859872900000,10697.494973583209,0.0,True
MARGEN_2X,conditional,run_70383794701c4f0fc157b2ed,1737158399999999999,10697.51075401200859872900000,10697.51075401201,1.8189894035458565e-12,True
MARGEN_2X,conditional,run_70383794701c4f0fc157b2ed,1737244799999999999,10697.50730543640859872900000,10697.50730543641,0.0,True
MARGEN_2X,conditional,run_70383794701c4f0fc157b2ed,1737331199999999999,10697.49546862960859872900000,10697.49546862961,1.8189894035458565e-12,True
MARGEN_2X,conditional,run_70383794701c4f0fc157b2ed,1737417599999999999,10697.50022667640859872900000,10697.50022667641,1.8189894035458565e-12,True
MARGEN_2X,conditional,run_70383794701c4f0fc157b2ed,1737503999999999999,10697.51236954700859872900000,10697.51236954701,1.8189894035458565e-12,True
MARGEN_2X,conditional,run_70383794701c4f0fc157b2ed,1737590399999999999,10697.50315283960859872900000,10697.50315283961,1.8189894035458565e-12,True
MARGEN_2X,conditional,run_70383794701c4f0fc157b2ed,1737676799999999999,10697.50643716620859872900000,10697.50643716621,1.8189894035458565e-12,True
MARGEN_2X,conditional,run_70383794701c4f0fc157b2ed,1737763199999999999,10697.50826878780859872900000,10697.50826878781,0.0,True
MARGEN_2X,conditional,run_70383794701c4f0fc157b2ed,1737849599999999999,10697.50818596080859872900000,10697.508185960809,0.0,True
MARGEN_2X,conditional,run_70383794701c4f0fc157b2ed,1737935999999999999,10697.50031750240859872900000,10697.500317502409,0.0,True
MARGEN_2X,conditional,run_70383794701c4f0fc157b2ed,1738022399999999999,10697.49698254480859872900000,10697.49698254481,1.8189894035458565e-12,True
MARGEN_2X,conditional,run_70383794701c4f0fc157b2ed,1738108799999999999,10697.49223708440859872900000,10697.492237084409,0.0,True
MARGEN_2X,conditional,run_70383794701c4f0fc157b2ed,1738195199999999999,10697.49964123340859872900000,10697.49964123341,0.0,True
MARGEN_2X,conditional,run_70383794701c4f0fc157b2ed,1738281599999999999,10697.50613542200859872900000,10697.506135422009,0.0,True
MARGEN_2X,conditional,run_70383794701c4f0fc157b2ed,1738367999999999999,10697.50133071260859872900000,10697.50133071261,1.8189894035458565e-12,True
MARGEN_2X,permanent,run_3f5d9cce8ff1c2ba5447e3b6,1735775999999999999,11254.06522539544828731459999,11254.065225395449,0.0,True
MARGEN_2X,permanent,run_3f5d9cce8ff1c2ba5447e3b6,1735862399999999999,11256.63162015282303831459999,11256.631620152823,0.0,True
MARGEN_2X,permanent,run_3f5d9cce8ff1c2ba5447e3b6,1735948799999999999,11259.36362206222053461219999,11259.363622062221,0.0,True
MARGEN_2X,permanent,run_3f5d9cce8ff1c2ba5447e3b6,1736035199999999999,11261.47516841365769653819999,11261.475168413657,0.0,True
MARGEN_2X,permanent,run_3f5d9cce8ff1c2ba5447e3b6,1736121599999999999,11263.13104706342775853819999,11263.131047063429,1.8189894035458565e-12,True
MARGEN_2X,permanent,run_3f5d9cce8ff1c2ba5447e3b6,1736207999999999999,11265.58423533591453853819999,11265.584235335915,0.0,True
MARGEN_2X,permanent,run_3f5d9cce8ff1c2ba5447e3b6,1736294399999999999,11267.51519296164846664559999,11267.51519296165,1.8189894035458565e-12,True
MARGEN_2X,permanent,run_3f5d9cce8ff1c2ba5447e3b6,1736380799999999999,11269.55720340155281212979999,11269.557203401553,0.0,True
MARGEN_2X,permanent,run_3f5d9cce8ff1c2ba5447e3b6,1736467199999999999,11270.66294465881438922309999,11270.662944658814,0.0,True
MARGEN_2X,permanent,run_3f5d9cce8ff1c2ba5447e3b6,1736553599999999999,11271.94853829233515254389999,11271.948538292334,-1.8189894035458565e-12,True
MARGEN_2X,permanent,run_3f5d9cce8ff1c2ba5447e3b6,1736639999999999999,11272.20077605779255051009999,11272.200776057793,0.0,True
MARGEN_2X,permanent,run_3f5d9cce8ff1c2ba5447e3b6,1736726399999999999,11274.72260353409533362649999,11274.722603534095,0.0,True
MARGEN_2X,permanent,run_3f5d9cce8ff1c2ba5447e3b6,1736812799999999999,11275.33171870804597393049999,11275.331718708047,0.0,True
MARGEN_2X,permanent,run_3f5d9cce8ff1c2ba5447e3b6,1736899199999999999,11277.56272319476687522009999,11277.562723194767,0.0,True
MARGEN_2X,permanent,run_3f5d9cce8ff1c2ba5447e3b6,1736985599999999999,11278.52606788340907522009999,11278.526067883407,-1.8189894035458565e-12,True
MARGEN_2X,permanent,run_3f5d9cce8ff1c2ba5447e3b6,1737071999999999999,11278.47422087426747882459999,11278.474220874266,-1.8189894035458565e-12,True
MARGEN_2X,permanent,run_3f5d9cce8ff1c2ba5447e3b6,1737158399999999999,11280.02958350737899582459999,11280.029583507381,1.8189894035458565e-12,True
MARGEN_2X,permanent,run_3f5d9cce8ff1c2ba5447e3b6,1737244799999999999,11281.21400131240609582459999,11281.214001312406,0.0,True
MARGEN_2X,permanent,run_3f5d9cce8ff1c2ba5447e3b6,1737331199999999999,11283.08360433921229482459999,11283.08360433921,-1.8189894035458565e-12,True
MARGEN_2X,permanent,run_3f5d9cce8ff1c2ba5447e3b6,1737417599999999999,11283.96453334773097582459999,11283.964533347731,0.0,True
MARGEN_2X,permanent,run_3f5d9cce8ff1c2ba5447e3b6,1737503999999999999,11287.60281711038972782459999,11287.60281711039,0.0,True
MARGEN_2X,permanent,run_3f5d9cce8ff1c2ba5447e3b6,1737590399999999999,11289.18116627512589782459999,11289.181166275128,1.8189894035458565e-12,True
MARGEN_2X,permanent,run_3f5d9cce8ff1c2ba5447e3b6,1737676799999999999,11290.55097050967789782459999,11290.550970509677,0.0,True
MARGEN_2X,permanent,run_3f5d9cce8ff1c2ba5447e3b6,1737763199999999999,11294.75597073179256936879999,11294.755970731792,0.0,True
MARGEN_2X,permanent,run_3f5d9cce8ff1c2ba5447e3b6,1737849599999999999,11294.56069010240807435519999,11294.56069010241,1.8189894035458565e-12,True
MARGEN_2X,permanent,run_3f5d9cce8ff1c2ba5447e3b6,1737935999999999999,11296.64764154364292293239999,11296.647641543641,-1.8189894035458565e-12,True
MARGEN_2X,permanent,run_3f5d9cce8ff1c2ba5447e3b6,1738022399999999999,11297.52020598005092290979999,11297.52020598005,0.0,True
MARGEN_2X,permanent,run_3f5d9cce8ff1c2ba5447e3b6,1738108799999999999,11299.25152964865995526159999,11299.25152964866,0.0,True
MARGEN_2X,permanent,run_3f5d9cce8ff1c2ba5447e3b6,1738195199999999999,11299.57314853888080987509999,11299.57314853888,0.0,True
MARGEN_2X,permanent,run_3f5d9cce8ff1c2ba5447e3b6,1738281599999999999,11301.71233944665356187509999,11301.712339446653,-1.8189894035458565e-12,True
MARGEN_2X,permanent,run_3f5d9cce8ff1c2ba5447e3b6,1738367999999999999,11303.95888187739596613909999,11303.958881877395,0.0,True
BASE_E3,conditional,run_ad71d751b20623006c195ff3,1738454399999999999,10777.76987376418506257210000,10777.769873764184,-1.8189894035458565e-12,True
BASE_E3,conditional,run_ad71d751b20623006c195ff3,1738540799999999999,10777.40692794107538511070000,10777.406927941076,0.0,True
BASE_E3,conditional,run_ad71d751b20623006c195ff3,1738627199999999999,10776.42238080274647012110000,10776.422380802745,-1.8189894035458565e-12,True
BASE_E3,conditional,run_ad71d751b20623006c195ff3,1738713599999999999,10774.66551806084849372910000,10774.665518060849,0.0,True
BASE_E3,conditional,run_ad71d751b20623006c195ff3,1738799999999999999,10776.06496799623649372910000,10776.064967996237,0.0,True
BASE_E3,conditional,run_ad71d751b20623006c195ff3,1738886399999999999,10776.05305689051849372910000,10776.053056890518,0.0,True
BASE_E3,conditional,run_ad71d751b20623006c195ff3,1738972799999999999,10776.41382793289327214610000,10776.413827932894,1.8189894035458565e-12,True
BASE_E3,conditional,run_ad71d751b20623006c195ff3,1739059199999999999,10776.36649651792782779610000,10776.366496517927,-1.8189894035458565e-12,True
BASE_E3,conditional,run_ad71d751b20623006c195ff3,1739145599999999999,10777.14910835944295143610000,10777.149108359443,0.0,True
BASE_E3,conditional,run_ad71d751b20623006c195ff3,1739231999999999999,10776.90599974396960949610000,10776.905999743969,0.0,True
BASE_E3,conditional,run_ad71d751b20623006c195ff3,1739318399999999999,10776.64995441293658364610000,10776.649954412938,1.8189894035458565e-12,True
BASE_E3,conditional,run_ad71d751b20623006c195ff3,1739404799999999999,10777.14626356019411528110000,10777.146263560195,0.0,True
BASE_E3,conditional,run_ad71d751b20623006c195ff3,1739491199999999999,10778.15004537762561542860000,10778.150045377624,-1.8189894035458565e-12,True
BASE_E3,conditional,run_ad71d751b20623006c195ff3,1739577599999999999,10777.82124261555666136360000,10777.821242615559,1.8189894035458565e-12,True
BASE_E3,conditional,run_ad71d751b20623006c195ff3,1739663999999999999,10778.70377797906299895860000,10778.703777979063,0.0,True
BASE_E3,conditional,run_ad71d751b20623006c195ff3,1739750399999999999,10779.15336342036540576110000,10779.153363420366,0.0,True
BASE_E3,conditional,run_ad71d751b20623006c195ff3,1739836799999999999,10779.57268194396260719860000,10779.572681943962,0.0,True
BASE_E3,conditional,run_ad71d751b20623006c195ff3,1739923199999999999,10780.42053780428832918860000,10780.42053780429,1.8189894035458565e-12,True
BASE_E3,conditional,run_ad71d751b20623006c195ff3,1740009599999999999,10780.84325043758633013610000,10780.843250437585,-1.8189894035458565e-12,True
BASE_E3,conditional,run_ad71d751b20623006c195ff3,1740095999999999999,10780.65943236014282223110000,10780.659432360142,0.0,True
BASE_E3,conditional,run_ad71d751b20623006c195ff3,1740182399999999999,10782.68135996509782223110000,10782.681359965098,0.0,True
BASE_E3,conditional,run_ad71d751b20623006c195ff3,1740268799999999999,10781.66003889573736791110000,10781.660038895738,0.0,True
BASE_E3,conditional,run_ad71d751b20623006c195ff3,1740355199999999999,10782.42507461008995741860000,10782.42507461009,0.0,True
BASE_E3,conditional,run_ad71d751b20623006c195ff3,1740441599999999999,10782.51847422655416094980001,10782.518474226552,-1.8189894035458565e-12,True
BASE_E3,conditional,run_ad71d751b20623006c195ff3,1740527999999999999,10782.26867021866790273180001,10782.268670218667,0.0,True
BASE_E3,conditional,run_ad71d751b20623006c195ff3,1740614399999999999,10782.26273181904290273180000,10782.262731819043,0.0,True
BASE_E3,conditional,run_ad71d751b20623006c195ff3,1740700799999999999,10783.15076099761144187460000,10783.15076099761,0.0,True
BASE_E3,conditional,run_ad71d751b20623006c195ff3,1740787199999999999,10783.10855404403430945980000,10783.108554044033,-1.8189894035458565e-12,True
BASE_E3,permanent,run_dfea4b7ac1475668d5968c97,1738454399999999999,11355.26721343230569715599998,11355.267213432306,0.0,True
BASE_E3,permanent,run_dfea4b7ac1475668d5968c97,1738540799999999999,11354.79421487056917053369998,11354.79421487057,0.0,True
BASE_E3,permanent,run_dfea4b7ac1475668d5968c97,1738627199999999999,11356.22664938341218213169998,11356.22664938341,-1.8189894035458565e-12,True
BASE_E3,permanent,run_dfea4b7ac1475668d5968c97,1738713599999999999,11355.14004543771317425889998,11355.140045437713,0.0,True
BASE_E3,permanent,run_dfea4b7ac1475668d5968c97,1738799999999999999,11355.56540919819169183329998,11355.565409198192,0.0,True
BASE_E3,permanent,run_dfea4b7ac1475668d5968c97,1738886399999999999,11354.88806929486141560929998,11354.88806929486,0.0,True
BASE_E3,permanent,run_dfea4b7ac1475668d5968c97,1738972799999999999,11356.23128030113945929339998,11356.23128030114,0.0,True
BASE_E3,permanent,run_dfea4b7ac1475668d5968c97,1739059199999999999,11355.78052904767929791079998,11355.78052904768,1.8189894035458565e-12,True
BASE_E3,permanent,run_dfea4b7ac1475668d5968c97,1739145599999999999,11357.27729214528374339399998,11357.277292145283,0.0,True
BASE_E3,permanent,run_dfea4b7ac1475668d5968c97,1739231999999999999,11358.13351630475118225759998,11358.133516304752,0.0,True
BASE_E3,permanent,run_dfea4b7ac1475668d5968c97,1739318399999999999,11358.25430712099763329959998,11358.254307120997,-1.8189894035458565e-12,True
BASE_E3,permanent,run_dfea4b7ac1475668d5968c97,1739404799999999999,11358.67613903007941475419998,11358.67613903008,0.0,True
BASE_E3,permanent,run_dfea4b7ac1475668d5968c97,1739491199999999999,11359.92172277862741957909998,11359.921722778627,0.0,True
BASE_E3,permanent,run_dfea4b7ac1475668d5968c97,1739577599999999999,11360.70703295363839292729998,11360.70703295364,1.8189894035458565e-12,True
BASE_E3,permanent,run_dfea4b7ac1475668d5968c97,1739663999999999999,11361.58268381353610638769998,11361.582683813536,0.0,True
BASE_E3,permanent,run_dfea4b7ac1475668d5968c97,1739750399999999999,11362.48547290935004625519998,11362.485472909351,1.8189894035458565e-12,True
BASE_E3,permanent,run_dfea4b7ac1475668d5968c97,1739836799999999999,11363.29738182653102786269998,11363.29738182653,0.0,True
BASE_E3,permanent,run_dfea4b7ac1475668d5968c97,1739923199999999999,11365.25675117755007936549998,11365.256751177552,1.8189894035458565e-12,True
BASE_E3,permanent,run_dfea4b7ac1475668d5968c97,1740009599999999999,11366.26765521148798731519998,11366.267655211486,-1.8189894035458565e-12,True
BASE_E3,permanent,run_dfea4b7ac1475668d5968c97,1740095999999999999,11367.17809360331318883459998,11367.178093603314,0.0,True
BASE_E3,permanent,run_dfea4b7ac1475668d5968c97,1740182399999999999,11369.30083900431978883459998,11369.30083900432,0.0,True
BASE_E3,permanent,run_dfea4b7ac1475668d5968c97,1740268799999999999,11368.56798988620668320819998,11368.567989886207,0.0,True
BASE_E3,permanent,run_dfea4b7ac1475668d5968c97,1740355199999999999,11369.33332567977729885429998,11369.333325679778,0.0,True
BASE_E3,permanent,run_dfea4b7ac1475668d5968c97,1740441599999999999,11369.38779977051338132269998,11369.387799770513,0.0,True
BASE_E3,permanent,run_dfea4b7ac1475668d5968c97,1740527999999999999,11370.55872768282935265669998,11370.55872768283,0.0,True
BASE_E3,permanent,run_dfea4b7ac1475668d5968c97,1740614399999999999,11370.56566396512025780469998,11370.565663965119,-1.8189894035458565e-12,True
BASE_E3,permanent,run_dfea4b7ac1475668d5968c97,1740700799999999999,11372.22406366501778667109998,11372.224063665015,-3.637978807091713e-12,True
BASE_E3,permanent,run_dfea4b7ac1475668d5968c97,1740787199999999999,11372.86117847083869386369998,11372.86117847084,0.0,True
MARGEN_2X,conditional,run_70383794701c4f0fc157b2ed,1738454399999999999,10697.49144103080859872900000,10697.49144103081,1.8189894035458565e-12,True
MARGEN_2X,conditional,run_70383794701c4f0fc157b2ed,1738540799999999999,10697.47619021380859872900000,10697.476190213809,0.0,True
MARGEN_2X,conditional,run_70383794701c4f0fc157b2ed,1738627199999999999,10697.48640136860859872900000,10697.48640136861,0.0,True
MARGEN_2X,conditional,run_70383794701c4f0fc157b2ed,1738713599999999999,10697.47277946800859872900000,10697.47277946801,0.0,True
MARGEN_2X,conditional,run_70383794701c4f0fc157b2ed,1738799999999999999,10697.47087388920859872900000,10697.47087388921,1.8189894035458565e-12,True
MARGEN_2X,conditional,run_70383794701c4f0fc157b2ed,1738886399999999999,10697.46804672940859872900000,10697.46804672941,0.0,True
MARGEN_2X,conditional,run_70383794701c4f0fc157b2ed,1738972799999999999,10697.46600269460859872900000,10697.46600269461,0.0,True
MARGEN_2X,conditional,run_70383794701c4f0fc157b2ed,1739059199999999999,10697.46606261180859872900000,10697.46606261181,0.0,True
MARGEN_2X,conditional,run_70383794701c4f0fc157b2ed,1739145599999999999,10697.46608275640859872900000,10697.46608275641,0.0,True
MARGEN_2X,conditional,run_70383794701c4f0fc157b2ed,1739231999999999999,10697.46967769140859872900000,10697.46967769141,1.8189894035458565e-12,True
MARGEN_2X,conditional,run_70383794701c4f0fc157b2ed,1739318399999999999,10697.46341275500859872900000,10697.463412755009,0.0,True
MARGEN_2X,conditional,run_70383794701c4f0fc157b2ed,1739404799999999999,10697.47298448700859872900000,10697.472984487009,0.0,True
MARGEN_2X,conditional,run_70383794701c4f0fc157b2ed,1739491199999999999,10697.46773577800859872900000,10697.46773577801,0.0,True
MARGEN_2X,conditional,run_70383794701c4f0fc157b2ed,1739577599999999999,10697.47166398580859872900000,10697.471663985809,0.0,True
MARGEN_2X,conditional,run_70383794701c4f0fc157b2ed,1739663999999999999,10697.47091768340859872900000,10697.47091768341,0.0,True
MARGEN_2X,conditional,run_70383794701c4f0fc157b2ed,1739750399999999999,10697.46619352320859872900000,10697.466193523209,0.0,True
MARGEN_2X,conditional,run_70383794701c4f0fc157b2ed,1739836799999999999,10697.46741952240859872900000,10697.467419522409,0.0,True
MARGEN_2X,conditional,run_70383794701c4f0fc157b2ed,1739923199999999999,10697.46496132060859872900000,10697.46496132061,0.0,True
MARGEN_2X,conditional,run_70383794701c4f0fc157b2ed,1740009599999999999,10697.46901970880859872900000,10697.46901970881,0.0,True
MARGEN_2X,conditional,run_70383794701c4f0fc157b2ed,1740095999999999999,10697.47416219100859872900000,10697.474162191009,0.0,True
MARGEN_2X,conditional,run_70383794701c4f0fc157b2ed,1740182399999999999,10697.46621967520859872900000,10697.466219675209,0.0,True
MARGEN_2X,conditional,run_70383794701c4f0fc157b2ed,1740268799999999999,10697.47010368440859872900000,10697.470103684409,0.0,True
MARGEN_2X,conditional,run_70383794701c4f0fc157b2ed,1740355199999999999,10697.47090194960859872900000,10697.47090194961,0.0,True
MARGEN_2X,conditional,run_70383794701c4f0fc157b2ed,1740441599999999999,10697.44921458100859872900000,10697.449214581009,0.0,True
MARGEN_2X,conditional,run_70383794701c4f0fc157b2ed,1740527999999999999,10697.44116761060859872900000,10697.44116761061,1.8189894035458565e-12,True
MARGEN_2X,conditional,run_70383794701c4f0fc157b2ed,1740614399999999999,10697.42420260760859872900000,10697.42420260761,1.8189894035458565e-12,True
MARGEN_2X,conditional,run_70383794701c4f0fc157b2ed,1740700799999999999,10697.42503962140859872900000,10697.42503962141,1.8189894035458565e-12,True
MARGEN_2X,conditional,run_70383794701c4f0fc157b2ed,1740787199999999999,10697.42205437200859872900000,10697.42205437201,0.0,True
MARGEN_2X,permanent,run_3f5d9cce8ff1c2ba5447e3b6,1738454399999999999,11304.47101284593779073269999,11304.47101284594,1.8189894035458565e-12,True
MARGEN_2X,permanent,run_3f5d9cce8ff1c2ba5447e3b6,1738540799999999999,11303.99833780162490284389999,11303.998337801626,1.8189894035458565e-12,True
MARGEN_2X,permanent,run_3f5d9cce8ff1c2ba5447e3b6,1738627199999999999,11305.47360804023406977189999,11305.473608040234,0.0,True
MARGEN_2X,permanent,run_3f5d9cce8ff1c2ba5447e3b6,1738713599999999999,11304.41627049753220452709999,11304.416270497532,0.0,True
MARGEN_2X,permanent,run_3f5d9cce8ff1c2ba5447e3b6,1738799999999999999,11304.83789104092776327569999,11304.837891040926,-1.8189894035458565e-12,True
MARGEN_2X,permanent,run_3f5d9cce8ff1c2ba5447e3b6,1738886399999999999,11304.66951024107787216969999,11304.66951024108,1.8189894035458565e-12,True
MARGEN_2X,permanent,run_3f5d9cce8ff1c2ba5447e3b6,1738972799999999999,11305.98284223875337161999999,11305.982842238753,0.0,True
MARGEN_2X,permanent,run_3f5d9cce8ff1c2ba5447e3b6,1739059199999999999,11305.54402365339493969879999,11305.544023653394,0.0,True
MARGEN_2X,permanent,run_3f5d9cce8ff1c2ba5447e3b6,1739145599999999999,11307.01839481201705625919999,11307.018394812016,-1.8189894035458565e-12,True
MARGEN_2X,permanent,run_3f5d9cce8ff1c2ba5447e3b6,1739231999999999999,11307.85291508730188699779999,11307.852915087302,0.0,True
MARGEN_2X,permanent,run_3f5d9cce8ff1c2ba5447e3b6,1739318399999999999,11307.96197039322141023779999,11307.961970393222,0.0,True
MARGEN_2X,permanent,run_3f5d9cce8ff1c2ba5447e3b6,1739404799999999999,11308.38188609745848722139999,11308.381886097459,0.0,True
MARGEN_2X,permanent,run_3f5d9cce8ff1c2ba5447e3b6,1739491199999999999,11309.61598822078908841489999,11309.61598822079,1.8189894035458565e-12,True
MARGEN_2X,permanent,run_3f5d9cce8ff1c2ba5447e3b6,1739577599999999999,11310.37054965407176887749999,11310.370549654073,1.8189894035458565e-12,True
MARGEN_2X,permanent,run_3f5d9cce8ff1c2ba5447e3b6,1739663999999999999,11311.24367740343013039019999,11311.24367740343,0.0,True
MARGEN_2X,permanent,run_3f5d9cce8ff1c2ba5447e3b6,1739750399999999999,11312.13047009053829782949999,11312.130470090538,0.0,True
MARGEN_2X,permanent,run_3f5d9cce8ff1c2ba5447e3b6,1739836799999999999,11312.92976099079405520449999,11312.929760990795,1.8189894035458565e-12,True
MARGEN_2X,permanent,run_3f5d9cce8ff1c2ba5447e3b6,1739923199999999999,11314.85340119489850486489999,11314.853401194896,-1.8189894035458565e-12,True
MARGEN_2X,permanent,run_3f5d9cce8ff1c2ba5447e3b6,1740009599999999999,11315.84687884298468791199999,11315.846878842984,-1.8189894035458565e-12,True
MARGEN_2X,permanent,run_3f5d9cce8ff1c2ba5447e3b6,1740095999999999999,11316.72717237818162626019999,11316.727172378181,0.0,True
MARGEN_2X,permanent,run_3f5d9cce8ff1c2ba5447e3b6,1740182399999999999,11318.83882317135742626019999,11318.838823171358,0.0,True
MARGEN_2X,permanent,run_3f5d9cce8ff1c2ba5447e3b6,1740268799999999999,11318.10138954492281699099999,11318.101389544925,1.8189894035458565e-12,True
MARGEN_2X,permanent,run_3f5d9cce8ff1c2ba5447e3b6,1740355199999999999,11318.86456676728376401909999,11318.864566767284,0.0,True
MARGEN_2X,permanent,run_3f5d9cce8ff1c2ba5447e3b6,1740441599999999999,11318.92101021035355276729999,11318.921010210355,1.8189894035458565e-12,True
MARGEN_2X,permanent,run_3f5d9cce8ff1c2ba5447e3b6,1740527999999999999,11320.04807997647647292679999,11320.048079976477,0.0,True
MARGEN_2X,permanent,run_3f5d9cce8ff1c2ba5447e3b6,1740614399999999999,11319.81477311442360145279999,11319.814773114424,0.0,True
MARGEN_2X,permanent,run_3f5d9cce8ff1c2ba5447e3b6,1740700799999999999,11321.47616171382778180749999,11321.476161713828,0.0,True
MARGEN_2X,permanent,run_3f5d9cce8ff1c2ba5447e3b6,1740787199999999999,11322.09367672020115195229999,11322.0936767202,-1.8189894035458565e-12,True
BASE_E3,conditional,run_ad71d751b20623006c195ff3,1740873599999999999,10783.49280579946627607580000,10783.492805799466,0.0,True
BASE_E3,conditional,run_ad71d751b20623006c195ff3,1740959999999999999,10782.72081899629993124620001,10782.720818996298,-1.8189894035458565e-12,True
BASE_E3,conditional,run_ad71d751b20623006c195ff3,1741046399999999999,10783.37647153549031280540000,10783.376471535492,1.8189894035458565e-12,True
BASE_E3,conditional,run_ad71d751b20623006c195ff3,1741132799999999999,10783.12045052611531280540000,10783.120450526116,0.0,True
BASE_E3,conditional,run_ad71d751b20623006c195ff3,1741219199999999999,10783.86635838485946177660000,10783.86635838486,0.0,True
BASE_E3,conditional,run_ad71d751b20623006c195ff3,1741305599999999999,10783.87417845835499195560000,10783.874178458356,1.8189894035458565e-12,True
BASE_E3,conditional,run_ad71d751b20623006c195ff3,1741391999999999999,10783.89959753136594077060000,10783.899597531366,0.0,True
BASE_E3,conditional,run_ad71d751b20623006c195ff3,1741478399999999999,10784.29588578431381008260000,10784.295885784313,0.0,True
BASE_E3,conditional,run_ad71d751b20623006c195ff3,1741564799999999999,10784.52061011301547870620000,10784.520610113015,0.0,True
BASE_E3,conditional,run_ad71d751b20623006c195ff3,1741651199999999999,10781.28450832226899772170000,10781.284508322267,-1.8189894035458565e-12,True
BASE_E3,conditional,run_ad71d751b20623006c195ff3,1741737599999999999,10782.91936039739032592470000,10782.91936039739,0.0,True
BASE_E3,conditional,run_ad71d751b20623006c195ff3,1741823999999999999,10782.37204709576184268170000,10782.372047095761,0.0,True
BASE_E3,conditional,run_ad71d751b20623006c195ff3,1741910399999999999,10782.74088896687034268170000,10782.74088896687,0.0,True
BASE_E3,conditional,run_ad71d751b20623006c195ff3,1741996799999999999,10783.16166475613070476170000,10783.161664756131,0.0,True
BASE_E3,conditional,run_ad71d751b20623006c195ff3,1742083199999999999,10784.00351711123970476170000,10784.00351711124,0.0,True
BASE_E3,conditional,run_ad71d751b20623006c195ff3,1742169599999999999,10783.39445230898520476170000,10783.394452308985,0.0,True
BASE_E3,conditional,run_ad71d751b20623006c195ff3,1742255999999999999,10783.60634470551039375170000,10783.60634470551,-1.8189894035458565e-12,True
BASE_E3,conditional,run_ad71d751b20623006c195ff3,1742342399999999999,10783.78135283665400882070000,10783.781352836653,0.0,True
BASE_E3,conditional,run_ad71d751b20623006c195ff3,1742428799999999999,10784.84139590498072778150000,10784.84139590498,-1.8189894035458565e-12,True
BASE_E3,conditional,run_ad71d751b20623006c195ff3,1742515199999999999,10784.42059163583901861070000,10784.420591635839,0.0,True
BASE_E3,conditional,run_ad71d751b20623006c195ff3,1742601599999999999,10785.01424084412218575420000,10785.01424084412,-1.8189894035458565e-12,True
BASE_E3,conditional,run_ad71d751b20623006c195ff3,1742687999999999999,10785.20736267554656761850000,10785.207362675546,0.0,True
BASE_E3,conditional,run_ad71d751b20623006c195ff3,1742774399999999999,10785.10012035634998147640000,10785.10012035635,0.0,True
BASE_E3,conditional,run_ad71d751b20623006c195ff3,1742860799999999999,10785.28218728745998147640000,10785.28218728746,0.0,True
BASE_E3,conditional,run_ad71d751b20623006c195ff3,1742947199999999999,10785.62642981793667433890000,10785.626429817936,0.0,True
BASE_E3,conditional,run_ad71d751b20623006c195ff3,1743033599999999999,10785.51296804694378815140000,10785.512968046944,0.0,True
BASE_E3,conditional,run_ad71d751b20623006c195ff3,1743119999999999999,10785.82903805452639479190000,10785.829038054526,0.0,True
BASE_E3,conditional,run_ad71d751b20623006c195ff3,1743206399999999999,10786.09854939532463169040000,10786.098549395323,-1.8189894035458565e-12,True
BASE_E3,conditional,run_ad71d751b20623006c195ff3,1743292799999999999,10786.17132496441171627040000,10786.17132496441,0.0,True
BASE_E3,conditional,run_ad71d751b20623006c195ff3,1743379199999999999,10786.06366539162221627040000,10786.063665391623,0.0,True
BASE_E3,conditional,run_ad71d751b20623006c195ff3,1743465599999999999,10785.52225446084543696080000,10785.522254460844,-1.8189894035458565e-12,True
BASE_E3,permanent,run_dfea4b7ac1475668d5968c97,1740873599999999999,11372.97848377286001733289998,11372.97848377286,0.0,True
BASE_E3,permanent,run_dfea4b7ac1475668d5968c97,1740959999999999999,11371.74075829513452641989999,11371.740758295133,-1.8189894035458565e-12,True
BASE_E3,permanent,run_dfea4b7ac1475668d5968c97,1741046399999999999,11372.86831018371543828309999,11372.868310183714,-1.8189894035458565e-12,True
BASE_E3,permanent,run_dfea4b7ac1475668d5968c97,1741132799999999999,11372.40751496046626718829998,11372.407514960469,1.8189894035458565e-12,True
BASE_E3,permanent,run_dfea4b7ac1475668d5968c97,1741219199999999999,11373.85088153956004880589998,11373.85088153956,0.0,True
BASE_E3,permanent,run_dfea4b7ac1475668d5968c97,1741305599999999999,11374.18447029788277847389998,11374.184470297883,0.0,True
BASE_E3,permanent,run_dfea4b7ac1475668d5968c97,1741391999999999999,11374.64132858819704207909999,11374.641328588195,-1.8189894035458565e-12,True
BASE_E3,permanent,run_dfea4b7ac1475668d5968c97,1741478399999999999,11375.12994809172417228909998,11375.129948091722,-1.8189894035458565e-12,True
BASE_E3,permanent,run_dfea4b7ac1475668d5968c97,1741564799999999999,11375.72402879022094999149999,11375.72402879022,0.0,True
BASE_E3,permanent,run_dfea4b7ac1475668d5968c97,1741651199999999999,11373.27746247758770163839999,11373.277462477588,0.0,True
BASE_E3,permanent,run_dfea4b7ac1475668d5968c97,1741737599999999999,11376.41303086103262569659999,11376.413030861033,0.0,True
BASE_E3,permanent,run_dfea4b7ac1475668d5968c97,1741823999999999999,11375.97552528472522172859999,11375.975525284724,0.0,True
BASE_E3,permanent,run_dfea4b7ac1475668d5968c97,1741910399999999999,11376.51459589830012172859999,11376.5145958983,0.0,True
BASE_E3,permanent,run_dfea4b7ac1475668d5968c97,1741996799999999999,11377.41827458816614323779999,11377.418274588166,0.0,True
BASE_E3,permanent,run_dfea4b7ac1475668d5968c97,1742083199999999999,11378.06083002871946323779999,11378.06083002872,1.8189894035458565e-12,True
BASE_E3,permanent,run_dfea4b7ac1475668d5968c97,1742169599999999999,11377.07407453173416323779999,11377.074074531734,0.0,True
BASE_E3,permanent,run_dfea4b7ac1475668d5968c97,1742255999999999999,11378.37065100882136793419999,11378.370651008821,0.0,True
BASE_E3,permanent,run_dfea4b7ac1475668d5968c97,1742342399999999999,11378.76214713405492123079999,11378.762147134055,0.0,True
BASE_E3,permanent,run_dfea4b7ac1475668d5968c97,1742428799999999999,11379.52085847357932684119999,11379.52085847358,0.0,True
BASE_E3,permanent,run_dfea4b7ac1475668d5968c97,1742515199999999999,11379.64271862287217544879999,11379.642718622872,0.0,True
BASE_E3,permanent,run_dfea4b7ac1475668d5968c97,1742601599999999999,11380.29582821079737994989999,11380.2958282108,1.8189894035458565e-12,True
BASE_E3,permanent,run_dfea4b7ac1475668d5968c97,1742687999999999999,11380.47897264409020101579999,11380.478972644092,1.8189894035458565e-12,True
BASE_E3,permanent,run_dfea4b7ac1475668d5968c97,1742774399999999999,11379.66581941195143505369999,11379.66581941195,-1.8189894035458565e-12,True
BASE_E3,permanent,run_dfea4b7ac1475668d5968c97,1742860799999999999,11381.30421865059816455489999,11381.304218650597,-1.8189894035458565e-12,True
BASE_E3,permanent,run_dfea4b7ac1475668d5968c97,1742947199999999999,11381.11303956917471270219999,11381.113039569174,0.0,True
BASE_E3,permanent,run_dfea4b7ac1475668d5968c97,1743033599999999999,11381.52905203060930581749999,11381.529052030608,-1.8189894035458565e-12,True
BASE_E3,permanent,run_dfea4b7ac1475668d5968c97,1743119999999999999,11381.83149308145774932359999,11381.831493081458,0.0,True
BASE_E3,permanent,run_dfea4b7ac1475668d5968c97,1743206399999999999,11382.47327503341123011549999,11382.473275033411,0.0,True
BASE_E3,permanent,run_dfea4b7ac1475668d5968c97,1743292799999999999,11382.71827070784042919589999,11382.718270707841,0.0,True
BASE_E3,permanent,run_dfea4b7ac1475668d5968c97,1743379199999999999,11382.58183968589251606689999,11382.581839685892,0.0,True
BASE_E3,permanent,run_dfea4b7ac1475668d5968c97,1743465599999999999,11382.77072814769310310609999,11382.770728147694,1.8189894035458565e-12,True
MARGEN_2X,conditional,run_70383794701c4f0fc157b2ed,1740873599999999999,10697.42603630640859872900000,10697.42603630641,1.8189894035458565e-12,True
MARGEN_2X,conditional,run_70383794701c4f0fc157b2ed,1740959999999999999,10697.45687726620859872900000,10697.45687726621,1.8189894035458565e-12,True
MARGEN_2X,conditional,run_70383794701c4f0fc157b2ed,1741046399999999999,10697.42423089800859872900000,10697.42423089801,1.8189894035458565e-12,True
MARGEN_2X,conditional,run_70383794701c4f0fc157b2ed,1741132799999999999,10697.42790139040859872900000,10697.427901390409,0.0,True
MARGEN_2X,conditional,run_70383794701c4f0fc157b2ed,1741219199999999999,10697.43916198240859872900000,10697.43916198241,0.0,True
MARGEN_2X,conditional,run_70383794701c4f0fc157b2ed,1741305599999999999,10697.43612323560859872900000,10697.43612323561,1.8189894035458565e-12,True
MARGEN_2X,conditional,run_70383794701c4f0fc157b2ed,1741391999999999999,10697.42580095520859872900000,10697.425800955209,0.0,True
MARGEN_2X,conditional,run_70383794701c4f0fc157b2ed,1741478399999999999,10697.42585245080859872900000,10697.42585245081,1.8189894035458565e-12,True
MARGEN_2X,conditional,run_70383794701c4f0fc157b2ed,1741564799999999999,10697.40532959940859872900000,10697.405329599409,0.0,True
MARGEN_2X,conditional,run_70383794701c4f0fc157b2ed,1741651199999999999,10697.39523008640859872900000,10697.39523008641,0.0,True
MARGEN_2X,conditional,run_70383794701c4f0fc157b2ed,1741737599999999999,10697.40885939900859872900000,10697.408859399009,0.0,True
MARGEN_2X,conditional,run_70383794701c4f0fc157b2ed,1741823999999999999,10697.41074981020859872900000,10697.41074981021,0.0,True
MARGEN_2X,conditional,run_70383794701c4f0fc157b2ed,1741910399999999999,10697.40235913700859872900000,10697.40235913701,1.8189894035458565e-12,True
MARGEN_2X,conditional,run_70383794701c4f0fc157b2ed,1741996799999999999,10697.41152079660859872900000,10697.41152079661,1.8189894035458565e-12,True
MARGEN_2X,conditional,run_70383794701c4f0fc157b2ed,1742083199999999999,10697.41333873660859872900000,10697.41333873661,0.0,True
MARGEN_2X,conditional,run_70383794701c4f0fc157b2ed,1742169599999999999,10697.40703251420859872900000,10697.40703251421,0.0,True
MARGEN_2X,conditional,run_70383794701c4f0fc157b2ed,1742255999999999999,10697.41226390120859872900000,10697.41226390121,0.0,True
MARGEN_2X,conditional,run_70383794701c4f0fc157b2ed,1742342399999999999,10697.40881905060859872900000,10697.40881905061,1.8189894035458565e-12,True
MARGEN_2X,conditional,run_70383794701c4f0fc157b2ed,1742428799999999999,10697.42362011140859872900000,10697.423620111409,0.0,True
MARGEN_2X,conditional,run_70383794701c4f0fc157b2ed,1742515199999999999,10697.41419239100859872900000,10697.41419239101,1.8189894035458565e-12,True
MARGEN_2X,conditional,run_70383794701c4f0fc157b2ed,1742601599999999999,10697.41343817220859872900000,10697.413438172209,0.0,True
MARGEN_2X,conditional,run_70383794701c4f0fc157b2ed,1742687999999999999,10697.41319678820859872900000,10697.41319678821,0.0,True
MARGEN_2X,conditional,run_70383794701c4f0fc157b2ed,1742774399999999999,10697.41996662760859872900000,10697.419966627609,0.0,True
MARGEN_2X,conditional,run_70383794701c4f0fc157b2ed,1742860799999999999,10697.42602755060859872900000,10697.42602755061,0.0,True
MARGEN_2X,conditional,run_70383794701c4f0fc157b2ed,1742947199999999999,10697.42545973000859872900000,10697.42545973001,1.8189894035458565e-12,True
MARGEN_2X,conditional,run_70383794701c4f0fc157b2ed,1743033599999999999,10697.42234584320859872900000,10697.42234584321,1.8189894035458565e-12,True
MARGEN_2X,conditional,run_70383794701c4f0fc157b2ed,1743119999999999999,10697.42310366040859872900000,10697.423103660409,0.0,True
MARGEN_2X,conditional,run_70383794701c4f0fc157b2ed,1743206399999999999,10697.41232143300859872900000,10697.41232143301,1.8189894035458565e-12,True
MARGEN_2X,conditional,run_70383794701c4f0fc157b2ed,1743292799999999999,10697.40554352300859872900000,10697.40554352301,0.0,True
MARGEN_2X,conditional,run_70383794701c4f0fc157b2ed,1743379199999999999,10697.40419668140859872900000,10697.40419668141,0.0,True
MARGEN_2X,conditional,run_70383794701c4f0fc157b2ed,1743465599999999999,10697.40531677360859872900000,10697.40531677361,0.0,True
MARGEN_2X,permanent,run_3f5d9cce8ff1c2ba5447e3b6,1740873599999999999,11322.23101310110714724569999,11322.231013101107,0.0,True
MARGEN_2X,permanent,run_3f5d9cce8ff1c2ba5447e3b6,1740959999999999999,11320.98279072635803356939999,11320.982790726357,-1.8189894035458565e-12,True
MARGEN_2X,permanent,run_3f5d9cce8ff1c2ba5447e3b6,1741046399999999999,11322.14164346828200401839999,11322.141643468283,1.8189894035458565e-12,True
MARGEN_2X,permanent,run_3f5d9cce8ff1c2ba5447e3b6,1741132799999999999,11321.68147658799383795579999,11321.681476587994,0.0,True
MARGEN_2X,permanent,run_3f5d9cce8ff1c2ba5447e3b6,1741219199999999999,11323.12040641930243589659999,11323.120406419303,0.0,True
MARGEN_2X,permanent,run_3f5d9cce8ff1c2ba5447e3b6,1741305599999999999,11323.44524011621889823209999,11323.44524011622,0.0,True
MARGEN_2X,permanent,run_3f5d9cce8ff1c2ba5447e3b6,1741391999999999999,11323.88963271487051702699999,11323.88963271487,0.0,True
MARGEN_2X,permanent,run_3f5d9cce8ff1c2ba5447e3b6,1741478399999999999,11324.38188866393083126799999,11324.381888663931,0.0,True
MARGEN_2X,permanent,run_3f5d9cce8ff1c2ba5447e3b6,1741564799999999999,11324.97152288199474744059999,11324.971522881995,0.0,True
MARGEN_2X,permanent,run_3f5d9cce8ff1c2ba5447e3b6,1741651199999999999,11322.53986890387106571059999,11322.539868903872,1.8189894035458565e-12,True
MARGEN_2X,permanent,run_3f5d9cce8ff1c2ba5447e3b6,1741737599999999999,11325.65185700890899814119999,11325.651857008908,0.0,True
MARGEN_2X,permanent,run_3f5d9cce8ff1c2ba5447e3b6,1741823999999999999,11325.20563111215099998449999,11325.20563111215,0.0,True
MARGEN_2X,permanent,run_3f5d9cce8ff1c2ba5447e3b6,1741910399999999999,11325.74333225644269998449999,11325.743332256445,1.8189894035458565e-12,True
MARGEN_2X,permanent,run_3f5d9cce8ff1c2ba5447e3b6,1741996799999999999,11326.63854886587564611189999,11326.638548865876,0.0,True
MARGEN_2X,permanent,run_3f5d9cce8ff1c2ba5447e3b6,1742083199999999999,11327.29630585903208611189999,11327.296305859032,0.0,True
MARGEN_2X,permanent,run_3f5d9cce8ff1c2ba5447e3b6,1742169599999999999,11326.31361809089018611189999,11326.31361809089,0.0,True
MARGEN_2X,permanent,run_3f5d9cce8ff1c2ba5447e3b6,1742255999999999999,11327.59218187041237004469999,11327.592181870412,0.0,True
MARGEN_2X,permanent,run_3f5d9cce8ff1c2ba5447e3b6,1742342399999999999,11327.97772127424290001589999,11327.977721274241,-1.8189894035458565e-12,True
MARGEN_2X,permanent,run_3f5d9cce8ff1c2ba5447e3b6,1742428799999999999,11328.75451238169261495909999,11328.754512381694,1.8189894035458565e-12,True
MARGEN_2X,permanent,run_3f5d9cce8ff1c2ba5447e3b6,1742515199999999999,11328.85663349152201855189999,11328.856633491523,1.8189894035458565e-12,True
MARGEN_2X,permanent,run_3f5d9cce8ff1c2ba5447e3b6,1742601599999999999,11329.51363643862685636559999,11329.513636438625,-1.8189894035458565e-12,True
MARGEN_2X,permanent,run_3f5d9cce8ff1c2ba5447e3b6,1742687999999999999,11329.69822709433453770529999,11329.698227094335,0.0,True
MARGEN_2X,permanent,run_3f5d9cce8ff1c2ba5447e3b6,1742774399999999999,11328.90586758521467935179999,11328.905867585214,0.0,True
MARGEN_2X,permanent,run_3f5d9cce8ff1c2ba5447e3b6,1742860799999999999,11330.52213551534362269119999,11330.522135515344,0.0,True
MARGEN_2X,permanent,run_3f5d9cce8ff1c2ba5447e3b6,1742947199999999999,11330.35085624409223730629999,11330.350856244093,0.0,True
MARGEN_2X,permanent,run_3f5d9cce8ff1c2ba5447e3b6,1743033599999999999,11330.75114670556628725239999,11330.751146705566,0.0,True
MARGEN_2X,permanent,run_3f5d9cce8ff1c2ba5447e3b6,1743119999999999999,11331.05791841569229092469999,11331.057918415692,0.0,True
MARGEN_2X,permanent,run_3f5d9cce8ff1c2ba5447e3b6,1743206399999999999,11331.69249183219960712169999,11331.692491832198,-1.8189894035458565e-12,True
MARGEN_2X,permanent,run_3f5d9cce8ff1c2ba5447e3b6,1743292799999999999,11331.93376933507915733749999,11331.93376933508,1.8189894035458565e-12,True
MARGEN_2X,permanent,run_3f5d9cce8ff1c2ba5447e3b6,1743379199999999999,11331.79733210914215047699999,11331.797332109143,1.8189894035458565e-12,True
MARGEN_2X,permanent,run_3f5d9cce8ff1c2ba5447e3b6,1743465599999999999,11331.97630870902789929059999,11331.976308709029,0.0,True
BASE_E3,conditional,run_ad71d751b20623006c195ff3,1743551999999999999,10785.72228946438613563510000,10785.722289464387,1.8189894035458565e-12,True
BASE_E3,conditional,run_ad71d751b20623006c195ff3,1743638399999999999,10786.14519579497518473960000,10786.145195794976,0.0,True
BASE_E3,conditional,run_ad71d751b20623006c195ff3,1743724799999999999,10786.47618414598403300430000,10786.476184145984,0.0,True
BASE_E3,conditional,run_ad71d751b20623006c195ff3,1743811199999999999,10786.77405110603493300430000,10786.774051106035,0.0,True
BASE_E3,conditional,run_ad71d751b20623006c195ff3,1743897599999999999,10787.01389189974198047190000,10787.013891899744,1.8189894035458565e-12,True
BASE_E3,conditional,run_ad71d751b20623006c195ff3,1743983999999999999,10787.06678146467321168590000,10787.066781464673,0.0,True
BASE_E3,conditional,run_ad71d751b20623006c195ff3,1744070399999999999,10785.39165059979682655560000,10785.391650599797,0.0,True
BASE_E3,conditional,run_ad71d751b20623006c195ff3,1744156799999999999,10786.03224964416812655560000,10786.032249644168,0.0,True
BASE_E3,conditional,run_ad71d751b20623006c195ff3,1744243199999999999,10786.34349486075032655560000,10786.34349486075,0.0,True
BASE_E3,conditional,run_ad71d751b20623006c195ff3,1744329599999999999,10785.96598412708512655560000,10785.965984127084,-1.8189894035458565e-12,True
BASE_E3,conditional,run_ad71d751b20623006c195ff3,1744415999999999999,10786.07399518573193654100000,10786.073995185732,0.0,True
BASE_E3,conditional,run_ad71d751b20623006c195ff3,1744502399999999999,10785.89621986277232574740000,10785.896219862772,0.0,True
BASE_E3,conditional,run_ad71d751b20623006c195ff3,1744588799999999999,10786.49601058215053567530000,10786.49601058215,0.0,True
BASE_E3,conditional,run_ad71d751b20623006c195ff3,1744675199999999999,10787.38940396822140116790000,10787.38940396822,-1.8189894035458565e-12,True
BASE_E3,conditional,run_ad71d751b20623006c195ff3,1744761599999999999,10787.26091410984343367430000,10787.260914109844,0.0,True
BASE_E3,conditional,run_ad71d751b20623006c195ff3,1744847999999999999,10787.36976861835990454010000,10787.36976861836,0.0,True
BASE_E3,conditional,run_ad71d751b20623006c195ff3,1744934399999999999,10787.57184015226687946950000,10787.571840152266,0.0,True
BASE_E3,conditional,run_ad71d751b20623006c195ff3,1745020799999999999,10787.56974857381334628760000,10787.569748573813,0.0,True
BASE_E3,conditional,run_ad71d751b20623006c195ff3,1745107199999999999,10787.94214232169480760150000,10787.942142321695,0.0,True
BASE_E3,conditional,run_ad71d751b20623006c195ff3,1745193599999999999,10788.32552021261477043990000,10788.325520212617,1.8189894035458565e-12,True
BASE_E3,conditional,run_ad71d751b20623006c195ff3,1745279999999999999,10789.20061393600400947510000,10789.200613936002,-1.8189894035458565e-12,True
BASE_E3,conditional,run_ad71d751b20623006c195ff3,1745366399999999999,10788.60097892818464375930000,10788.600978928183,-1.8189894035458565e-12,True
BASE_E3,conditional,run_ad71d751b20623006c195ff3,1745452799999999999,10790.07496147317034803610000,10790.074961473172,1.8189894035458565e-12,True
BASE_E3,conditional,run_ad71d751b20623006c195ff3,1745539199999999999,10791.03337294962244803610000,10791.033372949623,0.0,True
BASE_E3,conditional,run_ad71d751b20623006c195ff3,1745625599999999999,10791.68468956901464502760000,10791.684689569014,0.0,True
BASE_E3,conditional,run_ad71d751b20623006c195ff3,1745711999999999999,10791.26657902547284502760000,10791.266579025472,0.0,True
BASE_E3,conditional,run_ad71d751b20623006c195ff3,1745798399999999999,10790.95347329028804502760000,10790.953473290288,0.0,True
BASE_E3,conditional,run_ad71d751b20623006c195ff3,1745884799999999999,10785.86548823576593690000000,10785.865488235764,-1.8189894035458565e-12,True
BASE_E3,conditional,run_ad71d751b20623006c195ff3,1745971199999999999,10785.86018837256593690000000,10785.860188372564,-1.8189894035458565e-12,True
BASE_E3,conditional,run_ad71d751b20623006c195ff3,1746057599999999999,10785.85943445036593690000000,10785.859434450365,0.0,True
BASE_E3,permanent,run_dfea4b7ac1475668d5968c97,1743551999999999999,11383.39859581209192524099999,11383.39859581209,-1.8189894035458565e-12,True
BASE_E3,permanent,run_dfea4b7ac1475668d5968c97,1743638399999999999,11383.60448885786426967109999,11383.604488857862,-1.8189894035458565e-12,True
BASE_E3,permanent,run_dfea4b7ac1475668d5968c97,1743724799999999999,11384.52326641637080504419999,11384.52326641637,0.0,True
BASE_E3,permanent,run_dfea4b7ac1475668d5968c97,1743811199999999999,11385.09171219970450504419999,11385.091712199704,0.0,True
BASE_E3,permanent,run_dfea4b7ac1475668d5968c97,1743897599999999999,11385.70570388995033015019999,11385.705703889951,0.0,True
BASE_E3,permanent,run_dfea4b7ac1475668d5968c97,1743983999999999999,11386.13790500489838090279999,11386.137905004898,0.0,True
BASE_E3,permanent,run_dfea4b7ac1475668d5968c97,1744070399999999999,11385.02567682133464014709999,11385.025676821335,0.0,True
BASE_E3,permanent,run_dfea4b7ac1475668d5968c97,1744156799999999999,11386.46396650004592769509999,11386.463966500047,0.0,True
BASE_E3,permanent,run_dfea4b7ac1475668d5968c97,1744243199999999999,11386.72015038202315911269999,11386.720150382022,-1.8189894035458565e-12,True
BASE_E3,permanent,run_dfea4b7ac1475668d5968c97,1744329599999999999,11387.36157080971675911269999,11387.361570809715,-1.8189894035458565e-12,True
BASE_E3,permanent,run_dfea4b7ac1475668d5968c97,1744415999999999999,11387.49455949230749375749999,11387.494559492308,0.0,True
BASE_E3,permanent,run_dfea4b7ac1475668d5968c97,1744502399999999999,11387.59302887054446140229999,11387.593028870544,0.0,True
BASE_E3,permanent,run_dfea4b7ac1475668d5968c97,1744588799999999999,11388.79363191979662654219999,11388.793631919796,0.0,True
BASE_E3,permanent,run_dfea4b7ac1475668d5968c97,1744675199999999999,11390.06816035208985529659999,11390.06816035209,0.0,True
BASE_E3,permanent,run_dfea4b7ac1475668d5968c97,1744761599999999999,11389.74901024264350547859999,11389.749010242644,0.0,True
BASE_E3,permanent,run_dfea4b7ac1475668d5968c97,1744847999999999999,11390.18547392832478170499999,11390.185473928324,0.0,True
BASE_E3,permanent,run_dfea4b7ac1475668d5968c97,1744934399999999999,11390.55012542193408614799999,11390.550125421934,0.0,True
BASE_E3,permanent,run_dfea4b7ac1475668d5968c97,1745020799999999999,11391.36027508968261032509999,11391.360275089683,0.0,True
BASE_E3,permanent,run_dfea4b7ac1475668d5968c97,1745107199999999999,11391.37979354122125839839999,11391.379793541219,-1.8189894035458565e-12,True
BASE_E3,permanent,run_dfea4b7ac1475668d5968c97,1745193599999999999,11391.64976919842679740879999,11391.649769198428,1.8189894035458565e-12,True
BASE_E3,permanent,run_dfea4b7ac1475668d5968c97,1745279999999999999,11392.89323570308851600199999,11392.893235703088,0.0,True
BASE_E3,permanent,run_dfea4b7ac1475668d5968c97,1745366399999999999,11391.74512043125504526699999,11391.745120431255,0.0,True
BASE_E3,permanent,run_dfea4b7ac1475668d5968c97,1745452799999999999,11393.51102043010015793799999,11393.5110204301,0.0,True
BASE_E3,permanent,run_dfea4b7ac1475668d5968c97,1745539199999999999,11394.40186661006651494479999,11394.401866610064,-3.637978807091713e-12,True
BASE_E3,permanent,run_dfea4b7ac1475668d5968c97,1745625599999999999,11394.74265710417948824929999,11394.742657104178,-1.8189894035458565e-12,True
BASE_E3,permanent,run_dfea4b7ac1475668d5968c97,1745711999999999999,11393.96035423704406041609999,11393.960354237042,-1.8189894035458565e-12,True
BASE_E3,permanent,run_dfea4b7ac1475668d5968c97,1745798399999999999,11393.86297173191846041609999,11393.862971731918,0.0,True
BASE_E3,permanent,run_dfea4b7ac1475668d5968c97,1745884799999999999,11393.21124191981440472289999,11393.211241919815,0.0,True
BASE_E3,permanent,run_dfea4b7ac1475668d5968c97,1745971199999999999,11394.35487789050758192989999,11394.354877890506,-1.8189894035458565e-12,True
BASE_E3,permanent,run_dfea4b7ac1475668d5968c97,1746057599999999999,11392.90267146686750219379999,11392.902671466867,0.0,True
MARGEN_2X,conditional,run_70383794701c4f0fc157b2ed,1743551999999999999,10697.41469604080859872900000,10697.414696040809,0.0,True
MARGEN_2X,conditional,run_70383794701c4f0fc157b2ed,1743638399999999999,10697.40428638160859872900000,10697.40428638161,1.8189894035458565e-12,True
MARGEN_2X,conditional,run_70383794701c4f0fc157b2ed,1743724799999999999,10697.40664497800859872900000,10697.40664497801,0.0,True
MARGEN_2X,conditional,run_70383794701c4f0fc157b2ed,1743811199999999999,10697.40865604440859872900000,10697.40865604441,1.8189894035458565e-12,True
MARGEN_2X,conditional,run_70383794701c4f0fc157b2ed,1743897599999999999,10697.40747578440859872900000,10697.40747578441,1.8189894035458565e-12,True
MARGEN_2X,conditional,run_70383794701c4f0fc157b2ed,1743983999999999999,10697.38665847080859872900000,10697.38665847081,1.8189894035458565e-12,True
MARGEN_2X,conditional,run_70383794701c4f0fc157b2ed,1744070399999999999,10697.38860272340859872900000,10697.38860272341,0.0,True
MARGEN_2X,conditional,run_70383794701c4f0fc157b2ed,1744156799999999999,10697.37840796760859872900000,10697.37840796761,1.8189894035458565e-12,True
MARGEN_2X,conditional,run_70383794701c4f0fc157b2ed,1744243199999999999,10697.40104175360859872900000,10697.40104175361,1.8189894035458565e-12,True
MARGEN_2X,conditional,run_70383794701c4f0fc157b2ed,1744329599999999999,10697.38891458440859872900000,10697.38891458441,1.8189894035458565e-12,True
MARGEN_2X,conditional,run_70383794701c4f0fc157b2ed,1744415999999999999,10697.40048502620859872900000,10697.40048502621,1.8189894035458565e-12,True
MARGEN_2X,conditional,run_70383794701c4f0fc157b2ed,1744502399999999999,10697.40771636060859872900000,10697.407716360609,0.0,True
MARGEN_2X,conditional,run_70383794701c4f0fc157b2ed,1744588799999999999,10697.40205971700859872900000,10697.40205971701,0.0,True
MARGEN_2X,conditional,run_70383794701c4f0fc157b2ed,1744675199999999999,10697.40516579600859872900000,10697.40516579601,1.8189894035458565e-12,True
MARGEN_2X,conditional,run_70383794701c4f0fc157b2ed,1744761599999999999,10697.40171117900859872900000,10697.401711179009,0.0,True
MARGEN_2X,conditional,run_70383794701c4f0fc157b2ed,1744847999999999999,10697.40240384320859872900000,10697.402403843209,0.0,True
MARGEN_2X,conditional,run_70383794701c4f0fc157b2ed,1744934399999999999,10697.40489136480859872900000,10697.40489136481,0.0,True
MARGEN_2X,conditional,run_70383794701c4f0fc157b2ed,1745020799999999999,10697.40394443200859872900000,10697.40394443201,1.8189894035458565e-12,True
MARGEN_2X,conditional,run_70383794701c4f0fc157b2ed,1745107199999999999,10697.40619358880859872900000,10697.40619358881,0.0,True
MARGEN_2X,conditional,run_70383794701c4f0fc157b2ed,1745193599999999999,10697.40579960800859872900000,10697.40579960801,1.8189894035458565e-12,True
MARGEN_2X,conditional,run_70383794701c4f0fc157b2ed,1745279999999999999,10697.41198878460859872900000,10697.41198878461,1.8189894035458565e-12,True
MARGEN_2X,conditional,run_70383794701c4f0fc157b2ed,1745366399999999999,10697.43303091300859872900000,10697.43303091301,0.0,True
MARGEN_2X,conditional,run_70383794701c4f0fc157b2ed,1745452799999999999,10697.43495983960859872900000,10697.43495983961,0.0,True
MARGEN_2X,conditional,run_70383794701c4f0fc157b2ed,1745539199999999999,10697.43489107140859872900000,10697.434891071409,0.0,True
MARGEN_2X,conditional,run_70383794701c4f0fc157b2ed,1745625599999999999,10697.43732704540859872900000,10697.437327045409,0.0,True
MARGEN_2X,conditional,run_70383794701c4f0fc157b2ed,1745711999999999999,10697.43818269080859872900000,10697.43818269081,1.8189894035458565e-12,True
MARGEN_2X,conditional,run_70383794701c4f0fc157b2ed,1745798399999999999,10697.43495667400859872900000,10697.43495667401,0.0,True
MARGEN_2X,conditional,run_70383794701c4f0fc157b2ed,1745884799999999999,10697.43851272160859872900000,10697.43851272161,1.8189894035458565e-12,True
MARGEN_2X,conditional,run_70383794701c4f0fc157b2ed,1745971199999999999,10697.43663959840859872900000,10697.436639598409,0.0,True
MARGEN_2X,conditional,run_70383794701c4f0fc157b2ed,1746057599999999999,10697.43629615920859872900000,10697.436296159209,0.0,True
MARGEN_2X,permanent,run_3f5d9cce8ff1c2ba5447e3b6,1743551999999999999,11332.59278998821328899379999,11332.592789988214,0.0,True
MARGEN_2X,permanent,run_3f5d9cce8ff1c2ba5447e3b6,1743638399999999999,11332.80904444618094237849999,11332.809044446181,0.0,True
MARGEN_2X,permanent,run_3f5d9cce8ff1c2ba5447e3b6,1743724799999999999,11333.71280297725468142079999,11333.712802977254,0.0,True
MARGEN_2X,permanent,run_3f5d9cce8ff1c2ba5447e3b6,1743811199999999999,11334.27597491889878142079999,11334.275974918899,0.0,True
MARGEN_2X,permanent,run_3f5d9cce8ff1c2ba5447e3b6,1743897599999999999,11334.88070379835295746359999,11334.880703798353,0.0,True
MARGEN_2X,permanent,run_3f5d9cce8ff1c2ba5447e3b6,1743983999999999999,11335.30426402415873956929999,11335.304264024157,-1.8189894035458565e-12,True
MARGEN_2X,permanent,run_3f5d9cce8ff1c2ba5447e3b6,1744070399999999999,11334.19394023926428833679999,11334.193940239264,0.0,True
MARGEN_2X,permanent,run_3f5d9cce8ff1c2ba5447e3b6,1744156799999999999,11335.61010800725200566279999,11335.610108007251,0.0,True
MARGEN_2X,permanent,run_3f5d9cce8ff1c2ba5447e3b6,1744243199999999999,11335.86884102699963027399999,11335.868841027,1.8189894035458565e-12,True
MARGEN_2X,permanent,run_3f5d9cce8ff1c2ba5447e3b6,1744329599999999999,11336.48060980117343027399999,11336.480609801174,0.0,True
MARGEN_2X,permanent,run_3f5d9cce8ff1c2ba5447e3b6,1744415999999999999,11336.61501697188581293289999,11336.615016971886,0.0,True
MARGEN_2X,permanent,run_3f5d9cce8ff1c2ba5447e3b6,1744502399999999999,11336.70451149384986409129999,11336.70451149385,0.0,True
MARGEN_2X,permanent,run_3f5d9cce8ff1c2ba5447e3b6,1744588799999999999,11337.88887912892926471389999,11337.888879128928,-1.8189894035458565e-12,True
MARGEN_2X,permanent,run_3f5d9cce8ff1c2ba5447e3b6,1744675199999999999,11339.15452055405950853639999,11339.154520554059,0.0,True
MARGEN_2X,permanent,run_3f5d9cce8ff1c2ba5447e3b6,1744761599999999999,11338.84076612633050056619999,11338.84076612633,0.0,True
MARGEN_2X,permanent,run_3f5d9cce8ff1c2ba5447e3b6,1744847999999999999,11339.26842081165911617809999,11339.26842081166,1.8189894035458565e-12,True
MARGEN_2X,permanent,run_3f5d9cce8ff1c2ba5447e3b6,1744934399999999999,11339.62938700361435362089999,11339.629387003615,0.0,True
MARGEN_2X,permanent,run_3f5d9cce8ff1c2ba5447e3b6,1745020799999999999,11340.41515503209540235179999,11340.415155032095,0.0,True
MARGEN_2X,permanent,run_3f5d9cce8ff1c2ba5447e3b6,1745107199999999999,11340.44587707272991532969999,11340.445877072732,1.8189894035458565e-12,True
MARGEN_2X,permanent,run_3f5d9cce8ff1c2ba5447e3b6,1745193599999999999,11340.72088676640451252929999,11340.720886766405,0.0,True
MARGEN_2X,permanent,run_3f5d9cce8ff1c2ba5447e3b6,1745279999999999999,11341.95777648124845593709999,11341.957776481247,-1.8189894035458565e-12,True
MARGEN_2X,permanent,run_3f5d9cce8ff1c2ba5447e3b6,1745366399999999999,11340.82459030084267810949999,11340.824590300843,0.0,True
MARGEN_2X,permanent,run_3f5d9cce8ff1c2ba5447e3b6,1745452799999999999,11342.58494389370428989859999,11342.584943893704,0.0,True
MARGEN_2X,permanent,run_3f5d9cce8ff1c2ba5447e3b6,1745539199999999999,11343.48104981615658640519999,11343.481049816157,0.0,True
MARGEN_2X,permanent,run_3f5d9cce8ff1c2ba5447e3b6,1745625599999999999,11343.83280978598594848469999,11343.832809785985,-1.8189894035458565e-12,True
MARGEN_2X,permanent,run_3f5d9cce8ff1c2ba5447e3b6,1745711999999999999,11343.05926281081387441129999,11343.059262810813,0.0,True
MARGEN_2X,permanent,run_3f5d9cce8ff1c2ba5447e3b6,1745798399999999999,11342.95475031438107441129999,11342.954750314382,1.8189894035458565e-12,True
MARGEN_2X,permanent,run_3f5d9cce8ff1c2ba5447e3b6,1745884799999999999,11342.30989883429574511569999,11342.309898834295,0.0,True
MARGEN_2X,permanent,run_3f5d9cce8ff1c2ba5447e3b6,1745971199999999999,11343.45491076811654590019999,11343.45491076812,3.637978807091713e-12,True
MARGEN_2X,permanent,run_3f5d9cce8ff1c2ba5447e3b6,1746057599999999999,11342.01403895565306841609999,11342.014038955653,0.0,True
BASE_E3,conditional,run_ad71d751b20623006c195ff3,1746143999999999999,10785.87886063516593690000000,10785.878860635165,-1.8189894035458565e-12,True
BASE_E3,conditional,run_ad71d751b20623006c195ff3,1746230399999999999,10785.88204839576593690000000,10785.882048395764,-1.8189894035458565e-12,True
BASE_E3,conditional,run_ad71d751b20623006c195ff3,1746316799999999999,10785.87402254956593690000000,10785.874022549564,-1.8189894035458565e-12,True
BASE_E3,conditional,run_ad71d751b20623006c195ff3,1746403199999999999,10785.86090042516593690000000,10785.860900425165,-1.8189894035458565e-12,True
BASE_E3,conditional,run_ad71d751b20623006c195ff3,1746489599999999999,10785.86471443416593690000000,10785.864714434165,-1.8189894035458565e-12,True
BASE_E3,conditional,run_ad71d751b20623006c195ff3,1746575999999999999,10785.88035911296593690000000,10785.880359112965,0.0,True
BASE_E3,conditional,run_ad71d751b20623006c195ff3,1746662399999999999,10785.88196303976593690000000,10785.881963039765,-1.8189894035458565e-12,True
BASE_E3,conditional,run_ad71d751b20623006c195ff3,1746748799999999999,10785.94453651676593690000000,10785.944536516765,-1.8189894035458565e-12,True
BASE_E3,conditional,run_ad71d751b20623006c195ff3,1746835199999999999,10785.94752807216593690000000,10785.947528072165,0.0,True
BASE_E3,conditional,run_ad71d751b20623006c195ff3,1746921599999999999,10785.96941523176593690000000,10785.969415231764,-1.8189894035458565e-12,True
BASE_E3,conditional,run_ad71d751b20623006c195ff3,1747007999999999999,10785.96235882976593690000000,10785.962358829765,0.0,True
BASE_E3,conditional,run_ad71d751b20623006c195ff3,1747094399999999999,10785.95168574016593690000000,10785.951685740165,-1.8189894035458565e-12,True
BASE_E3,conditional,run_ad71d751b20623006c195ff3,1747180799999999999,10785.96865367256593690000000,10785.968653672564,-1.8189894035458565e-12,True
BASE_E3,conditional,run_ad71d751b20623006c195ff3,1747267199999999999,10785.96130109896593690000000,10785.961301098965,0.0,True
BASE_E3,conditional,run_ad71d751b20623006c195ff3,1747353599999999999,10785.96075543216593690000000,10785.960755432165,-1.8189894035458565e-12,True
BASE_E3,conditional,run_ad71d751b20623006c195ff3,1747439999999999999,10785.95825215976593690000000,10785.958252159764,-1.8189894035458565e-12,True
BASE_E3,conditional,run_ad71d751b20623006c195ff3,1747526399999999999,10785.95351491536593690000000,10785.953514915365,0.0,True
BASE_E3,conditional,run_ad71d751b20623006c195ff3,1747612799999999999,10785.97959920156593690000000,10785.979599201564,-1.8189894035458565e-12,True
BASE_E3,conditional,run_ad71d751b20623006c195ff3,1747699199999999999,10785.97433180036593690000000,10785.974331800366,0.0,True
BASE_E3,conditional,run_ad71d751b20623006c195ff3,1747785599999999999,10785.98343533676593690000000,10785.983435336764,-1.8189894035458565e-12,True
BASE_E3,conditional,run_ad71d751b20623006c195ff3,1747871999999999999,10786.00675199776593690000000,10786.006751997766,0.0,True
BASE_E3,conditional,run_ad71d751b20623006c195ff3,1747958399999999999,10786.02688244436593690000000,10786.026882444365,-1.8189894035458565e-12,True
BASE_E3,conditional,run_ad71d751b20623006c195ff3,1748044799999999999,10785.98752384376593690000000,10785.987523843765,0.0,True
BASE_E3,conditional,run_ad71d751b20623006c195ff3,1748131199999999999,10785.99130160176593690000000,10785.991301601765,0.0,True
BASE_E3,conditional,run_ad71d751b20623006c195ff3,1748217599999999999,10786.00163923016593690000000,10786.001639230164,-1.8189894035458565e-12,True
BASE_E3,conditional,run_ad71d751b20623006c195ff3,1748303999999999999,10786.00535728156593690000000,10786.005357281565,-1.8189894035458565e-12,True
BASE_E3,conditional,run_ad71d751b20623006c195ff3,1748390399999999999,10786.00522190056593690000000,10786.005221900565,-1.8189894035458565e-12,True
BASE_E3,conditional,run_ad71d751b20623006c195ff3,1748476799999999999,10785.99693894756593690000000,10785.996938947565,-1.8189894035458565e-12,True
BASE_E3,conditional,run_ad71d751b20623006c195ff3,1748563199999999999,10785.97889937296593690000000,10785.978899372965,0.0,True
BASE_E3,conditional,run_ad71d751b20623006c195ff3,1748649599999999999,10785.96203607176593690000000,10785.962036071765,0.0,True
BASE_E3,conditional,run_ad71d751b20623006c195ff3,1748735999999999999,10785.96674993516593690000000,10785.966749935165,0.0,True
BASE_E3,permanent,run_dfea4b7ac1475668d5968c97,1746143999999999999,11393.96170004114828709639999,11393.961700041147,-1.8189894035458565e-12,True
BASE_E3,permanent,run_dfea4b7ac1475668d5968c97,1746230399999999999,11392.47399601785402026089999,11392.473996017854,0.0,True
BASE_E3,permanent,run_dfea4b7ac1475668d5968c97,1746316799999999999,11392.95472732853577770589999,11392.954727328533,-1.8189894035458565e-12,True
BASE_E3,permanent,run_dfea4b7ac1475668d5968c97,1746403199999999999,11393.01836930539298738469999,11393.018369305393,0.0,True
BASE_E3,permanent,run_dfea4b7ac1475668d5968c97,1746489599999999999,11392.80792026254138213869999,11392.80792026254,-1.8189894035458565e-12,True
BASE_E3,permanent,run_dfea4b7ac1475668d5968c97,1746575999999999999,11392.89973238460448216829999,11392.899732384605,0.0,True
BASE_E3,permanent,run_dfea4b7ac1475668d5968c97,1746662399999999999,11393.29266944315855412089999,11393.292669443157,-1.8189894035458565e-12,True
BASE_E3,permanent,run_dfea4b7ac1475668d5968c97,1746748799999999999,11393.07401999355473154129998,11393.074019993555,0.0,True
BASE_E3,permanent,run_dfea4b7ac1475668d5968c97,1746835199999999999,11396.15112061312975954129998,11396.15112061313,1.8189894035458565e-12,True
BASE_E3,permanent,run_dfea4b7ac1475668d5968c97,1746921599999999999,11397.39054729453735954129999,11397.390547294539,1.8189894035458565e-12,True
BASE_E3,permanent,run_dfea4b7ac1475668d5968c97,1747007999999999999,11400.90955744112061982029999,11400.909557441122,1.8189894035458565e-12,True
BASE_E3,permanent,run_dfea4b7ac1475668d5968c97,1747094399999999999,11402.02927682350982432309999,11402.029276823509,-1.8189894035458565e-12,True
BASE_E3,permanent,run_dfea4b7ac1475668d5968c97,1747180799999999999,11402.36612022833992955649999,11402.366120228342,1.8189894035458565e-12,True
BASE_E3,permanent,run_dfea4b7ac1475668d5968c97,1747267199999999999,11405.05436460180624104829999,11405.054364601805,-1.8189894035458565e-12,True
BASE_E3,permanent,run_dfea4b7ac1475668d5968c97,1747353599999999999,11405.40913789911156428069999,11405.409137899112,0.0,True
BASE_E3,permanent,run_dfea4b7ac1475668d5968c97,1747439999999999999,11407.31351285992885173119999,11407.31351285993,0.0,True
BASE_E3,permanent,run_dfea4b7ac1475668d5968c97,1747526399999999999,11407.01315515855809779959999,11407.013155158558,0.0,True
BASE_E3,permanent,run_dfea4b7ac1475668d5968c97,1747612799999999999,11410.36697376654750868089999,11410.366973766546,-1.8189894035458565e-12,True
BASE_E3,permanent,run_dfea4b7ac1475668d5968c97,1747699199999999999,11409.31531852835771032349999,11409.315318528359,1.8189894035458565e-12,True
BASE_E3,permanent,run_dfea4b7ac1475668d5968c97,1747785599999999999,11410.64181646641632540709999,11410.641816466417,1.8189894035458565e-12,True
BASE_E3,permanent,run_dfea4b7ac1475668d5968c97,1747871999999999999,11410.56183287742425946649999,11410.561832877424,0.0,True
BASE_E3,permanent,run_dfea4b7ac1475668d5968c97,1747958399999999999,11412.49595121923534946649999,11412.495951219236,1.8189894035458565e-12,True
BASE_E3,permanent,run_dfea4b7ac1475668d5968c97,1748044799999999999,11414.41494730984272801789999,11414.414947309842,0.0,True
BASE_E3,permanent,run_dfea4b7ac1475668d5968c97,1748131199999999999,11416.34246488377237071829999,11416.342464883772,0.0,True
BASE_E3,permanent,run_dfea4b7ac1475668d5968c97,1748217599999999999,11417.34107970162017071829999,11417.341079701622,1.8189894035458565e-12,True
BASE_E3,permanent,run_dfea4b7ac1475668d5968c97,1748303999999999999,11418.22398853094790284079999,11418.223988530948,0.0,True
BASE_E3,permanent,run_dfea4b7ac1475668d5968c97,1748390399999999999,11418.94697852699468700859999,11418.946978526996,1.8189894035458565e-12,True
BASE_E3,permanent,run_dfea4b7ac1475668d5968c97,1748476799999999999,11420.90487186269228342459999,11420.904871862691,-1.8189894035458565e-12,True
BASE_E3,permanent,run_dfea4b7ac1475668d5968c97,1748563199999999999,11421.78714024977211342459999,11421.787140249771,0.0,True
BASE_E3,permanent,run_dfea4b7ac1475668d5968c97,1748649599999999999,11424.17780923139273120859999,11424.177809231394,1.8189894035458565e-12,True
BASE_E3,permanent,run_dfea4b7ac1475668d5968c97,1748735999999999999,11424.68461591065110488059999,11424.684615910652,0.0,True
MARGEN_2X,conditional,run_70383794701c4f0fc157b2ed,1746143999999999999,10697.44385456400859872900000,10697.44385456401,1.8189894035458565e-12,True
MARGEN_2X,conditional,run_70383794701c4f0fc157b2ed,1746230399999999999,10697.44503866260859872900000,10697.445038662609,0.0,True
MARGEN_2X,conditional,run_70383794701c4f0fc157b2ed,1746316799999999999,10697.44206851840859872900000,10697.442068518409,0.0,True
MARGEN_2X,conditional,run_70383794701c4f0fc157b2ed,1746403199999999999,10697.43704720700859872900000,10697.43704720701,1.8189894035458565e-12,True
MARGEN_2X,conditional,run_70383794701c4f0fc157b2ed,1746489599999999999,10697.43856316100859872900000,10697.43856316101,0.0,True
MARGEN_2X,conditional,run_70383794701c4f0fc157b2ed,1746575999999999999,10697.44403392580859872900000,10697.444033925809,0.0,True
MARGEN_2X,conditional,run_70383794701c4f0fc157b2ed,1746662399999999999,10697.44454228960859872900000,10697.44454228961,1.8189894035458565e-12,True
MARGEN_2X,conditional,run_70383794701c4f0fc157b2ed,1746748799999999999,10697.47270980860859872900000,10697.47270980861,1.8189894035458565e-12,True
MARGEN_2X,conditional,run_70383794701c4f0fc157b2ed,1746835199999999999,10697.47591382700859872900000,10697.47591382701,0.0,True
MARGEN_2X,conditional,run_70383794701c4f0fc157b2ed,1746921599999999999,10697.48728185060859872900000,10697.48728185061,1.8189894035458565e-12,True
MARGEN_2X,conditional,run_70383794701c4f0fc157b2ed,1747007999999999999,10697.48369156560859872900000,10697.483691565609,0.0,True
MARGEN_2X,conditional,run_70383794701c4f0fc157b2ed,1747094399999999999,10697.47969887500859872900000,10697.47969887501,0.0,True
MARGEN_2X,conditional,run_70383794701c4f0fc157b2ed,1747180799999999999,10697.48850728640859872900000,10697.488507286409,0.0,True
MARGEN_2X,conditional,run_70383794701c4f0fc157b2ed,1747267199999999999,10697.48481887780859872900000,10697.484818877809,0.0,True
MARGEN_2X,conditional,run_70383794701c4f0fc157b2ed,1747353599999999999,10697.48368392300859872900000,10697.48368392301,1.8189894035458565e-12,True
MARGEN_2X,conditional,run_70383794701c4f0fc157b2ed,1747439999999999999,10697.48261822560859872900000,10697.48261822561,0.0,True
MARGEN_2X,conditional,run_70383794701c4f0fc157b2ed,1747526399999999999,10697.48001058420859872900000,10697.48001058421,1.8189894035458565e-12,True
MARGEN_2X,conditional,run_70383794701c4f0fc157b2ed,1747612799999999999,10697.48961369240859872900000,10697.489613692409,0.0,True
MARGEN_2X,conditional,run_70383794701c4f0fc157b2ed,1747699199999999999,10697.48819316020859872900000,10697.488193160209,0.0,True
MARGEN_2X,conditional,run_70383794701c4f0fc157b2ed,1747785599999999999,10697.49134557660859872900000,10697.49134557661,0.0,True
MARGEN_2X,conditional,run_70383794701c4f0fc157b2ed,1747871999999999999,10697.50002775460859872900000,10697.50002775461,1.8189894035458565e-12,True
MARGEN_2X,conditional,run_70383794701c4f0fc157b2ed,1747958399999999999,10697.50889872420859872900000,10697.508898724209,0.0,True
MARGEN_2X,conditional,run_70383794701c4f0fc157b2ed,1748044799999999999,10697.49283158460859872900000,10697.49283158461,1.8189894035458565e-12,True
MARGEN_2X,conditional,run_70383794701c4f0fc157b2ed,1748131199999999999,10697.49422362860859872900000,10697.49422362861,1.8189894035458565e-12,True
MARGEN_2X,conditional,run_70383794701c4f0fc157b2ed,1748217599999999999,10697.49820298800859872900000,10697.49820298801,1.8189894035458565e-12,True
MARGEN_2X,conditional,run_70383794701c4f0fc157b2ed,1748303999999999999,10697.49970957140859872900000,10697.49970957141,1.8189894035458565e-12,True
MARGEN_2X,conditional,run_70383794701c4f0fc157b2ed,1748390399999999999,10697.50115820540859872900000,10697.501158205409,0.0,True
MARGEN_2X,conditional,run_70383794701c4f0fc157b2ed,1748476799999999999,10697.49853233740859872900000,10697.49853233741,0.0,True
MARGEN_2X,conditional,run_70383794701c4f0fc157b2ed,1748563199999999999,10697.49142079680859872900000,10697.491420796809,0.0,True
MARGEN_2X,conditional,run_70383794701c4f0fc157b2ed,1748649599999999999,10697.48387295260859872900000,10697.483872952609,0.0,True
MARGEN_2X,conditional,run_70383794701c4f0fc157b2ed,1748735999999999999,10697.48550318200859872900000,10697.48550318201,1.8189894035458565e-12,True
MARGEN_2X,permanent,run_3f5d9cce8ff1c2ba5447e3b6,1746143999999999999,11343.06567603744053579479999,11343.06567603744,0.0,True
MARGEN_2X,permanent,run_3f5d9cce8ff1c2ba5447e3b6,1746230399999999999,11341.60109494821313310219999,11341.601094948213,0.0,True
MARGEN_2X,permanent,run_3f5d9cce8ff1c2ba5447e3b6,1746316799999999999,11342.09813799573182397179999,11342.098137995732,0.0,True
MARGEN_2X,permanent,run_3f5d9cce8ff1c2ba5447e3b6,1746403199999999999,11342.16913944181599342519999,11342.169139441816,0.0,True
MARGEN_2X,permanent,run_3f5d9cce8ff1c2ba5447e3b6,1746489599999999999,11341.94816010702797270509999,11341.948160107027,0.0,True
MARGEN_2X,permanent,run_3f5d9cce8ff1c2ba5447e3b6,1746575999999999999,11342.04856271450402789789999,11342.048562714503,-1.8189894035458565e-12,True
MARGEN_2X,permanent,run_3f5d9cce8ff1c2ba5447e3b6,1746662399999999999,11342.44788758269786498619999,11342.447887582699,1.8189894035458565e-12,True
MARGEN_2X,permanent,run_3f5d9cce8ff1c2ba5447e3b6,1746748799999999999,11342.21005747846137566879999,11342.21005747846,-1.8189894035458565e-12,True
MARGEN_2X,permanent,run_3f5d9cce8ff1c2ba5447e3b6,1746835199999999999,11345.28458825535637566879999,11345.284588255357,1.8189894035458565e-12,True
MARGEN_2X,permanent,run_3f5d9cce8ff1c2ba5447e3b6,1746921599999999999,11346.53614052763217566879999,11346.536140527634,1.8189894035458565e-12,True
MARGEN_2X,permanent,run_3f5d9cce8ff1c2ba5447e3b6,1747007999999999999,11350.00841845207882452579999,11350.00841845208,1.8189894035458565e-12,True
MARGEN_2X,permanent,run_3f5d9cce8ff1c2ba5447e3b6,1747094399999999999,11351.13384352778685384759999,11351.133843527787,0.0,True
MARGEN_2X,permanent,run_3f5d9cce8ff1c2ba5447e3b6,1747180799999999999,11351.47609367571369308769999,11351.476093675714,0.0,True
MARGEN_2X,permanent,run_3f5d9cce8ff1c2ba5447e3b6,1747267199999999999,11354.13577493835371598479999,11354.135774938353,0.0,True
MARGEN_2X,permanent,run_3f5d9cce8ff1c2ba5447e3b6,1747353599999999999,11354.50469338421584982519999,11354.504693384217,1.8189894035458565e-12,True
MARGEN_2X,permanent,run_3f5d9cce8ff1c2ba5447e3b6,1747439999999999999,11356.41397888479649476589999,11356.413978884797,0.0,True
MARGEN_2X,permanent,run_3f5d9cce8ff1c2ba5447e3b6,1747526399999999999,11356.11189567886988425399999,11356.11189567887,0.0,True
MARGEN_2X,permanent,run_3f5d9cce8ff1c2ba5447e3b6,1747612799999999999,11359.51525628546752349189999,11359.515256285467,0.0,True
MARGEN_2X,permanent,run_3f5d9cce8ff1c2ba5447e3b6,1747699199999999999,11358.39339118562794248169999,11358.39339118563,1.8189894035458565e-12,True
MARGEN_2X,permanent,run_3f5d9cce8ff1c2ba5447e3b6,1747785599999999999,11359.71287798634509123859999,11359.712877986343,-1.8189894035458565e-12,True
MARGEN_2X,permanent,run_3f5d9cce8ff1c2ba5447e3b6,1747871999999999999,11359.61456090850096841389999,11359.614560908502,0.0,True
MARGEN_2X,permanent,run_3f5d9cce8ff1c2ba5447e3b6,1747958399999999999,11361.66598438477822341389999,11361.66598438478,1.8189894035458565e-12,True
MARGEN_2X,permanent,run_3f5d9cce8ff1c2ba5447e3b6,1748044799999999999,11363.59646783582416302409999,11363.596467835823,-1.8189894035458565e-12,True
MARGEN_2X,permanent,run_3f5d9cce8ff1c2ba5447e3b6,1748131199999999999,11365.54022452523725335329999,11365.540224525237,0.0,True
MARGEN_2X,permanent,run_3f5d9cce8ff1c2ba5447e3b6,1748217599999999999,11366.55876029572465335329999,11366.558760295726,1.8189894035458565e-12,True
MARGEN_2X,permanent,run_3f5d9cce8ff1c2ba5447e3b6,1748303999999999999,11367.44322844147065877079999,11367.443228441469,-1.8189894035458565e-12,True
MARGEN_2X,permanent,run_3f5d9cce8ff1c2ba5447e3b6,1748390399999999999,11368.16675697442072843819999,11368.166756974422,1.8189894035458565e-12,True
MARGEN_2X,permanent,run_3f5d9cce8ff1c2ba5447e3b6,1748476799999999999,11369.83662042778957685419999,11369.83662042779,0.0,True
MARGEN_2X,permanent,run_3f5d9cce8ff1c2ba5447e3b6,1748563199999999999,11370.85113286391733685419999,11370.85113286392,1.8189894035458565e-12,True
MARGEN_2X,permanent,run_3f5d9cce8ff1c2ba5447e3b6,1748649599999999999,11373.17676726391854210219999,11373.176767263918,0.0,True
MARGEN_2X,permanent,run_3f5d9cce8ff1c2ba5447e3b6,1748735999999999999,11373.69902498724845688439999,11373.699024987249,0.0,True
BASE_E3,conditional,run_ad71d751b20623006c195ff3,1748822399999999999,10785.97479134776593690000000,10785.974791347764,-1.8189894035458565e-12,True
BASE_E3,conditional,run_ad71d751b20623006c195ff3,1748908799999999999,10785.97910881016593690000000,10785.979108810165,-1.8189894035458565e-12,True
BASE_E3,conditional,run_ad71d751b20623006c195ff3,1748995199999999999,10785.97497045016593690000000,10785.974970450165,-1.8189894035458565e-12,True
BASE_E3,conditional,run_ad71d751b20623006c195ff3,1749081599999999999,10785.97030957616593690000000,10785.970309576165,0.0,True
BASE_E3,conditional,run_ad71d751b20623006c195ff3,1749167999999999999,10785.93863286676593690000000,10785.938632866764,-1.8189894035458565e-12,True
BASE_E3,conditional,run_ad71d751b20623006c195ff3,1749254399999999999,10785.96246891556593690000000,10785.962468915564,-1.8189894035458565e-12,True
BASE_E3,conditional,run_ad71d751b20623006c195ff3,1749340799999999999,10785.97390832716593690000000,10785.973908327165,0.0,True
BASE_E3,conditional,run_ad71d751b20623006c195ff3,1749427199999999999,10785.97490117656593690000000,10785.974901176565,0.0,True
BASE_E3,conditional,run_ad71d751b20623006c195ff3,1749513599999999999,10786.01603427256593690000000,10786.016034272565,-1.8189894035458565e-12,True
BASE_E3,conditional,run_ad71d751b20623006c195ff3,1749599999999999999,10786.02095667976593690000000,10786.020956679764,-1.8189894035458565e-12,True
BASE_E3,conditional,run_ad71d751b20623006c195ff3,1749686399999999999,10786.00712723936593690000000,10786.007127239365,0.0,True
BASE_E3,conditional,run_ad71d751b20623006c195ff3,1749772799999999999,10785.98127619876593690000000,10785.981276198765,0.0,True
BASE_E3,conditional,run_ad71d751b20623006c195ff3,1749859199999999999,10785.98016339236593690000000,10785.980163392365,0.0,True
BASE_E3,conditional,run_ad71d751b20623006c195ff3,1749945599999999999,10785.97332800796593690000000,10785.973328007965,0.0,True
BASE_E3,conditional,run_ad71d751b20623006c195ff3,1750031999999999999,10785.97483328076593690000000,10785.974833280765,-1.8189894035458565e-12,True
BASE_E3,conditional,run_ad71d751b20623006c195ff3,1750118399999999999,10785.98346296696593690000000,10785.983462966964,-1.8189894035458565e-12,True
BASE_E3,conditional,run_ad71d751b20623006c195ff3,1750204799999999999,10785.96591627816593690000000,10785.965916278165,-1.8189894035458565e-12,True
BASE_E3,conditional,run_ad71d751b20623006c195ff3,1750291199999999999,10785.96882224516593690000000,10785.968822245164,-1.8189894035458565e-12,True
BASE_E3,conditional,run_ad71d751b20623006c195ff3,1750377599999999999,10785.96710799716593690000000,10785.967107997165,-1.8189894035458565e-12,True
BASE_E3,conditional,run_ad71d751b20623006c195ff3,1750463999999999999,10785.95224594436593690000000,10785.952245944365,0.0,True
BASE_E3,conditional,run_ad71d751b20623006c195ff3,1750550399999999999,10785.93944289896593690000000,10785.939442898965,0.0,True
BASE_E3,conditional,run_ad71d751b20623006c195ff3,1750636799999999999,10785.92768208356593690000000,10785.927682083564,-1.8189894035458565e-12,True
BASE_E3,conditional,run_ad71d751b20623006c195ff3,1750723199999999999,10785.96886061156593690000000,10785.968860611565,0.0,True
BASE_E3,conditional,run_ad71d751b20623006c195ff3,1750809599999999999,10785.97470795036593690000000,10785.974707950365,-1.8189894035458565e-12,True
BASE_E3,conditional,run_ad71d751b20623006c195ff3,1750895999999999999,10785.98410133616593690000000,10785.984101336166,0.0,True
BASE_E3,conditional,run_ad71d751b20623006c195ff3,1750982399999999999,10785.98075048136593690000000,10785.980750481365,0.0,True
BASE_E3,conditional,run_ad71d751b20623006c195ff3,1751068799999999999,10785.98190966216593690000000,10785.981909662165,-1.8189894035458565e-12,True
BASE_E3,conditional,run_ad71d751b20623006c195ff3,1751155199999999999,10785.98429234436593690000000,10785.984292344365,-1.8189894035458565e-12,True
BASE_E3,conditional,run_ad71d751b20623006c195ff3,1751241599999999999,10785.99483208036593690000000,10785.994832080365,0.0,True
BASE_E3,conditional,run_ad71d751b20623006c195ff3,1751327999999999999,10785.98491802476593690000000,10785.984918024766,0.0,True
BASE_E3,permanent,run_dfea4b7ac1475668d5968c97,1748822399999999999,11425.50948302900214838879999,11425.509483029,-1.8189894035458565e-12,True
BASE_E3,permanent,run_dfea4b7ac1475668d5968c97,1748908799999999999,11426.07499437652865113279999,11426.074994376526,-3.637978807091713e-12,True
BASE_E3,permanent,run_dfea4b7ac1475668d5968c97,1748995199999999999,11427.48117665182425113279999,11427.481176651823,-1.8189894035458565e-12,True
BASE_E3,permanent,run_dfea4b7ac1475668d5968c97,1749081599999999999,11427.93219031751603663549999,11427.932190317515,-1.8189894035458565e-12,True
BASE_E3,permanent,run_dfea4b7ac1475668d5968c97,1749167999999999999,11428.55471091757422805749998,11428.554710917575,0.0,True
BASE_E3,permanent,run_dfea4b7ac1475668d5968c97,1749254399999999999,11428.98472507114064789589999,11428.984725071141,0.0,True
BASE_E3,permanent,run_dfea4b7ac1475668d5968c97,1749340799999999999,11427.85111519472532516559999,11427.851115194726,0.0,True
BASE_E3,permanent,run_dfea4b7ac1475668d5968c97,1749427199999999999,11430.14977136370468680239999,11430.149771363704,-1.8189894035458565e-12,True
BASE_E3,permanent,run_dfea4b7ac1475668d5968c97,1749513599999999999,11429.74094399305216484459999,11429.74094399305,-1.8189894035458565e-12,True
BASE_E3,permanent,run_dfea4b7ac1475668d5968c97,1749599999999999999,11431.94831915803524867659999,11431.948319158035,0.0,True
BASE_E3,permanent,run_dfea4b7ac1475668d5968c97,1749686399999999999,11433.31554300557124867659999,11433.31554300557,0.0,True
BASE_E3,permanent,run_dfea4b7ac1475668d5968c97,1749772799999999999,11434.55464783809954171259999,11434.554647838098,-1.8189894035458565e-12,True
BASE_E3,permanent,run_dfea4b7ac1475668d5968c97,1749859199999999999,11434.12905517677080371259999,11434.12905517677,0.0,True
BASE_E3,permanent,run_dfea4b7ac1475668d5968c97,1749945599999999999,11435.97187620397950398859999,11435.971876203977,-1.8189894035458565e-12,True
BASE_E3,permanent,run_dfea4b7ac1475668d5968c97,1750031999999999999,11435.87054399303193922339999,11435.870543993035,1.8189894035458565e-12,True
BASE_E3,permanent,run_dfea4b7ac1475668d5968c97,1750118399999999999,11436.83005648398137116359999,11436.830056483983,1.8189894035458565e-12,True
BASE_E3,permanent,run_dfea4b7ac1475668d5968c97,1750204799999999999,11437.53470047430946141839999,11437.534700474309,0.0,True
BASE_E3,permanent,run_dfea4b7ac1475668d5968c97,1750291199999999999,11437.30656067870043784159999,11437.3065606787,0.0,True
BASE_E3,permanent,run_dfea4b7ac1475668d5968c97,1750377599999999999,11437.97964226994026078479999,11437.97964226994,0.0,True
BASE_E3,permanent,run_dfea4b7ac1475668d5968c97,1750463999999999999,11439.01929075050425395279999,11439.019290750504,0.0,True
BASE_E3,permanent,run_dfea4b7ac1475668d5968c97,1750550399999999999,11436.65483547820407011839999,11436.654835478204,0.0,True
BASE_E3,permanent,run_dfea4b7ac1475668d5968c97,1750636799999999999,11439.89772225390897433759999,11439.897722253909,0.0,True
BASE_E3,permanent,run_dfea4b7ac1475668d5968c97,1750723199999999999,11440.16844887627061987679999,11440.168448876271,0.0,True
BASE_E3,permanent,run_dfea4b7ac1475668d5968c97,1750809599999999999,11440.18606799950261669679999,11440.1860679995,-1.8189894035458565e-12,True
BASE_E3,permanent,run_dfea4b7ac1475668d5968c97,1750895999999999999,11439.76248795506164016719999,11439.762487955062,0.0,True
BASE_E3,permanent,run_dfea4b7ac1475668d5968c97,1750982399999999999,11440.60926317029852106719999,11440.609263170298,0.0,True
BASE_E3,permanent,run_dfea4b7ac1475668d5968c97,1751068799999999999,11441.22779191276101184479999,11441.227791912763,1.8189894035458565e-12,True
BASE_E3,permanent,run_dfea4b7ac1475668d5968c97,1751155199999999999,11442.03710885674084367679999,11442.037108856743,1.8189894035458565e-12,True
BASE_E3,permanent,run_dfea4b7ac1475668d5968c97,1751241599999999999,11442.85807199092446007039999,11442.858071990924,0.0,True
BASE_E3,permanent,run_dfea4b7ac1475668d5968c97,1751327999999999999,11445.83673621986904812399999,11445.836736219868,-1.8189894035458565e-12,True
MARGEN_2X,conditional,run_70383794701c4f0fc157b2ed,1748822399999999999,10697.48847608660859872900000,10697.48847608661,1.8189894035458565e-12,True
MARGEN_2X,conditional,run_70383794701c4f0fc157b2ed,1748908799999999999,10697.49107141000859872900000,10697.49107141001,1.8189894035458565e-12,True
MARGEN_2X,conditional,run_70383794701c4f0fc157b2ed,1748995199999999999,10697.48939525600859872900000,10697.489395256009,0.0,True
MARGEN_2X,conditional,run_70383794701c4f0fc157b2ed,1749081599999999999,10697.48798072900859872900000,10697.487980729009,0.0,True
MARGEN_2X,conditional,run_70383794701c4f0fc157b2ed,1749167999999999999,10697.47381529660859872900000,10697.47381529661,0.0,True
MARGEN_2X,conditional,run_70383794701c4f0fc157b2ed,1749254399999999999,10697.48318477740859872900000,10697.48318477741,0.0,True
MARGEN_2X,conditional,run_70383794701c4f0fc157b2ed,1749340799999999999,10697.48797510500859872900000,10697.48797510501,1.8189894035458565e-12,True
MARGEN_2X,conditional,run_70383794701c4f0fc157b2ed,1749427199999999999,10697.48811343940859872900000,10697.488113439409,0.0,True
MARGEN_2X,conditional,run_70383794701c4f0fc157b2ed,1749513599999999999,10697.50526819340859872900000,10697.505268193408,0.0,True
MARGEN_2X,conditional,run_70383794701c4f0fc157b2ed,1749599999999999999,10697.50906468160859872900000,10697.50906468161,1.8189894035458565e-12,True
MARGEN_2X,conditional,run_70383794701c4f0fc157b2ed,1749686399999999999,10697.50353950120859872900000,10697.50353950121,0.0,True
MARGEN_2X,conditional,run_70383794701c4f0fc157b2ed,1749772799999999999,10697.49251950060859872900000,10697.492519500609,0.0,True
MARGEN_2X,conditional,run_70383794701c4f0fc157b2ed,1749859199999999999,10697.49104046020859872900000,10697.491040460209,0.0,True
MARGEN_2X,conditional,run_70383794701c4f0fc157b2ed,1749945599999999999,10697.48789312180859872900000,10697.48789312181,1.8189894035458565e-12,True
MARGEN_2X,conditional,run_70383794701c4f0fc157b2ed,1750031999999999999,10697.48865930360859872900000,10697.48865930361,1.8189894035458565e-12,True
MARGEN_2X,conditional,run_70383794701c4f0fc157b2ed,1750118399999999999,10697.49158973480859872900000,10697.49158973481,0.0,True
MARGEN_2X,conditional,run_70383794701c4f0fc157b2ed,1750204799999999999,10697.48493701700859872900000,10697.484937017009,0.0,True
MARGEN_2X,conditional,run_70383794701c4f0fc157b2ed,1750291199999999999,10697.48618087000859872900000,10697.48618087001,1.8189894035458565e-12,True
MARGEN_2X,conditional,run_70383794701c4f0fc157b2ed,1750377599999999999,10697.48552451400859872900000,10697.48552451401,1.8189894035458565e-12,True
MARGEN_2X,conditional,run_70383794701c4f0fc157b2ed,1750463999999999999,10697.47852927820859872900000,10697.478529278209,0.0,True
MARGEN_2X,conditional,run_70383794701c4f0fc157b2ed,1750550399999999999,10697.47229456880859872900000,10697.47229456881,1.8189894035458565e-12,True
MARGEN_2X,conditional,run_70383794701c4f0fc157b2ed,1750636799999999999,10697.46708702540859872900000,10697.467087025409,0.0,True
MARGEN_2X,conditional,run_70383794701c4f0fc157b2ed,1750723199999999999,10697.48456588340859872900000,10697.48456588341,0.0,True
MARGEN_2X,conditional,run_70383794701c4f0fc157b2ed,1750809599999999999,10697.48709545820859872900000,10697.48709545821,0.0,True
MARGEN_2X,conditional,run_70383794701c4f0fc157b2ed,1750895999999999999,10697.48997752700859872900000,10697.48997752701,1.8189894035458565e-12,True
MARGEN_2X,conditional,run_70383794701c4f0fc157b2ed,1750982399999999999,10697.48874867920859872900000,10697.488748679209,0.0,True
MARGEN_2X,conditional,run_70383794701c4f0fc157b2ed,1751068799999999999,10697.48926950100859872900000,10697.48926950101,0.0,True
MARGEN_2X,conditional,run_70383794701c4f0fc157b2ed,1751155199999999999,10697.49030595420859872900000,10697.49030595421,1.8189894035458565e-12,True
MARGEN_2X,conditional,run_70383794701c4f0fc157b2ed,1751241599999999999,10697.49501415520859872900000,10697.495014155209,0.0,True
MARGEN_2X,conditional,run_70383794701c4f0fc157b2ed,1751327999999999999,10697.49129734760859872900000,10697.49129734761,0.0,True
MARGEN_2X,permanent,run_3f5d9cce8ff1c2ba5447e3b6,1748822399999999999,11374.50229330300123751479999,11374.502293303,-1.8189894035458565e-12,True
MARGEN_2X,permanent,run_3f5d9cce8ff1c2ba5447e3b6,1748908799999999999,11375.04490641667818059159999,11375.044906416677,-1.8189894035458565e-12,True
MARGEN_2X,permanent,run_3f5d9cce8ff1c2ba5447e3b6,1748995199999999999,11376.42755351780738059159999,11376.42755351781,1.8189894035458565e-12,True
MARGEN_2X,permanent,run_3f5d9cce8ff1c2ba5447e3b6,1749081599999999999,11376.86577551478567644719999,11376.865775514787,1.8189894035458565e-12,True
MARGEN_2X,permanent,run_3f5d9cce8ff1c2ba5447e3b6,1749167999999999999,11377.65623023671356786919999,11377.656230236715,1.8189894035458565e-12,True
MARGEN_2X,permanent,run_3f5d9cce8ff1c2ba5447e3b6,1749254399999999999,11378.04783643099206427599999,11378.047836430993,0.0,True
MARGEN_2X,permanent,run_3f5d9cce8ff1c2ba5447e3b6,1749340799999999999,11376.94080971161721286359999,11376.940809711617,0.0,True
MARGEN_2X,permanent,run_3f5d9cce8ff1c2ba5447e3b6,1749427199999999999,11379.15972475545188348919999,11379.159724755453,0.0,True
MARGEN_2X,permanent,run_3f5d9cce8ff1c2ba5447e3b6,1749513599999999999,11378.72607763594279363899999,11378.726077635942,-1.8189894035458565e-12,True
MARGEN_2X,permanent,run_3f5d9cce8ff1c2ba5447e3b6,1749599999999999999,11380.85657877571676700749999,11380.856578775716,0.0,True
MARGEN_2X,permanent,run_3f5d9cce8ff1c2ba5447e3b6,1749686399999999999,11382.49137361035476700749999,11382.491373610357,1.8189894035458565e-12,True
MARGEN_2X,permanent,run_3f5d9cce8ff1c2ba5447e3b6,1749772799999999999,11383.72866028791573244969999,11383.728660287916,0.0,True
MARGEN_2X,permanent,run_3f5d9cce8ff1c2ba5447e3b6,1749859199999999999,11383.31820922793730863789999,11383.318209227938,1.8189894035458565e-12,True
MARGEN_2X,permanent,run_3f5d9cce8ff1c2ba5447e3b6,1749945599999999999,11385.12611563578952511559999,11385.126115635789,0.0,True
MARGEN_2X,permanent,run_3f5d9cce8ff1c2ba5447e3b6,1750031999999999999,11385.03899306413716578969999,11385.038993064138,0.0,True
MARGEN_2X,permanent,run_3f5d9cce8ff1c2ba5447e3b6,1750118399999999999,11385.97243345635407493799999,11385.972433456354,0.0,True
MARGEN_2X,permanent,run_3f5d9cce8ff1c2ba5447e3b6,1750204799999999999,11386.68156345641633686339999,11386.681563456417,1.8189894035458565e-12,True
MARGEN_2X,permanent,run_3f5d9cce8ff1c2ba5447e3b6,1750291199999999999,11386.45074543718944141619999,11386.450745437187,-1.8189894035458565e-12,True
MARGEN_2X,permanent,run_3f5d9cce8ff1c2ba5447e3b6,1750377599999999999,11387.10813189305041128169999,11387.108131893048,-1.8189894035458565e-12,True
MARGEN_2X,permanent,run_3f5d9cce8ff1c2ba5447e3b6,1750463999999999999,11388.14340499820765466319999,11388.143404998207,0.0,True
MARGEN_2X,permanent,run_3f5d9cce8ff1c2ba5447e3b6,1750550399999999999,11385.79910992989966304689999,11385.7991099299,0.0,True
MARGEN_2X,permanent,run_3f5d9cce8ff1c2ba5447e3b6,1750636799999999999,11388.99533978611521284319999,11388.995339786115,0.0,True
MARGEN_2X,permanent,run_3f5d9cce8ff1c2ba5447e3b6,1750723199999999999,11389.24839649549192950879999,11389.248396495492,0.0,True
MARGEN_2X,permanent,run_3f5d9cce8ff1c2ba5447e3b6,1750809599999999999,11389.25032261694234231929999,11389.250322616941,-1.8189894035458565e-12,True
MARGEN_2X,permanent,run_3f5d9cce8ff1c2ba5447e3b6,1750895999999999999,11388.82366254865294777379999,11388.823662548653,0.0,True
MARGEN_2X,permanent,run_3f5d9cce8ff1c2ba5447e3b6,1750982399999999999,11389.66627292490283097009999,11389.666272924902,0.0,True
MARGEN_2X,permanent,run_3f5d9cce8ff1c2ba5447e3b6,1751068799999999999,11390.27015156607294391089999,11390.270151566074,0.0,True
MARGEN_2X,permanent,run_3f5d9cce8ff1c2ba5447e3b6,1751155199999999999,11391.06159836140020280779999,11391.061598361399,-1.8189894035458565e-12,True
MARGEN_2X,permanent,run_3f5d9cce8ff1c2ba5447e3b6,1751241599999999999,11391.86737498067098341019999,11391.867374980671,0.0,True
MARGEN_2X,permanent,run_3f5d9cce8ff1c2ba5447e3b6,1751327999999999999,11394.80222113984108511259999,11394.80222113984,0.0,True
BASE_E3,conditional,run_ad71d751b20623006c195ff3,1751414399999999999,10785.97067878576593690000000,10785.970678785765,-1.8189894035458565e-12,True
BASE_E3,conditional,run_ad71d751b20623006c195ff3,1751500799999999999,10786.00081588976593690000000,10786.000815889765,0.0,True
BASE_E3,conditional,run_ad71d751b20623006c195ff3,1751587199999999999,10786.00771521056593690000000,10786.007715210564,-1.8189894035458565e-12,True
BASE_E3,conditional,run_ad71d751b20623006c195ff3,1751673599999999999,10785.99222968216593690000000,10785.992229682164,-1.8189894035458565e-12,True
BASE_E3,conditional,run_ad71d751b20623006c195ff3,1751759999999999999,10785.99420761856593690000000,10785.994207618565,0.0,True
BASE_E3,conditional,run_ad71d751b20623006c195ff3,1751846399999999999,10786.00397144116593690000000,10786.003971441165,0.0,True
BASE_E3,conditional,run_ad71d751b20623006c195ff3,1751932799999999999,10785.99596013476593690000000,10785.995960134765,0.0,True
BASE_E3,conditional,run_ad71d751b20623006c195ff3,1752019199999999999,10786.00332826876593690000000,10786.003328268765,0.0,True
BASE_E3,conditional,run_ad71d751b20623006c195ff3,1752105599999999999,10786.02693613596593690000000,10786.026936135964,-1.8189894035458565e-12,True
BASE_E3,conditional,run_ad71d751b20623006c195ff3,1752191999999999999,10786.07046136756593690000000,10786.070461367564,-1.8189894035458565e-12,True
BASE_E3,conditional,run_ad71d751b20623006c195ff3,1752278399999999999,10786.08255287296593690000000,10786.082552872966,0.0,True
BASE_E3,conditional,run_ad71d751b20623006c195ff3,1752364799999999999,10786.08099053776593690000000,10786.080990537765,-1.8189894035458565e-12,True
BASE_E3,conditional,run_ad71d751b20623006c195ff3,1752451199999999999,10786.09482736956593690000000,10786.094827369565,-1.8189894035458565e-12,True
BASE_E3,conditional,run_ad71d751b20623006c195ff3,1752537599999999999,10786.10269768036593690000000,10786.102697680364,-1.8189894035458565e-12,True
BASE_E3,conditional,run_ad71d751b20623006c195ff3,1752623999999999999,10786.09111377756593690000000,10786.091113777566,0.0,True
BASE_E3,conditional,run_ad71d751b20623006c195ff3,1752710399999999999,10786.10658435296593690000000,10786.106584352965,-1.8189894035458565e-12,True
BASE_E3,conditional,run_ad71d751b20623006c195ff3,1752796799999999999,10786.11429480436593690000000,10786.114294804365,0.0,True
BASE_E3,conditional,run_ad71d751b20623006c195ff3,1752883199999999999,10786.10708247616593690000000,10786.107082476165,-1.8189894035458565e-12,True
BASE_E3,conditional,run_ad71d751b20623006c195ff3,1752969599999999999,10786.10846675236593690000000,10786.108466752365,-1.8189894035458565e-12,True
BASE_E3,conditional,run_ad71d751b20623006c195ff3,1753055999999999999,10786.10992345556593690000000,10786.109923455564,-1.8189894035458565e-12,True
BASE_E3,conditional,run_ad71d751b20623006c195ff3,1753142399999999999,10786.11069335856593690000000,10786.110693358565,0.0,True
BASE_E3,conditional,run_ad71d751b20623006c195ff3,1753228799999999999,10786.13018186796593690000000,10786.130181867964,-1.8189894035458565e-12,True
BASE_E3,conditional,run_ad71d751b20623006c195ff3,1753315199999999999,10786.11629280576593690000000,10786.116292805766,0.0,True
BASE_E3,conditional,run_ad71d751b20623006c195ff3,1753401599999999999,10786.11571665976593690000000,10786.115716659764,-1.8189894035458565e-12,True
BASE_E3,conditional,run_ad71d751b20623006c195ff3,1753487999999999999,10786.11136007316593690000000,10786.111360073164,-1.8189894035458565e-12,True
BASE_E3,conditional,run_ad71d751b20623006c195ff3,1753574399999999999,10786.11397362476593690000000,10786.113973624764,-1.8189894035458565e-12,True
BASE_E3,conditional,run_ad71d751b20623006c195ff3,1753660799999999999,10786.13052642916593690000000,10786.130526429164,-1.8189894035458565e-12,True
BASE_E3,conditional,run_ad71d751b20623006c195ff3,1753747199999999999,10786.11663770616593690000000,10786.116637706165,0.0,True
BASE_E3,conditional,run_ad71d751b20623006c195ff3,1753833599999999999,10786.11636494956593690000000,10786.116364949565,-1.8189894035458565e-12,True
BASE_E3,conditional,run_ad71d751b20623006c195ff3,1753919999999999999,10786.11604719176593690000000,10786.116047191765,-1.8189894035458565e-12,True
BASE_E3,conditional,run_ad71d751b20623006c195ff3,1754006399999999999,10786.09551341316593690000000,10786.095513413165,0.0,True
BASE_E3,permanent,run_dfea4b7ac1475668d5968c97,1751414399999999999,11444.22867846523392896719999,11444.228678465233,0.0,True
BASE_E3,permanent,run_dfea4b7ac1475668d5968c97,1751500799999999999,11444.49798401409134468239999,11444.497984014091,0.0,True
BASE_E3,permanent,run_dfea4b7ac1475668d5968c97,1751587199999999999,11446.38209190941125678159999,11446.38209190941,0.0,True
BASE_E3,permanent,run_dfea4b7ac1475668d5968c97,1751673599999999999,11447.44165366579817641999999,11447.4416536658,1.8189894035458565e-12,True
BASE_E3,permanent,run_dfea4b7ac1475668d5968c97,1751759999999999999,11447.99427636869495745999999,11447.994276368696,0.0,True
BASE_E3,permanent,run_dfea4b7ac1475668d5968c97,1751846399999999999,11449.06122058644215745999999,11449.061220586444,1.8189894035458565e-12,True
BASE_E3,permanent,run_dfea4b7ac1475668d5968c97,1751932799999999999,11449.67903544828103745999999,11449.679035448282,0.0,True
BASE_E3,permanent,run_dfea4b7ac1475668d5968c97,1752019199999999999,11450.99192322323499600799999,11450.991923223233,-1.8189894035458565e-12,True
BASE_E3,permanent,run_dfea4b7ac1475668d5968c97,1752105599999999999,11450.63061520543156594879998,11450.630615205431,0.0,True
BASE_E3,permanent,run_dfea4b7ac1475668d5968c97,1752191999999999999,11451.60587925217453498879998,11451.605879252174,0.0,True
BASE_E3,permanent,run_dfea4b7ac1475668d5968c97,1752278399999999999,11454.32392201774632698879998,11454.323922017747,1.8189894035458565e-12,True
BASE_E3,permanent,run_dfea4b7ac1475668d5968c97,1752364799999999999,11457.17332487472393459399998,11457.173324874724,0.0,True
BASE_E3,permanent,run_dfea4b7ac1475668d5968c97,1752451199999999999,11459.39570678501941560799998,11459.39570678502,1.8189894035458565e-12,True
BASE_E3,permanent,run_dfea4b7ac1475668d5968c97,1752537599999999999,11460.04277840487873789279998,11460.042778404877,-1.8189894035458565e-12,True
BASE_E3,permanent,run_dfea4b7ac1475668d5968c97,1752623999999999999,11460.57951078398572163599998,11460.579510783986,0.0,True
BASE_E3,permanent,run_dfea4b7ac1475668d5968c97,1752710399999999999,11462.08671852441634163599999,11462.086718524417,0.0,True
BASE_E3,permanent,run_dfea4b7ac1475668d5968c97,1752796799999999999,11462.84461023915632663599999,11462.844610239157,0.0,True
BASE_E3,permanent,run_dfea4b7ac1475668d5968c97,1752883199999999999,11465.09231095130463463599999,11465.092310951304,0.0,True
BASE_E3,permanent,run_dfea4b7ac1475668d5968c97,1752969599999999999,11467.70989665582576263599999,11467.709896655826,0.0,True
BASE_E3,permanent,run_dfea4b7ac1475668d5968c97,1753055999999999999,11470.70310941225686863599999,11470.703109412256,-1.8189894035458565e-12,True
BASE_E3,permanent,run_dfea4b7ac1475668d5968c97,1753142399999999999,11473.74296619877494763599999,11473.742966198777,1.8189894035458565e-12,True
BASE_E3,permanent,run_dfea4b7ac1475668d5968c97,1753228799999999999,11471.90026943755993663599999,11471.90026943756,0.0,True
BASE_E3,permanent,run_dfea4b7ac1475668d5968c97,1753315199999999999,11475.65487140920612763599999,11475.654871409206,0.0,True
BASE_E3,permanent,run_dfea4b7ac1475668d5968c97,1753401599999999999,11478.13272200863255963599999,11478.132722008633,0.0,True
BASE_E3,permanent,run_dfea4b7ac1475668d5968c97,1753487999999999999,11479.50896851886659363599999,11479.508968518869,1.8189894035458565e-12,True
BASE_E3,permanent,run_dfea4b7ac1475668d5968c97,1753574399999999999,11482.58269375722540963599999,11482.582693757227,1.8189894035458565e-12,True
BASE_E3,permanent,run_dfea4b7ac1475668d5968c97,1753660799999999999,11482.51344962567212845339999,11482.513449625672,0.0,True
BASE_E3,permanent,run_dfea4b7ac1475668d5968c97,1753747199999999999,11487.23846290157875845339999,11487.23846290158,0.0,True
BASE_E3,permanent,run_dfea4b7ac1475668d5968c97,1753833599999999999,11489.29503447164186098819999,11489.295034471645,3.637978807091713e-12,True
BASE_E3,permanent,run_dfea4b7ac1475668d5968c97,1753919999999999999,11490.83528698025666106239999,11490.835286980255,-1.8189894035458565e-12,True
BASE_E3,permanent,run_dfea4b7ac1475668d5968c97,1754006399999999999,11492.06347165535674084479999,11492.063471655356,0.0,True
MARGEN_2X,conditional,run_70383794701c4f0fc157b2ed,1751414399999999999,10697.48502266660859872900000,10697.48502266661,0.0,True
MARGEN_2X,conditional,run_70383794701c4f0fc157b2ed,1751500799999999999,10697.49820258260859872900000,10697.49820258261,1.8189894035458565e-12,True
MARGEN_2X,conditional,run_70383794701c4f0fc157b2ed,1751587199999999999,10697.50096399940859872900000,10697.50096399941,1.8189894035458565e-12,True
MARGEN_2X,conditional,run_70383794701c4f0fc157b2ed,1751673599999999999,10697.49421099800859872900000,10697.49421099801,0.0,True
MARGEN_2X,conditional,run_70383794701c4f0fc157b2ed,1751759999999999999,10697.49504626240859872900000,10697.49504626241,0.0,True
MARGEN_2X,conditional,run_70383794701c4f0fc157b2ed,1751846399999999999,10697.49933127600859872900000,10697.499331276009,0.0,True
MARGEN_2X,conditional,run_70383794701c4f0fc157b2ed,1751932799999999999,10697.49607017560859872900000,10697.49607017561,1.8189894035458565e-12,True
MARGEN_2X,conditional,run_70383794701c4f0fc157b2ed,1752019199999999999,10697.49978288560859872900000,10697.499782885609,0.0,True
MARGEN_2X,conditional,run_70383794701c4f0fc157b2ed,1752105599999999999,10697.51048212880859872900000,10697.51048212881,1.8189894035458565e-12,True
MARGEN_2X,conditional,run_70383794701c4f0fc157b2ed,1752191999999999999,10697.52873520040859872900000,10697.528735200409,0.0,True
MARGEN_2X,conditional,run_70383794701c4f0fc157b2ed,1752278399999999999,10697.53307478480859872900000,10697.53307478481,0.0,True
MARGEN_2X,conditional,run_70383794701c4f0fc157b2ed,1752364799999999999,10697.53227831860859872900000,10697.53227831861,0.0,True
MARGEN_2X,conditional,run_70383794701c4f0fc157b2ed,1752451199999999999,10697.53762093640859872900000,10697.53762093641,0.0,True
MARGEN_2X,conditional,run_70383794701c4f0fc157b2ed,1752537599999999999,10697.54104587420859872900000,10697.54104587421,1.8189894035458565e-12,True
MARGEN_2X,conditional,run_70383794701c4f0fc157b2ed,1752623999999999999,10697.53886993740859872900000,10697.538869937409,0.0,True
MARGEN_2X,conditional,run_70383794701c4f0fc157b2ed,1752710399999999999,10697.54787432580859872900000,10697.54787432581,1.8189894035458565e-12,True
MARGEN_2X,conditional,run_70383794701c4f0fc157b2ed,1752796799999999999,10697.55218033320859872900000,10697.552180333209,0.0,True
MARGEN_2X,conditional,run_70383794701c4f0fc157b2ed,1752883199999999999,10697.55073958200859872900000,10697.55073958201,1.8189894035458565e-12,True
MARGEN_2X,conditional,run_70383794701c4f0fc157b2ed,1752969599999999999,10697.55193825420859872900000,10697.55193825421,1.8189894035458565e-12,True
MARGEN_2X,conditional,run_70383794701c4f0fc157b2ed,1753055999999999999,10697.55498441140859872900000,10697.55498441141,1.8189894035458565e-12,True
MARGEN_2X,conditional,run_70383794701c4f0fc157b2ed,1753142399999999999,10697.55529347740859872900000,10697.55529347741,1.8189894035458565e-12,True
MARGEN_2X,conditional,run_70383794701c4f0fc157b2ed,1753228799999999999,10697.56201053980859872900000,10697.56201053981,1.8189894035458565e-12,True
MARGEN_2X,conditional,run_70383794701c4f0fc157b2ed,1753315199999999999,10697.55523507260859872900000,10697.55523507261,1.8189894035458565e-12,True
MARGEN_2X,conditional,run_70383794701c4f0fc157b2ed,1753401599999999999,10697.55621033260859872900000,10697.55621033261,1.8189894035458565e-12,True
MARGEN_2X,conditional,run_70383794701c4f0fc157b2ed,1753487999999999999,10697.55500008700859872900000,10697.55500008701,1.8189894035458565e-12,True
MARGEN_2X,conditional,run_70383794701c4f0fc157b2ed,1753574399999999999,10697.55612804760859872900000,10697.556128047609,0.0,True
MARGEN_2X,conditional,run_70383794701c4f0fc157b2ed,1753660799999999999,10697.56402265800859872900000,10697.564022658009,0.0,True
MARGEN_2X,conditional,run_70383794701c4f0fc157b2ed,1753747199999999999,10697.55787817300859872900000,10697.55787817301,0.0,True
MARGEN_2X,conditional,run_70383794701c4f0fc157b2ed,1753833599999999999,10697.55782729940859872900000,10697.55782729941,1.8189894035458565e-12,True
MARGEN_2X,conditional,run_70383794701c4f0fc157b2ed,1753919999999999999,10697.55793971560859872900000,10697.557939715609,0.0,True
MARGEN_2X,conditional,run_70383794701c4f0fc157b2ed,1754006399999999999,10697.54891038000859872900000,10697.54891038001,1.8189894035458565e-12,True
MARGEN_2X,permanent,run_3f5d9cce8ff1c2ba5447e3b6,1751414399999999999,11393.23472915584887364399999,11393.234729155847,-1.8189894035458565e-12,True
MARGEN_2X,permanent,run_3f5d9cce8ff1c2ba5447e3b6,1751500799999999999,11393.48794735605042350079999,11393.48794735605,0.0,True
MARGEN_2X,permanent,run_3f5d9cce8ff1c2ba5447e3b6,1751587199999999999,11395.33713688878310865559999,11395.337136888782,-1.8189894035458565e-12,True
MARGEN_2X,permanent,run_3f5d9cce8ff1c2ba5447e3b6,1751673599999999999,11396.38622405891241818439999,11396.386224058911,-1.8189894035458565e-12,True
MARGEN_2X,permanent,run_3f5d9cce8ff1c2ba5447e3b6,1751759999999999999,11396.93140057278507481689999,11396.931400572785,0.0,True
MARGEN_2X,permanent,run_3f5d9cce8ff1c2ba5447e3b6,1751846399999999999,11397.97504373021387481689999,11397.975043730214,0.0,True
MARGEN_2X,permanent,run_3f5d9cce8ff1c2ba5447e3b6,1751932799999999999,11398.58291072363879481689999,11398.582910723639,0.0,True
MARGEN_2X,permanent,run_3f5d9cce8ff1c2ba5447e3b6,1752019199999999999,11399.89016813759273368669999,11399.890168137592,0.0,True
MARGEN_2X,permanent,run_3f5d9cce8ff1c2ba5447e3b6,1752105599999999999,11399.52437300028828358389999,11399.524373000288,0.0,True
MARGEN_2X,permanent,run_3f5d9cce8ff1c2ba5447e3b6,1752191999999999999,11400.45428188382772490389999,11400.454281883827,0.0,True
MARGEN_2X,permanent,run_3f5d9cce8ff1c2ba5447e3b6,1752278399999999999,11403.12311694490438590389999,11403.123116944906,1.8189894035458565e-12,True
MARGEN_2X,permanent,run_3f5d9cce8ff1c2ba5447e3b6,1752364799999999999,11405.91610708694955369049999,11405.916107086949,-1.8189894035458565e-12,True
MARGEN_2X,permanent,run_3f5d9cce8ff1c2ba5447e3b6,1752451199999999999,11408.08576204584113107749999,11408.085762045843,1.8189894035458565e-12,True
MARGEN_2X,permanent,run_3f5d9cce8ff1c2ba5447e3b6,1752537599999999999,11408.71128256137004618839999,11408.71128256137,0.0,True
MARGEN_2X,permanent,run_3f5d9cce8ff1c2ba5447e3b6,1752623999999999999,11409.25065117356006700399999,11409.250651173561,1.8189894035458565e-12,True
MARGEN_2X,permanent,run_3f5d9cce8ff1c2ba5447e3b6,1752710399999999999,11410.72095082944950200399999,11410.720950829449,0.0,True
MARGEN_2X,permanent,run_3f5d9cce8ff1c2ba5447e3b6,1752796799999999999,11411.58977325945419900399999,11411.589773259453,-1.8189894035458565e-12,True
MARGEN_2X,permanent,run_3f5d9cce8ff1c2ba5447e3b6,1752883199999999999,11413.84788084490812700399999,11413.847880844907,-1.8189894035458565e-12,True
MARGEN_2X,permanent,run_3f5d9cce8ff1c2ba5447e3b6,1752969599999999999,11416.46222360385057500399999,11416.46222360385,0.0,True
MARGEN_2X,permanent,run_3f5d9cce8ff1c2ba5447e3b6,1753055999999999999,11419.46556930514951100399999,11419.46556930515,0.0,True
MARGEN_2X,permanent,run_3f5d9cce8ff1c2ba5447e3b6,1753142399999999999,11422.49647279877301500399999,11422.496472798772,-1.8189894035458565e-12,True
MARGEN_2X,permanent,run_3f5d9cce8ff1c2ba5447e3b6,1753228799999999999,11420.63338903887505900399999,11420.633389038874,0.0,True
MARGEN_2X,permanent,run_3f5d9cce8ff1c2ba5447e3b6,1753315199999999999,11424.39063138298353500399999,11424.390631382983,0.0,True
MARGEN_2X,permanent,run_3f5d9cce8ff1c2ba5447e3b6,1753401599999999999,11426.87198345701399900399999,11426.871983457015,0.0,True
MARGEN_2X,permanent,run_3f5d9cce8ff1c2ba5447e3b6,1753487999999999999,11428.25121282864989300399999,11428.25121282865,0.0,True
MARGEN_2X,permanent,run_3f5d9cce8ff1c2ba5447e3b6,1753574399999999999,11431.31603512514870900399999,11431.316035125146,-1.8189894035458565e-12,True
MARGEN_2X,permanent,run_3f5d9cce8ff1c2ba5447e3b6,1753660799999999999,11431.24592737715291633379999,11431.245927377153,0.0,True
MARGEN_2X,permanent,run_3f5d9cce8ff1c2ba5447e3b6,1753747199999999999,11435.96341094228484633379999,11435.963410942288,3.637978807091713e-12,True
MARGEN_2X,permanent,run_3f5d9cce8ff1c2ba5447e3b6,1753833599999999999,11438.01778359406855129339999,11438.017783594069,0.0,True
MARGEN_2X,permanent,run_3f5d9cce8ff1c2ba5447e3b6,1753919999999999999,11439.55991556726170287679999,11439.55991556726,-1.8189894035458565e-12,True
MARGEN_2X,permanent,run_3f5d9cce8ff1c2ba5447e3b6,1754006399999999999,11440.79378640971411309919999,11440.793786409713,-1.8189894035458565e-12,True
BASE_E3,conditional,run_ad71d751b20623006c195ff3,1754092799999999999,10786.06989667716593690000000,10786.069896677165,0.0,True
BASE_E3,conditional,run_ad71d751b20623006c195ff3,1754179199999999999,10786.05998976876593690000000,10786.059989768764,-1.8189894035458565e-12,True
BASE_E3,conditional,run_ad71d751b20623006c195ff3,1754265599999999999,10786.07652233656593690000000,10786.076522336565,0.0,True
BASE_E3,conditional,run_ad71d751b20623006c195ff3,1754351999999999999,10786.09125340956593690000000,10786.091253409564,-1.8189894035458565e-12,True
BASE_E3,conditional,run_ad71d751b20623006c195ff3,1754438399999999999,10786.08024854696593690000000,10786.080248546965,-1.8189894035458565e-12,True
BASE_E3,conditional,run_ad71d751b20623006c195ff3,1754524799999999999,10786.08940480456593690000000,10786.089404804565,-1.8189894035458565e-12,True
BASE_E3,conditional,run_ad71d751b20623006c195ff3,1754611199999999999,10786.11694825196593690000000,10786.116948251965,0.0,True
BASE_E3,conditional,run_ad71d751b20623006c195ff3,1754697599999999999,10786.11428013236593690000000,10786.114280132364,-1.8189894035458565e-12,True
BASE_E3,conditional,run_ad71d751b20623006c195ff3,1754783999999999999,10786.12191518336593690000000,10786.121915183365,-1.8189894035458565e-12,True
BASE_E3,conditional,run_ad71d751b20623006c195ff3,1754870399999999999,10786.14342356896593690000000,10786.143423568965,-1.8189894035458565e-12,True
BASE_E3,conditional,run_ad71d751b20623006c195ff3,1754956799999999999,10786.13773472456593690000000,10786.137734724565,0.0,True
BASE_E3,conditional,run_ad71d751b20623006c195ff3,1755043199999999999,10786.16265057416593690000000,10786.162650574164,-1.8189894035458565e-12,True
BASE_E3,conditional,run_ad71d751b20623006c195ff3,1755129599999999999,10786.19274784216593690000000,10786.192747842164,-1.8189894035458565e-12,True
BASE_E3,conditional,run_ad71d751b20623006c195ff3,1755215999999999999,10786.14629518976593690000000,10786.146295189765,-1.8189894035458565e-12,True
BASE_E3,conditional,run_ad71d751b20623006c195ff3,1755302399999999999,10786.13492681076593690000000,10786.134926810764,-1.8189894035458565e-12,True
BASE_E3,conditional,run_ad71d751b20623006c195ff3,1755388799999999999,10786.13501971656593690000000,10786.135019716565,-1.8189894035458565e-12,True
BASE_E3,conditional,run_ad71d751b20623006c195ff3,1755475199999999999,10786.13658529596593690000000,10786.136585295964,-1.8189894035458565e-12,True
BASE_E3,conditional,run_ad71d751b20623006c195ff3,1755561599999999999,10786.12157873536593690000000,10786.121578735365,-1.8189894035458565e-12,True
BASE_E3,conditional,run_ad71d751b20623006c195ff3,1755647999999999999,10786.08670804636593690000000,10786.086708046365,-1.8189894035458565e-12,True
BASE_E3,conditional,run_ad71d751b20623006c195ff3,1755734399999999999,10786.10756399736593690000000,10786.107563997364,-1.8189894035458565e-12,True
BASE_E3,conditional,run_ad71d751b20623006c195ff3,1755820799999999999,10786.08943687956593690000000,10786.089436879565,0.0,True
BASE_E3,conditional,run_ad71d751b20623006c195ff3,1755907199999999999,10786.14620836016593690000000,10786.146208360165,0.0,True
BASE_E3,conditional,run_ad71d751b20623006c195ff3,1755993599999999999,10786.13286054176593690000000,10786.132860541766,0.0,True
BASE_E3,conditional,run_ad71d751b20623006c195ff3,1756079999999999999,10786.11772953136593690000000,10786.117729531365,-1.8189894035458565e-12,True
BASE_E3,conditional,run_ad71d751b20623006c195ff3,1756166399999999999,10786.07672197976593690000000,10786.076721979765,0.0,True
BASE_E3,conditional,run_ad71d751b20623006c195ff3,1756252799999999999,10786.09772144376593690000000,10786.097721443764,-1.8189894035458565e-12,True
BASE_E3,conditional,run_ad71d751b20623006c195ff3,1756339199999999999,10786.09036257296593690000000,10786.090362572964,-1.8189894035458565e-12,True
BASE_E3,conditional,run_ad71d751b20623006c195ff3,1756425599999999999,10786.10058982456593690000000,10786.100589824564,-1.8189894035458565e-12,True
BASE_E3,conditional,run_ad71d751b20623006c195ff3,1756511999999999999,10786.06275497956593690000000,10786.062754979564,-1.8189894035458565e-12,True
BASE_E3,conditional,run_ad71d751b20623006c195ff3,1756598399999999999,10786.06678236156593690000000,10786.066782361564,-1.8189894035458565e-12,True
BASE_E3,conditional,run_ad71d751b20623006c195ff3,1756684799999999999,10786.06268619156593690000000,10786.062686191564,-1.8189894035458565e-12,True
BASE_E3,permanent,run_dfea4b7ac1475668d5968c97,1754092799999999999,11491.91466103369270765079999,11491.914661033694,1.8189894035458565e-12,True
BASE_E3,permanent,run_dfea4b7ac1475668d5968c97,1754179199999999999,11492.40859208938479170839999,11492.408592089385,0.0,True
BASE_E3,permanent,run_dfea4b7ac1475668d5968c97,1754265599999999999,11493.48444706404117023599999,11493.484447064042,0.0,True
BASE_E3,permanent,run_dfea4b7ac1475668d5968c97,1754351999999999999,11494.19422423682898796919999,11494.19422423683,0.0,True
BASE_E3,permanent,run_dfea4b7ac1475668d5968c97,1754438399999999999,11495.36452682821204155199999,11495.364526828213,0.0,True
BASE_E3,permanent,run_dfea4b7ac1475668d5968c97,1754524799999999999,11496.45282853016729477159999,11496.452828530168,0.0,True
BASE_E3,permanent,run_dfea4b7ac1475668d5968c97,1754611199999999999,11497.99390194671123132399999,11497.99390194671,-1.8189894035458565e-12,True
BASE_E3,permanent,run_dfea4b7ac1475668d5968c97,1754697599999999999,11492.90224356130463278289999,11492.902243561304,0.0,True
BASE_E3,permanent,run_dfea4b7ac1475668d5968c97,1754783999999999999,11493.52483457755135676219999,11493.52483457755,0.0,True
BASE_E3,permanent,run_dfea4b7ac1475668d5968c97,1754870399999999999,11494.20347236041635676219999,11494.203472360416,0.0,True
BASE_E3,permanent,run_dfea4b7ac1475668d5968c97,1754956799999999999,11495.48669841419178776219999,11495.486698414192,0.0,True
BASE_E3,permanent,run_dfea4b7ac1475668d5968c97,1755043199999999999,11496.24381479962967476219999,11496.243814799629,0.0,True
BASE_E3,permanent,run_dfea4b7ac1475668d5968c97,1755129599999999999,11496.10105233193301776219999,11496.101052331933,0.0,True
BASE_E3,permanent,run_dfea4b7ac1475668d5968c97,1755215999999999999,11500.50702208782189976219999,11500.507022087822,0.0,True
BASE_E3,permanent,run_dfea4b7ac1475668d5968c97,1755302399999999999,11501.50739341647257559639999,11501.507393416472,0.0,True
BASE_E3,permanent,run_dfea4b7ac1475668d5968c97,1755388799999999999,11503.64363249969699760699999,11503.643632499698,0.0,True
BASE_E3,permanent,run_dfea4b7ac1475668d5968c97,1755475199999999999,11504.33389252393013862459999,11504.33389252393,0.0,True
BASE_E3,permanent,run_dfea4b7ac1475668d5968c97,1755561599999999999,11505.51605755658130111889999,11505.516057556582,1.8189894035458565e-12,True
BASE_E3,permanent,run_dfea4b7ac1475668d5968c97,1755647999999999999,11506.97582520185330111889999,11506.975825201855,1.8189894035458565e-12,True
BASE_E3,permanent,run_dfea4b7ac1475668d5968c97,1755734399999999999,11507.35950668335486530729999,11507.359506683353,-1.8189894035458565e-12,True
BASE_E3,permanent,run_dfea4b7ac1475668d5968c97,1755820799999999999,11507.99038354198910422809999,11507.990383541988,-1.8189894035458565e-12,True
BASE_E3,permanent,run_dfea4b7ac1475668d5968c97,1755907199999999999,11508.81876788726502760009999,11508.818767887265,0.0,True
BASE_E3,permanent,run_dfea4b7ac1475668d5968c97,1755993599999999999,11511.83169952259134860409999,11511.83169952259,0.0,True
BASE_E3,permanent,run_dfea4b7ac1475668d5968c97,1756079999999999999,11514.52786642375923160409999,11514.527866423758,-1.8189894035458565e-12,True
BASE_E3,permanent,run_dfea4b7ac1475668d5968c97,1756166399999999999,11515.48008245955859952599999,11515.480082459557,-1.8189894035458565e-12,True
BASE_E3,permanent,run_dfea4b7ac1475668d5968c97,1756252799999999999,11516.40059339850697121169999,11516.400593398506,0.0,True
BASE_E3,permanent,run_dfea4b7ac1475668d5968c97,1756339199999999999,11515.72064266636472422749999,11515.720642666363,-1.8189894035458565e-12,True
BASE_E3,permanent,run_dfea4b7ac1475668d5968c97,1756425599999999999,11517.53483464924491170349999,11517.534834649245,0.0,True
BASE_E3,permanent,run_dfea4b7ac1475668d5968c97,1756511999999999999,11517.82121241480258937669999,11517.821212414803,0.0,True
BASE_E3,permanent,run_dfea4b7ac1475668d5968c97,1756598399999999999,11519.07904988777748937669999,11519.079049887778,0.0,True
BASE_E3,permanent,run_dfea4b7ac1475668d5968c97,1756684799999999999,11518.87448878826315053959999,11518.874488788264,0.0,True
MARGEN_2X,conditional,run_70383794701c4f0fc157b2ed,1754092799999999999,10697.53672183700859872900000,10697.53672183701,1.8189894035458565e-12,True
MARGEN_2X,conditional,run_70383794701c4f0fc157b2ed,1754179199999999999,10697.53174201560859872900000,10697.53174201561,1.8189894035458565e-12,True
MARGEN_2X,conditional,run_70383794701c4f0fc157b2ed,1754265599999999999,10697.53916850040859872900000,10697.539168500409,0.0,True
MARGEN_2X,conditional,run_70383794701c4f0fc157b2ed,1754351999999999999,10697.54779192640859872900000,10697.547791926409,0.0,True
MARGEN_2X,conditional,run_70383794701c4f0fc157b2ed,1754438399999999999,10697.54225810680859872900000,10697.542258106809,0.0,True
MARGEN_2X,conditional,run_70383794701c4f0fc157b2ed,1754524799999999999,10697.54658319540859872900000,10697.54658319541,1.8189894035458565e-12,True
MARGEN_2X,conditional,run_70383794701c4f0fc157b2ed,1754611199999999999,10697.55982905180859872900000,10697.55982905181,1.8189894035458565e-12,True
MARGEN_2X,conditional,run_70383794701c4f0fc157b2ed,1754697599999999999,10697.56035083120859872900000,10697.560350831209,0.0,True
MARGEN_2X,conditional,run_70383794701c4f0fc157b2ed,1754783999999999999,10697.56691906520859872900000,10697.56691906521,1.8189894035458565e-12,True
MARGEN_2X,conditional,run_70383794701c4f0fc157b2ed,1754870399999999999,10697.57439762180859872900000,10697.57439762181,0.0,True
MARGEN_2X,conditional,run_70383794701c4f0fc157b2ed,1754956799999999999,10697.57195547640859872900000,10697.57195547641,0.0,True
MARGEN_2X,conditional,run_70383794701c4f0fc157b2ed,1755043199999999999,10697.58638436200859872900000,10697.58638436201,1.8189894035458565e-12,True
MARGEN_2X,conditional,run_70383794701c4f0fc157b2ed,1755129599999999999,10697.59950968700859872900000,10697.59950968701,1.8189894035458565e-12,True
MARGEN_2X,conditional,run_70383794701c4f0fc157b2ed,1755215999999999999,10697.57989775760859872900000,10697.579897757609,0.0,True
MARGEN_2X,conditional,run_70383794701c4f0fc157b2ed,1755302399999999999,10697.57420331860859872900000,10697.574203318609,0.0,True
MARGEN_2X,conditional,run_70383794701c4f0fc157b2ed,1755388799999999999,10697.57401940140859872900000,10697.574019401409,0.0,True
MARGEN_2X,conditional,run_70383794701c4f0fc157b2ed,1755475199999999999,10697.57529600680859872900000,10697.57529600681,0.0,True
MARGEN_2X,conditional,run_70383794701c4f0fc157b2ed,1755561599999999999,10697.56756695720859872900000,10697.56756695721,1.8189894035458565e-12,True
MARGEN_2X,conditional,run_70383794701c4f0fc157b2ed,1755647999999999999,10697.55157305620859872900000,10697.55157305621,0.0,True
MARGEN_2X,conditional,run_70383794701c4f0fc157b2ed,1755734399999999999,10697.56294913520859872900000,10697.56294913521,1.8189894035458565e-12,True
MARGEN_2X,conditional,run_70383794701c4f0fc157b2ed,1755820799999999999,10697.55484067740859872900000,10697.554840677409,0.0,True
MARGEN_2X,conditional,run_70383794701c4f0fc157b2ed,1755907199999999999,10697.58423064800859872900000,10697.58423064801,1.8189894035458565e-12,True
MARGEN_2X,conditional,run_70383794701c4f0fc157b2ed,1755993599999999999,10697.57869185460859872900000,10697.57869185461,0.0,True
MARGEN_2X,conditional,run_70383794701c4f0fc157b2ed,1756079999999999999,10697.57337038720859872900000,10697.57337038721,1.8189894035458565e-12,True
MARGEN_2X,conditional,run_70383794701c4f0fc157b2ed,1756166399999999999,10697.55259621760859872900000,10697.552596217609,0.0,True
MARGEN_2X,conditional,run_70383794701c4f0fc157b2ed,1756252799999999999,10697.56352363660859872900000,10697.563523636609,0.0,True
MARGEN_2X,conditional,run_70383794701c4f0fc157b2ed,1756339199999999999,10697.55948540580859872900000,10697.559485405809,0.0,True
MARGEN_2X,conditional,run_70383794701c4f0fc157b2ed,1756425599999999999,10697.56315372840859872900000,10697.56315372841,1.8189894035458565e-12,True
MARGEN_2X,conditional,run_70383794701c4f0fc157b2ed,1756511999999999999,10697.54746863440859872900000,10697.54746863441,1.8189894035458565e-12,True
MARGEN_2X,conditional,run_70383794701c4f0fc157b2ed,1756598399999999999,10697.54912368340859872900000,10697.54912368341,1.8189894035458565e-12,True
MARGEN_2X,conditional,run_70383794701c4f0fc157b2ed,1756684799999999999,10697.54790050840859872900000,10697.547900508409,0.0,True
MARGEN_2X,permanent,run_3f5d9cce8ff1c2ba5447e3b6,1754092799999999999,11440.64898753640479349559999,11440.648987536406,1.8189894035458565e-12,True
MARGEN_2X,permanent,run_3f5d9cce8ff1c2ba5447e3b6,1754179199999999999,11441.14027601326167755319999,11441.140276013262,0.0,True
MARGEN_2X,permanent,run_3f5d9cce8ff1c2ba5447e3b6,1754265599999999999,11442.21012494332699922959999,11442.210124943327,0.0,True
MARGEN_2X,permanent,run_3f5d9cce8ff1c2ba5447e3b6,1754351999999999999,11442.92884284629637319879999,11442.928842846295,-1.8189894035458565e-12,True
MARGEN_2X,permanent,run_3f5d9cce8ff1c2ba5447e3b6,1754438399999999999,11444.09581099722238053759999,11444.095810997223,1.8189894035458565e-12,True
MARGEN_2X,permanent,run_3f5d9cce8ff1c2ba5447e3b6,1754524799999999999,11445.18052818760833571479999,11445.180528187608,0.0,True
MARGEN_2X,permanent,run_3f5d9cce8ff1c2ba5447e3b6,1754611199999999999,11446.69192096465264284559999,11446.691920964653,0.0,True
MARGEN_2X,permanent,run_3f5d9cce8ff1c2ba5447e3b6,1754697599999999999,11443.51693066475795026449999,11443.516930664759,0.0,True
MARGEN_2X,permanent,run_3f5d9cce8ff1c2ba5447e3b6,1754783999999999999,11444.16012136600467424379999,11444.160121366003,-1.8189894035458565e-12,True
MARGEN_2X,permanent,run_3f5d9cce8ff1c2ba5447e3b6,1754870399999999999,11444.81555747276967424379999,11444.815557472768,-1.8189894035458565e-12,True
MARGEN_2X,permanent,run_3f5d9cce8ff1c2ba5447e3b6,1754956799999999999,11446.10150053144510524379999,11446.101500531444,-1.8189894035458565e-12,True
MARGEN_2X,permanent,run_3f5d9cce8ff1c2ba5447e3b6,1755043199999999999,11446.87422176928299224379999,11446.874221769283,0.0,True
MARGEN_2X,permanent,run_3f5d9cce8ff1c2ba5447e3b6,1755129599999999999,11446.70775095008633524379999,11446.707750950089,1.8189894035458565e-12,True
MARGEN_2X,permanent,run_3f5d9cce8ff1c2ba5447e3b6,1755215999999999999,11451.15349913712521824379999,11451.153499137125,0.0,True
MARGEN_2X,permanent,run_3f5d9cce8ff1c2ba5447e3b6,1755302399999999999,11452.16225931992035464759999,11452.162259319923,1.8189894035458565e-12,True
MARGEN_2X,permanent,run_3f5d9cce8ff1c2ba5447e3b6,1755388799999999999,11454.29154602190475036699999,11454.291546021905,0.0,True
MARGEN_2X,permanent,run_3f5d9cce8ff1c2ba5447e3b6,1755475199999999999,11454.98081191663179138459999,11454.980811916632,0.0,True
MARGEN_2X,permanent,run_3f5d9cce8ff1c2ba5447e3b6,1755561599999999999,11456.17221291388676063839999,11456.172212913887,0.0,True
MARGEN_2X,permanent,run_3f5d9cce8ff1c2ba5447e3b6,1755647999999999999,11457.66068202065876063839999,11457.660682020658,0.0,True
MARGEN_2X,permanent,run_3f5d9cce8ff1c2ba5447e3b6,1755734399999999999,11458.03709919515026711179999,11458.037099195151,1.8189894035458565e-12,True
MARGEN_2X,permanent,run_3f5d9cce8ff1c2ba5447e3b6,1755820799999999999,11458.86241569048050603259999,11458.86241569048,0.0,True
MARGEN_2X,permanent,run_3f5d9cce8ff1c2ba5447e3b6,1755907199999999999,11459.68616063451749422059999,11459.686160634517,0.0,True
MARGEN_2X,permanent,run_3f5d9cce8ff1c2ba5447e3b6,1755993599999999999,11462.63829897116373985779999,11462.638298971162,-1.8189894035458565e-12,True
MARGEN_2X,permanent,run_3f5d9cce8ff1c2ba5447e3b6,1756079999999999999,11465.31879827254028085779999,11465.318798272541,1.8189894035458565e-12,True
MARGEN_2X,permanent,run_3f5d9cce8ff1c2ba5447e3b6,1756166399999999999,11466.23499050740962417289999,11466.23499050741,0.0,True
MARGEN_2X,permanent,run_3f5d9cce8ff1c2ba5447e3b6,1756252799999999999,11467.13098982235940281679999,11467.130989822359,0.0,True
MARGEN_2X,permanent,run_3f5d9cce8ff1c2ba5447e3b6,1756339199999999999,11466.44365713479895383499999,11466.443657134801,1.8189894035458565e-12,True
MARGEN_2X,permanent,run_3f5d9cce8ff1c2ba5447e3b6,1756425599999999999,11468.21970754054417211529999,11468.219707540542,-1.8189894035458565e-12,True
MARGEN_2X,permanent,run_3f5d9cce8ff1c2ba5447e3b6,1756511999999999999,11468.51344400064372930959999,11468.513444000644,0.0,True
MARGEN_2X,permanent,run_3f5d9cce8ff1c2ba5447e3b6,1756598399999999999,11469.73233419114642930959999,11469.732334191147,0.0,True
MARGEN_2X,permanent,run_3f5d9cce8ff1c2ba5447e3b6,1756684799999999999,11469.53863346953670533369999,11469.538633469538,1.8189894035458565e-12,True
BASE_E3,conditional,run_ad71d751b20623006c195ff3,1756771199999999999,10786.06805599656593690000000,10786.068055996564,-1.8189894035458565e-12,True
BASE_E3,conditional,run_ad71d751b20623006c195ff3,1756857599999999999,10786.08354703856593690000000,10786.083547038565,-1.8189894035458565e-12,True
BASE_E3,conditional,run_ad71d751b20623006c195ff3,1756943999999999999,10786.09154328476593690000000,10786.091543284765,0.0,True
BASE_E3,conditional,run_ad71d751b20623006c195ff3,1757030399999999999,10786.07853260316593690000000,10786.078532603166,0.0,True
BASE_E3,conditional,run_ad71d751b20623006c195ff3,1757116799999999999,10786.07846391856593690000000,10786.078463918564,-1.8189894035458565e-12,True
BASE_E3,conditional,run_ad71d751b20623006c195ff3,1757203199999999999,10786.07373890496593690000000,10786.073738904965,-1.8189894035458565e-12,True
BASE_E3,conditional,run_ad71d751b20623006c195ff3,1757289599999999999,10786.08257622216593690000000,10786.082576222165,-1.8189894035458565e-12,True
BASE_E3,conditional,run_ad71d751b20623006c195ff3,1757375999999999999,10786.08961978976593690000000,10786.089619789765,0.0,True
BASE_E3,conditional,run_ad71d751b20623006c195ff3,1757462399999999999,10786.08523670496593690000000,10786.085236704965,-1.8189894035458565e-12,True
BASE_E3,conditional,run_ad71d751b20623006c195ff3,1757548799999999999,10786.10568469216593690000000,10786.105684692166,0.0,True
BASE_E3,conditional,run_ad71d751b20623006c195ff3,1757635199999999999,10786.12151954536593690000000,10786.121519545364,-1.8189894035458565e-12,True
BASE_E3,conditional,run_ad71d751b20623006c195ff3,1757721599999999999,10786.13483867176593690000000,10786.134838671765,0.0,True
BASE_E3,conditional,run_ad71d751b20623006c195ff3,1757807999999999999,10786.13248864176593690000000,10786.132488641764,-1.8189894035458565e-12,True
BASE_E3,conditional,run_ad71d751b20623006c195ff3,1757894399999999999,10786.12581469796593690000000,10786.125814697965,0.0,True
BASE_E3,conditional,run_ad71d751b20623006c195ff3,1757980799999999999,10786.12310408076593690000000,10786.123104080765,0.0,True
BASE_E3,conditional,run_ad71d751b20623006c195ff3,1758067199999999999,10786.13304752456593690000000,10786.133047524565,-1.8189894035458565e-12,True
BASE_E3,conditional,run_ad71d751b20623006c195ff3,1758153599999999999,10786.13336796936593690000000,10786.133367969365,0.0,True
BASE_E3,conditional,run_ad71d751b20623006c195ff3,1758239999999999999,10786.13870610836593690000000,10786.138706108364,-1.8189894035458565e-12,True
BASE_E3,conditional,run_ad71d751b20623006c195ff3,1758326399999999999,10786.12300680076593690000000,10786.123006800764,-1.8189894035458565e-12,True
BASE_E3,conditional,run_ad71d751b20623006c195ff3,1758412799999999999,10786.12386344836593690000000,10786.123863448365,0.0,True
BASE_E3,conditional,run_ad71d751b20623006c195ff3,1758499199999999999,10786.11939682816593690000000,10786.119396828164,-1.8189894035458565e-12,True
BASE_E3,conditional,run_ad71d751b20623006c195ff3,1758585599999999999,10786.09024182256593690000000,10786.090241822565,0.0,True
BASE_E3,conditional,run_ad71d751b20623006c195ff3,1758671999999999999,10786.08372721856593690000000,10786.083727218565,0.0,True
BASE_E3,conditional,run_ad71d751b20623006c195ff3,1758758399999999999,10786.09333787476593690000000,10786.093337874765,-1.8189894035458565e-12,True
BASE_E3,conditional,run_ad71d751b20623006c195ff3,1758844799999999999,10786.04974193996593690000000,10786.049741939965,0.0,True
BASE_E3,conditional,run_ad71d751b20623006c195ff3,1758931199999999999,10786.06077150476593690000000,10786.060771504764,-1.8189894035458565e-12,True
BASE_E3,conditional,run_ad71d751b20623006c195ff3,1759017599999999999,10786.06011886376593690000000,10786.060118863765,-1.8189894035458565e-12,True
BASE_E3,conditional,run_ad71d751b20623006c195ff3,1759103999999999999,10786.08385263676593690000000,10786.083852636764,-1.8189894035458565e-12,True
BASE_E3,conditional,run_ad71d751b20623006c195ff3,1759190399999999999,10786.10389648716593690000000,10786.103896487164,-1.8189894035458565e-12,True
BASE_E3,conditional,run_ad71d751b20623006c195ff3,1759276799999999999,10786.09896497036593690000000,10786.098964970364,-1.8189894035458565e-12,True
BASE_E3,permanent,run_dfea4b7ac1475668d5968c97,1756771199999999999,11519.48478471121670509159999,11519.484784711216,0.0,True
BASE_E3,permanent,run_dfea4b7ac1475668d5968c97,1756857599999999999,11520.08098990614340418559999,11520.080989906144,0.0,True
BASE_E3,permanent,run_dfea4b7ac1475668d5968c97,1756943999999999999,11521.00694546310224281119999,11521.006945463105,1.8189894035458565e-12,True
BASE_E3,permanent,run_dfea4b7ac1475668d5968c97,1757030399999999999,11521.59394848319544841429999,11521.593948483194,-1.8189894035458565e-12,True
BASE_E3,permanent,run_dfea4b7ac1475668d5968c97,1757116799999999999,11522.04546608991632562949999,11522.045466089914,-1.8189894035458565e-12,True
BASE_E3,permanent,run_dfea4b7ac1475668d5968c97,1757203199999999999,11522.87524831132878771309999,11522.875248311331,1.8189894035458565e-12,True
BASE_E3,permanent,run_dfea4b7ac1475668d5968c97,1757289599999999999,11523.96537638395421829759999,11523.965376383956,1.8189894035458565e-12,True
BASE_E3,permanent,run_dfea4b7ac1475668d5968c97,1757375999999999999,11525.33876202917490046119999,11525.338762029174,0.0,True
BASE_E3,permanent,run_dfea4b7ac1475668d5968c97,1757462399999999999,11526.18967965975593099449999,11526.189679659758,1.8189894035458565e-12,True
BASE_E3,permanent,run_dfea4b7ac1475668d5968c97,1757548799999999999,11527.66100317949817658769999,11527.661003179499,0.0,True
BASE_E3,permanent,run_dfea4b7ac1475668d5968c97,1757635199999999999,11528.88350966057239235269999,11528.883509660573,0.0,True
BASE_E3,permanent,run_dfea4b7ac1475668d5968c97,1757721599999999999,11530.03684306060263926469999,11530.036843060603,0.0,True
BASE_E3,permanent,run_dfea4b7ac1475668d5968c97,1757807999999999999,11531.70965712157003754419999,11531.70965712157,0.0,True
BASE_E3,permanent,run_dfea4b7ac1475668d5968c97,1757894399999999999,11533.27137380309631495069999,11533.271373803096,0.0,True
BASE_E3,permanent,run_dfea4b7ac1475668d5968c97,1757980799999999999,11533.94452330237493686969999,11533.944523302376,1.8189894035458565e-12,True
BASE_E3,permanent,run_dfea4b7ac1475668d5968c97,1758067199999999999,11534.82588634240843686969999,11534.825886342407,-1.8189894035458565e-12,True
BASE_E3,permanent,run_dfea4b7ac1475668d5968c97,1758153599999999999,11536.16232686322701959219999,11536.162326863227,0.0,True
BASE_E3,permanent,run_dfea4b7ac1475668d5968c97,1758239999999999999,11537.26954370103881054219999,11537.269543701039,0.0,True
BASE_E3,permanent,run_dfea4b7ac1475668d5968c97,1758326399999999999,11538.24094697603635025919999,11538.240946976037,0.0,True
BASE_E3,permanent,run_dfea4b7ac1475668d5968c97,1758412799999999999,11538.35917493516757990219999,11538.359174935169,1.8189894035458565e-12,True
BASE_E3,permanent,run_dfea4b7ac1475668d5968c97,1758499199999999999,11537.62796874703429838419999,11537.627968747034,0.0,True
BASE_E3,permanent,run_dfea4b7ac1475668d5968c97,1758585599999999999,11537.72324368987269664119999,11537.723243689874,1.8189894035458565e-12,True
BASE_E3,permanent,run_dfea4b7ac1475668d5968c97,1758671999999999999,11539.32876313162856613669999,11539.328763131629,0.0,True
BASE_E3,permanent,run_dfea4b7ac1475668d5968c97,1758758399999999999,11539.32167818214906613669999,11539.321678182148,0.0,True
BASE_E3,permanent,run_dfea4b7ac1475668d5968c97,1758844799999999999,11538.93211014192039089049999,11538.932110141921,0.0,True
BASE_E3,permanent,run_dfea4b7ac1475668d5968c97,1758931199999999999,11540.14469062576969252299999,11540.144690625768,-1.8189894035458565e-12,True
BASE_E3,permanent,run_dfea4b7ac1475668d5968c97,1759017599999999999,11541.21012266360675973579999,11541.210122663606,0.0,True
BASE_E3,permanent,run_dfea4b7ac1475668d5968c97,1759103999999999999,11542.34323078207309183779999,11542.343230782073,0.0,True
BASE_E3,permanent,run_dfea4b7ac1475668d5968c97,1759190399999999999,11542.53271764889931132139999,11542.532717648897,-1.8189894035458565e-12,True
BASE_E3,permanent,run_dfea4b7ac1475668d5968c97,1759276799999999999,11543.56117444157114067579999,11543.56117444157,-1.8189894035458565e-12,True
MARGEN_2X,conditional,run_70383794701c4f0fc157b2ed,1756771199999999999,10697.54868212140859872900000,10697.548682121409,0.0,True
MARGEN_2X,conditional,run_70383794701c4f0fc157b2ed,1756857599999999999,10697.55429360840859872900000,10697.55429360841,0.0,True
MARGEN_2X,conditional,run_70383794701c4f0fc157b2ed,1756943999999999999,10697.55901232360859872900000,10697.559012323609,0.0,True
MARGEN_2X,conditional,run_70383794701c4f0fc157b2ed,1757030399999999999,10697.55209112400859872900000,10697.55209112401,0.0,True
MARGEN_2X,conditional,run_70383794701c4f0fc157b2ed,1757116799999999999,10697.55223258440859872900000,10697.552232584409,0.0,True
MARGEN_2X,conditional,run_70383794701c4f0fc157b2ed,1757203199999999999,10697.55004531480859872900000,10697.550045314809,0.0,True
MARGEN_2X,conditional,run_70383794701c4f0fc157b2ed,1757289599999999999,10697.55368484700859872900000,10697.55368484701,0.0,True
MARGEN_2X,conditional,run_70383794701c4f0fc157b2ed,1757375999999999999,10697.55619541860859872900000,10697.556195418609,0.0,True
MARGEN_2X,conditional,run_70383794701c4f0fc157b2ed,1757462399999999999,10697.55465829880859872900000,10697.55465829881,1.8189894035458565e-12,True
MARGEN_2X,conditional,run_70383794701c4f0fc157b2ed,1757548799999999999,10697.56250554700859872900000,10697.56250554701,1.8189894035458565e-12,True
MARGEN_2X,conditional,run_70383794701c4f0fc157b2ed,1757635199999999999,10697.56980619820859872900000,10697.56980619821,0.0,True
MARGEN_2X,conditional,run_70383794701c4f0fc157b2ed,1757721599999999999,10697.57836691460859872900000,10697.57836691461,0.0,True
MARGEN_2X,conditional,run_70383794701c4f0fc157b2ed,1757807999999999999,10697.57686959960859872900000,10697.57686959961,1.8189894035458565e-12,True
MARGEN_2X,conditional,run_70383794701c4f0fc157b2ed,1757894399999999999,10697.57356611980859872900000,10697.573566119809,0.0,True
MARGEN_2X,conditional,run_70383794701c4f0fc157b2ed,1757980799999999999,10697.57136101860859872900000,10697.571361018609,0.0,True
MARGEN_2X,conditional,run_70383794701c4f0fc157b2ed,1758067199999999999,10697.57450946840859872900000,10697.57450946841,1.8189894035458565e-12,True
MARGEN_2X,conditional,run_70383794701c4f0fc157b2ed,1758153599999999999,10697.57599463920859872900000,10697.57599463921,1.8189894035458565e-12,True
MARGEN_2X,conditional,run_70383794701c4f0fc157b2ed,1758239999999999999,10697.57786114420859872900000,10697.57786114421,0.0,True
MARGEN_2X,conditional,run_70383794701c4f0fc157b2ed,1758326399999999999,10697.57047020360859872900000,10697.57047020361,0.0,True
MARGEN_2X,conditional,run_70383794701c4f0fc157b2ed,1758412799999999999,10697.57095955720859872900000,10697.57095955721,1.8189894035458565e-12,True
MARGEN_2X,conditional,run_70383794701c4f0fc157b2ed,1758499199999999999,10697.56889202600859872900000,10697.568892026009,0.0,True
MARGEN_2X,conditional,run_70383794701c4f0fc157b2ed,1758585599999999999,10697.55476291240859872900000,10697.554762912408,0.0,True
MARGEN_2X,conditional,run_70383794701c4f0fc157b2ed,1758671999999999999,10697.55192347840859872900000,10697.55192347841,1.8189894035458565e-12,True
MARGEN_2X,conditional,run_70383794701c4f0fc157b2ed,1758758399999999999,10697.55514525760859872900000,10697.55514525761,0.0,True
MARGEN_2X,conditional,run_70383794701c4f0fc157b2ed,1758844799999999999,10697.53535424880859872900000,10697.53535424881,1.8189894035458565e-12,True
MARGEN_2X,conditional,run_70383794701c4f0fc157b2ed,1758931199999999999,10697.54176969160859872900000,10697.54176969161,1.8189894035458565e-12,True
MARGEN_2X,conditional,run_70383794701c4f0fc157b2ed,1759017599999999999,10697.54131130460859872900000,10697.541311304609,0.0,True
MARGEN_2X,conditional,run_70383794701c4f0fc157b2ed,1759103999999999999,10697.55160913060859872900000,10697.551609130609,0.0,True
MARGEN_2X,conditional,run_70383794701c4f0fc157b2ed,1759190399999999999,10697.55981827700859872900000,10697.55981827701,1.8189894035458565e-12,True
MARGEN_2X,conditional,run_70383794701c4f0fc157b2ed,1759276799999999999,10697.55702574320859872900000,10697.55702574321,1.8189894035458565e-12,True
MARGEN_2X,permanent,run_3f5d9cce8ff1c2ba5447e3b6,1756771199999999999,11470.10797866646426362969999,11470.107978666463,-1.8189894035458565e-12,True
MARGEN_2X,permanent,run_3f5d9cce8ff1c2ba5447e3b6,1756857599999999999,11470.66358023398038275389999,11470.66358023398,0.0,True
MARGEN_2X,permanent,run_3f5d9cce8ff1c2ba5447e3b6,1756943999999999999,11471.58697343465987771879999,11471.58697343466,0.0,True
MARGEN_2X,permanent,run_3f5d9cce8ff1c2ba5447e3b6,1757030399999999999,11471.94926632157375900149999,11471.949266321573,0.0,True
MARGEN_2X,permanent,run_3f5d9cce8ff1c2ba5447e3b6,1757116799999999999,11472.42856681723501431109999,11472.428566817236,1.8189894035458565e-12,True
MARGEN_2X,permanent,run_3f5d9cce8ff1c2ba5447e3b6,1757203199999999999,11473.27625068313207821389999,11473.276250683131,0.0,True
MARGEN_2X,permanent,run_3f5d9cce8ff1c2ba5447e3b6,1757289599999999999,11474.38493118562741459669999,11474.384931185628,1.8189894035458565e-12,True
MARGEN_2X,permanent,run_3f5d9cce8ff1c2ba5447e3b6,1757375999999999999,11475.77364896211762833669999,11475.773648962118,0.0,True
MARGEN_2X,permanent,run_3f5d9cce8ff1c2ba5447e3b6,1757462399999999999,11476.64730173982994549389999,11476.647301739831,1.8189894035458565e-12,True
MARGEN_2X,permanent,run_3f5d9cce8ff1c2ba5447e3b6,1757548799999999999,11478.14793668319908647369999,11478.147936683199,0.0,True
MARGEN_2X,permanent,run_3f5d9cce8ff1c2ba5447e3b6,1757635199999999999,11479.37517273752244276419999,11479.375172737522,0.0,True
MARGEN_2X,permanent,run_3f5d9cce8ff1c2ba5447e3b6,1757721599999999999,11480.54553283620464414659999,11480.545532836204,0.0,True
MARGEN_2X,permanent,run_3f5d9cce8ff1c2ba5447e3b6,1757807999999999999,11482.21489375360741186249999,11482.214893753608,0.0,True
MARGEN_2X,permanent,run_3f5d9cce8ff1c2ba5447e3b6,1757894399999999999,11483.79946170549844820129999,11483.7994617055,0.0,True
MARGEN_2X,permanent,run_3f5d9cce8ff1c2ba5447e3b6,1757980799999999999,11484.49026980922965222009999,11484.49026980923,0.0,True
MARGEN_2X,permanent,run_3f5d9cce8ff1c2ba5447e3b6,1758067199999999999,11485.39654340877385222009999,11485.396543408773,0.0,True
MARGEN_2X,permanent,run_3f5d9cce8ff1c2ba5447e3b6,1758153599999999999,11486.74413298484790532709999,11486.744132984848,0.0,True
MARGEN_2X,permanent,run_3f5d9cce8ff1c2ba5447e3b6,1758239999999999999,11487.40075565087450014709999,11487.400755650875,0.0,True
MARGEN_2X,permanent,run_3f5d9cce8ff1c2ba5447e3b6,1758326399999999999,11488.35233751853171317879999,11488.352337518532,0.0,True
MARGEN_2X,permanent,run_3f5d9cce8ff1c2ba5447e3b6,1758412799999999999,11488.46313002685141323729999,11488.463130026854,1.8189894035458565e-12,True
MARGEN_2X,permanent,run_3f5d9cce8ff1c2ba5447e3b6,1758499199999999999,11487.75375078064631596999999,11487.753750780646,0.0,True
MARGEN_2X,permanent,run_3f5d9cce8ff1c2ba5447e3b6,1758585599999999999,11487.84295501163028428509999,11487.84295501163,0.0,True
MARGEN_2X,permanent,run_3f5d9cce8ff1c2ba5447e3b6,1758671999999999999,11489.40477657256298588269999,11489.404776572563,0.0,True
MARGEN_2X,permanent,run_3f5d9cce8ff1c2ba5447e3b6,1758758399999999999,11489.39575424199858588269999,11489.395754242,0.0,True
MARGEN_2X,permanent,run_3f5d9cce8ff1c2ba5447e3b6,1758844799999999999,11488.84631139420728851029999,11488.846311394209,1.8189894035458565e-12,True
MARGEN_2X,permanent,run_3f5d9cce8ff1c2ba5447e3b6,1758931199999999999,11490.05115104823433517279999,11490.051151048234,0.0,True
MARGEN_2X,permanent,run_3f5d9cce8ff1c2ba5447e3b6,1759017599999999999,11491.11498895728358630239999,11491.114988957283,-1.8189894035458565e-12,True
MARGEN_2X,permanent,run_3f5d9cce8ff1c2ba5447e3b6,1759103999999999999,11492.24102838211266312439999,11492.241028382112,0.0,True
MARGEN_2X,permanent,run_3f5d9cce8ff1c2ba5447e3b6,1759190399999999999,11492.42895308467438446559999,11492.428953084673,-1.8189894035458565e-12,True
MARGEN_2X,permanent,run_3f5d9cce8ff1c2ba5447e3b6,1759276799999999999,11493.45751504629040357039999,11493.45751504629,0.0,True
BASE_E3,conditional,run_ad71d751b20623006c195ff3,1759363199999999999,10786.14173772916593690000000,10786.141737729165,0.0,True
BASE_E3,conditional,run_ad71d751b20623006c195ff3,1759449599999999999,10786.16166521416593690000000,10786.161665214166,0.0,True
BASE_E3,conditional,run_ad71d751b20623006c195ff3,1759535999999999999,10786.17545402896593690000000,10786.175454028964,-1.8189894035458565e-12,True
BASE_E3,conditional,run_ad71d751b20623006c195ff3,1759622399999999999,10786.17592197976593690000000,10786.175921979764,-1.8189894035458565e-12,True
BASE_E3,conditional,run_ad71d751b20623006c195ff3,1759708799999999999,10786.18535884696593690000000,10786.185358846964,-1.8189894035458565e-12,True
BASE_E3,conditional,run_ad71d751b20623006c195ff3,1759795199999999999,10786.20112407556593690000000,10786.201124075566,0.0,True
BASE_E3,conditional,run_ad71d751b20623006c195ff3,1759881599999999999,10786.16675617316593690000000,10786.166756173165,-1.8189894035458565e-12,True
BASE_E3,conditional,run_ad71d751b20623006c195ff3,1759967999999999999,10786.18446688456593690000000,10786.184466884564,-1.8189894035458565e-12,True
BASE_E3,conditional,run_ad71d751b20623006c195ff3,1760054399999999999,10786.16587332776593690000000,10786.165873327765,0.0,True
BASE_E3,conditional,run_ad71d751b20623006c195ff3,1760140799999999999,10786.07919804456593690000000,10786.079198044565,-1.8189894035458565e-12,True
BASE_E3,conditional,run_ad71d751b20623006c195ff3,1760227199999999999,10786.05829670796593690000000,10786.058296707964,-1.8189894035458565e-12,True
BASE_E3,conditional,run_ad71d751b20623006c195ff3,1760313599999999999,10786.10681623696593690000000,10786.106816236965,-1.8189894035458565e-12,True
BASE_E3,conditional,run_ad71d751b20623006c195ff3,1760399999999999999,10786.11095560356593690000000,10786.110955603564,-1.8189894035458565e-12,True
BASE_E3,conditional,run_ad71d751b20623006c195ff3,1760486399999999999,10786.09044232256593690000000,10786.090442322566,0.0,True
BASE_E3,conditional,run_ad71d751b20623006c195ff3,1760572799999999999,10786.06756990436593690000000,10786.067569904364,-1.8189894035458565e-12,True
BASE_E3,conditional,run_ad71d751b20623006c195ff3,1760659199999999999,10786.04401957496593690000000,10786.044019574965,0.0,True
BASE_E3,conditional,run_ad71d751b20623006c195ff3,1760745599999999999,10786.02871043976593690000000,10786.028710439765,-1.8189894035458565e-12,True
BASE_E3,conditional,run_ad71d751b20623006c195ff3,1760831999999999999,10786.03661025216593690000000,10786.036610252166,0.0,True
BASE_E3,conditional,run_ad71d751b20623006c195ff3,1760918399999999999,10786.05103802596593690000000,10786.051038025966,0.0,True
BASE_E3,conditional,run_ad71d751b20623006c195ff3,1761004799999999999,10786.06567387136593690000000,10786.065673871364,-1.8189894035458565e-12,True
BASE_E3,conditional,run_ad71d751b20623006c195ff3,1761091199999999999,10786.04548391016593690000000,10786.045483910164,-1.8189894035458565e-12,True
BASE_E3,conditional,run_ad71d751b20623006c195ff3,1761177599999999999,10786.03680411036593690000000,10786.036804110365,-1.8189894035458565e-12,True
BASE_E3,conditional,run_ad71d751b20623006c195ff3,1761263999999999999,10786.05722110736593690000000,10786.057221107365,-1.8189894035458565e-12,True
BASE_E3,conditional,run_ad71d751b20623006c195ff3,1761350399999999999,10786.06767822316593690000000,10786.067678223164,-1.8189894035458565e-12,True
BASE_E3,conditional,run_ad71d751b20623006c195ff3,1761436799999999999,10786.07308351336593690000000,10786.073083513365,0.0,True
BASE_E3,conditional,run_ad71d751b20623006c195ff3,1761523199999999999,10786.10302079716593690000000,10786.103020797165,0.0,True
BASE_E3,conditional,run_ad71d751b20623006c195ff3,1761609599999999999,10786.09869309396593690000000,10786.098693093965,0.0,True
BASE_E3,conditional,run_ad71d751b20623006c195ff3,1761695999999999999,10786.08408161096593690000000,10786.084081610965,-1.8189894035458565e-12,True
BASE_E3,conditional,run_ad71d751b20623006c195ff3,1761782399999999999,10786.05887956096593690000000,10786.058879560966,0.0,True
BASE_E3,conditional,run_ad71d751b20623006c195ff3,1761868799999999999,10786.04218283356593690000000,10786.042182833566,0.0,True
BASE_E3,conditional,run_ad71d751b20623006c195ff3,1761955199999999999,10786.05374985136593690000000,10786.053749851364,-1.8189894035458565e-12,True
BASE_E3,permanent,run_dfea4b7ac1475668d5968c97,1759363199999999999,11542.29838331975695651059999,11542.298383319756,-1.8189894035458565e-12,True
BASE_E3,permanent,run_dfea4b7ac1475668d5968c97,1759449599999999999,11545.14058384807858459809999,11545.140583848079,0.0,True
BASE_E3,permanent,run_dfea4b7ac1475668d5968c97,1759535999999999999,11546.10968690376358459809999,11546.109686903765,1.8189894035458565e-12,True
BASE_E3,permanent,run_dfea4b7ac1475668d5968c97,1759622399999999999,11548.05570296664332484609999,11548.055702966642,-1.8189894035458565e-12,True
BASE_E3,permanent,run_dfea4b7ac1475668d5968c97,1759708799999999999,11550.37419943437194045109999,11550.374199434373,0.0,True
BASE_E3,permanent,run_dfea4b7ac1475668d5968c97,1759795199999999999,11551.55872081604709107109999,11551.558720816047,0.0,True
BASE_E3,permanent,run_dfea4b7ac1475668d5968c97,1759881599999999999,11553.50578067525314097709999,11553.505780675252,-1.8189894035458565e-12,True
BASE_E3,permanent,run_dfea4b7ac1475668d5968c97,1759967999999999999,11555.44766043412479396149999,11555.447660434125,0.0,True
BASE_E3,permanent,run_dfea4b7ac1475668d5968c97,1760054399999999999,11555.40329547112402045689999,11555.403295471122,-1.8189894035458565e-12,True
BASE_E3,permanent,run_dfea4b7ac1475668d5968c97,1760140799999999999,11558.21504693031810872019999,11558.215046930318,0.0,True
BASE_E3,permanent,run_dfea4b7ac1475668d5968c97,1760227199999999999,11555.90429294930973242959999,11555.90429294931,0.0,True
BASE_E3,permanent,run_dfea4b7ac1475668d5968c97,1760313599999999999,11554.87820515361374344429999,11554.878205153615,0.0,True
BASE_E3,permanent,run_dfea4b7ac1475668d5968c97,1760399999999999999,11554.55007855279016372379999,11554.550078552791,1.8189894035458565e-12,True
BASE_E3,permanent,run_dfea4b7ac1475668d5968c97,1760486399999999999,11554.73798084567019148169999,11554.73798084567,0.0,True
BASE_E3,permanent,run_dfea4b7ac1475668d5968c97,1760572799999999999,11553.58189473034553002869999,11553.581894730345,0.0,True
BASE_E3,permanent,run_dfea4b7ac1475668d5968c97,1760659199999999999,11554.26571305411026103739999,11554.26571305411,0.0,True
BASE_E3,permanent,run_dfea4b7ac1475668d5968c97,1760745599999999999,11553.02498330074871825779999,11553.024983300747,-1.8189894035458565e-12,True
BASE_E3,permanent,run_dfea4b7ac1475668d5968c97,1760831999999999999,11553.57448795339914143909999,11553.574487953398,-1.8189894035458565e-12,True
BASE_E3,permanent,run_dfea4b7ac1475668d5968c97,1760918399999999999,11553.94759748794596046509999,11553.947597487944,-1.8189894035458565e-12,True
BASE_E3,permanent,run_dfea4b7ac1475668d5968c97,1761004799999999999,11554.78809218191299810709999,11554.788092181912,0.0,True
BASE_E3,permanent,run_dfea4b7ac1475668d5968c97,1761091199999999999,11554.30983702174843572979999,11554.309837021749,0.0,True
BASE_E3,permanent,run_dfea4b7ac1475668d5968c97,1761177599999999999,11554.65933487325177535289999,11554.659334873251,0.0,True
BASE_E3,permanent,run_dfea4b7ac1475668d5968c97,1761263999999999999,11555.08444213456290860829999,11555.084442134563,0.0,True
BASE_E3,permanent,run_dfea4b7ac1475668d5968c97,1761350399999999999,11555.81841475439150203369999,11555.818414754393,1.8189894035458565e-12,True
BASE_E3,permanent,run_dfea4b7ac1475668d5968c97,1761436799999999999,11557.15716380006887820869999,11557.15716380007,0.0,True
BASE_E3,permanent,run_dfea4b7ac1475668d5968c97,1761523199999999999,11557.56441388561063027049999,11557.564413885611,0.0,True
BASE_E3,permanent,run_dfea4b7ac1475668d5968c97,1761609599999999999,11560.32309699673529327049999,11560.323096996734,-1.8189894035458565e-12,True
BASE_E3,permanent,run_dfea4b7ac1475668d5968c97,1761695999999999999,11560.97228327312145778299999,11560.97228327312,-1.8189894035458565e-12,True
BASE_E3,permanent,run_dfea4b7ac1475668d5968c97,1761782399999999999,11560.97343843762222671189999,11560.973438437622,0.0,True
BASE_E3,permanent,run_dfea4b7ac1475668d5968c97,1761868799999999999,11561.08181728445069745349999,11561.08181728445,0.0,True
BASE_E3,permanent,run_dfea4b7ac1475668d5968c97,1761955199999999999,11562.07090428130735418149999,11562.070904281307,0.0,True
MARGEN_2X,conditional,run_70383794701c4f0fc157b2ed,1759363199999999999,10697.57529188500859872900000,10697.575291885008,0.0,True
MARGEN_2X,conditional,run_70383794701c4f0fc157b2ed,1759449599999999999,10697.58439108100859872900000,10697.584391081009,0.0,True
MARGEN_2X,conditional,run_70383794701c4f0fc157b2ed,1759535999999999999,10697.58969271280859872900000,10697.589692712809,0.0,True
MARGEN_2X,conditional,run_70383794701c4f0fc157b2ed,1759622399999999999,10697.58949076160859872900000,10697.58949076161,0.0,True
MARGEN_2X,conditional,run_70383794701c4f0fc157b2ed,1759708799999999999,10697.59323711380859872900000,10697.59323711381,1.8189894035458565e-12,True
MARGEN_2X,conditional,run_70383794701c4f0fc157b2ed,1759795199999999999,10697.60143259640859872900000,10697.60143259641,1.8189894035458565e-12,True
MARGEN_2X,conditional,run_70383794701c4f0fc157b2ed,1759881599999999999,10697.58565595100859872900000,10697.58565595101,1.8189894035458565e-12,True
MARGEN_2X,conditional,run_70383794701c4f0fc157b2ed,1759967999999999999,10697.59309232440859872900000,10697.593092324409,0.0,True
MARGEN_2X,conditional,run_70383794701c4f0fc157b2ed,1760054399999999999,10697.58408841760859872900000,10697.584088417609,0.0,True
MARGEN_2X,conditional,run_70383794701c4f0fc157b2ed,1760140799999999999,10697.54521700440859872900000,10697.54521700441,1.8189894035458565e-12,True
MARGEN_2X,conditional,run_70383794701c4f0fc157b2ed,1760227199999999999,10697.53653531980859872900000,10697.536535319809,0.0,True
MARGEN_2X,conditional,run_70383794701c4f0fc157b2ed,1760313599999999999,10697.56001017380859872900000,10697.56001017381,0.0,True
MARGEN_2X,conditional,run_70383794701c4f0fc157b2ed,1760399999999999999,10697.56272197640859872900000,10697.56272197641,1.8189894035458565e-12,True
MARGEN_2X,conditional,run_70383794701c4f0fc157b2ed,1760486399999999999,10697.55366720040859872900000,10697.55366720041,0.0,True
MARGEN_2X,conditional,run_70383794701c4f0fc157b2ed,1760572799999999999,10697.54347185420859872900000,10697.54347185421,0.0,True
MARGEN_2X,conditional,run_70383794701c4f0fc157b2ed,1760659199999999999,10697.53371948680859872900000,10697.53371948681,1.8189894035458565e-12,True
MARGEN_2X,conditional,run_70383794701c4f0fc157b2ed,1760745599999999999,10697.52736704960859872900000,10697.52736704961,1.8189894035458565e-12,True
MARGEN_2X,conditional,run_70383794701c4f0fc157b2ed,1760831999999999999,10697.53104047500859872900000,10697.531040475009,0.0,True
MARGEN_2X,conditional,run_70383794701c4f0fc157b2ed,1760918399999999999,10697.53757334180859872900000,10697.53757334181,1.8189894035458565e-12,True
MARGEN_2X,conditional,run_70383794701c4f0fc157b2ed,1761004799999999999,10697.54269935020859872900000,10697.54269935021,1.8189894035458565e-12,True
MARGEN_2X,conditional,run_70383794701c4f0fc157b2ed,1761091199999999999,10697.53396315600859872900000,10697.53396315601,0.0,True
MARGEN_2X,conditional,run_70383794701c4f0fc157b2ed,1761177599999999999,10697.52982889020859872900000,10697.529828890209,0.0,True
MARGEN_2X,conditional,run_70383794701c4f0fc157b2ed,1761263999999999999,10697.53778739820859872900000,10697.537787398209,0.0,True
MARGEN_2X,conditional,run_70383794701c4f0fc157b2ed,1761350399999999999,10697.54271600700859872900000,10697.542716007008,0.0,True
MARGEN_2X,conditional,run_70383794701c4f0fc157b2ed,1761436799999999999,10697.54491827720859872900000,10697.54491827721,1.8189894035458565e-12,True
MARGEN_2X,conditional,run_70383794701c4f0fc157b2ed,1761523199999999999,10697.55863952500859872900000,10697.55863952501,1.8189894035458565e-12,True
MARGEN_2X,conditional,run_70383794701c4f0fc157b2ed,1761609599999999999,10697.55654065180859872900000,10697.556540651809,0.0,True
MARGEN_2X,conditional,run_70383794701c4f0fc157b2ed,1761695999999999999,10697.54922541080859872900000,10697.549225410809,0.0,True
MARGEN_2X,conditional,run_70383794701c4f0fc157b2ed,1761782399999999999,10697.53910390980859872900000,10697.539103909809,0.0,True
MARGEN_2X,conditional,run_70383794701c4f0fc157b2ed,1761868799999999999,10697.53173054140859872900000,10697.53173054141,1.8189894035458565e-12,True
MARGEN_2X,conditional,run_70383794701c4f0fc157b2ed,1761955199999999999,10697.53647161920859872900000,10697.536471619209,0.0,True
MARGEN_2X,permanent,run_3f5d9cce8ff1c2ba5447e3b6,1759363199999999999,11492.19210871747519085399999,11492.192108717476,0.0,True
MARGEN_2X,permanent,run_3f5d9cce8ff1c2ba5447e3b6,1759449599999999999,11495.02684470877358541549999,11495.026844708773,0.0,True
MARGEN_2X,permanent,run_3f5d9cce8ff1c2ba5447e3b6,1759535999999999999,11495.99651212890018541549999,11495.9965121289,0.0,True
MARGEN_2X,permanent,run_3f5d9cce8ff1c2ba5447e3b6,1759622399999999999,11497.93968319714792566349999,11497.939683197148,0.0,True
MARGEN_2X,permanent,run_3f5d9cce8ff1c2ba5447e3b6,1759708799999999999,11500.25218722952708944849999,11500.25218722953,1.8189894035458565e-12,True
MARGEN_2X,permanent,run_3f5d9cce8ff1c2ba5447e3b6,1759795199999999999,11501.42918122578986064449999,11501.42918122579,0.0,True
MARGEN_2X,permanent,run_3f5d9cce8ff1c2ba5447e3b6,1759881599999999999,11503.37688903055777055049999,11503.376889030556,-1.8189894035458565e-12,True
MARGEN_2X,permanent,run_3f5d9cce8ff1c2ba5447e3b6,1759967999999999999,11505.31995558610125858929999,11505.319955586101,0.0,True
MARGEN_2X,permanent,run_3f5d9cce8ff1c2ba5447e3b6,1760054399999999999,11505.21315781566483208089999,11505.213157815666,1.8189894035458565e-12,True
MARGEN_2X,permanent,run_3f5d9cce8ff1c2ba5447e3b6,1760140799999999999,11508.02089486699400391609999,11508.020894866993,0.0,True
MARGEN_2X,permanent,run_3f5d9cce8ff1c2ba5447e3b6,1760227199999999999,11505.72716412770304202969999,11505.727164127702,-1.8189894035458565e-12,True
MARGEN_2X,permanent,run_3f5d9cce8ff1c2ba5447e3b6,1760313599999999999,11504.69531479425168744249999,11504.695314794251,0.0,True
MARGEN_2X,permanent,run_3f5d9cce8ff1c2ba5447e3b6,1760399999999999999,11504.36542195279617799049999,11504.365421952796,0.0,True
MARGEN_2X,permanent,run_3f5d9cce8ff1c2ba5447e3b6,1760486399999999999,11504.55334801677030192809999,11504.553348016769,-1.8189894035458565e-12,True
MARGEN_2X,permanent,run_3f5d9cce8ff1c2ba5447e3b6,1760572799999999999,11503.41639688255404512689999,11503.416396882552,-1.8189894035458565e-12,True
MARGEN_2X,permanent,run_3f5d9cce8ff1c2ba5447e3b6,1760659199999999999,11503.37633596298687635879999,11503.376335962987,0.0,True
MARGEN_2X,permanent,run_3f5d9cce8ff1c2ba5447e3b6,1760745599999999999,11502.14000967177651308999999,11502.140009671775,-1.8189894035458565e-12,True
MARGEN_2X,permanent,run_3f5d9cce8ff1c2ba5447e3b6,1760831999999999999,11502.68424994792986120729999,11502.68424994793,0.0,True
MARGEN_2X,permanent,run_3f5d9cce8ff1c2ba5447e3b6,1760918399999999999,11503.05431791756508023329999,11503.054317917564,-1.8189894035458565e-12,True
MARGEN_2X,permanent,run_3f5d9cce8ff1c2ba5447e3b6,1761004799999999999,11503.89161767215267403529999,11503.891617672152,0.0,True
MARGEN_2X,permanent,run_3f5d9cce8ff1c2ba5447e3b6,1761091199999999999,11503.41407283560692954719999,11503.414072835605,-1.8189894035458565e-12,True
MARGEN_2X,permanent,run_3f5d9cce8ff1c2ba5447e3b6,1761177599999999999,11503.76369326773798605989999,11503.763693267736,-1.8189894035458565e-12,True
MARGEN_2X,permanent,run_3f5d9cce8ff1c2ba5447e3b6,1761263999999999999,11504.18807216722324877289999,11504.188072167222,0.0,True
MARGEN_2X,permanent,run_3f5d9cce8ff1c2ba5447e3b6,1761350399999999999,11504.91822222786740691829999,11504.918222227869,1.8189894035458565e-12,True
MARGEN_2X,permanent,run_3f5d9cce8ff1c2ba5447e3b6,1761436799999999999,11506.25457258144386309329999,11506.254572581443,0.0,True
MARGEN_2X,permanent,run_3f5d9cce8ff1c2ba5447e3b6,1761523199999999999,11506.65679781039599915509999,11506.656797810396,0.0,True
MARGEN_2X,permanent,run_3f5d9cce8ff1c2ba5447e3b6,1761609599999999999,11509.40770434077929015509999,11509.407704340781,1.8189894035458565e-12,True
MARGEN_2X,permanent,run_3f5d9cce8ff1c2ba5447e3b6,1761695999999999999,11510.05990274216117911359999,11510.059902742161,0.0,True
MARGEN_2X,permanent,run_3f5d9cce8ff1c2ba5447e3b6,1761782399999999999,11510.06239183122037104849999,11510.06239183122,-1.8189894035458565e-12,True
MARGEN_2X,permanent,run_3f5d9cce8ff1c2ba5447e3b6,1761868799999999999,11510.17388104740740972769999,11510.173881047405,-1.8189894035458565e-12,True
MARGEN_2X,permanent,run_3f5d9cce8ff1c2ba5447e3b6,1761955199999999999,11511.16095890693196360769999,11511.160958906934,1.8189894035458565e-12,True
BASE_E3,conditional,run_ad71d751b20623006c195ff3,1762041599999999999,10786.05881273356593690000000,10786.058812733565,-1.8189894035458565e-12,True
BASE_E3,conditional,run_ad71d751b20623006c195ff3,1762127999999999999,10786.06375147536593690000000,10786.063751475365,0.0,True
BASE_E3,conditional,run_ad71d751b20623006c195ff3,1762214399999999999,10786.02121496296593690000000,10786.021214962964,-1.8189894035458565e-12,True
BASE_E3,conditional,run_ad71d751b20623006c195ff3,1762300799999999999,10785.97111980836593690000000,10785.971119808364,-1.8189894035458565e-12,True
BASE_E3,conditional,run_ad71d751b20623006c195ff3,1762387199999999999,10785.99408626216593690000000,10785.994086262164,-1.8189894035458565e-12,True
BASE_E3,conditional,run_ad71d751b20623006c195ff3,1762473599999999999,10785.97014651196593690000000,10785.970146511965,0.0,True
BASE_E3,conditional,run_ad71d751b20623006c195ff3,1762559999999999999,10785.99054227256593690000000,10785.990542272564,-1.8189894035458565e-12,True
BASE_E3,conditional,run_ad71d751b20623006c195ff3,1762646399999999999,10785.98093379516593690000000,10785.980933795165,-1.8189894035458565e-12,True
BASE_E3,conditional,run_ad71d751b20623006c195ff3,1762732799999999999,10786.00638128116593690000000,10786.006381281164,-1.8189894035458565e-12,True
BASE_E3,conditional,run_ad71d751b20623006c195ff3,1762819199999999999,10786.01579555296593690000000,10786.015795552965,-1.8189894035458565e-12,True
BASE_E3,conditional,run_ad71d751b20623006c195ff3,1762905599999999999,10785.98712146636593690000000,10785.987121466365,0.0,True
BASE_E3,conditional,run_ad71d751b20623006c195ff3,1762991999999999999,10785.97650703936593690000000,10785.976507039364,-1.8189894035458565e-12,True
BASE_E3,conditional,run_ad71d751b20623006c195ff3,1763078399999999999,10785.95501502096593690000000,10785.955015020965,0.0,True
BASE_E3,conditional,run_ad71d751b20623006c195ff3,1763164799999999999,10785.91026867976593690000000,10785.910268679765,0.0,True
BASE_E3,conditional,run_ad71d751b20623006c195ff3,1763251199999999999,10785.92043677796593690000000,10785.920436777964,-1.8189894035458565e-12,True
BASE_E3,conditional,run_ad71d751b20623006c195ff3,1763337599999999999,10785.90721357776593690000000,10785.907213577764,-1.8189894035458565e-12,True
BASE_E3,conditional,run_ad71d751b20623006c195ff3,1763423999999999999,10785.88913616516593690000000,10785.889136165164,-1.8189894035458565e-12,True
BASE_E3,conditional,run_ad71d751b20623006c195ff3,1763510399999999999,10785.89864557656593690000000,10785.898645576564,-1.8189894035458565e-12,True
BASE_E3,conditional,run_ad71d751b20623006c195ff3,1763596799999999999,10785.88406040076593690000000,10785.884060400766,0.0,True
BASE_E3,conditional,run_ad71d751b20623006c195ff3,1763683199999999999,10785.83825378336593690000000,10785.838253783364,-1.8189894035458565e-12,True
BASE_E3,conditional,run_ad71d751b20623006c195ff3,1763769599999999999,10785.82510080956593690000000,10785.825100809565,-1.8189894035458565e-12,True
BASE_E3,conditional,run_ad71d751b20623006c195ff3,1763855999999999999,10785.82155305476593690000000,10785.821553054764,-1.8189894035458565e-12,True
BASE_E3,conditional,run_ad71d751b20623006c195ff3,1763942399999999999,10785.83919937356593690000000,10785.839199373564,-1.8189894035458565e-12,True
BASE_E3,conditional,run_ad71d751b20623006c195ff3,1764028799999999999,10785.85620386496593690000000,10785.856203864965,0.0,True
BASE_E3,conditional,run_ad71d751b20623006c195ff3,1764115199999999999,10785.84926059256593690000000,10785.849260592564,-1.8189894035458565e-12,True
BASE_E3,conditional,run_ad71d751b20623006c195ff3,1764201599999999999,10785.87603923456593690000000,10785.876039234565,-1.8189894035458565e-12,True
BASE_E3,conditional,run_ad71d751b20623006c195ff3,1764287999999999999,10785.88158408856593690000000,10785.881584088565,0.0,True
BASE_E3,conditional,run_ad71d751b20623006c195ff3,1764374399999999999,10785.87904766756593690000000,10785.879047667564,-1.8189894035458565e-12,True
BASE_E3,conditional,run_ad71d751b20623006c195ff3,1764460799999999999,10785.87675387456593690000000,10785.876753874565,0.0,True
BASE_E3,conditional,run_ad71d751b20623006c195ff3,1764547199999999999,10785.87344762556593690000000,10785.873447625565,-1.8189894035458565e-12,True
BASE_E3,permanent,run_dfea4b7ac1475668d5968c97,1762041599999999999,11563.95871898882667418149999,11563.958718988826,0.0,True
BASE_E3,permanent,run_dfea4b7ac1475668d5968c97,1762127999999999999,11565.40088972820637077729999,11565.400889728206,0.0,True
BASE_E3,permanent,run_dfea4b7ac1475668d5968c97,1762214399999999999,11565.86016535001267720409999,11565.860165350012,0.0,True
BASE_E3,permanent,run_dfea4b7ac1475668d5968c97,1762300799999999999,11566.45325184161444423249999,11566.453251841614,0.0,True
BASE_E3,permanent,run_dfea4b7ac1475668d5968c97,1762387199999999999,11567.51868476057991377329999,11567.518684760578,-1.8189894035458565e-12,True
BASE_E3,permanent,run_dfea4b7ac1475668d5968c97,1762473599999999999,11568.13885736153456211689999,11568.138857361535,0.0,True
BASE_E3,permanent,run_dfea4b7ac1475668d5968c97,1762559999999999999,11569.48950124370167497369999,11569.489501243701,0.0,True
BASE_E3,permanent,run_dfea4b7ac1475668d5968c97,1762646399999999999,11571.31374084755683067409999,11571.313740847558,0.0,True
BASE_E3,permanent,run_dfea4b7ac1475668d5968c97,1762732799999999999,11574.74199543900773619289999,11574.741995439008,0.0,True
BASE_E3,permanent,run_dfea4b7ac1475668d5968c97,1762819199999999999,11573.74423813709574073789999,11573.744238137095,-1.8189894035458565e-12,True
BASE_E3,permanent,run_dfea4b7ac1475668d5968c97,1762905599999999999,11573.79204948778312167229999,11573.792049487784,0.0,True
BASE_E3,permanent,run_dfea4b7ac1475668d5968c97,1762991999999999999,11574.16581199357475568189999,11574.165811993575,0.0,True
BASE_E3,permanent,run_dfea4b7ac1475668d5968c97,1763078399999999999,11574.68827649209523855329999,11574.688276492096,0.0,True
BASE_E3,permanent,run_dfea4b7ac1475668d5968c97,1763164799999999999,11580.18407411066056583109999,11580.18407411066,0.0,True
BASE_E3,permanent,run_dfea4b7ac1475668d5968c97,1763251199999999999,11577.78988186138338753389999,11577.789881861385,1.8189894035458565e-12,True
BASE_E3,permanent,run_dfea4b7ac1475668d5968c97,1763337599999999999,11578.60258974177032953389999,11578.60258974177,-1.8189894035458565e-12,True
BASE_E3,permanent,run_dfea4b7ac1475668d5968c97,1763423999999999999,11581.26388222775097126189999,11581.263882227751,0.0,True
BASE_E3,permanent,run_dfea4b7ac1475668d5968c97,1763510399999999999,11582.12575773723225457229999,11582.12575773723,-1.8189894035458565e-12,True
BASE_E3,permanent,run_dfea4b7ac1475668d5968c97,1763596799999999999,11583.04094302092156734989999,11583.040943020922,0.0,True
BASE_E3,permanent,run_dfea4b7ac1475668d5968c97,1763683199999999999,11584.35930254246481516069999,11584.359302542465,0.0,True
BASE_E3,permanent,run_dfea4b7ac1475668d5968c97,1763769599999999999,11584.72986494887530861869999,11584.729864948875,0.0,True
BASE_E3,permanent,run_dfea4b7ac1475668d5968c97,1763855999999999999,11585.87681399575712954229999,11585.876813995757,0.0,True
BASE_E3,permanent,run_dfea4b7ac1475668d5968c97,1763942399999999999,11585.11730244328269531129999,11585.117302443283,0.0,True
BASE_E3,permanent,run_dfea4b7ac1475668d5968c97,1764028799999999999,11586.45200634600951053749999,11586.45200634601,0.0,True
BASE_E3,permanent,run_dfea4b7ac1475668d5968c97,1764115199999999999,11586.24750593571494423349999,11586.247505935717,1.8189894035458565e-12,True
BASE_E3,permanent,run_dfea4b7ac1475668d5968c97,1764201599999999999,11587.62987825923338676189999,11587.629878259235,1.8189894035458565e-12,True
BASE_E3,permanent,run_dfea4b7ac1475668d5968c97,1764287999999999999,11587.52588287494560745389999,11587.525882874947,1.8189894035458565e-12,True
BASE_E3,permanent,run_dfea4b7ac1475668d5968c97,1764374399999999999,11587.89356962010689816829999,11587.893569620106,0.0,True
BASE_E3,permanent,run_dfea4b7ac1475668d5968c97,1764460799999999999,11587.17958730415850097949999,11587.17958730416,0.0,True
BASE_E3,permanent,run_dfea4b7ac1475668d5968c97,1764547199999999999,11589.54088549616242980769999,11589.540885496162,0.0,True
MARGEN_2X,conditional,run_70383794701c4f0fc157b2ed,1762041599999999999,10697.53868376740859872900000,10697.538683767409,0.0,True
MARGEN_2X,conditional,run_70383794701c4f0fc157b2ed,1762127999999999999,10697.54095296220859872900000,10697.54095296221,1.8189894035458565e-12,True
MARGEN_2X,conditional,run_70383794701c4f0fc157b2ed,1762214399999999999,10697.52120284680859872900000,10697.521202846809,0.0,True
MARGEN_2X,conditional,run_70383794701c4f0fc157b2ed,1762300799999999999,10697.49873063820859872900000,10697.49873063821,1.8189894035458565e-12,True
MARGEN_2X,conditional,run_70383794701c4f0fc157b2ed,1762387199999999999,10697.50887814300859872900000,10697.50887814301,0.0,True
MARGEN_2X,conditional,run_70383794701c4f0fc157b2ed,1762473599999999999,10697.49870801080859872900000,10697.49870801081,0.0,True
MARGEN_2X,conditional,run_70383794701c4f0fc157b2ed,1762559999999999999,10697.50780307840859872900000,10697.50780307841,1.8189894035458565e-12,True
MARGEN_2X,conditional,run_70383794701c4f0fc157b2ed,1762646399999999999,10697.50385846600859872900000,10697.503858466009,0.0,True
MARGEN_2X,conditional,run_70383794701c4f0fc157b2ed,1762732799999999999,10697.51567892000859872900000,10697.51567892001,1.8189894035458565e-12,True
MARGEN_2X,conditional,run_70383794701c4f0fc157b2ed,1762819199999999999,10697.51878885580859872900000,10697.51878885581,1.8189894035458565e-12,True
MARGEN_2X,conditional,run_70383794701c4f0fc157b2ed,1762905599999999999,10697.50629293620859872900000,10697.50629293621,1.8189894035458565e-12,True
MARGEN_2X,conditional,run_70383794701c4f0fc157b2ed,1762991999999999999,10697.50250435820859872900000,10697.50250435821,1.8189894035458565e-12,True
MARGEN_2X,conditional,run_70383794701c4f0fc157b2ed,1763078399999999999,10697.49213778880859872900000,10697.49213778881,0.0,True
MARGEN_2X,conditional,run_70383794701c4f0fc157b2ed,1763164799999999999,10697.47439452960859872900000,10697.474394529609,0.0,True
MARGEN_2X,conditional,run_70383794701c4f0fc157b2ed,1763251199999999999,10697.47888759380859872900000,10697.47888759381,1.8189894035458565e-12,True
MARGEN_2X,conditional,run_70383794701c4f0fc157b2ed,1763337599999999999,10697.47308810360859872900000,10697.47308810361,1.8189894035458565e-12,True
MARGEN_2X,conditional,run_70383794701c4f0fc157b2ed,1763423999999999999,10697.46566691200859872900000,10697.465666912009,0.0,True
MARGEN_2X,conditional,run_70383794701c4f0fc157b2ed,1763510399999999999,10697.47050097540859872900000,10697.470500975409,0.0,True
MARGEN_2X,conditional,run_70383794701c4f0fc157b2ed,1763596799999999999,10697.46383370160859872900000,10697.46383370161,0.0,True
MARGEN_2X,conditional,run_70383794701c4f0fc157b2ed,1763683199999999999,10697.44462694220859872900000,10697.44462694221,1.8189894035458565e-12,True
MARGEN_2X,conditional,run_70383794701c4f0fc157b2ed,1763769599999999999,10697.43901824040859872900000,10697.43901824041,0.0,True
MARGEN_2X,conditional,run_70383794701c4f0fc157b2ed,1763855999999999999,10697.43778630460859872900000,10697.43778630461,1.8189894035458565e-12,True
MARGEN_2X,conditional,run_70383794701c4f0fc157b2ed,1763942399999999999,10697.44454029640859872900000,10697.44454029641,1.8189894035458565e-12,True
MARGEN_2X,conditional,run_70383794701c4f0fc157b2ed,1764028799999999999,10697.45287929780859872900000,10697.452879297809,0.0,True
MARGEN_2X,conditional,run_70383794701c4f0fc157b2ed,1764115199999999999,10697.45050216840859872900000,10697.450502168409,0.0,True
MARGEN_2X,conditional,run_70383794701c4f0fc157b2ed,1764201599999999999,10697.46103160040859872900000,10697.46103160041,0.0,True
MARGEN_2X,conditional,run_70383794701c4f0fc157b2ed,1764287999999999999,10697.46279618840859872900000,10697.462796188409,0.0,True
MARGEN_2X,conditional,run_70383794701c4f0fc157b2ed,1764374399999999999,10697.46214839640859872900000,10697.46214839641,0.0,True
MARGEN_2X,conditional,run_70383794701c4f0fc157b2ed,1764460799999999999,10697.46068626840859872900000,10697.460686268409,0.0,True
MARGEN_2X,conditional,run_70383794701c4f0fc157b2ed,1764547199999999999,10697.45954884140859872900000,10697.459548841409,0.0,True
MARGEN_2X,permanent,run_3f5d9cce8ff1c2ba5447e3b6,1762041599999999999,11513.04450111676216360769999,11513.044501116761,-1.8189894035458565e-12,True
MARGEN_2X,permanent,run_3f5d9cce8ff1c2ba5447e3b6,1762127999999999999,11514.48425834619915577069999,11514.4842583462,0.0,True
MARGEN_2X,permanent,run_3f5d9cce8ff1c2ba5447e3b6,1762214399999999999,11514.94820530784316262629999,11514.948205307843,0.0,True
MARGEN_2X,permanent,run_3f5d9cce8ff1c2ba5447e3b6,1762300799999999999,11515.54711404454157261309999,11515.547114044542,0.0,True
MARGEN_2X,permanent,run_3f5d9cce8ff1c2ba5447e3b6,1762387199999999999,11516.60915378543932998109999,11516.609153785439,0.0,True
MARGEN_2X,permanent,run_3f5d9cce8ff1c2ba5447e3b6,1762473599999999999,11516.90953429421644576969999,11516.909534294216,0.0,True
MARGEN_2X,permanent,run_3f5d9cce8ff1c2ba5447e3b6,1762559999999999999,11518.25451713491475670449999,11518.254517134914,-1.8189894035458565e-12,True
MARGEN_2X,permanent,run_3f5d9cce8ff1c2ba5447e3b6,1762646399999999999,11520.07316767999190442389999,11520.073167679991,0.0,True
MARGEN_2X,permanent,run_3f5d9cce8ff1c2ba5447e3b6,1762732799999999999,11523.48681832219436980369999,11523.486818322195,0.0,True
MARGEN_2X,permanent,run_3f5d9cce8ff1c2ba5447e3b6,1762819199999999999,11522.49509745505782838319999,11522.495097455057,0.0,True
MARGEN_2X,permanent,run_3f5d9cce8ff1c2ba5447e3b6,1762905599999999999,11522.54602366295920931759999,11522.546023662959,0.0,True
MARGEN_2X,permanent,run_3f5d9cce8ff1c2ba5447e3b6,1762991999999999999,11522.91912546225585948719999,11522.919125462256,0.0,True
MARGEN_2X,permanent,run_3f5d9cce8ff1c2ba5447e3b6,1763078399999999999,11523.44156718641888508909999,11523.441567186419,0.0,True
MARGEN_2X,permanent,run_3f5d9cce8ff1c2ba5447e3b6,1763164799999999999,11528.92956395482130819339999,11528.92956395482,-1.8189894035458565e-12,True
MARGEN_2X,permanent,run_3f5d9cce8ff1c2ba5447e3b6,1763251199999999999,11526.53987703309357800919999,11526.539877033094,0.0,True
MARGEN_2X,permanent,run_3f5d9cce8ff1c2ba5447e3b6,1763337599999999999,11527.35102345385051500919999,11527.35102345385,0.0,True
MARGEN_2X,permanent,run_3f5d9cce8ff1c2ba5447e3b6,1763423999999999999,11530.00730846629149673719999,11530.00730846629,0.0,True
MARGEN_2X,permanent,run_3f5d9cce8ff1c2ba5447e3b6,1763510399999999999,11530.86520422782264373159999,11530.865204227823,0.0,True
MARGEN_2X,permanent,run_3f5d9cce8ff1c2ba5447e3b6,1763596799999999999,11531.95582610658676555719999,11531.955826106587,0.0,True
MARGEN_2X,permanent,run_3f5d9cce8ff1c2ba5447e3b6,1763683199999999999,11533.26411827936750525179999,11533.264118279369,1.8189894035458565e-12,True
MARGEN_2X,permanent,run_3f5d9cce8ff1c2ba5447e3b6,1763769599999999999,11533.63351179317922562359999,11533.633511793178,-1.8189894035458565e-12,True
MARGEN_2X,permanent,run_3f5d9cce8ff1c2ba5447e3b6,1763855999999999999,11534.77267725676251173459999,11534.772677256764,1.8189894035458565e-12,True
MARGEN_2X,permanent,run_3f5d9cce8ff1c2ba5447e3b6,1763942399999999999,11534.01111751187966759249999,11534.01111751188,0.0,True
MARGEN_2X,permanent,run_3f5d9cce8ff1c2ba5447e3b6,1764028799999999999,11535.33685966967317009939999,11535.336859669673,0.0,True
MARGEN_2X,permanent,run_3f5d9cce8ff1c2ba5447e3b6,1764115199999999999,11535.13198357090980379539999,11535.131983570911,1.8189894035458565e-12,True
MARGEN_2X,permanent,run_3f5d9cce8ff1c2ba5447e3b6,1764201599999999999,11536.49844976611576303839999,11536.498449766117,1.8189894035458565e-12,True
MARGEN_2X,permanent,run_3f5d9cce8ff1c2ba5447e3b6,1764287999999999999,11536.39769518431184188279999,11536.397695184312,0.0,True
MARGEN_2X,permanent,run_3f5d9cce8ff1c2ba5447e3b6,1764374399999999999,11536.76464511858282197679999,11536.764645118583,0.0,True
MARGEN_2X,permanent,run_3f5d9cce8ff1c2ba5447e3b6,1764460799999999999,11536.05534840281069510559999,11536.055348402811,0.0,True
MARGEN_2X,permanent,run_3f5d9cce8ff1c2ba5447e3b6,1764547199999999999,11538.39442402837393292989999,11538.394424028374,0.0,True
BASE_E3,conditional,run_ad71d751b20623006c195ff3,1764633599999999999,10785.83531210716593690000000,10785.835312107165,-1.8189894035458565e-12,True
BASE_E3,conditional,run_ad71d751b20623006c195ff3,1764719999999999999,10785.88094930976593690000000,10785.880949309765,0.0,True
BASE_E3,conditional,run_ad71d751b20623006c195ff3,1764806399999999999,10785.90433299996593690000000,10785.904332999964,-1.8189894035458565e-12,True
BASE_E3,conditional,run_ad71d751b20623006c195ff3,1764892799999999999,10785.89218362696593690000000,10785.892183626966,0.0,True
BASE_E3,conditional,run_ad71d751b20623006c195ff3,1764979199999999999,10785.86710415256593690000000,10785.867104152565,-1.8189894035458565e-12,True
BASE_E3,conditional,run_ad71d751b20623006c195ff3,1765065599999999999,10785.86666398696593690000000,10785.866663986964,-1.8189894035458565e-12,True
BASE_E3,conditional,run_ad71d751b20623006c195ff3,1765151999999999999,10785.87662919136593690000000,10785.876629191365,0.0,True
BASE_E3,conditional,run_ad71d751b20623006c195ff3,1765238399999999999,10785.88044912896593690000000,10785.880449128965,-1.8189894035458565e-12,True
BASE_E3,conditional,run_ad71d751b20623006c195ff3,1765324799999999999,10785.90348016796593690000000,10785.903480167965,-1.8189894035458565e-12,True
BASE_E3,conditional,run_ad71d751b20623006c195ff3,1765411199999999999,10785.89778530736593690000000,10785.897785307365,-1.8189894035458565e-12,True
BASE_E3,conditional,run_ad71d751b20623006c195ff3,1765497599999999999,10785.89890893676593690000000,10785.898908936764,-1.8189894035458565e-12,True
BASE_E3,conditional,run_ad71d751b20623006c195ff3,1765583999999999999,10785.87610136836593690000000,10785.876101368365,0.0,True
BASE_E3,conditional,run_ad71d751b20623006c195ff3,1765670399999999999,10785.87724508116593690000000,10785.877245081165,-1.8189894035458565e-12,True
BASE_E3,conditional,run_ad71d751b20623006c195ff3,1765756799999999999,10785.85889128296593690000000,10785.858891282965,0.0,True
BASE_E3,conditional,run_ad71d751b20623006c195ff3,1765843199999999999,10785.84209373676593690000000,10785.842093736765,-1.8189894035458565e-12,True
BASE_E3,conditional,run_ad71d751b20623006c195ff3,1765929599999999999,10785.85308612076593690000000,10785.853086120766,0.0,True
BASE_E3,conditional,run_ad71d751b20623006c195ff3,1766015999999999999,10785.83531933616593690000000,10785.835319336165,0.0,True
BASE_E3,conditional,run_ad71d751b20623006c195ff3,1766102399999999999,10785.83006832456593690000000,10785.830068324565,0.0,True
BASE_E3,conditional,run_ad71d751b20623006c195ff3,1766188799999999999,10785.85583994516593690000000,10785.855839945165,-1.8189894035458565e-12,True
BASE_E3,conditional,run_ad71d751b20623006c195ff3,1766275199999999999,10785.85768555316593690000000,10785.857685553165,-1.8189894035458565e-12,True
BASE_E3,conditional,run_ad71d751b20623006c195ff3,1766361599999999999,10785.86056064216593690000000,10785.860560642164,-1.8189894035458565e-12,True
BASE_E3,conditional,run_ad71d751b20623006c195ff3,1766447999999999999,10785.85996622056593690000000,10785.859966220565,0.0,True
BASE_E3,conditional,run_ad71d751b20623006c195ff3,1766534399999999999,10785.85000542396593690000000,10785.850005423965,-1.8189894035458565e-12,True
BASE_E3,conditional,run_ad71d751b20623006c195ff3,1766620799999999999,10785.85105313016593690000000,10785.851053130165,0.0,True
BASE_E3,conditional,run_ad71d751b20623006c195ff3,1766707199999999999,10785.84654736476593690000000,10785.846547364765,-1.8189894035458565e-12,True
BASE_E3,conditional,run_ad71d751b20623006c195ff3,1766793599999999999,10785.84802096156593690000000,10785.848020961565,-1.8189894035458565e-12,True
BASE_E3,conditional,run_ad71d751b20623006c195ff3,1766879999999999999,10785.85254697256593690000000,10785.852546972565,-1.8189894035458565e-12,True
BASE_E3,conditional,run_ad71d751b20623006c195ff3,1766966399999999999,10785.85301641796593690000000,10785.853016417965,-1.8189894035458565e-12,True
BASE_E3,conditional,run_ad71d751b20623006c195ff3,1767052799999999999,10785.84741299876593690000000,10785.847412998764,-1.8189894035458565e-12,True
BASE_E3,conditional,run_ad71d751b20623006c195ff3,1767139199999999999,10785.85866121116593690000000,10785.858661211165,-1.8189894035458565e-12,True
BASE_E3,conditional,run_ad71d751b20623006c195ff3,1767225599999999999,10785.85173007036593690000000,10785.851730070364,-1.8189894035458565e-12,True
BASE_E3,permanent,run_dfea4b7ac1475668d5968c97,1764633599999999999,11589.14478902159089626389999,11589.144789021591,0.0,True
BASE_E3,permanent,run_dfea4b7ac1475668d5968c97,1764719999999999999,11589.97623660422260672749999,11589.976236604221,-1.8189894035458565e-12,True
BASE_E3,permanent,run_dfea4b7ac1475668d5968c97,1764806399999999999,11591.13250365572269507949999,11591.132503655725,1.8189894035458565e-12,True
BASE_E3,permanent,run_dfea4b7ac1475668d5968c97,1764892799999999999,11591.36737282030781101989999,11591.367372820308,0.0,True
BASE_E3,permanent,run_dfea4b7ac1475668d5968c97,1764979199999999999,11592.09983249919038368869999,11592.09983249919,0.0,True
BASE_E3,permanent,run_dfea4b7ac1475668d5968c97,1765065599999999999,11592.66142692095733986549999,11592.661426920957,0.0,True
BASE_E3,permanent,run_dfea4b7ac1475668d5968c97,1765151999999999999,11593.20488840506164353589999,11593.204888405062,0.0,True
BASE_E3,permanent,run_dfea4b7ac1475668d5968c97,1765238399999999999,11592.83432657790054911989999,11592.8343265779,0.0,True
BASE_E3,permanent,run_dfea4b7ac1475668d5968c97,1765324799999999999,11595.10014953452663075909999,11595.100149534528,1.8189894035458565e-12,True
BASE_E3,permanent,run_dfea4b7ac1475668d5968c97,1765411199999999999,11593.09368445223744505589999,11593.093684452238,1.8189894035458565e-12,True
BASE_E3,permanent,run_dfea4b7ac1475668d5968c97,1765497599999999999,11596.70634053657364927549999,11596.706340536573,0.0,True
BASE_E3,permanent,run_dfea4b7ac1475668d5968c97,1765583999999999999,11597.06322858444774166749999,11597.063228584448,0.0,True
BASE_E3,permanent,run_dfea4b7ac1475668d5968c97,1765670399999999999,11596.96235623216709584229999,11596.962356232169,1.8189894035458565e-12,True
BASE_E3,permanent,run_dfea4b7ac1475668d5968c97,1765756799999999999,11598.50680468532660456869999,11598.506804685327,0.0,True
BASE_E3,permanent,run_dfea4b7ac1475668d5968c97,1765843199999999999,11599.21832069861010270249999,11599.21832069861,0.0,True
BASE_E3,permanent,run_dfea4b7ac1475668d5968c97,1765929599999999999,11599.08125887733530197929999,11599.081258877337,1.8189894035458565e-12,True
BASE_E3,permanent,run_dfea4b7ac1475668d5968c97,1766015999999999999,11599.87839661349715637289999,11599.878396613498,0.0,True
BASE_E3,permanent,run_dfea4b7ac1475668d5968c97,1766102399999999999,11599.56746274716217608489999,11599.567462747162,0.0,True
BASE_E3,permanent,run_dfea4b7ac1475668d5968c97,1766188799999999999,11601.35172277266325329869999,11601.351722772662,0.0,True
BASE_E3,permanent,run_dfea4b7ac1475668d5968c97,1766275199999999999,11602.24592356881656103029999,11602.245923568817,0.0,True
BASE_E3,permanent,run_dfea4b7ac1475668d5968c97,1766361599999999999,11603.24865232443414174169999,11603.248652324433,0.0,True
BASE_E3,permanent,run_dfea4b7ac1475668d5968c97,1766447999999999999,11603.24669774317036977189999,11603.24669774317,0.0,True
BASE_E3,permanent,run_dfea4b7ac1475668d5968c97,1766534399999999999,11604.22833860537372198949999,11604.228338605373,0.0,True
BASE_E3,permanent,run_dfea4b7ac1475668d5968c97,1766620799999999999,11605.14406745784304321609999,11605.144067457843,0.0,True
BASE_E3,permanent,run_dfea4b7ac1475668d5968c97,1766707199999999999,11606.93884175785884321609999,11606.93884175786,0.0,True
BASE_E3,permanent,run_dfea4b7ac1475668d5968c97,1766793599999999999,11607.54432339381361727289999,11607.544323393815,1.8189894035458565e-12,True
BASE_E3,permanent,run_dfea4b7ac1475668d5968c97,1766879999999999999,11608.38808880929722066689999,11608.388088809297,0.0,True
BASE_E3,permanent,run_dfea4b7ac1475668d5968c97,1766966399999999999,11608.69664592058235592249999,11608.696645920581,-1.8189894035458565e-12,True
BASE_E3,permanent,run_dfea4b7ac1475668d5968c97,1767052799999999999,11610.59075226679804359249999,11610.590752266799,0.0,True
BASE_E3,permanent,run_dfea4b7ac1475668d5968c97,1767139199999999999,11611.60248161996121844049999,11611.602481619962,1.8189894035458565e-12,True
BASE_E3,permanent,run_dfea4b7ac1475668d5968c97,1767225599999999999,11611.60475679548087713249999,11611.604756795483,1.8189894035458565e-12,True
MARGEN_2X,conditional,run_70383794701c4f0fc157b2ed,1764633599999999999,10697.44314111300859872900000,10697.44314111301,1.8189894035458565e-12,True
MARGEN_2X,conditional,run_70383794701c4f0fc157b2ed,1764719999999999999,10697.46229156560859872900000,10697.46229156561,0.0,True
MARGEN_2X,conditional,run_70383794701c4f0fc157b2ed,1764806399999999999,10697.47348195980859872900000,10697.473481959809,0.0,True
MARGEN_2X,conditional,run_70383794701c4f0fc157b2ed,1764892799999999999,10697.46836054680859872900000,10697.468360546809,0.0,True
MARGEN_2X,conditional,run_70383794701c4f0fc157b2ed,1764979199999999999,10697.45780421140859872900000,10697.45780421141,1.8189894035458565e-12,True
MARGEN_2X,conditional,run_70383794701c4f0fc157b2ed,1765065599999999999,10697.45788108680859872900000,10697.45788108681,1.8189894035458565e-12,True
MARGEN_2X,conditional,run_70383794701c4f0fc157b2ed,1765151999999999999,10697.46176176120859872900000,10697.46176176121,0.0,True
MARGEN_2X,conditional,run_70383794701c4f0fc157b2ed,1765238399999999999,10697.46406590880859872900000,10697.464065908809,0.0,True
MARGEN_2X,conditional,run_70383794701c4f0fc157b2ed,1765324799999999999,10697.47522726080859872900000,10697.47522726081,0.0,True
MARGEN_2X,conditional,run_70383794701c4f0fc157b2ed,1765411199999999999,10697.47321018120859872900000,10697.47321018121,1.8189894035458565e-12,True
MARGEN_2X,conditional,run_70383794701c4f0fc157b2ed,1765497599999999999,10697.47232529560859872900000,10697.47232529561,1.8189894035458565e-12,True
MARGEN_2X,conditional,run_70383794701c4f0fc157b2ed,1765583999999999999,10697.46191593220859872900000,10697.46191593221,1.8189894035458565e-12,True
MARGEN_2X,conditional,run_70383794701c4f0fc157b2ed,1765670399999999999,10697.46280209500859872900000,10697.46280209501,0.0,True
MARGEN_2X,conditional,run_70383794701c4f0fc157b2ed,1765756799999999999,10697.45545876780859872900000,10697.455458767809,0.0,True
MARGEN_2X,conditional,run_70383794701c4f0fc157b2ed,1765843199999999999,10697.44805001460859872900000,10697.44805001461,0.0,True
MARGEN_2X,conditional,run_70383794701c4f0fc157b2ed,1765929599999999999,10697.45193037460859872900000,10697.45193037461,0.0,True
MARGEN_2X,conditional,run_70383794701c4f0fc157b2ed,1766015999999999999,10697.44362831600859872900000,10697.44362831601,1.8189894035458565e-12,True
MARGEN_2X,conditional,run_70383794701c4f0fc157b2ed,1766102399999999999,10697.44171488540859872900000,10697.44171488541,1.8189894035458565e-12,True
MARGEN_2X,conditional,run_70383794701c4f0fc157b2ed,1766188799999999999,10697.45314007800859872900000,10697.453140078009,0.0,True
MARGEN_2X,conditional,run_70383794701c4f0fc157b2ed,1766275199999999999,10697.45378533500859872900000,10697.45378533501,1.8189894035458565e-12,True
MARGEN_2X,conditional,run_70383794701c4f0fc157b2ed,1766361599999999999,10697.45515744700859872900000,10697.45515744701,1.8189894035458565e-12,True
MARGEN_2X,conditional,run_70383794701c4f0fc157b2ed,1766447999999999999,10697.45502005140859872900000,10697.45502005141,1.8189894035458565e-12,True
MARGEN_2X,conditional,run_70383794701c4f0fc157b2ed,1766534399999999999,10697.45083994480859872900000,10697.45083994481,1.8189894035458565e-12,True
MARGEN_2X,conditional,run_70383794701c4f0fc157b2ed,1766620799999999999,10697.45095644600859872900000,10697.45095644601,1.8189894035458565e-12,True
MARGEN_2X,conditional,run_70383794701c4f0fc157b2ed,1766707199999999999,10697.44872333860859872900000,10697.44872333861,1.8189894035458565e-12,True
MARGEN_2X,conditional,run_70383794701c4f0fc157b2ed,1766793599999999999,10697.44958541140859872900000,10697.44958541141,1.8189894035458565e-12,True
MARGEN_2X,conditional,run_70383794701c4f0fc157b2ed,1766879999999999999,10697.45151522040859872900000,10697.45151522041,0.0,True
MARGEN_2X,conditional,run_70383794701c4f0fc157b2ed,1766966399999999999,10697.45170065780859872900000,10697.45170065781,1.8189894035458565e-12,True
MARGEN_2X,conditional,run_70383794701c4f0fc157b2ed,1767052799999999999,10697.44952221360859872900000,10697.44952221361,1.8189894035458565e-12,True
MARGEN_2X,conditional,run_70383794701c4f0fc157b2ed,1767139199999999999,10697.45406869100859872900000,10697.45406869101,1.8189894035458565e-12,True
MARGEN_2X,conditional,run_70383794701c4f0fc157b2ed,1767225599999999999,10697.45156537520859872900000,10697.45156537521,1.8189894035458565e-12,True
MARGEN_2X,permanent,run_3f5d9cce8ff1c2ba5447e3b6,1764633599999999999,11538.00388760931238575299999,11538.003887609315,1.8189894035458565e-12,True
MARGEN_2X,permanent,run_3f5d9cce8ff1c2ba5447e3b6,1764719999999999999,11538.81866477729972467959999,11538.818664777302,1.8189894035458565e-12,True
MARGEN_2X,permanent,run_3f5d9cce8ff1c2ba5447e3b6,1764806399999999999,11539.96995840077601303159999,11539.969958400778,1.8189894035458565e-12,True
MARGEN_2X,permanent,run_3f5d9cce8ff1c2ba5447e3b6,1764892799999999999,11540.19672722574692227099999,11540.196727225746,0.0,True
MARGEN_2X,permanent,run_3f5d9cce8ff1c2ba5447e3b6,1764979199999999999,11540.92350414980131180059999,11540.923504149801,0.0,True
MARGEN_2X,permanent,run_3f5d9cce8ff1c2ba5447e3b6,1765065599999999999,11541.47711292312519489939999,11541.477112923127,1.8189894035458565e-12,True
MARGEN_2X,permanent,run_3f5d9cce8ff1c2ba5447e3b6,1765151999999999999,11542.01689191281845728179999,11542.016891912817,-1.8189894035458565e-12,True
MARGEN_2X,permanent,run_3f5d9cce8ff1c2ba5447e3b6,1765238399999999999,11541.64922900767580415379999,11541.649229007677,0.0,True
MARGEN_2X,permanent,run_3f5d9cce8ff1c2ba5447e3b6,1765324799999999999,11543.89242834998311553739999,11543.892428349984,0.0,True
MARGEN_2X,permanent,run_3f5d9cce8ff1c2ba5447e3b6,1765411199999999999,11541.90523212525023009459999,11541.90523212525,-1.8189894035458565e-12,True
MARGEN_2X,permanent,run_3f5d9cce8ff1c2ba5447e3b6,1765497599999999999,11545.48316997952730584399999,11545.483169979527,0.0,True
MARGEN_2X,permanent,run_3f5d9cce8ff1c2ba5447e3b6,1765583999999999999,11545.84078032604101081279999,11545.840780326042,0.0,True
MARGEN_2X,permanent,run_3f5d9cce8ff1c2ba5447e3b6,1765670399999999999,11545.74261368754442368699999,11545.742613687544,0.0,True
MARGEN_2X,permanent,run_3f5d9cce8ff1c2ba5447e3b6,1765756799999999999,11547.27506978419639164059999,11547.275069784195,-1.8189894035458565e-12,True
MARGEN_2X,permanent,run_3f5d9cce8ff1c2ba5447e3b6,1765843199999999999,11547.97727817268222028889999,11547.977278172682,0.0,True
MARGEN_2X,permanent,run_3f5d9cce8ff1c2ba5447e3b6,1765929599999999999,11547.84325094966721956569999,11547.843250949669,1.8189894035458565e-12,True
MARGEN_2X,permanent,run_3f5d9cce8ff1c2ba5447e3b6,1766015999999999999,11548.63769030195000749209999,11548.63769030195,0.0,True
MARGEN_2X,permanent,run_3f5d9cce8ff1c2ba5447e3b6,1766102399999999999,11548.33272484642462720409999,11548.332724846425,0.0,True
MARGEN_2X,permanent,run_3f5d9cce8ff1c2ba5447e3b6,1766188799999999999,11550.10314136719910525479999,11550.103141367199,0.0,True
MARGEN_2X,permanent,run_3f5d9cce8ff1c2ba5447e3b6,1766275199999999999,11550.98988507920055356819999,11550.989885079203,3.637978807091713e-12,True
MARGEN_2X,permanent,run_3f5d9cce8ff1c2ba5447e3b6,1766361599999999999,11551.98794998480505582529999,11551.987949984805,0.0,True
MARGEN_2X,permanent,run_3f5d9cce8ff1c2ba5447e3b6,1766447999999999999,11551.99384053313143318459999,11551.993840533132,0.0,True
MARGEN_2X,permanent,run_3f5d9cce8ff1c2ba5447e3b6,1766534399999999999,11552.95996358798021546619999,11552.95996358798,0.0,True
MARGEN_2X,permanent,run_3f5d9cce8ff1c2ba5447e3b6,1766620799999999999,11553.87565410082347774249999,11553.875654100822,-1.8189894035458565e-12,True
MARGEN_2X,permanent,run_3f5d9cce8ff1c2ba5447e3b6,1766707199999999999,11555.65300500422517774249999,11555.653005004226,0.0,True
MARGEN_2X,permanent,run_3f5d9cce8ff1c2ba5447e3b6,1766793599999999999,11556.25956588557088325489999,11556.259565885572,0.0,True
MARGEN_2X,permanent,run_3f5d9cce8ff1c2ba5447e3b6,1766879999999999999,11557.09485522332640006989999,11557.094855223328,1.8189894035458565e-12,True
MARGEN_2X,permanent,run_3f5d9cce8ff1c2ba5447e3b6,1766966399999999999,11557.39583514778471051089999,11557.395835147785,0.0,True
MARGEN_2X,permanent,run_3f5d9cce8ff1c2ba5447e3b6,1767052799999999999,11559.27742879415723591109999,11559.27742879416,1.8189894035458565e-12,True
MARGEN_2X,permanent,run_3f5d9cce8ff1c2ba5447e3b6,1767139199999999999,11560.28378708931781066309999,11560.283787089318,0.0,True
MARGEN_2X,permanent,run_3f5d9cce8ff1c2ba5447e3b6,1767225599999999999,11560.33546882152476362109999,11560.335468821526,1.8189894035458565e-12,True
BASE_E3,conditional,run_ad71d751b20623006c195ff3,1767311999999999999,10785.86225105036593690000000,10785.862251050365,-1.8189894035458565e-12,True
BASE_E3,conditional,run_ad71d751b20623006c195ff3,1767398399999999999,10785.87538659116593690000000,10785.875386591164,-1.8189894035458565e-12,True
BASE_E3,conditional,run_ad71d751b20623006c195ff3,1767484799999999999,10785.88051471956593690000000,10785.880514719565,0.0,True
BASE_E3,conditional,run_ad71d751b20623006c195ff3,1767571199999999999,10785.88768664916593690000000,10785.887686649165,-1.8189894035458565e-12,True
BASE_E3,conditional,run_ad71d751b20623006c195ff3,1767657599999999999,10785.90921115216593690000000,10785.909211152164,-1.8189894035458565e-12,True
BASE_E3,conditional,run_ad71d751b20623006c195ff3,1767743999999999999,10785.91107015156593690000000,10785.911070151566,0.0,True
BASE_E3,conditional,run_ad71d751b20623006c195ff3,1767830399999999999,10785.88802538656593690000000,10785.888025386565,-1.8189894035458565e-12,True
BASE_E3,conditional,run_ad71d751b20623006c195ff3,1767916799999999999,10785.88346039676593690000000,10785.883460396764,-1.8189894035458565e-12,True
BASE_E3,conditional,run_ad71d751b20623006c195ff3,1768003199999999999,10785.87906853256593690000000,10785.879068532566,0.0,True
BASE_E3,conditional,run_ad71d751b20623006c195ff3,1768089599999999999,10785.87808022516593690000000,10785.878080225164,-1.8189894035458565e-12,True
BASE_E3,conditional,run_ad71d751b20623006c195ff3,1768175999999999999,10785.88294427216593690000000,10785.882944272165,0.0,True
BASE_E3,conditional,run_ad71d751b20623006c195ff3,1768262399999999999,10785.88454627636593690000000,10785.884546276366,0.0,True
BASE_E3,conditional,run_ad71d751b20623006c195ff3,1768348799999999999,10785.92444002696593690000000,10785.924440026965,0.0,True
BASE_E3,conditional,run_ad71d751b20623006c195ff3,1768435199999999999,10785.93765454136593690000000,10785.937654541365,0.0,True
BASE_E3,conditional,run_ad71d751b20623006c195ff3,1768521599999999999,10785.92586054716593690000000,10785.925860547164,-1.8189894035458565e-12,True
BASE_E3,conditional,run_ad71d751b20623006c195ff3,1768607999999999999,10785.92495253076593690000000,10785.924952530764,-1.8189894035458565e-12,True
BASE_E3,conditional,run_ad71d751b20623006c195ff3,1768694399999999999,10785.92212306256593690000000,10785.922123062564,-1.8189894035458565e-12,True
BASE_E3,conditional,run_ad71d751b20623006c195ff3,1768780799999999999,10785.90999839636593690000000,10785.909998396364,-1.8189894035458565e-12,True
BASE_E3,conditional,run_ad71d751b20623006c195ff3,1768867199999999999,10785.89819562596593690000000,10785.898195625965,-1.8189894035458565e-12,True
BASE_E3,conditional,run_ad71d751b20623006c195ff3,1768953599999999999,10785.85674952896593690000000,10785.856749528964,-1.8189894035458565e-12,True
BASE_E3,conditional,run_ad71d751b20623006c195ff3,1769039999999999999,10785.86611905496593690000000,10785.866119054965,-1.8189894035458565e-12,True
BASE_E3,conditional,run_ad71d751b20623006c195ff3,1769126399999999999,10785.86582877276593690000000,10785.865828772765,-1.8189894035458565e-12,True
BASE_E3,conditional,run_ad71d751b20623006c195ff3,1769212799999999999,10785.86650606336593690000000,10785.866506063365,-1.8189894035458565e-12,True
BASE_E3,conditional,run_ad71d751b20623006c195ff3,1769299199999999999,10785.86320502116593690000000,10785.863205021165,0.0,True
BASE_E3,conditional,run_ad71d751b20623006c195ff3,1769385599999999999,10785.83844613456593690000000,10785.838446134565,-1.8189894035458565e-12,True
BASE_E3,conditional,run_ad71d751b20623006c195ff3,1769471999999999999,10785.85562536856593690000000,10785.855625368566,0.0,True
BASE_E3,conditional,run_ad71d751b20623006c195ff3,1769558399999999999,10785.86613898216593690000000,10785.866138982165,-1.8189894035458565e-12,True
BASE_E3,conditional,run_ad71d751b20623006c195ff3,1769644799999999999,10785.86557816996593690000000,10785.865578169965,0.0,True
BASE_E3,conditional,run_ad71d751b20623006c195ff3,1769731199999999999,10785.82348487576593690000000,10785.823484875766,0.0,True
BASE_E3,conditional,run_ad71d751b20623006c195ff3,1769817599999999999,10785.81590631976593690000000,10785.815906319765,0.0,True
BASE_E3,conditional,run_ad71d751b20623006c195ff3,1769903999999999999,10785.76342746756593690000000,10785.763427467566,0.0,True
BASE_E3,permanent,run_dfea4b7ac1475668d5968c97,1767311999999999999,11613.70210005426924983909999,11613.70210005427,0.0,True
BASE_E3,permanent,run_dfea4b7ac1475668d5968c97,1767398399999999999,11614.28048853175724983909999,11614.280488531756,0.0,True
BASE_E3,permanent,run_dfea4b7ac1475668d5968c97,1767484799999999999,11614.98360211236958548709999,11614.98360211237,0.0,True
BASE_E3,permanent,run_dfea4b7ac1475668d5968c97,1767571199999999999,11615.69535152944087663289999,11615.69535152944,0.0,True
BASE_E3,permanent,run_dfea4b7ac1475668d5968c97,1767657599999999999,11617.34551973247576472969999,11617.345519732477,0.0,True
BASE_E3,permanent,run_dfea4b7ac1475668d5968c97,1767743999999999999,11618.19366480452986118929999,11618.19366480453,0.0,True
BASE_E3,permanent,run_dfea4b7ac1475668d5968c97,1767830399999999999,11619.24995840417406118929999,11619.249958404173,-1.8189894035458565e-12,True
BASE_E3,permanent,run_dfea4b7ac1475668d5968c97,1767916799999999999,11620.45924261726615149789999,11620.459242617266,0.0,True
BASE_E3,permanent,run_dfea4b7ac1475668d5968c97,1768003199999999999,11621.04438296438785149789999,11621.044382964388,0.0,True
BASE_E3,permanent,run_dfea4b7ac1475668d5968c97,1768089599999999999,11622.10839779611808147869999,11622.108397796117,-1.8189894035458565e-12,True
BASE_E3,permanent,run_dfea4b7ac1475668d5968c97,1768175999999999999,11623.48511436084261058469999,11623.485114360845,1.8189894035458565e-12,True
BASE_E3,permanent,run_dfea4b7ac1475668d5968c97,1768262399999999999,11624.74597948808478558469999,11624.745979488083,-1.8189894035458565e-12,True
BASE_E3,permanent,run_dfea4b7ac1475668d5968c97,1768348799999999999,11625.30458876742374582149999,11625.304588767425,1.8189894035458565e-12,True
BASE_E3,permanent,run_dfea4b7ac1475668d5968c97,1768435199999999999,11627.32326444462095869509999,11627.323264444622,0.0,True
BASE_E3,permanent,run_dfea4b7ac1475668d5968c97,1768521599999999999,11627.67672979186172704629999,11627.676729791861,0.0,True
BASE_E3,permanent,run_dfea4b7ac1475668d5968c97,1768607999999999999,11628.50190844319057179269999,11628.50190844319,0.0,True
BASE_E3,permanent,run_dfea4b7ac1475668d5968c97,1768694399999999999,11629.70932273008959976879999,11629.70932273009,0.0,True
BASE_E3,permanent,run_dfea4b7ac1475668d5968c97,1768780799999999999,11630.43589676670007344519999,11630.435896766701,1.8189894035458565e-12,True
BASE_E3,permanent,run_dfea4b7ac1475668d5968c97,1768867199999999999,11630.07923514089876899859999,11630.0792351409,1.8189894035458565e-12,True
BASE_E3,permanent,run_dfea4b7ac1475668d5968c97,1768953599999999999,11631.97385866923652049259999,11631.973858669238,1.8189894035458565e-12,True
BASE_E3,permanent,run_dfea4b7ac1475668d5968c97,1769039999999999999,11632.28701640852101782919999,11632.28701640852,-1.8189894035458565e-12,True
BASE_E3,permanent,run_dfea4b7ac1475668d5968c97,1769126399999999999,11633.33200325793703627799999,11633.332003257936,-1.8189894035458565e-12,True
BASE_E3,permanent,run_dfea4b7ac1475668d5968c97,1769212799999999999,11633.69089643749709718919999,11633.690896437498,0.0,True
BASE_E3,permanent,run_dfea4b7ac1475668d5968c97,1769299199999999999,11633.48191425784625436999999,11633.481914257847,1.8189894035458565e-12,True
BASE_E3,permanent,run_dfea4b7ac1475668d5968c97,1769385599999999999,11634.97326364254038998689999,11634.973263642541,1.8189894035458565e-12,True
BASE_E3,permanent,run_dfea4b7ac1475668d5968c97,1769471999999999999,11635.45232214364106880929999,11635.452322143643,1.8189894035458565e-12,True
BASE_E3,permanent,run_dfea4b7ac1475668d5968c97,1769558399999999999,11637.28171839133056577249999,11637.281718391332,1.8189894035458565e-12,True
BASE_E3,permanent,run_dfea4b7ac1475668d5968c97,1769644799999999999,11637.96974475034220888609999,11637.969744750342,0.0,True
BASE_E3,permanent,run_dfea4b7ac1475668d5968c97,1769731199999999999,11638.68118448739697142959999,11638.6811844874,1.8189894035458565e-12,True
BASE_E3,permanent,run_dfea4b7ac1475668d5968c97,1769817599999999999,11638.79156673612145900489999,11638.791566736123,1.8189894035458565e-12,True
BASE_E3,permanent,run_dfea4b7ac1475668d5968c97,1769903999999999999,11638.72364438883859891629999,11638.723644388838,0.0,True
MARGEN_2X,conditional,run_70383794701c4f0fc157b2ed,1767311999999999999,10697.45578977920859872900000,10697.45578977921,0.0,True
MARGEN_2X,conditional,run_70383794701c4f0fc157b2ed,1767398399999999999,10697.46228474500859872900000,10697.46228474501,1.8189894035458565e-12,True
MARGEN_2X,conditional,run_70383794701c4f0fc157b2ed,1767484799999999999,10697.46413297840859872900000,10697.46413297841,1.8189894035458565e-12,True
MARGEN_2X,conditional,run_70383794701c4f0fc157b2ed,1767571199999999999,10697.46691022800859872900000,10697.46691022801,1.8189894035458565e-12,True
MARGEN_2X,conditional,run_70383794701c4f0fc157b2ed,1767657599999999999,10697.47579357100859872900000,10697.47579357101,0.0,True
MARGEN_2X,conditional,run_70383794701c4f0fc157b2ed,1767743999999999999,10697.47753905940859872900000,10697.47753905941,1.8189894035458565e-12,True
MARGEN_2X,conditional,run_70383794701c4f0fc157b2ed,1767830399999999999,10697.46744649040859872900000,10697.46744649041,0.0,True
MARGEN_2X,conditional,run_70383794701c4f0fc157b2ed,1767916799999999999,10697.46486407560859872900000,10697.46486407561,1.8189894035458565e-12,True
MARGEN_2X,conditional,run_70383794701c4f0fc157b2ed,1768003199999999999,10697.46301338240859872900000,10697.46301338241,1.8189894035458565e-12,True
MARGEN_2X,conditional,run_70383794701c4f0fc157b2ed,1768089599999999999,10697.46265159900859872900000,10697.46265159901,0.0,True
MARGEN_2X,conditional,run_70383794701c4f0fc157b2ed,1768175999999999999,10697.46493361800859872900000,10697.46493361801,1.8189894035458565e-12,True
MARGEN_2X,conditional,run_70383794701c4f0fc157b2ed,1768262399999999999,10697.46507354020859872900000,10697.46507354021,1.8189894035458565e-12,True
MARGEN_2X,conditional,run_70383794701c4f0fc157b2ed,1768348799999999999,10697.48269864880859872900000,10697.48269864881,1.8189894035458565e-12,True
MARGEN_2X,conditional,run_70383794701c4f0fc157b2ed,1768435199999999999,10697.48783670020859872900000,10697.48783670021,0.0,True
MARGEN_2X,conditional,run_70383794701c4f0fc157b2ed,1768521599999999999,10697.48311015300859872900000,10697.483110153009,0.0,True
MARGEN_2X,conditional,run_70383794701c4f0fc157b2ed,1768607999999999999,10697.48245838260859872900000,10697.48245838261,1.8189894035458565e-12,True
MARGEN_2X,conditional,run_70383794701c4f0fc157b2ed,1768694399999999999,10697.48166284740859872900000,10697.48166284741,0.0,True
MARGEN_2X,conditional,run_70383794701c4f0fc157b2ed,1768780799999999999,10697.47697095920859872900000,10697.47697095921,0.0,True
MARGEN_2X,conditional,run_70383794701c4f0fc157b2ed,1768867199999999999,10697.47134382780859872900000,10697.471343827809,0.0,True
MARGEN_2X,conditional,run_70383794701c4f0fc157b2ed,1768953599999999999,10697.45285749280859872900000,10697.45285749281,1.8189894035458565e-12,True
MARGEN_2X,conditional,run_70383794701c4f0fc157b2ed,1769039999999999999,10697.45681224380859872900000,10697.456812243809,0.0,True
MARGEN_2X,conditional,run_70383794701c4f0fc157b2ed,1769126399999999999,10697.45626731360859872900000,10697.45626731361,1.8189894035458565e-12,True
MARGEN_2X,conditional,run_70383794701c4f0fc157b2ed,1769212799999999999,10697.45657613820859872900000,10697.45657613821,0.0,True
MARGEN_2X,conditional,run_70383794701c4f0fc157b2ed,1769299199999999999,10697.45533558900859872900000,10697.45533558901,0.0,True
MARGEN_2X,conditional,run_70383794701c4f0fc157b2ed,1769385599999999999,10697.44451917640859872900000,10697.44451917641,1.8189894035458565e-12,True
MARGEN_2X,conditional,run_70383794701c4f0fc157b2ed,1769471999999999999,10697.45230796840859872900000,10697.45230796841,1.8189894035458565e-12,True
MARGEN_2X,conditional,run_70383794701c4f0fc157b2ed,1769558399999999999,10697.45750226100859872900000,10697.45750226101,1.8189894035458565e-12,True
MARGEN_2X,conditional,run_70383794701c4f0fc157b2ed,1769644799999999999,10697.45703100380859872900000,10697.457031003809,0.0,True
MARGEN_2X,conditional,run_70383794701c4f0fc157b2ed,1769731199999999999,10697.43929049860859872900000,10697.439290498609,0.0,True
MARGEN_2X,conditional,run_70383794701c4f0fc157b2ed,1769817599999999999,10697.43484676760859872900000,10697.43484676761,1.8189894035458565e-12,True
MARGEN_2X,conditional,run_70383794701c4f0fc157b2ed,1769903999999999999,10697.41230107540859872900000,10697.41230107541,1.8189894035458565e-12,True
MARGEN_2X,permanent,run_3f5d9cce8ff1c2ba5447e3b6,1767311999999999999,11562.40515718378623315489999,11562.405157183786,0.0,True
MARGEN_2X,permanent,run_3f5d9cce8ff1c2ba5447e3b6,1767398399999999999,11562.97467290025023315489999,11562.97467290025,0.0,True
MARGEN_2X,permanent,run_3f5d9cce8ff1c2ba5447e3b6,1767484799999999999,11563.66647292805856880289999,11563.66647292806,1.8189894035458565e-12,True
MARGEN_2X,permanent,run_3f5d9cce8ff1c2ba5447e3b6,1767571199999999999,11564.37601643875073956629999,11564.37601643875,-1.8189894035458565e-12,True
MARGEN_2X,permanent,run_3f5d9cce8ff1c2ba5447e3b6,1767657599999999999,11566.01727415499384160869999,11566.017274154992,-1.8189894035458565e-12,True
MARGEN_2X,permanent,run_3f5d9cce8ff1c2ba5447e3b6,1767743999999999999,11566.84485820764152228909999,11566.844858207642,0.0,True
MARGEN_2X,permanent,run_3f5d9cce8ff1c2ba5447e3b6,1767830399999999999,11567.85993454273212228909999,11567.859934542732,0.0,True
MARGEN_2X,permanent,run_3f5d9cce8ff1c2ba5447e3b6,1767916799999999999,11569.06619267761844280829999,11569.066192677617,-1.8189894035458565e-12,True
MARGEN_2X,permanent,run_3f5d9cce8ff1c2ba5447e3b6,1768003199999999999,11569.64319167298284280829999,11569.643191672983,0.0,True
MARGEN_2X,permanent,run_3f5d9cce8ff1c2ba5447e3b6,1768089599999999999,11570.69442129933777278909999,11570.694421299337,-1.8189894035458565e-12,True
MARGEN_2X,permanent,run_3f5d9cce8ff1c2ba5447e3b6,1768175999999999999,11572.05807280052608996509999,11572.05807280053,3.637978807091713e-12,True
MARGEN_2X,permanent,run_3f5d9cce8ff1c2ba5447e3b6,1768262399999999999,11573.30550717267418996509999,11573.305507172674,0.0,True
MARGEN_2X,permanent,run_3f5d9cce8ff1c2ba5447e3b6,1768348799999999999,11573.85701462917074790749999,11573.857014629171,0.0,True
MARGEN_2X,permanent,run_3f5d9cce8ff1c2ba5447e3b6,1768435199999999999,11575.85119292289396078109999,11575.851192922893,0.0,True
MARGEN_2X,permanent,run_3f5d9cce8ff1c2ba5447e3b6,1768521599999999999,11576.19848816956857933469999,11576.19848816957,1.8189894035458565e-12,True
MARGEN_2X,permanent,run_3f5d9cce8ff1c2ba5447e3b6,1768607999999999999,11577.01984234462835821149999,11577.019842344629,0.0,True
MARGEN_2X,permanent,run_3f5d9cce8ff1c2ba5447e3b6,1768694399999999999,11578.21097076658170113269999,11578.210970766582,0.0,True
MARGEN_2X,permanent,run_3f5d9cce8ff1c2ba5447e3b6,1768780799999999999,11578.94007979901428007829999,11578.940079799015,0.0,True
MARGEN_2X,permanent,run_3f5d9cce8ff1c2ba5447e3b6,1768867199999999999,11578.58666569140031517669999,11578.586665691399,-1.8189894035458565e-12,True
MARGEN_2X,permanent,run_3f5d9cce8ff1c2ba5447e3b6,1768953599999999999,11580.46340027416732661189999,11580.463400274168,0.0,True
MARGEN_2X,permanent,run_3f5d9cce8ff1c2ba5447e3b6,1769039999999999999,11580.77865861982770530709999,11580.778658619827,0.0,True
MARGEN_2X,permanent,run_3f5d9cce8ff1c2ba5447e3b6,1769126399999999999,11581.81766966472843582549999,11581.817669664728,0.0,True
MARGEN_2X,permanent,run_3f5d9cce8ff1c2ba5447e3b6,1769212799999999999,11582.17546339048197869589999,11582.175463390484,1.8189894035458565e-12,True
MARGEN_2X,permanent,run_3f5d9cce8ff1c2ba5447e3b6,1769299199999999999,11581.97628924157553587669999,11581.976289241578,3.637978807091713e-12,True
MARGEN_2X,permanent,run_3f5d9cce8ff1c2ba5447e3b6,1769385599999999999,11583.44812885527029376109999,11583.44812885527,0.0,True
MARGEN_2X,permanent,run_3f5d9cce8ff1c2ba5447e3b6,1769471999999999999,11583.92972278650317434989999,11583.929722786504,1.8189894035458565e-12,True
MARGEN_2X,permanent,run_3f5d9cce8ff1c2ba5447e3b6,1769558399999999999,11585.73929992717039597869999,11585.73929992717,0.0,True
MARGEN_2X,permanent,run_3f5d9cce8ff1c2ba5447e3b6,1769644799999999999,11586.42259653516433909229999,11586.422596535165,0.0,True
MARGEN_2X,permanent,run_3f5d9cce8ff1c2ba5447e3b6,1769731199999999999,11587.12818090565782565109999,11587.12818090566,1.8189894035458565e-12,True
MARGEN_2X,permanent,run_3f5d9cce8ff1c2ba5447e3b6,1769817599999999999,11587.24036802120998370189999,11587.240368021208,-1.8189894035458565e-12,True
MARGEN_2X,permanent,run_3f5d9cce8ff1c2ba5447e3b6,1769903999999999999,11587.17740838013946569149999,11587.17740838014,0.0,True
BASE_E3,conditional,run_ad71d751b20623006c195ff3,1769990399999999999,10785.74405003296593690000000,10785.744050032965,-1.8189894035458565e-12,True
BASE_E3,conditional,run_ad71d751b20623006c195ff3,1770076799999999999,10785.75998059976593690000000,10785.759980599765,0.0,True
BASE_E3,conditional,run_ad71d751b20623006c195ff3,1770163199999999999,10785.73254310356593690000000,10785.732543103564,-1.8189894035458565e-12,True
BASE_E3,conditional,run_ad71d751b20623006c195ff3,1770249599999999999,10785.70957269716593690000000,10785.709572697166,0.0,True
BASE_E3,conditional,run_ad71d751b20623006c195ff3,1770335999999999999,10785.61758797356593690000000,10785.617587973566,0.0,True
BASE_E3,conditional,run_ad71d751b20623006c195ff3,1770422399999999999,10785.68672234196593690000000,10785.686722341965,-1.8189894035458565e-12,True
BASE_E3,conditional,run_ad71d751b20623006c195ff3,1770508799999999999,10785.67789538516593690000000,10785.677895385164,-1.8189894035458565e-12,True
BASE_E3,conditional,run_ad71d751b20623006c195ff3,1770595199999999999,10785.68528299656593690000000,10785.685282996565,-1.8189894035458565e-12,True
BASE_E3,conditional,run_ad71d751b20623006c195ff3,1770681599999999999,10785.68491245336593690000000,10785.684912453366,0.0,True
BASE_E3,conditional,run_ad71d751b20623006c195ff3,1770767999999999999,10785.67152785516593690000000,10785.671527855166,0.0,True
BASE_E3,conditional,run_ad71d751b20623006c195ff3,1770854399999999999,10785.65468283896593690000000,10785.654682838966,0.0,True
BASE_E3,conditional,run_ad71d751b20623006c195ff3,1770940799999999999,10785.64891530756593690000000,10785.648915307565,0.0,True
BASE_E3,conditional,run_ad71d751b20623006c195ff3,1771027199999999999,10785.67292581956593690000000,10785.672925819565,-1.8189894035458565e-12,True
BASE_E3,conditional,run_ad71d751b20623006c195ff3,1771113599999999999,10785.68136009216593690000000,10785.681360092165,0.0,True
BASE_E3,conditional,run_ad71d751b20623006c195ff3,1771199999999999999,10785.66941045856593690000000,10785.669410458564,-1.8189894035458565e-12,True
BASE_E3,conditional,run_ad71d751b20623006c195ff3,1771286399999999999,10785.67095806156593690000000,10785.670958061564,-1.8189894035458565e-12,True
BASE_E3,conditional,run_ad71d751b20623006c195ff3,1771372799999999999,10785.66021992576593690000000,10785.660219925765,-1.8189894035458565e-12,True
BASE_E3,conditional,run_ad71d751b20623006c195ff3,1771459199999999999,10785.65068048716593690000000,10785.650680487164,-1.8189894035458565e-12,True
BASE_E3,conditional,run_ad71d751b20623006c195ff3,1771545599999999999,10785.65462198476593690000000,10785.654621984764,-1.8189894035458565e-12,True
BASE_E3,conditional,run_ad71d751b20623006c195ff3,1771631999999999999,10785.66337839076593690000000,10785.663378390766,0.0,True
BASE_E3,conditional,run_ad71d751b20623006c195ff3,1771718399999999999,10785.66346191256593690000000,10785.663461912565,0.0,True
BASE_E3,conditional,run_ad71d751b20623006c195ff3,1771804799999999999,10785.66011145976593690000000,10785.660111459765,0.0,True
BASE_E3,conditional,run_ad71d751b20623006c195ff3,1771891199999999999,10785.63289562316593690000000,10785.632895623165,-1.8189894035458565e-12,True
BASE_E3,conditional,run_ad71d751b20623006c195ff3,1771977599999999999,10785.62852730796593690000000,10785.628527307965,-1.8189894035458565e-12,True
BASE_E3,conditional,run_ad71d751b20623006c195ff3,1772063999999999999,10785.66566275756593690000000,10785.665662757565,-1.8189894035458565e-12,True
BASE_E3,conditional,run_ad71d751b20623006c195ff3,1772150399999999999,10785.66099582916593690000000,10785.660995829165,-1.8189894035458565e-12,True
BASE_E3,conditional,run_ad71d751b20623006c195ff3,1772236799999999999,10785.64532303536593690000000,10785.645323035365,0.0,True
BASE_E3,conditional,run_ad71d751b20623006c195ff3,1772323199999999999,10785.65517121756593690000000,10785.655171217564,-1.8189894035458565e-12,True
BASE_E3,permanent,run_dfea4b7ac1475668d5968c97,1769990399999999999,11637.82062392836530150149999,11637.820623928365,0.0,True
BASE_E3,permanent,run_dfea4b7ac1475668d5968c97,1770076799999999999,11636.68813536947173083269999,11636.688135369472,0.0,True
BASE_E3,permanent,run_dfea4b7ac1475668d5968c97,1770163199999999999,11636.86022948962282291149999,11636.860229489625,1.8189894035458565e-12,True
BASE_E3,permanent,run_dfea4b7ac1475668d5968c97,1770249599999999999,11636.13078467042918085649999,11636.130784670431,1.8189894035458565e-12,True
BASE_E3,permanent,run_dfea4b7ac1475668d5968c97,1770335999999999999,11637.83999193508760831769999,11637.839991935089,1.8189894035458565e-12,True
BASE_E3,permanent,run_dfea4b7ac1475668d5968c97,1770422399999999999,11635.12329870697037606359999,11635.12329870697,0.0,True
BASE_E3,permanent,run_dfea4b7ac1475668d5968c97,1770508799999999999,11634.90675286205367606359999,11634.906752862054,0.0,True
BASE_E3,permanent,run_dfea4b7ac1475668d5968c97,1770595199999999999,11635.38337455343208074509999,11635.383374553432,0.0,True
BASE_E3,permanent,run_dfea4b7ac1475668d5968c97,1770681599999999999,11633.90146981749397138419999,11633.901469817496,1.8189894035458565e-12,True
BASE_E3,permanent,run_dfea4b7ac1475668d5968c97,1770767999999999999,11633.92161256970767138419999,11633.921612569708,0.0,True
BASE_E3,permanent,run_dfea4b7ac1475668d5968c97,1770854399999999999,11632.10897707142897971839999,11632.10897707143,0.0,True
BASE_E3,permanent,run_dfea4b7ac1475668d5968c97,1770940799999999999,11631.46608028469659247319999,11631.466080284696,-1.8189894035458565e-12,True
BASE_E3,permanent,run_dfea4b7ac1475668d5968c97,1771027199999999999,11631.81556411307853135319999,11631.815564113078,0.0,True
BASE_E3,permanent,run_dfea4b7ac1475668d5968c97,1771113599999999999,11631.86936009368995353079999,11631.869360093691,1.8189894035458565e-12,True
BASE_E3,permanent,run_dfea4b7ac1475668d5968c97,1771199999999999999,11631.97813453843897759579999,11631.978134538438,0.0,True
BASE_E3,permanent,run_dfea4b7ac1475668d5968c97,1771286399999999999,11630.95950078846366610769999,11630.959500788465,1.8189894035458565e-12,True
BASE_E3,permanent,run_dfea4b7ac1475668d5968c97,1771372799999999999,11631.55406522123068324369999,11631.554065221231,0.0,True
BASE_E3,permanent,run_dfea4b7ac1475668d5968c97,1771459199999999999,11632.06320367948747143889999,11632.063203679489,1.8189894035458565e-12,True
BASE_E3,permanent,run_dfea4b7ac1475668d5968c97,1771545599999999999,11631.09763957831694183879999,11631.097639578316,0.0,True
BASE_E3,permanent,run_dfea4b7ac1475668d5968c97,1771631999999999999,11630.92390855070698878079999,11630.923908550705,-1.8189894035458565e-12,True
BASE_E3,permanent,run_dfea4b7ac1475668d5968c97,1771718399999999999,11631.28787137907427718259999,11631.287871379074,0.0,True
BASE_E3,permanent,run_dfea4b7ac1475668d5968c97,1771804799999999999,11631.71714733015184208549999,11631.717147330153,1.8189894035458565e-12,True
BASE_E3,permanent,run_dfea4b7ac1475668d5968c97,1771891199999999999,11630.48920348936999272649999,11630.489203489371,1.8189894035458565e-12,True
BASE_E3,permanent,run_dfea4b7ac1475668d5968c97,1771977599999999999,11630.61889732070360538649999,11630.618897320703,-1.8189894035458565e-12,True
BASE_E3,permanent,run_dfea4b7ac1475668d5968c97,1772063999999999999,11631.14690232432215165669999,11631.14690232432,-1.8189894035458565e-12,True
BASE_E3,permanent,run_dfea4b7ac1475668d5968c97,1772150399999999999,11631.78929392457673368759999,11631.789293924578,0.0,True
BASE_E3,permanent,run_dfea4b7ac1475668d5968c97,1772236799999999999,11631.13375653741840965819999,11631.133756537418,0.0,True
BASE_E3,permanent,run_dfea4b7ac1475668d5968c97,1772323199999999999,11630.13938606777156238539999,11630.13938606777,0.0,True
MARGEN_2X,conditional,run_70383794701c4f0fc157b2ed,1769990399999999999,10697.40271898480859872900000,10697.40271898481,0.0,True
MARGEN_2X,conditional,run_70383794701c4f0fc157b2ed,1770076799999999999,10697.40952533060859872900000,10697.40952533061,1.8189894035458565e-12,True
MARGEN_2X,conditional,run_70383794701c4f0fc157b2ed,1770163199999999999,10697.39806350240859872900000,10697.398063502409,0.0,True
MARGEN_2X,conditional,run_70383794701c4f0fc157b2ed,1770249599999999999,10697.38864675900859872900000,10697.38864675901,0.0,True
MARGEN_2X,conditional,run_70383794701c4f0fc157b2ed,1770335999999999999,10697.35114863540859872900000,10697.35114863541,0.0,True
MARGEN_2X,conditional,run_70383794701c4f0fc157b2ed,1770422399999999999,10697.37929237680859872900000,10697.379292376809,0.0,True
MARGEN_2X,conditional,run_70383794701c4f0fc157b2ed,1770508799999999999,10697.37658760300859872900000,10697.37658760301,1.8189894035458565e-12,True
MARGEN_2X,conditional,run_70383794701c4f0fc157b2ed,1770595199999999999,10697.37916190840859872900000,10697.37916190841,1.8189894035458565e-12,True
MARGEN_2X,conditional,run_70383794701c4f0fc157b2ed,1770681599999999999,10697.37927229220859872900000,10697.37927229221,1.8189894035458565e-12,True
MARGEN_2X,conditional,run_70383794701c4f0fc157b2ed,1770767999999999999,10697.37325722500859872900000,10697.37325722501,1.8189894035458565e-12,True
MARGEN_2X,conditional,run_70383794701c4f0fc157b2ed,1770854399999999999,10697.36608071180859872900000,10697.366080711809,0.0,True
MARGEN_2X,conditional,run_70383794701c4f0fc157b2ed,1770940799999999999,10697.36412224540859872900000,10697.36412224541,1.8189894035458565e-12,True
MARGEN_2X,conditional,run_70383794701c4f0fc157b2ed,1771027199999999999,10697.37417915440859872900000,10697.374179154409,0.0,True
MARGEN_2X,conditional,run_70383794701c4f0fc157b2ed,1771113599999999999,10697.37773421900859872900000,10697.37773421901,1.8189894035458565e-12,True
MARGEN_2X,conditional,run_70383794701c4f0fc157b2ed,1771199999999999999,10697.37166777940859872900000,10697.37166777941,0.0,True
MARGEN_2X,conditional,run_70383794701c4f0fc157b2ed,1771286399999999999,10697.37270486640859872900000,10697.37270486641,1.8189894035458565e-12,True
MARGEN_2X,conditional,run_70383794701c4f0fc157b2ed,1771372799999999999,10697.36881137960859872900000,10697.368811379609,0.0,True
MARGEN_2X,conditional,run_70383794701c4f0fc157b2ed,1771459199999999999,10697.36485896900859872900000,10697.36485896901,0.0,True
MARGEN_2X,conditional,run_70383794701c4f0fc157b2ed,1771545599999999999,10697.36616841260859872900000,10697.36616841261,0.0,True
MARGEN_2X,conditional,run_70383794701c4f0fc157b2ed,1771631999999999999,10697.36957899660859872900000,10697.36957899661,1.8189894035458565e-12,True
MARGEN_2X,conditional,run_70383794701c4f0fc157b2ed,1771718399999999999,10697.36967731840859872900000,10697.36967731841,0.0,True
MARGEN_2X,conditional,run_70383794701c4f0fc157b2ed,1771804799999999999,10697.36824693260859872900000,10697.368246932609,0.0,True
MARGEN_2X,conditional,run_70383794701c4f0fc157b2ed,1771891199999999999,10697.35705180800859872900000,10697.357051808009,0.0,True
MARGEN_2X,conditional,run_70383794701c4f0fc157b2ed,1771977599999999999,10697.35545712080859872900000,10697.35545712081,1.8189894035458565e-12,True
MARGEN_2X,conditional,run_70383794701c4f0fc157b2ed,1772063999999999999,10697.37166605240859872900000,10697.37166605241,1.8189894035458565e-12,True
MARGEN_2X,conditional,run_70383794701c4f0fc157b2ed,1772150399999999999,10697.36960553300859872900000,10697.36960553301,0.0,True
MARGEN_2X,conditional,run_70383794701c4f0fc157b2ed,1772236799999999999,10697.36259189220859872900000,10697.36259189221,1.8189894035458565e-12,True
MARGEN_2X,conditional,run_70383794701c4f0fc157b2ed,1772323199999999999,10697.36660256840859872900000,10697.366602568409,0.0,True
MARGEN_2X,permanent,run_3f5d9cce8ff1c2ba5447e3b6,1769990399999999999,11586.29408543080926723229999,11586.29408543081,1.8189894035458565e-12,True
MARGEN_2X,permanent,run_3f5d9cce8ff1c2ba5447e3b6,1770076799999999999,11585.16854816064016256669999,11585.168548160644,3.637978807091713e-12,True
MARGEN_2X,permanent,run_3f5d9cce8ff1c2ba5447e3b6,1770163199999999999,11585.34840596466133110269999,11585.348405964663,1.8189894035458565e-12,True
MARGEN_2X,permanent,run_3f5d9cce8ff1c2ba5447e3b6,1770249599999999999,11584.63025794076347244269999,11584.630257940764,0.0,True
MARGEN_2X,permanent,run_3f5d9cce8ff1c2ba5447e3b6,1770335999999999999,11586.32514455393388374029999,11586.325144553935,1.8189894035458565e-12,True
MARGEN_2X,permanent,run_3f5d9cce8ff1c2ba5447e3b6,1770422399999999999,11583.63527218558405721109999,11583.635272185586,1.8189894035458565e-12,True
MARGEN_2X,permanent,run_3f5d9cce8ff1c2ba5447e3b6,1770508799999999999,11583.41303344367165721109999,11583.41303344367,-1.8189894035458565e-12,True
MARGEN_2X,permanent,run_3f5d9cce8ff1c2ba5447e3b6,1770595199999999999,11583.88307143838454158909999,11583.883071438384,0.0,True
MARGEN_2X,permanent,run_3f5d9cce8ff1c2ba5447e3b6,1770681599999999999,11582.41420496157668417829999,11582.41420496158,3.637978807091713e-12,True
MARGEN_2X,permanent,run_3f5d9cce8ff1c2ba5447e3b6,1770767999999999999,11582.43277293017308417829999,11582.432772930175,1.8189894035458565e-12,True
MARGEN_2X,permanent,run_3f5d9cce8ff1c2ba5447e3b6,1770854399999999999,11580.64286831264477594869999,11580.642868312645,0.0,True
MARGEN_2X,permanent,run_3f5d9cce8ff1c2ba5447e3b6,1770940799999999999,11580.00546384914909629909999,11580.00546384915,0.0,True
MARGEN_2X,permanent,run_3f5d9cce8ff1c2ba5447e3b6,1771027199999999999,11580.35383263447543517909999,11580.353832634477,1.8189894035458565e-12,True
MARGEN_2X,permanent,run_3f5d9cce8ff1c2ba5447e3b6,1771113599999999999,11580.40565685350748587349999,11580.405656853507,0.0,True
MARGEN_2X,permanent,run_3f5d9cce8ff1c2ba5447e3b6,1771199999999999999,11580.51614229150835665349999,11580.516142291508,0.0,True
MARGEN_2X,permanent,run_3f5d9cce8ff1c2ba5447e3b6,1771286399999999999,11579.50986249072035079789999,11579.50986249072,0.0,True
MARGEN_2X,permanent,run_3f5d9cce8ff1c2ba5447e3b6,1771372799999999999,11580.10036287396986793389999,11580.10036287397,1.8189894035458565e-12,True
MARGEN_2X,permanent,run_3f5d9cce8ff1c2ba5447e3b6,1771459199999999999,11580.60591314000069114029999,11580.605913140002,0.0,True
MARGEN_2X,permanent,run_3f5d9cce8ff1c2ba5447e3b6,1771545599999999999,11579.65530352040955547989999,11579.65530352041,1.8189894035458565e-12,True
MARGEN_2X,permanent,run_3f5d9cce8ff1c2ba5447e3b6,1771631999999999999,11579.48488562380131631989999,11579.4848856238,0.0,True
MARGEN_2X,permanent,run_3f5d9cce8ff1c2ba5447e3b6,1771718399999999999,11579.84750374120873307109999,11579.847503741208,0.0,True
MARGEN_2X,permanent,run_3f5d9cce8ff1c2ba5447e3b6,1771804799999999999,11580.27338884904618688669999,11580.273388849047,1.8189894035458565e-12,True
MARGEN_2X,permanent,run_3f5d9cce8ff1c2ba5447e3b6,1771891199999999999,11579.06017396528784931789999,11579.06017396529,1.8189894035458565e-12,True
MARGEN_2X,permanent,run_3f5d9cce8ff1c2ba5447e3b6,1771977599999999999,11579.19032523248535282829999,11579.190325232486,1.8189894035458565e-12,True
MARGEN_2X,permanent,run_3f5d9cce8ff1c2ba5447e3b6,1772063999999999999,11579.70899444313988654109999,11579.708994443139,0.0,True
MARGEN_2X,permanent,run_3f5d9cce8ff1c2ba5447e3b6,1772150399999999999,11580.34976493361371990229999,11580.349764933613,0.0,True
MARGEN_2X,permanent,run_3f5d9cce8ff1c2ba5447e3b6,1772236799999999999,11579.69748954262042875589999,11579.697489542621,0.0,True
MARGEN_2X,permanent,run_3f5d9cce8ff1c2ba5447e3b6,1772323199999999999,11578.71442799583294803269999,11578.714427995834,0.0,True
BASE_E3,conditional,run_ad71d751b20623006c195ff3,1772409599999999999,10785.64439545576593690000000,10785.644395455765,0.0,True
BASE_E3,conditional,run_ad71d751b20623006c195ff3,1772495999999999999,10785.67122662296593690000000,10785.671226622964,-1.8189894035458565e-12,True
BASE_E3,conditional,run_ad71d751b20623006c195ff3,1772582399999999999,10785.66583140996593690000000,10785.665831409964,-1.8189894035458565e-12,True
BASE_E3,conditional,run_ad71d751b20623006c195ff3,1772668799999999999,10785.70562363516593690000000,10785.705623635165,0.0,True
BASE_E3,conditional,run_ad71d751b20623006c195ff3,1772755199999999999,10785.68868337616593690000000,10785.688683376165,0.0,True
BASE_E3,conditional,run_ad71d751b20623006c195ff3,1772841599999999999,10785.66448086876593690000000,10785.664480868765,0.0,True
BASE_E3,conditional,run_ad71d751b20623006c195ff3,1772927999999999999,10785.65748820676593690000000,10785.657488206765,0.0,True
BASE_E3,conditional,run_ad71d751b20623006c195ff3,1773014399999999999,10785.64602977036593690000000,10785.646029770365,0.0,True
BASE_E3,conditional,run_ad71d751b20623006c195ff3,1773100799999999999,10785.66706985176593690000000,10785.667069851765,-1.8189894035458565e-12,True
BASE_E3,conditional,run_ad71d751b20623006c195ff3,1773187199999999999,10785.68040887956593690000000,10785.680408879565,0.0,True
BASE_E3,conditional,run_ad71d751b20623006c195ff3,1773273599999999999,10785.68320481856593690000000,10785.683204818564,-1.8189894035458565e-12,True
BASE_E3,conditional,run_ad71d751b20623006c195ff3,1773359999999999999,10785.68617989656593690000000,10785.686179896566,0.0,True
BASE_E3,conditional,run_ad71d751b20623006c195ff3,1773446399999999999,10785.69051262296593690000000,10785.690512622965,-1.8189894035458565e-12,True
BASE_E3,conditional,run_ad71d751b20623006c195ff3,1773532799999999999,10785.69250575456593690000000,10785.692505754565,-1.8189894035458565e-12,True
BASE_E3,conditional,run_ad71d751b20623006c195ff3,1773619199999999999,10785.70782026516593690000000,10785.707820265165,-1.8189894035458565e-12,True
BASE_E3,conditional,run_ad71d751b20623006c195ff3,1773705599999999999,10785.73000262956593690000000,10785.730002629565,0.0,True
BASE_E3,conditional,run_ad71d751b20623006c195ff3,1773791999999999999,10785.72163656176593690000000,10785.721636561764,-1.8189894035458565e-12,True
BASE_E3,conditional,run_ad71d751b20623006c195ff3,1773878399999999999,10785.69678086076593690000000,10785.696780860764,-1.8189894035458565e-12,True
BASE_E3,conditional,run_ad71d751b20623006c195ff3,1773964799999999999,10785.68402517536593690000000,10785.684025175366,0.0,True
BASE_E3,conditional,run_ad71d751b20623006c195ff3,1774051199999999999,10785.68910476916593690000000,10785.689104769164,-1.8189894035458565e-12,True
BASE_E3,conditional,run_ad71d751b20623006c195ff3,1774137599999999999,10785.67280537196593690000000,10785.672805371965,0.0,True
BASE_E3,conditional,run_ad71d751b20623006c195ff3,1774223999999999999,10785.66501630216593690000000,10785.665016302164,-1.8189894035458565e-12,True
BASE_E3,conditional,run_ad71d751b20623006c195ff3,1774310399999999999,10785.69242402376593690000000,10785.692424023764,-1.8189894035458565e-12,True
BASE_E3,conditional,run_ad71d751b20623006c195ff3,1774396799999999999,10785.68964484156593690000000,10785.689644841565,-1.8189894035458565e-12,True
BASE_E3,conditional,run_ad71d751b20623006c195ff3,1774483199999999999,10785.69618580696593690000000,10785.696185806964,-1.8189894035458565e-12,True
BASE_E3,conditional,run_ad71d751b20623006c195ff3,1774569599999999999,10785.67293071216593690000000,10785.672930712164,-1.8189894035458565e-12,True
BASE_E3,conditional,run_ad71d751b20623006c195ff3,1774655999999999999,10785.65134799896593690000000,10785.651347998964,-1.8189894035458565e-12,True
BASE_E3,conditional,run_ad71d751b20623006c195ff3,1774742399999999999,10785.65142709396593690000000,10785.651427093964,-1.8189894035458565e-12,True
BASE_E3,conditional,run_ad71d751b20623006c195ff3,1774828799999999999,10785.64840241476593690000000,10785.648402414765,-1.8189894035458565e-12,True
BASE_E3,conditional,run_ad71d751b20623006c195ff3,1774915199999999999,10785.65547407356593690000000,10785.655474073565,-1.8189894035458565e-12,True
BASE_E3,conditional,run_ad71d751b20623006c195ff3,1775001599999999999,10785.67039146836593690000000,10785.670391468364,-1.8189894035458565e-12,True
BASE_E3,permanent,run_dfea4b7ac1475668d5968c97,1772409599999999999,11630.53876460116030852059999,11630.538764601159,-1.8189894035458565e-12,True
BASE_E3,permanent,run_dfea4b7ac1475668d5968c97,1772495999999999999,11629.81375495967054990459999,11629.81375495967,0.0,True
BASE_E3,permanent,run_dfea4b7ac1475668d5968c97,1772582399999999999,11630.14825938694953675769999,11630.14825938695,0.0,True
BASE_E3,permanent,run_dfea4b7ac1475668d5968c97,1772668799999999999,11630.07894343577262429329999,11630.078943435772,0.0,True
BASE_E3,permanent,run_dfea4b7ac1475668d5968c97,1772755199999999999,11629.28645602830773798969999,11629.286456028309,1.8189894035458565e-12,True
BASE_E3,permanent,run_dfea4b7ac1475668d5968c97,1772841599999999999,11629.34313318141061674089999,11629.34313318141,0.0,True
BASE_E3,permanent,run_dfea4b7ac1475668d5968c97,1772927999999999999,11629.95248055257290695359999,11629.952480552573,0.0,True
BASE_E3,permanent,run_dfea4b7ac1475668d5968c97,1773014399999999999,11629.06156999920415428539999,11629.061569999203,-1.8189894035458565e-12,True
BASE_E3,permanent,run_dfea4b7ac1475668d5968c97,1773100799999999999,11628.36167235481570011899999,11628.361672354817,1.8189894035458565e-12,True
BASE_E3,permanent,run_dfea4b7ac1475668d5968c97,1773187199999999999,11629.19156726028221647339999,11629.191567260283,0.0,True
BASE_E3,permanent,run_dfea4b7ac1475668d5968c97,1773273599999999999,11628.81648595476330834539999,11628.816485954763,0.0,True
BASE_E3,permanent,run_dfea4b7ac1475668d5968c97,1773359999999999999,11627.78040937494045057979999,11627.78040937494,0.0,True
BASE_E3,permanent,run_dfea4b7ac1475668d5968c97,1773446399999999999,11627.78807373254565456709999,11627.788073732547,1.8189894035458565e-12,True
BASE_E3,permanent,run_dfea4b7ac1475668d5968c97,1773532799999999999,11627.87528461686777717909999,11627.875284616866,-1.8189894035458565e-12,True
BASE_E3,permanent,run_dfea4b7ac1475668d5968c97,1773619199999999999,11627.19961629661384710549999,11627.199616296615,1.8189894035458565e-12,True
BASE_E3,permanent,run_dfea4b7ac1475668d5968c97,1773705599999999999,11628.41628165989065507869999,11628.416281659891,0.0,True
BASE_E3,permanent,run_dfea4b7ac1475668d5968c97,1773791999999999999,11628.40691710523194974019999,11628.406917105232,0.0,True
BASE_E3,permanent,run_dfea4b7ac1475668d5968c97,1773878399999999999,11628.81927268878765084419999,11628.819272688788,0.0,True
BASE_E3,permanent,run_dfea4b7ac1475668d5968c97,1773964799999999999,11628.61659004935469130239999,11628.616590049354,0.0,True
BASE_E3,permanent,run_dfea4b7ac1475668d5968c97,1774051199999999999,11627.91122315383214710329999,11627.911223153833,0.0,True
BASE_E3,permanent,run_dfea4b7ac1475668d5968c97,1774137599999999999,11628.15348653466786180679999,11628.153486534668,0.0,True
BASE_E3,permanent,run_dfea4b7ac1475668d5968c97,1774223999999999999,11627.12250632703931207039999,11627.12250632704,0.0,True
BASE_E3,permanent,run_dfea4b7ac1475668d5968c97,1774310399999999999,11627.34985793057786033169999,11627.349857930578,0.0,True
BASE_E3,permanent,run_dfea4b7ac1475668d5968c97,1774396799999999999,11627.76040199464968526289999,11627.76040199465,0.0,True
BASE_E3,permanent,run_dfea4b7ac1475668d5968c97,1774483199999999999,11628.52468285786068006289999,11628.52468285786,0.0,True
BASE_E3,permanent,run_dfea4b7ac1475668d5968c97,1774569599999999999,11628.05849287673198281839999,11628.058492876731,0.0,True
BASE_E3,permanent,run_dfea4b7ac1475668d5968c97,1774655999999999999,11627.73915396120510395599999,11627.739153961205,0.0,True
BASE_E3,permanent,run_dfea4b7ac1475668d5968c97,1774742399999999999,11627.06520077710590870979999,11627.065200777106,0.0,True
BASE_E3,permanent,run_dfea4b7ac1475668d5968c97,1774828799999999999,11626.79185843433849336459999,11626.791858434337,-1.8189894035458565e-12,True
BASE_E3,permanent,run_dfea4b7ac1475668d5968c97,1774915199999999999,11626.57012879073198436619999,11626.570128790732,0.0,True
BASE_E3,permanent,run_dfea4b7ac1475668d5968c97,1775001599999999999,11626.33559767718068436619999,11626.33559767718,0.0,True
MARGEN_2X,conditional,run_70383794701c4f0fc157b2ed,1772409599999999999,10697.36238728260859872900000,10697.36238728261,1.8189894035458565e-12,True
MARGEN_2X,conditional,run_70383794701c4f0fc157b2ed,1772495999999999999,10697.37323599580859872900000,10697.373235995808,0.0,True
MARGEN_2X,conditional,run_70383794701c4f0fc157b2ed,1772582399999999999,10697.37064371080859872900000,10697.370643710809,0.0,True
MARGEN_2X,conditional,run_70383794701c4f0fc157b2ed,1772668799999999999,10697.38694854200859872900000,10697.38694854201,0.0,True
MARGEN_2X,conditional,run_70383794701c4f0fc157b2ed,1772755199999999999,10697.38009767000859872900000,10697.38009767001,0.0,True
MARGEN_2X,conditional,run_70383794701c4f0fc157b2ed,1772841599999999999,10697.37010694160859872900000,10697.37010694161,0.0,True
MARGEN_2X,conditional,run_70383794701c4f0fc157b2ed,1772927999999999999,10697.36749414660859872900000,10697.367494146609,0.0,True
MARGEN_2X,conditional,run_70383794701c4f0fc157b2ed,1773014399999999999,10697.36292489120859872900000,10697.36292489121,0.0,True
MARGEN_2X,conditional,run_70383794701c4f0fc157b2ed,1773100799999999999,10697.37124148360859872900000,10697.37124148361,1.8189894035458565e-12,True
MARGEN_2X,conditional,run_70383794701c4f0fc157b2ed,1773187199999999999,10697.37662911340859872900000,10697.376629113409,0.0,True
MARGEN_2X,conditional,run_70383794701c4f0fc157b2ed,1773273599999999999,10697.37785097540859872900000,10697.37785097541,1.8189894035458565e-12,True
MARGEN_2X,conditional,run_70383794701c4f0fc157b2ed,1773359999999999999,10697.37922792640859872900000,10697.379227926409,0.0,True
MARGEN_2X,conditional,run_70383794701c4f0fc157b2ed,1773446399999999999,10697.38106685180859872900000,10697.381066851809,0.0,True
MARGEN_2X,conditional,run_70383794701c4f0fc157b2ed,1773532799999999999,10697.38182239240859872900000,10697.38182239241,1.8189894035458565e-12,True
MARGEN_2X,conditional,run_70383794701c4f0fc157b2ed,1773619199999999999,10697.38848933700859872900000,10697.388489337009,0.0,True
MARGEN_2X,conditional,run_70383794701c4f0fc157b2ed,1773705599999999999,10697.39898784040859872900000,10697.39898784041,1.8189894035458565e-12,True
MARGEN_2X,conditional,run_70383794701c4f0fc157b2ed,1773791999999999999,10697.39552185560859872900000,10697.39552185561,0.0,True
MARGEN_2X,conditional,run_70383794701c4f0fc157b2ed,1773878399999999999,10697.38496941260859872900000,10697.38496941261,0.0,True
MARGEN_2X,conditional,run_70383794701c4f0fc157b2ed,1773964799999999999,10697.37944925220859872900000,10697.37944925221,1.8189894035458565e-12,True
MARGEN_2X,conditional,run_70383794701c4f0fc157b2ed,1774051199999999999,10697.38139214500859872900000,10697.38139214501,0.0,True
MARGEN_2X,conditional,run_70383794701c4f0fc157b2ed,1774137599999999999,10697.37456233580859872900000,10697.37456233581,1.8189894035458565e-12,True
MARGEN_2X,conditional,run_70383794701c4f0fc157b2ed,1774223999999999999,10697.37143781500859872900000,10697.371437815009,0.0,True
MARGEN_2X,conditional,run_70383794701c4f0fc157b2ed,1774310399999999999,10697.38265564260859872900000,10697.38265564261,1.8189894035458565e-12,True
MARGEN_2X,conditional,run_70383794701c4f0fc157b2ed,1774396799999999999,10697.38172756540859872900000,10697.38172756541,0.0,True
MARGEN_2X,conditional,run_70383794701c4f0fc157b2ed,1774483199999999999,10697.38423790580859872900000,10697.38423790581,1.8189894035458565e-12,True
MARGEN_2X,conditional,run_70383794701c4f0fc157b2ed,1774569599999999999,10697.37435063400859872900000,10697.374350634009,0.0,True
MARGEN_2X,conditional,run_70383794701c4f0fc157b2ed,1774655999999999999,10697.36566119880859872900000,10697.36566119881,1.8189894035458565e-12,True
MARGEN_2X,conditional,run_70383794701c4f0fc157b2ed,1774742399999999999,10697.36572311780859872900000,10697.36572311781,0.0,True
MARGEN_2X,conditional,run_70383794701c4f0fc157b2ed,1774828799999999999,10697.36450752260859872900000,10697.364507522609,0.0,True
MARGEN_2X,conditional,run_70383794701c4f0fc157b2ed,1774915199999999999,10697.36762742640859872900000,10697.367627426409,0.0,True
MARGEN_2X,conditional,run_70383794701c4f0fc157b2ed,1775001599999999999,10697.37415577620859872900000,10697.37415577621,1.8189894035458565e-12,True
MARGEN_2X,permanent,run_3f5d9cce8ff1c2ba5447e3b6,1772409599999999999,11579.10841003262243673349999,11579.108410032622,0.0,True
MARGEN_2X,permanent,run_3f5d9cce8ff1c2ba5447e3b6,1772495999999999999,11578.39699887731432854149999,11578.396998877315,0.0,True
MARGEN_2X,permanent,run_3f5d9cce8ff1c2ba5447e3b6,1772582399999999999,11578.73158900965749502349999,11578.73158900966,1.8189894035458565e-12,True
MARGEN_2X,permanent,run_3f5d9cce8ff1c2ba5447e3b6,1772668799999999999,11578.65742522568142311469999,11578.657425225681,0.0,True
MARGEN_2X,permanent,run_3f5d9cce8ff1c2ba5447e3b6,1772755199999999999,11577.87163716162354003149999,11577.871637161625,1.8189894035458565e-12,True
MARGEN_2X,permanent,run_3f5d9cce8ff1c2ba5447e3b6,1772841599999999999,11577.93140568763651642189999,11577.931405687637,0.0,True
MARGEN_2X,permanent,run_3f5d9cce8ff1c2ba5447e3b6,1772927999999999999,11578.53447637033114862709999,11578.53447637033,0.0,True
MARGEN_2X,permanent,run_3f5d9cce8ff1c2ba5447e3b6,1773014399999999999,11577.65744299320542880709999,11577.657442993206,0.0,True
MARGEN_2X,permanent,run_3f5d9cce8ff1c2ba5447e3b6,1773100799999999999,11576.96543931346607671429999,11576.965439313466,0.0,True
MARGEN_2X,permanent,run_3f5d9cce8ff1c2ba5447e3b6,1773187199999999999,11577.78580540943449619909999,11577.785805409436,1.8189894035458565e-12,True
MARGEN_2X,permanent,run_3f5d9cce8ff1c2ba5447e3b6,1773273599999999999,11577.41293533318990975429999,11577.41293533319,0.0,True
MARGEN_2X,permanent,run_3f5d9cce8ff1c2ba5447e3b6,1773359999999999999,11576.38097673299071540869999,11576.380976732991,0.0,True
MARGEN_2X,permanent,run_3f5d9cce8ff1c2ba5447e3b6,1773446399999999999,11576.38340186537844688669999,11576.383401865378,0.0,True
MARGEN_2X,permanent,run_3f5d9cce8ff1c2ba5447e3b6,1773532799999999999,11576.47035509187559746589999,11576.470355091875,0.0,True
MARGEN_2X,permanent,run_3f5d9cce8ff1c2ba5447e3b6,1773619199999999999,11575.79715007509776739229999,11575.797150075097,0.0,True
MARGEN_2X,permanent,run_3f5d9cce8ff1c2ba5447e3b6,1773705599999999999,11576.99813817836503324669999,11576.998138178365,0.0,True
MARGEN_2X,permanent,run_3f5d9cce8ff1c2ba5447e3b6,1773791999999999999,11576.99162273470937677349999,11576.99162273471,0.0,True
MARGEN_2X,permanent,run_3f5d9cce8ff1c2ba5447e3b6,1773878399999999999,11577.39526207794457787749999,11577.395262077946,1.8189894035458565e-12,True
MARGEN_2X,permanent,run_3f5d9cce8ff1c2ba5447e3b6,1773964799999999999,11577.19431377048575130229999,11577.194313770486,0.0,True
MARGEN_2X,permanent,run_3f5d9cce8ff1c2ba5447e3b6,1774051199999999999,11576.49937348652080248269999,11576.49937348652,0.0,True
MARGEN_2X,permanent,run_3f5d9cce8ff1c2ba5447e3b6,1774137599999999999,11576.73569132162883870549999,11576.73569132163,1.8189894035458565e-12,True
MARGEN_2X,permanent,run_3f5d9cce8ff1c2ba5447e3b6,1774223999999999999,11575.71506324461569910069999,11575.715063244616,0.0,True
MARGEN_2X,permanent,run_3f5d9cce8ff1c2ba5447e3b6,1774310399999999999,11575.93928115226396829869999,11575.939281152265,0.0,True
MARGEN_2X,permanent,run_3f5d9cce8ff1c2ba5447e3b6,1774396799999999999,11576.34803481655068167789999,11576.348034816552,1.8189894035458565e-12,True
MARGEN_2X,permanent,run_3f5d9cce8ff1c2ba5447e3b6,1774483199999999999,11577.10768480817637647789999,11577.107684808178,1.8189894035458565e-12,True
MARGEN_2X,permanent,run_3f5d9cce8ff1c2ba5447e3b6,1774569599999999999,11576.64603968521896494389999,11576.646039685218,0.0,True
MARGEN_2X,permanent,run_3f5d9cce8ff1c2ba5447e3b6,1774655999999999999,11576.33404079467637187509999,11576.334040794678,1.8189894035458565e-12,True
MARGEN_2X,permanent,run_3f5d9cce8ff1c2ba5447e3b6,1774742399999999999,11575.66310605497750464229999,11575.66310605498,3.637978807091713e-12,True
MARGEN_2X,permanent,run_3f5d9cce8ff1c2ba5447e3b6,1774828799999999999,11575.39341680738507126469999,11575.393416807387,1.8189894035458565e-12,True
MARGEN_2X,permanent,run_3f5d9cce8ff1c2ba5447e3b6,1774915199999999999,11575.17351288700516226629999,11575.173512887004,-1.8189894035458565e-12,True
MARGEN_2X,permanent,run_3f5d9cce8ff1c2ba5447e3b6,1775001599999999999,11574.94089869742956226629999,11574.940898697432,1.8189894035458565e-12,True
BASE_E3,conditional,run_ad71d751b20623006c195ff3,1775087999999999999,10785.67010953976593690000000,10785.670109539766,0.0,True
BASE_E3,conditional,run_ad71d751b20623006c195ff3,1775174399999999999,10785.65775928556593690000000,10785.657759285565,-1.8189894035458565e-12,True
BASE_E3,conditional,run_ad71d751b20623006c195ff3,1775260799999999999,10785.65807470916593690000000,10785.658074709165,-1.8189894035458565e-12,True
BASE_E3,conditional,run_ad71d751b20623006c195ff3,1775347199999999999,10785.66123650476593690000000,10785.661236504764,-1.8189894035458565e-12,True
BASE_E3,conditional,run_ad71d751b20623006c195ff3,1775433599999999999,10785.67617030896593690000000,10785.676170308965,0.0,True
BASE_E3,conditional,run_ad71d751b20623006c195ff3,1775519999999999999,10785.67472770956593690000000,10785.674727709566,0.0,True
BASE_E3,conditional,run_ad71d751b20623006c195ff3,1775606399999999999,10785.70387559076593690000000,10785.703875590765,0.0,True
BASE_E3,conditional,run_ad71d751b20623006c195ff3,1775692799999999999,10785.69539846836593690000000,10785.695398468364,-1.8189894035458565e-12,True
BASE_E3,conditional,run_ad71d751b20623006c195ff3,1775779199999999999,10785.70036487476593690000000,10785.700364874765,-1.8189894035458565e-12,True
BASE_E3,conditional,run_ad71d751b20623006c195ff3,1775865599999999999,10785.71146515316593690000000,10785.711465153165,-1.8189894035458565e-12,True
BASE_E3,conditional,run_ad71d751b20623006c195ff3,1775951999999999999,10785.71363427476593690000000,10785.713634274765,0.0,True
BASE_E3,conditional,run_ad71d751b20623006c195ff3,1776038399999999999,10785.69269781736593690000000,10785.692697817365,0.0,True
BASE_E3,conditional,run_ad71d751b20623006c195ff3,1776124799999999999,10785.72775818856593690000000,10785.727758188565,-1.8189894035458565e-12,True
BASE_E3,conditional,run_ad71d751b20623006c195ff3,1776211199999999999,10785.72367855536593690000000,10785.723678555365,0.0,True
BASE_E3,conditional,run_ad71d751b20623006c195ff3,1776297599999999999,10785.73001806956593690000000,10785.730018069566,0.0,True
BASE_E3,conditional,run_ad71d751b20623006c195ff3,1776383999999999999,10785.73235768476593690000000,10785.732357684765,-1.8189894035458565e-12,True
BASE_E3,conditional,run_ad71d751b20623006c195ff3,1776470399999999999,10785.75007520836593690000000,10785.750075208365,0.0,True
BASE_E3,conditional,run_ad71d751b20623006c195ff3,1776556799999999999,10785.73663009756593690000000,10785.736630097565,-1.8189894035458565e-12,True
BASE_E3,conditional,run_ad71d751b20623006c195ff3,1776643199999999999,10785.71901245396593690000000,10785.719012453965,-1.8189894035458565e-12,True
BASE_E3,conditional,run_ad71d751b20623006c195ff3,1776729599999999999,10785.73649141896593690000000,10785.736491418966,0.0,True
BASE_E3,conditional,run_ad71d751b20623006c195ff3,1776815999999999999,10785.74083672536593690000000,10785.740836725365,-1.8189894035458565e-12,True
BASE_E3,conditional,run_ad71d751b20623006c195ff3,1776902399999999999,10785.75692698416593690000000,10785.756926984164,-1.8189894035458565e-12,True
BASE_E3,conditional,run_ad71d751b20623006c195ff3,1776988799999999999,10785.75555137596593690000000,10785.755551375965,0.0,True
BASE_E3,conditional,run_ad71d751b20623006c195ff3,1777075199999999999,10785.74877157816593690000000,10785.748771578164,-1.8189894035458565e-12,True
BASE_E3,conditional,run_ad71d751b20623006c195ff3,1777161599999999999,10785.75020491456593690000000,10785.750204914564,-1.8189894035458565e-12,True
BASE_E3,conditional,run_ad71d751b20623006c195ff3,1777247999999999999,10785.76007471976593690000000,10785.760074719765,-1.8189894035458565e-12,True
BASE_E3,conditional,run_ad71d751b20623006c195ff3,1777334399999999999,10785.74778633816593690000000,10785.747786338165,-1.8189894035458565e-12,True
BASE_E3,conditional,run_ad71d751b20623006c195ff3,1777420799999999999,10785.73956510196593690000000,10785.739565101965,0.0,True
BASE_E3,conditional,run_ad71d751b20623006c195ff3,1777507199999999999,10785.73395595016593690000000,10785.733955950165,0.0,True
BASE_E3,conditional,run_ad71d751b20623006c195ff3,1777593599999999999,10785.73801336276593690000000,10785.738013362765,-1.8189894035458565e-12,True
BASE_E3,permanent,run_dfea4b7ac1475668d5968c97,1775087999999999999,11627.09064182778350358859999,11627.090641827785,1.8189894035458565e-12,True
BASE_E3,permanent,run_dfea4b7ac1475668d5968c97,1775174399999999999,11625.91099132136684154599999,11625.910991321367,0.0,True
BASE_E3,permanent,run_dfea4b7ac1475668d5968c97,1775260799999999999,11625.47901035411904073499999,11625.47901035412,1.8189894035458565e-12,True
BASE_E3,permanent,run_dfea4b7ac1475668d5968c97,1775347199999999999,11626.17010304477464162399999,11626.170103044773,-1.8189894035458565e-12,True
BASE_E3,permanent,run_dfea4b7ac1475668d5968c97,1775433599999999999,11625.92371275703320898429999,11625.923712757032,-1.8189894035458565e-12,True
BASE_E3,permanent,run_dfea4b7ac1475668d5968c97,1775519999999999999,11626.33953906428652902089999,11626.339539064285,-1.8189894035458565e-12,True
BASE_E3,permanent,run_dfea4b7ac1475668d5968c97,1775606399999999999,11624.29393232208754880319999,11624.293932322087,0.0,True
BASE_E3,permanent,run_dfea4b7ac1475668d5968c97,1775692799999999999,11627.92865343566296908419999,11627.928653435662,-1.8189894035458565e-12,True
BASE_E3,permanent,run_dfea4b7ac1475668d5968c97,1775779199999999999,11627.96096216558295254819999,11627.960962165582,-1.8189894035458565e-12,True
BASE_E3,permanent,run_dfea4b7ac1475668d5968c97,1775865599999999999,11628.31399574081823137979999,11628.313995740818,0.0,True
BASE_E3,permanent,run_dfea4b7ac1475668d5968c97,1775951999999999999,11626.89448576677310448399999,11626.894485766774,0.0,True
BASE_E3,permanent,run_dfea4b7ac1475668d5968c97,1776038399999999999,11626.80017386173035244319999,11626.800173861731,1.8189894035458565e-12,True
BASE_E3,permanent,run_dfea4b7ac1475668d5968c97,1776124799999999999,11626.33728096376341156959999,11626.337280963762,-1.8189894035458565e-12,True
BASE_E3,permanent,run_dfea4b7ac1475668d5968c97,1776211199999999999,11626.43846021478141156959999,11626.43846021478,-1.8189894035458565e-12,True
BASE_E3,permanent,run_dfea4b7ac1475668d5968c97,1776297599999999999,11627.13280931197983674959999,11627.13280931198,0.0,True
BASE_E3,permanent,run_dfea4b7ac1475668d5968c97,1776383999999999999,11626.42801881688396082619999,11626.428018816885,1.8189894035458565e-12,True
BASE_E3,permanent,run_dfea4b7ac1475668d5968c97,1776470399999999999,11626.61440702420742013159999,11626.614407024208,0.0,True
BASE_E3,permanent,run_dfea4b7ac1475668d5968c97,1776556799999999999,11625.98983436895379046029999,11625.989834368955,0.0,True
BASE_E3,permanent,run_dfea4b7ac1475668d5968c97,1776643199999999999,11623.98900372387383376159999,11623.989003723877,1.8189894035458565e-12,True
BASE_E3,permanent,run_dfea4b7ac1475668d5968c97,1776729599999999999,11623.85343616786738872159999,11623.853436167867,0.0,True
BASE_E3,permanent,run_dfea4b7ac1475668d5968c97,1776815999999999999,11623.14134167378858872159999,11623.141341673789,0.0,True
BASE_E3,permanent,run_dfea4b7ac1475668d5968c97,1776902399999999999,11623.21793858298505226399999,11623.217938582984,-1.8189894035458565e-12,True
BASE_E3,permanent,run_dfea4b7ac1475668d5968c97,1776988799999999999,11623.05895142636151825399999,11623.058951426361,0.0,True
BASE_E3,permanent,run_dfea4b7ac1475668d5968c97,1777075199999999999,11621.84659523932439830549999,11621.846595239325,1.8189894035458565e-12,True
BASE_E3,permanent,run_dfea4b7ac1475668d5968c97,1777161599999999999,11621.20274923163964866089999,11621.202749231641,1.8189894035458565e-12,True
BASE_E3,permanent,run_dfea4b7ac1475668d5968c97,1777247999999999999,11621.17205944057585907269999,11621.172059440578,1.8189894035458565e-12,True
BASE_E3,permanent,run_dfea4b7ac1475668d5968c97,1777334399999999999,11620.47501484541746619859999,11620.475014845419,1.8189894035458565e-12,True
BASE_E3,permanent,run_dfea4b7ac1475668d5968c97,1777420799999999999,11619.38367945222794443069999,11619.383679452229,0.0,True
BASE_E3,permanent,run_dfea4b7ac1475668d5968c97,1777507199999999999,11619.71599955343978294889999,11619.71599955344,0.0,True
BASE_E3,permanent,run_dfea4b7ac1475668d5968c97,1777593599999999999,11619.16835970459288294889999,11619.168359704592,0.0,True
MARGEN_2X,conditional,run_70383794701c4f0fc157b2ed,1775087999999999999,10697.37455238060859872900000,10697.37455238061,1.8189894035458565e-12,True
MARGEN_2X,conditional,run_70383794701c4f0fc157b2ed,1775174399999999999,10697.36892303340859872900000,10697.36892303341,0.0,True
MARGEN_2X,conditional,run_70383794701c4f0fc157b2ed,1775260799999999999,10697.36898565000859872900000,10697.36898565001,1.8189894035458565e-12,True
MARGEN_2X,conditional,run_70383794701c4f0fc157b2ed,1775347199999999999,10697.37028981560859872900000,10697.37028981561,1.8189894035458565e-12,True
MARGEN_2X,conditional,run_70383794701c4f0fc157b2ed,1775433599999999999,10697.37624826880859872900000,10697.376248268809,0.0,True
MARGEN_2X,conditional,run_70383794701c4f0fc157b2ed,1775519999999999999,10697.37569846740859872900000,10697.37569846741,0.0,True
MARGEN_2X,conditional,run_70383794701c4f0fc157b2ed,1775606399999999999,10697.38807594060859872900000,10697.38807594061,0.0,True
MARGEN_2X,conditional,run_70383794701c4f0fc157b2ed,1775692799999999999,10697.38429424820859872900000,10697.38429424821,1.8189894035458565e-12,True
MARGEN_2X,conditional,run_70383794701c4f0fc157b2ed,1775779199999999999,10697.38602579660859872900000,10697.38602579661,1.8189894035458565e-12,True
MARGEN_2X,conditional,run_70383794701c4f0fc157b2ed,1775865599999999999,10697.39080011800859872900000,10697.39080011801,1.8189894035458565e-12,True
MARGEN_2X,conditional,run_70383794701c4f0fc157b2ed,1775951999999999999,10697.39218572060859872900000,10697.39218572061,1.8189894035458565e-12,True
MARGEN_2X,conditional,run_70383794701c4f0fc157b2ed,1776038399999999999,10697.38336891420859872900000,10697.38336891421,1.8189894035458565e-12,True
MARGEN_2X,conditional,run_70383794701c4f0fc157b2ed,1776124799999999999,10697.39847977440859872900000,10697.398479774409,0.0,True
MARGEN_2X,conditional,run_70383794701c4f0fc157b2ed,1776211199999999999,10697.39631012520859872900000,10697.39631012521,1.8189894035458565e-12,True
MARGEN_2X,conditional,run_70383794701c4f0fc157b2ed,1776297599999999999,10697.39911721740859872900000,10697.39911721741,1.8189894035458565e-12,True
MARGEN_2X,conditional,run_70383794701c4f0fc157b2ed,1776383999999999999,10697.39978441460859872900000,10697.399784414609,0.0,True
MARGEN_2X,conditional,run_70383794701c4f0fc157b2ed,1776470399999999999,10697.40715062520859872900000,10697.40715062521,0.0,True
MARGEN_2X,conditional,run_70383794701c4f0fc157b2ed,1776556799999999999,10697.40132528940859872900000,10697.40132528941,0.0,True
MARGEN_2X,conditional,run_70383794701c4f0fc157b2ed,1776643199999999999,10697.39377381080859872900000,10697.393773810809,0.0,True
MARGEN_2X,conditional,run_70383794701c4f0fc157b2ed,1776729599999999999,10697.40072936780859872900000,10697.40072936781,1.8189894035458565e-12,True
MARGEN_2X,conditional,run_70383794701c4f0fc157b2ed,1776815999999999999,10697.40248000420859872900000,10697.40248000421,1.8189894035458565e-12,True
MARGEN_2X,conditional,run_70383794701c4f0fc157b2ed,1776902399999999999,10697.40890575500859872900000,10697.40890575501,1.8189894035458565e-12,True
MARGEN_2X,conditional,run_70383794701c4f0fc157b2ed,1776988799999999999,10697.40770908180859872900000,10697.40770908181,1.8189894035458565e-12,True
MARGEN_2X,conditional,run_70383794701c4f0fc157b2ed,1777075199999999999,10697.40508715000859872900000,10697.40508715001,0.0,True
MARGEN_2X,conditional,run_70383794701c4f0fc157b2ed,1777161599999999999,10697.40565231240859872900000,10697.405652312409,0.0,True
MARGEN_2X,conditional,run_70383794701c4f0fc157b2ed,1777247999999999999,10697.40991556260859872900000,10697.40991556261,1.8189894035458565e-12,True
MARGEN_2X,conditional,run_70383794701c4f0fc157b2ed,1777334399999999999,10697.40455517700859872900000,10697.404555177009,0.0,True
MARGEN_2X,conditional,run_70383794701c4f0fc157b2ed,1777420799999999999,10697.40144298380859872900000,10697.40144298381,1.8189894035458565e-12,True
MARGEN_2X,conditional,run_70383794701c4f0fc157b2ed,1777507199999999999,10697.39891583400859872900000,10697.39891583401,1.8189894035458565e-12,True
MARGEN_2X,conditional,run_70383794701c4f0fc157b2ed,1777593599999999999,10697.40038854260859872900000,10697.40038854261,1.8189894035458565e-12,True
MARGEN_2X,permanent,run_3f5d9cce8ff1c2ba5447e3b6,1775087999999999999,11575.68142488212768148869999,11575.681424882128,0.0,True
MARGEN_2X,permanent,run_3f5d9cce8ff1c2ba5447e3b6,1775174399999999999,11574.52030138302423437589999,11574.520301383025,0.0,True
MARGEN_2X,permanent,run_3f5d9cce8ff1c2ba5447e3b6,1775260799999999999,11574.09306763928959881989999,11574.09306763929,1.8189894035458565e-12,True
MARGEN_2X,permanent,run_3f5d9cce8ff1c2ba5447e3b6,1775347199999999999,11574.77803414858492905589999,11574.778034148585,0.0,True
MARGEN_2X,permanent,run_3f5d9cce8ff1c2ba5447e3b6,1775433599999999999,11574.53823828762321361469999,11574.538238287623,0.0,True
MARGEN_2X,permanent,run_3f5d9cce8ff1c2ba5447e3b6,1775519999999999999,11574.94689344117561838349999,11574.946893441178,1.8189894035458565e-12,True
MARGEN_2X,permanent,run_3f5d9cce8ff1c2ba5447e3b6,1775606399999999999,11572.92694756627010173109999,11572.92694756627,0.0,True
MARGEN_2X,permanent,run_3f5d9cce8ff1c2ba5447e3b6,1775692799999999999,11576.52584891284407043749999,11576.525848912846,1.8189894035458565e-12,True
MARGEN_2X,permanent,run_3f5d9cce8ff1c2ba5447e3b6,1775779199999999999,11576.55710500682509120549999,11576.557105006825,0.0,True
MARGEN_2X,permanent,run_3f5d9cce8ff1c2ba5447e3b6,1775865599999999999,11576.90783521342717328709999,11576.907835213427,0.0,True
MARGEN_2X,permanent,run_3f5d9cce8ff1c2ba5447e3b6,1775951999999999999,11575.49758852736483807349999,11575.497588527365,0.0,True
MARGEN_2X,permanent,run_3f5d9cce8ff1c2ba5447e3b6,1776038399999999999,11575.40103162576075534389999,11575.40103162576,0.0,True
MARGEN_2X,permanent,run_3f5d9cce8ff1c2ba5447e3b6,1776124799999999999,11574.94329576224577078069999,11574.943295762247,0.0,True
MARGEN_2X,permanent,run_3f5d9cce8ff1c2ba5447e3b6,1776211199999999999,11575.03397738015777078069999,11575.033977380159,1.8189894035458565e-12,True
MARGEN_2X,permanent,run_3f5d9cce8ff1c2ba5447e3b6,1776297599999999999,11575.72036227000274299829999,11575.720362270002,-1.8189894035458565e-12,True
MARGEN_2X,permanent,run_3f5d9cce8ff1c2ba5447e3b6,1776383999999999999,11575.02208570950670023749999,11575.022085709508,1.8189894035458565e-12,True
MARGEN_2X,permanent,run_3f5d9cce8ff1c2ba5447e3b6,1776470399999999999,11575.20485926034699157909999,11575.204859260348,0.0,True
MARGEN_2X,permanent,run_3f5d9cce8ff1c2ba5447e3b6,1776556799999999999,11574.58413921574890760829999,11574.58413921575,1.8189894035458565e-12,True
MARGEN_2X,permanent,run_3f5d9cce8ff1c2ba5447e3b6,1776643199999999999,11572.60386351452765486389999,11572.603863514527,0.0,True
MARGEN_2X,permanent,run_3f5d9cce8ff1c2ba5447e3b6,1776729599999999999,11572.46603843999170982389999,11572.466038439992,0.0,True
MARGEN_2X,permanent,run_3f5d9cce8ff1c2ba5447e3b6,1776815999999999999,11571.75791123880610982389999,11571.757911238807,0.0,True
MARGEN_2X,permanent,run_3f5d9cce8ff1c2ba5447e3b6,1776902399999999999,11571.83201887547817336629999,11571.83201887548,1.8189894035458565e-12,True
MARGEN_2X,permanent,run_3f5d9cce8ff1c2ba5447e3b6,1776988799999999999,11571.66976619363475996629999,11571.669766193634,0.0,True
MARGEN_2X,permanent,run_3f5d9cce8ff1c2ba5447e3b6,1777075199999999999,11570.47230568008998478429999,11570.47230568009,0.0,True
MARGEN_2X,permanent,run_3f5d9cce8ff1c2ba5447e3b6,1777161599999999999,11569.83166291519607596429999,11569.831662915198,1.8189894035458565e-12,True
MARGEN_2X,permanent,run_3f5d9cce8ff1c2ba5447e3b6,1777247999999999999,11569.80062402180862848989999,11569.800624021811,1.8189894035458565e-12,True
MARGEN_2X,permanent,run_3f5d9cce8ff1c2ba5447e3b6,1777334399999999999,11569.10696401333363233509999,11569.106964013334,0.0,True
MARGEN_2X,permanent,run_3f5d9cce8ff1c2ba5447e3b6,1777420799999999999,11568.03668443798275434429999,11568.036684437982,0.0,True
MARGEN_2X,permanent,run_3f5d9cce8ff1c2ba5447e3b6,1777507199999999999,11568.35925748447932209229999,11568.359257484479,0.0,True
MARGEN_2X,permanent,run_3f5d9cce8ff1c2ba5447e3b6,1777593599999999999,11567.82174406669252209229999,11567.821744066692,0.0,True
BASE_E3,conditional,run_ad71d751b20623006c195ff3,1777679999999999999,10785.75390500776593690000000,10785.753905007765,-1.8189894035458565e-12,True
BASE_E3,conditional,run_ad71d751b20623006c195ff3,1777766399999999999,10785.75843556096593690000000,10785.758435560965,0.0,True
BASE_E3,conditional,run_ad71d751b20623006c195ff3,1777852799999999999,10785.75771463336593690000000,10785.757714633364,-1.8189894035458565e-12,True
BASE_E3,conditional,run_ad71d751b20623006c195ff3,1777939199999999999,10785.76853061176593690000000,10785.768530611766,0.0,True
BASE_E3,conditional,run_ad71d751b20623006c195ff3,1778025599999999999,10785.77763444716593690000000,10785.777634447164,-1.8189894035458565e-12,True
BASE_E3,conditional,run_ad71d751b20623006c195ff3,1778111999999999999,10785.78105349336593690000000,10785.781053493365,0.0,True
BASE_E3,conditional,run_ad71d751b20623006c195ff3,1778198399999999999,10785.76795447336593690000000,10785.767954473366,0.0,True
BASE_E3,conditional,run_ad71d751b20623006c195ff3,1778284799999999999,10785.76983811476593690000000,10785.769838114766,0.0,True
BASE_E3,conditional,run_ad71d751b20623006c195ff3,1778371199999999999,10785.77442908016593690000000,10785.774429080166,0.0,True
BASE_E3,conditional,run_ad71d751b20623006c195ff3,1778457599999999999,10785.78737184456593690000000,10785.787371844564,-1.8189894035458565e-12,True
BASE_E3,conditional,run_ad71d751b20623006c195ff3,1778543999999999999,10785.78301967816593690000000,10785.783019678165,0.0,True
BASE_E3,conditional,run_ad71d751b20623006c195ff3,1778630399999999999,10785.77106343996593690000000,10785.771063439965,-1.8189894035458565e-12,True
BASE_E3,conditional,run_ad71d751b20623006c195ff3,1778716799999999999,10785.76122904596593690000000,10785.761229045966,0.0,True
BASE_E3,conditional,run_ad71d751b20623006c195ff3,1778803199999999999,10785.77566828236593690000000,10785.775668282366,0.0,True
BASE_E3,conditional,run_ad71d751b20623006c195ff3,1778889599999999999,10785.75847715956593690000000,10785.758477159565,-1.8189894035458565e-12,True
BASE_E3,conditional,run_ad71d751b20623006c195ff3,1778975999999999999,10785.74952594036593690000000,10785.749525940364,-1.8189894035458565e-12,True
BASE_E3,conditional,run_ad71d751b20623006c195ff3,1779062399999999999,10785.74204188456593690000000,10785.742041884565,-1.8189894035458565e-12,True
BASE_E3,conditional,run_ad71d751b20623006c195ff3,1779148799999999999,10785.73872220076593690000000,10785.738722200766,0.0,True
BASE_E3,conditional,run_ad71d751b20623006c195ff3,1779235199999999999,10785.73663207056593690000000,10785.736632070564,-1.8189894035458565e-12,True
BASE_E3,conditional,run_ad71d751b20623006c195ff3,1779321599999999999,10785.74274457216593690000000,10785.742744572164,-1.8189894035458565e-12,True
BASE_E3,conditional,run_ad71d751b20623006c195ff3,1779407999999999999,10785.74346024836593690000000,10785.743460248364,-1.8189894035458565e-12,True
BASE_E3,conditional,run_ad71d751b20623006c195ff3,1779494399999999999,10785.72532451516593690000000,10785.725324515164,-1.8189894035458565e-12,True
BASE_E3,conditional,run_ad71d751b20623006c195ff3,1779580799999999999,10785.73640799136593690000000,10785.736407991364,-1.8189894035458565e-12,True
BASE_E3,conditional,run_ad71d751b20623006c195ff3,1779667199999999999,10785.73816563416593690000000,10785.738165634164,-1.8189894035458565e-12,True
BASE_E3,conditional,run_ad71d751b20623006c195ff3,1779753599999999999,10785.74075980896593690000000,10785.740759808965,-1.8189894035458565e-12,True
BASE_E3,conditional,run_ad71d751b20623006c195ff3,1779839999999999999,10785.72829908456593690000000,10785.728299084565,0.0,True
BASE_E3,conditional,run_ad71d751b20623006c195ff3,1779926399999999999,10785.71513526216593690000000,10785.715135262164,-1.8189894035458565e-12,True
BASE_E3,conditional,run_ad71d751b20623006c195ff3,1780012799999999999,10785.70831280876593690000000,10785.708312808765,0.0,True
BASE_E3,conditional,run_ad71d751b20623006c195ff3,1780099199999999999,10785.70710069296593690000000,10785.707100692965,0.0,True
BASE_E3,conditional,run_ad71d751b20623006c195ff3,1780185599999999999,10785.71042158316593690000000,10785.710421583164,-1.8189894035458565e-12,True
BASE_E3,conditional,run_ad71d751b20623006c195ff3,1780271999999999999,10785.70840511756593690000000,10785.708405117564,-1.8189894035458565e-12,True
BASE_E3,permanent,run_dfea4b7ac1475668d5968c97,1777679999999999999,11619.03348218225300225589999,11619.033482182253,0.0,True
BASE_E3,permanent,run_dfea4b7ac1475668d5968c97,1777766399999999999,11618.19529087509152503789999,11618.195290875092,0.0,True
BASE_E3,permanent,run_dfea4b7ac1475668d5968c97,1777852799999999999,11619.09737638175701940499999,11619.097376381758,1.8189894035458565e-12,True
BASE_E3,permanent,run_dfea4b7ac1475668d5968c97,1777939199999999999,11619.03333494586965604579999,11619.03333494587,1.8189894035458565e-12,True
BASE_E3,permanent,run_dfea4b7ac1475668d5968c97,1778025599999999999,11619.09183632347034109559999,11619.09183632347,0.0,True
BASE_E3,permanent,run_dfea4b7ac1475668d5968c97,1778111999999999999,11617.59258807563515957059999,11617.592588075635,0.0,True
BASE_E3,permanent,run_dfea4b7ac1475668d5968c97,1778198399999999999,11616.57630224451336156179999,11616.576302244513,0.0,True
BASE_E3,permanent,run_dfea4b7ac1475668d5968c97,1778284799999999999,11615.88983955175447816049999,11615.889839551754,-1.8189894035458565e-12,True
BASE_E3,permanent,run_dfea4b7ac1475668d5968c97,1778371199999999999,11616.93654156930467713769999,11616.936541569305,0.0,True
BASE_E3,permanent,run_dfea4b7ac1475668d5968c97,1778457599999999999,11617.74491390477881742049999,11617.744913904777,-1.8189894035458565e-12,True
BASE_E3,permanent,run_dfea4b7ac1475668d5968c97,1778543999999999999,11618.31053653872271742049999,11618.310536538722,0.0,True
BASE_E3,permanent,run_dfea4b7ac1475668d5968c97,1778630399999999999,11618.93298110362535088449999,11618.932981103626,0.0,True
BASE_E3,permanent,run_dfea4b7ac1475668d5968c97,1778716799999999999,11619.07297045104970660949999,11619.07297045105,0.0,True
BASE_E3,permanent,run_dfea4b7ac1475668d5968c97,1778803199999999999,11620.16234207809115818509999,11620.162342078092,1.8189894035458565e-12,True
BASE_E3,permanent,run_dfea4b7ac1475668d5968c97,1778889599999999999,11619.83409044109107068359999,11619.83409044109,0.0,True
BASE_E3,permanent,run_dfea4b7ac1475668d5968c97,1778975999999999999,11620.21308543258743095439999,11620.21308543259,1.8189894035458565e-12,True
BASE_E3,permanent,run_dfea4b7ac1475668d5968c97,1779062399999999999,11620.24667872277298742019999,11620.246678722773,0.0,True
BASE_E3,permanent,run_dfea4b7ac1475668d5968c97,1779148799999999999,11621.47684919809830751069999,11621.476849198101,3.637978807091713e-12,True
BASE_E3,permanent,run_dfea4b7ac1475668d5968c97,1779235199999999999,11622.34897433512955482519999,11622.348974335131,1.8189894035458565e-12,True
BASE_E3,permanent,run_dfea4b7ac1475668d5968c97,1779321599999999999,11622.79528650600166840019999,11622.795286506002,0.0,True
BASE_E3,permanent,run_dfea4b7ac1475668d5968c97,1779407999999999999,11623.36869031189472564039999,11623.368690311894,0.0,True
BASE_E3,permanent,run_dfea4b7ac1475668d5968c97,1779494399999999999,11623.55741037217528761029999,11623.557410372176,0.0,True
BASE_E3,permanent,run_dfea4b7ac1475668d5968c97,1779580799999999999,11624.25681406535340926169999,11624.256814065353,0.0,True
BASE_E3,permanent,run_dfea4b7ac1475668d5968c97,1779667199999999999,11625.37923565124802339169999,11625.379235651248,0.0,True
BASE_E3,permanent,run_dfea4b7ac1475668d5968c97,1779753599999999999,11626.44722625221512339169999,11626.447226252216,0.0,True
BASE_E3,permanent,run_dfea4b7ac1475668d5968c97,1779839999999999999,11626.24377431130455152299999,11626.243774311304,0.0,True
BASE_E3,permanent,run_dfea4b7ac1475668d5968c97,1779926399999999999,11627.77879564972678391379999,11627.778795649725,-1.8189894035458565e-12,True
BASE_E3,permanent,run_dfea4b7ac1475668d5968c97,1780012799999999999,11627.85046673033844561709999,11627.850466730337,-1.8189894035458565e-12,True
BASE_E3,permanent,run_dfea4b7ac1475668d5968c97,1780099199999999999,11629.64889804513531978219999,11629.648898045136,0.0,True
BASE_E3,permanent,run_dfea4b7ac1475668d5968c97,1780185599999999999,11629.85259862919491898379999,11629.852598629193,-1.8189894035458565e-12,True
BASE_E3,permanent,run_dfea4b7ac1475668d5968c97,1780271999999999999,11630.65280328387557431969999,11630.652803283876,0.0,True
MARGEN_2X,conditional,run_70383794701c4f0fc157b2ed,1777679999999999999,10697.40660372360859872900000,10697.40660372361,1.8189894035458565e-12,True
MARGEN_2X,conditional,run_70383794701c4f0fc157b2ed,1777766399999999999,10697.40853208480859872900000,10697.40853208481,1.8189894035458565e-12,True
MARGEN_2X,conditional,run_70383794701c4f0fc157b2ed,1777852799999999999,10697.40836304520859872900000,10697.40836304521,1.8189894035458565e-12,True
MARGEN_2X,conditional,run_70383794701c4f0fc157b2ed,1777939199999999999,10697.41256537160859872900000,10697.41256537161,0.0,True
MARGEN_2X,conditional,run_70383794701c4f0fc157b2ed,1778025599999999999,10697.41601415000859872900000,10697.416014150009,0.0,True
MARGEN_2X,conditional,run_70383794701c4f0fc157b2ed,1778111999999999999,10697.41706286020859872900000,10697.41706286021,1.8189894035458565e-12,True
MARGEN_2X,conditional,run_70383794701c4f0fc157b2ed,1778198399999999999,10697.41151084420859872900000,10697.41151084421,0.0,True
MARGEN_2X,conditional,run_70383794701c4f0fc157b2ed,1778284799999999999,10697.41241662360859872900000,10697.412416623609,0.0,True
MARGEN_2X,conditional,run_70383794701c4f0fc157b2ed,1778371199999999999,10697.41434620300859872900000,10697.41434620301,1.8189894035458565e-12,True
MARGEN_2X,conditional,run_70383794701c4f0fc157b2ed,1778457599999999999,10697.41958209440859872900000,10697.41958209441,1.8189894035458565e-12,True
MARGEN_2X,conditional,run_70383794701c4f0fc157b2ed,1778543999999999999,10697.41758640200859872900000,10697.417586402009,0.0,True
MARGEN_2X,conditional,run_70383794701c4f0fc157b2ed,1778630399999999999,10697.41237033480859872900000,10697.412370334809,0.0,True
MARGEN_2X,conditional,run_70383794701c4f0fc157b2ed,1778716799999999999,10697.40863054380859872900000,10697.408630543809,0.0,True
MARGEN_2X,conditional,run_70383794701c4f0fc157b2ed,1778803199999999999,10697.41409825720859872900000,10697.41409825721,1.8189894035458565e-12,True
MARGEN_2X,conditional,run_70383794701c4f0fc157b2ed,1778889599999999999,10697.40714467440859872900000,10697.40714467441,0.0,True
MARGEN_2X,conditional,run_70383794701c4f0fc157b2ed,1778975999999999999,10697.40329904520859872900000,10697.403299045209,0.0,True
MARGEN_2X,conditional,run_70383794701c4f0fc157b2ed,1779062399999999999,10697.39985744440859872900000,10697.399857444409,0.0,True
MARGEN_2X,conditional,run_70383794701c4f0fc157b2ed,1779148799999999999,10697.39869998260859872900000,10697.39869998261,1.8189894035458565e-12,True
MARGEN_2X,conditional,run_70383794701c4f0fc157b2ed,1779235199999999999,10697.39768122740859872900000,10697.397681227409,0.0,True
MARGEN_2X,conditional,run_70383794701c4f0fc157b2ed,1779321599999999999,10697.40011445000859872900000,10697.400114450009,0.0,True
MARGEN_2X,conditional,run_70383794701c4f0fc157b2ed,1779407999999999999,10697.40043044620859872900000,10697.400430446209,0.0,True
MARGEN_2X,conditional,run_70383794701c4f0fc157b2ed,1779494399999999999,10697.39299640100859872900000,10697.39299640101,0.0,True
MARGEN_2X,conditional,run_70383794701c4f0fc157b2ed,1779580799999999999,10697.39769708920859872900000,10697.397697089209,0.0,True
MARGEN_2X,conditional,run_70383794701c4f0fc157b2ed,1779667199999999999,10697.39805238300859872900000,10697.398052383009,0.0,True
MARGEN_2X,conditional,run_70383794701c4f0fc157b2ed,1779753599999999999,10697.39916721980859872900000,10697.39916721981,1.8189894035458565e-12,True
MARGEN_2X,conditional,run_70383794701c4f0fc157b2ed,1779839999999999999,10697.39415147640859872900000,10697.39415147641,1.8189894035458565e-12,True
MARGEN_2X,conditional,run_70383794701c4f0fc157b2ed,1779926399999999999,10697.38874382300859872900000,10697.388743823009,0.0,True
MARGEN_2X,conditional,run_70383794701c4f0fc157b2ed,1780012799999999999,10697.38611061060859872900000,10697.386110610609,0.0,True
MARGEN_2X,conditional,run_70383794701c4f0fc157b2ed,1780099199999999999,10697.38574247780859872900000,10697.385742477809,0.0,True
MARGEN_2X,conditional,run_70383794701c4f0fc157b2ed,1780185599999999999,10697.38703497300859872900000,10697.38703497301,1.8189894035458565e-12,True
MARGEN_2X,conditional,run_70383794701c4f0fc157b2ed,1780271999999999999,10697.38608920140859872900000,10697.386089201409,0.0,True
MARGEN_2X,permanent,run_3f5d9cce8ff1c2ba5447e3b6,1777679999999999999,11567.68579728197944292509999,11567.68579728198,0.0,True
MARGEN_2X,permanent,run_3f5d9cce8ff1c2ba5447e3b6,1777766399999999999,11566.85400579297949970109999,11566.85400579298,0.0,True
MARGEN_2X,permanent,run_3f5d9cce8ff1c2ba5447e3b6,1777852799999999999,11567.74743782126043639589999,11567.747437821263,1.8189894035458565e-12,True
MARGEN_2X,permanent,run_3f5d9cce8ff1c2ba5447e3b6,1777939199999999999,11567.67906981202801432549999,11567.679069812028,0.0,True
MARGEN_2X,permanent,run_3f5d9cce8ff1c2ba5447e3b6,1778025599999999999,11567.73922806186660699029999,11567.739228061868,1.8189894035458565e-12,True
MARGEN_2X,permanent,run_3f5d9cce8ff1c2ba5447e3b6,1778111999999999999,11566.25386978178272304229999,11566.253869781784,0.0,True
MARGEN_2X,permanent,run_3f5d9cce8ff1c2ba5447e3b6,1778198399999999999,11565.24545459744989853989999,11565.24545459745,0.0,True
MARGEN_2X,permanent,run_3f5d9cce8ff1c2ba5447e3b6,1778284799999999999,11564.56914774456304579629999,11564.569147744565,1.8189894035458565e-12,True
MARGEN_2X,permanent,run_3f5d9cce8ff1c2ba5447e3b6,1778371199999999999,11565.60178858726039946829999,11565.60178858726,0.0,True
MARGEN_2X,permanent,run_3f5d9cce8ff1c2ba5447e3b6,1778457599999999999,11566.39485989748551126509999,11566.394859897488,1.8189894035458565e-12,True
MARGEN_2X,permanent,run_3f5d9cce8ff1c2ba5447e3b6,1778543999999999999,11566.95756426989231126509999,11566.957564269893,0.0,True
MARGEN_2X,permanent,run_3f5d9cce8ff1c2ba5447e3b6,1778630399999999999,11567.57778438357659020909999,11567.577784383579,1.8189894035458565e-12,True
MARGEN_2X,permanent,run_3f5d9cce8ff1c2ba5447e3b6,1778716799999999999,11567.71641931476292973469999,11567.716419314766,1.8189894035458565e-12,True
MARGEN_2X,permanent,run_3f5d9cce8ff1c2ba5447e3b6,1778803199999999999,11568.79831885031129413949999,11568.798318850311,0.0,True
MARGEN_2X,permanent,run_3f5d9cce8ff1c2ba5447e3b6,1778889599999999999,11568.46988661148346503829999,11568.469886611485,1.8189894035458565e-12,True
MARGEN_2X,permanent,run_3f5d9cce8ff1c2ba5447e3b6,1778975999999999999,11568.84328360926037132789999,11568.84328360926,0.0,True
MARGEN_2X,permanent,run_3f5d9cce8ff1c2ba5447e3b6,1779062399999999999,11568.87258108028783464549999,11568.872581080288,0.0,True
MARGEN_2X,permanent,run_3f5d9cce8ff1c2ba5447e3b6,1779148799999999999,11570.09903097465796913149999,11570.09903097466,1.8189894035458565e-12,True
MARGEN_2X,permanent,run_3f5d9cce8ff1c2ba5447e3b6,1779235199999999999,11570.96379888555177750549999,11570.963798885554,1.8189894035458565e-12,True
MARGEN_2X,permanent,run_3f5d9cce8ff1c2ba5447e3b6,1779321599999999999,11571.40702063944264658149999,11571.407020639443,0.0,True
MARGEN_2X,permanent,run_3f5d9cce8ff1c2ba5447e3b6,1779407999999999999,11571.97310839061224008789999,11571.973108390612,0.0,True
MARGEN_2X,permanent,run_3f5d9cce8ff1c2ba5447e3b6,1779494399999999999,11572.16007456283828852189999,11572.16007456284,1.8189894035458565e-12,True
MARGEN_2X,permanent,run_3f5d9cce8ff1c2ba5447e3b6,1779580799999999999,11572.85405684605319755149999,11572.854056846054,0.0,True
MARGEN_2X,permanent,run_3f5d9cce8ff1c2ba5447e3b6,1779667199999999999,11573.96915304055565111149999,11573.969153040558,1.8189894035458565e-12,True
MARGEN_2X,permanent,run_3f5d9cce8ff1c2ba5447e3b6,1779753599999999999,11575.02700923247285111149999,11575.027009232472,-1.8189894035458565e-12,True
MARGEN_2X,permanent,run_3f5d9cce8ff1c2ba5447e3b6,1779839999999999999,11574.82496652639963200069999,11574.824966526401,1.8189894035458565e-12,True
MARGEN_2X,permanent,run_3f5d9cce8ff1c2ba5447e3b6,1779926399999999999,11576.35324288957335743909999,11576.353242889574,0.0,True
MARGEN_2X,permanent,run_3f5d9cce8ff1c2ba5447e3b6,1780012799999999999,11576.42718692971019688829999,11576.42718692971,0.0,True
MARGEN_2X,permanent,run_3f5d9cce8ff1c2ba5447e3b6,1780099199999999999,11578.21374074718142820229999,11578.213740747182,0.0,True
MARGEN_2X,permanent,run_3f5d9cce8ff1c2ba5447e3b6,1780185599999999999,11578.41169478931369403269999,11578.411694789313,-1.8189894035458565e-12,True
MARGEN_2X,permanent,run_3f5d9cce8ff1c2ba5447e3b6,1780271999999999999,11579.20894328826121058349999,11579.208943288262,1.8189894035458565e-12,True
BASE_E3,conditional,run_ad71d751b20623006c195ff3,1780358399999999999,10785.69104108756593690000000,10785.691041087564,-1.8189894035458565e-12,True
BASE_E3,conditional,run_ad71d751b20623006c195ff3,1780444799999999999,10785.64955127456593690000000,10785.649551274564,-1.8189894035458565e-12,True
BASE_E3,conditional,run_ad71d751b20623006c195ff3,1780531199999999999,10785.62731561676593690000000,10785.627315616764,-1.8189894035458565e-12,True
BASE_E3,conditional,run_ad71d751b20623006c195ff3,1780617599999999999,10785.62405193476593690000000,10785.624051934765,-1.8189894035458565e-12,True
BASE_E3,conditional,run_ad71d751b20623006c195ff3,1780703999999999999,10785.59431243356593690000000,10785.594312433564,-1.8189894035458565e-12,True
BASE_E3,conditional,run_ad71d751b20623006c195ff3,1780790399999999999,10785.59345790996593690000000,10785.593457909965,-1.8189894035458565e-12,True
BASE_E3,conditional,run_ad71d751b20623006c195ff3,1780876799999999999,10785.61617882716593690000000,10785.616178827166,0.0,True
BASE_E3,conditional,run_ad71d751b20623006c195ff3,1780963199999999999,10785.61513250456593690000000,10785.615132504565,-1.8189894035458565e-12,True
BASE_E3,conditional,run_ad71d751b20623006c195ff3,1781049599999999999,10785.60214805456593690000000,10785.602148054564,-1.8189894035458565e-12,True
BASE_E3,conditional,run_ad71d751b20623006c195ff3,1781135999999999999,10785.60016733836593690000000,10785.600167338365,0.0,True
BASE_E3,conditional,run_ad71d751b20623006c195ff3,1781222399999999999,10785.61835183656593690000000,10785.618351836565,0.0,True
BASE_E3,conditional,run_ad71d751b20623006c195ff3,1781308799999999999,10785.61774871456593690000000,10785.617748714565,0.0,True
BASE_E3,conditional,run_ad71d751b20623006c195ff3,1781395199999999999,10785.62511022216593690000000,10785.625110222165,-1.8189894035458565e-12,True
BASE_E3,conditional,run_ad71d751b20623006c195ff3,1781481599999999999,10785.63681688696593690000000,10785.636816886965,-1.8189894035458565e-12,True
BASE_E3,conditional,run_ad71d751b20623006c195ff3,1781567999999999999,10785.64385058736593690000000,10785.643850587365,-1.8189894035458565e-12,True
BASE_E3,conditional,run_ad71d751b20623006c195ff3,1781654399999999999,10785.63859020876593690000000,10785.638590208764,-1.8189894035458565e-12,True
BASE_E3,conditional,run_ad71d751b20623006c195ff3,1781740799999999999,10785.62786415916593690000000,10785.627864159165,0.0,True
BASE_E3,conditional,run_ad71d751b20623006c195ff3,1781827199999999999,10785.61472055716593690000000,10785.614720557165,0.0,True
BASE_E3,conditional,run_ad71d751b20623006c195ff3,1781913599999999999,10785.61945543436593690000000,10785.619455434366,0.0,True
BASE_E3,conditional,run_ad71d751b20623006c195ff3,1781999999999999999,10785.62626827236593690000000,10785.626268272365,-1.8189894035458565e-12,True
BASE_E3,conditional,run_ad71d751b20623006c195ff3,1782086399999999999,10785.61730831216593690000000,10785.617308312165,-1.8189894035458565e-12,True
BASE_E3,conditional,run_ad71d751b20623006c195ff3,1782172799999999999,10785.62350675956593690000000,10785.623506759564,-1.8189894035458565e-12,True
BASE_E3,conditional,run_ad71d751b20623006c195ff3,1782259199999999999,10785.61142325136593690000000,10785.611423251365,-1.8189894035458565e-12,True
BASE_E3,conditional,run_ad71d751b20623006c195ff3,1782345599999999999,10785.59689573716593690000000,10785.596895737164,-1.8189894035458565e-12,True
BASE_E3,conditional,run_ad71d751b20623006c195ff3,1782431999999999999,10785.58490816716593690000000,10785.584908167164,-1.8189894035458565e-12,True
BASE_E3,conditional,run_ad71d751b20623006c195ff3,1782518399999999999,10785.58783370216593690000000,10785.587833702164,-1.8189894035458565e-12,True
BASE_E3,conditional,run_ad71d751b20623006c195ff3,1782604799999999999,10785.58699925136593690000000,10785.586999251365,0.0,True
BASE_E3,conditional,run_ad71d751b20623006c195ff3,1782691199999999999,10785.58353748456593690000000,10785.583537484565,-1.8189894035458565e-12,True
BASE_E3,conditional,run_ad71d751b20623006c195ff3,1782777599999999999,10785.58988954016593690000000,10785.589889540164,-1.8189894035458565e-12,True
BASE_E3,conditional,run_ad71d751b20623006c195ff3,1782863999999999999,10785.57631705276593690000000,10785.576317052764,-1.8189894035458565e-12,True
BASE_E3,permanent,run_dfea4b7ac1475668d5968c97,1780358399999999999,11631.01678762808316235949999,11631.016787628083,0.0,True
BASE_E3,permanent,run_dfea4b7ac1475668d5968c97,1780444799999999999,11632.66633345107935840379999,11632.66633345108,0.0,True
BASE_E3,permanent,run_dfea4b7ac1475668d5968c97,1780531199999999999,11632.81295811272570296359999,11632.812958112725,0.0,True
BASE_E3,permanent,run_dfea4b7ac1475668d5968c97,1780617599999999999,11633.36570490294613827759999,11633.365704902946,0.0,True
BASE_E3,permanent,run_dfea4b7ac1475668d5968c97,1780703999999999999,11633.83103118682812099089999,11633.831031186828,0.0,True
BASE_E3,permanent,run_dfea4b7ac1475668d5968c97,1780790399999999999,11633.60377848420071551019999,11633.603778484201,0.0,True
BASE_E3,permanent,run_dfea4b7ac1475668d5968c97,1780876799999999999,11632.69078963071484231949999,11632.690789630715,0.0,True
BASE_E3,permanent,run_dfea4b7ac1475668d5968c97,1780963199999999999,11633.26781623116541359329999,11633.267816231164,-1.8189894035458565e-12,True
BASE_E3,permanent,run_dfea4b7ac1475668d5968c97,1781049599999999999,11633.02982867648891297809999,11633.02982867649,1.8189894035458565e-12,True
BASE_E3,permanent,run_dfea4b7ac1475668d5968c97,1781135999999999999,11632.19229337591657386589999,11632.192293375916,0.0,True
BASE_E3,permanent,run_dfea4b7ac1475668d5968c97,1781222399999999999,11632.54645920495701716089999,11632.546459204958,0.0,True
BASE_E3,permanent,run_dfea4b7ac1475668d5968c97,1781308799999999999,11632.66080902923701716089999,11632.660809029237,0.0,True
BASE_E3,permanent,run_dfea4b7ac1475668d5968c97,1781395199999999999,11632.90521313602550903669999,11632.905213136026,0.0,True
BASE_E3,permanent,run_dfea4b7ac1475668d5968c97,1781481599999999999,11632.73971766598893673629999,11632.739717665989,0.0,True
BASE_E3,permanent,run_dfea4b7ac1475668d5968c97,1781567999999999999,11632.88191811638597597289999,11632.881918116385,0.0,True
BASE_E3,permanent,run_dfea4b7ac1475668d5968c97,1781654399999999999,11632.66629375643676196169999,11632.666293756438,1.8189894035458565e-12,True
BASE_E3,permanent,run_dfea4b7ac1475668d5968c97,1781740799999999999,11632.72039851985370678809999,11632.720398519856,1.8189894035458565e-12,True
BASE_E3,permanent,run_dfea4b7ac1475668d5968c97,1781827199999999999,11632.72737390385567667449999,11632.727373903857,1.8189894035458565e-12,True
BASE_E3,permanent,run_dfea4b7ac1475668d5968c97,1781913599999999999,11633.08725872338271236719999,11633.087258723383,0.0,True
BASE_E3,permanent,run_dfea4b7ac1475668d5968c97,1781999999999999999,11633.52352932944839887849999,11633.523529329448,0.0,True
BASE_E3,permanent,run_dfea4b7ac1475668d5968c97,1782086399999999999,11633.44249535931086584689999,11633.442495359312,0.0,True
BASE_E3,permanent,run_dfea4b7ac1475668d5968c97,1782172799999999999,11634.15509293750000441489999,11634.1550929375,0.0,True
BASE_E3,permanent,run_dfea4b7ac1475668d5968c97,1782259199999999999,11634.23626749813554437729999,11634.236267498136,0.0,True
BASE_E3,permanent,run_dfea4b7ac1475668d5968c97,1782345599999999999,11634.33114435294964345169999,11634.33114435295,0.0,True
BASE_E3,permanent,run_dfea4b7ac1475668d5968c97,1782431999999999999,11634.28864446120371152249999,11634.288644461203,0.0,True
BASE_E3,permanent,run_dfea4b7ac1475668d5968c97,1782518399999999999,11634.46588395519079527289999,11634.465883955192,1.8189894035458565e-12,True
BASE_E3,permanent,run_dfea4b7ac1475668d5968c97,1782604799999999999,11634.84729851361601348009999,11634.847298513618,1.8189894035458565e-12,True
BASE_E3,permanent,run_dfea4b7ac1475668d5968c97,1782691199999999999,11634.64397925204579418409999,11634.643979252045,0.0,True
BASE_E3,permanent,run_dfea4b7ac1475668d5968c97,1782777599999999999,11635.15530143819454111389999,11635.155301438195,0.0,True
BASE_E3,permanent,run_dfea4b7ac1475668d5968c97,1782863999999999999,11635.42264541494312211349999,11635.422645414943,0.0,True
MARGEN_2X,conditional,run_70383794701c4f0fc157b2ed,1780358399999999999,10697.37993766140859872900000,10697.37993766141,1.8189894035458565e-12,True
MARGEN_2X,conditional,run_70383794701c4f0fc157b2ed,1780444799999999999,10697.36300804040859872900000,10697.36300804041,0.0,True
MARGEN_2X,conditional,run_70383794701c4f0fc157b2ed,1780531199999999999,10697.35442985760859872900000,10697.354429857609,0.0,True
MARGEN_2X,conditional,run_70383794701c4f0fc157b2ed,1780617599999999999,10697.35263828760859872900000,10697.35263828761,1.8189894035458565e-12,True
MARGEN_2X,conditional,run_70383794701c4f0fc157b2ed,1780703999999999999,10697.33919866740859872900000,10697.339198667409,0.0,True
MARGEN_2X,conditional,run_70383794701c4f0fc157b2ed,1780790399999999999,10697.33871144080859872900000,10697.338711440809,0.0,True
MARGEN_2X,conditional,run_70383794701c4f0fc157b2ed,1780876799999999999,10697.34854803700859872900000,10697.34854803701,0.0,True
MARGEN_2X,conditional,run_70383794701c4f0fc157b2ed,1780963199999999999,10697.34824180440859872900000,10697.34824180441,1.8189894035458565e-12,True
MARGEN_2X,conditional,run_70383794701c4f0fc157b2ed,1781049599999999999,10697.34284310440859872900000,10697.342843104409,0.0,True
MARGEN_2X,conditional,run_70383794701c4f0fc157b2ed,1781135999999999999,10697.34188263920859872900000,10697.34188263921,1.8189894035458565e-12,True
MARGEN_2X,conditional,run_70383794701c4f0fc157b2ed,1781222399999999999,10697.34911622440859872900000,10697.34911622441,1.8189894035458565e-12,True
MARGEN_2X,conditional,run_70383794701c4f0fc157b2ed,1781308799999999999,10697.34878568040859872900000,10697.34878568041,0.0,True
MARGEN_2X,conditional,run_70383794701c4f0fc157b2ed,1781395199999999999,10697.35161965200859872900000,10697.351619652009,0.0,True
MARGEN_2X,conditional,run_70383794701c4f0fc157b2ed,1781481599999999999,10697.35644820980859872900000,10697.35644820981,1.8189894035458565e-12,True
MARGEN_2X,conditional,run_70383794701c4f0fc157b2ed,1781567999999999999,10697.36001395720859872900000,10697.36001395721,1.8189894035458565e-12,True
MARGEN_2X,conditional,run_70383794701c4f0fc157b2ed,1781654399999999999,10697.35809507160859872900000,10697.35809507161,1.8189894035458565e-12,True
MARGEN_2X,conditional,run_70383794701c4f0fc157b2ed,1781740799999999999,10697.35364513100859872900000,10697.35364513101,1.8189894035458565e-12,True
MARGEN_2X,conditional,run_70383794701c4f0fc157b2ed,1781827199999999999,10697.34840307700859872900000,10697.348403077009,0.0,True
MARGEN_2X,conditional,run_70383794701c4f0fc157b2ed,1781913599999999999,10697.35009208220859872900000,10697.35009208221,1.8189894035458565e-12,True
MARGEN_2X,conditional,run_70383794701c4f0fc157b2ed,1781999999999999999,10697.35294939220859872900000,10697.352949392209,0.0,True
MARGEN_2X,conditional,run_70383794701c4f0fc157b2ed,1782086399999999999,10697.34925544300859872900000,10697.349255443009,0.0,True
MARGEN_2X,conditional,run_70383794701c4f0fc157b2ed,1782172799999999999,10697.35177638640859872900000,10697.35177638641,0.0,True
MARGEN_2X,conditional,run_70383794701c4f0fc157b2ed,1782259199999999999,10697.34657133820859872900000,10697.34657133821,1.8189894035458565e-12,True
MARGEN_2X,conditional,run_70383794701c4f0fc157b2ed,1782345599999999999,10697.34073562900859872900000,10697.34073562901,1.8189894035458565e-12,True
MARGEN_2X,conditional,run_70383794701c4f0fc157b2ed,1782431999999999999,10697.33564704900859872900000,10697.335647049009,0.0,True
MARGEN_2X,conditional,run_70383794701c4f0fc157b2ed,1782518399999999999,10697.33686406300859872900000,10697.336864063009,0.0,True
MARGEN_2X,conditional,run_70383794701c4f0fc157b2ed,1782604799999999999,10697.33649288020859872900000,10697.33649288021,0.0,True
MARGEN_2X,conditional,run_70383794701c4f0fc157b2ed,1782691199999999999,10697.33524249240859872900000,10697.335242492409,0.0,True
MARGEN_2X,conditional,run_70383794701c4f0fc157b2ed,1782777599999999999,10697.33810184700859872900000,10697.33810184701,1.8189894035458565e-12,True
MARGEN_2X,conditional,run_70383794701c4f0fc157b2ed,1782863999999999999,10697.33269192260859872900000,10697.33269192261,0.0,True
MARGEN_2X,permanent,run_3f5d9cce8ff1c2ba5447e3b6,1780358399999999999,11579.56845660547945948349999,11579.56845660548,1.8189894035458565e-12,True
MARGEN_2X,permanent,run_3f5d9cce8ff1c2ba5447e3b6,1780444799999999999,11581.20457088538796931909999,11581.20457088539,1.8189894035458565e-12,True
MARGEN_2X,permanent,run_3f5d9cce8ff1c2ba5447e3b6,1780531199999999999,11581.35814728476002706389999,11581.35814728476,0.0,True
MARGEN_2X,permanent,run_3f5d9cce8ff1c2ba5447e3b6,1780617599999999999,11581.89735728587941210869999,11581.89735728588,0.0,True
MARGEN_2X,permanent,run_3f5d9cce8ff1c2ba5447e3b6,1780703999999999999,11582.36118038329948552429999,11582.3611803833,0.0,True
MARGEN_2X,permanent,run_3f5d9cce8ff1c2ba5447e3b6,1780790399999999999,11582.13677824990607051269999,11582.136778249907,1.8189894035458565e-12,True
MARGEN_2X,permanent,run_3f5d9cce8ff1c2ba5447e3b6,1780876799999999999,11581.23792150786249932029999,11581.237921507864,1.8189894035458565e-12,True
MARGEN_2X,permanent,run_3f5d9cce8ff1c2ba5447e3b6,1780963199999999999,11581.80869377375387662509999,11581.808693773755,1.8189894035458565e-12,True
MARGEN_2X,permanent,run_3f5d9cce8ff1c2ba5447e3b6,1781049599999999999,11581.57640118187727553389999,11581.576401181877,0.0,True
MARGEN_2X,permanent,run_3f5d9cce8ff1c2ba5447e3b6,1781135999999999999,11580.74475892455299322749999,11580.744758924553,0.0,True
MARGEN_2X,permanent,run_3f5d9cce8ff1c2ba5447e3b6,1781222399999999999,11581.09574715816263455949999,11581.095747158164,1.8189894035458565e-12,True
MARGEN_2X,permanent,run_3f5d9cce8ff1c2ba5447e3b6,1781308799999999999,11581.21418601715463455949999,11581.214186017154,0.0,True
MARGEN_2X,permanent,run_3f5d9cce8ff1c2ba5447e3b6,1781395199999999999,11581.45831020155393330909999,11581.458310201555,1.8189894035458565e-12,True
MARGEN_2X,permanent,run_3f5d9cce8ff1c2ba5447e3b6,1781481599999999999,11581.29149490549580351229999,11581.291494905498,1.8189894035458565e-12,True
MARGEN_2X,permanent,run_3f5d9cce8ff1c2ba5447e3b6,1781567999999999999,11581.43075861253954165389999,11581.43075861254,0.0,True
MARGEN_2X,permanent,run_3f5d9cce8ff1c2ba5447e3b6,1781654399999999999,11581.21629833355341491469999,11581.216298333555,1.8189894035458565e-12,True
MARGEN_2X,permanent,run_3f5d9cce8ff1c2ba5447e3b6,1781740799999999999,11581.26818305772160733709999,11581.268183057722,0.0,True
MARGEN_2X,permanent,run_3f5d9cce8ff1c2ba5447e3b6,1781827199999999999,11581.27497497726078482829999,11581.274974977261,0.0,True
MARGEN_2X,permanent,run_3f5d9cce8ff1c2ba5447e3b6,1781913599999999999,11581.63319622854707901109999,11581.633196228548,0.0,True
MARGEN_2X,permanent,run_3f5d9cce8ff1c2ba5447e3b6,1781999999999999999,11582.06505148836333278669999,11582.065051488364,0.0,True
MARGEN_2X,permanent,run_3f5d9cce8ff1c2ba5447e3b6,1782086399999999999,11581.98862333308968895149999,11581.98862333309,1.8189894035458565e-12,True
MARGEN_2X,permanent,run_3f5d9cce8ff1c2ba5447e3b6,1782172799999999999,11582.69531684620558216749999,11582.695316846206,0.0,True
MARGEN_2X,permanent,run_3f5d9cce8ff1c2ba5447e3b6,1782259199999999999,11582.77777101382271097389999,11582.777771013825,1.8189894035458565e-12,True
MARGEN_2X,permanent,run_3f5d9cce8ff1c2ba5447e3b6,1782345599999999999,11582.87071693466470018669999,11582.870716934665,0.0,True
MARGEN_2X,permanent,run_3f5d9cce8ff1c2ba5447e3b6,1782431999999999999,11582.82839934938785927629999,11582.82839934939,1.8189894035458565e-12,True
MARGEN_2X,permanent,run_3f5d9cce8ff1c2ba5447e3b6,1782518399999999999,11583.00876767117990566349999,11583.008767671181,1.8189894035458565e-12,True
MARGEN_2X,permanent,run_3f5d9cce8ff1c2ba5447e3b6,1782604799999999999,11583.38669045745280030989999,11583.386690457455,1.8189894035458565e-12,True
MARGEN_2X,permanent,run_3f5d9cce8ff1c2ba5447e3b6,1782691199999999999,11583.18785489208728101389999,11583.187854892089,1.8189894035458565e-12,True
MARGEN_2X,permanent,run_3f5d9cce8ff1c2ba5447e3b6,1782777599999999999,11583.69892573916160296509999,11583.698925739163,1.8189894035458565e-12,True
MARGEN_2X,permanent,run_3f5d9cce8ff1c2ba5447e3b6,1782863999999999999,11583.96558499607869114589999,11583.96558499608,1.8189894035458565e-12,True
BASE_E3,conditional,run_ad71d751b20623006c195ff3,1782950399999999999,10785.58858842216593690000000,10785.588588422164,-1.8189894035458565e-12,True
BASE_E3,conditional,run_ad71d751b20623006c195ff3,1783036799999999999,10785.60344902716593690000000,10785.603449027165,-1.8189894035458565e-12,True
BASE_E3,conditional,run_ad71d751b20623006c195ff3,1783123199999999999,10785.61371061976593690000000,10785.613710619766,0.0,True
BASE_E3,conditional,run_ad71d751b20623006c195ff3,1783209599999999999,10785.61865471036593690000000,10785.618654710364,-1.8189894035458565e-12,True
BASE_E3,conditional,run_ad71d751b20623006c195ff3,1783295999999999999,10785.62243689136593690000000,10785.622436891364,-1.8189894035458565e-12,True
BASE_E3,conditional,run_ad71d751b20623006c195ff3,1783382399999999999,10785.62619955836593690000000,10785.626199558365,-1.8189894035458565e-12,True
BASE_E3,conditional,run_ad71d751b20623006c195ff3,1783468799999999999,10785.61959285956593690000000,10785.619592859564,-1.8189894035458565e-12,True
BASE_E3,conditional,run_ad71d751b20623006c195ff3,1783555199999999999,10785.61073203456593690000000,10785.610732034565,0.0,True
BASE_E3,conditional,run_ad71d751b20623006c195ff3,1783641599999999999,10785.61811101456593690000000,10785.618111014564,-1.8189894035458565e-12,True
BASE_E3,conditional,run_ad71d751b20623006c195ff3,1783727999999999999,10785.62713244216593690000000,10785.627132442165,-1.8189894035458565e-12,True
BASE_E3,conditional,run_ad71d751b20623006c195ff3,1783814399999999999,10785.62419211156593690000000,10785.624192111565,0.0,True
BASE_E3,conditional,run_ad71d751b20623006c195ff3,1783900799999999999,10785.62464299456593690000000,10785.624642994564,-1.8189894035458565e-12,True
BASE_E3,conditional,run_ad71d751b20623006c195ff3,1783987199999999999,10785.61208608216593690000000,10785.612086082165,-1.8189894035458565e-12,True
BASE_E3,conditional,run_ad71d751b20623006c195ff3,1784073599999999999,10785.63713003216593690000000,10785.637130032164,-1.8189894035458565e-12,True
BASE_E3,conditional,run_ad71d751b20623006c195ff3,1784159999999999999,10785.63612983596593690000000,10785.636129835964,-1.8189894035458565e-12,True
BASE_E3,conditional,run_ad71d751b20623006c195ff3,1784246399999999999,10785.62710082916593690000000,10785.627100829164,-1.8189894035458565e-12,True
BASE_E3,conditional,run_ad71d751b20623006c195ff3,1784332799999999999,10785.62696779716593690000000,10785.626967797165,-1.8189894035458565e-12,True
BASE_E3,conditional,run_ad71d751b20623006c195ff3,1784419199999999999,10785.63478600676593690000000,10785.634786006765,0.0,True
BASE_E3,conditional,run_ad71d751b20623006c195ff3,1784505599999999999,10785.63427329736593690000000,10785.634273297364,-1.8189894035458565e-12,True
BASE_E3,conditional,run_ad71d751b20623006c195ff3,1784591999999999999,10785.63958538856593690000000,10785.639585388564,-1.8189894035458565e-12,True
BASE_E3,conditional,run_ad71d751b20623006c195ff3,1784678399999999999,10785.65044403556593690000000,10785.650444035566,0.0,True
BASE_E3,conditional,run_ad71d751b20623006c195ff3,1784764799999999999,10785.64737256216593690000000,10785.647372562165,0.0,True
BASE_E3,conditional,run_ad71d751b20623006c195ff3,1784851199999999999,10785.63734728756593690000000,10785.637347287566,0.0,True
BASE_E3,conditional,run_ad71d751b20623006c195ff3,1784937599999999999,10785.62940120096593690000000,10785.629401200964,-1.8189894035458565e-12,True
BASE_E3,conditional,run_ad71d751b20623006c195ff3,1785023999999999999,10785.63156950216593690000000,10785.631569502164,-1.8189894035458565e-12,True
BASE_E3,conditional,run_ad71d751b20623006c195ff3,1785110399999999999,10785.64240578276593690000000,10785.642405782764,-1.8189894035458565e-12,True
BASE_E3,conditional,run_ad71d751b20623006c195ff3,1785196799999999999,10785.62754620496593690000000,10785.627546204965,0.0,True
BASE_E3,conditional,run_ad71d751b20623006c195ff3,1785283199999999999,10785.63008536596593690000000,10785.630085365965,-1.8189894035458565e-12,True
BASE_E3,conditional,run_ad71d751b20623006c195ff3,1785369599999999999,10785.62987688456593690000000,10785.629876884565,-1.8189894035458565e-12,True
BASE_E3,conditional,run_ad71d751b20623006c195ff3,1785455999999999999,10785.63634394696593690000000,10785.636343946964,-1.8189894035458565e-12,True
BASE_E3,conditional,run_ad71d751b20623006c195ff3,1785542399999999999,10785.61955652376593690000000,10785.619556523765,-1.8189894035458565e-12,True
BASE_E3,permanent,run_dfea4b7ac1475668d5968c97,1782950399999999999,11636.35784262311646799539999,11636.357842623118,1.8189894035458565e-12,True
BASE_E3,permanent,run_dfea4b7ac1475668d5968c97,1783036799999999999,11636.50432411954336799539999,11636.504324119544,0.0,True
BASE_E3,permanent,run_dfea4b7ac1475668d5968c97,1783123199999999999,11637.73683902658595932439999,11637.736839026586,0.0,True
BASE_E3,permanent,run_dfea4b7ac1475668d5968c97,1783209599999999999,11638.80043329089872465939999,11638.800433290899,0.0,True
BASE_E3,permanent,run_dfea4b7ac1475668d5968c97,1783295999999999999,11639.38226498546985918379999,11639.38226498547,0.0,True
BASE_E3,permanent,run_dfea4b7ac1475668d5968c97,1783382399999999999,11640.24309108382797768659999,11640.243091083828,0.0,True
BASE_E3,permanent,run_dfea4b7ac1475668d5968c97,1783468799999999999,11641.20987594628367768659999,11641.209875946284,0.0,True
BASE_E3,permanent,run_dfea4b7ac1475668d5968c97,1783555199999999999,11641.86965808479286175309999,11641.869658084794,0.0,True
BASE_E3,permanent,run_dfea4b7ac1475668d5968c97,1783641599999999999,11642.52242067756105627769999,11642.522420677558,-1.8189894035458565e-12,True
BASE_E3,permanent,run_dfea4b7ac1475668d5968c97,1783727999999999999,11643.33636190396977605389999,11643.33636190397,0.0,True
BASE_E3,permanent,run_dfea4b7ac1475668d5968c97,1783814399999999999,11644.05558088106840353269999,11644.05558088107,1.8189894035458565e-12,True
BASE_E3,permanent,run_dfea4b7ac1475668d5968c97,1783900799999999999,11644.39134682203648429589999,11644.391346822034,-1.8189894035458565e-12,True
BASE_E3,permanent,run_dfea4b7ac1475668d5968c97,1783987199999999999,11644.35487368955547823839999,11644.354873689555,0.0,True
BASE_E3,permanent,run_dfea4b7ac1475668d5968c97,1784073599999999999,11645.18078191230835013539999,11645.180781912308,0.0,True
BASE_E3,permanent,run_dfea4b7ac1475668d5968c97,1784159999999999999,11646.25495714086167441459999,11646.254957140862,0.0,True
BASE_E3,permanent,run_dfea4b7ac1475668d5968c97,1784246399999999999,11646.91276462273625344189999,11646.912764622733,-3.637978807091713e-12,True
BASE_E3,permanent,run_dfea4b7ac1475668d5968c97,1784332799999999999,11647.31614846800590283789999,11647.316148468006,0.0,True
BASE_E3,permanent,run_dfea4b7ac1475668d5968c97,1784419199999999999,11647.96922671507720600589999,11647.969226715077,0.0,True
BASE_E3,permanent,run_dfea4b7ac1475668d5968c97,1784505599999999999,11648.03482600478555944989999,11648.034826004785,0.0,True
BASE_E3,permanent,run_dfea4b7ac1475668d5968c97,1784591999999999999,11648.66506719957061021349999,11648.665067199572,1.8189894035458565e-12,True
BASE_E3,permanent,run_dfea4b7ac1475668d5968c97,1784678399999999999,11649.44801617152265269219999,11649.448016171522,0.0,True
BASE_E3,permanent,run_dfea4b7ac1475668d5968c97,1784764799999999999,11649.94212356035974195789999,11649.94212356036,0.0,True
BASE_E3,permanent,run_dfea4b7ac1475668d5968c97,1784851199999999999,11649.93814914153282388749999,11649.938149141533,0.0,True
BASE_E3,permanent,run_dfea4b7ac1475668d5968c97,1784937599999999999,11650.10759856659092388749999,11650.10759856659,0.0,True
BASE_E3,permanent,run_dfea4b7ac1475668d5968c97,1785023999999999999,11650.47308986097314256209999,11650.473089860974,1.8189894035458565e-12,True
BASE_E3,permanent,run_dfea4b7ac1475668d5968c97,1785110399999999999,11650.21745186109781487299999,11650.217451861095,-1.8189894035458565e-12,True
BASE_E3,permanent,run_dfea4b7ac1475668d5968c97,1785196799999999999,11651.48557028749169902179999,11651.48557028749,-1.8189894035458565e-12,True
BASE_E3,permanent,run_dfea4b7ac1475668d5968c97,1785283199999999999,11652.08870584303957678459999,11652.08870584304,0.0,True
BASE_E3,permanent,run_dfea4b7ac1475668d5968c97,1785369599999999999,11652.49808111393971479059999,11652.498081113941,1.8189894035458565e-12,True
BASE_E3,permanent,run_dfea4b7ac1475668d5968c97,1785455999999999999,11653.62903209641030468059999,11653.62903209641,0.0,True
BASE_E3,permanent,run_dfea4b7ac1475668d5968c97,1785542399999999999,11653.96207004195658412509999,11653.962070041956,0.0,True
MARGEN_2X,conditional,run_70383794701c4f0fc157b2ed,1782950399999999999,10697.33760915900859872900000,10697.337609159009,0.0,True
MARGEN_2X,conditional,run_70383794701c4f0fc157b2ed,1783036799999999999,10697.34425002500859872900000,10697.34425002501,0.0,True
MARGEN_2X,conditional,run_70383794701c4f0fc157b2ed,1783123199999999999,10697.34876976960859872900000,10697.34876976961,0.0,True
MARGEN_2X,conditional,run_70383794701c4f0fc157b2ed,1783209599999999999,10697.35085965120859872900000,10697.35085965121,0.0,True
MARGEN_2X,conditional,run_70383794701c4f0fc157b2ed,1783295999999999999,10697.35226823420859872900000,10697.35226823421,1.8189894035458565e-12,True
MARGEN_2X,conditional,run_70383794701c4f0fc157b2ed,1783382399999999999,10697.35380543220859872900000,10697.353805432209,0.0,True
MARGEN_2X,conditional,run_70383794701c4f0fc157b2ed,1783468799999999999,10697.35100749840859872900000,10697.35100749841,1.8189894035458565e-12,True
MARGEN_2X,conditional,run_70383794701c4f0fc157b2ed,1783555199999999999,10697.34749226440859872900000,10697.347492264409,0.0,True
MARGEN_2X,conditional,run_70383794701c4f0fc157b2ed,1783641599999999999,10697.35012829640859872900000,10697.35012829641,1.8189894035458565e-12,True
MARGEN_2X,conditional,run_70383794701c4f0fc157b2ed,1783727999999999999,10697.35411107900859872900000,10697.35411107901,1.8189894035458565e-12,True
MARGEN_2X,conditional,run_70383794701c4f0fc157b2ed,1783814399999999999,10697.35294642840859872900000,10697.35294642841,0.0,True
MARGEN_2X,conditional,run_70383794701c4f0fc157b2ed,1783900799999999999,10697.35337999240859872900000,10697.35337999241,1.8189894035458565e-12,True
MARGEN_2X,conditional,run_70383794701c4f0fc157b2ed,1783987199999999999,10697.34846067900859872900000,10697.34846067901,1.8189894035458565e-12,True
MARGEN_2X,conditional,run_70383794701c4f0fc157b2ed,1784073599999999999,10697.35908129100859872900000,10697.35908129101,1.8189894035458565e-12,True
MARGEN_2X,conditional,run_70383794701c4f0fc157b2ed,1784159999999999999,10697.35914081380859872900000,10697.359140813809,0.0,True
MARGEN_2X,conditional,run_70383794701c4f0fc157b2ed,1784246399999999999,10697.35513380500859872900000,10697.35513380501,0.0,True
MARGEN_2X,conditional,run_70383794701c4f0fc157b2ed,1784332799999999999,10697.35474202100859872900000,10697.354742021009,0.0,True
MARGEN_2X,conditional,run_70383794701c4f0fc157b2ed,1784419199999999999,10697.35782338160859872900000,10697.35782338161,1.8189894035458565e-12,True
MARGEN_2X,conditional,run_70383794701c4f0fc157b2ed,1784505599999999999,10697.35778870920859872900000,10697.357788709209,0.0,True
MARGEN_2X,conditional,run_70383794701c4f0fc157b2ed,1784591999999999999,10697.36016715340859872900000,10697.360167153409,0.0,True
MARGEN_2X,conditional,run_70383794701c4f0fc157b2ed,1784678399999999999,10697.36438336240859872900000,10697.36438336241,1.8189894035458565e-12,True
MARGEN_2X,conditional,run_70383794701c4f0fc157b2ed,1784764799999999999,10697.36337243900859872900000,10697.36337243901,0.0,True
MARGEN_2X,conditional,run_70383794701c4f0fc157b2ed,1784851199999999999,10697.35897225740859872900000,10697.358972257409,0.0,True
MARGEN_2X,conditional,run_70383794701c4f0fc157b2ed,1784937599999999999,10697.35590322880859872900000,10697.355903228809,0.0,True
MARGEN_2X,conditional,run_70383794701c4f0fc157b2ed,1785023999999999999,10697.35687173500859872900000,10697.35687173501,1.8189894035458565e-12,True
MARGEN_2X,conditional,run_70383794701c4f0fc157b2ed,1785110399999999999,10697.36192555560859872900000,10697.36192555561,1.8189894035458565e-12,True
MARGEN_2X,conditional,run_70383794701c4f0fc157b2ed,1785196799999999999,10697.35571224880859872900000,10697.35571224881,0.0,True
MARGEN_2X,conditional,run_70383794701c4f0fc157b2ed,1785283199999999999,10697.35706765580859872900000,10697.35706765581,1.8189894035458565e-12,True
MARGEN_2X,conditional,run_70383794701c4f0fc157b2ed,1785369599999999999,10697.35681784040859872900000,10697.35681784041,0.0,True
MARGEN_2X,conditional,run_70383794701c4f0fc157b2ed,1785455999999999999,10697.35923204180859872900000,10697.35923204181,1.8189894035458565e-12,True
MARGEN_2X,conditional,run_70383794701c4f0fc157b2ed,1785542399999999999,10697.35242580160859872900000,10697.35242580161,1.8189894035458565e-12,True
MARGEN_2X,permanent,run_3f5d9cce8ff1c2ba5447e3b6,1782950399999999999,11584.89016568684278481189999,11584.890165686842,0.0,True
MARGEN_2X,permanent,run_3f5d9cce8ff1c2ba5447e3b6,1783036799999999999,11585.03844885705358481189999,11585.038448857054,0.0,True
MARGEN_2X,permanent,run_3f5d9cce8ff1c2ba5447e3b6,1783123199999999999,11586.25907186695708611989999,11586.259071866958,1.8189894035458565e-12,True
MARGEN_2X,permanent,run_3f5d9cce8ff1c2ba5447e3b6,1783209599999999999,11587.31761192622049658789999,11587.317611926223,1.8189894035458565e-12,True
MARGEN_2X,permanent,run_3f5d9cce8ff1c2ba5447e3b6,1783295999999999999,11587.89648080062229586629999,11587.896480800624,1.8189894035458565e-12,True
MARGEN_2X,permanent,run_3f5d9cce8ff1c2ba5447e3b6,1783382399999999999,11588.74877887611000125989999,11588.74877887611,0.0,True
MARGEN_2X,permanent,run_3f5d9cce8ff1c2ba5447e3b6,1783468799999999999,11589.71087066601040125989999,11589.710870666011,0.0,True
MARGEN_2X,permanent,run_3f5d9cce8ff1c2ba5447e3b6,1783555199999999999,11590.36401468283774705469999,11590.364014682838,0.0,True
MARGEN_2X,permanent,run_3f5d9cce8ff1c2ba5447e3b6,1783641599999999999,11591.00776872813935798989999,11591.007768728141,1.8189894035458565e-12,True
MARGEN_2X,permanent,run_3f5d9cce8ff1c2ba5447e3b6,1783727999999999999,11591.81542668954884349629999,11591.81542668955,1.8189894035458565e-12,True
MARGEN_2X,permanent,run_3f5d9cce8ff1c2ba5447e3b6,1783814399999999999,11592.52106956282662692509999,11592.521069562827,0.0,True
MARGEN_2X,permanent,run_3f5d9cce8ff1c2ba5447e3b6,1783900799999999999,11592.85968819944532697309999,11592.859688199445,0.0,True
MARGEN_2X,permanent,run_3f5d9cce8ff1c2ba5447e3b6,1783987199999999999,11592.83277864649558319509999,11592.832778646496,0.0,True
MARGEN_2X,permanent,run_3f5d9cce8ff1c2ba5447e3b6,1784073599999999999,11593.64152883197535717189999,11593.641528831975,0.0,True
MARGEN_2X,permanent,run_3f5d9cce8ff1c2ba5447e3b6,1784159999999999999,11594.70626610337999588229999,11594.70626610338,0.0,True
MARGEN_2X,permanent,run_3f5d9cce8ff1c2ba5447e3b6,1784246399999999999,11595.35454327362308515389999,11595.354543273623,0.0,True
MARGEN_2X,permanent,run_3f5d9cce8ff1c2ba5447e3b6,1784332799999999999,11595.75227020044248896829999,11595.752270200444,1.8189894035458565e-12,True
MARGEN_2X,permanent,run_3f5d9cce8ff1c2ba5447e3b6,1784419199999999999,11596.39932605977544465149999,11596.399326059774,-1.8189894035458565e-12,True
MARGEN_2X,permanent,run_3f5d9cce8ff1c2ba5447e3b6,1784505599999999999,11596.46609044537736021629999,11596.466090445378,0.0,True
MARGEN_2X,permanent,run_3f5d9cce8ff1c2ba5447e3b6,1784591999999999999,11597.08186273666125355229999,11597.081862736663,1.8189894035458565e-12,True
MARGEN_2X,permanent,run_3f5d9cce8ff1c2ba5447e3b6,1784678399999999999,11597.86805032933960748549999,11597.86805032934,0.0,True
MARGEN_2X,permanent,run_3f5d9cce8ff1c2ba5447e3b6,1784764799999999999,11598.32110602795722419709999,11598.321106027957,0.0,True
MARGEN_2X,permanent,run_3f5d9cce8ff1c2ba5447e3b6,1784851199999999999,11598.31938958584290612669999,11598.319389585842,0.0,True
MARGEN_2X,permanent,run_3f5d9cce8ff1c2ba5447e3b6,1784937599999999999,11598.49004800742160612669999,11598.490048007421,0.0,True
MARGEN_2X,permanent,run_3f5d9cce8ff1c2ba5447e3b6,1785023999999999999,11598.85245308620409163129999,11598.852453086203,0.0,True
MARGEN_2X,permanent,run_3f5d9cce8ff1c2ba5447e3b6,1785110399999999999,11598.60648956685894634119999,11598.606489566859,0.0,True
MARGEN_2X,permanent,run_3f5d9cce8ff1c2ba5447e3b6,1785196799999999999,11599.85872779078374048999999,11599.858727790783,-1.8189894035458565e-12,True
MARGEN_2X,permanent,run_3f5d9cce8ff1c2ba5447e3b6,1785283199999999999,11600.45811779613931347279999,11600.458117796139,0.0,True
MARGEN_2X,permanent,run_3f5d9cce8ff1c2ba5447e3b6,1785369599999999999,11600.86393804235677039159999,11600.863938042356,-1.8189894035458565e-12,True
MARGEN_2X,permanent,run_3f5d9cce8ff1c2ba5447e3b6,1785455999999999999,11601.99141204234155831279999,11601.99141204234,-1.8189894035458565e-12,True
MARGEN_2X,permanent,run_3f5d9cce8ff1c2ba5447e3b6,1785542399999999999,11602.32578648396829560429999,11602.325786483967,-1.8189894035458565e-12,True
BASE_E3,conditional,run_ad71d751b20623006c195ff3,1785628799999999999,10785.61851195816593690000000,10785.618511958164,-1.8189894035458565e-12,True
BASE_E3,conditional,run_ad71d751b20623006c195ff3,1785715199999999999,10785.62572529816593690000000,10785.625725298165,-1.8189894035458565e-12,True
BASE_E3,conditional,run_ad71d751b20623006c195ff3,1785801599999999999,10785.62445387476593690000000,10785.624453874765,0.0,True
BASE_E3,conditional,run_ad71d751b20623006c195ff3,1785887999999999999,10785.62937569716593690000000,10785.629375697165,-1.8189894035458565e-12,True
BASE_E3,conditional,run_ad71d751b20623006c195ff3,1785974399999999999,10785.63506784236593690000000,10785.635067842364,-1.8189894035458565e-12,True
BASE_E3,conditional,run_ad71d751b20623006c195ff3,1786060799999999999,10785.63218858036593690000000,10785.632188580365,-1.8189894035458565e-12,True
BASE_E3,conditional,run_ad71d751b20623006c195ff3,1786147199999999999,10785.63723752036593690000000,10785.637237520365,-1.8189894035458565e-12,True
BASE_E3,conditional,run_ad71d751b20623006c195ff3,1786233599999999999,10785.63764318136593690000000,10785.637643181364,-1.8189894035458565e-12,True
BASE_E3,conditional,run_ad71d751b20623006c195ff3,1786319999999999999,10785.63695702436593690000000,10785.636957024364,-1.8189894035458565e-12,True
BASE_E3,conditional,run_ad71d751b20623006c195ff3,1786406399999999999,10785.62839831216593690000000,10785.628398312165,-1.8189894035458565e-12,True
BASE_E3,conditional,run_ad71d751b20623006c195ff3,1786492799999999999,10785.62592718716593690000000,10785.625927187164,-1.8189894035458565e-12,True
BASE_E3,conditional,run_ad71d751b20623006c195ff3,1786579199999999999,10785.62488970836593690000000,10785.624889708364,-1.8189894035458565e-12,True
BASE_E3,conditional,run_ad71d751b20623006c195ff3,1786665599999999999,10785.62500722156593690000000,10785.625007221564,-1.8189894035458565e-12,True
BASE_E3,conditional,run_ad71d751b20623006c195ff3,1786751999999999999,10785.62154811196593690000000,10785.621548111965,0.0,True
BASE_E3,conditional,run_ad71d751b20623006c195ff3,1786838399999999999,10785.62191210456593690000000,10785.621912104565,0.0,True
BASE_E3,conditional,run_ad71d751b20623006c195ff3,1786924799999999999,10785.62013907076593690000000,10785.620139070765,-1.8189894035458565e-12,True
BASE_E3,conditional,run_ad71d751b20623006c195ff3,1787011199999999999,10785.63445726196593690000000,10785.634457261966,0.0,True
BASE_E3,conditional,run_ad71d751b20623006c195ff3,1787097599999999999,10785.63586177056593690000000,10785.635861770565,-1.8189894035458565e-12,True
BASE_E3,conditional,run_ad71d751b20623006c195ff3,1787183999999999999,10785.68358304476593690000000,10785.683583044765,0.0,True
BASE_E3,conditional,run_ad71d751b20623006c195ff3,1787270399999999999,10785.71528670936593690000000,10785.715286709365,-1.8189894035458565e-12,True
BASE_E3,conditional,run_ad71d751b20623006c195ff3,1787356799999999999,10785.76321626936593690000000,10785.763216269364,-1.8189894035458565e-12,True
BASE_E3,conditional,run_ad71d751b20623006c195ff3,1787443199999999999,10785.75017368956593690000000,10785.750173689565,-1.8189894035458565e-12,True
BASE_E3,conditional,run_ad71d751b20623006c195ff3,1787529599999999999,10785.75653260716593690000000,10785.756532607165,0.0,True
BASE_E3,conditional,run_ad71d751b20623006c195ff3,1787615999999999999,10785.76682193356593690000000,10785.766821933565,-1.8189894035458565e-12,True
BASE_E3,conditional,run_ad71d751b20623006c195ff3,1787702399999999999,10785.76181031956593690000000,10785.761810319565,0.0,True
BASE_E3,conditional,run_ad71d751b20623006c195ff3,1787788799999999999,10785.76783793216593690000000,10785.767837932164,-1.8189894035458565e-12,True
BASE_E3,conditional,run_ad71d751b20623006c195ff3,1787875199999999999,10785.77775212156593690000000,10785.777752121565,-1.8189894035458565e-12,True
BASE_E3,conditional,run_ad71d751b20623006c195ff3,1787961599999999999,10785.75652415616593690000000,10785.756524156164,-1.8189894035458565e-12,True
BASE_E3,conditional,run_ad71d751b20623006c195ff3,1788047999999999999,10785.76010313716593690000000,10785.760103137165,0.0,True
BASE_E3,conditional,run_ad71d751b20623006c195ff3,1788134399999999999,10785.75447732976593690000000,10785.754477329765,-1.8189894035458565e-12,True
BASE_E3,conditional,run_ad71d751b20623006c195ff3,1788220799999999999,10785.76304964716593690000000,10785.763049647165,-1.8189894035458565e-12,True
BASE_E3,permanent,run_dfea4b7ac1475668d5968c97,1785628799999999999,11654.71260131464548952459999,11654.712601314644,-1.8189894035458565e-12,True
BASE_E3,permanent,run_dfea4b7ac1475668d5968c97,1785715199999999999,11655.35462491516848952459999,11655.354624915168,0.0,True
BASE_E3,permanent,run_dfea4b7ac1475668d5968c97,1785801599999999999,11655.75493844735575987019999,11655.754938447357,1.8189894035458565e-12,True
BASE_E3,permanent,run_dfea4b7ac1475668d5968c97,1785887999999999999,11656.82669832369237147319999,11656.826698323694,1.8189894035458565e-12,True
BASE_E3,permanent,run_dfea4b7ac1475668d5968c97,1785974399999999999,11657.18424458677340134969999,11657.184244586773,0.0,True
BASE_E3,permanent,run_dfea4b7ac1475668d5968c97,1786060799999999999,11657.45725136144895488669999,11657.45725136145,0.0,True
BASE_E3,permanent,run_dfea4b7ac1475668d5968c97,1786147199999999999,11658.01129754358964931429999,11658.01129754359,0.0,True
BASE_E3,permanent,run_dfea4b7ac1475668d5968c97,1786233599999999999,11658.11930048603751051929999,11658.119300486036,-1.8189894035458565e-12,True
BASE_E3,permanent,run_dfea4b7ac1475668d5968c97,1786319999999999999,11659.17479352833166038509999,11659.174793528331,0.0,True
BASE_E3,permanent,run_dfea4b7ac1475668d5968c97,1786406399999999999,11659.47468981714329562849999,11659.474689817143,0.0,True
BASE_E3,permanent,run_dfea4b7ac1475668d5968c97,1786492799999999999,11659.91995763592519453109999,11659.919957635926,0.0,True
BASE_E3,permanent,run_dfea4b7ac1475668d5968c97,1786579199999999999,11660.61661375502528195429999,11660.616613755026,1.8189894035458565e-12,True
BASE_E3,permanent,run_dfea4b7ac1475668d5968c97,1786665599999999999,11661.90244986579118649249999,11661.902449865791,0.0,True
BASE_E3,permanent,run_dfea4b7ac1475668d5968c97,1786751999999999999,11662.05495983621443110139999,11662.054959836212,-1.8189894035458565e-12,True
BASE_E3,permanent,run_dfea4b7ac1475668d5968c97,1786838399999999999,11663.08539801212735712139999,11663.085398012125,-1.8189894035458565e-12,True
BASE_E3,permanent,run_dfea4b7ac1475668d5968c97,1786924799999999999,11663.09759386396737163689999,11663.097593863968,0.0,True
BASE_E3,permanent,run_dfea4b7ac1475668d5968c97,1787011199999999999,11663.57630558987620254249999,11663.576305589877,0.0,True
BASE_E3,permanent,run_dfea4b7ac1475668d5968c97,1787097599999999999,11664.31298686663463386749999,11664.312986866633,-1.8189894035458565e-12,True
BASE_E3,permanent,run_dfea4b7ac1475668d5968c97,1787183999999999999,11664.44395226938334689149999,11664.443952269385,1.8189894035458565e-12,True
BASE_E3,permanent,run_dfea4b7ac1475668d5968c97,1787270399999999999,11666.54049335624299883549999,11666.540493356244,1.8189894035458565e-12,True
BASE_E3,permanent,run_dfea4b7ac1475668d5968c97,1787356799999999999,11666.88621678332238300029999,11666.886216783321,-1.8189894035458565e-12,True
BASE_E3,permanent,run_dfea4b7ac1475668d5968c97,1787443199999999999,11668.39451365947089600029999,11668.39451365947,0.0,True
BASE_E3,permanent,run_dfea4b7ac1475668d5968c97,1787529599999999999,11669.79992236604428800029999,11669.799922366043,-1.8189894035458565e-12,True
BASE_E3,permanent,run_dfea4b7ac1475668d5968c97,1787615999999999999,11673.66675410552673600029999,11673.666754105525,-1.8189894035458565e-12,True
BASE_E3,permanent,run_dfea4b7ac1475668d5968c97,1787702399999999999,11673.85617320431570770729999,11673.856173204314,-1.8189894035458565e-12,True
BASE_E3,permanent,run_dfea4b7ac1475668d5968c97,1787788799999999999,11673.47984296692706448649999,11673.479842966928,1.8189894035458565e-12,True
BASE_E3,permanent,run_dfea4b7ac1475668d5968c97,1787875199999999999,11676.24768806725364523969999,11676.247688067253,0.0,True
BASE_E3,permanent,run_dfea4b7ac1475668d5968c97,1787961599999999999,11676.73246968424510513309999,11676.732469684244,0.0,True
BASE_E3,permanent,run_dfea4b7ac1475668d5968c97,1788047999999999999,11677.59288545917813068869999,11677.59288545918,1.8189894035458565e-12,True
BASE_E3,permanent,run_dfea4b7ac1475668d5968c97,1788134399999999999,11679.28146412471107139389999,11679.281464124713,1.8189894035458565e-12,True
BASE_E3,permanent,run_dfea4b7ac1475668d5968c97,1788220799999999999,11680.06921675742584680269999,11680.069216757427,1.8189894035458565e-12,True
MARGEN_2X,conditional,run_70383794701c4f0fc157b2ed,1785628799999999999,10697.35179353000859872900000,10697.35179353001,1.8189894035458565e-12,True
MARGEN_2X,conditional,run_70383794701c4f0fc157b2ed,1785715199999999999,10697.35495686700859872900000,10697.35495686701,1.8189894035458565e-12,True
MARGEN_2X,conditional,run_70383794701c4f0fc157b2ed,1785801599999999999,10697.35412816760859872900000,10697.35412816761,1.8189894035458565e-12,True
MARGEN_2X,conditional,run_70383794701c4f0fc157b2ed,1785887999999999999,10697.35601918100859872900000,10697.35601918101,1.8189894035458565e-12,True
MARGEN_2X,conditional,run_70383794701c4f0fc157b2ed,1785974399999999999,10697.35861803320859872900000,10697.35861803321,0.0,True
MARGEN_2X,conditional,run_70383794701c4f0fc157b2ed,1786060799999999999,10697.35753413020859872900000,10697.35753413021,0.0,True
MARGEN_2X,conditional,run_70383794701c4f0fc157b2ed,1786147199999999999,10697.35947640820859872900000,10697.35947640821,1.8189894035458565e-12,True
MARGEN_2X,conditional,run_70383794701c4f0fc157b2ed,1786233599999999999,10697.35965973920859872900000,10697.35965973921,1.8189894035458565e-12,True
MARGEN_2X,conditional,run_70383794701c4f0fc157b2ed,1786319999999999999,10697.35932012120859872900000,10697.35932012121,1.8189894035458565e-12,True
MARGEN_2X,conditional,run_70383794701c4f0fc157b2ed,1786406399999999999,10697.35571764300859872900000,10697.35571764301,0.0,True
MARGEN_2X,conditional,run_70383794701c4f0fc157b2ed,1786492799999999999,10697.35499426500859872900000,10697.35499426501,1.8189894035458565e-12,True
MARGEN_2X,conditional,run_70383794701c4f0fc157b2ed,1786579199999999999,10697.35458512820859872900000,10697.354585128209,0.0,True
MARGEN_2X,conditional,run_70383794701c4f0fc157b2ed,1786665599999999999,10697.35471259540859872900000,10697.35471259541,1.8189894035458565e-12,True
MARGEN_2X,conditional,run_70383794701c4f0fc157b2ed,1786751999999999999,10697.35343824380859872900000,10697.35343824381,1.8189894035458565e-12,True
MARGEN_2X,conditional,run_70383794701c4f0fc157b2ed,1786838399999999999,10697.35357046040859872900000,10697.35357046041,0.0,True
MARGEN_2X,conditional,run_70383794701c4f0fc157b2ed,1786924799999999999,10697.35284088760859872900000,10697.35284088761,1.8189894035458565e-12,True
MARGEN_2X,conditional,run_70383794701c4f0fc157b2ed,1787011199999999999,10697.35848393180859872900000,10697.35848393181,1.8189894035458565e-12,True
MARGEN_2X,conditional,run_70383794701c4f0fc157b2ed,1787097599999999999,10697.35903644440859872900000,10697.35903644441,1.8189894035458565e-12,True
MARGEN_2X,conditional,run_70383794701c4f0fc157b2ed,1787183999999999999,10697.38105224360859872900000,10697.381052243609,0.0,True
MARGEN_2X,conditional,run_70383794701c4f0fc157b2ed,1787270399999999999,10697.39342095720859872900000,10697.393420957209,0.0,True
MARGEN_2X,conditional,run_70383794701c4f0fc157b2ed,1787356799999999999,10697.41326679720859872900000,10697.41326679721,1.8189894035458565e-12,True
MARGEN_2X,conditional,run_70383794701c4f0fc157b2ed,1787443199999999999,10697.40725302040859872900000,10697.40725302041,1.8189894035458565e-12,True
MARGEN_2X,conditional,run_70383794701c4f0fc157b2ed,1787529599999999999,10697.41009402500859872900000,10697.41009402501,1.8189894035458565e-12,True
MARGEN_2X,conditional,run_70383794701c4f0fc157b2ed,1787615999999999999,10697.41402083840859872900000,10697.414020838409,0.0,True
MARGEN_2X,conditional,run_70383794701c4f0fc157b2ed,1787702399999999999,10697.41164441040859872900000,10697.41164441041,0.0,True
MARGEN_2X,conditional,run_70383794701c4f0fc157b2ed,1787788799999999999,10697.41475269900859872900000,10697.41475269901,0.0,True
MARGEN_2X,conditional,run_70383794701c4f0fc157b2ed,1787875199999999999,10697.41833800340859872900000,10697.41833800341,1.8189894035458565e-12,True
MARGEN_2X,conditional,run_70383794701c4f0fc157b2ed,1787961599999999999,10697.40977613700859872900000,10697.409776137009,0.0,True
MARGEN_2X,conditional,run_70383794701c4f0fc157b2ed,1788047999999999999,10697.41127153300859872900000,10697.41127153301,1.8189894035458565e-12,True
MARGEN_2X,conditional,run_70383794701c4f0fc157b2ed,1788134399999999999,10697.40867462160859872900000,10697.408674621609,0.0,True
MARGEN_2X,conditional,run_70383794701c4f0fc157b2ed,1788220799999999999,10697.41246587300859872900000,10697.412465873009,0.0,True
MARGEN_2X,permanent,run_3f5d9cce8ff1c2ba5447e3b6,1785628799999999999,11603.06892075468183922239999,11603.068920754684,1.8189894035458565e-12,True
MARGEN_2X,permanent,run_3f5d9cce8ff1c2ba5447e3b6,1785715199999999999,11603.70273152422923922239999,11603.702731524229,0.0,True
MARGEN_2X,permanent,run_3f5d9cce8ff1c2ba5447e3b6,1785801599999999999,11604.10473909025070410879999,11604.104739090251,0.0,True
MARGEN_2X,permanent,run_3f5d9cce8ff1c2ba5447e3b6,1785887999999999999,11605.16846206909924858899999,11605.1684620691,0.0,True
MARGEN_2X,permanent,run_3f5d9cce8ff1c2ba5447e3b6,1785974399999999999,11605.52205078659738781969999,11605.522050786596,-1.8189894035458565e-12,True
MARGEN_2X,permanent,run_3f5d9cce8ff1c2ba5447e3b6,1786060799999999999,11605.79469497115164186029999,11605.79469497115,-1.8189894035458565e-12,True
MARGEN_2X,permanent,run_3f5d9cce8ff1c2ba5447e3b6,1786147199999999999,11606.34289694300467388389999,11606.342896943004,0.0,True
MARGEN_2X,permanent,run_3f5d9cce8ff1c2ba5447e3b6,1786233599999999999,11606.45330675660536433329999,11606.453306756606,0.0,True
MARGEN_2X,permanent,run_3f5d9cce8ff1c2ba5447e3b6,1786319999999999999,11607.49812540315258696669999,11607.498125403154,1.8189894035458565e-12,True
MARGEN_2X,permanent,run_3f5d9cce8ff1c2ba5447e3b6,1786406399999999999,11607.80031579174262997609999,11607.800315791743,0.0,True
MARGEN_2X,permanent,run_3f5d9cce8ff1c2ba5447e3b6,1786492799999999999,11608.23995186629866476949999,11608.239951866299,0.0,True
MARGEN_2X,permanent,run_3f5d9cce8ff1c2ba5447e3b6,1786579199999999999,11608.93042912593087354469999,11608.93042912593,0.0,True
MARGEN_2X,permanent,run_3f5d9cce8ff1c2ba5447e3b6,1786665599999999999,11610.20695407517785156649999,11610.206954075178,0.0,True
MARGEN_2X,permanent,run_3f5d9cce8ff1c2ba5447e3b6,1786751999999999999,11610.35954635408857234639999,11610.35954635409,1.8189894035458565e-12,True
MARGEN_2X,permanent,run_3f5d9cce8ff1c2ba5447e3b6,1786838399999999999,11611.38259162763583131199999,11611.382591627636,0.0,True
MARGEN_2X,permanent,run_3f5d9cce8ff1c2ba5447e3b6,1786924799999999999,11611.39512512120037794849999,11611.395125121198,-1.8189894035458565e-12,True
MARGEN_2X,permanent,run_3f5d9cce8ff1c2ba5447e3b6,1787011199999999999,11611.86983552719300885409999,11611.869835527194,0.0,True
MARGEN_2X,permanent,run_3f5d9cce8ff1c2ba5447e3b6,1787097599999999999,11612.60225735246452280909999,11612.602257352462,-1.8189894035458565e-12,True
MARGEN_2X,permanent,run_3f5d9cce8ff1c2ba5447e3b6,1787183999999999999,11612.72848977513416668109999,11612.728489775136,1.8189894035458565e-12,True
MARGEN_2X,permanent,run_3f5d9cce8ff1c2ba5447e3b6,1787270399999999999,11614.80687735232653662509999,11614.806877352325,-1.8189894035458565e-12,True
MARGEN_2X,permanent,run_3f5d9cce8ff1c2ba5447e3b6,1787356799999999999,11615.15334971538571478989999,11615.153349715387,1.8189894035458565e-12,True
MARGEN_2X,permanent,run_3f5d9cce8ff1c2ba5447e3b6,1787443199999999999,11616.63097682760724978989999,11616.630976827606,-1.8189894035458565e-12,True
MARGEN_2X,permanent,run_3f5d9cce8ff1c2ba5447e3b6,1787529599999999999,11618.03562029940448178989999,11618.035620299403,-1.8189894035458565e-12,True
MARGEN_2X,permanent,run_3f5d9cce8ff1c2ba5447e3b6,1787615999999999999,11621.87557069806692978989999,11621.875570698066,0.0,True
MARGEN_2X,permanent,run_3f5d9cce8ff1c2ba5447e3b6,1787702399999999999,11622.05811497587886287649999,11622.058114975878,0.0,True
MARGEN_2X,permanent,run_3f5d9cce8ff1c2ba5447e3b6,1787788799999999999,11621.70149609081536965569999,11621.701496090816,1.8189894035458565e-12,True
MARGEN_2X,permanent,run_3f5d9cce8ff1c2ba5447e3b6,1787875199999999999,11624.44528814674808514629999,11624.445288146746,-1.8189894035458565e-12,True
MARGEN_2X,permanent,run_3f5d9cce8ff1c2ba5447e3b6,1787961599999999999,11624.92939059180701946999999,11624.92939059181,1.8189894035458565e-12,True
MARGEN_2X,permanent,run_3f5d9cce8ff1c2ba5447e3b6,1788047999999999999,11625.77512049031874094179999,11625.77512049032,1.8189894035458565e-12,True
MARGEN_2X,permanent,run_3f5d9cce8ff1c2ba5447e3b6,1788134399999999999,11627.45361780659218032359999,11627.453617806592,0.0,True
MARGEN_2X,permanent,run_3f5d9cce8ff1c2ba5447e3b6,1788220799999999999,11628.23407455384730719199999,11628.234074553848,0.0,True
