time_ns,date,symbol,spot_pnl_usdt,futures_pnl_usdt,funding_usdt,fees_usdt,liquidation_fees_usdt,slippage_informational_usdt,spot_realized_pnl_usdt,spot_unrealized_pnl_usdt,futures_realized_pnl_usdt,futures_unrealized_pnl_usdt,net_pnl_usdt,scenario,strategy,run_id,horizon_hours
1641081599999999999,2022-01-01,BTCUSDT,0,0E-8,0,0,0,0,0,0,0,-0E-8,0E-8,BASE_E3,permanent,run_dfea4b7ac1475668d5968c97,168
1641081599999999999,2022-01-01,ETHUSDT,0,0E-8,0,0,0,0,0,0,0,-0E-8,0E-8,BASE_E3,permanent,run_dfea4b7ac1475668d5968c97,168
1641167999999999999,2022-01-02,BTCUSDT,0,0E-8,0,0,0,0,0,0,0,0E-8,0E-8,BASE_E3,permanent,run_dfea4b7ac1475668d5968c97,168
1641167999999999999,2022-01-02,ETHUSDT,0,0E-8,0,0,0,0,0,0,0,0E-8,0E-8,BASE_E3,permanent,run_dfea4b7ac1475668d5968c97,168
1641254399999999999,2022-01-03,BTCUSDT,0,0E-8,0,0,0,0,0,0,0,0E-8,0E-8,BASE_E3,permanent,run_dfea4b7ac1475668d5968c97,168
1641254399999999999,2022-01-03,ETHUSDT,0,0E-8,0,0,0,0,0,0,0,0E-8,0E-8,BASE_E3,permanent,run_dfea4b7ac1475668d5968c97,168
1641340799999999999,2022-01-04,BTCUSDT,-40.1099560938000000,39.65204158272,0.5979563788998400000,-4.4661726720,0,0.6017469565366081134575997970,0,-40.1099560938000000,0,39.65204158272,-4.3261308041801600000,BASE_E3,permanent,run_dfea4b7ac1475668d5968c97,168
1641340799999999999,2022-01-04,ETHUSDT,0,0E-8,0,0,0,0,0,0,0,0E-8,0E-8,BASE_E3,permanent,run_dfea4b7ac1475668d5968c97,168
1641427199999999999,2022-01-05,BTCUSDT,-154.4424687342000000,156.61867841728,0.8886263906473600000,0E-10,0,0E-28,0,-154.4424687342000000,0,156.61867841728,3.0648360737273600000,BASE_E3,permanent,run_dfea4b7ac1475668d5968c97,168
1641427199999999999,2022-01-05,ETHUSDT,-214.669983132000000,213.52776345375,0.2998195302218650000,-4.490521933,0,0.6065622936982577833601854836,0,-214.669983132000000,0,213.52776345375,-5.3329220810281350000,BASE_E3,permanent,run_dfea4b7ac1475668d5968c97,168
1641513599999999999,2022-01-06,BTCUSDT,-20.5913477403000000,19.01504000000,0.8292509265988480000,0E-10,0,0E-28,0,-20.5913477403000000,0,19.01504000000,-0.7470568137011520000,BASE_E3,permanent,run_dfea4b7ac1475668d5968c97,168
1641513599999999999,2022-01-06,ETHUSDT,-100.262013624000000,99.87441638935,0.5356406360114365160,0E-9,0,0E-28,0,-100.262013624000000,0,99.87441638935,0.1480434013614365160,BASE_E3,permanent,run_dfea4b7ac1475668d5968c97,168
1641599999999999999,2022-01-07,BTCUSDT,-100.8086996907000000,100.69376000000,0.8070170079384320000,0E-10,0,0E-28,0,-100.8086996907000000,0,100.69376000000,0.6920773172384320000,BASE_E3,permanent,run_dfea4b7ac1475668d5968c97,168
1641599999999999999,2022-01-07,ETHUSDT,-168.409096326000000,168.17177015690,0.5489992051170805825,0E-9,0,0E-28,0,-168.409096326000000,0,168.17177015690,0.3116730360170805825,BASE_E3,permanent,run_dfea4b7ac1475668d5968c97,168
1641686399999999999,2022-01-08,BTCUSDT,9.5842479582000000,-9.53502287232,0.8003822785089920000,0E-10,0,0E-28,0,9.5842479582000000,0,-9.53502287232,0.8496073643889920000,BASE_E3,permanent,run_dfea4b7ac1475668d5968c97,168
1641686399999999999,2022-01-08,ETHUSDT,-88.918558434000000,88.38315000000,0.7514156995146350000,0E-9,0,0E-28,0,-88.918558434000000,0,88.38315000000,0.2160072655146350000,BASE_E3,permanent,run_dfea4b7ac1475668d5968c97,168
1641772799999999999,2022-01-09,BTCUSDT,9.9574025301000000,-9.24193712768,0.8005684066119040000,0E-10,0,0E-28,0,9.9574025301000000,0,-9.24193712768,1.5160338090319040000,BASE_E3,permanent,run_dfea4b7ac1475668d5968c97,168
1641772799999999999,2022-01-09,ETHUSDT,52.964908074000000,-52.75018411445,0.1972599963514614130,0E-9,0,0E-28,0,52.964908074000000,0,-52.75018411445,0.4119839559014614130,BASE_E3,permanent,run_dfea4b7ac1475668d5968c97,168
1641859199999999999,2022-01-10,BTCUSDT,-1.2685975326000000,1.69218619968,0.6516830673064410880,0E-10,0,0E-28,0,-1.2685975326000000,0,1.69218619968,1.0752717343864410880,BASE_E3,permanent,run_dfea4b7ac1475668d5968c97,168
1641859199999999999,2022-01-10,ETHUSDT,-52.344746856000000,52.70431347940,-0.4810161836370336095,0E-9,0,0E-28,0,-52.344746856000000,0,52.70431347940,-0.1214495602370336095,BASE_E3,permanent,run_dfea4b7ac1475668d5968c97,168
1641945599999999999,2022-01-11,BTCUSDT,64.0896667794000000,-64.09415205573999999999999989,0.7852020892103208708,-0.4387405193,0,0.0586489620716850672843492476,0,64.0896667794000000,0,-64.09415205573999999999999989,0.34197629357032087080000011,BASE_E3,permanent,run_dfea4b7ac1475668d5968c97,168
1641945599999999999,2022-01-11,ETHUSDT,122.729120028000000,-122.20619448295,0.4608709101237701060,0E-9,0,0E-28,0,122.729120028000000,0,-122.20619448295,0.9837964551737701060,BASE_E3,permanent,run_dfea4b7ac1475668d5968c97,168
1642031999999999999,2022-01-12,BTCUSDT,81.8917470792000000,-81.82106414394000000000000000,-0.0190327006767529584,0E-10,0,0E-28,0,81.8917470792000000,0,-81.82106414394000000000000000,0.05165023458324704160000000,BASE_E3,permanent,run_dfea4b7ac1475668d5968c97,168
1642031999999999999,2022-01-12,ETHUSDT,119.560567752000000,-119.975883408000000000000000270,-0.5776362317684358510,-0.604646359,0,0.0817653530048105976172918704,0,119.560567752000000,0,-119.975883408000000000000000270,-1.597598246768435851000000270,BASE_E3,permanent,run_dfea4b7ac1475668d5968c97,168
1642118399999999999,2022-01-13,BTCUSDT,-95.8336384320000000,95.27916000000000000000000000,-0.1101016905134106145,0E-10,0,0E-28,0,-95.8336384320000000,0,95.27916000000000000000000000,-0.66458012251341061450000000,BASE_E3,permanent,run_dfea4b7ac1475668d5968c97,168
1642118399999999999,2022-01-13,ETHUSDT,-119.030540310000000,118.149648526000000000000000000,0.1895501982010000000,0E-9,0,0E-28,0,-119.030540310000000,0,118.149648526000000000000000000,-0.691341585799000000000000000,BASE_E3,permanent,run_dfea4b7ac1475668d5968c97,168
1642204799999999999,2022-01-14,BTCUSDT,37.6972154496000000,-37.61793000000000000000000000,-0.4632354237125000000,0E-10,0,0E-28,0,37.6972154496000000,0,-37.61793000000000000000000000,-0.38394997411250000000000000,BASE_E3,permanent,run_dfea4b7ac1475668d5968c97,168
1642204799999999999,2022-01-14,ETHUSDT,62.586820530000000,-62.080200000000000000000000000,0.5536572226021200000,0E-9,0,0E-28,0,62.586820530000000,0,-62.080200000000000000000000000,1.060277752602120000000000000,BASE_E3,permanent,run_dfea4b7ac1475668d5968c97,168
1642291199999999999,2022-01-15,BTCUSDT,2.8595292084000000,-3.33842000000000000000000000,0.4575123147309150078,0E-10,0,0E-28,0,2.8595292084000000,0,-3.33842000000000000000000000,-0.02137847686908499220000000,BASE_E3,permanent,run_dfea4b7ac1475668d5968c97,168
1642291199999999999,2022-01-15,ETHUSDT,19.494106380000000,-19.285681278500000000000000000,0.8970440127266800000,0E-9,0,0E-28,0,19.494106380000000,0,-19.285681278500000000000000000,1.105469114226680000000000000,BASE_E3,permanent,run_dfea4b7ac1475668d5968c97,168
1642377599999999999,2022-01-16,BTCUSDT,-2.7175113684000000,3.17228000000000000000000000,0.3169927089893559550,0E-10,0,0E-28,0,-2.7175113684000000,0,3.17228000000000000000000000,0.77176134058935595500000000,BASE_E3,permanent,run_dfea4b7ac1475668d5968c97,168
1642377599999999999,2022-01-16,ETHUSDT,16.581821580000000,-16.850418721500000000000000000,0.6256291503562916270,0E-9,0,0E-28,0,16.581821580000000,0,-16.850418721500000000000000000,0.357032008856291627000000000,BASE_E3,permanent,run_dfea4b7ac1475668d5968c97,168
1642463999999999999,2022-01-17,BTCUSDT,-59.7923509968000000,60.34432000000000000000000000,0.5563020969679787154,0E-10,0,0E-28,0,-59.7923509968000000,0,60.34432000000000000000000000,1.10827110016797871540000000,BASE_E3,permanent,run_dfea4b7ac1475668d5968c97,168
1642463999999999999,2022-01-17,ETHUSDT,-123.216949710000000,122.833893600600000000000000000,0.0331055254530000000,0E-9,0,0E-28,0,-123.216949710000000,0,122.833893600600000000000000000,-0.349950583947000000000000000,BASE_E3,permanent,run_dfea4b7ac1475668d5968c97,168
1642550399999999999,2022-01-18,BTCUSDT,10.3736931228000000,-10.70249228090000000000000000,0.8930985627563587572,0E-10,0,0E-28,0,10.3736931228000000,0,-10.70249228090000000000000000,0.56429940465635875720000000,BASE_E3,permanent,run_dfea4b7ac1475668d5968c97,168
1642550399999999999,2022-01-18,ETHUSDT,-44.940194820000000,44.436334488000000000000000000,0.6090516266748974970,0E-9,0,0E-28,0,-44.940194820000000,0,44.436334488000000000000000000,0.105191294674897497000000000,BASE_E3,permanent,run_dfea4b7ac1475668d5968c97,168
1642636799999999999,2022-01-19,BTCUSDT,-47.8451002068000000,46.79889228090000000000000000,0.7405257550307000000,0E-10,0,0E-28,0,-47.8451002068000000,0,46.79889228090000000000000000,-0.30568217086930000000000000,BASE_E3,permanent,run_dfea4b7ac1475668d5968c97,168
1642636799999999999,2022-01-19,ETHUSDT,-68.038253640000000,67.241440156800000000000000000,0.5237848299884200000,0E-9,0,0E-28,0,-68.038253640000000,0,67.241440156800000000000000000,-0.273028653211580000000000000,BASE_E3,permanent,run_dfea4b7ac1475668d5968c97,168
1642723199999999999,2022-01-20,BTCUSDT,-71.3689352244000000,72.01175000000000000000000000,0.9015037164983690000,0E-10,0,0E-28,0,-71.3689352244000000,0,72.01175000000000000000000000,1.54431849209836900000000000,BASE_E3,permanent,run_dfea4b7ac1475668d5968c97,168
1642723199999999999,2022-01-20,ETHUSDT,-77.375766780000000,79.420131754600000000000000000,0.8628548217844100000,0E-9,0,0E-28,0,-77.375766780000000,0,79.420131754600000000000000000,2.907219796384410000000000000,BASE_E3,permanent,run_dfea4b7ac1475668d5968c97,168
1642809599999999999,2022-01-21,BTCUSDT,-297.1006111908000000,297.73743250861000000000000000,0.6413305952190737628,0E-10,0,0E-28,0,-297.1006111908000000,0,297.73743250861000000000000000,1.27815191302907376280000000,BASE_E3,permanent,run_dfea4b7ac1475668d5968c97,168
1642809599999999999,2022-01-21,ETHUSDT,-392.448578580000000,391.609400000000000000000000000,0.0405899965380000000,0E-9,0,0E-28,0,-392.448578580000000,0,391.609400000000000000000000000,-0.798588583462000000000000000,BASE_E3,permanent,run_dfea4b7ac1475668d5968c97,168
1642895999999999999,2022-01-22,BTCUSDT,-103.7568137256000000,103.88116749139000000000000000,0.3237443878332002511,0E-10,0,0E-28,0,-103.7568137256000000,0,103.88116749139000000000000000,0.44809815362320025110000000,BASE_E3,permanent,run_dfea4b7ac1475668d5968c97,168
1642895999999999999,2022-01-22,ETHUSDT,-148.162489200000000,148.177364198500000000000000000,0.5939565083834742360,0E-9,0,0E-28,0,-148.162489200000000,0,148.177364198500000000000000000,0.608831506883474236000000000,BASE_E3,permanent,run_dfea4b7ac1475668d5968c97,168
1642982399999999999,2022-01-23,BTCUSDT,85.0218202728000000,-86.08450426008000000000000000,0.1777335806655590000,0E-10,0,0E-28,0,85.0218202728000000,0,-86.08450426008000000000000000,-0.88495040661444100000000000,BASE_E3,permanent,run_dfea4b7ac1475668d5968c97,168
1642982399999999999,2022-01-23,ETHUSDT,120.113546220000000,-120.100293258400000000000000000,-0.1932083660378435200,0E-9,0,0E-28,0,120.113546220000000,0,-120.100293258400000000000000000,-0.179955404437843520000000000,BASE_E3,permanent,run_dfea4b7ac1475668d5968c97,168
1643068799999999999,2022-01-24,BTCUSDT,28.8686764260000000,-28.15160640486000000000000000,0.3499452051763717310,0E-10,0,0E-28,0,28.8686764260000000,0,-28.15160640486000000000000000,1.06701522631637173100000000,BASE_E3,permanent,run_dfea4b7ac1475668d5968c97,168
1643068799999999999,2022-01-24,ETHUSDT,-91.727870310000000,92.258824557900000000000000000,0.1822409461973100000,0E-9,0,0E-28,0,-91.727870310000000,0,92.258824557900000000000000000,0.713195194097310000000000000,BASE_E3,permanent,run_dfea4b7ac1475668d5968c97,168
1643155199999999999,2022-01-25,BTCUSDT,18.7712080020000000,-18.45010933506000000000000000,0.2087068734993901676,0E-10,0,0E-28,0,18.7712080020000000,0,-18.45010933506000000000000000,0.52980554043939016760000000,BASE_E3,permanent,run_dfea4b7ac1475668d5968c97,168
1643155199999999999,2022-01-25,ETHUSDT,12.568329090000000,-12.300695498000000000000000000,-0.0092208893140000000,0E-9,0,0E-28,0,12.568329090000000,0,-12.300695498000000000000000000,0.258412702686000000000000000,BASE_E3,permanent,run_dfea4b7ac1475668d5968c97,168
1643241599999999999,2022-01-26,BTCUSDT,-9.5961454488000000,8.76371956503000000000000000,-0.1441023457539458065,0E-10,0,0E-28,0,-9.5961454488000000,0,8.76371956503000000000000000,-0.97652822952394580650000000,BASE_E3,permanent,run_dfea4b7ac1475668d5968c97,168
1643241599999999999,2022-01-26,ETHUSDT,7.408124460000000,-8.252896160600000000000000000,-0.7442547786548607460,0E-9,0,0E-28,0,7.408124460000000,0,-8.252896160600000000000000000,-1.589026479254860746000000000,BASE_E3,permanent,run_dfea4b7ac1475668d5968c97,168
1643327999999999999,2022-01-27,BTCUSDT,19.9648679472000000,-19.25379871134000000000000000,-0.5850077524290013824,0E-10,0,0E-28,0,19.9648679472000000,0,-19.25379871134000000000000000,0.12606148343099861760000000,BASE_E3,permanent,run_dfea4b7ac1475668d5968c97,168
1643327999999999999,2022-01-27,ETHUSDT,-41.718479760000000,42.425407506300000000000000000,-0.4554206294780733500,0E-9,0,0E-28,0,-41.718479760000000,0,42.425407506300000000000000000,0.251507116821926650000000000,BASE_E3,permanent,run_dfea4b7ac1475668d5968c97,168
1643414399999999999,2022-01-28,BTCUSDT,48.3812175528000000,-48.38546410503000000000000000,0.2501332215047632225,0E-10,0,0E-28,0,48.3812175528000000,0,-48.38546410503000000000000000,0.24588666927476322250000000,BASE_E3,permanent,run_dfea4b7ac1475668d5968c97,168
1643414399999999999,2022-01-28,ETHUSDT,118.293368220000000,-118.694326696400000000000000000,-0.3718401590540000000,0E-9,0,0E-28,0,118.293368220000000,0,-118.694326696400000000000000000,-0.772798635454000000000000000,BASE_E3,permanent,run_dfea4b7ac1475668d5968c97,168
1643500799999999999,2022-01-29,BTCUSDT,31.3468877340000000,-31.49325674866000000000000000,0.0306818301882648175,0E-10,0,0E-28,0,31.3468877340000000,0,-31.49325674866000000000000000,-0.11568718447173518250000000,BASE_E3,permanent,run_dfea4b7ac1475668d5968c97,168
1643500799999999999,2022-01-29,ETHUSDT,52.075292580000000,-52.169284649300000000000000000,0.1907853971614636500,0E-9,0,0E-28,0,52.075292580000000,0,-52.169284649300000000000000000,0.096793327861463650000000000,BASE_E3,permanent,run_dfea4b7ac1475668d5968c97,168
1643587199999999999,2022-01-30,BTCUSDT,-21.1457462868000000,20.59284000000000000000000000,0.6809637940691521926,0E-10,0,0E-28,0,-21.1457462868000000,0,20.59284000000000000000000000,0.12805750726915219260000000,BASE_E3,permanent,run_dfea4b7ac1475668d5968c97,168
1643587199999999999,2022-01-30,ETHUSDT,-2.011296690000000,1.259490796200000000000000000,-0.0172697735244245120,0E-9,0,0E-28,0,-2.011296690000000,0,1.259490796200000000000000000,-0.769075667324424512000000000,BASE_E3,permanent,run_dfea4b7ac1475668d5968c97,168
1643673599999999999,2022-01-31,BTCUSDT,43.5263376924000000,-42.68582015731000000000000000,-0.1051063401319668510,0E-10,0,0E-28,0,43.5263376924000000,0,-42.68582015731000000000000000,0.73541119495803314900000000,BASE_E3,permanent,run_dfea4b7ac1475668d5968c97,168
1643673599999999999,2022-01-31,ETHUSDT,79.660090170000000,-79.221183122900000000000000000,-0.1515011465180451420,0E-9,0,0E-28,0,79.660090170000000,0,-79.221183122900000000000000000,0.287405900581954858000000000,BASE_E3,permanent,run_dfea4b7ac1475668d5968c97,168
1643759999999999999,2022-02-01,BTCUSDT,14.5752909192000000,-14.89091984269000000000000000,-0.1139310571161984066,0E-10,0,0E-28,0,14.5752909192000000,0,-14.89091984269000000000000000,-0.42955998060619840660000000,BASE_E3,permanent,run_dfea4b7ac1475668d5968c97,168
1643759999999999999,2022-02-01,ETHUSDT,91.873484550000000,-91.092547655200000000000000000,-0.5350849838548056570,0E-9,0,0E-28,0,91.873484550000000,0,-91.092547655200000000000000000,0.245851910945194343000000000,BASE_E3,permanent,run_dfea4b7ac1475668d5968c97,168
1643846399999999999,2022-02-02,BTCUSDT,-128.2406893416000000,127.40879000000000000000000000,0.2597085616079000000,0E-10,0,0E-28,0,-128.2406893416000000,0,127.40879000000000000000000000,-0.57219077999210000000000000,BASE_E3,permanent,run_dfea4b7ac1475668d5968c97,168
1643846399999999999,2022-02-02,ETHUSDT,-98.526235140000000,98.745754562000000000000000000,-0.1492145523050000000,0E-9,0,0E-28,0,-98.526235140000000,0,98.745754562000000000000000000,0.070304869695000000000000000,BASE_E3,permanent,run_dfea4b7ac1475668d5968c97,168
1643932799999999999,2022-02-03,BTCUSDT,26.3400487848000000,-25.62319000000000000000000000,-0.2115211691527226200,0E-10,0,0E-28,0,26.3400487848000000,0,-25.62319000000000000000000000,0.50533761564727738000000000,BASE_E3,permanent,run_dfea4b7ac1475668d5968c97,168
1643932799999999999,2022-02-03,ETHUSDT,9.246504240000000,-10.812979413600000000000000000,-1.2579261502613321880,0E-9,0,0E-28,0,9.246504240000000,0,-10.812979413600000000000000000,-2.824401323861332188000000000,BASE_E3,permanent,run_dfea4b7ac1475668d5968c97,168
1644019199999999999,2022-02-04,BTCUSDT,303.1896260808000000,-303.25651602334000000000000000,0.0886724129617940000,0E-10,0,0E-28,0,303.1896260808000000,0,-303.25651602334000000000000000,0.02178247042179400000000000,BASE_E3,permanent,run_dfea4b7ac1475668d5968c97,168
1644019199999999999,2022-02-04,ETHUSDT,271.579658490000000,-270.510164770300000000000000000,0.7306617268096510000,0E-9,0,0E-28,0,271.579658490000000,0,-270.510164770300000000000000000,1.800155446509651000000000000,BASE_E3,permanent,run_dfea4b7ac1475668d5968c97,168
1644105599999999999,2022-02-05,BTCUSDT,-8.1454332132000000,7.59140438705000000000000000,0.8100006735889740000,0E-10,0,0E-28,0,-8.1454332132000000,0,7.59140438705000000000000000,0.25597184743897400000000000,BASE_E3,permanent,run_dfea4b7ac1475668d5968c97,168
1644105599999999999,2022-02-05,ETHUSDT,26.292471210000000,-26.576553458000000000000000000,0.5966806056720600000,0E-9,0,0E-28,0,26.292471210000000,0,-26.576553458000000000000000000,0.312598357672060000000000000,BASE_E3,permanent,run_dfea4b7ac1475668d5968c97,168
1644191999999999999,2022-02-06,BTCUSDT,68.6031377904000000,-68.08583959830000000000000000,0.8836769096389770000,0E-10,0,0E-28,0,68.6031377904000000,0,-68.08583959830000000000000000,1.40097510173897700000000000,BASE_E3,permanent,run_dfea4b7ac1475668d5968c97,168
1644191999999999999,2022-02-06,ETHUSDT,36.148735080000000,-36.125813050600000000000000000,0.8200978642984400000,0E-9,0,0E-28,0,36.148735080000000,0,-36.125813050600000000000000000,0.843019893698440000000000000,BASE_E3,permanent,run_dfea4b7ac1475668d5968c97,168
1644278399999999999,2022-02-07,BTCUSDT,102.2343824808000000,-102.40735876541000000000000000,-0.0950107191833767181,0E-10,0,0E-28,0,102.2343824808000000,0,-102.40735876541000000000000000,-0.26798700379337671810000000,BASE_E3,permanent,run_dfea4b7ac1475668d5968c97,168
1644278399999999999,2022-02-07,ETHUSDT,74.408876640000000,-74.527103887600000000000000000,0.2505133661483063520,0E-9,0,0E-28,0,74.408876640000000,0,-74.527103887600000000000000000,0.132286118548306352000000000,BASE_E3,permanent,run_dfea4b7ac1475668d5968c97,168
1644364799999999999,2022-02-08,BTCUSDT,14.7790865196000000,-14.43430000000000000000000000,0.9377957669209740000,0E-10,0,0E-28,0,14.7790865196000000,0,-14.43430000000000000000000000,1.28258228652097400000000000,BASE_E3,permanent,run_dfea4b7ac1475668d5968c97,168
1644364799999999999,2022-02-08,ETHUSDT,-21.614613750000000,22.158500000000000000000000000,0.5483775674298872860,0E-9,0,0E-28,0,-21.614613750000000,0,22.158500000000000000000000000,1.092263817429887286000000000,BASE_E3,permanent,run_dfea4b7ac1475668d5968c97,168
1644451199999999999,2022-02-09,BTCUSDT,23.6296383084000000,-24.23351329202000000000000000,0.5974804325293890458,0E-10,0,0E-28,0,23.6296383084000000,0,-24.23351329202000000000000000,-0.00639455109061095420000000,BASE_E3,permanent,run_dfea4b7ac1475668d5968c97,168
1644451199999999999,2022-02-09,ETHUSDT,116.282071530000000,-115.988600000000000000000000000,0.4846084428687818680,0E-9,0,0E-28,0,116.282071530000000,0,-115.988600000000000000000000000,0.778079972868781868000000000,BASE_E3,permanent,run_dfea4b7ac1475668d5968c97,168
1644537599999999999,2022-02-10,BTCUSDT,-61.7323146912000000,63.10949272512000000000000000,0.5777519779798898671,0E-10,0,0E-28,0,-61.7323146912000000,0,63.10949272512000000000000000,1.95493001189988986710000000,BASE_E3,permanent,run_dfea4b7ac1475668d5968c97,168
1644537599999999999,2022-02-10,ETHUSDT,-156.407895540000000,156.510900000000000000000000000,-0.1207678875303162990,0E-9,0,0E-28,0,-156.407895540000000,0,156.510900000000000000000000000,-0.017763427530316299000000000,BASE_E3,permanent,run_dfea4b7ac1475668d5968c97,168
1644623999999999999,2022-02-11,BTCUSDT,-80.6583221388000000,79.02378056690000000000000000,-0.2777943119743132131,0E-10,0,0E-28,0,-80.6583221388000000,0,79.02378056690000000000000000,-1.91233588387431321310000000,BASE_E3,permanent,run_dfea4b7ac1475668d5968c97,168
1644623999999999999,2022-02-11,ETHUSDT,-132.872994000000000,132.203056585600000000000000000,-0.1697916432594200000,0E-9,0,0E-28,0,-132.872994000000000,0,132.203056585600000000000000000,-0.839729057659420000000000000,BASE_E3,permanent,run_dfea4b7ac1475668d5968c97,168
1644710399999999999,2022-02-12,BTCUSDT,-11.7200222460000000,12.14538238128000000000000000,0.8987012621096150000,0E-10,0,0E-28,0,-11.7200222460000000,0,12.14538238128000000000000000,1.32406139738961500000000000,BASE_E3,permanent,run_dfea4b7ac1475668d5968c97,168
1644710399999999999,2022-02-12,ETHUSDT,-8.864266860000000,8.687040898900000000000000000,0.7940837839634700000,0E-9,0,0E-28,0,-8.864266860000000,0,8.687040898900000000000000000,0.616857822863470000000000000,BASE_E3,permanent,run_dfea4b7ac1475668d5968c97,168
1644796799999999999,2022-02-13,BTCUSDT,-12.2348369160000000,10.62979396587000000000000000,0.6857957574250000000,0E-10,0,0E-28,0,-12.2348369160000000,0,10.62979396587000000000000000,-0.91924719270500000000000000,BASE_E3,permanent,run_dfea4b7ac1475668d5968c97,168
1644796799999999999,2022-02-13,ETHUSDT,-43.474951530000000,41.658925990500000000000000000,0.1336028943227046250,0E-9,0,0E-28,0,-43.474951530000000,0,41.658925990500000000000000000,-1.682422645177295375000000000,BASE_E3,permanent,run_dfea4b7ac1475668d5968c97,168
1644883199999999999,2022-02-14,BTCUSDT,38.4023340252000000,-36.65709634715000000000000000,0.5709014106755749266,0E-10,0,0E-28,0,38.4023340252000000,0,-36.65709634715000000000000000,2.31613908872557492660000000,BASE_E3,permanent,run_dfea4b7ac1475668d5968c97,168
1644883199999999999,2022-02-14,ETHUSDT,59.538022380000000,-58.234190332500000000000000000,0.6729778931375500000,0E-9,0,0E-28,0,59.538022380000000,0,-58.234190332500000000000000000,1.976809940637550000000000000,BASE_E3,permanent,run_dfea4b7ac1475668d5968c97,168
1644969599999999999,2022-02-15,BTCUSDT,136.0786539312000000,-136.22770000000000000000000000,0.2326908573328317664,0E-10,0,0E-28,0,136.0786539312000000,0,-136.22770000000000000000000000,0.08364478853283176640000000,BASE_E3,permanent,run_dfea4b7ac1475668d5968c97,168
1644969599999999999,2022-02-15,ETHUSDT,225.474549750000000,-225.807133142500000000000000000,0.1786423584457521100,0E-9,0,0E-28,0,225.474549750000000,0,-225.807133142500000000000000000,-0.153941034054247890000000000,BASE_E3,permanent,run_dfea4b7ac1475668d5968c97,168
1645055999999999999,2022-02-16,BTCUSDT,-43.9516811232000000,43.24764781136000000000000000,0.9392743196376240000,0E-10,0,0E-28,0,-43.9516811232000000,0,43.24764781136000000000000000,0.23524100779762400000000000,BASE_E3,permanent,run_dfea4b7ac1475668d5968c97,168
1645055999999999999,2022-02-16,ETHUSDT,-55.424420100000000,55.199682210400000000000000000,0.8551036076064300000,0E-9,0,0E-28,0,-55.424420100000000,0,55.199682210400000000000000000,0.630365718006430000000000000,BASE_E3,permanent,run_dfea4b7ac1475668d5968c97,168
1645142399999999999,2022-02-17,BTCUSDT,-236.6421965244000000,237.94234113101000000000000000,0.9206859322618660000,0E-10,0,0E-28,0,-236.6421965244000000,0,237.94234113101000000000000000,2.22083053887186600000000000,BASE_E3,permanent,run_dfea4b7ac1475668d5968c97,168
1645142399999999999,2022-02-17,ETHUSDT,-208.810820160000000,210.614461812300000000000000000,0.4592714792294722730,0E-9,0,0E-28,0,-208.810820160000000,0,210.614461812300000000000000000,2.262913131529472273000000000,BASE_E3,permanent,run_dfea4b7ac1475668d5968c97,168
1645228799999999999,2022-02-18,BTCUSDT,-38.3469470676000000,37.82011105763000000000000000,-0.1233816553856556298,0E-10,0,0E-28,0,-38.3469470676000000,0,37.82011105763000000000000000,-0.65021766535565562980000000,BASE_E3,permanent,run_dfea4b7ac1475668d5968c97,168
1645228799999999999,2022-02-18,ETHUSDT,-100.419220260000000,99.760155977300000000000000000,-0.2550362527990172350,0E-9,0,0E-28,0,-100.419220260000000,0,99.760155977300000000000000000,-0.914100535499017235000000000,BASE_E3,permanent,run_dfea4b7ac1475668d5968c97,168
1645315199999999999,2022-02-19,BTCUSDT,7.1008920000000000,-6.16280000000000000000000000,0.5299780242915138140,0E-10,0,0E-28,0,7.1008920000000000,0,-6.16280000000000000000000000,1.46807002429151381400000000,BASE_E3,permanent,run_dfea4b7ac1475668d5968c97,168
1645315199999999999,2022-02-19,ETHUSDT,-15.699035250000000,15.806700000000000000000000000,0.5548490799835470760,0E-9,0,0E-28,0,-15.699035250000000,0,15.806700000000000000000000000,0.662513829983547076000000000,BASE_E3,permanent,run_dfea4b7ac1475668d5968c97,168
1645401599999999999,2022-02-20,BTCUSDT,-123.0769206792000000,122.57440000000000000000000000,0.0626378390727001125,0E-10,0,0E-28,0,-123.0769206792000000,0,122.57440000000000000000000000,-0.43988284012729988750000000,BASE_E3,permanent,run_dfea4b7ac1475668d5968c97,168
1645401599999999999,2022-02-20,ETHUSDT,-129.241738890000000,129.076622183600000000000000000,0.1252500496143591240,0E-9,0,0E-28,0,-129.241738890000000,0,129.076622183600000000000000000,-0.039866656785640876000000000,BASE_E3,permanent,run_dfea4b7ac1475668d5968c97,168
1645487999999999999,2022-02-21,BTCUSDT,-94.9275646128000000,93.66780822447000000000000000,-0.0440190512878317350,0E-10,0,0E-28,0,-94.9275646128000000,0,93.66780822447000000000000000,-1.30377543961783173500000000,BASE_E3,permanent,run_dfea4b7ac1475668d5968c97,168
1645487999999999999,2022-02-21,ETHUSDT,-47.024298630000000,47.019899271800000000000000000,-0.0091362447233315440,0E-9,0,0E-28,0,-47.024298630000000,0,47.019899271800000000000000000,-0.013535602923331544000000000,BASE_E3,permanent,run_dfea4b7ac1475668d5968c97,168
1645574399999999999,2022-02-22,BTCUSDT,85.8497842800000000,-84.35260822447000000000000000,-0.1587913412574959427,0E-10,0,0E-28,0,85.8497842800000000,0,-84.35260822447000000000000000,1.33838471427250405730000000,BASE_E3,permanent,run_dfea4b7ac1475668d5968c97,168
1645574399999999999,2022-02-22,ETHUSDT,60.320698920000000,-60.653921455400000000000000000,0.0795192426999465950,0E-9,0,0E-28,0,60.320698920000000,0,-60.653921455400000000000000000,-0.253703292700053405000000000,BASE_E3,permanent,run_dfea4b7ac1475668d5968c97,168
1645660799999999999,2022-02-23,BTCUSDT,-72.3112235928000000,72.39933365370000000000000000,-0.5034025977270878492,0E-10,0,0E-28,0,-72.3112235928000000,0,72.39933365370000000000000000,-0.41529253682708784920000000,BASE_E3,permanent,run_dfea4b7ac1475668d5968c97,168
1645660799999999999,2022-02-23,ETHUSDT,-52.011586350000000,53.462957875600000000000000000,0.0350619605700000000,0E-9,0,0E-28,0,-52.011586350000000,0,53.462957875600000000000000000,1.486433486170000000000000000,BASE_E3,permanent,run_dfea4b7ac1475668d5968c97,168
1645747199999999999,2022-02-24,BTCUSDT,81.2363347476000000,-81.90070363836000000000000000,-0.4654442092985699655,0E-10,0,0E-28,0,81.2363347476000000,0,-81.90070363836000000000000000,-1.12981310005856996550000000,BASE_E3,permanent,run_dfea4b7ac1475668d5968c97,168
1645747199999999999,2022-02-24,ETHUSDT,17.510112360000000,-18.500757875600000000000000000,-0.2399233257138991000,0E-9,0,0E-28,0,17.510112360000000,0,-18.500757875600000000000000000,-1.230568841313899100000000000,BASE_E3,permanent,run_dfea4b7ac1475668d5968c97,168
1645833599999999999,2022-02-25,BTCUSDT,60.0948489960000000,-59.62423001534000000000000000,0.4698586072379970000,0E-10,0,0E-28,0,60.0948489960000000,0,-59.62423001534000000000000000,0.94047758789799700000000000,BASE_E3,permanent,run_dfea4b7ac1475668d5968c97,168
1645833599999999999,2022-02-25,ETHUSDT,153.058768020000000,-153.774613556200000000000000000,0.7226896314082900000,0E-9,0,0E-28,0,153.058768020000000,0,-153.774613556200000000000000000,0.006844095208290000000000000,BASE_E3,permanent,run_dfea4b7ac1475668d5968c97,168
1645919999999999999,2022-02-26,BTCUSDT,-8.1788074056000000,8.16500000000000000000000000,0.7499036264246516458,0E-10,0,0E-28,0,-8.1788074056000000,0,8.16500000000000000000000000,0.73609622082465164580000000,BASE_E3,permanent,run_dfea4b7ac1475668d5968c97,168
1645919999999999999,2022-02-26,ETHUSDT,9.819860310000000,-9.218407598400000000000000000,0.7590075886820700000,0E-9,0,0E-28,0,9.819860310000000,0,-9.218407598400000000000000000,1.360460300282070000000000000,BASE_E3,permanent,run_dfea4b7ac1475668d5968c97,168
1646006399999999999,2022-02-27,BTCUSDT,-98.5554103356000000,98.56770156564000000000000000,0.1868282224426078993,0E-10,0,0E-28,0,-98.5554103356000000,0,98.56770156564000000000000000,0.19911945248260789930000000,BASE_E3,permanent,run_dfea4b7ac1475668d5968c97,168
1646006399999999999,2022-02-27,ETHUSDT,-144.758756340000000,144.211004273700000000000000000,0.5209586397470000000,0E-9,0,0E-28,0,-144.758756340000000,0,144.211004273700000000000000000,-0.026793426553000000000000000,BASE_E3,permanent,run_dfea4b7ac1475668d5968c97,168
1646092799999999999,2022-02-28,BTCUSDT,390.6889475724000000,-391.43423377265000000000000000,-0.9666614589023495408,0E-10,0,0E-28,0,390.6889475724000000,0,-391.43423377265000000000000000,-1.71194765915234954080000000,BASE_E3,permanent,run_dfea4b7ac1475668d5968c97,168
1646092799999999999,2022-02-28,ETHUSDT,277.877474370000000,-277.541301619400000000000000000,-0.4320688051885186800,0E-9,0,0E-28,0,277.877474370000000,0,-277.541301619400000000000000000,-0.095896054588518680000000000,BASE_E3,permanent,run_dfea4b7ac1475668d5968c97,168
1646179199999999999,2022-03-01,BTCUSDT,84.2627349180000000,-83.23520720200000000000000000,0.7503962425814490000,0E-10,0,0E-28,0,84.2627349180000000,0,-83.23520720200000000000000000,1.77792395858144900000000000,BASE_E3,permanent,run_dfea4b7ac1475668d5968c97,168
1646179199999999999,2022-03-01,ETHUSDT,45.495349110000000,-45.627381499700000000000000000,0.8001134681849400000,0E-9,0,0E-28,0,45.495349110000000,0,-45.627381499700000000000000000,0.668081078484940000000000000,BASE_E3,permanent,run_dfea4b7ac1475668d5968c97,168
1646265599999999999,2022-03-02,BTCUSDT,-33.6170429064000000,32.54768921090000000000000000,0.6093906108619280000,0E-10,0,0E-28,0,-33.6170429064000000,0,32.54768921090000000000000000,-0.45996308463807200000000000,BASE_E3,permanent,run_dfea4b7ac1475668d5968c97,168
1646265599999999999,2022-03-02,ETHUSDT,-22.970646360000000,22.342021774800000000000000000,0.8094514660486800000,0E-9,0,0E-28,0,-22.970646360000000,0,22.342021774800000000000000000,0.180826880848680000000000000,BASE_E3,permanent,run_dfea4b7ac1475668d5968c97,168
1646351999999999999,2022-03-03,BTCUSDT,-103.5402365196000000,103.21905019811000000000000000,0.9222976413062010000,0E-10,0,0E-28,0,-103.5402365196000000,0,103.21905019811000000000000000,0.60111131981620100000000000,BASE_E3,permanent,run_dfea4b7ac1475668d5968c97,168
1646351999999999999,2022-03-03,ETHUSDT,-103.249597050000000,104.102478225200000000000000000,0.7900975698643300000,0E-9,0,0E-28,0,-103.249597050000000,0,104.102478225200000000000000000,1.642978745064330000000000000,BASE_E3,permanent,run_dfea4b7ac1475668d5968c97,168
1646438399999999999,2022-03-04,BTCUSDT,-236.2750804080000000,237.52340000000000000000000000,0.8845008034325040000,0E-10,0,0E-28,0,-236.2750804080000000,0,237.52340000000000000000000000,2.13282039543250400000000000,BASE_E3,permanent,run_dfea4b7ac1475668d5968c97,168
1646438399999999999,2022-03-04,ETHUSDT,-194.385909510000000,195.352265990700000000000000000,0.7495159404769400000,0E-9,0,0E-28,0,-194.385909510000000,0,195.352265990700000000000000000,1.715872421176940000000000000,BASE_E3,permanent,run_dfea4b7ac1475668d5968c97,168
1646524799999999999,2022-03-05,BTCUSDT,18.8564187060000000,-19.01879877559000000000000000,0.6007462337172783344,0E-10,0,0E-28,0,18.8564187060000000,0,-19.01879877559000000000000000,0.43836616412727833440000000,BASE_E3,permanent,run_dfea4b7ac1475668d5968c97,168
1646524799999999999,2022-03-05,ETHUSDT,40.253236470000000,-40.743265990700000000000000000,0.2339216935778049600,0E-9,0,0E-28,0,40.253236470000000,0,-40.743265990700000000000000000,-0.256107827122195040000000000,BASE_E3,permanent,run_dfea4b7ac1475668d5968c97,168
1646611199999999999,2022-03-06,BTCUSDT,-69.6760825716000000,69.90011564739000000000000000,0.1421923501567223850,0E-10,0,0E-28,0,-69.6760825716000000,0,69.90011564739000000000000000,0.36622542594672238500000000,BASE_E3,permanent,run_dfea4b7ac1475668d5968c97,168
1646611199999999999,2022-03-06,ETHUSDT,-104.769445680000000,104.995800000000000000000000000,0.1004837943934754930,0E-9,0,0E-28,0,-104.769445680000000,0,104.995800000000000000000000000,0.326838114393475493000000000,BASE_E3,permanent,run_dfea4b7ac1475668d5968c97,168
1646697599999999999,2022-03-07,BTCUSDT,-25.9693822224000000,25.55263391685000000000000000,-0.3210204173590000000,0E-10,0,0E-28,0,-25.9693822224000000,0,25.55263391685000000000000000,-0.73776872290900000000000000,BASE_E3,permanent,run_dfea4b7ac1475668d5968c97,168
1646697599999999999,2022-03-07,ETHUSDT,-49.372328250000000,49.049000000000000000000000000,0.2741387987520000000,0E-9,0,0E-28,0,-49.372328250000000,0,49.049000000000000000000000000,-0.049189451248000000000000000,BASE_E3,permanent,run_dfea4b7ac1475668d5968c97,168
1646783999999999999,2022-03-08,BTCUSDT,49.2588878040000000,-49.03932251501000000000000000,0.6389591410782982630,0E-10,0,0E-28,0,49.2588878040000000,0,-49.03932251501000000000000000,0.85852443006829826300000000,BASE_E3,permanent,run_dfea4b7ac1475668d5968c97,168
1646783999999999999,2022-03-08,ETHUSDT,74.272363290000000,-75.338900000000000000000000000,0.2361292001754693280,0E-9,0,0E-28,0,74.272363290000000,0,-75.338900000000000000000000000,-0.830407509824530672000000000,BASE_E3,permanent,run_dfea4b7ac1475668d5968c97,168
1646870399999999999,2022-03-09,BTCUSDT,226.4680384668000000,-227.94342663315000000000000000,0.7846294122705350888,0E-10,0,0E-28,0,226.4680384668000000,0,-227.94342663315000000000000000,-0.69075875407946491120000000,BASE_E3,permanent,run_dfea4b7ac1475668d5968c97,168
1646870399999999999,2022-03-09,ETHUSDT,136.398864600000000,-136.167012988960000000000000006,0.6485930194833731680,-0.032817520,0,0.0044304473196502877421943840,0,136.398864600000000,0,-136.167012988960000000000000006,0.847627110523373167999999994,BASE_E3,permanent,run_dfea4b7ac1475668d5968c97,168
1646956799999999999,2022-03-10,BTCUSDT,-177.8091760368000000,178.69499835951000000000000000,0.2803912827160000000,0E-10,0,0E-28,0,-177.8091760368000000,0,178.69499835951000000000000000,1.16621360542600000000000000,BASE_E3,permanent,run_dfea4b7ac1475668d5968c97,168
1646956799999999999,2022-03-10,ETHUSDT,-110.509409970000000,111.281792988960000000000000000,0.2883864589092000000,0E-9,0,0E-28,0,-110.509409970000000,0,111.281792988960000000000000000,1.060769477869200000000000000,BASE_E3,permanent,run_dfea4b7ac1475668d5968c97,168
1647043199999999999,2022-03-11,BTCUSDT,-48.7618253640000000,49.30513825203000000000000000,-0.3708186744720000000,0E-10,0,0E-28,0,-48.7618253640000000,0,49.30513825203000000000000000,0.17249421355800000000000000,BASE_E3,permanent,run_dfea4b7ac1475668d5968c97,168
1647043199999999999,2022-03-11,ETHUSDT,-45.591902460000000,45.202320000000000000000000000,0.1136598148652230260,0E-9,0,0E-28,0,-45.591902460000000,0,45.202320000000000000000000000,-0.275922645134776974000000000,BASE_E3,permanent,run_dfea4b7ac1475668d5968c97,168
1647129599999999999,2022-03-12,BTCUSDT,-0.4984826184000000,-1.82299235628000000000000000,-0.0192865597911239590,0E-10,0,0E-28,0,-0.4984826184000000,0,-1.82299235628000000000000000,-2.34076153447112395900000000,BASE_E3,permanent,run_dfea4b7ac1475668d5968c97,168
1647129599999999999,2022-03-12,ETHUSDT,5.278965750000000,-9.198360000000000000000000000,0.5023840922330708520,0E-9,0,0E-28,0,5.278965750000000,0,-9.198360000000000000000000000,-3.417010157766929148000000000,BASE_E3,permanent,run_dfea4b7ac1475668d5968c97,168
1647215999999999999,2022-03-13,BTCUSDT,-66.0120222996000000,69.10247766217000000000000000,-0.3028936822710000000,0E-10,0,0E-28,0,-66.0120222996000000,0,69.10247766217000000000000000,2.78756168029900000000000000,BASE_E3,permanent,run_dfea4b7ac1475668d5968c97,168
1647215999999999999,2022-03-13,ETHUSDT,-42.635681640000000,47.063300533380000000000000000,0.2228951751272764164,0E-9,0,0E-28,0,-42.635681640000000,0,47.063300533380000000000000000,4.650514068507276416400000000,BASE_E3,permanent,run_dfea4b7ac1475668d5968c97,168
1647302399999999999,2022-03-14,BTCUSDT,132.5921159592000000,-133.71278903622000000000000000,-0.3255450426160271044,0E-10,0,0E-28,0,132.5921159592000000,0,-133.71278903622000000000000000,-1.44621811963602710440000000,BASE_E3,permanent,run_dfea4b7ac1475668d5968c97,168
1647302399999999999,2022-03-14,ETHUSDT,67.451411070000000,-68.365500282540000000000000000,0.2346533769029400000,0E-9,0,0E-28,0,67.451411070000000,0,-68.365500282540000000000000000,-0.679435835637060000000000000,BASE_E3,permanent,run_dfea4b7ac1475668d5968c97,168
1647388799999999999,2022-03-15,BTCUSDT,-26.8896578256000000,26.39878870056000000000000000,0.5342734629210000000,0E-10,0,0E-28,0,-26.8896578256000000,0,26.39878870056000000000000000,0.04340433788100000000000000,BASE_E3,permanent,run_dfea4b7ac1475668d5968c97,168
1647388799999999999,2022-03-15,ETHUSDT,26.385647940000000,-26.504627264820000000000000000,0.1155714153968981754,0E-9,0,0E-28,0,26.385647940000000,0,-26.504627264820000000000000000,-0.003407909423101824600000000,BASE_E3,permanent,run_dfea4b7ac1475668d5968c97,168
1647475199999999999,2022-03-16,BTCUSDT,129.1758768180000000,-129.12998391238000000000000000,0.7320750939528980000,0E-10,0,0E-28,0,129.1758768180000000,0,-129.12998391238000000000000000,0.77796799957289800000000000,BASE_E3,permanent,run_dfea4b7ac1475668d5968c97,168
1647475199999999999,2022-03-16,ETHUSDT,142.219927710000000,-141.894187693380000000000000000,0.5938995154629301056,0E-9,0,0E-28,0,142.219927710000000,0,-141.894187693380000000000000000,0.919639532082930105600000000,BASE_E3,permanent,run_dfea4b7ac1475668d5968c97,168
1647561599999999999,2022-03-17,BTCUSDT,-12.3456108312000000,13.16717328151000000000000000,0.8704987067140770000,0E-10,0,0E-28,0,-12.3456108312000000,0,13.16717328151000000000000000,1.69206115702407700000000000,BASE_E3,permanent,run_dfea4b7ac1475668d5968c97,168
1647561599999999999,2022-03-17,ETHUSDT,36.447815700000000,-36.159000827220000000000000000,0.7644860231094540000,0E-9,0,0E-28,0,36.447815700000000,0,-36.159000827220000000000000000,1.053300895889454000000000000,BASE_E3,permanent,run_dfea4b7ac1475668d5968c97,168
1647647999999999999,2022-03-18,BTCUSDT,60.4662256476000000,-61.39321259139000000000000000,0.6286846562757120000,0E-10,0,0E-28,0,60.4662256476000000,0,-61.39321259139000000000000000,-0.29830228751428800000000000,BASE_E3,permanent,run_dfea4b7ac1475668d5968c97,168
1647647999999999999,2022-03-18,ETHUSDT,118.101939840000000,-118.188024465420000000000000000,0.5360463291079842822,0E-9,0,0E-28,0,118.101939840000000,0,-118.188024465420000000000000000,0.449961703687984282200000000,BASE_E3,permanent,run_dfea4b7ac1475668d5968c97,168
1647734399999999999,2022-03-19,BTCUSDT,28.9517568624000000,-28.76799257187000000000000000,0.8894265184233000000,0E-10,0,0E-28,0,28.9517568624000000,0,-28.76799257187000000000000000,1.07319080895330000000000000,BASE_E3,permanent,run_dfea4b7ac1475668d5968c97,168
1647734399999999999,2022-03-19,ETHUSDT,4.829106060000000,-4.975560000000000000000000000,0.8104787264214540000,0E-9,0,0E-28,0,4.829106060000000,0,-4.975560000000000000000000000,0.664024786421454000000000000,BASE_E3,permanent,run_dfea4b7ac1475668d5968c97,168
1647820799999999999,2022-03-20,BTCUSDT,-69.6526496280000000,69.47229257187000000000000000,0.8902161517087700000,0E-10,0,0E-28,0,-69.6526496280000000,0,69.47229257187000000000000000,0.70985909557877000000000000,BASE_E3,permanent,run_dfea4b7ac1475668d5968c97,168
1647820799999999999,2022-03-20,ETHUSDT,-81.498050370000000,81.303415214040000000000000000,0.8014448300266260000,0E-9,0,0E-28,0,-81.498050370000000,0,81.303415214040000000000000000,0.606809674066626000000000000,BASE_E3,permanent,run_dfea4b7ac1475668d5968c97,168
1647907199999999999,2022-03-21,BTCUSDT,-11.7732789360000000,12.68049322949000000000000000,0.2623710401957288892,0E-10,0,0E-28,0,-11.7732789360000000,0,12.68049322949000000000000000,1.16958533368572888920000000,BASE_E3,permanent,run_dfea4b7ac1475668d5968c97,168
1647907199999999999,2022-03-21,ETHUSDT,33.500775690000000,-33.083608311180000000000000000,0.7990765019280720000,0E-9,0,0E-28,0,33.500775690000000,0,-33.083608311180000000000000000,1.216243880748072000000000000,BASE_E3,permanent,run_dfea4b7ac1475668d5968c97,168
1647993599999999999,2022-03-22,BTCUSDT,93.0870134064000000,-93.19449322949000000000000000,0.8928674745121150000,0E-10,0,0E-28,0,93.0870134064000000,0,-93.19449322949000000000000000,0.78538765142211500000000000,BASE_E3,permanent,run_dfea4b7ac1475668d5968c97,168
1647993599999999999,2022-03-22,ETHUSDT,68.378672880000000,-68.347256271840000000000000000,0.8156199565980900000,0E-9,0,0E-28,0,68.378672880000000,0,-68.347256271840000000000000000,0.847036564758090000000000000,BASE_E3,permanent,run_dfea4b7ac1475668d5968c97,168
1648079999999999999,2022-03-23,BTCUSDT,38.8802240568000000,-39.42241539617000000000000000,0.8117042088730556818,0E-10,0,0E-28,0,38.8802240568000000,0,-39.42241539617000000000000000,0.26951286950305568180000000,BASE_E3,permanent,run_dfea4b7ac1475668d5968c97,168
1648079999999999999,2022-03-23,ETHUSDT,60.666792480000000,-61.170630631020000000000000000,0.4029969156400852992,0E-9,0,0E-28,0,60.666792480000000,0,-61.170630631020000000000000000,-0.100841235379914700800000000,BASE_E3,permanent,run_dfea4b7ac1475668d5968c97,168
1648166399999999999,2022-03-24,BTCUSDT,76.1442850944000000,-75.54625134184000000000000000,0.0467928103129601342,0E-10,0,0E-28,0,76.1442850944000000,0,-75.54625134184000000000000000,0.64482656287296013420000000,BASE_E3,permanent,run_dfea4b7ac1475668d5968c97,168
1648166399999999999,2022-03-24,ETHUSDT,66.955647330000000,-66.966195333600000000000000000,0.5142530693511900000,0E-9,0,0E-28,0,66.955647330000000,0,-66.966195333600000000000000000,0.503705065751190000000000000,BASE_E3,permanent,run_dfea4b7ac1475668d5968c97,168
1648252799999999999,2022-03-25,BTCUSDT,21.5973630180000000,-21.29453326199000000000000000,0.4825913305214989222,0E-10,0,0E-28,0,21.5973630180000000,0,-21.29453326199000000000000000,0.78542108653149892220000000,BASE_E3,permanent,run_dfea4b7ac1475668d5968c97,168
1648252799999999999,2022-03-25,ETHUSDT,-7.216116660000000,7.235330685120000000000000000,0.8591594245686360000,0E-9,0,0E-28,0,-7.216116660000000,0,7.235330685120000000000000000,0.878373449688636000000000000,BASE_E3,permanent,run_dfea4b7ac1475668d5968c97,168
1648339199999999999,2022-03-26,BTCUSDT,17.2679491656000000,-17.45180000000000000000000000,0.3954225684827816514,0E-10,0,0E-28,0,17.2679491656000000,0,-17.45180000000000000000000000,0.21157173408278165140000000,BASE_E3,permanent,run_dfea4b7ac1475668d5968c97,168
1648339199999999999,2022-03-26,ETHUSDT,41.497261200000000,-40.872755351520000000000000000,0.7138428208622000190,0E-9,0,0E-28,0,41.497261200000000,0,-40.872755351520000000000000000,1.338348669342200019000000000,BASE_E3,permanent,run_dfea4b7ac1475668d5968c97,168
1648425599999999999,2022-03-27,BTCUSDT,163.1259515592000000,-164.35335826277000000000000000,0.0991349991960468774,0E-10,0,0E-28,0,163.1259515592000000,0,-164.35335826277000000000000000,-1.12827170437395312260000000,BASE_E3,permanent,run_dfea4b7ac1475668d5968c97,168
1648425599999999999,2022-03-27,ETHUSDT,137.243928690000000,-138.036776369220000000000000000,0.1900009352155329306,0E-9,0,0E-28,0,137.243928690000000,0,-138.036776369220000000000000000,-0.602846744004467069400000000,BASE_E3,permanent,run_dfea4b7ac1475668d5968c97,168
1648511999999999999,2022-03-28,BTCUSDT,19.6907735160000000,-19.95554173723000000000000000,1.0026911954601440000,0E-10,0,0E-28,0,19.6907735160000000,0,-19.95554173723000000000000000,0.73792297423014400000000000,BASE_E3,permanent,run_dfea4b7ac1475668d5968c97,168
1648511999999999999,2022-03-28,ETHUSDT,32.839757370000000,-33.399355118040000000000000000,0.9153327836964060000,0E-9,0,0E-28,0,32.839757370000000,0,-33.399355118040000000000000000,0.355735035656406000000000000,BASE_E3,permanent,run_dfea4b7ac1475668d5968c97,168
1648598399999999999,2022-03-29,BTCUSDT,20.6092105548000000000000004,-19.43920000000000000000000000,0.9194107753679560000,-0.5658084000,0,0.0759294225367544744211900800,9.0826141474395047833427124,11.526596407360495216657288,-8.94870985915492957746478872,-10.49049014084507042253521128,1.52361293016795600000000040,BASE_E3,permanent,run_dfea4b7ac1475668d5968c97,168
1648598399999999999,2022-03-29,ETHUSDT,64.164681090000000,-62.882580749400000000000000000,0.8749093338664740000,0E-9,0,0E-28,0,64.164681090000000,0,-62.882580749400000000000000000,2.157009674466474000000000000,BASE_E3,permanent,run_dfea4b7ac1475668d5968c97,168
1648684799999999999,2022-03-30,BTCUSDT,-25.5148320648000000000000000,26.35920000000000000000000000,0.8943708081023730000,0E-10,0,0E-28,0E-25,-25.514832064800000000000000,0E-26,26.35920000000000000000000000,1.73873874330237300000000000,BASE_E3,permanent,run_dfea4b7ac1475668d5968c97,168
1648684799999999999,2022-03-30,ETHUSDT,-20.262047670000000,19.681132236660000000000000000,0.9353182600746540000,0E-9,0,0E-28,0,-20.262047670000000,0,19.681132236660000000000000000,0.354402826734654000000000000,BASE_E3,permanent,run_dfea4b7ac1475668d5968c97,168
1648771199999999999,2022-03-31,BTCUSDT,-96.7464161248000000000000000,95.96499111171000000000000000,0.8860721867786880000,0E-10,0,0E-28,0E-25,-96.746416124800000000000000,0E-26,95.96499111171000000000000000,0.10464717368868800000000000,BASE_E3,permanent,run_dfea4b7ac1475668d5968c97,168
1648771199999999999,2022-03-31,ETHUSDT,-92.992424490000000,93.755340000000000000000000000,0.9306044906108220000,0E-9,0,0E-28,0,-92.992424490000000,0,93.755340000000000000000000000,1.693520000610822000000000000,BASE_E3,permanent,run_dfea4b7ac1475668d5968c97,168
1648857599999999999,2022-04-01,BTCUSDT,48.8596369248000000000000000,-48.99343780107000000000000000,0.7722673239826953702,0E-10,0,0E-28,0E-25,48.859636924800000000000000,0E-26,-48.99343780107000000000000000,0.63846644771269537020000000,BASE_E3,permanent,run_dfea4b7ac1475668d5968c97,168
1648857599999999999,2022-04-01,ETHUSDT,160.159230450000000,-160.637423785560000000000000000,0.9170608999646160000,0E-9,0,0E-28,0,160.159230450000000,0,-160.637423785560000000000000000,0.438867564404616000000000000,BASE_E3,permanent,run_dfea4b7ac1475668d5968c97,168
1648943999999999999,2022-04-02,BTCUSDT,-29.1403653216000000000000000,29.19181758003000000000000000,0.8765653916093130000,0E-10,0,0E-28,0E-25,-29.140365321600000000000000,0E-26,29.19181758003000000000000000,0.92801765003931300000000000,BASE_E3,permanent,run_dfea4b7ac1475668d5968c97,168
1648943999999999999,2022-04-02,ETHUSDT,-8.152559280000000,8.276963785560000000000000000,0.9545635595679480000,0E-9,0,0E-28,0,-8.152559280000000,0,8.276963785560000000000000000,1.078968065127948000000000000,BASE_E3,permanent,run_dfea4b7ac1475668d5968c97,168
1649030399999999999,2022-04-03,BTCUSDT,37.7499041504000000000000000,-38.02565449746000000000000000,0.8728018226395020000,0E-10,0,0E-28,0E-25,37.749904150400000000000000,0E-26,-38.02565449746000000000000000,0.59705147557950200000000000,BASE_E3,permanent,run_dfea4b7ac1475668d5968c97,168
1649030399999999999,2022-04-03,ETHUSDT,69.856783290000000,-70.447126026600000000000000000,0.9574513775983980000,0E-9,0,0E-28,0,69.856783290000000,0,-70.447126026600000000000000000,0.367108640998398000000000000,BASE_E3,permanent,run_dfea4b7ac1475668d5968c97,168
1649116799999999999,2022-04-04,BTCUSDT,13.3257564908000000000000000,-14.11956790272000000000000000,0.8705297534811570000,0E-10,0,0E-28,0E-25,13.325756490800000000000000,0E-26,-14.11956790272000000000000000,0.07671834156115700000000000,BASE_E3,permanent,run_dfea4b7ac1475668d5968c97,168
1649116799999999999,2022-04-04,ETHUSDT,0.807911280000000,-0.890653973400000000000000000,0.7305666102596532384,0E-9,0,0E-28,0,0.807911280000000,0,-0.890653973400000000000000000,0.647823916859653238400000000,BASE_E3,permanent,run_dfea4b7ac1475668d5968c97,168
1649203199999999999,2022-04-05,BTCUSDT,-70.4477530952000000000000000,71.87415150951000000000000000,0.8759393456747220000,0E-10,0,0E-28,0E-25,-70.447753095200000000000000,0E-26,71.87415150951000000000000000,2.30233775998472200000000000,BASE_E3,permanent,run_dfea4b7ac1475668d5968c97,168
1649203199999999999,2022-04-05,ETHUSDT,-102.274223400000000,104.486760000000000000000000000,0.8993079799237260000,0E-9,0,0E-28,0,-102.274223400000000,0,104.486760000000000000000000000,3.111844579923726000000000000,BASE_E3,permanent,run_dfea4b7ac1475668d5968c97,168
1649289599999999999,2022-04-06,BTCUSDT,-145.8952639924000000000000000,144.98820000000000000000000000,0.8468471050200000000,0E-10,0,0E-28,0E-25,-145.895263992400000000000000,0E-26,144.98820000000000000000000000,-0.06021688738000000000000000,BASE_E3,permanent,run_dfea4b7ac1475668d5968c97,168
1649289599999999999,2022-04-06,ETHUSDT,-219.100030650000000,218.080080000000000000000000000,0.0318686400756000000,0E-9,0,0E-28,0,-219.100030650000000,0,218.080080000000000000000000000,-0.988082009924400000000000000,BASE_E3,permanent,run_dfea4b7ac1475668d5968c97,168
1649375999999999999,2022-04-07,BTCUSDT,15.6917414368000000000000000,-15.80670000000000000000000000,0.6115483634191726032,0E-10,0,0E-28,0E-25,15.691741436800000000000000,0E-26,-15.80670000000000000000000000,0.49658980021917260320000000,BASE_E3,permanent,run_dfea4b7ac1475668d5968c97,168
1649375999999999999,2022-04-07,ETHUSDT,51.256462230000000,-51.798009013560000000000000000,0.0978677012654427546,0E-9,0,0E-28,0,51.256462230000000,0,-51.798009013560000000000000000,-0.443679082294557245400000000,BASE_E3,permanent,run_dfea4b7ac1475668d5968c97,168
1649462399999999999,2022-04-08,BTCUSDT,-72.2157833904000000000000000,73.09343672190000000000000000,0.6683831533877668002,0E-10,0,0E-28,0E-25,-72.215783390400000000000000,0E-26,73.09343672190000000000000000,1.54603648488776680020000000,BASE_E3,permanent,run_dfea4b7ac1475668d5968c97,168
1649462399999999999,2022-04-08,ETHUSDT,-29.855994120000000,29.650647910140000000000000000,-0.0909427854687075828,0E-9,0,0E-28,0,-29.855994120000000,0,29.650647910140000000000000000,-0.296288995328707582800000000,BASE_E3,permanent,run_dfea4b7ac1475668d5968c97,168
1649548799999999999,2022-04-09,BTCUSDT,30.2650745436000000000000000,-30.32350990641000000000000000,0.7803328357840050000,0E-10,0,0E-28,0E-25,30.265074543600000000000000,0E-26,-30.32350990641000000000000000,0.72189747297400500000000000,BASE_E3,permanent,run_dfea4b7ac1475668d5968c97,168
1649548799999999999,2022-04-09,ETHUSDT,60.850408680000000,-60.825076042860000000000000000,0.8820808496337960000,0E-9,0,0E-28,0,60.850408680000000,0,-60.825076042860000000000000000,0.907413486773796000000000000,BASE_E3,permanent,run_dfea4b7ac1475668d5968c97,168
1649635199999999999,2022-04-10,BTCUSDT,-40.6174400996000000000000000,40.95707318451000000000000000,0.5097082173349613958,0E-10,0,0E-28,0E-25,-40.617440099600000000000000,0E-26,40.95707318451000000000000000,0.84934130224496139580000000,BASE_E3,permanent,run_dfea4b7ac1475668d5968c97,168
1649635199999999999,2022-04-10,ETHUSDT,-57.104638200000000,58.889048587200000000000000000,0.7752996184382295840,0E-9,0,0E-28,0,-57.104638200000000,0,58.889048587200000000000000000,2.559710005638229584000000000,BASE_E3,permanent,run_dfea4b7ac1475668d5968c97,168
1649721599999999999,2022-04-11,BTCUSDT,-166.1204972232000000000000000,166.26960000000000000000000000,0.5285055182866830000,0E-10,0,0E-28,0E-25,-166.120497223200000000000000,0E-26,166.26960000000000000000000000,0.67760829508668300000000000,BASE_E3,permanent,run_dfea4b7ac1475668d5968c97,168
1649721599999999999,2022-04-11,ETHUSDT,-202.877539380000000,201.725568559080000000000000000,0.7047743617587240000,0E-9,0,0E-28,0,-202.877539380000000,0,201.725568559080000000000000000,-0.447196459161276000000000000,BASE_E3,permanent,run_dfea4b7ac1475668d5968c97,168
1649807999999999999,2022-04-12,BTCUSDT,41.5590263823000000000000000,-41.17049999999999999999999955,-0.6610158791799751440,-0.5354304414,0,0.0718229573461752004541237573,0E-25,41.559026382300000000000000,0E-26,-41.17049999999999999999999955,-0.80791993827997514399999955,BASE_E3,permanent,run_dfea4b7ac1475668d5968c97,168
1649807999999999999,2022-04-12,ETHUSDT,46.812950190000000,-46.888818990660000000000000000,-0.6511497909804000000,0E-9,0,0E-28,0,46.812950190000000,0,-46.888818990660000000000000000,-0.727018591640400000000000000,BASE_E3,permanent,run_dfea4b7ac1475668d5968c97,168
1649894399999999999,2022-04-13,BTCUSDT,76.6912742491000000000000000,-77.64697364544000000000000000,-0.0710284591337840640,0E-10,0,0E-28,0E-25,76.691274249100000000000000,0E-26,-77.64697364544000000000000000,-1.02672785547378406400000000,BASE_E3,permanent,run_dfea4b7ac1475668d5968c97,168
1649894399999999999,2022-04-13,ETHUSDT,81.954753210000000,-81.828053329140000000000000084,-0.4426257267058484340,-0.055000020,0,0.0074665499836352845699215600,0,81.954753210000000,0,-81.828053329140000000000000084,-0.370925865845848434000000084,BASE_E3,permanent,run_dfea4b7ac1475668d5968c97,168
1649980799999999999,2022-04-14,BTCUSDT,-86.1490558285000000000000000,87.05737364544000000000000000,0.3807285457765024872,0E-10,0,0E-28,0E-25,-86.149055828500000000000000,0E-26,87.05737364544000000000000000,1.28904636271650248720000000,BASE_E3,permanent,run_dfea4b7ac1475668d5968c97,168
1649980799999999999,2022-04-14,ETHUSDT,-88.040331540000000,88.889832319800000000000000000,0.0125461487286499710,0E-9,0,0E-28,0,-88.040331540000000,0,88.889832319800000000000000000,0.862046928528649971000000000,BASE_E3,permanent,run_dfea4b7ac1475668d5968c97,168
1650067199999999999,2022-04-15,BTCUSDT,43.9843731271000000000000000,-44.32320000000000000000000000,-0.3535440670800000000,0E-10,0,0E-28,0E-25,43.984373127100000000000000,0E-26,-44.32320000000000000000000000,-0.69237093998000000000000000,BASE_E3,permanent,run_dfea4b7ac1475668d5968c97,168
1650067199999999999,2022-04-15,ETHUSDT,18.601380000000000,-19.542405595500000000000000000,-0.4563244008512640000,0E-9,0,0E-28,0,18.601380000000000,0,-19.542405595500000000000000000,-1.397349996351264000000000000,BASE_E3,permanent,run_dfea4b7ac1475668d5968c97,168
1650153599999999999,2022-04-16,BTCUSDT,-13.1655718453000000000000000,12.75336325512000000000000000,0.3940348185980903736,0E-10,0,0E-28,0E-25,-13.165571845300000000000000,0E-26,12.75336325512000000000000000,-0.01817377158190962640000000,BASE_E3,permanent,run_dfea4b7ac1475668d5968c97,168
1650153599999999999,2022-04-16,ETHUSDT,16.201801980000000,-16.188720663600000000000000000,-0.5225016242449663230,0E-9,0,0E-28,0,16.201801980000000,0,-16.188720663600000000000000000,-0.509420307844966323000000000,BASE_E3,permanent,run_dfea4b7ac1475668d5968c97,168
1650239999999999999,2022-04-17,BTCUSDT,-47.8383435103000000000000000,49.72103674488000000000000000,0.5973537181286188800,0E-10,0,0E-28,0E-25,-47.838343510300000000000000,0E-26,49.72103674488000000000000000,2.48004695270861888000000000,BASE_E3,permanent,run_dfea4b7ac1475668d5968c97,168
1650239999999999999,2022-04-17,ETHUSDT,-63.170286480000000,65.707938702900000000000000000,-0.0279625457752917630,0E-9,0,0E-28,0,-63.170286480000000,0,65.707938702900000000000000000,2.509689677124708237000000000,BASE_E3,permanent,run_dfea4b7ac1475668d5968c97,168
1650326399999999999,2022-04-18,BTCUSDT,78.6845085579000000000000000,-80.48160000000000000000000000,-0.7274336870673854280,0E-10,0,0E-28,0E-25,78.684508557900000000000000,0E-26,-80.48160000000000000000000000,-2.52452512916738542800000000,BASE_E3,permanent,run_dfea4b7ac1475668d5968c97,168
1650326399999999999,2022-04-18,ETHUSDT,60.333576030000000,-63.047612443800000000000000000,-0.6213289003743069930,0E-9,0,0E-28,0,60.333576030000000,0,-63.047612443800000000000000000,-3.335365314174306993000000000,BASE_E3,permanent,run_dfea4b7ac1475668d5968c97,168
1650412799999999999,2022-04-19,BTCUSDT,49.9597554589000000000000000,-49.69322776584000000000000000,0.3266807219280000000,0E-10,0,0E-28,0E-25,49.959755458900000000000000,0E-26,-49.69322776584000000000000000,0.59320841498800000000000000,BASE_E3,permanent,run_dfea4b7ac1475668d5968c97,168
1650412799999999999,2022-04-19,ETHUSDT,42.364642950000000,-42.809174295300000000000000000,0.4182344130021713070,0E-9,0,0E-28,0,42.364642950000000,0,-42.809174295300000000000000000,-0.026296932297828693000000000,BASE_E3,permanent,run_dfea4b7ac1475668d5968c97,168
1650499199999999999,2022-04-20,BTCUSDT,-8.6793544523000000000000000,9.35882776584000000000000000,0.6764310146880000000,0E-10,0,0E-28,0E-25,-8.679354452300000000000000,0E-26,9.35882776584000000000000000,1.35590432822800000000000000,BASE_E3,permanent,run_dfea4b7ac1475668d5968c97,168
1650499199999999999,2022-04-20,ETHUSDT,-21.800817360000000,23.000174295300000000000000000,0.4747903704132878400,0E-9,0,0E-28,0,-21.800817360000000,0,23.000174295300000000000000000,1.674147305713287840000000000,BASE_E3,permanent,run_dfea4b7ac1475668d5968c97,168
1650585599999999999,2022-04-21,BTCUSDT,-64.1673107019000000000000000,63.14035817808000000000000000,0.0099472494328196832,0E-10,0,0E-28,0E-25,-64.167310701900000000000000,0E-26,63.14035817808000000000000000,-1.01700527438718031680000000,BASE_E3,permanent,run_dfea4b7ac1475668d5968c97,168
1650585599999999999,2022-04-21,ETHUSDT,-86.784738390000000,86.736862854900000000000000000,-0.6758553994962751860,0E-9,0,0E-28,0,-86.784738390000000,0,86.736862854900000000000000000,-0.723730934596275186000000000,BASE_E3,permanent,run_dfea4b7ac1475668d5968c97,168
1650671999999999999,2022-04-22,BTCUSDT,-55.1675121501000000000000000,55.99405650240000000000000000,-0.4211839432250961840,0E-10,0,0E-28,0E-25,-55.167512150100000000000000,0E-26,55.99405650240000000000000000,0.40536040907490381600000000,BASE_E3,permanent,run_dfea4b7ac1475668d5968c97,168
1650671999999999999,2022-04-22,ETHUSDT,-19.364036580000000,18.939037145100000000000000000,-0.8846849036975472180,0E-9,0,0E-28,0,-19.364036580000000,0,18.939037145100000000000000000,-1.309684338597547218000000000,BASE_E3,permanent,run_dfea4b7ac1475668d5968c97,168
1650758399999999999,2022-04-23,BTCUSDT,-20.4083285931000000000000000,20.71118531952000000000000000,-0.8134393536017800704,0E-10,0,0E-28,0E-25,-20.408328593100000000000000,0E-26,20.71118531952000000000000000,-0.51058262718178007040000000,BASE_E3,permanent,run_dfea4b7ac1475668d5968c97,168
1650758399999999999,2022-04-23,ETHUSDT,-27.595147230000000,27.648900000000000000000000000,-0.4105864246375889760,0E-9,0,0E-28,0,-27.595147230000000,0,27.648900000000000000000000000,-0.356833654637588976000000000,BASE_E3,permanent,run_dfea4b7ac1475668d5968c97,168
1650844799999999999,2022-04-24,BTCUSDT,2.3295205885000000000000000,-3.34080000000000000000000000,-1.0597866441840000000,0E-10,0,0E-28,0E-25,2.329520588500000000000000,0E-26,-3.34080000000000000000000000,-2.07106605568400000000000000,BASE_E3,permanent,run_dfea4b7ac1475668d5968c97,168
1650844799999999999,2022-04-24,ETHUSDT,-11.188730070000000,11.187900000000000000000000000,-0.3934264744958975670,0E-9,0,0E-28,0,-11.188730070000000,0,11.187900000000000000000000000,-0.394256544495897567000000000,BASE_E3,permanent,run_dfea4b7ac1475668d5968c97,168
1650931199999999999,2022-04-25,BTCUSDT,70.6626045839000000000000000,-70.67637957672000000000000000,-0.2673523557367818984,0E-10,0,0E-28,0E-25,70.662604583900000000000000,0E-26,-70.67637957672000000000000000,-0.28112734855678189840000000,BASE_E3,permanent,run_dfea4b7ac1475668d5968c97,168
1650931199999999999,2022-04-25,ETHUSDT,78.628033260000000,-79.570800000000000000000000000,-0.8823184890025655640,0E-9,0,0E-28,0,78.628033260000000,0,-79.570800000000000000000000000,-1.825085229002565564000000000,BASE_E3,permanent,run_dfea4b7ac1475668d5968c97,168
1651017599999999999,2022-04-26,BTCUSDT,-167.6477116692000000000000000,167.31070192440000000000000000,0.8606871216186480000,0E-10,0,0E-28,0E-25,-167.647711669200000000000000,0E-26,167.31070192440000000000000000,0.52367737681864800000000000,BASE_E3,permanent,run_dfea4b7ac1475668d5968c97,168
1651017599999999999,2022-04-26,ETHUSDT,-182.758558500000000,183.102314267700000000000000000,0.6914065398379859280,0E-9,0,0E-28,0,-182.758558500000000,0,183.102314267700000000000000000,1.035162307537985928000000000,BASE_E3,permanent,run_dfea4b7ac1475668d5968c97,168
1651103999999999999,2022-04-27,BTCUSDT,79.9461221811000000000000000,-78.96094382376000000000000000,-0.6012561398363607888,0E-10,0,0E-28,0E-25,79.946122181100000000000000,0E-26,-78.96094382376000000000000000,0.38392221750363921120000000,BASE_E3,permanent,run_dfea4b7ac1475668d5968c97,168
1651103999999999999,2022-04-27,ETHUSDT,72.740696490000000,-72.413933589600000000000000000,-0.9915909874051298700,0E-9,0,0E-28,0,72.740696490000000,0,-72.413933589600000000000000000,-0.664828087005129870000000000,BASE_E3,permanent,run_dfea4b7ac1475668d5968c97,168
1651190399999999999,2022-04-28,BTCUSDT,37.8937749393000000000000000,-39.60198329544000000000000000,-0.0343725944455310688,0E-10,0,0E-28,0E-25,37.893774939300000000000000,0E-26,-39.60198329544000000000000000,-1.74258095058553106880000000,BASE_E3,permanent,run_dfea4b7ac1475668d5968c97,168
1651190399999999999,2022-04-28,ETHUSDT,45.582681690000000,-45.682566930300000000000000000,0.0679944611966375460,0E-9,0,0E-28,0,45.582681690000000,0,-45.682566930300000000000000000,-0.031890779103362454000000000,BASE_E3,permanent,run_dfea4b7ac1475668d5968c97,168
1651276799999999999,2022-04-29,BTCUSDT,-84.6944556465000000000000000,85.92940477152000000000000000,0.6449570212130640000,0E-10,0,0E-28,0E-25,-84.694455646500000000000000,0E-26,85.92940477152000000000000000,1.87990614623306400000000000,BASE_E3,permanent,run_dfea4b7ac1475668d5968c97,168
1651276799999999999,2022-04-29,ETHUSDT,-113.533522830000000,113.995308372000000000000000000,0.6666251535822300000,0E-9,0,0E-28,0,-113.533522830000000,0,113.995308372000000000000000000,1.128410695582230000000000000,BASE_E3,permanent,run_dfea4b7ac1475668d5968c97,168
1651363199999999999,2022-04-30,BTCUSDT,-66.9029671828000000000000000,66.70262465208000000000000000,0.0299326527812025072,0E-10,0,0E-28,0E-25,-66.902967182800000000000000,0E-26,66.70262465208000000000000000,-0.17040987793879749280000000,BASE_E3,permanent,run_dfea4b7ac1475668d5968c97,168
1651363199999999999,2022-04-30,ETHUSDT,-81.641456820000000,81.684451761900000000000000000,-0.5198763309424367940,0E-9,0,0E-28,0,-81.641456820000000,0,81.684451761900000000000000000,-0.476881389042436794000000000,BASE_E3,permanent,run_dfea4b7ac1475668d5968c97,168
1651449599999999999,2022-05-01,BTCUSDT,58.5843823796000000000000000,-57.86668428696000000000000000,0.3447464927133400704,0E-10,0,0E-28,0E-25,58.584382379600000000000000,0E-26,-57.86668428696000000000000000,1.06244458535334007040000000,BASE_E3,permanent,run_dfea4b7ac1475668d5968c97,168
1651449599999999999,2022-05-01,ETHUSDT,90.802636470000000,-91.747842764100000000000000000,-0.7138380623169818160,0E-9,0,0E-28,0,90.802636470000000,0,-91.747842764100000000000000000,-1.659044356416981816000000000,BASE_E3,permanent,run_dfea4b7ac1475668d5968c97,168
1651535999999999999,2022-05-02,BTCUSDT,3.6725054100000000000000000,-5.68171407528000000000000000,0.8072398768389840000,0E-10,0,0E-28,0E-25,3.672505410000000000000000,0E-26,-5.68171407528000000000000000,-1.20196878844101600000000000,BASE_E3,permanent,run_dfea4b7ac1475668d5968c97,168
1651535999999999999,2022-05-02,ETHUSDT,28.971649350000000,-28.708301204400000000000000000,-0.0807388878939475080,0E-9,0,0E-28,0,28.971649350000000,0,-28.708301204400000000000000000,0.182609257706052492000000000,BASE_E3,permanent,run_dfea4b7ac1475668d5968c97,168
1651622399999999999,2022-05-03,BTCUSDT,-56.1058012774000000000000000,57.40436394360000000000000000,0.8309000992440240000,0E-10,0,0E-28,0E-25,-56.105801277400000000000000,0E-26,57.40436394360000000000000000,2.12946276544402400000000000,BASE_E3,permanent,run_dfea4b7ac1475668d5968c97,168
1651622399999999999,2022-05-03,ETHUSDT,-69.978391560000000,69.835765288200000000000000000,0.6320906845110000000,0E-9,0,0E-28,0,-69.978391560000000,0,69.835765288200000000000000000,0.489464412711000000000000000,BASE_E3,permanent,run_dfea4b7ac1475668d5968c97,168
1651708799999999999,2022-05-04,BTCUSDT,140.7973765275000000000000000,-142.02453914784000000000000000,0.6218570094479115840,0E-10,0,0E-28,0E-25,140.797376527500000000000000,0E-26,-142.02453914784000000000000000,-0.60530561089208841600000000,BASE_E3,permanent,run_dfea4b7ac1475668d5968c97,168
1651708799999999999,2022-05-04,ETHUSDT,147.629852370000000,-147.896928001200000000000000000,0.7659264065959800000,0E-9,0,0E-28,0,147.629852370000000,0,-147.896928001200000000000000000,0.498850775395980000000000000,BASE_E3,permanent,run_dfea4b7ac1475668d5968c97,168
1651795199999999999,2022-05-05,BTCUSDT,-225.1094595519000000000000000,226.28990481336000000000000000,0.8364461291336160000,0E-10,0,0E-28,0E-25,-225.109459551900000000000000,0E-26,226.28990481336000000000000000,2.01689139059361600000000000,BASE_E3,permanent,run_dfea4b7ac1475668d5968c97,168
1651795199999999999,2022-05-05,ETHUSDT,-178.889471460000000,179.789832799800000000000000000,0.8011896792998100000,0E-9,0,0E-28,0,-178.889471460000000,0,179.789832799800000000000000000,1.701551019099810000000000000,BASE_E3,permanent,run_dfea4b7ac1475668d5968c97,168
1651881599999999999,2022-05-06,BTCUSDT,-38.8522268414000000000000000,39.13515476496000000000000000,-0.3954620840359184640,0E-10,0,0E-28,0E-25,-38.852226841400000000000000,0E-26,39.13515476496000000000000000,-0.11253416047591846400000000,BASE_E3,permanent,run_dfea4b7ac1475668d5968c97,168
1651881599999999999,2022-05-06,ETHUSDT,-49.879600470000000,49.652700000000000000000000000,-0.2524762110392923620,0E-9,0,0E-28,0,-49.879600470000000,0,49.652700000000000000000000000,-0.479376681039292362000000000,BASE_E3,permanent,run_dfea4b7ac1475668d5968c97,168
1651967999999999999,2022-05-07,BTCUSDT,-39.3073294726000000000000000,38.62888933608000000000000000,0.0368318150086549320,0E-10,0,0E-28,0E-25,-39.307329472600000000000000,0E-26,38.62888933608000000000000000,-0.64160832151134506800000000,BASE_E3,permanent,run_dfea4b7ac1475668d5968c97,168
1651967999999999999,2022-05-07,ETHUSDT,-54.390435120000000,53.874900000000000000000000000,0.5768437474881172920,0E-9,0,0E-28,0,-54.390435120000000,0,53.874900000000000000000000000,0.061308627488117292000000000,BASE_E3,permanent,run_dfea4b7ac1475668d5968c97,168
1652054399999999999,2022-05-08,BTCUSDT,-99.2080530070000000000000000,98.23648600080000000000000000,0.4285332724464000000,0E-10,0,0E-28,0E-25,-99.208053007000000000000000,0E-26,98.23648600080000000000000000,-0.54303373375360000000000000,BASE_E3,permanent,run_dfea4b7ac1475668d5968c97,168
1652054399999999999,2022-05-08,ETHUSDT,-103.870105920000000,103.834500000000000000000000000,0.7133152804125900000,0E-9,0,0E-28,0,-103.870105920000000,0,103.834500000000000000000000000,0.677709360412590000000000000,BASE_E3,permanent,run_dfea4b7ac1475668d5968c97,168
1652140799999999999,2022-05-09,BTCUSDT,-284.1035783194000000000000000,285.65549707248000000000000000,0.7192166315428080000,0E-10,0,0E-28,0E-25,-284.103578319400000000000000,0E-26,285.65549707248000000000000000,2.27113538462280800000000000,BASE_E3,permanent,run_dfea4b7ac1475668d5968c97,168
1652140799999999999,2022-05-09,ETHUSDT,-267.180921630000000,267.745710387600000000000000000,0.6650867330175000000,0E-9,0,0E-28,0,-267.180921630000000,0,267.745710387600000000000000000,1.229875490617500000000000000,BASE_E3,permanent,run_dfea4b7ac1475668d5968c97,168
1652227199999999999,2022-05-10,BTCUSDT,62.3094550239000000000000000,-63.16908116400000000000000000,0.6696273718440720000,0E-10,0,0E-28,0E-25,62.309455023900000000000000,0E-26,-63.16908116400000000000000000,-0.18999876825592800000000000,BASE_E3,permanent,run_dfea4b7ac1475668d5968c97,168
1652227199999999999,2022-05-10,ETHUSDT,98.773327800000000,-99.725138955300000000000000000,0.5581535374692513120,0E-9,0,0E-28,0,98.773327800000000,0,-99.725138955300000000000000000,-0.393657617830748688000000000,BASE_E3,permanent,run_dfea4b7ac1475668d5968c97,168
1652313599999999999,2022-05-11,BTCUSDT,-142.5637796198000000000000000,143.45696936304000000000000000,0.2436985020747506400,0E-10,0,0E-28,0E-25,-142.563779619800000000000000,0E-26,143.45696936304000000000000000,1.13688824531475064000000000,BASE_E3,permanent,run_dfea4b7ac1475668d5968c97,168
1652313599999999999,2022-05-11,ETHUSDT,-244.570944240000000,245.820128567700000000000000000,0.5414942130190011360,0E-9,0,0E-28,0,-244.570944240000000,0,245.820128567700000000000000000,1.790678540719001136000000000,BASE_E3,permanent,run_dfea4b7ac1475668d5968c97,168
1652399999999999999,2022-05-12,BTCUSDT,0.6351274062000000000000000,-2.19741925392000000000000000,-1.5498665564649025680,0E-10,0,0E-28,0E-25,0.635127406200000000000000,0E-26,-2.19741925392000000000000000,-3.11215840418490256800000000,BASE_E3,permanent,run_dfea4b7ac1475668d5968c97,168
1652399999999999999,2022-05-12,ETHUSDT,-112.101216570000000,110.893200000000000000000000000,-2.3028772626807763170,0E-9,0,0E-28,0,-112.101216570000000,0,110.893200000000000000000000000,-3.510893832680776317000000000,BASE_E3,permanent,run_dfea4b7ac1475668d5968c97,168
1652486399999999999,2022-05-13,BTCUSDT,17.3925535623000000000000000,-16.55445201840000000000000000,-0.0300894657120000000,0E-10,0,0E-28,0E-25,17.392553562300000000000000,0E-26,-16.55445201840000000000000000,0.80801207818800000000000000,BASE_E3,permanent,run_dfea4b7ac1475668d5968c97,168
1652486399999999999,2022-05-13,ETHUSDT,46.494149310000000,-45.439910809500000000000000000,-0.5240862773255015820,0E-9,0,0E-28,0,46.494149310000000,0,-45.439910809500000000000000000,0.530152223174498418000000000,BASE_E3,permanent,run_dfea4b7ac1475668d5968c97,168
1652572799999999999,2022-05-14,BTCUSDT,57.0944973417000000000000000,-57.16744786728000000000000000,0.6300112119406560000,0E-10,0,0E-28,0E-25,57.094497341700000000000000,0E-26,-57.16744786728000000000000000,0.55706068636065600000000000,BASE_E3,permanent,run_dfea4b7ac1475668d5968c97,168
1652572799999999999,2022-05-14,ETHUSDT,42.764572620000000,-43.668506180700000000000000000,0.3919975413235826040,0E-9,0,0E-28,0,42.764572620000000,0,-43.668506180700000000000000000,-0.511936019376417396000000000,BASE_E3,permanent,run_dfea4b7ac1475668d5968c97,168
1652659199999999999,2022-05-15,BTCUSDT,87.5885339294000000000000000,-87.70438289304000000000000000,0.5897187081811043928,0E-10,0,0E-28,0E-25,87.588533929400000000000000,0E-26,-87.70438289304000000000000000,0.47386974454110439280000000,BASE_E3,permanent,run_dfea4b7ac1475668d5968c97,168
1652659199999999999,2022-05-15,ETHUSDT,85.119914880000000,-83.940148236300000000000000000,0.4637187018520800000,0E-9,0,0E-28,0,85.119914880000000,0,-83.940148236300000000000000000,1.643485345552080000000000000,BASE_E3,permanent,run_dfea4b7ac1475668d5968c97,168
1652745599999999999,2022-05-16,BTCUSDT,-104.9580443205000000000000000,104.96223076032000000000000000,0.5202333840386160000,0E-10,0,0E-28,0E-25,-104.958044320500000000000000,0E-26,104.96223076032000000000000000,0.52441982385861600000000000,BASE_E3,permanent,run_dfea4b7ac1475668d5968c97,168
1652745599999999999,2022-05-16,ETHUSDT,-119.253447180000000,118.383165226500000000000000000,0.3801612192928800000,0E-9,0,0E-28,0,-119.253447180000000,0,118.383165226500000000000000000,-0.490120734207120000000000000,BASE_E3,permanent,run_dfea4b7ac1475668d5968c97,168
1652831999999999999,2022-05-17,BTCUSDT,42.9791147835000000000000000,-42.53040000000000000000000000,0.3015731308869943560,0E-10,0,0E-28,0E-25,42.979114783500000000000000,0E-26,-42.53040000000000000000000000,0.75028791438699435600000000,BASE_E3,permanent,run_dfea4b7ac1475668d5968c97,168
1652831999999999999,2022-05-17,ETHUSDT,66.518534880000000,-66.848400000000000000000000000,-0.1446363578220000000,0E-9,0,0E-28,0,66.518534880000000,0,-66.848400000000000000000000000,-0.474501477822000000000000000,BASE_E3,permanent,run_dfea4b7ac1475668d5968c97,168
1652918399999999999,2022-05-18,BTCUSDT,-128.2957360524000000000000000,128.34720000000000000000000000,-0.2158975623816049608,0E-10,0,0E-28,0E-25,-128.295736052400000000000000,0E-26,128.34720000000000000000000000,-0.16443361478160496080000000,BASE_E3,permanent,run_dfea4b7ac1475668d5968c97,168
1652918399999999999,2022-05-18,ETHUSDT,-169.151649030000000,169.177341683700000000000000000,-0.0221986108061802000,0E-9,0,0E-28,0,-169.151649030000000,0,169.177341683700000000000000000,0.003494042893819800000000000,BASE_E3,permanent,run_dfea4b7ac1475668d5968c97,168
1653004799999999999,2022-05-19,BTCUSDT,119.6401448704000000000000000,-120.67180800912000000000000000,0.2744267799860532936,0E-10,0,0E-28,0E-25,119.640144870400000000000000,0E-26,-120.67180800912000000000000000,-0.75723635873394670640000000,BASE_E3,permanent,run_dfea4b7ac1475668d5968c97,168
1653004799999999999,2022-05-19,ETHUSDT,102.921435540000000,-103.378068564300000000000000000,-0.0160482900664365840,0E-9,0,0E-28,0,102.921435540000000,0,-103.378068564300000000000000000,-0.472681314366436584000000000,BASE_E3,permanent,run_dfea4b7ac1475668d5968c97,168
1653091199999999999,2022-05-20,BTCUSDT,-81.4381675163000000000000000,82.29126861720000000000000000,0.6459774109050240000,0E-10,0,0E-28,0E-25,-81.438167516300000000000000,0E-26,82.29126861720000000000000000,1.49907851180502400000000000,BASE_E3,permanent,run_dfea4b7ac1475668d5968c97,168
1653091199999999999,2022-05-20,ETHUSDT,-56.092461390000000,56.494859246400000000000000000,0.4972671406376400000,0E-9,0,0E-28,0,-56.092461390000000,0,56.494859246400000000000000000,0.899664997037640000000000000,BASE_E3,permanent,run_dfea4b7ac1475668d5968c97,168
1653177599999999999,2022-05-21,BTCUSDT,19.3634647990000000000000000,-19.09706060808000000000000000,0.0045282759020869752,0E-10,0,0E-28,0E-25,19.363464799000000000000000,0E-26,-19.09706060808000000000000000,0.27093246682208697520000000,BASE_E3,permanent,run_dfea4b7ac1475668d5968c97,168
1653177599999999999,2022-05-21,ETHUSDT,16.257606120000000,-15.837032365800000000000000000,0.1262845058620999140,0E-9,0,0E-28,0,16.257606120000000,0,-15.837032365800000000000000000,0.546858260062099914000000000,BASE_E3,permanent,run_dfea4b7ac1475668d5968c97,168
1653263999999999999,2022-05-22,BTCUSDT,59.6717320206000000000000000,-60.28560000000000000000000000,0.2009589905731043520,0E-10,0,0E-28,0E-25,59.671732020600000000000000,0E-26,-60.28560000000000000000000000,-0.41290898882689564800000000,BASE_E3,permanent,run_dfea4b7ac1475668d5968c97,168
1653263999999999999,2022-05-22,ETHUSDT,61.579868490000000,-62.222721955200000000000000000,0.3626944332707495760,0E-9,0,0E-28,0,61.579868490000000,0,-62.222721955200000000000000000,-0.280159031929250424000000000,BASE_E3,permanent,run_dfea4b7ac1475668d5968c97,168
1653350399999999999,2022-05-23,BTCUSDT,-85.8156499452000000000000000,86.11017029496000000000000000,0.6558963796094400000,0E-10,0,0E-28,0E-25,-85.815649945200000000000000,0E-26,86.11017029496000000000000000,0.95041672936944000000000000,BASE_E3,permanent,run_dfea4b7ac1475668d5968c97,168
1653350399999999999,2022-05-23,ETHUSDT,-64.658396880000000,65.550688974000000000000000000,0.5741568515007900000,0E-9,0,0E-28,0,-64.658396880000000,0,65.550688974000000000000000000,1.466448945500790000000000000,BASE_E3,permanent,run_dfea4b7ac1475668d5968c97,168
1653436799999999999,2022-05-24,BTCUSDT,39.4549497881000000000000000,-39.52376803728000000000000000,-0.2123340218008975008,0E-10,0,0E-28,0E-25,39.454949788100000000000000,0E-26,-39.52376803728000000000000000,-0.28115227098089750080000000,BASE_E3,permanent,run_dfea4b7ac1475668d5968c97,168
1653436799999999999,2022-05-24,ETHUSDT,4.659645690000000,-5.025016148100000000000000000,-0.3077864117529563820,0E-9,0,0E-28,0,4.659645690000000,0,-5.025016148100000000000000000,-0.673156869852956382000000000,BASE_E3,permanent,run_dfea4b7ac1475668d5968c97,168
1653523199999999999,2022-05-25,BTCUSDT,-6.3325514854000000000000000,5.95199774232000000000000000,0.5056092794928960000,0E-10,0,0E-28,0E-25,-6.332551485400000000000000,0E-26,5.95199774232000000000000000,0.12505553641289600000000000,BASE_E3,permanent,run_dfea4b7ac1475668d5968c97,168
1653523199999999999,2022-05-25,ETHUSDT,-31.901366700000000,31.661649129300000000000000000,0.3237430090871824800,0E-9,0,0E-28,0,-31.901366700000000,0,31.661649129300000000000000000,0.084025438387182480000000000,BASE_E3,permanent,run_dfea4b7ac1475668d5968c97,168
1653609599999999999,2022-05-26,BTCUSDT,-27.0764462591000000000000000,26.74425949848000000000000000,0.3890490566622399720,0E-10,0,0E-28,0E-25,-27.076446259100000000000000,0E-26,26.74425949848000000000000000,0.05686229604223997200000000,BASE_E3,permanent,run_dfea4b7ac1475668d5968c97,168
1653609599999999999,2022-05-26,ETHUSDT,-142.998108750000000,143.655760325700000000000000000,-0.0087562528841702550,0E-9,0,0E-28,0,-142.998108750000000,0,143.655760325700000000000000000,0.648895322815829745000000000,BASE_E3,permanent,run_dfea4b7ac1475668d5968c97,168
1653695999999999999,2022-05-27,BTCUSDT,-40.7590492582000000000000000,41.64254100792000000000000000,0.6266520000000000000,0E-10,0,0E-28,0E-25,-40.759049258200000000000000,0E-26,41.64254100792000000000000000,1.51014374972000000000000000,BASE_E3,permanent,run_dfea4b7ac1475668d5968c97,168
1653695999999999999,2022-05-27,ETHUSDT,-61.170638130000000,60.615437951100000000000000000,0.2519203139963405160,0E-9,0,0E-28,0,-61.170638130000000,0,60.615437951100000000000000000,-0.303279864903659484000000000,BASE_E3,permanent,run_dfea4b7ac1475668d5968c97,168
1653782399999999999,2022-05-28,BTCUSDT,27.4368703079999999999999996,-22.00440050640000000000000056,0.5958034420863104064,-3.1281328800,0,0.4205866951428876363445797601,-1168.4916837863072505492740554,1195.928554094307250549274055,1174.78240985915492957746478872,-1196.78681036555492957746478928,2.90014036368631040639999904,BASE_E3,permanent,run_dfea4b7ac1475668d5968c97,168
1653782399999999999,2022-05-28,ETHUSDT,57.032298210000000000000000,-48.300898276799999999999999640,0.3174689035320000000,-2.485992300,0,0.3415467985889638643928698100,-1793.550043566058002148227712,1850.582341776058002148227712,1799.459040000000000000000000,-1847.759938276799999999999999640,6.562876536732000000000000360,BASE_E3,permanent,run_dfea4b7ac1475668d5968c97,168
1653868799999999999,2022-05-29,BTCUSDT,0.004298858900000000000000,0E-24,0E-19,0E-10,0,0E-27,0E-24,0.004298858900000000000000,0E-24,0E-11,0.004298858900000000000000,BASE_E3,permanent,run_dfea4b7ac1475668d5968c97,168
1653868799999999999,2022-05-29,ETHUSDT,0.001431750000000000000000,0E-24,0E-19,0E-9,0,0E-27,0E-24,0.001431750000000000000000,0E-24,0E-11,0.001431750000000000000000,BASE_E3,permanent,run_dfea4b7ac1475668d5968c97,168
1653955199999999999,2022-05-30,BTCUSDT,0.022585385500000000000000,0E-24,0E-19,0E-10,0,0E-27,0E-24,0.022585385500000000000000,0E-24,0E-11,0.022585385500000000000000,BASE_E3,permanent,run_dfea4b7ac1475668d5968c97,168
1653955199999999999,2022-05-30,ETHUSDT,0.012913350000000000000000,0E-24,0E-19,0E-9,0,0E-27,0E-24,0.012913350000000000000000,0E-24,0E-11,0.012913350000000000000000,BASE_E3,permanent,run_dfea4b7ac1475668d5968c97,168
1654041599999999999,2022-05-31,BTCUSDT,0.000355075300000000000000,0E-24,0E-19,0E-10,0,0E-27,0E-24,0.000355075300000000000000,0E-24,0E-11,0.000355075300000000000000,BASE_E3,permanent,run_dfea4b7ac1475668d5968c97,168
1654041599999999999,2022-05-31,ETHUSDT,-0.004168290000000000000000,0E-24,0E-19,0E-9,0,0E-27,0E-24,-0.004168290000000000000000,0E-24,0E-11,-0.004168290000000000000000,BASE_E3,permanent,run_dfea4b7ac1475668d5968c97,168
1654127999999999999,2022-06-01,BTCUSDT,-193.823581185100000000000000,194.967288988450000000000000,0.5910415500000000000,-4.5386910621,0,0.608306754316494328825055267,0E-24,-193.823581185100000000000000,0E-24,194.96728898845,-2.803941708750000000000000,BASE_E3,permanent,run_dfea4b7ac1475668d5968c97,168
1654127999999999999,2022-06-01,ETHUSDT,-0.008386950000000000000000,0E-24,0E-19,0E-9,0,0E-27,0E-24,-0.008386950000000000000000,0E-24,0E-11,-0.008386950000000000000000,BASE_E3,permanent,run_dfea4b7ac1475668d5968c97,168
1654214399999999999,2022-06-02,BTCUSDT,62.712681682000000000000000,-62.747952876400000000000000,0.0837944792500000000,0E-10,0,0E-27,0E-24,62.712681682000000000000000,0E-24,-62.74795287640,0.048523284850000000000000,BASE_E3,permanent,run_dfea4b7ac1475668d5968c97,168
1654214399999999999,2022-06-02,ETHUSDT,0.001061220000000000000000,0E-24,0E-19,0E-9,0,0E-27,0E-24,0.001061220000000000000000,0E-24,0E-11,0.001061220000000000000000,BASE_E3,permanent,run_dfea4b7ac1475668d5968c97,168
1654300799999999999,2022-06-03,BTCUSDT,-70.766240273400000000000000,70.966663887950000000000000,0.0545537129842076095,0E-10,0,0E-27,0E-24,-70.766240273400000000000000,0E-24,70.96666388795,0.254977327534207609500000,BASE_E3,permanent,run_dfea4b7ac1475668d5968c97,168
1654300799999999999,2022-06-03,ETHUSDT,-0.003991650000000000000000,0E-24,0E-19,0E-9,0,0E-27,0E-24,-0.003991650000000000000000,0E-24,0E-11,-0.003991650000000000000000,BASE_E3,permanent,run_dfea4b7ac1475668d5968c97,168
1654387199999999999,2022-06-04,BTCUSDT,15.146618452600000000000000,-15.321273961900000000000000,0.2989481281839239900,0E-10,0,0E-27,0E-24,15.146618452600000000000000,0E-24,-15.32127396190,0.124292618883923990000000,BASE_E3,permanent,run_dfea4b7ac1475668d5968c97,168
1654387199999999999,2022-06-04,ETHUSDT,0.001980990000000000000000,0E-24,0E-19,0E-9,0,0E-27,0E-24,0.001980990000000000000000,0E-24,0E-11,0.001980990000000000000000,BASE_E3,permanent,run_dfea4b7ac1475668d5968c97,168
1654473599999999999,2022-06-05,BTCUSDT,6.341571735000000000000000,-6.728226038100000000000000,0.3384832154818361535,0E-10,0,0E-27,0E-24,6.341571735000000000000000,0E-24,-6.72822603810,-0.048171087618163846500000,BASE_E3,permanent,run_dfea4b7ac1475668d5968c97,168
1654473599999999999,2022-06-05,ETHUSDT,0.000204930000000000000000,0E-24,0E-19,0E-9,0,0E-27,0E-24,0.000204930000000000000000,0E-24,0E-11,0.000204930000000000000000,BASE_E3,permanent,run_dfea4b7ac1475668d5968c97,168
1654559999999999999,2022-06-06,BTCUSDT,137.585030275800000000000000,-137.733214708400000000000000,0.7579850183588250000,0E-10,0,0E-27,0E-24,137.585030275800000000000000,0E-24,-137.73321470840,0.609800585758825000000000,BASE_E3,permanent,run_dfea4b7ac1475668d5968c97,168
1654559999999999999,2022-06-06,ETHUSDT,0.003675630000000000000000,0E-24,0E-19,0E-9,0,0E-27,0E-24,0.003675630000000000000000,0E-24,0E-11,0.003675630000000000000000,BASE_E3,permanent,run_dfea4b7ac1475668d5968c97,168
1654646399999999999,2022-06-07,BTCUSDT,-23.262880225200000000000000,22.954075623650000000000000,-0.0946516115472013820,0E-10,0,0E-27,0E-24,-23.262880225200000000000000,0E-24,22.95407562365,-0.403456213097201382000000,BASE_E3,permanent,run_dfea4b7ac1475668d5968c97,168
1654646399999999999,2022-06-07,ETHUSDT,-0.003201600000000000000000,0E-24,0E-19,0E-9,0,0E-27,0E-24,-0.003201600000000000000000,0E-24,0E-11,-0.003201600000000000000000,BASE_E3,permanent,run_dfea4b7ac1475668d5968c97,168
1654732799999999999,2022-06-08,BTCUSDT,-87.765452716000000000000000,88.443289409100000000000000,0.8752233246105800000,0E-10,0,0E-27,0E-24,-87.765452716000000000000000,0E-24,88.44328940910,1.553060017710580000000000,BASE_E3,permanent,run_dfea4b7ac1475668d5968c97,168
1654732799999999999,2022-06-08,ETHUSDT,-0.001467630000000000000000,0E-24,0E-19,0E-9,0,0E-27,0E-24,-0.001467630000000000000000,0E-24,0E-11,-0.001467630000000000000000,BASE_E3,permanent,run_dfea4b7ac1475668d5968c97,168
1654819199999999999,2022-06-09,BTCUSDT,-10.141764535000000000000000,9.946113019400000000000000,0.8382279013071650000,0E-10,0,0E-27,0E-24,-10.141764535000000000000000,0E-24,9.94611301940,0.642576385707165000000000,BASE_E3,permanent,run_dfea4b7ac1475668d5968c97,168
1654819199999999999,2022-06-09,ETHUSDT,-0.000316710000000000000000,0E-24,0E-19,0E-9,0,0E-27,0E-24,-0.000316710000000000000000,0E-24,0E-11,-0.000316710000000000000000,BASE_E3,permanent,run_dfea4b7ac1475668d5968c97,168
1654905599999999999,2022-06-10,BTCUSDT,-96.138227502600000000000000,97.814236656250000000000000,0.6490405486216849845,0E-10,0,0E-27,0E-24,-96.138227502600000000000000,0E-24,97.81423665625,2.325049702271684984500000,BASE_E3,permanent,run_dfea4b7ac1475668d5968c97,168
1654905599999999999,2022-06-10,ETHUSDT,-0.008635350000000000000000,0E-24,0E-19,0E-9,0,0E-27,0E-24,-0.008635350000000000000000,0E-24,0E-11,-0.008635350000000000000000,BASE_E3,permanent,run_dfea4b7ac1475668d5968c97,168
1654991999999999999,2022-06-11,BTCUSDT,-67.437271380600000000000000,65.274500000000000000000000,0.2374156697409077460,0E-10,0,0E-27,0E-24,-67.437271380600000000000000,0E-24,65.27450000000,-1.925355710859092254000000,BASE_E3,permanent,run_dfea4b7ac1475668d5968c97,168
1654991999999999999,2022-06-11,ETHUSDT,-0.009219090000000000000000,0E-24,0E-19,0E-9,0,0E-27,0E-24,-0.009219090000000000000000,0E-24,0E-11,-0.009219090000000000000000,BASE_E3,permanent,run_dfea4b7ac1475668d5968c97,168
1655078399999999999,2022-06-12,BTCUSDT,-162.100074028600000000000000,161.747000000000000000000000,0.2963688076138504280,0E-10,0,0E-27,0E-24,-162.100074028600000000000000,0E-24,161.74700000000,-0.056705220986149572000000,BASE_E3,permanent,run_dfea4b7ac1475668d5968c97,168
1655078399999999999,2022-06-12,ETHUSDT,-0.006309360000000000000000,0E-24,0E-19,0E-9,0,0E-27,0E-24,-0.006309360000000000000000,0E-24,0E-11,-0.006309360000000000000000,BASE_E3,permanent,run_dfea4b7ac1475668d5968c97,168
1655164799999999999,2022-06-13,BTCUSDT,-399.783132704600000000000000,402.116000000000000000000000,0.0540807264575371000,0E-10,0,0E-27,0E-24,-399.783132704600000000000000,0E-24,402.11600000000,2.386948021857537100000000,BASE_E3,permanent,run_dfea4b7ac1475668d5968c97,168
1655164799999999999,2022-06-13,ETHUSDT,-0.016013520000000000000000,0E-24,0E-19,0E-9,0,0E-27,0E-24,-0.016013520000000000000000,0E-24,0E-11,-0.016013520000000000000000,BASE_E3,permanent,run_dfea4b7ac1475668d5968c97,168
1655251199999999999,2022-06-14,BTCUSDT,-26.234630994800000000000000,24.421911770600000000000000,-0.2425363522533817990,0E-10,0,0E-27,0E-24,-26.234630994800000000000000,0E-24,24.42191177060,-2.055255576453381799000000,BASE_E3,permanent,run_dfea4b7ac1475668d5968c97,168
1655251199999999999,2022-06-14,ETHUSDT,0.000434010000000000000000,0E-24,0E-19,0E-9,0,0E-27,0E-24,0.000434010000000000000000,0E-24,0E-11,0.000434010000000000000000,BASE_E3,permanent,run_dfea4b7ac1475668d5968c97,168
1655337599999999999,2022-06-15,BTCUSDT,62.087377410600000000000000,-60.55082885751999999999999973,-0.2686600006659492720,-1.3862486692,0,0.185748715886422366588479811,0E-24,62.087377410600000000000000,0E-24,-60.55082885751999999999999973,-0.11836011678594927199999973,BASE_E3,permanent,run_dfea4b7ac1475668d5968c97,168
1655337599999999999,2022-06-15,ETHUSDT,0.001790550000000000000000,0E-24,0E-19,0E-9,0,0E-27,0E-24,0.001790550000000000000000,0E-24,0E-11,0.001790550000000000000000,BASE_E3,permanent,run_dfea4b7ac1475668d5968c97,168
1655423999999999999,2022-06-16,BTCUSDT,-303.144681278200000000000000,302.71392235718000000000000000,-0.1460903896006979208,0E-10,0,0E-27,0E-24,-303.144681278200000000000000,0E-24,302.71392235718000000000000000,-0.57684931062069792080000000,BASE_E3,permanent,run_dfea4b7ac1475668d5968c97,168
1655423999999999999,2022-06-16,ETHUSDT,-0.011879040000000000000000,0E-24,0E-19,0E-9,0,0E-27,0E-24,-0.011879040000000000000000,0E-24,0E-11,-0.011879040000000000000000,BASE_E3,permanent,run_dfea4b7ac1475668d5968c97,168
1655510399999999999,2022-06-17,BTCUSDT,12.741258540000000000000000,-12.96451411630000000000000000,-0.1919539150166643140,0E-10,0,0E-27,0E-24,12.741258540000000000000000,0E-24,-12.96451411630000000000000000,-0.41520949131666431400000000,BASE_E3,permanent,run_dfea4b7ac1475668d5968c97,168
1655510399999999999,2022-06-17,ETHUSDT,0.001419330000000000000000,0E-24,0E-19,0E-9,0,0E-27,0E-24,0.001419330000000000000000,0E-24,0E-11,0.001419330000000000000000,BASE_E3,permanent,run_dfea4b7ac1475668d5968c97,168
1655596799999999999,2022-06-18,BTCUSDT,-198.517028220000000000000000,197.73710884604000000000000000,0.4624632609070664050,0E-10,0,0E-27,0E-24,-198.517028220000000000000000,0E-24,197.73710884604000000000000000,-0.31745611305293359500000000,BASE_E3,permanent,run_dfea4b7ac1475668d5968c97,168
1655596799999999999,2022-06-18,ETHUSDT,-0.006160320000000000000000,0E-24,0E-19,0E-9,0,0E-27,0E-24,-0.006160320000000000000000,0E-24,0E-11,-0.006160320000000000000000,BASE_E3,permanent,run_dfea4b7ac1475668d5968c97,168
1655683199999999999,2022-06-19,BTCUSDT,214.102464472800000000000000,-213.74621791468000000000000000,0.1925098105416030660,0E-10,0,0E-27,0E-24,214.102464472800000000000000,0E-24,-213.74621791468000000000000000,0.54875636866160306600000000,BASE_E3,permanent,run_dfea4b7ac1475668d5968c97,168
1655683199999999999,2022-06-19,ETHUSDT,0.009031410000000000000000,0E-24,0E-19,0E-9,0,0E-27,0E-24,0.009031410000000000000000,0E-24,0E-11,0.009031410000000000000000,BASE_E3,permanent,run_dfea4b7ac1475668d5968c97,168
1655769599999999999,2022-06-20,BTCUSDT,-0.226054587000000000000000,0.09330367875000000000000000,0.1830854483989820019,0E-10,0,0E-27,0E-24,-0.226054587000000000000000,0E-24,0.09330367875000000000000000,0.05033454014898200190000000,BASE_E3,permanent,run_dfea4b7ac1475668d5968c97,168
1655769599999999999,2022-06-20,ETHUSDT,0.000001380000000000000000,0E-24,0E-19,0E-9,0,0E-27,0E-24,0.000001380000000000000000,0E-24,0E-11,0.000001380000000000000000,BASE_E3,permanent,run_dfea4b7ac1475668d5968c97,168
1655855999999999999,2022-06-21,BTCUSDT,21.183369843600000000000000,-19.69918576407000000000000000,0.4848709515540782216,0E-10,0,0E-27,0E-24,21.183369843600000000000000,0E-24,-19.69918576407000000000000000,1.96905503108407822160000000,BASE_E3,permanent,run_dfea4b7ac1475668d5968c97,168
1655855999999999999,2022-06-21,ETHUSDT,-0.000152490000000000000000,0E-24,0E-19,0E-9,0,0E-27,0E-24,-0.000152490000000000000000,0E-24,0E-11,-0.000152490000000000000000,BASE_E3,permanent,run_dfea4b7ac1475668d5968c97,168
1655942399999999999,2022-06-22,BTCUSDT,-110.257317383000000000000000,109.04289999999999999999999901,-0.1304688437420000000,-0.2791251473,0,0.038072426712321709620692859,0E-24,-110.257317383000000000000000,0E-24,109.04289999999999999999999901,-1.62401137404200000000000099,BASE_E3,permanent,run_dfea4b7ac1475668d5968c97,168
1655942399999999999,2022-06-22,ETHUSDT,-0.005310240000000000000000,0E-24,0E-19,0E-9,0,0E-27,0E-24,-0.005310240000000000000000,0E-24,0E-11,-0.005310240000000000000000,BASE_E3,permanent,run_dfea4b7ac1475668d5968c97,168
1656028799999999999,2022-06-23,BTCUSDT,165.274807602300000000000000,-164.46146784540000000000000000,-0.1513865295746804196,0E-10,0,0E-27,0E-24,165.274807602300000000000000,0E-24,-164.46146784540000000000000000,0.66195322732531958040000000,BASE_E3,permanent,run_dfea4b7ac1475668d5968c97,168
1656028799999999999,2022-06-23,ETHUSDT,0.006592950000000000000000,0E-24,0E-19,0E-9,0,0E-27,0E-24,0.006592950000000000000000,0E-24,0E-11,0.006592950000000000000000,BASE_E3,permanent,run_dfea4b7ac1475668d5968c97,168
1656115199999999999,2022-06-24,BTCUSDT,15.810748253300000000000000,-17.10413215460000000000000000,0.7952129587582640000,0E-10,0,0E-27,0E-24,15.810748253300000000000000,0E-24,-17.10413215460000000000000000,-0.49817094254173600000000000,BASE_E3,permanent,run_dfea4b7ac1475668d5968c97,168
1656115199999999999,2022-06-24,ETHUSDT,0.005484810000000000000000,0E-24,0E-19,0E-9,0,0E-27,0E-24,0.005484810000000000000000,0E-24,0E-11,0.005484810000000000000000,BASE_E3,permanent,run_dfea4b7ac1475668d5968c97,168
1656201599999999999,2022-06-25,BTCUSDT,38.622377278100000000000000,-39.72660000000000000000000000,0.7011045854078594554,0E-10,0,0E-27,0E-24,38.622377278100000000000000,0E-24,-39.72660000000000000000000000,-0.40311813649214054460000000,BASE_E3,permanent,run_dfea4b7ac1475668d5968c97,168
1656201599999999999,2022-06-25,ETHUSDT,0.001215780000000000000000,0E-24,0E-19,0E-9,0,0E-27,0E-24,0.001215780000000000000000,0E-24,0E-11,0.001215780000000000000000,BASE_E3,permanent,run_dfea4b7ac1475668d5968c97,168
1656287999999999999,2022-06-26,BTCUSDT,-62.729059742800000000000000,64.34846557394000000000000000,0.6468331471582129284,0E-10,0,0E-27,0E-24,-62.729059742800000000000000,0E-24,64.34846557394000000000000000,2.26623897829821292840000000,BASE_E3,permanent,run_dfea4b7ac1475668d5968c97,168
1656287999999999999,2022-06-26,ETHUSDT,-0.002990460000000000000000,0E-24,0E-19,0E-9,0,0E-27,0E-24,-0.002990460000000000000000,0E-24,0E-11,-0.002990460000000000000000,BASE_E3,permanent,run_dfea4b7ac1475668d5968c97,168
1656374399999999999,2022-06-27,BTCUSDT,-46.382477653600000000000000,47.58973442606000000000000000,0.5351224178744371952,0E-10,0,0E-27,0E-24,-46.382477653600000000000000,0E-24,47.58973442606000000000000000,1.74237919033443719520000000,BASE_E3,permanent,run_dfea4b7ac1475668d5968c97,168
1656374399999999999,2022-06-27,ETHUSDT,-0.000414690000000000000000,0E-24,0E-19,0E-9,0,0E-27,0E-24,-0.000414690000000000000000,0E-24,0E-11,-0.000414690000000000000000,BASE_E3,permanent,run_dfea4b7ac1475668d5968c97,168
1656460799999999999,2022-06-28,BTCUSDT,-64.431463701000000000000000,63.22982449766000000000000000,-0.1760732153684684422,0E-10,0,0E-27,0E-24,-64.431463701000000000000000,0E-24,63.22982449766000000000000000,-1.37771241870846844220000000,BASE_E3,permanent,run_dfea4b7ac1475668d5968c97,168
1656460799999999999,2022-06-28,ETHUSDT,-0.003307860000000000000000,0E-24,0E-19,0E-9,0,0E-27,0E-24,-0.003307860000000000000000,0E-24,0E-11,-0.003307860000000000000000,BASE_E3,permanent,run_dfea4b7ac1475668d5968c97,168
1656547199999999999,2022-06-29,BTCUSDT,-24.122742879400000000000000,24.33810645780000000000000000,0.5242245474753988212,0E-10,0,0E-27,0E-24,-24.122742879400000000000000,0E-24,24.33810645780000000000000000,0.73958812587539882120000000,BASE_E3,permanent,run_dfea4b7ac1475668d5968c97,168
1656547199999999999,2022-06-29,ETHUSDT,-0.003040140000000000000000,0E-24,0E-19,0E-9,0,0E-27,0E-24,-0.003040140000000000000000,0E-24,0E-11,-0.003040140000000000000000,BASE_E3,permanent,run_dfea4b7ac1475668d5968c97,168
1656633599999999999,2022-06-30,BTCUSDT,-36.255656166400000000000000,38.18186904454000000000000000,-0.5803696118044361262,0E-10,0,0E-27,0E-24,-36.255656166400000000000000,0E-24,38.18186904454000000000000000,1.34584326633556387380000000,BASE_E3,permanent,run_dfea4b7ac1475668d5968c97,168
1656633599999999999,2022-06-30,ETHUSDT,-0.002047230000000000000000,0E-24,0E-19,0E-9,0,0E-27,0E-24,-0.002047230000000000000000,0E-24,0E-11,-0.002047230000000000000000,BASE_E3,permanent,run_dfea4b7ac1475668d5968c97,168
1656719999999999999,2022-07-01,BTCUSDT,-90.209889332200000000000000,89.04540000000000000000000000,-0.3939481342780288360,0E-10,0,0E-27,0E-24,-90.209889332200000000000000,0E-24,89.04540000000000000000000000,-1.55843746647802883600000000,BASE_E3,permanent,run_dfea4b7ac1475668d5968c97,168
1656719999999999999,2022-07-01,ETHUSDT,-0.000895620000000000000000,0E-24,0E-19,0E-9,0,0E-27,0E-24,-0.000895620000000000000000,0E-24,0E-11,-0.000895620000000000000000,BASE_E3,permanent,run_dfea4b7ac1475668d5968c97,168
1656806399999999999,2022-07-02,BTCUSDT,-1.169490197700000000000000,0.43466596006000000000000000,0.1232081795860000000,0E-10,0,0E-27,0E-24,-1.169490197700000000000000,0E-24,0.43466596006000000000000000,-0.61161605805400000000000000,BASE_E3,permanent,run_dfea4b7ac1475668d5968c97,168
1656806399999999999,2022-07-02,ETHUSDT,0.000590640000000000000000,0E-24,0E-19,0E-9,0,0E-27,0E-24,0.000590640000000000000000,0E-24,0E-11,0.000590640000000000000000,BASE_E3,permanent,run_dfea4b7ac1475668d5968c97,168
1656892799999999999,2022-07-03,BTCUSDT,9.880075115900000000000000,-10.05606596006000000000000000,0.4353088326337546356,0E-10,0,0E-27,0E-24,9.880075115900000000000000,0E-24,-10.05606596006000000000000000,0.25931798847375463560000000,BASE_E3,permanent,run_dfea4b7ac1475668d5968c97,168
1656892799999999999,2022-07-03,ETHUSDT,0.000587880000000000000000,0E-24,0E-19,0E-9,0,0E-27,0E-24,0.000587880000000000000000,0E-24,0E-11,0.000587880000000000000000,BASE_E3,permanent,run_dfea4b7ac1475668d5968c97,168
1656979199999999999,2022-07-04,BTCUSDT,132.082310530500000000000000,-132.55340000000000000000000000,0.4138050445379180736,0E-10,0,0E-27,0E-24,132.082310530500000000000000,0E-24,-132.55340000000000000000000000,-0.05728442496208192640000000,BASE_E3,permanent,run_dfea4b7ac1475668d5968c97,168
1656979199999999999,2022-07-04,ETHUSDT,0.005186730000000000000000,0E-24,0E-19,0E-9,0,0E-27,0E-24,0.005186730000000000000000,0E-24,0E-11,0.005186730000000000000000,BASE_E3,permanent,run_dfea4b7ac1475668d5968c97,168
1657065599999999999,2022-07-05,BTCUSDT,-3.315745616700000000000000,3.02220000000000000000000000,0.4546933070706520000,0E-10,0,0E-27,0E-24,-3.315745616700000000000000,0E-24,3.02220000000000000000000000,0.16114769037065200000000000,BASE_E3,permanent,run_dfea4b7ac1475668d5968c97,168
1657065599999999999,2022-07-05,ETHUSDT,-0.001092960000000000000000,0E-24,0E-19,0E-9,0,0E-27,0E-24,-0.001092960000000000000000,0E-24,0E-11,-0.001092960000000000000000,BASE_E3,permanent,run_dfea4b7ac1475668d5968c97,168
1657151999999999999,2022-07-06,BTCUSDT,53.558562949100000000000000,-53.16819552588000000000000000,0.8350381766425700000,0E-10,0,0E-27,0E-24,53.558562949100000000000000,0E-24,-53.16819552588000000000000000,1.22540559986257000000000000,BASE_E3,permanent,run_dfea4b7ac1475668d5968c97,168
1657151999999999999,2022-07-06,ETHUSDT,0.003633540000000000000000,0E-24,0E-19,0E-9,0,0E-27,0E-24,0.003633540000000000000000,0E-24,0E-11,0.003633540000000000000000,BASE_E3,permanent,run_dfea4b7ac1475668d5968c97,168
1657238399999999999,2022-07-07,BTCUSDT,158.869622212400000000000000,-158.79231106086000000000000000,0.7615041093210320000,0E-10,0,0E-27,0E-24,158.869622212400000000000000,0E-24,-158.79231106086000000000000000,0.83881526086103200000000000,BASE_E3,permanent,run_dfea4b7ac1475668d5968c97,168
1657238399999999999,2022-07-07,ETHUSDT,0.003638370000000000000000,0E-24,0E-19,0E-9,0,0E-27,0E-24,0.003638370000000000000000,0E-24,0E-11,0.003638370000000000000000,BASE_E3,permanent,run_dfea4b7ac1475668d5968c97,168
1657324799999999999,2022-07-08,BTCUSDT,-8.459458433800000000000000,8.11530658674000000000000000,0.6453133809100047760,0E-10,0,0E-27,0E-24,-8.459458433800000000000000,0E-24,8.11530658674000000000000000,0.30116153385000477600000000,BASE_E3,permanent,run_dfea4b7ac1475668d5968c97,168
1657324799999999999,2022-07-08,ETHUSDT,-0.001794000000000000000000,0E-24,0E-19,0E-9,0,0E-27,0E-24,-0.001794000000000000000000,0E-24,0E-11,-0.001794000000000000000000,BASE_E3,permanent,run_dfea4b7ac1475668d5968c97,168
1657411199999999999,2022-07-09,BTCUSDT,-0.798640621900000000000000,1.64980000000000000000000000,0.8245731919594042926,0E-10,0,0E-27,0E-24,-0.798640621900000000000000,0E-24,1.64980000000000000000000000,1.67573257005940429260000000,BASE_E3,permanent,run_dfea4b7ac1475668d5968c97,168
1657411199999999999,2022-07-09,ETHUSDT,0.000242880000000000000000,0E-24,0E-19,0E-9,0,0E-27,0E-24,0.000242880000000000000000,0E-24,0E-11,0.000242880000000000000000,BASE_E3,permanent,run_dfea4b7ac1475668d5968c97,168
1657497599999999999,2022-07-10,BTCUSDT,-108.101191308000000000000000,107.60200000000000000000000000,0.9303454550240000000,0E-10,0,0E-27,0E-24,-108.101191308000000000000000,0E-24,107.60200000000000000000000000,0.43115414702400000000000000,BASE_E3,permanent,run_dfea4b7ac1475668d5968c97,168
1657497599999999999,2022-07-10,ETHUSDT,-0.003453450000000000000000,0E-24,0E-19,0E-9,0,0E-27,0E-24,-0.003453450000000000000000,0E-24,0E-11,-0.003453450000000000000000,BASE_E3,permanent,run_dfea4b7ac1475668d5968c97,168
1657583999999999999,2022-07-11,BTCUSDT,-129.502423914600000000000000,129.60420000000000000000000000,0.6076607433361325536,0E-10,0,0E-27,0E-24,-129.502423914600000000000000,0E-24,129.60420000000000000000000000,0.70943682873613255360000000,BASE_E3,permanent,run_dfea4b7ac1475668d5968c97,168
1657583999999999999,2022-07-11,ETHUSDT,-0.004890030000000000000000,0E-24,0E-19,0E-9,0,0E-27,0E-24,-0.004890030000000000000000,0E-24,0E-11,-0.004890030000000000000000,BASE_E3,permanent,run_dfea4b7ac1475668d5968c97,168
1657670399999999999,2022-07-12,BTCUSDT,-94.271714213600000000000000,94.91954458638000000000000000,0.4958515146462940878,0E-10,0,0E-27,0E-24,-94.271714213600000000000000,0E-24,94.91954458638000000000000000,1.14368188742629408780000000,BASE_E3,permanent,run_dfea4b7ac1475668d5968c97,168
1657670399999999999,2022-07-12,ETHUSDT,-0.004104120000000000000000,0E-24,0E-19,0E-9,0,0E-27,0E-24,-0.004104120000000000000000,0E-24,0E-11,-0.004104120000000000000000,BASE_E3,permanent,run_dfea4b7ac1475668d5968c97,168
1657756799999999999,2022-07-13,BTCUSDT,144.747341119700000000000000,-144.82400851066000000000000080,-0.0519605527485276456,-0.2894767629,0,0.039165582450027502378584751,0E-24,144.747341119700000000000000,0E-24,-144.82400851066000000000000080,-0.41810470660852764560000080,BASE_E3,permanent,run_dfea4b7ac1475668d5968c97,168
1657756799999999999,2022-07-13,ETHUSDT,0.005395800000000000000000,0E-24,0E-19,0E-9,0,0E-27,0E-24,0.005395800000000000000000,0E-24,0E-11,0.005395800000000000000000,BASE_E3,permanent,run_dfea4b7ac1475668d5968c97,168
1657843199999999999,2022-07-14,BTCUSDT,54.010061749600000000000000,-54.13053607572000000000000000,0.4232223628562441928,0E-10,0,0E-27,0E-24,54.010061749600000000000000,0E-24,-54.13053607572000000000000000,0.30274803673624419280000000,BASE_E3,permanent,run_dfea4b7ac1475668d5968c97,168
1657843199999999999,2022-07-14,ETHUSDT,0.005408910000000000000000,0E-24,0E-19,0E-9,0,0E-27,0E-24,0.005408910000000000000000,0E-24,0E-11,0.005408910000000000000000,BASE_E3,permanent,run_dfea4b7ac1475668d5968c97,168
1657929599999999999,2022-07-15,BTCUSDT,37.054013075200000000000000,-37.84560000000000000000000000,0.3946439916573408696,0E-10,0,0E-27,0E-24,37.054013075200000000000000,0E-24,-37.84560000000000000000000000,-0.39694293314265913040000000,BASE_E3,permanent,run_dfea4b7ac1475668d5968c97,168
1657929599999999999,2022-07-15,ETHUSDT,0.002613720000000000000000,0E-24,0E-19,0E-9,0,0E-27,0E-24,0.002613720000000000000000,0E-24,0E-11,0.002613720000000000000000,BASE_E3,permanent,run_dfea4b7ac1475668d5968c97,168
1658015999999999999,2022-07-16,BTCUSDT,60.945988919200000000000000,-60.21600000000000000000000000,0.4791167843691909264,0E-10,0,0E-27,0E-24,60.945988919200000000000000,0E-24,-60.21600000000000000000000000,1.20910570356919092640000000,BASE_E3,permanent,run_dfea4b7ac1475668d5968c97,168
1658015999999999999,2022-07-16,ETHUSDT,0.008718150000000000000000,0E-24,0E-19,0E-9,0,0E-27,0E-24,0.008718150000000000000000,0E-24,0E-11,0.008718150000000000000000,BASE_E3,permanent,run_dfea4b7ac1475668d5968c97,168
1658102399999999999,2022-07-17,BTCUSDT,-67.398304432800000000000000,66.65880000000000000000000000,0.8879945253583560312,0E-10,0,0E-27,0E-24,-67.398304432800000000000000,0E-24,66.65880000000000000000000000,0.14849009255835603120000000,BASE_E3,permanent,run_dfea4b7ac1475668d5968c97,168
1658102399999999999,2022-07-17,ETHUSDT,-0.001367580000000000000000,0E-24,0E-19,0E-9,0,0E-27,0E-24,-0.001367580000000000000000,0E-24,0E-11,-0.001367580000000000000000,BASE_E3,permanent,run_dfea4b7ac1475668d5968c97,168
1658188799999999999,2022-07-18,BTCUSDT,264.803902299200000000000000,-268.75124975400000000000000000,1.0250342852817600000,0E-10,0,0E-27,0E-24,264.803902299200000000000000,0E-24,-268.75124975400000000000000000,-2.92231316951824000000000000,BASE_E3,permanent,run_dfea4b7ac1475668d5968c97,168
1658188799999999999,2022-07-18,ETHUSDT,0.016909140000000000000000,0E-24,0E-19,0E-9,0,0E-27,0E-24,0.016909140000000000000000,0E-24,0E-11,0.016909140000000000000000,BASE_E3,permanent,run_dfea4b7ac1475668d5968c97,168
1658275199999999999,2022-07-19,BTCUSDT,144.434521158400000000000000,-140.63529933180000000000000000,1.0505404903911840000,0E-10,0,0E-27,0E-24,144.434521158400000000000000,0E-24,-140.63529933180000000000000000,4.84976231699118400000000000,BASE_E3,permanent,run_dfea4b7ac1475668d5968c97,168
1658275199999999999,2022-07-19,ETHUSDT,-0.002708940000000000000000,0E-24,0E-19,0E-9,0,0E-27,0E-24,-0.002708940000000000000000,0E-24,0E-11,-0.002708940000000000000000,BASE_E3,permanent,run_dfea4b7ac1475668d5968c97,168
1658361599999999999,2022-07-20,BTCUSDT,-24.754023720000000000000000,24.21054908580000000000000034,0.9195162644929866156,-0.9468989100,0,0.128220904294453390222967580,-117.757052405003384946105489,93.003028685003384946105489,117.072501923076923076923077,-92.86195283727692307692307666,-0.57085727970701338439999966,BASE_E3,permanent,run_dfea4b7ac1475668d5968c97,168
1658361599999999999,2022-07-20,ETHUSDT,-0.001556640000000000000000,0E-24,0E-19,0E-9,0,0E-27,0E-24,-0.001556640000000000000000,0E-24,0E-11,-0.001556640000000000000000,BASE_E3,permanent,run_dfea4b7ac1475668d5968c97,168
1658447999999999999,2022-07-21,BTCUSDT,-11.437473361600000000000000,10.84971554445000000000000000,0.8873492290063920000,0E-10,0,0E-27,0E-24,-11.437473361600000000000000,0E-24,10.84971554445000000000000000,0.29959141185639200000000000,BASE_E3,permanent,run_dfea4b7ac1475668d5968c97,168
1658447999999999999,2022-07-21,ETHUSDT,0.003694950000000000000000,0E-24,0E-19,0E-9,0,0E-27,0E-24,0.003694950000000000000000,0E-24,0E-11,0.003694950000000000000000,BASE_E3,permanent,run_dfea4b7ac1475668d5968c97,168
1658534399999999999,2022-07-22,BTCUSDT,-57.268639176800000000000000,57.99347552949000000000000000,0.7520062013895120000,0E-10,0,0E-27,0E-24,-57.268639176800000000000000,0E-24,57.99347552949000000000000000,1.47684255407951200000000000,BASE_E3,permanent,run_dfea4b7ac1475668d5968c97,168
1658534399999999999,2022-07-22,ETHUSDT,-0.002677200000000000000000,0E-24,0E-19,0E-9,0,0E-27,0E-24,-0.002677200000000000000000,0E-24,0E-11,-0.002677200000000000000000,BASE_E3,permanent,run_dfea4b7ac1475668d5968c97,168
1658620799999999999,2022-07-23,BTCUSDT,-30.682254278400000000000000,30.62870892606000000000000000,0.5810264309331457269,0E-10,0,0E-27,0E-24,-30.682254278400000000000000,0E-24,30.62870892606000000000000000,0.52748107859314572690000000,BASE_E3,permanent,run_dfea4b7ac1475668d5968c97,168
1658620799999999999,2022-07-23,ETHUSDT,0.000908730000000000000000,0E-24,0E-19,0E-9,0,0E-27,0E-24,0.000908730000000000000000,0E-24,0E-11,0.000908730000000000000000,BASE_E3,permanent,run_dfea4b7ac1475668d5968c97,168
1658707199999999999,2022-07-24,BTCUSDT,17.843800083200000000000000,-16.96350000000000000000000000,0.6462123943896090000,0E-10,0,0E-27,0E-24,17.843800083200000000000000,0E-24,-16.96350000000000000000000000,1.52651247758960900000000000,BASE_E3,permanent,run_dfea4b7ac1475668d5968c97,168
1658707199999999999,2022-07-24,ETHUSDT,-5.045749878000000000000000,11.130000316320000000000000,0.3038119560000000000,-4.529643901,0,0.620725626576027445032735469,0E-24,-5.045749878000000000000000,0E-24,11.13000031632,1.858418493320000000000000,BASE_E3,permanent,run_dfea4b7ac1475668d5968c97,168
1658793599999999999,2022-07-25,BTCUSDT,-164.012800388800000000000000,163.50750000000000000000000000,0.3916988654373745542,0E-10,0,0E-27,0E-24,-164.012800388800000000000000,0E-24,163.50750000000000000000000000,-0.11360152336262544580000000,BASE_E3,permanent,run_dfea4b7ac1475668d5968c97,168
1658793599999999999,2022-07-25,ETHUSDT,-296.554679940000000000000000,296.583719683680000000000000,0.4821649443391381848,0E-9,0,0E-27,0E-24,-296.554679940000000000000000,0E-24,296.58371968368,0.511204688019138184800000,BASE_E3,permanent,run_dfea4b7ac1475668d5968c97,168
1658879999999999999,2022-07-26,BTCUSDT,-4.866021827200000000000000,4.96650000000000000000000000,0.6055772765500083702,0E-10,0,0E-27,0E-24,-4.866021827200000000000000,0E-24,4.96650000000000000000000000,0.70605544935000837020000000,BASE_E3,permanent,run_dfea4b7ac1475668d5968c97,168
1658879999999999999,2022-07-26,ETHUSDT,22.910450496000000000000000,-23.625119658120000000000000,0.6288678675132016308,0E-9,0,0E-27,0E-24,22.910450496000000000000000,0E-24,-23.62511965812,-0.085801294606798369200000,BASE_E3,permanent,run_dfea4b7ac1475668d5968c97,168
1658966399999999999,2022-07-27,BTCUSDT,226.676453847000000000000000,-227.21880000000000000000000012,0.3579935213452359336,-0.1911394201,0,0.025997414226707671954838935,0E-24,226.676453847000000000000000,0E-24,-227.21880000000000000000000012,-0.37549205175476406640000012,BASE_E3,permanent,run_dfea4b7ac1475668d5968c97,168
1658966399999999999,2022-07-27,ETHUSDT,347.651013612000000000000000,-347.956200341880000000000000,0.3397163856733847424,0E-9,0,0E-27,0E-24,347.651013612000000000000000,0E-24,-347.95620034188,0.034529655793384742400000,BASE_E3,permanent,run_dfea4b7ac1475668d5968c97,168
1659052799999999999,2022-07-28,BTCUSDT,120.628074547500000000000000,-120.50121512520000000000000000,0.9157592571930900000,0E-10,0,0E-27,0E-24,120.628074547500000000000000,0E-24,-120.50121512520000000000000000,1.04261867949309000000000000,BASE_E3,permanent,run_dfea4b7ac1475668d5968c97,168
1659052799999999999,2022-07-28,ETHUSDT,165.309451194000000000000000,-165.198610763040000000000000,0.9388231886477160000,0E-9,0,0E-27,0E-24,165.309451194000000000000000,0E-24,-165.19861076304,1.049663619607716000000000,BASE_E3,permanent,run_dfea4b7ac1475668d5968c97,168
1659139199999999999,2022-07-29,BTCUSDT,-8.802505300000000000000000,7.07421512520000000000000000,0.9690841726852500000,0E-10,0,0E-27,0E-24,-8.802505300000000000000000,0E-24,7.07421512520000000000000000,-0.75920600211475000000000000,BASE_E3,permanent,run_dfea4b7ac1475668d5968c97,168
1659139199999999999,2022-07-29,ETHUSDT,2.072491410000000000000000,-3.647290367880000000000000,0.9723511427083560000,0E-9,0,0E-27,0E-24,2.072491410000000000000000,0E-24,-3.64729036788,-0.602447815171644000000000,BASE_E3,permanent,run_dfea4b7ac1475668d5968c97,168
1659225599999999999,2022-07-30,BTCUSDT,-20.545479395000000000000000,22.62454570575000000000000000,0.9741728868610500000,0E-10,0,0E-27,0E-24,-20.545479395000000000000000,0E-24,22.62454570575000000000000000,3.05323919761105000000000000,BASE_E3,permanent,run_dfea4b7ac1475668d5968c97,168
1659225599999999999,2022-07-30,ETHUSDT,-58.067441142000000000000000,60.371397501960000000000000,0.8126116694633520000,0E-9,0,0E-27,0E-24,-58.067441142000000000000000,0E-24,60.37139750196,3.116568029423352000000000,BASE_E3,permanent,run_dfea4b7ac1475668d5968c97,168
1659311999999999999,2022-07-31,BTCUSDT,-42.936514732500000000000000,42.68845429425000000000000000,0.8405202606393600000,0E-10,0,0E-27,0E-24,-42.936514732500000000000000,0E-24,42.68845429425000000000000000,0.59245982238936000000000000,BASE_E3,permanent,run_dfea4b7ac1475668d5968c97,168
1659311999999999999,2022-07-31,ETHUSDT,-26.331061486000000000000000,26.006164275230000000000000,0.6299745327209760000,-0.257585855,0,0.035083991298348297934983957,10.070974343298795163000506,-36.402035829298795163000506,-9.677820000000000000000000,35.68398427523,0.047491466950976000000000,BASE_E3,permanent,run_dfea4b7ac1475668d5968c97,168
1659398399999999999,2022-08-01,BTCUSDT,-3.492650492500000000000000,3.41322195330000000000000000,0.8321949535524324660,0E-10,0,0E-27,0E-24,-3.492650492500000000000000,0E-24,3.41322195330000000000000000,0.75276641435243246600000000,BASE_E3,permanent,run_dfea4b7ac1475668d5968c97,168
1659398399999999999,2022-08-01,ETHUSDT,-84.892586391000000000000000,85.214200664960000000000000,0.7830754345417622083,0E-9,0,0E-27,0E-24,-84.892586391000000000000000,0E-24,85.21420066496,1.104689708501762208300000,BASE_E3,permanent,run_dfea4b7ac1475668d5968c97,168
1659484799999999999,2022-08-02,BTCUSDT,-40.982952590000000000000000,42.86477804670000000000000000,0.7970700390365292975,0E-10,0,0E-27,0E-24,-40.982952590000000000000000,0E-24,42.86477804670000000000000000,2.67889549573652929750000000,BASE_E3,permanent,run_dfea4b7ac1475668d5968c97,168
1659484799999999999,2022-08-02,ETHUSDT,-3.316534566000000000000000,4.622338688770000000000000,0.3826998952483700000,0E-9,0,0E-27,0E-24,-3.316534566000000000000000,0E-24,4.62233868877,1.688504018018370000000000,BASE_E3,permanent,run_dfea4b7ac1475668d5968c97,168
1659571199999999999,2022-08-03,BTCUSDT,-18.998290580000000000000000,17.50950000000000000000000000,0.0254883283200000000,0E-10,0,0E-27,0E-24,-18.998290580000000000000000,0E-24,17.50950000000000000000000000,-1.46330225168000000000000000,BASE_E3,permanent,run_dfea4b7ac1475668d5968c97,168
1659571199999999999,2022-08-03,ETHUSDT,-20.255824016000000000000000,18.382730000000000000000000,0.1208894836561569480,0E-9,0,0E-27,0E-24,-20.255824016000000000000000,0E-24,18.38273000000,-1.752204532343843052000000,BASE_E3,permanent,run_dfea4b7ac1475668d5968c97,168
1659657599999999999,2022-08-04,BTCUSDT,-32.706977515000000000000000,32.22697873095000000000000000,0.0935908566845676255,0E-10,0,0E-27,0E-24,-32.706977515000000000000000,0E-24,32.22697873095000000000000000,-0.38640792736543237450000000,BASE_E3,permanent,run_dfea4b7ac1475668d5968c97,168
1659657599999999999,2022-08-04,ETHUSDT,-23.786328554000000000000000,23.585648578210000000000000,0.4622639969412000000,0E-9,0,0E-27,0E-24,-23.786328554000000000000000,0E-24,23.58564857821,0.261584021151200000000000,BASE_E3,permanent,run_dfea4b7ac1475668d5968c97,168
1659743999999999999,2022-08-05,BTCUSDT,93.247152770000000000000000,-92.82542905665000000000000000,0.3292179870028779225,0E-10,0,0E-27,0E-24,93.247152770000000000000000,0E-24,-92.82542905665000000000000000,0.75094170035287792250000000,BASE_E3,permanent,run_dfea4b7ac1475668d5968c97,168
1659743999999999999,2022-08-05,ETHUSDT,231.319370563000000000000000,-231.073358578210000000000000,0.8136141679788920000,0E-9,0,0E-27,0E-24,231.319370563000000000000000,0E-24,-231.07335857821,1.059626152768892000000000,BASE_E3,permanent,run_dfea4b7ac1475668d5968c97,168
1659830399999999999,2022-08-06,BTCUSDT,-49.052365807500000000000000,49.08000491325000000000000000,0.7987453270915514040,0E-10,0,0E-27,0E-24,-49.052365807500000000000000,0E-24,49.08000491325000000000000000,0.82638443284155140400000000,BASE_E3,permanent,run_dfea4b7ac1475668d5968c97,168
1659830399999999999,2022-08-06,ETHUSDT,-83.929721517000000000000000,84.264580000000000000000000,0.9223199528871510000,0E-9,0,0E-27,0E-24,-83.929721517000000000000000,0E-24,84.26458000000,1.257178435887151000000000,BASE_E3,permanent,run_dfea4b7ac1475668d5968c97,168
1659916799999999999,2022-08-07,BTCUSDT,33.569677037500000000000000,-34.16555458755000000000000000,0.3614400439650000000,0E-10,0,0E-27,0E-24,33.569677037500000000000000,0E-24,-34.16555458755000000000000000,-0.23443750608500000000000000,BASE_E3,permanent,run_dfea4b7ac1475668d5968c97,168
1659916799999999999,2022-08-07,ETHUSDT,21.040380580000000000000000,-20.451010000000000000000000,0.3176611478642111018,0E-9,0,0E-27,0E-24,21.040380580000000000000000,0E-24,-20.45101000000,0.907031727864211101800000,BASE_E3,permanent,run_dfea4b7ac1475668d5968c97,168
1660003199999999999,2022-08-08,BTCUSDT,85.089984515000000000000000,-85.19850000000000000000000000,0.7262898992923800600,0E-10,0,0E-27,0E-24,85.089984515000000000000000,0E-24,-85.19850000000000000000000000,0.61777441429238006000000000,BASE_E3,permanent,run_dfea4b7ac1475668d5968c97,168
1660003199999999999,2022-08-08,ETHUSDT,138.046293602000000000000000,-138.349796696910000000000000,0.3628405212139004270,0E-9,0,0E-27,0E-24,138.046293602000000000000000,0E-24,-138.34979669691,0.059337426303900427000000,BASE_E3,permanent,run_dfea4b7ac1475668d5968c97,168
1660089599999999999,2022-08-09,BTCUSDT,-91.014124585000000000000000,91.64814752880000000000000000,0.8879868276120900000,0E-10,0,0E-27,0E-24,-91.014124585000000000000000,0E-24,91.64814752880000000000000000,1.52200977141209000000000000,BASE_E3,permanent,run_dfea4b7ac1475668d5968c97,168
1660089599999999999,2022-08-09,ETHUSDT,-136.174056347000000000000000,135.749316693810000000000000,-0.2511037378781294292,0E-9,0,0E-27,0E-24,-136.174056347000000000000000,0E-24,135.74931669381,-0.675843391068129429200000,BASE_E3,permanent,run_dfea4b7ac1475668d5968c97,168
1660175999999999999,2022-08-10,BTCUSDT,109.784252067500000000000000,-109.68042252510000000000000000,0.2826364092499836000,0E-10,0,0E-27,0E-24,109.784252067500000000000000,0E-24,-109.68042252510000000000000000,0.38646595164998360000000000,BASE_E3,permanent,run_dfea4b7ac1475668d5968c97,168
1660175999999999999,2022-08-10,ETHUSDT,268.532314860000000000000000,-268.618974168640000000000000,-0.0845052670933310000,0E-9,0,0E-27,0E-24,268.532314860000000000000000,0E-24,-268.61897416864,-0.171164575733331000000000,BASE_E3,permanent,run_dfea4b7ac1475668d5968c97,168
1660262399999999999,2022-08-11,BTCUSDT,-0.295666972500000000000000,1.25334960930000000000000000,0.7240692680778047580,0E-10,0,0E-27,0E-24,-0.295666972500000000000000,0E-24,1.25334960930000000000000000,1.68175190487780475800000000,BASE_E3,permanent,run_dfea4b7ac1475668d5968c97,168
1660262399999999999,2022-08-11,ETHUSDT,51.477609097000000000000000,-50.458028808370000000000000,0.5376250517292755947,0E-9,0,0E-27,0E-24,51.477609097000000000000000,0E-24,-50.45802880837,1.557205340359275594700000,BASE_E3,permanent,run_dfea4b7ac1475668d5968c97,168
1660348799999999999,2022-08-12,BTCUSDT,62.667897395000000000000000,-63.07357461300000000000000000,0.2275838913414649500,0E-10,0,0E-27,0E-24,62.667897395000000000000000,0E-24,-63.07357461300000000000000000,-0.17809332665853505000000000,BASE_E3,permanent,run_dfea4b7ac1475668d5968c97,168
1660348799999999999,2022-08-12,ETHUSDT,139.561914237000000000000000,-139.959047019890000000000000,0.5435021041193597902,0E-9,0,0E-27,0E-24,139.561914237000000000000000,0E-24,-139.95904701989,0.146369321229359790200000,BASE_E3,permanent,run_dfea4b7ac1475668d5968c97,168
1660435199999999999,2022-08-13,BTCUSDT,4.737421947500000000000000,-6.31800000000000000000000000,0.2344696697056822650,0E-10,0,0E-27,0E-24,4.737421947500000000000000,0E-24,-6.31800000000000000000000000,-1.34610838279431773500000000,BASE_E3,permanent,run_dfea4b7ac1475668d5968c97,168
1660435199999999999,2022-08-13,ETHUSDT,42.829656062000000000000000,-43.915290000000000000000000,0.5087932423666299048,0E-9,0,0E-27,0E-24,42.829656062000000000000000,0E-24,-43.91529000000,-0.576840695633370095200000,BASE_E3,permanent,run_dfea4b7ac1475668d5968c97,168
1660521599999999999,2022-08-14,BTCUSDT,-20.078352580000000000000000,21.48788348415000000000000000,0.1088394882139279080,0E-10,0,0E-27,0E-24,-20.078352580000000000000000,0E-24,21.48788348415000000000000000,1.51837039236392790800000000,BASE_E3,permanent,run_dfea4b7ac1475668d5968c97,168
1660521599999999999,2022-08-14,ETHUSDT,-66.741486914000000000000000,67.180950000000000000000000,0.4157191482402839316,-0.826078490,0,0.112879949596016067705977198,111.940677129345246283783551,-178.682164043345246283783551,-111.578280000000000000000000,178.75923000000,0.029103744240283931600000,BASE_E3,permanent,run_dfea4b7ac1475668d5968c97,168
1660607999999999999,2022-08-15,BTCUSDT,-27.815646732500000000000000,26.91867597570000000000000000,-0.1323781171409254815,0E-10,0,0E-27,0E-24,-27.815646732500000000000000,0E-24,26.91867597570000000000000000,-1.02934887394092548150000000,BASE_E3,permanent,run_dfea4b7ac1475668d5968c97,168
1660607999999999999,2022-08-15,ETHUSDT,-54.342082431000000000000000,53.199603160830000000000000,-0.2232715190887067862,0E-9,0,0E-27,0E-24,-54.342082431000000000000000,0E-24,53.19960316083,-1.365750789258706786200000,BASE_E3,permanent,run_dfea4b7ac1475668d5968c97,168
1660694399999999999,2022-08-16,BTCUSDT,-30.430746850000000000000000,31.28394054015000000000000000,0.2030873291081566425,0E-10,0,0E-27,0E-24,-30.430746850000000000000000,0E-24,31.28394054015000000000000000,1.05628101925815664250000000,BASE_E3,permanent,run_dfea4b7ac1475668d5968c97,168
1660694399999999999,2022-08-16,ETHUSDT,-31.600200114000000000000000,32.737946839170000000000000,0.0052064875606956885,0E-9,0,0E-27,0E-24,-31.600200114000000000000000,0E-24,32.73794683917,1.142953212730695688500000,BASE_E3,permanent,run_dfea4b7ac1475668d5968c97,168
1660780799999999999,2022-08-17,BTCUSDT,-67.455574787500000000000000,66.78663876609999999999999964,0.3010379433398423300,-0.2860448000,0,0.038491196212267050670726560,-28.809866515771360935233017,-38.645708271728639064766983,28.929635441595441595441595,37.85700332450455840455840464,-0.65394287806015767000000036,BASE_E3,permanent,run_dfea4b7ac1475668d5968c97,168
1660780799999999999,2022-08-17,ETHUSDT,-65.479115709000000000000000,65.505690000000000000000000,0.4681519560465161310,0E-9,0,0E-27,0E-24,-65.479115709000000000000000,0E-24,65.50569000000,0.494726247046516131000000,BASE_E3,permanent,run_dfea4b7ac1475668d5968c97,168
1660867199999999999,2022-08-18,BTCUSDT,-17.692179575000000000000000,17.73836123390000000000000000,0.7593171022121418547,0E-10,0,0E-27,0E-24,-17.692179575000000000000000,0E-24,17.73836123390000000000000000,0.80549876111214185470000000,BASE_E3,permanent,run_dfea4b7ac1475668d5968c97,168
1660867199999999999,2022-08-18,ETHUSDT,19.346445342000000000000000,-19.496280000000000000000000,0.4247789551084316448,0E-9,0,0E-27,0E-24,19.346445342000000000000000,0E-24,-19.49628000000,0.274944297108431644800000,BASE_E3,permanent,run_dfea4b7ac1475668d5968c97,168
1660953599999999999,2022-08-19,BTCUSDT,-299.043557607500000000000000,299.66930955401000000000000000,0.1695370654823232454,0E-10,0,0E-27,0E-24,-299.043557607500000000000000,0E-24,299.66930955401000000000000000,0.79528901199232324540000000,BASE_E3,permanent,run_dfea4b7ac1475668d5968c97,168
1660953599999999999,2022-08-19,ETHUSDT,-356.294519910000000000000000,356.229630000000000000000000,0.4467580473314133645,0E-9,0,0E-27,0E-24,-356.294519910000000000000000,0E-24,356.22963000000,0.381868137331413364500000,BASE_E3,permanent,run_dfea4b7ac1475668d5968c97,168
1661039999999999999,2022-08-20,BTCUSDT,36.809386105000000000000000,-37.62632882898000000000000000,-0.2770075648857452415,0E-10,0,0E-27,0E-24,36.809386105000000000000000,0E-24,-37.62632882898000000000000000,-1.09395028886574524150000000,BASE_E3,permanent,run_dfea4b7ac1475668d5968c97,168
1661039999999999999,2022-08-20,ETHUSDT,-54.070447473000000000000000,53.925694772100000000000000,0.0420673681149748788,0E-9,0,0E-27,0E-24,-54.070447473000000000000000,0E-24,53.92569477210,-0.102685332785025121200000,BASE_E3,permanent,run_dfea4b7ac1475668d5968c97,168
1661126399999999999,2022-08-21,BTCUSDT,48.932275842500000000000000,-48.42898072503000000000000000,-0.2372622990772692536,0E-10,0,0E-27,0E-24,48.932275842500000000000000,0E-24,-48.42898072503000000000000000,0.26603281839273074640000000,BASE_E3,permanent,run_dfea4b7ac1475668d5968c97,168
1661126399999999999,2022-08-21,ETHUSDT,75.009881799000000000000000,-75.111974772100000000000000800,-0.1684857057360000000,-0.943806226,0,0.128913506696348660679232744,0E-24,75.009881799000000000000000,0E-24,-75.111974772100000000000000800,-1.214384904836000000000000800,BASE_E3,permanent,run_dfea4b7ac1475668d5968c97,168
1661212799999999999,2022-08-22,BTCUSDT,-13.923859632500000000000000,14.58701485563000000000000000,-0.1978801976539434466,0E-10,0,0E-27,0E-24,-13.923859632500000000000000,0E-24,14.58701485563000000000000000,0.46527502547605655340000000,BASE_E3,permanent,run_dfea4b7ac1475668d5968c97,168
1661212799999999999,2022-08-22,ETHUSDT,12.738346713000000000000000,-12.621612058720000000000000000,0.2578614322179257488,0E-9,0,0E-27,0E-24,12.738346713000000000000000,0E-24,-12.621612058720000000000000000,0.374596086497925748800000000,BASE_E3,permanent,run_dfea4b7ac1475668d5968c97,168
1661299199999999999,2022-08-23,BTCUSDT,13.805742425000000000000000,-14.37111485563000000000000000,-0.1768393398749011312,0E-10,0,0E-27,0E-24,13.805742425000000000000000,0E-24,-14.37111485563000000000000000,-0.74221177050490113120000000,BASE_E3,permanent,run_dfea4b7ac1475668d5968c97,168
1661299199999999999,2022-08-23,ETHUSDT,73.364499081000000000000000,-72.849021435680000000000000000,-0.1428711009566623440,0E-9,0,0E-27,0E-24,73.364499081000000000000000,0E-24,-72.849021435680000000000000000,0.372606544363337656000000000,BASE_E3,permanent,run_dfea4b7ac1475668d5968c97,168
1661385599999999999,2022-08-24,BTCUSDT,-20.500259457600000000000000,20.72881647695999999999999910,-0.1614979180568628064,-0.2907718502,0,0.038863765225365892133170035,0E-24,-20.500259457600000000000000,0E-24,20.72881647695999999999999910,-0.22371274889686280640000090,BASE_E3,permanent,run_dfea4b7ac1475668d5968c97,168
1661385599999999999,2022-08-24,ETHUSDT,-13.652308809000000000000000,12.852073494400000000000000000,-0.3356482697017439696,0E-9,0,0E-27,0E-24,-13.652308809000000000000000,0E-24,12.852073494400000000000000000,-1.135883584301743969600000000,BASE_E3,permanent,run_dfea4b7ac1475668d5968c97,168
1661471999999999999,2022-08-25,BTCUSDT,27.306474729800000000000000,-27.86676510152000000000000000,0.1808195128237317296,0E-10,0,0E-27,0E-24,27.306474729800000000000000,0E-24,-27.86676510152000000000000000,-0.37947085889626827040000000,BASE_E3,permanent,run_dfea4b7ac1475668d5968c97,168
1661471999999999999,2022-08-25,ETHUSDT,73.764357498000000000000000,-74.063618297760000000000000000,-0.2662490291639976448,0E-9,0,0E-27,0E-24,73.764357498000000000000000,0E-24,-74.063618297760000000000000000,-0.565509828923997644800000000,BASE_E3,permanent,run_dfea4b7ac1475668d5968c97,168
1661558399999999999,2022-08-26,BTCUSDT,-178.227212983400000000000000,178.54294862456000000000000000,0.1168736749032853032,0E-10,0,0E-27,0E-24,-178.227212983400000000000000,0E-24,178.54294862456000000000000000,0.43260931606328530320000000,BASE_E3,permanent,run_dfea4b7ac1475668d5968c97,168
1661558399999999999,2022-08-26,ETHUSDT,-353.074982211000000000000000,353.168792429600000000000000000,0.4974025478632418768,0E-9,0,0E-27,0E-24,-353.074982211000000000000000,0E-24,353.168792429600000000000000000,0.591212766463241876800000000,BASE_E3,permanent,run_dfea4b7ac1475668d5968c97,168
1661644799999999999,2022-08-27,BTCUSDT,-30.433315662400000000000000,30.49921261544000000000000000,-0.3699135160294734624,0E-10,0,0E-27,0E-24,-30.433315662400000000000000,0E-24,30.49921261544000000000000000,-0.30401656298947346240000000,BASE_E3,permanent,run_dfea4b7ac1475668d5968c97,168
1661644799999999999,2022-08-27,ETHUSDT,-36.710810856000000000000000,36.920745868160000000000000000,-1.5793035737277069600,0E-9,0,0E-27,0E-24,-36.710810856000000000000000,0E-24,36.920745868160000000000000000,-1.369368561567706960000000000,BASE_E3,permanent,run_dfea4b7ac1475668d5968c97,168
1661731199999999999,2022-08-28,BTCUSDT,-66.237616467400000000000000,65.84008772424000000000000000,-0.3432451530274938472,0E-10,0,0E-27,0E-24,-66.237616467400000000000000,0E-24,65.84008772424000000000000000,-0.74077389618749384720000000,BASE_E3,permanent,run_dfea4b7ac1475668d5968c97,168
1661731199999999999,2022-08-28,ETHUSDT,-123.137351559000000000000000,122.223836558880000000000000000,-1.4317985243632000000,0E-9,0,0E-27,0E-24,-123.137351559000000000000000,0E-24,122.223836558880000000000000000,-2.345313524483200000000000000,BASE_E3,permanent,run_dfea4b7ac1475668d5968c97,168
1661817599999999999,2022-08-29,BTCUSDT,101.757659005800000000000000,-101.24890033968000000000000000,-0.8046227548960000000,0E-10,0,0E-27,0E-24,101.757659005800000000000000,0E-24,-101.24890033968000000000000000,-0.29586408877600000000000000,BASE_E3,permanent,run_dfea4b7ac1475668d5968c97,168
1661817599999999999,2022-08-29,ETHUSDT,241.876260531000000000000000,-241.025966214880000000000000000,-1.3381351707920000000,0E-9,0,0E-27,0E-24,241.876260531000000000000000,0E-24,-241.025966214880000000000000000,-0.487840854672000000000000000,BASE_E3,permanent,run_dfea4b7ac1475668d5968c97,168
1661903999999999999,2022-08-30,BTCUSDT,-67.484816613200000000000000,67.33360000000000000000000000,-0.2207767480576945744,0E-10,0,0E-27,0E-24,-67.484816613200000000000000,0E-24,67.33360000000000000000000000,-0.37199336125769457440000000,BASE_E3,permanent,run_dfea4b7ac1475668d5968c97,168
1661903999999999999,2022-08-30,ETHUSDT,-55.637442594000000000000000,56.693649656000000000000000000,-0.6499823556545198656,0E-9,0,0E-27,0E-24,-55.637442594000000000000000,0E-24,56.693649656000000000000000000,0.406224706345480134400000000,BASE_E3,permanent,run_dfea4b7ac1475668d5968c97,168
1661990399999999999,2022-08-31,BTCUSDT,34.464614716000000000000000,-34.47600000000000000000000000,0.2384413176828396024,0E-10,0,0E-27,0E-24,34.464614716000000000000000,0E-24,-34.47600000000000000000000000,0.22705603368283960240000000,BASE_E3,permanent,run_dfea4b7ac1475668d5968c97,168
1661990399999999999,2022-08-31,ETHUSDT,60.016844304000000000000000,-60.623360000000000000000000000,-0.1132024943158286240,0E-9,0,0E-27,0E-24,60.016844304000000000000000,0E-24,-60.623360000000000000000000000,-0.719718190315828624000000000,BASE_E3,permanent,run_dfea4b7ac1475668d5968c97,168
1662076799999999999,2022-09-01,BTCUSDT,10.528436563400000000000000,-10.92138276136000000000000000,0.4148536429127231680,0E-10,0,0E-27,0E-24,10.528436563400000000000000,0E-24,-10.92138276136000000000000000,0.02190744495272316800000000,BASE_E3,permanent,run_dfea4b7ac1475668d5968c97,168
1662076799999999999,2022-09-01,ETHUSDT,58.284124497000000000000000,-59.195360000000000000000000000,-0.2444643561608280368,0E-9,0,0E-27,0E-24,58.284124497000000000000000,0E-24,-59.195360000000000000000000000,-1.155699859160828036800000000,BASE_E3,permanent,run_dfea4b7ac1475668d5968c97,168
1662163199999999999,2022-09-02,BTCUSDT,-23.162288422000000000000000,23.47069673320000000000000000,0.3253894926349875144,0E-10,0,0E-27,0E-24,-23.162288422000000000000000,0E-24,23.47069673320000000000000000,0.63379780383498751440000000,BASE_E3,permanent,run_dfea4b7ac1475668d5968c97,168
1662163199999999999,2022-09-02,ETHUSDT,-17.441443332000000000000000,17.186583206240000000000000000,0.2076377046699746560,0E-9,0,0E-27,0E-24,-17.441443332000000000000000,0E-24,17.186583206240000000000000000,-0.047222421090025344000000000,BASE_E3,permanent,run_dfea4b7ac1475668d5968c97,168
1662249599999999999,2022-09-03,BTCUSDT,-17.413198982200000000000000,17.39349227616000000000000000,0.2789487577377815944,0E-10,0,0E-27,0E-24,-17.413198982200000000000000,0E-24,17.39349227616000000000000000,0.25924205169778159440000000,BASE_E3,permanent,run_dfea4b7ac1475668d5968c97,168
1662249599999999999,2022-09-03,ETHUSDT,-36.272870685000000000000000,36.868227721920000000000000000,-0.9540505743423313120,0E-9,0,0E-27,0E-24,-36.272870685000000000000000,0E-24,36.868227721920000000000000000,-0.358693537422331312000000000,BASE_E3,permanent,run_dfea4b7ac1475668d5968c97,168
1662335999999999999,2022-09-04,BTCUSDT,22.151743483800000000000000,-22.08105954248000000000000000,0.2186946769688541648,0E-10,0,0E-27,0E-24,22.151743483800000000000000,0E-24,-22.08105954248000000000000000,0.28937861828885416480000000,BASE_E3,permanent,run_dfea4b7ac1475668d5968c97,168
1662335999999999999,2022-09-04,ETHUSDT,39.262288374000000000000000,-39.278422210720000000000000000,-0.3514438778756655792,0E-9,0,0E-27,0E-24,39.262288374000000000000000,0E-24,-39.278422210720000000000000000,-0.367577714595665579200000000,BASE_E3,permanent,run_dfea4b7ac1475668d5968c97,168
1662422399999999999,2022-09-05,BTCUSDT,-27.830108378800000000000000,27.97425329448000000000000000,0.3328832501050133464,0E-10,0,0E-27,0E-24,-27.830108378800000000000000,0E-24,27.97425329448000000000000000,0.47702816578501334640000000,BASE_E3,permanent,run_dfea4b7ac1475668d5968c97,168
1662422399999999999,2022-09-05,ETHUSDT,72.526700493000000000000000,-72.162948717440000000000000000,-0.4321329774710198096,0E-9,0,0E-27,0E-24,72.526700493000000000000000,0E-24,-72.162948717440000000000000000,-0.068381201911019809600000000,BASE_E3,permanent,run_dfea4b7ac1475668d5968c97,168
1662508799999999999,2022-09-06,BTCUSDT,-134.228385593400000000000000,133.72880000000000000000000000,0.0962711511109880568,0E-10,0,0E-27,0E-24,-134.228385593400000000000000,0E-24,133.72880000000000000000000000,-0.40331444228901194320000000,BASE_E3,permanent,run_dfea4b7ac1475668d5968c97,168
1662508799999999999,2022-09-06,ETHUSDT,-111.084476418000000000000000,111.422080000000000000000000000,-1.0043995325559691104,0E-9,0,0E-27,0E-24,-111.084476418000000000000000,0E-24,111.422080000000000000000000000,-0.666795950555969110400000000,BASE_E3,permanent,run_dfea4b7ac1475668d5968c97,168
1662595199999999999,2022-09-07,BTCUSDT,64.801364173000000000000000,-65.32125186680000000000000000,-0.2392470271120000000,0E-10,0,0E-27,0E-24,64.801364173000000000000000,0E-24,-65.32125186680000000000000000,-0.75913472091200000000000000,BASE_E3,permanent,run_dfea4b7ac1475668d5968c97,168
1662595199999999999,2022-09-07,ETHUSDT,137.475131940000000000000000,-138.630240000000000000000000000,-1.8312804720051726080,0E-9,0,0E-27,0E-24,137.475131940000000000000000,0E-24,-138.630240000000000000000000000,-2.986388532005172608000000000,BASE_E3,permanent,run_dfea4b7ac1475668d5968c97,168
1662681599999999999,2022-09-08,BTCUSDT,6.297204662000000000000000,-5.49999634560000000000000000,0.2512678995600000000,0E-10,0,0E-27,0E-24,6.297204662000000000000000,0E-24,-5.49999634560000000000000000,1.04847621596000000000000000,BASE_E3,permanent,run_dfea4b7ac1475668d5968c97,168
1662681599999999999,2022-09-08,ETHUSDT,10.263032703000000000000000,-9.016195507200000000000000000,-0.1876604074756770800,0E-9,0,0E-27,0E-24,10.263032703000000000000000,0E-24,-9.016195507200000000000000000,1.059176788324322920000000000,BASE_E3,permanent,run_dfea4b7ac1475668d5968c97,168
1662767999999999999,2022-09-09,BTCUSDT,279.011049410800000000000000,-279.48456659576000000000000000,0.6039658477486480000,0E-10,0,0E-27,0E-24,279.011049410800000000000000,0E-24,-279.48456659576000000000000000,0.13044866278864800000000000,BASE_E3,permanent,run_dfea4b7ac1475668d5968c97,168
1662767999999999999,2022-09-09,ETHUSDT,160.743083634000000000000000,-161.334684492800000000000000000,-0.7899550878004741200,0E-9,0,0E-27,0E-24,160.743083634000000000000000,0E-24,-161.334684492800000000000000000,-1.381555946600474120000000000,BASE_E3,permanent,run_dfea4b7ac1475668d5968c97,168
1662854399999999999,2022-09-10,BTCUSDT,39.335087695400000000000000,-39.24024750032000000000000000,0.8613966436174080000,0E-10,0,0E-27,0E-24,39.335087695400000000000000,0E-24,-39.24024750032000000000000000,0.95623683869740800000000000,BASE_E3,permanent,run_dfea4b7ac1475668d5968c97,168
1662854399999999999,2022-09-10,ETHUSDT,106.133848398000000000000000,-105.995680000000000000000000000,-1.3588386940235742880,0E-9,0,0E-27,0E-24,106.133848398000000000000000,0E-24,-105.995680000000000000000000000,-1.220670296023574288000000000,BASE_E3,permanent,run_dfea4b7ac1475668d5968c97,168
1662940799999999999,2022-09-11,BTCUSDT,17.217346396600000000000000,-17.10753769152000000000000000,0.7006294602135699880,0E-10,0,0E-27,0E-24,17.217346396600000000000000,0E-24,-17.10753769152000000000000000,0.81043816529356998800000000,BASE_E3,permanent,run_dfea4b7ac1475668d5968c97,168
1662940799999999999,2022-09-11,ETHUSDT,-24.255588357000000000000000,24.971519999999999999999999850,-1.9107612088051496912,-0.483019350,0,0.067243032310955360792915292,29.347803765247658922624304,-53.603392122247658922624304,-29.079106559873949579831933,54.050626559873949579831932850,-1.677848915805149691200000150,BASE_E3,permanent,run_dfea4b7ac1475668d5968c97,168
1663027199999999999,2022-09-12,BTCUSDT,81.104731836800000000000000,-80.82002169440000000000000000,0.8463764888014548128,0E-10,0,0E-27,0E-24,81.104731836800000000000000,0E-24,-80.82002169440000000000000000,1.13108663120145481280000000,BASE_E3,permanent,run_dfea4b7ac1475668d5968c97,168
1663027199999999999,2022-09-12,ETHUSDT,-80.478060852000000000000000,80.456750000000000000000000000,-3.0231504328769014072,0E-9,0,0E-27,0E-24,-80.478060852000000000000000,0E-24,80.456750000000000000000000000,-3.044461284876901407200000000,BASE_E3,permanent,run_dfea4b7ac1475668d5968c97,168
1663113599999999999,2022-09-13,BTCUSDT,-301.037664853800000000000000,301.07202169440000000000000000,0.8894098061339440000,0E-10,0,0E-27,0E-24,-301.037664853800000000000000,0E-24,301.07202169440000000000000000,0.92376664673394400000000000,BASE_E3,permanent,run_dfea4b7ac1475668d5968c97,168
1663113599999999999,2022-09-13,ETHUSDT,-244.239555507000000000000000,246.257890000000000000000000000,-3.5314909470405858332,0E-9,0,0E-27,0E-24,-244.239555507000000000000000,0E-24,246.257890000000000000000000000,-1.513156454040585833200000000,BASE_E3,permanent,run_dfea4b7ac1475668d5968c97,168
1663199999999999999,2022-09-14,BTCUSDT,7.510336170100000000000000,-7.55660000000000000000000094,-0.0559619054779002824,-0.4230736276,0,0.057319729605523204929464310,0E-24,7.510336170100000000000000,0E-24,-7.55660000000000000000000094,-0.52529936297790028240000094,BASE_E3,permanent,run_dfea4b7ac1475668d5968c97,168
1663199999999999999,2022-09-14,ETHUSDT,107.533559496000000000000000,-105.893130000000000000000000000,-12.7829592876520971104,0E-9,0,0E-27,0E-24,107.533559496000000000000000,0E-24,-105.893130000000000000000000000,-11.142529791652097110400000000,BASE_E3,permanent,run_dfea4b7ac1475668d5968c97,168
1663286399999999999,2022-09-15,BTCUSDT,-78.089462343400000000000000,78.18000000000000000000000000,0.3367807510439604450,0E-10,0,0E-27,0E-24,-78.089462343400000000000000,0E-24,78.18000000000000000000000000,0.42731840764396044500000000,BASE_E3,permanent,run_dfea4b7ac1475668d5968c97,168
1663286399999999999,2022-09-15,ETHUSDT,-283.514776821000000000000000,278.526640000000000000000000000,-14.8915826206131138592,0E-9,0,0E-27,0E-24,-283.514776821000000000000000,0E-24,278.526640000000000000000000000,-19.879719441613113859200000000,BASE_E3,permanent,run_dfea4b7ac1475668d5968c97,168
1663372799999999999,2022-09-16,BTCUSDT,15.322983169500000000000000,-14.44500000000000000000000000,0.4526884037841548100,0E-10,0,0E-27,0E-24,15.322983169500000000000000,0E-24,-14.44500000000000000000000000,1.33067157328415481000000000,BASE_E3,permanent,run_dfea4b7ac1475668d5968c97,168
1663372799999999999,2022-09-16,ETHUSDT,-66.571672236000000000000000,67.772980000000000000000000000,0.2242307292460083880,0E-9,0,0E-27,0E-24,-66.571672236000000000000000,0E-24,67.772980000000000000000000000,1.425538493246008388000000000,BASE_E3,permanent,run_dfea4b7ac1475668d5968c97,168
1663459199999999999,2022-09-17,BTCUSDT,47.567999930300000000000000,-48.76500000000000000000000000,0.2626997420595079200,0E-10,0,0E-27,0E-24,47.567999930300000000000000,0E-24,-48.76500000000000000000000000,-0.93430032764049208000000000,BASE_E3,permanent,run_dfea4b7ac1475668d5968c97,168
1663459199999999999,2022-09-17,ETHUSDT,63.095075082000000000000000,-64.279350000000000000000000000,0.4797319622470744698,0E-9,0,0E-27,0E-24,63.095075082000000000000000,0E-24,-64.279350000000000000000000000,-0.704542955752925530200000000,BASE_E3,permanent,run_dfea4b7ac1475668d5968c97,168
1663545599999999999,2022-09-18,BTCUSDT,-104.626799127700000000000000,104.67068160750000000000000000,0.5347984530280686600,0E-10,0,0E-27,0E-24,-104.626799127700000000000000,0E-24,104.67068160750000000000000000,0.57868093282806866000000000,BASE_E3,permanent,run_dfea4b7ac1475668d5968c97,168
1663545599999999999,2022-09-18,ETHUSDT,-231.830513190000000000000000,232.025220000000000000000000000,0.3817380181352539366,0E-9,0,0E-27,0E-24,-231.830513190000000000000000,0E-24,232.025220000000000000000000000,0.576444828135253936600000000,BASE_E3,permanent,run_dfea4b7ac1475668d5968c97,168
1663631999999999999,2022-09-19,BTCUSDT,16.998536003600000000000000,-16.84568160750000000000000000,-0.1357912815673769700,0E-10,0,0E-27,0E-24,16.998536003600000000000000,0E-24,-16.84568160750000000000000000,0.01706311453262303000000000,BASE_E3,permanent,run_dfea4b7ac1475668d5968c97,168
1663631999999999999,2022-09-19,ETHUSDT,69.549153957000000000000000,-69.476770000000000000000000000,-0.4717045103718712084,0E-9,0,0E-27,0E-24,69.549153957000000000000000,0E-24,-69.476770000000000000000000000,-0.399320553371871208400000000,BASE_E3,permanent,run_dfea4b7ac1475668d5968c97,168
1663718399999999999,2022-09-20,BTCUSDT,-99.361633104700000000000000,99.21163674750000000000000000,0.4484496629293254000,0E-10,0,0E-27,0E-24,-99.361633104700000000000000,0E-24,99.21163674750000000000000000,0.29845330572932540000000000,BASE_E3,permanent,run_dfea4b7ac1475668d5968c97,168
1663718399999999999,2022-09-20,ETHUSDT,-91.234858977000000000000000,90.718850061660000000000000000,-0.5311996886474519498,0E-9,0,0E-27,0E-24,-91.234858977000000000000000,0E-24,90.718850061660000000000000000,-1.047208603987451949800000000,BASE_E3,permanent,run_dfea4b7ac1475668d5968c97,168
1663804799999999999,2022-09-21,BTCUSDT,-56.049267364500000000000000,55.76961750450000000000000000,0.2673450399000000000,0E-10,0,0E-27,0E-24,-56.049267364500000000000000,0E-24,55.76961750450000000000000000,-0.01230482010000000000000000,BASE_E3,permanent,run_dfea4b7ac1475668d5968c97,168
1663804799999999999,2022-09-21,ETHUSDT,-124.968177897000000000000000,125.477783371410000000000000000,-0.3168261072951444036,0E-9,0,0E-27,0E-24,-124.968177897000000000000000,0E-24,125.477783371410000000000000000,0.192779367114855596400000000,BASE_E3,permanent,run_dfea4b7ac1475668d5968c97,168
1663891199999999999,2022-09-22,BTCUSDT,135.559274501000000000000000,-134.80625425200000000000000000,-0.3018532158841650600,0E-10,0,0E-27,0E-24,135.559274501000000000000000,0E-24,-134.80625425200000000000000000,0.45116703311583494000000000,BASE_E3,permanent,run_dfea4b7ac1475668d5968c97,168
1663891199999999999,2022-09-22,ETHUSDT,130.630556430000000000000000,-130.531077400330000000000000000,-1.3199449331098014197,0E-9,0,0E-27,0E-24,130.630556430000000000000000,0E-24,-130.531077400330000000000000000,-1.220465903439801419700000000,BASE_E3,permanent,run_dfea4b7ac1475668d5968c97,168
1663977599999999999,2022-09-23,BTCUSDT,-16.638524651600000000000000,15.58833311550000000000000000,0.1559919311128917600,0E-10,0,0E-27,0E-24,-16.638524651600000000000000,0E-24,15.58833311550000000000000000,-0.89419960498710824000000000,BASE_E3,permanent,run_dfea4b7ac1475668d5968c97,168
1663977599999999999,2022-09-23,ETHUSDT,3.579862416000000000000000,-3.850647250760000000000000000,-0.2544845808126000000,0E-9,0,0E-27,0E-24,3.579862416000000000000000,0E-24,-3.850647250760000000000000000,-0.525269415572600000000000000,BASE_E3,permanent,run_dfea4b7ac1475668d5968c97,168
1664063999999999999,2022-09-24,BTCUSDT,-55.150739031800000000000000,56.09426189100000000000000000,0.2862354115247694300,0E-10,0,0E-27,0E-24,-55.150739031800000000000000,0E-24,56.09426189100000000000000000,1.22975827072476943000000000,BASE_E3,permanent,run_dfea4b7ac1475668d5968c97,168
1664063999999999999,2022-09-24,ETHUSDT,-18.019788219000000000000000,18.247834180560000000000000000,-0.0513719689988203600,0E-9,0,0E-27,0E-24,-18.019788219000000000000000,0E-24,18.247834180560000000000000000,0.176673992561179640000000000,BASE_E3,permanent,run_dfea4b7ac1475668d5968c97,168
1664150399999999999,2022-09-25,BTCUSDT,-20.363142097500000000000000,20.16240499350000000000000000,0.2067683116188683550,0E-10,0,0E-27,0E-24,-20.363142097500000000000000,0E-24,20.16240499350000000000000000,0.00603120761886835500000000,BASE_E3,permanent,run_dfea4b7ac1475668d5968c97,168
1664150399999999999,2022-09-25,ETHUSDT,-41.805220233000000000000000,41.954177037460000000000000000,-0.0855088262060160259,0E-9,0,0E-27,0E-24,-41.805220233000000000000000,0E-24,41.954177037460000000000000000,0.063447978253983974100000000,BASE_E3,permanent,run_dfea4b7ac1475668d5968c97,168
1664236799999999999,2022-09-26,BTCUSDT,65.540066631600000000000000,-65.23500000000000000000000000,0.2150661827510655750,0E-10,0,0E-27,0E-24,65.540066631600000000000000,0E-24,-65.23500000000000000000000000,0.52013281435106557500000000,BASE_E3,permanent,run_dfea4b7ac1475668d5968c97,168
1664236799999999999,2022-09-26,ETHUSDT,75.314797752000000000000000,-75.512234013380000000000000000,0.2008199891881275990,0E-9,0,0E-27,0E-24,75.314797752000000000000000,0E-24,-75.512234013380000000000000000,0.003383727808127599000000000,BASE_E3,permanent,run_dfea4b7ac1475668d5968c97,168
1664323199999999999,2022-09-27,BTCUSDT,-17.526552653200000000000000,17.11028607300000000000000000,0.6219811380000000000,0E-10,0,0E-27,0E-24,-17.526552653200000000000000,0E-24,17.11028607300000000000000000,0.20571455780000000000000000,BASE_E3,permanent,run_dfea4b7ac1475668d5968c97,168
1664323199999999999,2022-09-27,ETHUSDT,-11.410811451000000000000000,11.611504013380000000000000000,0.1232940968036266382,0E-9,0,0E-27,0E-24,-11.410811451000000000000000,0E-24,11.611504013380000000000000000,0.323986659183626638200000000,BASE_E3,permanent,run_dfea4b7ac1475668d5968c97,168
1664409599999999999,2022-09-28,BTCUSDT,45.323929169500000000000000,-45.56528607300000000000000000,0.1583046698072836800,0E-10,0,0E-27,0E-24,45.323929169500000000000000,0E-24,-45.56528607300000000000000000,-0.08305223369271632000000000,BASE_E3,permanent,run_dfea4b7ac1475668d5968c97,168
1664409599999999999,2022-09-28,ETHUSDT,12.426253194000000000000000,-12.873080000000000000000000000,-0.2486907972793575318,0E-9,0,0E-27,0E-24,12.426253194000000000000000,0E-24,-12.873080000000000000000000000,-0.695517603279357531800000000,BASE_E3,permanent,run_dfea4b7ac1475668d5968c97,168
1664495999999999999,2022-09-29,BTCUSDT,27.447865495400000000000000,-27.79831615950000000000000000,0.5805631405303086000,0E-10,0,0E-27,0E-24,27.447865495400000000000000,0E-24,-27.79831615950000000000000000,0.23011247643030860000000000,BASE_E3,permanent,run_dfea4b7ac1475668d5968c97,168
1664495999999999999,2022-09-29,ETHUSDT,-3.338910138000000000000000,3.609457550870000000000000000,0.4145196293302644495,0E-9,0,0E-27,0E-24,-3.338910138000000000000000,0E-24,3.609457550870000000000000000,0.685067042200264449500000000,BASE_E3,permanent,run_dfea4b7ac1475668d5968c97,168
1664582399999999999,2022-09-30,BTCUSDT,-26.166825101200000000000000,27.15331615950000000000000000,0.8833573486516500000,0E-10,0,0E-27,0E-24,-26.166825101200000000000000,0E-24,27.15331615950000000000000000,1.86984840695165000000000000,BASE_E3,permanent,run_dfea4b7ac1475668d5968c97,168
1664582399999999999,2022-09-30,ETHUSDT,-12.856525119000000000000000,12.808882449130000000000000000,0.4247618755179185040,0E-9,0,0E-27,0E-24,-12.856525119000000000000000,0E-24,12.808882449130000000000000000,0.377119205647918504000000000,BASE_E3,permanent,run_dfea4b7ac1475668d5968c97,168
1664668799999999999,2022-10-01,BTCUSDT,-16.377516421400000000000000,15.67500000000000000000000000,0.5857388801924544000,0E-10,0,0E-27,0E-24,-16.377516421400000000000000,0E-24,15.67500000000000000000000000,-0.11677754120754560000000000,BASE_E3,permanent,run_dfea4b7ac1475668d5968c97,168
1664668799999999999,2022-10-01,ETHUSDT,-28.965905991000000000000000,28.448130000000000000000000000,0.4602216060031832378,0E-9,0,0E-27,0E-24,-28.965905991000000000000000,0E-24,28.448130000000000000000000000,-0.057554384996816762200000000,BASE_E3,permanent,run_dfea4b7ac1475668d5968c97,168
1664755199999999999,2022-10-02,BTCUSDT,-39.298239165400000000000000,39.33000000000000000000000000,0.4461352895097607800,0E-10,0,0E-27,0E-24,-39.298239165400000000000000,0E-24,39.33000000000000000000000000,0.47789612410976078000000000,BASE_E3,permanent,run_dfea4b7ac1475668d5968c97,168
1664755199999999999,2022-10-02,ETHUSDT,-62.933999694000000000000000,63.221589999999999999999999332,0.0780643059189769245,-0.031498000,0,0.004326793526438217220899248,0E-24,-62.933999694000000000000000,0E-24,63.221589999999999999999999332,0.334156611918976924499999332,BASE_E3,permanent,run_dfea4b7ac1475668d5968c97,168
1664841599999999999,2022-10-03,BTCUSDT,86.426725236800000000000000,-86.25499464450000000000000000,0.6435176067630551400,0E-10,0,0E-27,0E-24,86.426725236800000000000000,0E-24,-86.25499464450000000000000000,0.81524819906305514000000000,BASE_E3,permanent,run_dfea4b7ac1475668d5968c97,168
1664841599999999999,2022-10-03,ETHUSDT,82.371940014000000000000000,-82.603157128470000000000000000,-0.0222809499252000000,0E-9,0,0E-27,0E-24,82.371940014000000000000000,0E-24,-82.603157128470000000000000000,-0.253498064395200000000000000,BASE_E3,permanent,run_dfea4b7ac1475668d5968c97,168
1664927999999999999,2022-10-04,BTCUSDT,106.443356408000000000000000,-106.79500535550000000000000000,0.8951127368598000000,0E-10,0,0E-27,0E-24,106.443356408000000000000000,0E-24,-106.79500535550000000000000000,0.54346378935980000000000000,BASE_E3,permanent,run_dfea4b7ac1475668d5968c97,168
1664927999999999999,2022-10-04,ETHUSDT,66.912001884000000000000000,-66.653390061450000000000000000,0.4989957719771250000,0E-9,0,0E-27,0E-24,66.912001884000000000000000,0E-24,-66.653390061450000000000000000,0.757607594527125000000000000,BASE_E3,permanent,run_dfea4b7ac1475668d5968c97,168
1665014399999999999,2022-10-05,BTCUSDT,-25.913317107500000000000000,26.05500000000000000000000000,0.9081555000000000000,0E-10,0,0E-27,0E-24,-25.913317107500000000000000,0E-24,26.05500000000000000000000000,1.04983839250000000000000000,BASE_E3,permanent,run_dfea4b7ac1475668d5968c97,168
1665014399999999999,2022-10-05,ETHUSDT,-15.338343111000000000000000,15.351217189920000000000000000,-0.0185755792940728308,0E-9,0,0E-27,0E-24,-15.338343111000000000000000,0E-24,15.351217189920000000000000000,-0.005701500374072830800000000,BASE_E3,permanent,run_dfea4b7ac1475668d5968c97,168
1665100799999999999,2022-10-06,BTCUSDT,-30.956476130100000000000000,31.05124267800000000000000000,0.9056097621661500000,0E-10,0,0E-27,0E-24,-30.956476130100000000000000,0E-24,31.05124267800000000000000000,1.00037631006615000000000000,BASE_E3,permanent,run_dfea4b7ac1475668d5968c97,168
1665100799999999999,2022-10-06,ETHUSDT,-0.746940831000000000000000,0.555840000000000000000000000,0.1528558936284976056,0E-9,0,0E-27,0E-24,-0.746940831000000000000000,0E-24,0.555840000000000000000000000,-0.038244937371502394400000000,BASE_E3,permanent,run_dfea4b7ac1475668d5968c97,168
1665187199999999999,2022-10-07,BTCUSDT,-62.836981397000000000000000,62.59286112750000000000000000,0.8186547946116000000,0E-10,0,0E-27,0E-24,-62.836981397000000000000000,0E-24,62.59286112750000000000000000,0.57453452511160000000000000,BASE_E3,permanent,run_dfea4b7ac1475668d5968c97,168
1665187199999999999,2022-10-07,ETHUSDT,-35.853159888000000000000000,35.343862126830000000000000000,0.1361456738213971824,0E-9,0,0E-27,0E-24,-35.853159888000000000000000,0E-24,35.343862126830000000000000000,-0.373152087348602817600000000,BASE_E3,permanent,run_dfea4b7ac1475668d5968c97,168
1665273599999999999,2022-10-08,BTCUSDT,-18.504583492800000000000000,19.02089619450000000000000000,0.4487065028267586000,0E-10,0,0E-27,0E-24,-18.504583492800000000000000,0E-24,19.02089619450000000000000000,0.96501920452675860000000000,BASE_E3,permanent,run_dfea4b7ac1475668d5968c97,168
1665273599999999999,2022-10-08,ETHUSDT,-28.279527276000000000000000,29.247220629180000000000000000,0.5035389657125742657,0E-9,0,0E-27,0E-24,-28.279527276000000000000000,0E-24,29.247220629180000000000000000,1.471232318892574265700000000,BASE_E3,permanent,run_dfea4b7ac1475668d5968c97,168
1665359999999999999,2022-10-09,BTCUSDT,4.617145589400000000000000,-4.61564346150000000000000000,0.2033068586996642250,0E-10,0,0E-27,0E-24,4.617145589400000000000000,0E-24,-4.61564346150000000000000000,0.20480898659966422500000000,BASE_E3,permanent,run_dfea4b7ac1475668d5968c97,168
1665359999999999999,2022-10-09,ETHUSDT,13.896573600000000000000000,-14.200712756010000000000000000,0.0116922734528163228,0E-9,0,0E-27,0E-24,13.896573600000000000000000,0E-24,-14.200712756010000000000000000,-0.292446882557183677200000000,BASE_E3,permanent,run_dfea4b7ac1475668d5968c97,168
1665446399999999999,2022-10-10,BTCUSDT,-46.894478692600000000000000,46.55564346150000000000000000,0.6474975905836971150,0E-10,0,0E-27,0E-24,-46.894478692600000000000000,0E-24,46.55564346150000000000000000,0.30866235948369711500000000,BASE_E3,permanent,run_dfea4b7ac1475668d5968c97,168
1665446399999999999,2022-10-10,ETHUSDT,-57.705521874000000000000000,57.157496641620000000000000000,0.2261855741022918144,0E-9,0,0E-27,0E-24,-57.705521874000000000000000,0E-24,57.157496641620000000000000000,-0.321839658277708185600000000,BASE_E3,permanent,run_dfea4b7ac1475668d5968c97,168
1665532799999999999,2022-10-11,BTCUSDT,-11.436360615200000000000000,11.19937460400000000000000000,0.8600472082080000000,0E-10,0,0E-27,0E-24,-11.436360615200000000000000,0E-24,11.19937460400000000000000000,0.62306119700800000000000000,BASE_E3,permanent,run_dfea4b7ac1475668d5968c97,168
1665532799999999999,2022-10-11,ETHUSDT,-17.579165604000000000000000,17.898273358380000000000000000,0.3378799666191428478,0E-9,0,0E-27,0E-24,-17.579165604000000000000000,0E-24,17.898273358380000000000000000,0.656987720999142847800000000,BASE_E3,permanent,run_dfea4b7ac1475668d5968c97,168
1665619199999999999,2022-10-12,BTCUSDT,15.012473378400000000000000,-14.78437460400000000000000000,0.8593744500814500000,0E-10,0,0E-27,0E-24,15.012473378400000000000000,0E-24,-14.78437460400000000000000000,1.08747322448145000000000000,BASE_E3,permanent,run_dfea4b7ac1475668d5968c97,168
1665619199999999999,2022-10-12,ETHUSDT,25.743402594000000000000000,-25.933410000000000000000000000,0.1770077453583841938,0E-9,0,0E-27,0E-24,25.743402594000000000000000,0E-24,-25.933410000000000000000000000,-0.012999660641615806200000000,BASE_E3,permanent,run_dfea4b7ac1475668d5968c97,168
1665705599999999999,2022-10-13,BTCUSDT,34.466586812100000000000000,-33.93000000000000000000000000,0.6113459203157567100,0E-10,0,0E-27,0E-24,34.466586812100000000000000,0E-24,-33.93000000000000000000000000,1.14793273241575671000000000,BASE_E3,permanent,run_dfea4b7ac1475668d5968c97,168
1665705599999999999,2022-10-13,ETHUSDT,-11.603638956000000000000000,12.037410000000000000000000000,-0.4494331883750534514,0E-9,0,0E-27,0E-24,-11.603638956000000000000000,0E-24,12.037410000000000000000000000,-0.015662144375053451400000000,BASE_E3,permanent,run_dfea4b7ac1475668d5968c97,168
1665791999999999999,2022-10-14,BTCUSDT,-30.773470359500000000000000,30.43758969600000000000000000,0.6321709330231464750,0E-10,0,0E-27,0E-24,-30.773470359500000000000000,0E-24,30.43758969600000000000000000,0.29629026952314647500000000,BASE_E3,permanent,run_dfea4b7ac1475668d5968c97,168
1665791999999999999,2022-10-14,ETHUSDT,15.286230960000000000000000,-15.158204442270000000000000000,0.4614745957056529200,0E-9,0,0E-27,0E-24,15.286230960000000000000000,0E-24,-15.158204442270000000000000000,0.589501113435652920000000000,BASE_E3,permanent,run_dfea4b7ac1475668d5968c97,168
1665878399999999999,2022-10-15,BTCUSDT,-17.234043429700000000000000,17.27741030400000000000000000,0.3634005437090835450,0E-10,0,0E-27,0E-24,-17.234043429700000000000000,0E-24,17.27741030400000000000000000,0.40676741800908354500000000,BASE_E3,permanent,run_dfea4b7ac1475668d5968c97,168
1665878399999999999,2022-10-15,ETHUSDT,-38.597733174000000000000000,38.729294442270000000000000000,0.1037107281468772143,0E-9,0,0E-27,0E-24,-38.597733174000000000000000,0E-24,38.729294442270000000000000000,0.235271996416877214300000000,BASE_E3,permanent,run_dfea4b7ac1475668d5968c97,168
1665964799999999999,2022-10-16,BTCUSDT,29.607933607400000000000000,-29.11676754900000000000000000,0.1889174029438633200,0E-10,0,0E-27,0E-24,29.607933607400000000000000,0E-24,-29.11676754900000000000000000,0.68008346134386332000000000,BASE_E3,permanent,run_dfea4b7ac1475668d5968c97,168
1665964799999999999,2022-10-16,ETHUSDT,54.648275682000000000000000,-55.087521002280000000000000000,-0.0088915740307916607,0E-9,0,0E-27,0E-24,54.648275682000000000000000,0E-24,-55.087521002280000000000000000,-0.448136894310791660700000000,BASE_E3,permanent,run_dfea4b7ac1475668d5968c97,168
1666051199999999999,2022-10-17,BTCUSDT,43.153360726400000000000000,-43.79823245100000000000000000,0.3387121869108271800,0E-10,0,0E-27,0E-24,43.153360726400000000000000,0E-24,-43.79823245100000000000000000,-0.30615953768917282000000000,BASE_E3,permanent,run_dfea4b7ac1475668d5968c97,168
1666051199999999999,2022-10-17,ETHUSDT,44.277957633000000000000000,-43.973588997720000000000000000,0.2283733602348059070,0E-9,0,0E-27,0E-24,44.277957633000000000000000,0E-24,-43.973588997720000000000000000,0.532741995514805907000000000,BASE_E3,permanent,run_dfea4b7ac1475668d5968c97,168
1666137599999999999,2022-10-18,BTCUSDT,-32.356020261000000000000000,32.47500000000000000000000000,0.8784335775204000000,0E-10,0,0E-27,0E-24,-32.356020261000000000000000,0E-24,32.47500000000000000000000000,0.99741331652040000000000000,BASE_E3,permanent,run_dfea4b7ac1475668d5968c97,168
1666137599999999999,2022-10-18,ETHUSDT,-35.870530605000000000000000,35.903790000000000000000000000,0.4697950218332674824,0E-9,0,0E-27,0E-24,-35.870530605000000000000000,0E-24,35.903790000000000000000000000,0.503054416833267482400000000,BASE_E3,permanent,run_dfea4b7ac1475668d5968c97,168
1666223999999999999,2022-10-19,BTCUSDT,-31.373489279500000000000000,30.85007011200000000000000000,0.7972868082754500000,0E-10,0,0E-27,0E-24,-31.373489279500000000000000,0E-24,30.85007011200000000000000000,0.27386764077545000000000000,BASE_E3,permanent,run_dfea4b7ac1475668d5968c97,168
1666223999999999999,2022-10-19,ETHUSDT,-44.434294086000000000000000,43.766766040500000000000000000,0.4709470870974150000,0E-9,0,0E-27,0E-24,-44.434294086000000000000000,0E-24,43.766766040500000000000000000,-0.196580958402585000000000000,BASE_E3,permanent,run_dfea4b7ac1475668d5968c97,168
1666310399999999999,2022-10-20,BTCUSDT,-12.253886393700000000000000,12.50012107650000000000000000,0.5200919260626000000,0E-10,0,0E-27,0E-24,-12.253886393700000000000000,0E-24,12.50012107650000000000000000,0.76632660886260000000000000,BASE_E3,permanent,run_dfea4b7ac1475668d5968c97,168
1666310399999999999,2022-10-20,ETHUSDT,-3.977894193000000000000000,4.318912269540000000000000000,0.0430314732114661242,0E-9,0,0E-27,0E-24,-3.977894193000000000000000,0E-24,4.318912269540000000000000000,0.384049549751466124200000000,BASE_E3,permanent,run_dfea4b7ac1475668d5968c97,168
1666396799999999999,2022-10-21,BTCUSDT,17.790560978000000000000000,-17.38593519900000000000000000,0.2367549027283489800,0E-10,0,0E-27,0E-24,17.790560978000000000000000,0E-24,-17.38593519900000000000000000,0.64138068172834898000000000,BASE_E3,permanent,run_dfea4b7ac1475668d5968c97,168
1666396799999999999,2022-10-21,ETHUSDT,29.200175277000000000000000,-29.373451163640000000000000000,0.3244441818933342081,0E-9,0,0E-27,0E-24,29.200175277000000000000000,0E-24,-29.373451163640000000000000000,0.151168295253334208100000000,BASE_E3,permanent,run_dfea4b7ac1475668d5968c97,168
1666483199999999999,2022-10-22,BTCUSDT,6.291198376200000000000000,-6.25425598950000000000000000,0.3379133847181339350,0E-10,0,0E-27,0E-24,6.291198376200000000000000,0E-24,-6.25425598950000000000000000,0.37485577141813393500000000,BASE_E3,permanent,run_dfea4b7ac1475668d5968c97,168
1666483199999999999,2022-10-22,ETHUSDT,24.145296630000000000000000,-24.201147146400000000000000000,-0.0451584736656768720,0E-9,0,0E-27,0E-24,24.145296630000000000000000,0E-24,-24.201147146400000000000000000,-0.101008990065676872000000000,BASE_E3,permanent,run_dfea4b7ac1475668d5968c97,168
1666569599999999999,2022-10-23,BTCUSDT,54.516219023900000000000000,-54.93000000000000000000000000,0.3020555944067039100,0E-10,0,0E-27,0E-24,54.516219023900000000000000,0E-24,-54.93000000000000000000000000,-0.11172538169329609000000000,BASE_E3,permanent,run_dfea4b7ac1475668d5968c97,168
1666569599999999999,2022-10-23,ETHUSDT,87.982681605000000000000000,-87.414435596610000000000000000,0.3049593881238000000,0E-9,0,0E-27,0E-24,87.982681605000000000000000,0E-24,-87.414435596610000000000000000,0.873205396513800000000000000,BASE_E3,permanent,run_dfea4b7ac1475668d5968c97,168
1666655999999999999,2022-10-24,BTCUSDT,-35.311113442000000000000000,35.62182234150000000000000000,0.6505820703405052800,0E-10,0,0E-27,0E-24,-35.311113442000000000000000,0E-24,35.62182234150000000000000000,0.96129096984050528000000000,BASE_E3,permanent,run_dfea4b7ac1475668d5968c97,168
1666655999999999999,2022-10-24,ETHUSDT,-35.036736189000000000000000,34.642337539770000000000000000,0.3892071690985544613,0E-9,0,0E-27,0E-24,-35.036736189000000000000000,0E-24,34.642337539770000000000000000,-0.005191480131445538700000000,BASE_E3,permanent,run_dfea4b7ac1475668d5968c97,168
1666742399999999999,2022-10-25,BTCUSDT,113.148567839000000000000000,-112.46682234150000000000000000,0.3815422652734749750,0E-10,0,0E-27,0E-24,113.148567839000000000000000,0E-24,-112.46682234150000000000000000,1.06328776277347497500000000,BASE_E3,permanent,run_dfea4b7ac1475668d5968c97,168
1666742399999999999,2022-10-25,ETHUSDT,201.013937124000000000000000,-200.729886872760000000000000000,-0.0007016909050245195,0E-9,0,0E-27,0E-24,201.013937124000000000000000,0E-24,-200.729886872760000000000000000,0.283348560334975480500000000,BASE_E3,permanent,run_dfea4b7ac1475668d5968c97,168
1666828799999999999,2022-10-26,BTCUSDT,101.619204291200000000000000,-101.61000000000000000000000000,0.4316692780775866500,0E-10,0,0E-27,0E-24,101.619204291200000000000000,0E-24,-101.61000000000000000000000000,0.44087356927758665000000000,BASE_E3,permanent,run_dfea4b7ac1475668d5968c97,168
1666828799999999999,2022-10-26,ETHUSDT,183.869039445000000000000000,-183.353585974740000000000000000,0.4610928773273203836,0E-9,0,0E-27,0E-24,183.869039445000000000000000,0E-24,-183.353585974740000000000000000,0.976546347587320383600000000,BASE_E3,permanent,run_dfea4b7ac1475668d5968c97,168
1666915199999999999,2022-10-27,BTCUSDT,-70.965737715700000000000000,70.39500000000000000000000000,-0.0278539494000000000,0E-10,0,0E-27,0E-24,-70.965737715700000000000000,0E-24,70.39500000000000000000000000,-0.59859166510000000000000000,BASE_E3,permanent,run_dfea4b7ac1475668d5968c97,168
1666915199999999999,2022-10-27,ETHUSDT,-89.754494739000000000000000,88.830250904340000000000000000,0.2706275156177532024,0E-9,0,0E-27,0E-24,-89.754494739000000000000000,0E-24,88.830250904340000000000000000,-0.653616319042246797600000000,BASE_E3,permanent,run_dfea4b7ac1475668d5968c97,168
1667001599999999999,2022-10-28,BTCUSDT,45.730441987800000000000000,-45.57000000000000000000000000,-0.0114971341500000000,0E-10,0,0E-27,0E-24,45.730441987800000000000000,0E-24,-45.57000000000000000000000000,0.14894485365000000000000000,BASE_E3,permanent,run_dfea4b7ac1475668d5968c97,168
1667001599999999999,2022-10-28,ETHUSDT,70.247179548000000000000000,-70.347174200010000000000000000,0.2144804267379496320,0E-9,0,0E-27,0E-24,70.247179548000000000000000,0E-24,-70.347174200010000000000000000,0.114485774727949632000000000,BASE_E3,permanent,run_dfea4b7ac1475668d5968c97,168
1667087999999999999,2022-10-29,BTCUSDT,32.102512267300000000000000,-31.69500000000000000000000000,0.3567111348064179000,0E-10,0,0E-27,0E-24,32.102512267300000000000000,0E-24,-31.69500000000000000000000000,0.76422340210641790000000000,BASE_E3,permanent,run_dfea4b7ac1475668d5968c97,168
1667087999999999999,2022-10-29,ETHUSDT,113.517635595000000000000000,-113.253294172860000000000000000,0.6780117317869639737,0E-9,0,0E-27,0E-24,113.517635595000000000000000,0E-24,-113.253294172860000000000000000,0.942353153926963973700000000,BASE_E3,permanent,run_dfea4b7ac1475668d5968c97,168
1667174399999999999,2022-10-30,BTCUSDT,-28.169388246700000000000000,27.61798376100000000000000000,0.1811665638781575750,0E-10,0,0E-27,0E-24,-28.169388246700000000000000,0E-24,27.61798376100000000000000000,-0.37023792182184242500000000,BASE_E3,permanent,run_dfea4b7ac1475668d5968c97,168
1667174399999999999,2022-10-30,ETHUSDT,-51.226244433000000000000000,51.150827349360000000000000000,0.7560769911154766829,0E-9,0,0E-27,0E-24,-51.226244433000000000000000,0E-24,51.150827349360000000000000000,0.680659907475476682900000000,BASE_E3,permanent,run_dfea4b7ac1475668d5968c97,168
1667260799999999999,2022-10-31,BTCUSDT,-18.497083256300000000000000,18.37201623900000000000000000,0.1515936858327703200,0E-10,0,0E-27,0E-24,-18.497083256300000000000000,0E-24,18.37201623900000000000000000,0.02652666853277032000000000,BASE_E3,permanent,run_dfea4b7ac1475668d5968c97,168
1667260799999999999,2022-10-31,ETHUSDT,-29.460736032000000000000000,29.611247141070000000000000000,0.4426594761155486328,0E-9,0,0E-27,0E-24,-29.460736032000000000000000,0E-24,29.611247141070000000000000000,0.593170585185548632800000000,BASE_E3,permanent,run_dfea4b7ac1475668d5968c97,168
1667347199999999999,2022-11-01,BTCUSDT,-1.158036515600000000000000,1.36500000000000000000000000,0.0284923090001221500,0E-10,0,0E-27,0E-24,-1.158036515600000000000000,0E-24,1.36500000000000000000000000,0.23545579340012215000000000,BASE_E3,permanent,run_dfea4b7ac1475668d5968c97,168
1667347199999999999,2022-11-01,ETHUSDT,12.211614051000000000000000,-12.237856117560000000000000000,-0.0996926325300393534,0E-9,0,0E-27,0E-24,12.211614051000000000000000,0E-24,-12.237856117560000000000000000,-0.125934699090039353400000000,BASE_E3,permanent,run_dfea4b7ac1475668d5968c97,168
1667433599999999999,2022-11-02,BTCUSDT,-51.193614254400000000000000,51.25570782900000000000000000,0.3688593569841151500,0E-10,0,0E-27,0E-24,-51.193614254400000000000000,0E-24,51.25570782900000000000000000,0.43095293158411515000000000,BASE_E3,permanent,run_dfea4b7ac1475668d5968c97,168
1667433599999999999,2022-11-02,ETHUSDT,-107.872152570000000000000000,108.689362350840000000000000000,0.4468880226051968166,0E-9,0,0E-27,0E-24,-107.872152570000000000000000,0E-24,108.689362350840000000000000000,1.264097803445196816600000000,BASE_E3,permanent,run_dfea4b7ac1475668d5968c97,168
1667519999999999999,2022-11-03,BTCUSDT,8.532269042400000000000000,-8.94070782900000000000000000,0.3050787722566338000,0E-10,0,0E-27,0E-24,8.532269042400000000000000,0E-24,-8.94070782900000000000000000,-0.10336001434336620000000000,BASE_E3,permanent,run_dfea4b7ac1475668d5968c97,168
1667519999999999999,2022-11-03,ETHUSDT,22.251888477000000000000000,-23.731772817780000000000000000,-0.4348099863881170992,0E-9,0,0E-27,0E-24,22.251888477000000000000000,0E-24,-23.731772817780000000000000000,-1.914694327168117099200000000,BASE_E3,permanent,run_dfea4b7ac1475668d5968c97,168
1667606399999999999,2022-11-04,BTCUSDT,140.633934516900000000000000,-140.77847210850000000000000000,0.3853722813000000000,0E-10,0,0E-27,0E-24,140.633934516900000000000000,0E-24,-140.77847210850000000000000000,0.24083468970000000000000000,BASE_E3,permanent,run_dfea4b7ac1475668d5968c97,168
1667606399999999999,2022-11-04,ETHUSDT,197.244491535000000000000000,-196.386836174280000000000000000,0.5756071920921870417,0E-9,0,0E-27,0E-24,197.244491535000000000000000,0E-24,-196.386836174280000000000000000,1.433262552812187041700000000,BASE_E3,permanent,run_dfea4b7ac1475668d5968c97,168
1667692799999999999,2022-11-05,BTCUSDT,23.325735515000000000000000,-23.02152789150000000000000000,0.6047639557362000000,0E-10,0,0E-27,0E-24,23.325735515000000000000000,0E-24,-23.02152789150000000000000000,0.90897157923620000000000000,BASE_E3,permanent,run_dfea4b7ac1475668d5968c97,168
1667692799999999999,2022-11-05,ETHUSDT,-30.711427656000000000000000,30.068166641220000000000000000,0.4702118114937591990,0E-9,0,0E-27,0E-24,-30.711427656000000000000000,0E-24,30.068166641220000000000000000,-0.173049203286240801000000000,BASE_E3,permanent,run_dfea4b7ac1475668d5968c97,168
1667779199999999999,2022-11-06,BTCUSDT,-56.904294325500000000000000,56.60527161300000000000000000,0.7352423749030411500,0E-10,0,0E-27,0E-24,-56.904294325500000000000000,0E-24,56.60527161300000000000000000,0.43621966240304115000000000,BASE_E3,permanent,run_dfea4b7ac1475668d5968c97,168
1667779199999999999,2022-11-06,ETHUSDT,-96.876488709000000000000000,97.462440806490000000000000000,0.6216340588360755768,0E-9,0,0E-27,0E-24,-96.876488709000000000000000,0E-24,97.462440806490000000000000000,1.207586156326075576800000000,BASE_E3,permanent,run_dfea4b7ac1475668d5968c97,168
1667865599999999999,2022-11-07,BTCUSDT,-49.539062082500000000000000,50.08528192350000000000000000,0.8657357465071500000,0E-10,0,0E-27,0E-24,-49.539062082500000000000000,0E-24,50.08528192350000000000000000,1.41195558750715000000000000,BASE_E3,permanent,run_dfea4b7ac1475668d5968c97,168
1667865599999999999,2022-11-07,ETHUSDT,-6.288199554000000000000000,6.809669193510000000000000000,0.3397986932004171252,0E-9,0,0E-27,0E-24,-6.288199554000000000000000,0E-24,6.809669193510000000000000000,0.861268332710417125200000000,BASE_E3,permanent,run_dfea4b7ac1475668d5968c97,168
1667951999999999999,2022-11-08,BTCUSDT,-311.727829507600000000000000,311.76395918400000000000000000,0.4540705304938709850,0E-10,0,0E-27,0E-24,-311.727829507600000000000000,0E-24,311.76395918400000000000000000,0.49020020689387098500000000,BASE_E3,permanent,run_dfea4b7ac1475668d5968c97,168
1667951999999999999,2022-11-08,ETHUSDT,-410.661120597000000000000000,410.844371600070000000000000000,-0.2548006699496620032,0E-9,0,0E-27,0E-24,-410.661120597000000000000000,0E-24,410.844371600070000000000000000,-0.071549666879662003200000000,BASE_E3,permanent,run_dfea4b7ac1475668d5968c97,168
1668038399999999999,2022-11-09,BTCUSDT,-391.572347192000000000000000,392.89548727950000000000000000,-1.0324566446217137550,0E-10,0,0E-27,0E-24,-391.572347192000000000000000,0E-24,392.89548727950000000000000000,0.29068344287828624500000000,BASE_E3,permanent,run_dfea4b7ac1475668d5968c97,168
1668038399999999999,2022-11-09,ETHUSDT,-399.370154547000000000000000,399.917748399930000000000000000,-2.2646619892528204374,0E-9,0,0E-27,0E-24,-399.370154547000000000000000,0E-24,399.917748399930000000000000000,-1.717068136322820437400000000,BASE_E3,permanent,run_dfea4b7ac1475668d5968c97,168
1668124799999999999,2022-11-10,BTCUSDT,255.833067015000000000000000,-256.93500000000000000000000000,-6.2790976703755507950,0E-10,0,0E-27,0E-24,255.833067015000000000000000,0E-24,-256.93500000000000000000000000,-7.38103065537555079500000000,BASE_E3,permanent,run_dfea4b7ac1475668d5968c97,168
1668124799999999999,2022-11-10,ETHUSDT,345.937829055000000000000000,-346.992139910970000000000000000,-2.6270242481413694448,0E-9,0,0E-27,0E-24,345.937829055000000000000000,0E-24,-346.992139910970000000000000000,-3.681335104111369444800000000,BASE_E3,permanent,run_dfea4b7ac1475668d5968c97,168
1668211199999999999,2022-11-11,BTCUSDT,-80.539039584300000000000000,81.37500000000000000000000000,-0.8499775294680421050,0E-10,0,0E-27,0E-24,-80.539039584300000000000000,0E-24,81.37500000000000000000000000,-0.01401711376804210500000000,BASE_E3,permanent,run_dfea4b7ac1475668d5968c97,168
1668211199999999999,2022-11-11,ETHUSDT,-18.864598662000000000000000,19.959387205860000000000000000,-0.6185624713409823264,0E-9,0,0E-27,0E-24,-18.864598662000000000000000,0E-24,19.959387205860000000000000000,0.476226072519017673600000000,BASE_E3,permanent,run_dfea4b7ac1475668d5968c97,168
1668297599999999999,2022-11-12,BTCUSDT,-40.603280316400000000000000,38.47876678800000000000000000,0.2403745818281040000,0E-10,0,0E-27,0E-24,-40.603280316400000000000000,0E-24,38.47876678800000000000000000,-1.88413894657189600000000000,BASE_E3,permanent,run_dfea4b7ac1475668d5968c97,168
1668297599999999999,2022-11-12,ETHUSDT,-57.583926855000000000000000,56.269211551560000000000000000,0.5512490117280000000,0E-9,0,0E-27,0E-24,-57.583926855000000000000000,0E-24,56.269211551560000000000000000,-0.763466291712000000000000000,BASE_E3,permanent,run_dfea4b7ac1475668d5968c97,168
1668383999999999999,2022-11-13,BTCUSDT,-70.250215153600000000000000,70.89942801900000000000000000,-0.1066361025994615800,0E-10,0,0E-27,0E-24,-70.250215153600000000000000,0E-24,70.89942801900000000000000000,0.54257676280053842000000000,BASE_E3,permanent,run_dfea4b7ac1475668d5968c97,168
1668383999999999999,2022-11-13,ETHUSDT,-60.901733802000000000000000,60.595954373430000000000000000,-0.2411221872492951012,0E-9,0,0E-27,0E-24,-60.901733802000000000000000,0E-24,60.595954373430000000000000000,-0.546901615819295101200000000,BASE_E3,permanent,run_dfea4b7ac1475668d5968c97,168
1668470399999999999,2022-11-14,BTCUSDT,42.439338211600000000000000,-41.68319480700000000000000000,-0.3142874194946729100,0E-10,0,0E-27,0E-24,42.439338211600000000000000,0E-24,-41.68319480700000000000000000,0.44185598510532709000000000,BASE_E3,permanent,run_dfea4b7ac1475668d5968c97,168
1668470399999999999,2022-11-14,ETHUSDT,36.183203511000000000000000,-36.116385668280000000000000000,0.2221026866927997372,0E-9,0,0E-27,0E-24,36.183203511000000000000000,0E-24,-36.116385668280000000000000000,0.288920529412799737200000000,BASE_E3,permanent,run_dfea4b7ac1475668d5968c97,168
1668556799999999999,2022-11-15,BTCUSDT,42.394336792600000000000000,-42.79500000000000000000000000,-0.6602528998221723750,0E-10,0,0E-27,0E-24,42.394336792600000000000000,0E-24,-42.79500000000000000000000000,-1.06091610722217237500000000,BASE_E3,permanent,run_dfea4b7ac1475668d5968c97,168
1668556799999999999,2022-11-15,ETHUSDT,19.646280927000000000000000,-19.546507551600000000000000000,-0.1698600343750670151,0E-9,0,0E-27,0E-24,19.646280927000000000000000,0E-24,-19.546507551600000000000000000,-0.070086658975067015100000000,BASE_E3,permanent,run_dfea4b7ac1475668d5968c97,168
1668643199999999999,2022-11-16,BTCUSDT,-33.335551147900000000000000,33.10850675700000000000000000,-0.4695178779205751400,0E-10,0,0E-27,0E-24,-33.335551147900000000000000,0E-24,33.10850675700000000000000000,-0.69656226882057514000000000,BASE_E3,permanent,run_dfea4b7ac1475668d5968c97,168
1668643199999999999,2022-11-16,ETHUSDT,-62.847254106000000000000000,63.139950000000000000000000000,-0.2905745723532000000,0E-9,0,0E-27,0E-24,-62.847254106000000000000000,0E-24,63.139950000000000000000000000,0.002121321646800000000000000,BASE_E3,permanent,run_dfea4b7ac1475668d5968c97,168
1668729599999999999,2022-11-17,BTCUSDT,3.295603918100000000000000,-2.84208011550000000000000000,-0.3083749482717295500,0E-10,0,0E-27,0E-24,3.295603918100000000000000,0E-24,-2.84208011550000000000000000,0.14514885432827045000000000,BASE_E3,permanent,run_dfea4b7ac1475668d5968c97,168
1668729599999999999,2022-11-17,ETHUSDT,-29.182804560000000000000000,29.042640000000000000000000000,-0.3695597780118687135,0E-9,0,0E-27,0E-24,-29.182804560000000000000000,0E-24,29.042640000000000000000000000,-0.509724338011868713500000000,BASE_E3,permanent,run_dfea4b7ac1475668d5968c97,168
1668815999999999999,2022-11-18,BTCUSDT,1.254039542800000000000000,-1.76642664150000000000000000,0.0131470643312877600,0E-10,0,0E-27,0E-24,1.254039542800000000000000,0E-24,-1.76642664150000000000000000,-0.49924003436871224000000000,BASE_E3,permanent,run_dfea4b7ac1475668d5968c97,168
1668815999999999999,2022-11-18,ETHUSDT,21.748137684000000000000000,-21.946584268980000000000000000,-0.4348900880243054307,0E-9,0,0E-27,0E-24,21.748137684000000000000000,0E-24,-21.946584268980000000000000000,-0.633336673004305430700000000,BASE_E3,permanent,run_dfea4b7ac1475668d5968c97,168
1668902399999999999,2022-11-19,BTCUSDT,-0.096003027200000000000000,0.27000000000000000000000000,0.3064415834419809000,0E-10,0,0E-27,0E-24,-0.096003027200000000000000,0E-24,0.27000000000000000000000000,0.48043855624198090000000000,BASE_E3,permanent,run_dfea4b7ac1475668d5968c97,168
1668902399999999999,2022-11-19,ETHUSDT,8.511651330000000000000000,-8.433545731020000000000000000,0.3547114302588334092,0E-9,0,0E-27,0E-24,8.511651330000000000000000,0E-24,-8.433545731020000000000000000,0.432817029238833409200000000,BASE_E3,permanent,run_dfea4b7ac1475668d5968c97,168
1668988799999999999,2022-11-20,BTCUSDT,-62.028455902300000000000000,61.65000000000000000000000000,0.0451968132142857600,0E-10,0,0E-27,0E-24,-62.028455902300000000000000,0E-24,61.65000000000000000000000000,-0.33325908908571424000000000,BASE_E3,permanent,run_dfea4b7ac1475668d5968c97,168
1668988799999999999,2022-11-20,ETHUSDT,-129.985075311000000000000000,129.423870000000000000000000000,0.0883257600044327427,0E-9,0,0E-27,0E-24,-129.985075311000000000000000,0E-24,129.423870000000000000000000000,-0.472879550995567257300000000,BASE_E3,permanent,run_dfea4b7ac1475668d5968c97,168
1669075199999999999,2022-11-21,BTCUSDT,-76.220403407600000000000000,76.53492198000000000000000000,0.2191706187077540400,0E-10,0,0E-27,0E-24,-76.220403407600000000000000,0E-24,76.53492198000000000000000000,0.53368919110775404000000000,BASE_E3,permanent,run_dfea4b7ac1475668d5968c97,168
1669075199999999999,2022-11-21,ETHUSDT,-61.492338180000000000000000,62.330284847610000000000000000,-0.3565430850949383357,0E-9,0,0E-27,0E-24,-61.492338180000000000000000,0E-24,62.330284847610000000000000000,0.481403582515061664300000000,BASE_E3,permanent,run_dfea4b7ac1475668d5968c97,168
1669161599999999999,2022-11-22,BTCUSDT,62.661475862900000000000000,-62.70492198000000000000000000,0.0628214262000000000,0E-10,0,0E-27,0E-24,62.661475862900000000000000,0E-24,-62.70492198000000000000000000,0.01937530910000000000000000,BASE_E3,permanent,run_dfea4b7ac1475668d5968c97,168
1669161599999999999,2022-11-22,ETHUSDT,51.556288056000000000000000,-51.300334847610000000000000000,-0.0554452180600299777,0E-9,0,0E-27,0E-24,51.556288056000000000000000,0E-24,-51.300334847610000000000000000,0.200507990329970022300000000,BASE_E3,permanent,run_dfea4b7ac1475668d5968c97,168
1669247999999999999,2022-11-23,BTCUSDT,63.271995114000000000000000,-63.48065474400000000000000000,0.4678138755718353000,0E-10,0,0E-27,0E-24,63.271995114000000000000000,0E-24,-63.48065474400000000000000000,0.25915424557183530000000000,BASE_E3,permanent,run_dfea4b7ac1475668d5968c97,168
1669247999999999999,2022-11-23,ETHUSDT,83.726855940000000000000000,-84.412804304790000000000000000,-0.1519171700859000000,0E-9,0,0E-27,0E-24,83.726855940000000000000000,0E-24,-84.412804304790000000000000000,-0.837865534875900000000000000,BASE_E3,permanent,run_dfea4b7ac1475668d5968c97,168
1669334399999999999,2022-11-24,BTCUSDT,-2.070065274000000000000000,1.75977457650000000000000000,0.3407933640510927600,0E-10,0,0E-27,0E-24,-2.070065274000000000000000,0E-24,1.75977457650000000000000000,0.03050266655109276000000000,BASE_E3,permanent,run_dfea4b7ac1475668d5968c97,168
1669334399999999999,2022-11-24,ETHUSDT,32.379016488000000000000000,-32.525714782800000000000000000,0.0522674167186733895,0E-9,0,0E-27,0E-24,32.379016488000000000000000,0E-24,-32.525714782800000000000000000,-0.094430878081326610500000000,BASE_E3,permanent,run_dfea4b7ac1475668d5968c97,168
1669420799999999999,2022-11-25,BTCUSDT,-14.151446228200000000000000,14.26463560050000000000000000,0.0955033375834114200,0E-10,0,0E-27,0E-24,-14.151446228200000000000000,0E-24,14.26463560050000000000000000,0.20869270988341142000000000,BASE_E3,permanent,run_dfea4b7ac1475668d5968c97,168
1669420799999999999,2022-11-25,ETHUSDT,-10.682990955000000000000000,11.204679745710000000000000000,0.1660965309905208939,0E-9,0,0E-27,0E-24,-10.682990955000000000000000,0E-24,11.204679745710000000000000000,0.687785321700520893900000000,BASE_E3,permanent,run_dfea4b7ac1475668d5968c97,168
1669507199999999999,2022-11-26,BTCUSDT,-8.248760102700000000000000,8.74124456700000000000000000,0.1217745490830715350,0E-10,0,0E-27,0E-24,-8.248760102700000000000000,0E-24,8.74124456700000000000000000,0.61425901338307153500000000,BASE_E3,permanent,run_dfea4b7ac1475668d5968c97,168
1669507199999999999,2022-11-26,ETHUSDT,12.576399108000000000000000,-12.972740658120000000000000000,-0.3507851906328000060,0E-9,0,0E-27,0E-24,12.576399108000000000000000,0E-24,-12.972740658120000000000000000,-0.747126740752800006000000000,BASE_E3,permanent,run_dfea4b7ac1475668d5968c97,168
1669593599999999999,2022-11-27,BTCUSDT,-5.863684895700000000000000,5.40060391800000000000000000,0.0441265013368719600,0E-10,0,0E-27,0E-24,-5.863684895700000000000000,0E-24,5.40060391800000000000000000,-0.41895447636312804000000000,BASE_E3,permanent,run_dfea4b7ac1475668d5968c97,168
1669593599999999999,2022-11-27,ETHUSDT,-22.581932100000000000000000,22.552588828980000000000000000,-0.2595188016090826398,0E-9,0,0E-27,0E-24,-22.581932100000000000000000,0E-24,22.552588828980000000000000000,-0.288862072629082639800000000,BASE_E3,permanent,run_dfea4b7ac1475668d5968c97,168
1669679999999999999,2022-11-28,BTCUSDT,-30.635466007900000000000000,30.83939608200000000000000000,0.0702793629044610000,0E-10,0,0E-27,0E-24,-30.635466007900000000000000,0E-24,30.83939608200000000000000000,0.27420943700446100000000000,BASE_E3,permanent,run_dfea4b7ac1475668d5968c97,168
1669679999999999999,2022-11-28,ETHUSDT,-41.516013630000000000000000,41.612191171020000000000000000,-0.2938317850260000000,0E-9,0,0E-27,0E-24,-41.516013630000000000000000,0E-24,41.612191171020000000000000000,-0.197654244006000000000000000,BASE_E3,permanent,run_dfea4b7ac1475668d5968c97,168
1669766399999999999,2022-11-29,BTCUSDT,33.308550296500000000000000,-33.28500000000000000000000000,0.2087250501000000000,0E-10,0,0E-27,0E-24,33.308550296500000000000000,0E-24,-33.28500000000000000000000000,0.23227534660000000000000000,BASE_E3,permanent,run_dfea4b7ac1475668d5968c97,168
1669766399999999999,2022-11-29,ETHUSDT,83.605260921000000000000000,-83.451760470900000000000000000,0.3493241724232271736,0E-9,0,0E-27,0E-24,83.605260921000000000000000,0E-24,-83.451760470900000000000000000,0.502824622523227173600000000,BASE_E3,permanent,run_dfea4b7ac1475668d5968c97,168
1669852799999999999,2022-11-30,BTCUSDT,109.108940460100000000000000,-108.80169616800000000000000000,0.4266512684475551400,0E-10,0,0E-27,0E-24,109.108940460100000000000000,0E-24,-108.80169616800000000000000000,0.73389556054755514000000000,BASE_E3,permanent,run_dfea4b7ac1475668d5968c97,168
1669852799999999999,2022-11-30,ETHUSDT,135.387368298000000000000000,-135.705529529100000000000000000,0.6357198580163280000,0E-9,0,0E-27,0E-24,135.387368298000000000000000,0E-24,-135.705529529100000000000000000,0.317558626916328000000000000,BASE_E3,permanent,run_dfea4b7ac1475668d5968c97,168
1669939199999999999,2022-12-01,BTCUSDT,-29.691936256200000000000000,29.48460614550000000000000000,0.1530434657179579800,0E-10,0,0E-27,0E-24,-29.691936256200000000000000,0E-24,29.48460614550000000000000000,-0.05428664498204202000000000,BASE_E3,permanent,run_dfea4b7ac1475668d5968c97,168
1669939199999999999,2022-12-01,ETHUSDT,-32.222680035000000000000000,32.587961167890000000000000000,0.2570101542139320000,0E-9,0,0E-27,0E-24,-32.222680035000000000000000,0E-24,32.587961167890000000000000000,0.622291287103932000000000000,BASE_E3,permanent,run_dfea4b7ac1475668d5968c97,168
1670025599999999999,2022-12-02,BTCUSDT,18.737090824300000000000000,-18.49790997750000000000000000,0.1853297106750632250,0E-10,0,0E-27,0E-24,18.737090824300000000000000,0E-24,-18.49790997750000000000000000,0.42451055747506322500000000,BASE_E3,permanent,run_dfea4b7ac1475668d5968c97,168
1670025599999999999,2022-12-02,ETHUSDT,31.979489997000000000000000,-32.157591712740000000000000000,0.3243546000904139208,0E-9,0,0E-27,0E-24,31.979489997000000000000000,0E-24,-32.157591712740000000000000000,0.146252884350413920800000000,BASE_E3,permanent,run_dfea4b7ac1475668d5968c97,168
1670111999999999999,2022-12-03,BTCUSDT,-30.981976934200000000000000,30.12000000000000000000000000,0.4692130546047406200,0E-10,0,0E-27,0E-24,-30.981976934200000000000000,0E-24,30.12000000000000000000000000,-0.39276387959525938000000000,BASE_E3,permanent,run_dfea4b7ac1475668d5968c97,168
1670111999999999999,2022-12-03,ETHUSDT,-92.863853082000000000000000,93.091319475840000000000000000,-0.1220545745460000000,0E-9,0,0E-27,0E-24,-92.863853082000000000000000,0E-24,93.091319475840000000000000000,0.105411819294000000000000000,BASE_E3,permanent,run_dfea4b7ac1475668d5968c97,168
1670198399999999999,2022-12-04,BTCUSDT,33.730063587800000000000000,-33.56681868300000000000000000,0.4373206698141482850,0E-10,0,0E-27,0E-24,33.730063587800000000000000,0E-24,-33.56681868300000000000000000,0.60056557461414828500000000,BASE_E3,permanent,run_dfea4b7ac1475668d5968c97,168
1670198399999999999,2022-12-04,ETHUSDT,67.450494111000000000000000,-67.730162284620000000000000000,-0.0321414028617583386,0E-9,0,0E-27,0E-24,67.450494111000000000000000,0E-24,-67.730162284620000000000000000,-0.311809576481758338600000000,BASE_E3,permanent,run_dfea4b7ac1475668d5968c97,168
1670284799999999999,2022-12-05,BTCUSDT,-21.539179180700000000000000,21.83681868300000000000000000,0.0097989331500000000,0E-10,0,0E-27,0E-24,-21.539179180700000000000000,0E-24,21.83681868300000000000000000,0.30743843545000000000000000,BASE_E3,permanent,run_dfea4b7ac1475668d5968c97,168
1670284799999999999,2022-12-05,ETHUSDT,-34.585097547000000000000000,34.933993353630000000000000000,0.1908871588140587469,0E-9,0,0E-27,0E-24,-34.585097547000000000000000,0E-24,34.933993353630000000000000000,0.539782965444058746900000000,BASE_E3,permanent,run_dfea4b7ac1475668d5968c97,168
1670371199999999999,2022-12-06,BTCUSDT,17.801061309100000000000000,-17.69582683050000000000000000,0.2197756782482255100,0E-10,0,0E-27,0E-24,17.801061309100000000000000,0E-24,-17.69582683050000000000000000,0.32501015684822551000000000,BASE_E3,permanent,run_dfea4b7ac1475668d5968c97,168
1670371199999999999,2022-12-06,ETHUSDT,19.177271568000000000000000,-19.476870943680000000000000000,0.2168513056847312586,0E-9,0,0E-27,0E-24,19.177271568000000000000000,0E-24,-19.476870943680000000000000000,-0.082748069995268741400000000,BASE_E3,permanent,run_dfea4b7ac1475668d5968c97,168
1670457599999999999,2022-12-07,BTCUSDT,-37.820692574900000000000000,37.90290343350000000000000000,0.1809234628589369400,0E-10,0,0E-27,0E-24,-37.820692574900000000000000,0E-24,37.90290343350000000000000000,0.26313432145893694000000000,BASE_E3,permanent,run_dfea4b7ac1475668d5968c97,168
1670457599999999999,2022-12-07,ETHUSDT,-69.361272981000000000000000,69.485100943680000000000000000,0.1848803811712381071,0E-9,0,0E-27,0E-24,-69.361272981000000000000000,0E-24,69.485100943680000000000000000,0.308708343851238107100000000,BASE_E3,permanent,run_dfea4b7ac1475668d5968c97,168
1670543999999999999,2022-12-08,BTCUSDT,58.923357991300000000000000,-58.87707660300000000000000000,0.0883848172543222800,0E-10,0,0E-27,0E-24,58.923357991300000000000000,0E-24,-58.87707660300000000000000000,0.13466620555432228000000000,BASE_E3,permanent,run_dfea4b7ac1475668d5968c97,168
1670543999999999999,2022-12-08,ETHUSDT,86.506170660000000000000000,-86.641560000000000000000000000,0.0366794737826432544,0E-9,0,0E-27,0E-24,86.506170660000000000000000,0E-24,-86.641560000000000000000000000,-0.098709866217356745600000000,BASE_E3,permanent,run_dfea4b7ac1475668d5968c97,168
1670630399999999999,2022-12-09,BTCUSDT,-15.004973141900000000000000,14.97000000000000000000000000,0.2161917872082765450,0E-10,0,0E-27,0E-24,-15.004973141900000000000000,0E-24,14.97000000000000000000000000,0.18121864530827654500000000,BASE_E3,permanent,run_dfea4b7ac1475668d5968c97,168
1670630399999999999,2022-12-09,ETHUSDT,-31.041471279000000000000000,31.074930000000000000000000000,0.4835837852989756200,0E-9,0,0E-27,0E-24,-31.041471279000000000000000,0E-24,31.074930000000000000000000000,0.517042506298975620000000000,BASE_E3,permanent,run_dfea4b7ac1475668d5968c97,168
1670716799999999999,2022-12-10,BTCUSDT,0.550517359100000000000000,-0.94500000000000000000000000,-0.0163824011662243950,0E-10,0,0E-27,0E-24,0.550517359100000000000000,0E-24,-0.94500000000000000000000000,-0.41086504206622439500000000,BASE_E3,permanent,run_dfea4b7ac1475668d5968c97,168
1670716799999999999,2022-12-10,ETHUSDT,6.427165290000000000000000,-6.583230000000000000000000000,0.2557823958328699575,0E-9,0,0E-27,0E-24,6.427165290000000000000000,0E-24,-6.583230000000000000000000000,0.099717685832869957500000000,BASE_E3,permanent,run_dfea4b7ac1475668d5968c97,168
1670803199999999999,2022-12-11,BTCUSDT,-6.040690477100000000000000,6.50899849950000000000000000,0.0641435825484662400,0E-10,0,0E-27,0E-24,-6.040690477100000000000000,0E-24,6.50899849950000000000000000,0.53245160494846624000000000,BASE_E3,permanent,run_dfea4b7ac1475668d5968c97,168
1670803199999999999,2022-12-11,ETHUSDT,-6.045009516000000000000000,6.044760000000000000000000000,0.0228648386982588624,0E-9,0,0E-27,0E-24,-6.045009516000000000000000,0E-24,6.044760000000000000000000000,0.022615322698258862400000000,BASE_E3,permanent,run_dfea4b7ac1475668d5968c97,168
1670889599999999999,2022-12-12,BTCUSDT,17.502551896400000000000000,-17.20004188500000000000000000,0.0860118028704600300,0E-10,0,0E-27,0E-24,17.502551896400000000000000,0E-24,-17.20004188500000000000000000,0.38852181427046003000000000,BASE_E3,permanent,run_dfea4b7ac1475668d5968c97,168
1670889599999999999,2022-12-12,ETHUSDT,20.983826136000000000000000,-20.733202884240000000000000000,-0.0251144604853875045,0E-9,0,0E-27,0E-24,20.983826136000000000000000,0E-24,-20.733202884240000000000000000,0.225508791274612495500000000,BASE_E3,permanent,run_dfea4b7ac1475668d5968c97,168
1670975999999999999,2022-12-13,BTCUSDT,85.724703100400000000000000,-87.58895661450000000000000000,0.3944463510716970300,0E-10,0,0E-27,0E-24,85.724703100400000000000000,0E-24,-87.58895661450000000000000000,-1.46980716302830297000000000,BASE_E3,permanent,run_dfea4b7ac1475668d5968c97,168
1670975999999999999,2022-12-13,ETHUSDT,79.471030275000000000000000,-81.227326032180000000000000000,0.6479816543068590000,0E-9,0,0E-27,0E-24,79.471030275000000000000000,0E-24,-81.227326032180000000000000000,-1.108314102873141000000000000,BASE_E3,permanent,run_dfea4b7ac1475668d5968c97,168
1671062399999999999,2022-12-14,BTCUSDT,2.892091194400000000000000,-2.50585536750000000000000000,0.8045706894553500000,0E-10,0,0E-27,0E-24,2.892091194400000000000000,0E-24,-2.50585536750000000000000000,1.19080651635535000000000000,BASE_E3,permanent,run_dfea4b7ac1475668d5968c97,168
1671062399999999999,2022-12-14,ETHUSDT,-23.398355799000000000000000,23.413388916420000000000000000,0.6917440304046780000,0E-9,0,0E-27,0E-24,-23.398355799000000000000000,0E-24,23.413388916420000000000000000,0.706777147824678000000000000,BASE_E3,permanent,run_dfea4b7ac1475668d5968c97,168
1671148799999999999,2022-12-15,BTCUSDT,-65.754573395500000000000000,66.34585536750000000000000000,0.6677166168397107000,0E-10,0,0E-27,0E-24,-65.754573395500000000000000,0E-24,66.34585536750000000000000000,1.25899858883971070000000000,BASE_E3,permanent,run_dfea4b7ac1475668d5968c97,168
1671148799999999999,2022-12-15,ETHUSDT,-71.237310417000000000000000,72.429646876920000000000000000,0.6713174970000000000,0E-9,0,0E-27,0E-24,-71.237310417000000000000000,0E-24,72.429646876920000000000000000,1.863653956920000000000000000,BASE_E3,permanent,run_dfea4b7ac1475668d5968c97,168
1671235199999999999,2022-12-16,BTCUSDT,-107.961404275600000000000000,108.41056819500000000000000000,0.2252310096656631450,0E-10,0,0E-27,0E-24,-107.961404275600000000000000,0E-24,108.41056819500000000000000000,0.67439492906566314500000000,BASE_E3,permanent,run_dfea4b7ac1475668d5968c97,168
1671235199999999999,2022-12-16,ETHUSDT,-172.265400489000000000000000,172.494465234840000000000000000,0.3628200236820660000,0E-9,0,0E-27,0E-24,-172.265400489000000000000000,0E-24,172.494465234840000000000000000,0.591884769522066000000000000,BASE_E3,permanent,run_dfea4b7ac1475668d5968c97,168
1671321599999999999,2022-12-17,BTCUSDT,21.096665227200000000000000,-21.09556819500000000000000000,0.4893318485757287700,0E-10,0,0E-27,0E-24,21.096665227200000000000000,0E-24,-21.09556819500000000000000000,0.49042888077572877000000000,BASE_E3,permanent,run_dfea4b7ac1475668d5968c97,168
1671321599999999999,2022-12-17,ETHUSDT,34.585097547000000000000000,-34.156532111760000000000000000,0.1140052547668576617,0E-9,0,0E-27,0E-24,34.585097547000000000000000,0E-24,-34.156532111760000000000000000,0.542570690006857661700000000,BASE_E3,permanent,run_dfea4b7ac1475668d5968c97,168
1671407999999999999,2022-12-18,BTCUSDT,-5.758681584700000000000000,5.44500000000000000000000000,0.3131149699468983000,0E-10,0,0E-27,0E-24,-5.758681584700000000000000,0E-24,5.44500000000000000000000000,-0.00056661475310170000000000,BASE_E3,permanent,run_dfea4b7ac1475668d5968c97,168
1671407999999999999,2022-12-18,ETHUSDT,-7.903676235000000000000000,7.972830000000000000000000000,0.3691509455612816910,0E-9,0,0E-27,0E-24,-7.903676235000000000000000,0E-24,7.972830000000000000000000000,0.438304710561281691000000000,BASE_E3,permanent,run_dfea4b7ac1475668d5968c97,168
1671494399999999999,2022-12-19,BTCUSDT,-44.692409256200000000000000,45.39000000000000000000000000,0.3622550142029140800,0E-10,0,0E-27,0E-24,-44.692409256200000000000000,0E-24,45.39000000000000000000000000,1.05984575800291408000000000,BASE_E3,permanent,run_dfea4b7ac1475668d5968c97,168
1671494399999999999,2022-12-19,ETHUSDT,-25.830256179000000000000000,25.794450000000000000000000000,-0.0703685053543088340,0E-9,0,0E-27,0E-24,-25.830256179000000000000000,0E-24,25.794450000000000000000000000,-0.106174684354308834000000000,BASE_E3,permanent,run_dfea4b7ac1475668d5968c97,168
1671580799999999999,2022-12-20,BTCUSDT,68.754667995500000000000000,-69.31500000000000000000000000,0.2242682135788561650,0E-10,0,0E-27,0E-24,68.754667995500000000000000,0E-24,-69.31500000000000000000000000,-0.33606379092114383500000000,BASE_E3,permanent,run_dfea4b7ac1475668d5968c97,168
1671580799999999999,2022-12-20,ETHUSDT,86.158756320000000000000000,-86.526920379690000000000000000,0.4659325401004168941,0E-9,0,0E-27,0E-24,86.158756320000000000000000,0E-24,-86.526920379690000000000000000,0.097768480410416894100000000,BASE_E3,permanent,run_dfea4b7ac1475668d5968c97,168
1671667199999999999,2022-12-21,BTCUSDT,-12.364889893900000000000000,12.16257658200000000000000000,0.4825961301306296700,0E-10,0,0E-27,0E-24,-12.364889893900000000000000,0E-24,12.16257658200000000000000000,0.28028281823062967000000000,BASE_E3,permanent,run_dfea4b7ac1475668d5968c97,168
1671667199999999999,2022-12-21,ETHUSDT,-6.218716686000000000000000,6.034340379690000000000000000,0.4166017331708162403,0E-9,0,0E-27,0E-24,-6.218716686000000000000000,0E-24,6.034340379690000000000000000,0.232225426860816240300000000,BASE_E3,permanent,run_dfea4b7ac1475668d5968c97,168
1671753599999999999,2022-12-22,BTCUSDT,0.177005581400000000000000,-0.34257658200000000000000000,0.4592589903305971650,0E-10,0,0E-27,0E-24,0.177005581400000000000000,0E-24,-0.34257658200000000000000000,0.29368798973059716500000000,BASE_E3,permanent,run_dfea4b7ac1475668d5968c97,168
1671753599999999999,2022-12-22,ETHUSDT,6.375053139000000000000000,-6.272157374820000000000000000,0.5574211122388750164,0E-9,0,0E-27,0E-24,6.375053139000000000000000,0E-24,-6.272157374820000000000000000,0.660316876418875016400000000,BASE_E3,permanent,run_dfea4b7ac1475668d5968c97,168
1671839999999999999,2022-12-23,BTCUSDT,-6.163694355700000000000000,5.85000000000000000000000000,0.7295682791875500000,0E-10,0,0E-27,0E-24,-6.163694355700000000000000,0E-24,5.85000000000000000000000000,0.41587392348755000000000000,BASE_E3,permanent,run_dfea4b7ac1475668d5968c97,168
1671839999999999999,2022-12-23,ETHUSDT,4.342679250000000000000000,-4.107852612990000000000000000,0.3546661787946630000,0E-9,0,0E-27,0E-24,4.342679250000000000000000,0E-24,-4.107852612990000000000000000,0.589492815804663000000000000,BASE_E3,permanent,run_dfea4b7ac1475668d5968c97,168
1671926399999999999,2022-12-24,BTCUSDT,8.737775522500000000000000,-7.93965731700000000000000000,0.5286623714447115600,0E-10,0,0E-27,0E-24,8.737775522500000000000000,0E-24,-7.93965731700000000000000000,1.32678057694471156000000000,BASE_E3,permanent,run_dfea4b7ac1475668d5968c97,168
1671926399999999999,2022-12-24,ETHUSDT,0.868535850000000000000000,-1.014710012190000000000000000,0.3663654940791000000,0E-9,0,0E-27,0E-24,0.868535850000000000000000,0E-24,-1.014710012190000000000000000,0.220191331889100000000000000,BASE_E3,permanent,run_dfea4b7ac1475668d5968c97,168
1672012799999999999,2022-12-25,BTCUSDT,-0.793525021700000000000000,0.56939880600000000000000000,0.1369916539268613000,0E-10,0,0E-27,0E-24,-0.793525021700000000000000,0E-24,0.56939880600000000000000000,-0.08713456177313870000000000,BASE_E3,permanent,run_dfea4b7ac1475668d5968c97,168
1672012799999999999,2022-12-25,ETHUSDT,-3.543626268000000000000000,3.517322690700000000000000000,0.0209649320373646206,0E-9,0,0E-27,0E-24,-3.543626268000000000000000,0E-24,3.517322690700000000000000000,-0.005338645262635379400000000,BASE_E3,permanent,run_dfea4b7ac1475668d5968c97,168
1672099199999999999,2022-12-26,BTCUSDT,13.027910800500000000000000,-13.37243275800000000000000000,0.0282260970533088450,0E-10,0,0E-27,0E-24,13.027910800500000000000000,0E-24,-13.37243275800000000000000000,-0.31629586044669115500000000,BASE_E3,permanent,run_dfea4b7ac1475668d5968c97,168
1672099199999999999,2022-12-26,ETHUSDT,16.102654659000000000000000,-16.284272690700000000000000000,0.2237063167535385456,0E-9,0,0E-27,0E-24,16.102654659000000000000000,0E-24,-16.284272690700000000000000000,0.042088285053538545600000000,BASE_E3,permanent,run_dfea4b7ac1475668d5968c97,168
1672185599999999999,2022-12-27,BTCUSDT,-31.924006638600000000000000,32.20080299100000000000000000,0.2965695241691567850,0E-10,0,0E-27,0E-24,-31.924006638600000000000000,0E-24,32.20080299100000000000000000,0.57336587656915678500000000,BASE_E3,permanent,run_dfea4b7ac1475668d5968c97,168
1672185599999999999,2022-12-27,ETHUSDT,-27.966854370000000000000000,27.966068747730000000000000000,0.4190539503912167322,0E-9,0,0E-27,0E-24,-27.966854370000000000000000,0E-24,27.966068747730000000000000000,0.418268328121216732200000000,BASE_E3,permanent,run_dfea4b7ac1475668d5968c97,168
1672271999999999999,2022-12-28,BTCUSDT,-23.709747623800000000000000,23.70699218100000000000000000,0.4026870450082596000,0E-10,0,0E-27,0E-24,-23.709747623800000000000000,0E-24,23.70699218100000000000000000,0.39993160220825960000000000,BASE_E3,permanent,run_dfea4b7ac1475668d5968c97,168
1672271999999999999,2022-12-28,ETHUSDT,-37.590231588000000000000000,37.484091252270000000000000000,0.2915194376475000000,0E-9,0,0E-27,0E-24,-37.590231588000000000000000,0E-24,37.484091252270000000000000000,0.185379101917500000000000000,BASE_E3,permanent,run_dfea4b7ac1475668d5968c97,168
1672358399999999999,2022-12-29,BTCUSDT,13.800435160000000000000000,-14.04510390300000000000000000,0.7087505188015488000,0E-10,0,0E-27,0E-24,13.800435160000000000000000,0E-24,-14.04510390300000000000000000,0.46408177580154880000000000,BASE_E3,permanent,run_dfea4b7ac1475668d5968c97,168
1672358399999999999,2022-12-29,ETHUSDT,19.542056625000000000000000,-20.067738174000000000000000000,0.5363233450515000000,0E-9,0,0E-27,0E-24,19.542056625000000000000000,0E-24,-20.067738174000000000000000000,0.010641796051500000000000000,BASE_E3,permanent,run_dfea4b7ac1475668d5968c97,168
1672444799999999999,2022-12-30,BTCUSDT,-4.804651501900000000000000,5.15477709000000000000000000,0.6738755564122257600,0E-10,0,0E-27,0E-24,-4.804651501900000000000000,0E-24,5.15477709000000000000000000,1.02400114451222576000000000,BASE_E3,permanent,run_dfea4b7ac1475668d5968c97,168
1672444799999999999,2022-12-30,ETHUSDT,-2.431900380000000000000000,2.801958174000000000000000000,0.6224249323536930000,0E-9,0,0E-27,0E-24,-2.431900380000000000000000,0E-24,2.801958174000000000000000000,0.992482726353693000000000000,BASE_E3,permanent,run_dfea4b7ac1475668d5968c97,168
1672531199999999999,2022-12-31,BTCUSDT,-10.719338005800000000000000,10.21268261850000000000000000,0.7462898996925000000,0E-10,0,0E-27,0E-24,-10.719338005800000000000000,0E-24,10.21268261850000000000000000,0.23963451239250000000000000,BASE_E3,permanent,run_dfea4b7ac1475668d5968c97,168
1672531199999999999,2022-12-31,ETHUSDT,-7.156735404000000000000000,7.095137205420000000000000000,0.6252153101137080000,0E-9,0,0E-27,0E-24,-7.156735404000000000000000,0E-24,7.095137205420000000000000000,0.563617111533708000000000000,BASE_E3,permanent,run_dfea4b7ac1475668d5968c97,168
1672617599999999999,2023-01-01,BTCUSDT,11.991378116200000000000000,-11.26634589150000000000000000,0.5130122881500000000,0E-10,0,0E-27,0E-24,11.991378116200000000000000,0E-24,-11.26634589150000000000000000,1.23804451285000000000000000,BASE_E3,permanent,run_dfea4b7ac1475668d5968c97,168
1672617599999999999,2023-01-01,ETHUSDT,7.931094474000000000000000,-7.671730188060000000000000130,0.6254690424555270000,-0.034083530,0,0.004759271650088846770045841,0E-24,7.931094474000000000000000,0E-24,-7.671730188060000000000000130,0.850749798395526999999999870,BASE_E3,permanent,run_dfea4b7ac1475668d5968c97,168
1672703999999999999,2023-01-02,BTCUSDT,8.818778076700000000000000,-8.96111381700000000000000000,-0.0792655909988338800,0E-10,0,0E-27,0E-24,8.818778076700000000000000,0E-24,-8.96111381700000000000000000,-0.22160133129883388000000000,BASE_E3,permanent,run_dfea4b7ac1475668d5968c97,168
1672703999999999999,2023-01-02,ETHUSDT,24.549616746000000000000000,-23.792904545360000000000000000,0.5594807781576749568,0E-9,0,0E-27,0E-24,24.549616746000000000000000,0E-24,-23.792904545360000000000000000,1.316192978797674956800000000,BASE_E3,permanent,run_dfea4b7ac1475668d5968c97,168
1672790399999999999,2023-01-03,BTCUSDT,-0.100503169100000000000000,0.10500000000000000000000000,0.5582913581893751100,0E-10,0,0E-27,0E-24,-0.100503169100000000000000,0E-24,0.10500000000000000000000000,0.56278818908937511000000000,BASE_E3,permanent,run_dfea4b7ac1475668d5968c97,168
1672790399999999999,2023-01-03,ETHUSDT,0.702421080000000000000000,-1.265423452840000000000000000,0.1933043601557990320,0E-9,0,0E-27,0E-24,0.702421080000000000000000,0E-24,-1.265423452840000000000000000,-0.369698012684200968000000000,BASE_E3,permanent,run_dfea4b7ac1475668d5968c97,168
1672876799999999999,2023-01-04,BTCUSDT,26.795344919900000000000000,-26.77500000000000000000000000,0.3725412940311502050,0E-10,0,0E-27,0E-24,26.795344919900000000000000,0E-24,-26.77500000000000000000000000,0.39288621393115020500000000,BASE_E3,permanent,run_dfea4b7ac1475668d5968c97,168
1672876799999999999,2023-01-04,ETHUSDT,74.597118696000000000000000,-74.685453408840000000000000000,0.6025784461466720000,0E-9,0,0E-27,0E-24,74.597118696000000000000000,0E-24,-74.685453408840000000000000000,0.514243733306672000000000000,BASE_E3,permanent,run_dfea4b7ac1475668d5968c97,168
1672963199999999999,2023-01-05,BTCUSDT,-3.148599282700000000000000,3.30000000000000000000000000,0.4322034280370103600,0E-10,0,0E-27,0E-24,-3.148599282700000000000000,0E-24,3.30000000000000000000000000,0.58360414533701036000000000,BASE_E3,permanent,run_dfea4b7ac1475668d5968c97,168
1672963199999999999,2023-01-05,ETHUSDT,-10.167545133000000000000000,9.989964389680000000000000000,0.6595552314627240000,0E-9,0,0E-27,0E-24,-10.167545133000000000000000,0E-24,9.989964389680000000000000000,0.481974488142724000000000000,BASE_E3,permanent,run_dfea4b7ac1475668d5968c97,168
1673049599999999999,2023-01-06,BTCUSDT,17.747059606300000000000000,-18.07500000000000000000000000,0.5255777285179518750,0E-10,0,0E-27,0E-24,17.747059606300000000000000,0E-24,-18.07500000000000000000000000,0.19763733481795187500000000,BASE_E3,permanent,run_dfea4b7ac1475668d5968c97,168
1673049599999999999,2023-01-06,ETHUSDT,31.503585438000000000000000,-31.098760000000000000000000000,0.6604794946418680000,0E-9,0,0E-27,0E-24,31.503585438000000000000000,0E-24,-31.098760000000000000000000000,1.065304932641868000000000000,BASE_E3,permanent,run_dfea4b7ac1475668d5968c97,168
1673135999999999999,2023-01-07,BTCUSDT,-0.892528143500000000000000,0.94500000000000000000000000,0.3348106813300276500,0E-10,0,0E-27,0E-24,-0.892528143500000000000000,0E-24,0.94500000000000000000000000,0.38728253783002765000000000,BASE_E3,permanent,run_dfea4b7ac1475668d5968c97,168
1673135999999999999,2023-01-07,ETHUSDT,-9.271958256000000000000000,9.145048816920000000000000000,0.3742734763923916328,0E-9,0,0E-27,0E-24,-9.271958256000000000000000,0E-24,9.145048816920000000000000000,0.247364037312391632800000000,BASE_E3,permanent,run_dfea4b7ac1475668d5968c97,168
1673222399999999999,2023-01-08,BTCUSDT,24.599275672700000000000000,-25.53000000000000000000000000,0.5878398413165706750,0E-10,0,0E-27,0E-24,24.599275672700000000000000,0E-24,-25.53000000000000000000000000,-0.34288448598342932500000000,BASE_E3,permanent,run_dfea4b7ac1475668d5968c97,168
1673222399999999999,2023-01-08,ETHUSDT,42.285749016000000000000000,-43.576657184000000000000000000,0.4366951161764061596,0E-9,0,0E-27,0E-24,42.285749016000000000000000,0E-24,-43.576657184000000000000000000,-0.854213051823593840400000000,BASE_E3,permanent,run_dfea4b7ac1475668d5968c97,168
1673308799999999999,2023-01-09,BTCUSDT,11.842873433500000000000000,-10.66898465850000000000000000,0.1551335788499309700,0E-10,0,0E-27,0E-24,11.842873433500000000000000,0E-24,-10.66898465850000000000000000,1.32902235384993097000000000,BASE_E3,permanent,run_dfea4b7ac1475668d5968c97,168
1673308799999999999,2023-01-09,ETHUSDT,58.599478599000000000000000,-58.267631632920000000000000000,0.5076578634593377144,0E-9,0,0E-27,0E-24,58.599478599000000000000000,0E-24,-58.267631632920000000000000000,0.839504829539337714400000000,BASE_E3,permanent,run_dfea4b7ac1475668d5968c97,168
1673395199999999999,2023-01-10,BTCUSDT,37.799691912700000000000000,-37.66051487700000000000000000,0.3933363665197103700,0E-10,0,0E-27,0E-24,37.799691912700000000000000,0E-24,-37.66051487700000000000000000,0.53251340221971037000000000,BASE_E3,permanent,run_dfea4b7ac1475668d5968c97,168
1673395199999999999,2023-01-10,ETHUSDT,24.198406206000000000000000,-23.293467046600000000000000000,0.6984335102414680000,0E-9,0,0E-27,0E-24,24.198406206000000000000000,0E-24,-23.293467046600000000000000000,1.603372669641468000000000000,BASE_E3,permanent,run_dfea4b7ac1475668d5968c97,168
1673481599999999999,2023-01-11,BTCUSDT,75.546882169900000000000000,-76.23093952350000000000000000,0.1314908612223352800,0E-10,0,0E-27,0E-24,75.546882169900000000000000,0E-24,-76.23093952350000000000000000,-0.55256649237766472000000000,BASE_E3,permanent,run_dfea4b7ac1475668d5968c97,168
1673481599999999999,2023-01-11,ETHUSDT,95.248298448000000000000000,-95.700174146320000000000000000,0.5333996236168000000,0E-9,0,0E-27,0E-24,95.248298448000000000000000,0E-24,-95.700174146320000000000000000,0.081523925296800000000000000,BASE_E3,permanent,run_dfea4b7ac1475668d5968c97,168
1673567999999999999,2023-01-12,BTCUSDT,136.751812104500000000000000,-136.61956094100000000000000000,0.7463040340133799000,0E-10,0,0E-27,0E-24,136.751812104500000000000000,0E-24,-136.61956094100000000000000000,0.87855519751337990000000000,BASE_E3,permanent,run_dfea4b7ac1475668d5968c97,168
1673567999999999999,2023-01-12,ETHUSDT,47.641709751000000000000000,-47.913645475600000000000000000,0.7329307718786000000,0E-9,0,0E-27,0E-24,47.641709751000000000000000,0E-24,-47.913645475600000000000000000,0.460995047278600000000000000,BASE_E3,permanent,run_dfea4b7ac1475668d5968c97,168
1673654399999999999,2023-01-13,BTCUSDT,161.765100832000000000000000,-161.43473139150000000000000000,0.7716149447911500000,0E-10,0,0E-27,0E-24,161.765100832000000000000000,0E-24,-161.43473139150000000000000000,1.10198438529115000000000000,BASE_E3,permanent,run_dfea4b7ac1475668d5968c97,168
1673654399999999999,2023-01-13,ETHUSDT,60.899907636000000000000000,-60.073273331480000000000000000,0.7455220602322040000,0E-9,0,0E-27,0E-24,60.899907636000000000000000,0E-24,-60.073273331480000000000000000,1.572156364752204000000000000,BASE_E3,permanent,run_dfea4b7ac1475668d5968c97,168
1673740799999999999,2023-01-14,BTCUSDT,154.383368068700000000000000,-156.50526860850000000000000000,2.0116035650204881050,0E-10,0,0E-27,0E-24,154.383368068700000000000000,0E-24,-156.50526860850000000000000000,-0.11029697477951189500000000,BASE_E3,permanent,run_dfea4b7ac1475668d5968c97,168
1673740799999999999,2023-01-14,ETHUSDT,222.033903676000000000000000,-200.043520000000000000000000252,0.2547394080000000000,-4.144063420,0,0.571243812136504096785455964,-25.884445490657526437784709,247.918349166657526437784709,50.813436559873949579831931,-250.856956559873949579831931252,18.101059663999999999999999748,BASE_E3,permanent,run_dfea4b7ac1475668d5968c97,168
1673827199999999999,2023-01-15,BTCUSDT,-12.718901056700000000000000,11.88000000000000000000000000,1.4426033281611322200,0E-10,0,0E-27,0E-24,-12.718901056700000000000000,0E-24,11.88000000000000000000000000,0.60370227146113222000000000,BASE_E3,permanent,run_dfea4b7ac1475668d5968c97,168
1673827199999999999,2023-01-15,ETHUSDT,-2.7390499919999999999999999,1.788500000000000000000000,0E-19,-8.394277484,0,1.148662189668492495901381151,-2.741694027829952304705684,0.0026440358299523047056841,1.788500000000000000000000,0E-11,-9.3448274759999999999999999,BASE_E3,permanent,run_dfea4b7ac1475668d5968c97,168
1673913599999999999,2023-01-16,BTCUSDT,45.865446244800000000000000,-43.93156701450000000000000000,0.9450187673283000000,0E-10,0,0E-27,0E-24,45.865446244800000000000000,0E-24,-43.93156701450000000000000000,2.87889799762830000000000000,BASE_E3,permanent,run_dfea4b7ac1475668d5968c97,168
1673913599999999999,2023-01-16,ETHUSDT,49.0868862389999999999999999,-52.149552900960000000000000,0E-19,-4.190430464,0,0.577146294067292146136888105,0E-24,49.0868862389999999999999999,0E-24,-52.14955290096,-7.2530971259600000000000001,BASE_E3,permanent,run_dfea4b7ac1475668d5968c97,168
1673999999999999999,2023-01-17,BTCUSDT,-6.535706086100000000000000,6.83878861500000000000000000,0.9524946344128500000,0E-10,0,0E-27,0E-24,-6.535706086100000000000000,0E-24,6.83878861500000000000000000,1.25557716331285000000000000,BASE_E3,permanent,run_dfea4b7ac1475668d5968c97,168
1673999999999999999,2023-01-17,ETHUSDT,-20.831317676000000000000000,21.066443396240000000000000,0.8491655181422320000,0E-9,0,0E-27,0E-24,-20.831317676000000000000000,0E-24,21.06644339624,1.084291238382232000000000,BASE_E3,permanent,run_dfea4b7ac1475668d5968c97,168
1674086399999999999,2023-01-18,BTCUSDT,-69.579694010500000000000000,68.89549383450000000000000000,0.9520629493971000000,0E-10,0,0E-27,0E-24,-69.579694010500000000000000,0E-24,68.89549383450000000000000000,0.26786277339710000000000000,BASE_E3,permanent,run_dfea4b7ac1475668d5968c97,168
1674086399999999999,2023-01-18,ETHUSDT,-95.560966813000000000000000,95.477860418500000000000000,0.8466145731168900000,0E-9,0,0E-27,0E-24,-95.560966813000000000000000,0E-24,95.47786041850,0.763508178616890000000000,BASE_E3,permanent,run_dfea4b7ac1475668d5968c97,168
1674172799999999999,2023-01-19,BTCUSDT,60.784916690600000000000000,-59.85324039300000000000000000,0.9355603244952000000,0E-10,0,0E-27,0E-24,60.784916690600000000000000,0E-24,-59.85324039300000000000000000,1.86723662209520000000000000,BASE_E3,permanent,run_dfea4b7ac1475668d5968c97,168
1674172799999999999,2023-01-19,ETHUSDT,70.837292201000000000000000,-71.296410913780000000000000,0.8241937332705440000,0E-9,0,0E-27,0E-24,70.837292201000000000000000,0E-24,-71.29641091378,0.365075020490544000000000,BASE_E3,permanent,run_dfea4b7ac1475668d5968c97,168
1674259199999999999,2023-01-20,BTCUSDT,241.296108630700000000000000,-241.54579643550000000000000000,0.9474919108590000000,0E-10,0,0E-27,0E-24,241.296108630700000000000000,0E-24,-241.54579643550000000000000000,0.69780410605900000000000000,BASE_E3,permanent,run_dfea4b7ac1475668d5968c97,168
1674259199999999999,2023-01-20,ETHUSDT,195.050330904000000000000000,-195.769280000000000000000000,0.8405823526600360000,0E-9,0,0E-27,0E-24,195.050330904000000000000000,0E-24,-195.76928000000,0.121633256660036000000000,BASE_E3,permanent,run_dfea4b7ac1475668d5968c97,168
1674345599999999999,2023-01-21,BTCUSDT,12.901906827300000000000000,-13.31867860650000000000000000,1.0244148659178000000,0E-10,0,0E-27,0E-24,12.901906827300000000000000,0E-24,-13.31867860650000000000000000,0.60764308671780000000000000,BASE_E3,permanent,run_dfea4b7ac1475668d5968c97,168
1674345599999999999,2023-01-21,ETHUSDT,-60.691935928000000000000000,60.436408228660000000000000,0.8935293997459780000,0E-9,0,0E-27,0E-24,-60.691935928000000000000000,0E-24,60.43640822866,0.638001700405978000000000,BASE_E3,permanent,run_dfea4b7ac1475668d5968c97,168
1674431999999999999,2023-01-22,BTCUSDT,-8.416765400300000000000000,8.94493452300000000000000000,1.0270263727186500000,0E-10,0,0E-27,0E-24,-8.416765400300000000000000,0E-24,8.94493452300000000000000000,1.55519549541865000000000000,BASE_E3,permanent,run_dfea4b7ac1475668d5968c97,168
1674431999999999999,2023-01-22,ETHUSDT,2.504803769000000000000000,-2.267848228660000000000000,0.8812700543248620000,0E-9,0,0E-27,0E-24,2.504803769000000000000000,0E-24,-2.26784822866,1.118225594664862000000000,BASE_E3,permanent,run_dfea4b7ac1475668d5968c97,168
1674518399999999999,2023-01-23,BTCUSDT,29.655935121000000000000000,-29.98993452300000000000000000,1.0237819348654500000,0E-10,0,0E-27,0E-24,29.655935121000000000000000,0E-24,-29.98993452300000000000000000,0.68978253286545000000000000,BASE_E3,permanent,run_dfea4b7ac1475668d5968c97,168
1674518399999999999,2023-01-23,ETHUSDT,-2.739065992000000000000000,3.207560000000000000000000,0.8903289154876070352,0E-9,0,0E-27,0E-24,-2.739065992000000000000000,0E-24,3.20756000000,1.358822923487607035200000,BASE_E3,permanent,run_dfea4b7ac1475668d5968c97,168
1674604799999999999,2023-01-24,BTCUSDT,-42.433338022400000000000000,43.20000000000000000000000000,1.0333191843691500000,0E-10,0,0E-27,0E-24,-42.433338022400000000000000,0E-24,43.20000000000000000000000000,1.79998116196915000000000000,BASE_E3,permanent,run_dfea4b7ac1475668d5968c97,168
1674604799999999999,2023-01-24,ETHUSDT,-126.285358368000000000000000,127.060286733920000000000000,0.8800473843252340000,0E-9,0,0E-27,0E-24,-126.285358368000000000000000,0E-24,127.06028673392,1.654975750245234000000000,BASE_E3,permanent,run_dfea4b7ac1475668d5968c97,168
1674691199999999999,2023-01-25,BTCUSDT,59.823120167300000000000000,-61.56618815028000000000000028,0.9461914308313020000,-0.5436702400,0,0.072896344300220924699651040,-60.042484037142829653729469,119.865604204442829653729469,60.074076014434947768281101,-121.64026416471494776828110128,-1.34054679214869800000000028,BASE_E3,permanent,run_dfea4b7ac1475668d5968c97,168
1674691199999999999,2023-01-25,ETHUSDT,101.219300507000000000000000,-100.841186733920000000000000,0.8384009846008060000,0E-9,0,0E-27,0E-24,101.219300507000000000000000,0E-24,-100.84118673392,1.216514757680806000000000,BASE_E3,permanent,run_dfea4b7ac1475668d5968c97,168
1674777599999999999,2023-01-26,BTCUSDT,-8.235930705800000000000000,10.17501540318000000000000000,0.9241926691313320000,0E-10,0,0E-27,0E-24,-8.235930705800000000000000,0E-24,10.17501540318000000000000000,2.86327736651133200000000000,BASE_E3,permanent,run_dfea4b7ac1475668d5968c97,168
1674777599999999999,2023-01-26,ETHUSDT,-17.876009632000000000000000,17.713660000000000000000000,0.8659669505253480000,0E-9,0,0E-27,0E-24,-17.876009632000000000000000,0E-24,17.71366000000,0.703617318525348000000000,BASE_E3,permanent,run_dfea4b7ac1475668d5968c97,168
1674863999999999999,2023-01-27,BTCUSDT,7.205434332100000000000000,-7.08414453216000000000000000,0.9107651426390760000,0E-10,0,0E-27,0E-24,7.205434332100000000000000,0E-24,-7.08414453216000000000000000,1.03205494257907600000000000,BASE_E3,permanent,run_dfea4b7ac1475668d5968c97,168
1674863999999999999,2023-01-27,ETHUSDT,-8.595621567000000000000000,9.362359818380000000000000,0.8581663551902740000,0E-9,0,0E-27,0E-24,-8.595621567000000000000000,0E-24,9.36235981838,1.624904606570274000000000,BASE_E3,permanent,run_dfea4b7ac1475668d5968c97,168
1674950399999999999,2023-01-28,BTCUSDT,-5.503574261100000000000000,5.07141958990000000000000000,0.9253758600000000000,0E-10,0,0E-27,0E-24,-5.503574261100000000000000,0E-24,5.07141958990000000000000000,0.49322118880000000000000000,BASE_E3,permanent,run_dfea4b7ac1475668d5968c97,168
1674950399999999999,2023-01-28,ETHUSDT,-42.779885954000000000000000,41.850480181620000000000000,0.8590441660685800000,0E-9,0,0E-27,0E-24,-42.779885954000000000000000,0E-24,41.85048018162,-0.070361606311420000000000,BASE_E3,permanent,run_dfea4b7ac1475668d5968c97,168
1675036799999999999,2023-01-29,BTCUSDT,97.002003905100000000000000,-97.76890231064000000000000000,0.9345631176610240000,0E-10,0,0E-27,0E-24,97.002003905100000000000000,0E-24,-97.76890231064000000000000000,0.16766471212102400000000000,BASE_E3,permanent,run_dfea4b7ac1475668d5968c97,168
1675036799999999999,2023-01-29,ETHUSDT,129.961473252000000000000000,-131.744220000000000000000000,0.8604398481695180000,0E-9,0,0E-27,0E-24,129.961473252000000000000000,0E-24,-131.74422000000,-0.922306899830482000000000,BASE_E3,permanent,run_dfea4b7ac1475668d5968c97,168
1675123199999999999,2023-01-30,BTCUSDT,-123.343313681200000000000000,123.84280000000000000000000000,0.9455974896657820000,0E-10,0,0E-27,0E-24,-123.343313681200000000000000,0E-24,123.84280000000000000000000000,1.44508380846578200000000000,BASE_E3,permanent,run_dfea4b7ac1475668d5968c97,168
1675123199999999999,2023-01-30,ETHUSDT,-145.072216014000000000000000,146.570394050279999999999999310,0.8755361964536520000,-0.285424894,0,0.039311170988837519708339031,0E-24,-145.072216014000000000000000,0E-24,146.570394050279999999999999310,2.088289338733651999999999310,BASE_E3,permanent,run_dfea4b7ac1475668d5968c97,168
1675209599999999999,2023-01-31,BTCUSDT,40.009792236100000000000000,-39.66703429466000000000000000,0.9233123207844100000,0E-10,0,0E-27,0E-24,40.009792236100000000000000,0E-24,-39.66703429466000000000000000,1.26607026222441000000000000,BASE_E3,permanent,run_dfea4b7ac1475668d5968c97,168
1675209599999999999,2023-01-31,ETHUSDT,36.173863658000000000000000,-36.189482938020000000000000000,0.9099536498078280000,0E-9,0,0E-27,0E-24,36.173863658000000000000000,0E-24,-36.189482938020000000000000000,0.894334369787828000000000000,BASE_E3,permanent,run_dfea4b7ac1475668d5968c97,168
1675295999999999999,2023-02-01,BTCUSDT,78.327104732300000000000000,-79.21342340452000000000000000,0.9269180726650260000,0E-10,0,0E-27,0E-24,78.327104732300000000000000,0E-24,-79.21342340452000000000000000,0.04059940044502600000000000,BASE_E3,permanent,run_dfea4b7ac1475668d5968c97,168
1675295999999999999,2023-02-01,ETHUSDT,106.176632756000000000000000,-106.508610873480000000000000000,0.9101515079528760000,0E-9,0,0E-27,0E-24,106.176632756000000000000000,0E-24,-106.508610873480000000000000000,0.578173390472876000000000000,BASE_E3,permanent,run_dfea4b7ac1475668d5968c97,168
1675382399999999999,2023-02-02,BTCUSDT,-35.550114821700000000000000,35.65527429636000000000000000,0.9562400562078980000,0E-10,0,0E-27,0E-24,-35.550114821700000000000000,0E-24,35.65527429636000000000000000,1.06139953086789800000000000,BASE_E3,permanent,run_dfea4b7ac1475668d5968c97,168
1675382399999999999,2023-02-02,ETHUSDT,-1.422351706000000000000000,0.538271033940000000000000000,0.9582431513791060000,0E-9,0,0E-27,0E-24,-1.422351706000000000000000,0E-24,0.538271033940000000000000000,0.074162479319106000000000000,BASE_E3,permanent,run_dfea4b7ac1475668d5968c97,168
1675468799999999999,2023-02-03,BTCUSDT,-2.361163342600000000000000,3.24058340282000000000000000,0.9452966195097340000,0E-10,0,0E-27,0E-24,-2.361163342600000000000000,0E-24,3.24058340282000000000000000,1.82471667972973400000000000,BASE_E3,permanent,run_dfea4b7ac1475668d5968c97,168
1675468799999999999,2023-02-03,ETHUSDT,45.707464282000000000000000,-45.087711272720000000000000000,0.9504391129297400000,0E-9,0,0E-27,0E-24,45.707464282000000000000000,0E-24,-45.087711272720000000000000000,1.570192122209740000000000000,BASE_E3,permanent,run_dfea4b7ac1475668d5968c97,168
1675555199999999999,2023-02-04,BTCUSDT,-14.748560583800000000000000,14.33800000000000000000000000,0.9403423200000000000,0E-10,0,0E-27,0E-24,-14.748560583800000000000000,0E-24,14.33800000000000000000000000,0.52978173620000000000000000,BASE_E3,permanent,run_dfea4b7ac1475668d5968c97,168
1675555199999999999,2023-02-04,ETHUSDT,4.497706746000000000000000,-4.118013543360000000000000000,0.9614208683816480000,0E-9,0,0E-27,0E-24,4.497706746000000000000000,0E-24,-4.118013543360000000000000000,1.341114071021648000000000000,BASE_E3,permanent,run_dfea4b7ac1475668d5968c97,168
1675641599999999999,2023-02-05,BTCUSDT,-52.438730943600000000000000,52.59731265240000000000000000,0.9352313783806880000,0E-10,0,0E-27,0E-24,-52.438730943600000000000000,0E-24,52.59731265240000000000000000,1.09381308718068800000000000,BASE_E3,permanent,run_dfea4b7ac1475668d5968c97,168
1675641599999999999,2023-02-05,ETHUSDT,-71.117585300000000000000000,71.407233543360000000000000000,0.9569923266641940000,0E-9,0,0E-27,0E-24,-71.117585300000000000000000,0E-24,71.407233543360000000000000000,1.246640570024194000000000000,BASE_E3,permanent,run_dfea4b7ac1475668d5968c97,168
1675727999999999999,2023-02-06,BTCUSDT,-23.706776784300000000000000,23.71397368860000000000000000,0.9225062057223800000,0E-10,0,0E-27,0E-24,-23.706776784300000000000000,0E-24,23.71397368860000000000000000,0.92970311002238000000000000,BASE_E3,permanent,run_dfea4b7ac1475668d5968c97,168
1675727999999999999,2023-02-06,ETHUSDT,-29.138989004000000000000000,29.940940409400000000000000000,0.9441402160000000000,0E-9,0,0E-27,0E-24,-29.138989004000000000000000,0E-24,29.940940409400000000000000000,1.746091621400000000000000000,BASE_E3,permanent,run_dfea4b7ac1475668d5968c97,168
1675814399999999999,2023-02-07,BTCUSDT,65.990629288500000000000000,-66.14531251412000000000000000,0.9187467594971500000,0E-10,0,0E-27,0E-24,65.990629288500000000000000,0E-24,-66.14531251412000000000000000,0.76406353387715000000000000,BASE_E3,permanent,run_dfea4b7ac1475668d5968c97,168
1675814399999999999,2023-02-07,ETHUSDT,110.174594308000000000000000,-110.476944515320000000000000000,0.9371828741175760000,0E-9,0,0E-27,0E-24,110.174594308000000000000000,0E-24,-110.476944515320000000000000000,0.634832666797576000000000000,BASE_E3,permanent,run_dfea4b7ac1475668d5968c97,168
1675900799999999999,2023-02-08,BTCUSDT,-39.643959323200000000000000,39.90982617312000000000000000,0.9289741140175480000,0E-10,0,0E-27,0E-24,-39.643959323200000000000000,0E-24,39.90982617312000000000000000,1.19484096393754800000000000,BASE_E3,permanent,run_dfea4b7ac1475668d5968c97,168
1675900799999999999,2023-02-08,ETHUSDT,-40.210267148000000000000000,39.699961776060000000000000000,0.9613636147193560000,0E-9,0,0E-27,0E-24,-40.210267148000000000000000,0E-24,39.699961776060000000000000000,0.451058242779356000000000000,BASE_E3,permanent,run_dfea4b7ac1475668d5968c97,168
1675987199999999999,2023-02-09,BTCUSDT,-155.180157434600000000000000,155.25240000000000000000000000,0.9142632400000000000,0E-10,0,0E-27,0E-24,-155.180157434600000000000000,0E-24,155.25240000000000000000000000,0.98650580540000000000000000,BASE_E3,permanent,run_dfea4b7ac1475668d5968c97,168
1675987199999999999,2023-02-09,ETHUSDT,-201.551080934000000000000000,202.764542329860000000000000000,0.9441445228598840000,0E-9,0,0E-27,0E-24,-201.551080934000000000000000,0E-24,202.764542329860000000000000000,2.157605918719884000000000000,BASE_E3,permanent,run_dfea4b7ac1475668d5968c97,168
1676073599999999999,2023-02-10,BTCUSDT,-21.210268664400000000000000,21.78840000000000000000000000,0.8755801200000000000,0E-10,0,0E-27,0E-24,-21.210268664400000000000000,0E-24,21.78840000000000000000000000,1.45371145560000000000000000,BASE_E3,permanent,run_dfea4b7ac1475668d5968c97,168
1676073599999999999,2023-02-10,ETHUSDT,-60.488389443000000000000000,60.427680000000000000000000000,0.7928379899707458296,0E-9,0,0E-27,0E-24,-60.488389443000000000000000,0E-24,60.427680000000000000000000000,0.732128546970745829600000000,BASE_E3,permanent,run_dfea4b7ac1475668d5968c97,168
1676159999999999999,2023-02-11,BTCUSDT,29.702148404500000000000000,-29.39960000000000000000000000,0.5370843575935885840,0E-10,0,0E-27,0E-24,29.702148404500000000000000,0E-24,-29.39960000000000000000000000,0.83963276209358858400000000,BASE_E3,permanent,run_dfea4b7ac1475668d5968c97,168
1676159999999999999,2023-02-11,ETHUSDT,46.284093352000000000000000,-46.360421636340000000000000000,0.2129834140583421192,0E-9,0,0E-27,0E-24,46.284093352000000000000000,0E-24,-46.360421636340000000000000000,0.136655129718342119200000000,BASE_E3,permanent,run_dfea4b7ac1475668d5968c97,168
1676246399999999999,2023-02-12,BTCUSDT,-9.821206661700000000000000,9.05840000000000000000000000,0.5151623713793204660,0E-10,0,0E-27,0E-24,-9.821206661700000000000000,0E-24,9.05840000000000000000000000,-0.24764429032067953400000000,BASE_E3,permanent,run_dfea4b7ac1475668d5968c97,168
1676246399999999999,2023-02-12,ETHUSDT,-44.342775483000000000000000,43.573521636340000000000000000,0.4921062910682352860,0E-9,0,0E-27,0E-24,-44.342775483000000000000000,0E-24,43.573521636340000000000000000,-0.277147555591764714000000000,BASE_E3,permanent,run_dfea4b7ac1475668d5968c97,168
1676332799999999999,2023-02-13,BTCUSDT,-1.650938273600000000000000,0.47153545956000000000000000,0.5345210244957234604,0E-10,0,0E-27,0E-24,-1.650938273600000000000000,0E-24,0.47153545956000000000000000,-0.64488178954427653960000000,BASE_E3,permanent,run_dfea4b7ac1475668d5968c97,168
1676332799999999999,2023-02-13,ETHUSDT,-14.861475117000000000000000,14.775886367679999999999999762,0.5332200399736092652,-0.315384421,0,0.042820810736623280089614818,0E-24,-14.861475117000000000000000,0E-24,14.775886367679999999999999762,0.132246869653609265199999762,BASE_E3,permanent,run_dfea4b7ac1475668d5968c97,168
1676419199999999999,2023-02-14,BTCUSDT,57.521530352500000000000000,-55.66700446564000000000000000,0.8456376327373649526,0E-10,0,0E-27,0E-24,57.521530352500000000000000,0E-24,-55.66700446564000000000000000,2.70016351959736495260000000,BASE_E3,permanent,run_dfea4b7ac1475668d5968c97,168
1676419199999999999,2023-02-14,ETHUSDT,103.594910412000000000000000,-101.817806052960000000000000000,0.2920778408208494208,0E-9,0,0E-27,0E-24,103.594910412000000000000000,0E-24,-101.817806052960000000000000000,2.069182199860849420800000000,BASE_E3,permanent,run_dfea4b7ac1475668d5968c97,168
1676505599999999999,2023-02-15,BTCUSDT,286.086698077000000000000000,-288.92529906684000000000000000,0.4256968819974823642,0E-10,0,0E-27,0E-24,286.086698077000000000000000,0E-24,-288.92529906684000000000000000,-2.41290410784251763580000000,BASE_E3,permanent,run_dfea4b7ac1475668d5968c97,168
1676505599999999999,2023-02-15,ETHUSDT,248.656681756000000000000000,-251.005122472800000000000000000,0.3693139267789744080,0E-9,0,0E-27,0E-24,248.656681756000000000000000,0E-24,-251.005122472800000000000000000,-1.979126790021025592000000000,BASE_E3,permanent,run_dfea4b7ac1475668d5968c97,168
1676591999999999999,2023-02-16,BTCUSDT,-101.871735793300000000000000,100.25416807292000000000000000,1.4351836118453727684,0E-10,0,0E-27,0E-24,-101.871735793300000000000000,0E-24,100.25416807292000000000000000,-0.18238410853462723160000000,BASE_E3,permanent,run_dfea4b7ac1475668d5968c97,168
1676591999999999999,2023-02-16,ETHUSDT,-74.574299924000000000000000,72.690362158080000000000000000,1.1951957190950400000,0E-9,0,0E-27,0E-24,-74.574299924000000000000000,0E-24,72.690362158080000000000000000,-0.688742046824960000000000000,BASE_E3,permanent,run_dfea4b7ac1475668d5968c97,168
1676678399999999999,2023-02-17,BTCUSDT,132.368532246700000000000000,-130.68502956846000000000000000,0.9553811400000000000,0E-10,0,0E-27,0E-24,132.368532246700000000000000,0E-24,-130.68502956846000000000000000,2.63888381824000000000000000,BASE_E3,permanent,run_dfea4b7ac1475668d5968c97,168
1676678399999999999,2023-02-17,ETHUSDT,110.839742760000000000000000,-109.164960000000000000000000000,1.0249879883501760000,0E-9,0,0E-27,0E-24,110.839742760000000000000000,0E-24,-109.164960000000000000000000000,2.699770748350176000000000000,BASE_E3,permanent,run_dfea4b7ac1475668d5968c97,168
1676764799999999999,2023-02-18,BTCUSDT,9.496915215100000000000000,-8.99721495680000000000000000,0.9888211246563340000,0E-10,0,0E-27,0E-24,9.496915215100000000000000,0E-24,-8.99721495680000000000000000,1.48852138295633400000000000,BASE_E3,permanent,run_dfea4b7ac1475668d5968c97,168
1676764799999999999,2023-02-18,ETHUSDT,-3.839141928000000000000000,3.976492038720000000000000000,1.0487490444164640000,0E-9,0,0E-27,0E-24,-3.839141928000000000000000,0E-24,3.976492038720000000000000000,1.186099155136464000000000000,BASE_E3,permanent,run_dfea4b7ac1475668d5968c97,168
1676851199999999999,2023-02-19,BTCUSDT,-45.152893773500000000000000,46.27766240774000000000000000,0.9935322117697460000,0E-10,0,0E-27,0E-24,-45.152893773500000000000000,0E-24,46.27766240774000000000000000,2.11830084600974600000000000,BASE_E3,permanent,run_dfea4b7ac1475668d5968c97,168
1676851199999999999,2023-02-19,ETHUSDT,-21.115280604000000000000000,21.324878378880000000000000000,1.0518718725753600000,0E-9,0,0E-27,0E-24,-21.115280604000000000000000,0E-24,21.324878378880000000000000000,1.261469647455360000000000000,BASE_E3,permanent,run_dfea4b7ac1475668d5968c97,168
1676937599999999999,2023-02-20,BTCUSDT,73.084839694700000000000000,-74.15928425362000000000000000,0.9878474751624680000,0E-10,0,0E-27,0E-24,73.084839694700000000000000,0E-24,-74.15928425362000000000000000,-0.08659708375753200000000000,BASE_E3,permanent,run_dfea4b7ac1475668d5968c97,168
1676937599999999999,2023-02-20,ETHUSDT,45.584918888000000000000000,-46.543950417599999999999999854,1.0492556946099840000,-0.697906755,0,0.097595567995214652942037914,42.800270429546968463394266,2.784648458453031536605734,-43.622410755813953488372093,-2.921539661786046511627906854,-0.607682589990015999999999854,BASE_E3,permanent,run_dfea4b7ac1475668d5968c97,168
1677023999999999999,2023-02-21,BTCUSDT,-53.769397912500000000000000,55.35226637114000000000000000,0.9970576329010260000,0E-10,0,0E-27,0E-24,-53.769397912500000000000000,0E-24,55.35226637114000000000000000,2.57992609154102600000000000,BASE_E3,permanent,run_dfea4b7ac1475668d5968c97,168
1677023999999999999,2023-02-21,ETHUSDT,-79.809401888000000000000000,81.150210000000000000000000000,0.9097567841625300000,0E-9,0,0E-27,0E-24,-79.809401888000000000000000,0E-24,81.150210000000000000000000000,2.250564896162530000000000000,BASE_E3,permanent,run_dfea4b7ac1475668d5968c97,168
1677110399999999999,2023-02-22,BTCUSDT,-31.605360919400000000000000,31.82339999999999999999999953,0.9246795100000000000,-0.3297778200,0,0.044320582629573521186641860,-17.827337270892841680222826,-13.778023648507158319777174,17.758167758119658119658119,14.06523224188034188034188053,0.81294077059999999999999953,BASE_E3,permanent,run_dfea4b7ac1475668d5968c97,168
1677110399999999999,2023-02-22,ETHUSDT,-27.797170496000000000000000,28.489539749670000000000000000,0.8804649158739630000,0E-9,0,0E-27,0E-24,-27.797170496000000000000000,0E-24,28.489539749670000000000000000,1.572834169543963000000000000,BASE_E3,permanent,run_dfea4b7ac1475668d5968c97,168
1677196799999999999,2023-02-23,BTCUSDT,-32.184967833100000000000000,32.38496654375000000000000000,0.5176280963810000000,0E-10,0,0E-27,0E-24,-32.184967833100000000000000,0E-24,32.38496654375000000000000000,0.71762680703100000000000000,BASE_E3,permanent,run_dfea4b7ac1475668d5968c97,168
1677196799999999999,2023-02-23,ETHUSDT,11.785140584000000000000000,-11.647774177470000000000000000,0.6309495114367362408,0E-9,0,0E-27,0E-24,11.785140584000000000000000,0E-24,-11.647774177470000000000000000,0.768315917966736240800000000,BASE_E3,permanent,run_dfea4b7ac1475668d5968c97,168
1677283199999999999,2023-02-24,BTCUSDT,-92.753509660000000000000000,92.43480809750000000000000000,0.4549514867802560000,0E-10,0,0E-27,0E-24,-92.753509660000000000000000,0E-24,92.43480809750000000000000000,0.13624992428025600000000000,BASE_E3,permanent,run_dfea4b7ac1475668d5968c97,168
1677283199999999999,2023-02-24,ETHUSDT,-74.991464476000000000000000,74.427594427800000000000000000,0.5424820894258174080,0E-9,0,0E-27,0E-24,-74.991464476000000000000000,0E-24,74.427594427800000000000000000,-0.021387958774182592000000000,BASE_E3,permanent,run_dfea4b7ac1475668d5968c97,168
1677369599999999999,2023-02-25,BTCUSDT,-2.747603965400000000000000,2.54856390625000000000000000,0.0505132617783114375,0E-10,0,0E-27,0E-24,-2.747603965400000000000000,0E-24,2.54856390625000000000000000,-0.14852679737168856250000000,BASE_E3,permanent,run_dfea4b7ac1475668d5968c97,168
1677369599999999999,2023-02-25,ETHUSDT,-24.018044868000000000000000,24.100838855010000000000000000,0.6620257432710000000,0E-9,0,0E-27,0E-24,-24.018044868000000000000000,0E-24,24.100838855010000000000000000,0.744819730281000000000000000,BASE_E3,permanent,run_dfea4b7ac1475668d5968c97,168
1677455999999999999,2023-02-26,BTCUSDT,48.861848862400000000000000,-48.56833854750000000000000000,0.4843270063017428000,0E-10,0,0E-27,0E-24,48.861848862400000000000000,0E-24,-48.56833854750000000000000000,0.77783732120174280000000000,BASE_E3,permanent,run_dfea4b7ac1475668d5968c97,168
1677455999999999999,2023-02-26,ETHUSDT,83.713901352000000000000000,-83.615768855010000000000000000,0.2018397178776919608,0E-9,0,0E-27,0E-24,83.713901352000000000000000,0E-24,-83.615768855010000000000000000,0.299972214867691960800000000,BASE_E3,permanent,run_dfea4b7ac1475668d5968c97,168
1677542399999999999,2023-02-27,BTCUSDT,-8.046554470100000000000000,8.02072084000000000000000000,0.4756054588007325000,0E-10,0,0E-27,0E-24,-8.046554470100000000000000,0E-24,8.02072084000000000000000000,0.44977182870073250000000000,BASE_E3,permanent,run_dfea4b7ac1475668d5968c97,168
1677542399999999999,2023-02-27,ETHUSDT,-14.059780180000000000000000,14.223521674710000000000000000,0.7240772812811490729,0E-9,0,0E-27,0E-24,-14.059780180000000000000000,0E-24,14.223521674710000000000000000,0.887818775991149072900000000,BASE_E3,permanent,run_dfea4b7ac1475668d5968c97,168
1677628799999999999,2023-02-28,BTCUSDT,-46.516760127600000000000000,46.81643623750000000000000000,0.3326887108768323875,0E-10,0,0E-27,0E-24,-46.516760127600000000000000,0E-24,46.81643623750000000000000000,0.63236482077683238750000000,BASE_E3,permanent,run_dfea4b7ac1475668d5968c97,168
1677628799999999999,2023-02-28,ETHUSDT,-53.964481124000000000000000,53.655378325290000000000000000,0.4607351390472374565,0E-9,0,0E-27,0E-24,-53.964481124000000000000000,0E-24,53.655378325290000000000000000,0.151632340337237456500000000,BASE_E3,permanent,run_dfea4b7ac1475668d5968c97,168
1677715199999999999,2023-03-01,BTCUSDT,68.204918212300000000000000,-68.83564218497999999999999951,0.6312031889798480000,-0.2434040517,0,0.032911149699458330166761556,0E-24,68.204918212300000000000000,0E-24,-68.83564218497999999999999951,-0.24292483540015199999999951,BASE_E3,permanent,run_dfea4b7ac1475668d5968c97,168
1677715199999999999,2023-03-01,ETHUSDT,112.030477740000000000000000,-111.847950000000000000000000000,0.6021875106803340000,0E-9,0,0E-27,0E-24,112.030477740000000000000000,0E-24,-111.847950000000000000000000000,0.784715250680334000000000000,BASE_E3,permanent,run_dfea4b7ac1475668d5968c97,168
1677801599999999999,2023-03-02,BTCUSDT,-23.509254854800000000000000,23.99588510748000000000000000,0.7959376924135443048,0E-10,0,0E-27,0E-24,-23.509254854800000000000000,0E-24,23.99588510748000000000000000,1.28256794509354430480000000,BASE_E3,permanent,run_dfea4b7ac1475668d5968c97,168
1677801599999999999,2023-03-02,ETHUSDT,-33.618098596000000000000000,33.151410000000000000000000000,0.8182959405853971384,0E-9,0,0E-27,0E-24,-33.618098596000000000000000,0E-24,33.151410000000000000000000000,0.351607344585397138400000000,BASE_E3,permanent,run_dfea4b7ac1475668d5968c97,168
1677887999999999999,2023-03-03,BTCUSDT,-147.225569961600000000000000,147.31526213712000000000000000,0.1789799014430751720,0E-10,0,0E-27,0E-24,-147.225569961600000000000000,0E-24,147.31526213712000000000000000,0.26867207696307517200000000,BASE_E3,permanent,run_dfea4b7ac1475668d5968c97,168
1677887999999999999,2023-03-03,ETHUSDT,-140.615712348000000000000000,141.188224904640000000000000000,0.1553739137498100861,0E-9,0,0E-27,0E-24,-140.615712348000000000000000,0E-24,141.188224904640000000000000000,0.727886470389810086100000000,BASE_E3,permanent,run_dfea4b7ac1475668d5968c97,168
1677974399999999999,2023-03-04,BTCUSDT,0.266655594400000000000000,-0.21455633232000000000000000,0.1900287132659223792,0E-10,0,0E-27,0E-24,0.266655594400000000000000,0E-24,-0.21455633232000000000000000,0.24212797534592237920000000,BASE_E3,permanent,run_dfea4b7ac1475668d5968c97,168
1677974399999999999,2023-03-04,ETHUSDT,-3.600020148000000000000000,3.555482221170000000000000000,0.3014269418642309352,0E-9,0,0E-27,0E-24,-3.600020148000000000000000,0E-24,3.555482221170000000000000000,0.256889015034230935200000000,BASE_E3,permanent,run_dfea4b7ac1475668d5968c97,168
1678060799999999999,2023-03-05,BTCUSDT,10.263600230000000000000000,-10.56549963480000000000000000,0.1810182733302104040,0E-10,0,0E-27,0E-24,10.263600230000000000000000,0E-24,-10.56549963480000000000000000,-0.12088113146978959600000000,BASE_E3,permanent,run_dfea4b7ac1475668d5968c97,168
1678060799999999999,2023-03-05,ETHUSDT,-4.477637000000000000000000,4.501839690000000000000000000,0.3864977762772410838,0E-9,0,0E-27,0E-24,-4.477637000000000000000000,0E-24,4.501839690000000000000000000,0.410700466277241083800000000,BASE_E3,permanent,run_dfea4b7ac1475668d5968c97,168
1678147199999999999,2023-03-06,BTCUSDT,-2.017077961600000000000000,2.36839383000000000000000000,0.4424039062353248712,0E-10,0,0E-27,0E-24,-2.017077961600000000000000,0E-24,2.36839383000000000000000000,0.79371977463532487120000000,BASE_E3,permanent,run_dfea4b7ac1475668d5968c97,168
1678147199999999999,2023-03-06,ETHUSDT,1.780224577000000000000000,-1.871916815810000000000000832,0.4292324756015428080,-0.346066299,0,0.047242700711569856499358169,0E-24,1.780224577000000000000000,0E-24,-1.871916815810000000000000832,-0.008526062208457192000000832,BASE_E3,permanent,run_dfea4b7ac1475668d5968c97,168
1678233599999999999,2023-03-07,BTCUSDT,-27.975076022400000000000000,27.97080000000000000000000000,0.2415493816020082248,0E-10,0,0E-27,0E-24,-27.975076022400000000000000,0E-24,27.97080000000000000000000000,0.23727335920200822480000000,BASE_E3,permanent,run_dfea4b7ac1475668d5968c97,168
1678233599999999999,2023-03-07,ETHUSDT,-8.774649411000000000000000,8.755240000000000000000000000,0.4211298386933100749,0E-9,0,0E-27,0E-24,-8.774649411000000000000000,0E-24,8.755240000000000000000000000,0.401720427693310074900000000,BASE_E3,permanent,run_dfea4b7ac1475668d5968c97,168
1678319999999999999,2023-03-08,BTCUSDT,-65.194652676400000000000000,64.98360000000000000000000000,0.4881824582306801448,0E-10,0,0E-27,0E-24,-65.194652676400000000000000,0E-24,64.98360000000000000000000000,0.27712978183068014480000000,BASE_E3,permanent,run_dfea4b7ac1475668d5968c97,168
1678319999999999999,2023-03-08,ETHUSDT,-56.734984823000000000000000,56.838148037710000000000000000,0.7138310768068310298,0E-9,0,0E-27,0E-24,-56.734984823000000000000000,0E-24,56.838148037710000000000000000,0.816994291516831029800000000,BASE_E3,permanent,run_dfea4b7ac1475668d5968c97,168
1678406399999999999,2023-03-09,BTCUSDT,-175.539905824400000000000000,175.66560000000000000000000000,0.8582178000000000000,0E-10,0,0E-27,0E-24,-175.539905824400000000000000,0E-24,175.66560000000000000000000000,0.98391197560000000000000000,BASE_E3,permanent,run_dfea4b7ac1475668d5968c97,168
1678406399999999999,2023-03-09,ETHUSDT,-182.253148583000000000000000,182.536311962290000000000000000,0.6038669107199920087,0E-9,0,0E-27,0E-24,-182.253148583000000000000000,0E-24,182.536311962290000000000000000,0.887030290009992008700000000,BASE_E3,permanent,run_dfea4b7ac1475668d5968c97,168
1678492799999999999,2023-03-10,BTCUSDT,-29.004736238400000000000000,28.54758176952000000000000000,-0.2685646471295108244,0E-10,0,0E-27,0E-24,-29.004736238400000000000000,0E-24,28.54758176952000000000000000,-0.72571911600951082440000000,BASE_E3,permanent,run_dfea4b7ac1475668d5968c97,168
1678492799999999999,2023-03-10,ETHUSDT,-22.779222312000000000000000,21.791250000000000000000000000,-0.2478334083224440129,0E-9,0,0E-27,0E-24,-22.779222312000000000000000,0E-24,21.791250000000000000000000000,-1.235805720322444012900000000,BASE_E3,permanent,run_dfea4b7ac1475668d5968c97,168
1678579199999999999,2023-03-11,BTCUSDT,38.980559638800000000000000,-38.85786530076000000000000000,-0.0592869054769131624,0E-10,0,0E-27,0E-24,38.980559638800000000000000,0E-24,-38.85786530076000000000000000,0.06340743256308683760000000,BASE_E3,permanent,run_dfea4b7ac1475668d5968c97,168
1678579199999999999,2023-03-11,ETHUSDT,84.221138276000000000000000,-83.790873009090000000000000000,0.0483728836769945871,0E-9,0,0E-27,0E-24,84.221138276000000000000000,0E-24,-83.790873009090000000000000000,0.478638150586994587100000000,BASE_E3,permanent,run_dfea4b7ac1475668d5968c97,168
1678665599999999999,2023-03-12,BTCUSDT,204.279306545600000000000000,-203.28827884068000000000000000,0.1448611406180134416,0E-10,0,0E-27,0E-24,204.279306545600000000000000,0E-24,-203.28827884068000000000000000,1.13588884553801344160000000,BASE_E3,permanent,run_dfea4b7ac1475668d5968c97,168
1678665599999999999,2023-03-12,ETHUSDT,213.361508305000000000000000,-211.369186990910000000000000000,0.0938425748269707646,0E-9,0,0E-27,0E-24,213.361508305000000000000000,0E-24,-211.369186990910000000000000000,2.086163888916970764600000000,BASE_E3,permanent,run_dfea4b7ac1475668d5968c97,168
1678751999999999999,2023-03-13,BTCUSDT,278.120464882000000000000000,-280.79275716492000000000000000,0.7851811276062602376,0E-10,0,0E-27,0E-24,278.120464882000000000000000,0E-24,-280.79275716492000000000000000,-1.88711115531373976240000000,BASE_E3,permanent,run_dfea4b7ac1475668d5968c97,168
1678751999999999999,2023-03-13,ETHUSDT,180.078422928000000000000000,-184.589322744999999999999999734,0.9397961367896010000,-0.257341380,0,0.035245118962881054412549153,11.891450185108617035104331,168.186972742891382964895669,-12.260702004208137733968856,-172.328620740791862266031143734,-3.828445060210398999999999734,BASE_E3,permanent,run_dfea4b7ac1475668d5968c97,168
1678838399999999999,2023-03-14,BTCUSDT,76.083969499200000000000000,-77.05472415828000000000000000,1.8187645435444294392,0E-10,0,0E-27,0E-24,76.083969499200000000000000,0E-24,-77.05472415828000000000000000,0.84800988446442943920000000,BASE_E3,permanent,run_dfea4b7ac1475668d5968c97,168
1678838399999999999,2023-03-14,ETHUSDT,46.748881763000000000000000,-46.635163753640000000000000000,0.9373603004966760000,0E-9,0,0E-27,0E-24,46.748881763000000000000000,0E-24,-46.635163753640000000000000000,1.051078309856676000000000000,BASE_E3,permanent,run_dfea4b7ac1475668d5968c97,168
1678924799999999999,2023-03-15,BTCUSDT,-48.648540990400000000000000,50.23650021132000000000000044,1.7420917237175653912,-0.2961040000,0,0.040265496249330111463748480,-12.539931526581738523703181,-36.108609463818261476296819,12.328389021986244208466431,37.90811118933375579153356944,3.03394694463756539120000044,BASE_E3,permanent,run_dfea4b7ac1475668d5968c97,168
1678924799999999999,2023-03-15,ETHUSDT,-90.545009519000000000000000,92.240316849100000000000000000,1.8636429262276000000,0E-9,0,0E-27,0E-24,-90.545009519000000000000000,0E-24,92.240316849100000000000000000,3.558950256327600000000000000,BASE_E3,permanent,run_dfea4b7ac1475668d5968c97,168
1679011199999999999,2023-03-16,BTCUSDT,88.382782198400000000000000,-87.40605651620000000000000000,0.9149147512218320000,0E-10,0,0E-27,0E-24,88.382782198400000000000000,0E-24,-87.40605651620000000000000000,1.89164043342183200000000000,BASE_E3,permanent,run_dfea4b7ac1475668d5968c97,168
1679011199999999999,2023-03-16,ETHUSDT,43.777787669000000000000000,-42.795020350460000000000000000,0.9109025364049940000,0E-9,0,0E-27,0E-24,43.777787669000000000000000,0E-24,-42.795020350460000000000000000,1.893669854944994000000000000,BASE_E3,permanent,run_dfea4b7ac1475668d5968c97,168
1679097599999999999,2023-03-17,BTCUSDT,296.193679297200000000000000,-295.83920000000000000000000000,0.7531404985239654848,0E-10,0,0E-27,0E-24,296.193679297200000000000000,0E-24,-295.83920000000000000000000000,1.10761979572396548480000000,BASE_E3,permanent,run_dfea4b7ac1475668d5968c97,168
1679097599999999999,2023-03-17,ETHUSDT,211.644603980000000000000000,-212.780680000000000000000000000,0.6847273695612000000,0E-9,0,0E-27,0E-24,211.644603980000000000000000,0E-24,-212.780680000000000000000000000,-0.451348650438800000000000000,BASE_E3,permanent,run_dfea4b7ac1475668d5968c97,168
1679183999999999999,2023-03-18,BTCUSDT,-60.536848672400000000000000,59.50760000000000000000000000,1.0162880038366920000,0E-10,0,0E-27,0E-24,-60.536848672400000000000000,0E-24,59.50760000000000000000000000,-0.01296066856330800000000000,BASE_E3,permanent,run_dfea4b7ac1475668d5968c97,168
1679183999999999999,2023-03-18,ETHUSDT,-58.669938313000000000000000,58.444300189100000000000000000,0.9884563407112240000,0E-9,0,0E-27,0E-24,-58.669938313000000000000000,0E-24,58.444300189100000000000000000,0.762818216811224000000000000,BASE_E3,permanent,run_dfea4b7ac1475668d5968c97,168
1679270399999999999,2023-03-19,BTCUSDT,129.501261996000000000000000,-128.20360000000000000000000000,1.0095626118166120000,0E-10,0,0E-27,0E-24,129.501261996000000000000000,0E-24,-128.20360000000000000000000000,2.30722460781661200000000000,BASE_E3,permanent,run_dfea4b7ac1475668d5968c97,168
1679270399999999999,2023-03-19,ETHUSDT,40.641632792000000000000000,-39.332773234160000000000000000,0.9770598993133020000,0E-9,0,0E-27,0E-24,40.641632792000000000000000,0E-24,-39.332773234160000000000000000,2.285919457153302000000000000,BASE_E3,permanent,run_dfea4b7ac1475668d5968c97,168
1679356799999999999,2023-03-20,BTCUSDT,-28.040625646400000000000000,27.63960000000000000000000000,1.0069609866347660184,0E-10,0,0E-27,0E-24,-28.040625646400000000000000,0E-24,27.63960000000000000000000000,0.60593534023476601840000000,BASE_E3,permanent,run_dfea4b7ac1475668d5968c97,168
1679356799999999999,2023-03-20,ETHUSDT,-81.941464463000000000000000,82.495733045060000000000000112,0.9197280460123432656,-0.254375520,0,0.035012810984133988351392960,20.929053376411914906505007,-102.870517839411914906505007,-20.782650411689138082145730,103.278383456749138082145730112,1.219621108072343265600000112,BASE_E3,permanent,run_dfea4b7ac1475668d5968c97,168
1679443199999999999,2023-03-21,BTCUSDT,49.764298036000000000000000,-50.32823084188000000000000000,0.3318230631916993752,0E-10,0,0E-27,0E-24,49.764298036000000000000000,0E-24,-50.32823084188000000000000000,-0.23210974268830062480000000,BASE_E3,permanent,run_dfea4b7ac1475668d5968c97,168
1679443199999999999,2023-03-21,ETHUSDT,123.190056656000000000000000,-123.345860000000000000000000000,0.6355500254178050646,0E-9,0,0E-27,0E-24,123.190056656000000000000000,0E-24,-123.345860000000000000000000000,0.479746681417805064600000000,BASE_E3,permanent,run_dfea4b7ac1475668d5968c97,168
1679529599999999999,2023-03-22,BTCUSDT,-94.340346261200000000000000,95.01443084187999999999999970,0.1757290884444847648,-0.6321919500,0,0.084388315327413770610735600,27.981578387659240268056536,-122.321924648859240268056536,-27.890270583775792109125443,122.90470142565579210912544270,0.21762171912448476479999970,BASE_E3,permanent,run_dfea4b7ac1475668d5968c97,168
1679529599999999999,2023-03-22,ETHUSDT,-120.444002910000000000000000,119.974140000000000000000000000,0.3743180655772644592,0E-9,0,0E-27,0E-24,-120.444002910000000000000000,0E-24,119.974140000000000000000000000,-0.095544844422735540800000000,BASE_E3,permanent,run_dfea4b7ac1475668d5968c97,168
1679615999999999999,2023-03-23,BTCUSDT,113.175085135600000000000000,-113.68613881389000000000000000,0.2860472458305077778,0E-10,0,0E-27,0E-24,113.175085135600000000000000,0E-24,-113.68613881389000000000000000,-0.22500643245949222220000000,BASE_E3,permanent,run_dfea4b7ac1475668d5968c97,168
1679615999999999999,2023-03-23,ETHUSDT,139.058076087000000000000000,-139.578780000000000000000000000,0.5617622729569546520,0E-9,0,0E-27,0E-24,139.058076087000000000000000,0E-24,-139.578780000000000000000000000,0.041058359956954652000000000,BASE_E3,permanent,run_dfea4b7ac1475668d5968c97,168
1679702399999999999,2023-03-24,BTCUSDT,-35.708344877200000000000000,76.24463881388999999999999962,0.6164560400000000000,-4.5527752200,0,0.615400792527473461676196070,189.380802950323812614544163,-225.089147827523812614544163,-148.267399575437422659644884,224.51203838932742265964488362,36.59997475668999999999999962,BASE_E3,permanent,run_dfea4b7ac1475668d5968c97,168
1679702399999999999,2023-03-24,ETHUSDT,-75.673087240000000000000000,116.897880000000000000000000236,0.6306506800000000000,-4.595923750,0,0.624741840063378805969344066,384.899170502124042786517738,-460.572257742124042786517738,-345.594246828288770695513322,462.492126828288770695513322236,37.259519690000000000000000236,BASE_E3,permanent,run_dfea4b7ac1475668d5968c97,168
1679788799999999999,2023-03-25,BTCUSDT,0.000064230400000000000000,0E-24,0E-19,0E-10,0,0E-27,0E-24,0.000064230400000000000000,0E-24,0E-11,0.000064230400000000000000,BASE_E3,permanent,run_dfea4b7ac1475668d5968c97,168
1679788799999999999,2023-03-25,ETHUSDT,-0.000063249000000000000000,0E-24,0E-19,0E-9,0,0E-27,0E-24,-0.000063249000000000000000,0E-24,0E-11,-0.000063249000000000000000,BASE_E3,permanent,run_dfea4b7ac1475668d5968c97,168
1679875199999999999,2023-03-26,BTCUSDT,0.003862702000000000000000,0E-24,0E-19,0E-10,0,0E-27,0E-24,0.003862702000000000000000,0E-24,0E-11,0.003862702000000000000000,BASE_E3,permanent,run_dfea4b7ac1475668d5968c97,168
1679875199999999999,2023-03-26,ETHUSDT,0.000278400000000000000000,0E-24,0E-19,0E-9,0,0E-27,0E-24,0.000278400000000000000000,0E-24,0E-11,0.000278400000000000000000,BASE_E3,permanent,run_dfea4b7ac1475668d5968c97,168
1679961599999999999,2023-03-27,BTCUSDT,-0.006465422800000000000000,0E-24,0E-19,0E-10,0,0E-27,0E-24,-0.006465422800000000000000,0E-24,0E-11,-0.006465422800000000000000,BASE_E3,permanent,run_dfea4b7ac1475668d5968c97,168
1679961599999999999,2023-03-27,ETHUSDT,-0.000517041000000000000000,0E-24,0E-19,0E-9,0,0E-27,0E-24,-0.000517041000000000000000,0E-24,0E-11,-0.000517041000000000000000,BASE_E3,permanent,run_dfea4b7ac1475668d5968c97,168
1680047999999999999,2023-03-28,BTCUSDT,0.000975113200000000000000,0E-24,0E-19,0E-10,0,0E-27,0E-24,0.000975113200000000000000,0E-24,0E-11,0.000975113200000000000000,BASE_E3,permanent,run_dfea4b7ac1475668d5968c97,168
1680047999999999999,2023-03-28,ETHUSDT,0.000502164000000000000000,0E-24,0E-19,0E-9,0,0E-27,0E-24,0.000502164000000000000000,0E-24,0E-11,0.000502164000000000000000,BASE_E3,permanent,run_dfea4b7ac1475668d5968c97,168
1680134399999999999,2023-03-29,BTCUSDT,0.008426534400000000000000,0E-24,0E-19,0E-10,0,0E-27,0E-24,0.008426534400000000000000,0E-24,0E-11,0.008426534400000000000000,BASE_E3,permanent,run_dfea4b7ac1475668d5968c97,168
1680134399999999999,2023-03-29,ETHUSDT,0.000182352000000000000000,0E-24,0E-19,0E-9,0,0E-27,0E-24,0.000182352000000000000000,0E-24,0E-11,0.000182352000000000000000,BASE_E3,permanent,run_dfea4b7ac1475668d5968c97,168
1680220799999999999,2023-03-30,BTCUSDT,-0.002449787600000000000000,0E-24,0E-19,0E-10,0,0E-27,0E-24,-0.002449787600000000000000,0E-24,0E-11,-0.002449787600000000000000,BASE_E3,permanent,run_dfea4b7ac1475668d5968c97,168
1680220799999999999,2023-03-30,ETHUSDT,-0.000006351000000000000000,0E-24,0E-19,0E-9,0,0E-27,0E-24,-0.000006351000000000000000,0E-24,0E-11,-0.000006351000000000000000,BASE_E3,permanent,run_dfea4b7ac1475668d5968c97,168
1680307199999999999,2023-03-31,BTCUSDT,0.003396336800000000000000,0E-24,0E-19,0E-10,0,0E-27,0E-24,0.003396336800000000000000,0E-24,0E-11,0.003396336800000000000000,BASE_E3,permanent,run_dfea4b7ac1475668d5968c97,168
1680307199999999999,2023-03-31,ETHUSDT,0.000250908000000000000000,0E-24,0E-19,0E-9,0,0E-27,0E-24,0.000250908000000000000000,0E-24,0E-11,0.000250908000000000000000,BASE_E3,permanent,run_dfea4b7ac1475668d5968c97,168
1680393599999999999,2023-04-01,BTCUSDT,-0.000162737600000000000000,0E-24,0E-19,0E-10,0,0E-27,0E-24,-0.000162737600000000000000,0E-24,0E-11,-0.000162737600000000000000,BASE_E3,permanent,run_dfea4b7ac1475668d5968c97,168
1680393599999999999,2023-04-01,ETHUSDT,-0.000006525000000000000000,0E-24,0E-19,0E-9,0,0E-27,0E-24,-0.000006525000000000000000,0E-24,0E-11,-0.000006525000000000000000,BASE_E3,permanent,run_dfea4b7ac1475668d5968c97,168
1680479999999999999,2023-04-02,BTCUSDT,-0.001958641200000000000000,0E-24,0E-19,0E-10,0,0E-27,0E-24,-0.001958641200000000000000,0E-24,0E-11,-0.001958641200000000000000,BASE_E3,permanent,run_dfea4b7ac1475668d5968c97,168
1680479999999999999,2023-04-02,ETHUSDT,-0.000222024000000000000000,0E-24,0E-19,0E-9,0,0E-27,0E-24,-0.000222024000000000000000,0E-24,0E-11,-0.000222024000000000000000,BASE_E3,permanent,run_dfea4b7ac1475668d5968c97,168
1680566399999999999,2023-04-03,BTCUSDT,-0.003196388800000000000000,0E-24,0E-19,0E-10,0,0E-27,0E-24,-0.003196388800000000000000,0E-24,0E-11,-0.003196388800000000000000,BASE_E3,permanent,run_dfea4b7ac1475668d5968c97,168
1680566399999999999,2023-04-03,ETHUSDT,0.000126411000000000000000,0E-24,0E-19,0E-9,0,0E-27,0E-24,0.000126411000000000000000,0E-24,0E-11,0.000126411000000000000000,BASE_E3,permanent,run_dfea4b7ac1475668d5968c97,168
1680652799999999999,2023-04-04,BTCUSDT,0.002944794000000000000000,0E-24,0E-19,0E-10,0,0E-27,0E-24,0.002944794000000000000000,0E-24,0E-11,0.002944794000000000000000,BASE_E3,permanent,run_dfea4b7ac1475668d5968c97,168
1680652799999999999,2023-04-04,ETHUSDT,0.000529656000000000000000,0E-24,0E-19,0E-9,0,0E-27,0E-24,0.000529656000000000000000,0E-24,0E-11,0.000529656000000000000000,BASE_E3,permanent,run_dfea4b7ac1475668d5968c97,168
1680739199999999999,2023-04-05,BTCUSDT,0.000075192800000000000000,0E-24,0E-19,0E-10,0,0E-27,0E-24,0.000075192800000000000000,0E-24,0E-11,0.000075192800000000000000,BASE_E3,permanent,run_dfea4b7ac1475668d5968c97,168
1680739199999999999,2023-04-05,ETHUSDT,0.000334602000000000000000,0E-24,0E-19,0E-9,0,0E-27,0E-24,0.000334602000000000000000,0E-24,0E-11,0.000334602000000000000000,BASE_E3,permanent,run_dfea4b7ac1475668d5968c97,168
1680825599999999999,2023-04-06,BTCUSDT,-0.001128586800000000000000,0E-24,0E-19,0E-10,0,0E-27,0E-24,-0.001128586800000000000000,0E-24,0E-11,-0.001128586800000000000000,BASE_E3,permanent,run_dfea4b7ac1475668d5968c97,168
1680825599999999999,2023-04-06,ETHUSDT,-0.000321030000000000000000,0E-24,0E-19,0E-9,0,0E-27,0E-24,-0.000321030000000000000000,0E-24,0E-11,-0.000321030000000000000000,BASE_E3,permanent,run_dfea4b7ac1475668d5968c97,168
1680911999999999999,2023-04-07,BTCUSDT,-0.000937748400000000000000,0E-24,0E-19,0E-10,0,0E-27,0E-24,-0.000937748400000000000000,0E-24,0E-11,-0.000937748400000000000000,BASE_E3,permanent,run_dfea4b7ac1475668d5968c97,168
1680911999999999999,2023-04-07,ETHUSDT,-0.000072906000000000000000,0E-24,0E-19,0E-9,0,0E-27,0E-24,-0.000072906000000000000000,0E-24,0E-11,-0.000072906000000000000000,BASE_E3,permanent,run_dfea4b7ac1475668d5968c97,168
1680998399999999999,2023-04-08,BTCUSDT,0.000247503200000000000000,0E-24,0E-19,0E-10,0,0E-27,0E-24,0.000247503200000000000000,0E-24,0E-11,0.000247503200000000000000,BASE_E3,permanent,run_dfea4b7ac1475668d5968c97,168
1680998399999999999,2023-04-08,ETHUSDT,-0.000131979000000000000000,0E-24,0E-19,0E-9,0,0E-27,0E-24,-0.000131979000000000000000,0E-24,0E-11,-0.000131979000000000000000,BASE_E3,permanent,run_dfea4b7ac1475668d5968c97,168
1681084799999999999,2023-04-09,BTCUSDT,0.002975056400000000000000,0E-24,0E-19,0E-10,0,0E-27,0E-24,0.002975056400000000000000,0E-24,0E-11,0.002975056400000000000000,BASE_E3,permanent,run_dfea4b7ac1475668d5968c97,168
1681084799999999999,2023-04-09,ETHUSDT,0.000088740000000000000000,0E-24,0E-19,0E-9,0,0E-27,0E-24,0.000088740000000000000000,0E-24,0E-11,0.000088740000000000000000,BASE_E3,permanent,run_dfea4b7ac1475668d5968c97,168
1681171199999999999,2023-04-10,BTCUSDT,0.010149561200000000000000,0E-24,0E-19,0E-10,0,0E-27,0E-24,0.010149561200000000000000,0E-24,0E-11,0.010149561200000000000000,BASE_E3,permanent,run_dfea4b7ac1475668d5968c97,168
1681171199999999999,2023-04-10,ETHUSDT,0.000450138000000000000000,0E-24,0E-19,0E-9,0,0E-27,0E-24,0.000450138000000000000000,0E-24,0E-11,0.000450138000000000000000,BASE_E3,permanent,run_dfea4b7ac1475668d5968c97,168
1681257599999999999,2023-04-11,BTCUSDT,0.004364502000000000000000,0E-24,0E-19,0E-10,0,0E-27,0E-24,0.004364502000000000000000,0E-24,0E-11,0.004364502000000000000000,BASE_E3,permanent,run_dfea4b7ac1475668d5968c97,168
1681257599999999999,2023-04-11,ETHUSDT,-0.000177306000000000000000,0E-24,0E-19,0E-9,0,0E-27,0E-24,-0.000177306000000000000000,0E-24,0E-11,-0.000177306000000000000000,BASE_E3,permanent,run_dfea4b7ac1475668d5968c97,168
1681343999999999999,2023-04-12,BTCUSDT,-0.002496648000000000000000,0E-24,0E-19,0E-10,0,0E-27,0E-24,-0.002496648000000000000000,0E-24,0E-11,-0.002496648000000000000000,BASE_E3,permanent,run_dfea4b7ac1475668d5968c97,168
1681343999999999999,2023-04-12,ETHUSDT,0.000232725000000000000000,0E-24,0E-19,0E-9,0,0E-27,0E-24,0.000232725000000000000000,0E-24,0E-11,0.000232725000000000000000,BASE_E3,permanent,run_dfea4b7ac1475668d5968c97,168
1681430399999999999,2023-04-13,BTCUSDT,0.003728837200000000000000,0E-24,0E-19,0E-10,0,0E-27,0E-24,0.003728837200000000000000,0E-24,0E-11,0.003728837200000000000000,BASE_E3,permanent,run_dfea4b7ac1475668d5968c97,168
1681430399999999999,2023-04-13,ETHUSDT,0.000815799000000000000000,0E-24,0E-19,0E-9,0,0E-27,0E-24,0.000815799000000000000000,0E-24,0E-11,0.000815799000000000000000,BASE_E3,permanent,run_dfea4b7ac1475668d5968c97,168
1681516799999999999,2023-04-14,BTCUSDT,-30.962182755000000000000000,32.946428175000000000000000,0.1033963641950076000,-4.6196484910,0,0.616060541220701740162251682,0E-24,-30.962182755000000000000000,0E-24,32.94642817500,-2.532006706804992400000000,BASE_E3,permanent,run_dfea4b7ac1475668d5968c97,168
1681516799999999999,2023-04-14,ETHUSDT,-16.451551296000000000000000,15.709407425000000000000000,0.3017615646005150000,-4.641620080,0,0.627681599440057687536450047,0E-24,-16.451551296000000000000000,0E-24,15.70940742500,-5.082002386399485000000000,BASE_E3,permanent,run_dfea4b7ac1475668d5968c97,168
1681603199999999999,2023-04-15,BTCUSDT,-16.775278178800000000000000,16.733571825000000000000000,0.4089033965581574500,0E-10,0,0E-27,0E-24,-16.775278178800000000000000,0E-24,16.73357182500,0.367197042758157450000000,BASE_E3,permanent,run_dfea4b7ac1475668d5968c97,168
1681603199999999999,2023-04-15,ETHUSDT,-13.038875580000000000000000,12.594392575000000000000000,0.9222502937378600000,0E-9,0,0E-27,0E-24,-13.038875580000000000000000,0E-24,12.59439257500,0.477767288737860000000000,BASE_E3,permanent,run_dfea4b7ac1475668d5968c97,168
1681689599999999999,2023-04-16,BTCUSDT,-0.072005486400000000000000,0.330123932000000000000000,0.8228868822137040800,0E-10,0,0E-27,0E-24,-0.072005486400000000000000,0E-24,0.33012393200,1.081005327813704080000000,BASE_E3,permanent,run_dfea4b7ac1475668d5968c97,168
1681689599999999999,2023-04-16,ETHUSDT,40.449815142000000000000000,-39.421942737450000000000000,0.9204180123119350000,0E-9,0,0E-27,0E-24,40.449815142000000000000000,0E-24,-39.42194273745,1.948290416861935000000000,BASE_E3,permanent,run_dfea4b7ac1475668d5968c97,168
1681775999999999999,2023-04-17,BTCUSDT,-86.569596100600000000000000,86.149876068000000000000000,0.8164572167128000000,0E-10,0,0E-27,0E-24,-86.569596100600000000000000,0E-24,86.14987606800,0.396737184112800000000000,BASE_E3,permanent,run_dfea4b7ac1475668d5968c97,168
1681775999999999999,2023-04-17,ETHUSDT,-63.641433168000000000000000,62.998439116800000000000000,0.9200317559467050000,0E-9,0,0E-27,0E-24,-63.641433168000000000000000,0E-24,62.99843911680,0.277037704746705000000000,BASE_E3,permanent,run_dfea4b7ac1475668d5968c97,168
1681862399999999999,2023-04-18,BTCUSDT,95.290260564600000000000000,-95.165904701000000000000000,0.3269260955877637000,0E-10,0,0E-27,0E-24,95.290260564600000000000000,0E-24,-95.16590470100,0.451281959187763700000000,BASE_E3,permanent,run_dfea4b7ac1475668d5968c97,168
1681862399999999999,2023-04-18,ETHUSDT,41.358141306000000000000000,-41.429020294100000000000000,0.9185454605440900000,0E-9,0,0E-27,0E-24,41.358141306000000000000000,0E-24,-41.42902029410,0.847666472444090000000000,BASE_E3,permanent,run_dfea4b7ac1475668d5968c97,168
1681948799999999999,2023-04-19,BTCUSDT,-158.043041962200000000000000,156.884719384000000000000000,0.4886355284480049500,0E-10,0,0E-27,0E-24,-158.043041962200000000000000,0E-24,156.88471938400,-0.669687049751995050000000,BASE_E3,permanent,run_dfea4b7ac1475668d5968c97,168
1681948799999999999,2023-04-19,ETHUSDT,-246.464049306000000000000000,248.047973914750000000000000,0.5824068139405500000,0E-9,0,0E-27,0E-24,-246.464049306000000000000000,0E-24,248.04797391475,2.166331422690550000000000,BASE_E3,permanent,run_dfea4b7ac1475668d5968c97,168
1682035199999999999,2023-04-20,BTCUSDT,-56.418298746800000000000000,57.581185317000000000000000,0.5210072072000000000,0E-10,0,0E-27,0E-24,-56.418298746800000000000000,0E-24,57.58118531700,1.683893777400000000000000,BASE_E3,permanent,run_dfea4b7ac1475668d5968c97,168
1682035199999999999,2023-04-20,ETHUSDT,11.280824940000000000000000,-11.104700000000000000000000,0.2474824376940000000,0E-9,0,0E-27,0E-24,11.280824940000000000000000,0E-24,-11.10470000000,0.423607377694000000000000,BASE_E3,permanent,run_dfea4b7ac1475668d5968c97,168
1682121599999999999,2023-04-21,BTCUSDT,-104.492944051700000000000000,104.25658387668999999999999958,0.7647453063973260000,-0.3804923748,0,0.051032821660697856963048007,0E-24,-104.492944051700000000000000,0E-24,104.25658387668999999999999958,0.14789275658732599999999958,BASE_E3,permanent,run_dfea4b7ac1475668d5968c97,168
1682121599999999999,2023-04-21,ETHUSDT,-146.824227927000000000000000,146.583634413730000000000000375,0.6987826025528000000,-0.393537490,0,0.053810397047688121390792481,0E-24,-146.824227927000000000000000,0E-24,146.583634413730000000000000375,0.064651599282800000000000375,BASE_E3,permanent,run_dfea4b7ac1475668d5968c97,168
1682207999999999999,2023-04-22,BTCUSDT,58.606298994300000000000000,-58.90528387669000000000000000,0.5634889711583486706,0E-10,0,0E-27,0E-24,58.606298994300000000000000,0E-24,-58.90528387669000000000000000,0.26450408876834867060000000,BASE_E3,permanent,run_dfea4b7ac1475668d5968c97,168
1682207999999999999,2023-04-22,ETHUSDT,38.584247010000000000000000,-38.586094413730000000000000000,0.2301791658332225753,0E-9,0,0E-27,0E-24,38.584247010000000000000000,0E-24,-38.586094413730000000000000000,0.228331762103222575300000000,BASE_E3,permanent,run_dfea4b7ac1475668d5968c97,168
1682294399999999999,2023-04-23,BTCUSDT,-24.234794175200000000000000,24.77276867826000000000000000,0.2266559093028088096,0E-10,0,0E-27,0E-24,-24.234794175200000000000000,0E-24,24.77276867826000000000000000,0.76463041236280880960000000,BASE_E3,permanent,run_dfea4b7ac1475668d5968c97,168
1682294399999999999,2023-04-23,ETHUSDT,-18.971922285000000000000000,18.875790000000000000000000000,-0.0308535733011848755,0E-9,0,0E-27,0E-24,-18.971922285000000000000000,0E-24,18.875790000000000000000000000,-0.126985858301184875500000000,BASE_E3,permanent,run_dfea4b7ac1475668d5968c97,168
1682380799999999999,2023-04-24,BTCUSDT,-7.495432023600000000000000,7.44407368273000000000000000,0.3292596277289411824,0E-10,0,0E-27,0E-24,-7.495432023600000000000000,0E-24,7.44407368273000000000000000,0.27790128685894118240000000,BASE_E3,permanent,run_dfea4b7ac1475668d5968c97,168
1682380799999999999,2023-04-24,ETHUSDT,-31.091538462000000000000000,31.100420485790000000000000000,0.4560388792306000000,0E-9,0,0E-27,0E-24,-31.091538462000000000000000,0E-24,31.100420485790000000000000000,0.464920903020600000000000000,BASE_E3,permanent,run_dfea4b7ac1475668d5968c97,168
1682467199999999999,2023-04-25,BTCUSDT,85.355921802200000000000000,-84.95104236099000000000000000,0.6025449132606434436,0E-10,0,0E-27,0E-24,85.355921802200000000000000,0E-24,-84.95104236099000000000000000,1.00742435447064344360000000,BASE_E3,permanent,run_dfea4b7ac1475668d5968c97,168
1682467199999999999,2023-04-25,ETHUSDT,38.232025668000000000000000,-38.128810485790000000000000000,0.6815302105120838944,0E-9,0,0E-27,0E-24,38.232025668000000000000000,0E-24,-38.128810485790000000000000000,0.784745392722083894400000000,BASE_E3,permanent,run_dfea4b7ac1475668d5968c97,168
1682553599999999999,2023-04-26,BTCUSDT,12.162090617700000000000000,-12.16440000000000000000000000,0.5110408991882191854,0E-10,0,0E-27,0E-24,12.162090617700000000000000,0E-24,-12.16440000000000000000000000,0.50873151688821918540000000,BASE_E3,permanent,run_dfea4b7ac1475668d5968c97,168
1682553599999999999,2023-04-26,ETHUSDT,-0.240150915000000000000000,0.416260000000000000000000000,0.4240648275967865369,0E-9,0,0E-27,0E-24,-0.240150915000000000000000,0E-24,0.416260000000000000000000000,0.600173912596786536900000000,BASE_E3,permanent,run_dfea4b7ac1475668d5968c97,168
1682639999999999999,2023-04-27,BTCUSDT,115.527324878000000000000000,-116.00929777017000000000000000,0.3632399845124128629,0E-10,0,0E-27,0E-24,115.527324878000000000000000,0E-24,-116.00929777017000000000000000,-0.11873290765758713710000000,BASE_E3,permanent,run_dfea4b7ac1475668d5968c97,168
1682639999999999999,2023-04-27,ETHUSDT,68.603111385000000000000000,-68.765303614090000000000000000,0.2143231272302277776,0E-9,0,0E-27,0E-24,68.603111385000000000000000,0E-24,-68.765303614090000000000000000,0.052130898140227777600000000,BASE_E3,permanent,run_dfea4b7ac1475668d5968c97,168
1682726399999999999,2023-04-28,BTCUSDT,-17.463179322000000000000000,17.94933580604000000000000000,0.7845304591891160000,0E-10,0,0E-27,0E-24,-17.463179322000000000000000,0E-24,17.94933580604000000000000000,1.27068694322911600000000000,BASE_E3,permanent,run_dfea4b7ac1475668d5968c97,168
1682726399999999999,2023-04-28,ETHUSDT,-28.850129922000000000000000,28.868383614090000000000000000,0.7672150659163386792,0E-9,0,0E-27,0E-24,-28.850129922000000000000000,0E-24,28.868383614090000000000000000,0.785468758006338679200000000,BASE_E3,permanent,run_dfea4b7ac1475668d5968c97,168
1682812799999999999,2023-04-29,BTCUSDT,-9.328956843800000000000000,9.12077396860000000000000000,0.4666609018237693593,0E-10,0,0E-27,0E-24,-9.328956843800000000000000,0E-24,9.12077396860000000000000000,0.25847802662376935930000000,BASE_E3,permanent,run_dfea4b7ac1475668d5968c97,168
1682812799999999999,2023-04-29,ETHUSDT,26.528671077000000000000000,-27.057762074460000000000000000,0.5033157873930598910,0E-9,0,0E-27,0E-24,26.528671077000000000000000,0E-24,-27.057762074460000000000000000,-0.025775210066940109000000000,BASE_E3,permanent,run_dfea4b7ac1475668d5968c97,168
1682899199999999999,2023-04-30,BTCUSDT,3.104565212800000000000000,-3.38381200447000000000000000,0.4077819544171128672,0E-10,0,0E-27,0E-24,3.104565212800000000000000,0E-24,-3.38381200447000000000000000,0.12853516274711286720000000,BASE_E3,permanent,run_dfea4b7ac1475668d5968c97,168
1682899199999999999,2023-04-30,ETHUSDT,-50.191541235000000000000000,51.344932074460000000000000000,0.4407286205916804547,0E-9,0,0E-27,0E-24,-50.191541235000000000000000,0E-24,51.344932074460000000000000000,1.594119460051680454700000000,BASE_E3,permanent,run_dfea4b7ac1475668d5968c97,168
1682985599999999999,2023-05-01,BTCUSDT,-128.767510648600000000000000,128.87070000000000000000000000,-0.1037524637094952430,0E-10,0,0E-27,0E-24,-128.767510648600000000000000,0E-24,128.87070000000000000000000000,-0.00056311230949524300000000,BASE_E3,permanent,run_dfea4b7ac1475668d5968c97,168
1682985599999999999,2023-05-01,ETHUSDT,-72.109314744000000000000000,71.308540000000000000000000000,0.0154158671643126730,0E-9,0,0E-27,0E-24,-72.109314744000000000000000,0E-24,71.308540000000000000000000000,-0.785358876835687327000000000,BASE_E3,permanent,run_dfea4b7ac1475668d5968c97,168
1683071999999999999,2023-05-02,BTCUSDT,64.634475127300000000000000,-64.94441936099000000000000000,0.2545806364210000000,0E-10,0,0E-27,0E-24,64.634475127300000000000000,0E-24,-64.94441936099000000000000000,-0.05536359726900000000000000,BASE_E3,permanent,run_dfea4b7ac1475668d5968c97,168
1683071999999999999,2023-05-02,ETHUSDT,62.087016558000000000000000,-62.039215250600000000000000000,0.6079101573636066980,0E-9,0,0E-27,0E-24,62.087016558000000000000000,0E-24,-62.039215250600000000000000000,0.655711464763606698000000000,BASE_E3,permanent,run_dfea4b7ac1475668d5968c97,168
1683158399999999999,2023-05-03,BTCUSDT,36.057868015800000000000000,-36.55638063901000000000000000,0.6131399235692896435,0E-10,0,0E-27,0E-24,36.057868015800000000000000,0E-24,-36.55638063901000000000000000,0.11462730035928964350000000,BASE_E3,permanent,run_dfea4b7ac1475668d5968c97,168
1683158399999999999,2023-05-03,ETHUSDT,54.786428742000000000000000,-55.181495949160000000000000000,0.7770900767607650000,0E-9,0,0E-27,0E-24,54.786428742000000000000000,0E-24,-55.181495949160000000000000000,0.382022869600765000000000000,BASE_E3,permanent,run_dfea4b7ac1475668d5968c97,168
1683244799999999999,2023-05-04,BTCUSDT,-17.792385324200000000000000,18.62810000000000000000000000,0.7683500336029905912,0E-10,0,0E-27,0E-24,-17.792385324200000000000000,0E-24,18.62810000000000000000000000,1.60406470940299059120000000,BASE_E3,permanent,run_dfea4b7ac1475668d5968c97,168
1683244799999999999,2023-05-04,ETHUSDT,-43.627416225000000000000000,44.279151199760000000000000000,0.9075158378561090000,0E-9,0,0E-27,0E-24,-43.627416225000000000000000,0E-24,44.279151199760000000000000000,1.559250812616109000000000000,BASE_E3,permanent,run_dfea4b7ac1475668d5968c97,168
1683331199999999999,2023-05-05,BTCUSDT,72.640067445700000000000000,-72.96867784914000000000000000,0.7045323266265024140,0E-10,0,0E-27,0E-24,72.640067445700000000000000,0E-24,-72.96867784914000000000000000,0.37592192318650241400000000,BASE_E3,permanent,run_dfea4b7ac1475668d5968c97,168
1683331199999999999,2023-05-05,ETHUSDT,185.796757905000000000000000,-186.437684098830000000000000000,0.5917230822873740000,0E-9,0,0E-27,0E-24,185.796757905000000000000000,0E-24,-186.437684098830000000000000000,-0.049203111542626000000000000,BASE_E3,permanent,run_dfea4b7ac1475668d5968c97,168
1683417599999999999,2023-05-06,BTCUSDT,-71.472585232600000000000000,71.87867784914000000000000000,0.9527304167304500000,0E-10,0,0E-27,0E-24,-71.472585232600000000000000,0E-24,71.87867784914000000000000000,1.35882303327045000000000000,BASE_E3,permanent,run_dfea4b7ac1475668d5968c97,168
1683417599999999999,2023-05-06,ETHUSDT,-154.352998101000000000000000,154.967251299790000000000000000,0.6533743847190960000,0E-9,0,0E-27,0E-24,-154.352998101000000000000000,0E-24,154.967251299790000000000000000,1.267627583509096000000000000,BASE_E3,permanent,run_dfea4b7ac1475668d5968c97,168
1683503999999999999,2023-05-07,BTCUSDT,-46.791945842500000000000000,46.87000000000000000000000000,0.4539595674239890892,0E-10,0,0E-27,0E-24,-46.791945842500000000000000,0E-24,46.87000000000000000000000000,0.53201372492398908920000000,BASE_E3,permanent,run_dfea4b7ac1475668d5968c97,168
1683503999999999999,2023-05-07,ETHUSDT,-41.033786343000000000000000,41.211953350480000000000000000,0.2598378949605964165,0E-9,0,0E-27,0E-24,-41.033786343000000000000000,0E-24,41.211953350480000000000000000,0.438004902440596416500000000,BASE_E3,permanent,run_dfea4b7ac1475668d5968c97,168
1683590399999999999,2023-05-08,BTCUSDT,-82.266617794800000000000000,81.67370000000000000000000000,0.1532642981721879340,0E-10,0,0E-27,0E-24,-82.266617794800000000000000,0E-24,81.67370000000000000000000000,-0.43965349662781206600000000,BASE_E3,permanent,run_dfea4b7ac1475668d5968c97,168
1683590399999999999,2023-05-08,ETHUSDT,-37.879804326000000000000000,37.988757199160000000000000000,0.3073309754782512816,0E-9,0,0E-27,0E-24,-37.879804326000000000000000,0E-24,37.988757199160000000000000000,0.416283848638251281600000000,BASE_E3,permanent,run_dfea4b7ac1475668d5968c97,168
1683676799999999999,2023-05-09,BTCUSDT,-3.644157832300000000000000,4.13249064816000000000000000,0.3715760602279557037,0E-10,0,0E-27,0E-24,-3.644157832300000000000000,0E-24,4.13249064816000000000000000,0.85990887608795570370000000,BASE_E3,permanent,run_dfea4b7ac1475668d5968c97,168
1683676799999999999,2023-05-09,ETHUSDT,-1.440905490000000000000000,0.762690639910000000000000000,0.7341122116464110000,0E-9,0,0E-27,0E-24,-1.440905490000000000000000,0E-24,0.762690639910000000000000000,0.055897361556411000000000000,BASE_E3,permanent,run_dfea4b7ac1475668d5968c97,168
1683763199999999999,2023-05-10,BTCUSDT,-3.698662137300000000000000,3.41030935184000000000000000,0.3728467216223263608,0E-10,0,0E-27,0E-24,-3.698662137300000000000000,0E-24,3.41030935184000000000000000,0.08449393616232636080000000,BASE_E3,permanent,run_dfea4b7ac1475668d5968c97,168
1683763199999999999,2023-05-10,ETHUSDT,-8.933614038000000000000000,9.239091609490000000000000000,0.3983436490206126272,0E-9,0,0E-27,0E-24,-8.933614038000000000000000,0E-24,9.239091609490000000000000000,0.703821220510612627200000000,BASE_E3,permanent,run_dfea4b7ac1475668d5968c97,168
1683849599999999999,2023-05-11,BTCUSDT,-66.965079209100000000000000,67.26430684686000000000000000,0.4093450071612206834,0E-10,0,0E-27,0E-24,-66.965079209100000000000000,0E-24,67.26430684686000000000000000,0.70857264492122068340000000,BASE_E3,permanent,run_dfea4b7ac1475668d5968c97,168
1683849599999999999,2023-05-11,ETHUSDT,-73.854411393000000000000000,73.871128057150000000000000000,0.2096538667685384855,0E-9,0,0E-27,0E-24,-73.854411393000000000000000,0E-24,73.871128057150000000000000000,0.226370530918538485500000000,BASE_E3,permanent,run_dfea4b7ac1475668d5968c97,168
1683935999999999999,2023-05-12,BTCUSDT,-18.185439759100000000000000,17.99950633229999999999999990,0.3046524833515034547,-0.2765506800,0,0.037597466200973418680213070,0E-24,-18.185439759100000000000000,0E-24,17.99950633229999999999999990,-0.15783162344849654530000010,BASE_E3,permanent,run_dfea4b7ac1475668d5968c97,168
1683935999999999999,2023-05-12,ETHUSDT,19.676364969000000000000000,-20.013488057150000000000000000,0.0394137156221616650,0E-9,0,0E-27,0E-24,19.676364969000000000000000,0E-24,-20.013488057150000000000000000,-0.297709372527838335000000000,BASE_E3,permanent,run_dfea4b7ac1475668d5968c97,168
1684022399999999999,2023-05-13,BTCUSDT,-2.045108384300000000000000,2.10319732240000000000000000,0.3065780911547026232,0E-10,0,0E-27,0E-24,-2.045108384300000000000000,0E-24,2.10319732240000000000000000,0.36466702925470262320000000,BASE_E3,permanent,run_dfea4b7ac1475668d5968c97,168
1684022399999999999,2023-05-13,ETHUSDT,-19.180053078000000000000000,18.987860000000000000000000000,0.1755620705838175659,0E-9,0,0E-27,0E-24,-19.180053078000000000000000,0E-24,18.987860000000000000000000000,-0.016631007416182434100000000,BASE_E3,permanent,run_dfea4b7ac1475668d5968c97,168
1684108799999999999,2023-05-14,BTCUSDT,16.964075446400000000000000,-16.98312555680000000000000000,0.2589341738640000000,0E-10,0,0E-27,0E-24,16.964075446400000000000000,0E-24,-16.98312555680000000000000000,0.23988406346400000000000000,BASE_E3,permanent,run_dfea4b7ac1475668d5968c97,168
1684108799999999999,2023-05-14,ETHUSDT,7.012406718000000000000000,-6.708190000000000000000000000,0.2552421353886591477,0E-9,0,0E-27,0E-24,7.012406718000000000000000,0E-24,-6.708190000000000000000000000,0.559458853388659147700000000,BASE_E3,permanent,run_dfea4b7ac1475668d5968c97,168
1684195199999999999,2023-05-15,BTCUSDT,31.507197292100000000000000,-31.60217172144000000000000000,0.0814150448323049768,0E-10,0,0E-27,0E-24,31.507197292100000000000000,0E-24,-31.60217172144000000000000000,-0.01355938450769502320000000,BASE_E3,permanent,run_dfea4b7ac1475668d5968c97,168
1684195199999999999,2023-05-15,ETHUSDT,28.225737543000000000000000,-28.449770000000000000000000000,-0.1200200789863488289,0E-9,0,0E-27,0E-24,28.225737543000000000000000,0E-24,-28.449770000000000000000000000,-0.344052535986348828900000000,BASE_E3,permanent,run_dfea4b7ac1475668d5968c97,168
1684281599999999999,2023-05-16,BTCUSDT,-17.902528471300000000000000,17.76321265876000000000000000,0.5546199012200000000,0E-10,0,0E-27,0E-24,-17.902528471300000000000000,0E-24,17.76321265876000000000000000,0.41530408868000000000000000,BASE_E3,permanent,run_dfea4b7ac1475668d5968c97,168
1684281599999999999,2023-05-16,ETHUSDT,10.918861602000000000000000,-10.742710000000000000000000000,0.1662935554343000000,0E-9,0,0E-27,0E-24,10.918861602000000000000000,0E-24,-10.742710000000000000000000000,0.342445157434300000000000000,BASE_E3,permanent,run_dfea4b7ac1475668d5968c97,168
1684367999999999999,2023-05-17,BTCUSDT,42.236186201000000000000000,-42.45422588208000000000000000,0.6205015391224955396,0E-10,0,0E-27,0E-24,42.236186201000000000000000,0E-24,-42.45422588208000000000000000,0.40246185804249553960000000,BASE_E3,permanent,run_dfea4b7ac1475668d5968c97,168
1684367999999999999,2023-05-17,ETHUSDT,-3.570243603000000000000000,3.522200000000000000000000000,0.3260677021179810480,0E-9,0,0E-27,0E-24,-3.570243603000000000000000,0E-24,3.522200000000000000000000000,0.278024099117981048000000000,BASE_E3,permanent,run_dfea4b7ac1475668d5968c97,168
1684454399999999999,2023-05-18,BTCUSDT,-65.883114399500000000000000,66.08226452024000000000000000,0.8973966723116280000,0E-10,0,0E-27,0E-24,-65.883114399500000000000000,0E-24,66.08226452024000000000000000,1.09654679305162800000000000,BASE_E3,permanent,run_dfea4b7ac1475668d5968c97,168
1684454399999999999,2023-05-18,ETHUSDT,-32.324313159000000000000000,32.673247240510000000000000000,0.5700780277397000000,0E-9,0,0E-27,0E-24,-32.324313159000000000000000,0E-24,32.673247240510000000000000000,0.919012109249700000000000000,BASE_E3,permanent,run_dfea4b7ac1475668d5968c97,168
1684540799999999999,2023-05-19,BTCUSDT,5.830240918600000000000000,-5.73744742456000000000000000,0.3426985171327334424,0E-10,0,0E-27,0E-24,5.830240918600000000000000,0E-24,-5.73744742456000000000000000,0.43549201117273344240000000,BASE_E3,permanent,run_dfea4b7ac1475668d5968c97,168
1684540799999999999,2023-05-19,ETHUSDT,16.986674721000000000000000,-16.999457240510000000000000000,0.5091216749775351180,0E-9,0,0E-27,0E-24,16.986674721000000000000000,0E-24,-16.999457240510000000000000000,0.496339155467535118000000000,BASE_E3,permanent,run_dfea4b7ac1475668d5968c97,168
1684627199999999999,2023-05-20,BTCUSDT,27.241818092400000000000000,-27.51216742940000000000000000,0.2155150037080000000,0E-10,0,0E-27,0E-24,27.241818092400000000000000,0E-24,-27.51216742940000000000000000,-0.05483433329200000000000000,BASE_E3,permanent,run_dfea4b7ac1475668d5968c97,168
1684627199999999999,2023-05-20,ETHUSDT,12.039565872000000000000000,-12.181105875900000000000000000,0.2477773002470263232,0E-9,0,0E-27,0E-24,12.039565872000000000000000,0E-24,-12.181105875900000000000000000,0.106237296347026323200000000,BASE_E3,permanent,run_dfea4b7ac1475668d5968c97,168
1684713599999999999,2023-05-21,BTCUSDT,-42.370748068600000000000000,42.63695033372000000000000000,0.5360907290935686936,0E-10,0,0E-27,0E-24,-42.370748068600000000000000,0E-24,42.63695033372000000000000000,0.80229299421356869360000000,BASE_E3,permanent,run_dfea4b7ac1475668d5968c97,168
1684713599999999999,2023-05-21,ETHUSDT,-24.159182049000000000000000,23.964465875900000000000000000,0.1904617575147920043,0E-9,0,0E-27,0E-24,-24.159182049000000000000000,0E-24,23.964465875900000000000000000,-0.004254415585207995700000000,BASE_E3,permanent,run_dfea4b7ac1475668d5968c97,168
1684799999999999999,2023-05-22,BTCUSDT,11.056113449100000000000000,-11.18240000000000000000000000,0.2488208339299423088,0E-10,0,0E-27,0E-24,11.056113449100000000000000,0E-24,-11.18240000000000000000000000,0.12253428302994230880000000,BASE_E3,permanent,run_dfea4b7ac1475668d5968c97,168
1684799999999999999,2023-05-22,ETHUSDT,20.188686921000000000000000,-19.996490000000000000000000000,0.4917857846252566413,0E-9,0,0E-27,0E-24,20.188686921000000000000000,0E-24,-19.996490000000000000000000000,0.683982705625256641300000000,BASE_E3,permanent,run_dfea4b7ac1475668d5968c97,168
1684886399999999999,2023-05-23,BTCUSDT,43.436802864500000000000000,-43.66240000000000000000000000,0.9447565096555040000,0E-10,0,0E-27,0E-24,43.436802864500000000000000,0E-24,-43.66240000000000000000000000,0.71915937415550400000000000,BASE_E3,permanent,run_dfea4b7ac1475668d5968c97,168
1684886399999999999,2023-05-23,ETHUSDT,59.029094907000000000000000,-59.445130000000000000000000000,0.5972233834700000000,0E-9,0,0E-27,0E-24,59.029094907000000000000000,0E-24,-59.445130000000000000000000000,0.181188290470000000000000000,BASE_E3,permanent,run_dfea4b7ac1475668d5968c97,168
1684972799999999999,2023-05-24,BTCUSDT,-103.195032256000000000000000,103.70101753328000000000000000,0.5126816673816480880,0E-10,0,0E-27,0E-24,-103.195032256000000000000000,0E-24,103.70101753328000000000000000,1.01866694466164808800000000,BASE_E3,permanent,run_dfea4b7ac1475668d5968c97,168
1684972799999999999,2023-05-24,ETHUSDT,-86.518369644000000000000000,87.398885704700000000000000000,0.4396864344563000000,0E-9,0,0E-27,0E-24,-86.518369644000000000000000,0E-24,87.398885704700000000000000000,1.320202495156300000000000000,BASE_E3,permanent,run_dfea4b7ac1475668d5968c97,168
1685059199999999999,2023-05-25,BTCUSDT,16.662471260400000000000000,-16.90024917120000000000000000,0.7847358714809033120,0E-10,0,0E-27,0E-24,16.662471260400000000000000,0E-24,-16.90024917120000000000000000,0.54695796068090331200000000,BASE_E3,permanent,run_dfea4b7ac1475668d5968c97,168
1685059199999999999,2023-05-25,ETHUSDT,9.045684465000000000000000,-9.764140872310000000000000000,0.2352956365399936155,0E-9,0,0E-27,0E-24,9.045684465000000000000000,0E-24,-9.764140872310000000000000000,-0.483160770770006384500000000,BASE_E3,permanent,run_dfea4b7ac1475668d5968c97,168
1685145599999999999,2023-05-26,BTCUSDT,27.283578672000000000000000,-27.34325713240000000000000000,0.7550795419617520000,0E-10,0,0E-27,0E-24,27.283578672000000000000000,0E-24,-27.34325713240000000000000000,0.69540108156175200000000000,BASE_E3,permanent,run_dfea4b7ac1475668d5968c97,168
1685145599999999999,2023-05-26,ETHUSDT,35.798496396000000000000000,-35.570221358410000000000000000,0.5912190094024807846,0E-9,0,0E-27,0E-24,35.798496396000000000000000,0E-24,-35.570221358410000000000000000,0.819494046992480784600000000,BASE_E3,permanent,run_dfea4b7ac1475668d5968c97,168
1685231999999999999,2023-05-27,BTCUSDT,16.764552677200000000000000,-16.60855524524000000000000000,0.7145459437495189848,0E-10,0,0E-27,0E-24,16.764552677200000000000000,0E-24,-16.60855524524000000000000000,0.87054337570951898480000000,BASE_E3,permanent,run_dfea4b7ac1475668d5968c97,168
1685231999999999999,2023-05-27,ETHUSDT,2.993881407000000000000000,-3.048153473980000000000000000,0.2273460108315239500,0E-9,0,0E-27,0E-24,2.993881407000000000000000,0E-24,-3.048153473980000000000000000,0.173073943851523950000000000,BASE_E3,permanent,run_dfea4b7ac1475668d5968c97,168
1685318399999999999,2023-05-28,BTCUSDT,142.110092362700000000000000,-142.33138593660000000000000000,0.9396516878382639200,0E-10,0,0E-27,0E-24,142.110092362700000000000000,0E-24,-142.33138593660000000000000000,0.71835811393826392000000000,BASE_E3,permanent,run_dfea4b7ac1475668d5968c97,168
1685318399999999999,2023-05-28,ETHUSDT,127.632206292000000000000000,-128.248980763010000000000000000,0.0375905277252000000,0E-9,0,0E-27,0E-24,127.632206292000000000000000,0E-24,-128.248980763010000000000000000,-0.579183943284800000000000000,BASE_E3,permanent,run_dfea4b7ac1475668d5968c97,168
1685404799999999999,2023-05-29,BTCUSDT,-39.638910153100000000000000,40.02757193364000000000000000,0.9694677960859560000,0E-10,0,0E-27,0E-24,-39.638910153100000000000000,0E-24,40.02757193364000000000000000,1.35812957662595600000000000,BASE_E3,permanent,run_dfea4b7ac1475668d5968c97,168
1685404799999999999,2023-05-29,ETHUSDT,-27.249123822000000000000000,28.162963241740000000000000000,0.9121224957229240000,0E-9,0,0E-27,0E-24,-27.249123822000000000000000,0E-24,28.162963241740000000000000000,1.825961915462924000000000000,BASE_E3,permanent,run_dfea4b7ac1475668d5968c97,168
1685491199999999999,2023-05-30,BTCUSDT,-4.746785881200000000000000,4.56588178144000000000000000,0.6134748734817678888,0E-10,0,0E-27,0E-24,-4.746785881200000000000000,0E-24,4.56588178144000000000000000,0.43257077372176788880000000,BASE_E3,permanent,run_dfea4b7ac1475668d5968c97,168
1685491199999999999,2023-05-30,ETHUSDT,12.792038739000000000000000,-13.392862478730000000000000000,0.7400804917075460000,0E-9,0,0E-27,0E-24,12.792038739000000000000000,0E-24,-13.392862478730000000000000000,0.139256751977546000000000000,BASE_E3,permanent,run_dfea4b7ac1475668d5968c97,168
1685577599999999999,2023-05-31,BTCUSDT,-56.346622041400000000000000,56.17657623708000000000000000,0.4733138381416641620,0E-10,0,0E-27,0E-24,-56.346622041400000000000000,0E-24,56.17657623708000000000000000,0.30326803382166416200000000,BASE_E3,permanent,run_dfea4b7ac1475668d5968c97,168
1685577599999999999,2023-05-31,ETHUSDT,-43.147114395000000000000000,43.449371375300000000000000000,0.4027566684480601124,0E-9,0,0E-27,0E-24,-43.147114395000000000000000,0E-24,43.449371375300000000000000000,0.705013648748060112400000000,BASE_E3,permanent,run_dfea4b7ac1475668d5968c97,168
1685663999999999999,2023-06-01,BTCUSDT,-46.300882615400000000000000,46.42320000000000000000000000,0.6776552234001029576,0E-10,0,0E-27,0E-24,-46.300882615400000000000000,0E-24,46.42320000000000000000000000,0.79997260800010295760000000,BASE_E3,permanent,run_dfea4b7ac1475668d5968c97,168
1685663999999999999,2023-06-01,ETHUSDT,-19.388183871000000000000000,19.710078624700000000000000000,0.7708593578698557270,0E-9,0,0E-27,0E-24,-19.388183871000000000000000,0E-24,19.710078624700000000000000000,1.092754111569855727000000000,BASE_E3,permanent,run_dfea4b7ac1475668d5968c97,168
1685750399999999999,2023-06-02,BTCUSDT,49.586048210600000000000000,-49.82464780788000000000000000,0.7514488744421710944,0E-10,0,0E-27,0E-24,49.586048210600000000000000,0E-24,-49.82464780788000000000000000,0.51284927716217109440000000,BASE_E3,permanent,run_dfea4b7ac1475668d5968c97,168
1685750399999999999,2023-06-02,ETHUSDT,72.013254378000000000000000,-72.045000000000000000000000000,0.6907573925167249474,0E-9,0,0E-27,0E-24,72.013254378000000000000000,0E-24,-72.045000000000000000000000000,0.659011770516724947400000000,BASE_E3,permanent,run_dfea4b7ac1475668d5968c97,168
1685836799999999999,2023-06-03,BTCUSDT,-19.621672331500000000000000,19.31664780788000000000000000,0.7257372315458142184,0E-10,0,0E-27,0E-24,-19.621672331500000000000000,0E-24,19.31664780788000000000000000,0.42071270792581421840000000,BASE_E3,permanent,run_dfea4b7ac1475668d5968c97,168
1685836799999999999,2023-06-03,ETHUSDT,-23.134538145000000000000000,22.676710123270000000000000000,0.5732673903142024750,0E-9,0,0E-27,0E-24,-23.134538145000000000000000,0E-24,22.676710123270000000000000000,0.115439368584202475000000000,BASE_E3,permanent,run_dfea4b7ac1475668d5968c97,168
1685923199999999999,2023-06-04,BTCUSDT,5.888241723600000000000000,-5.46360000000000000000000000,0.7822665079345495200,0E-10,0,0E-27,0E-24,5.888241723600000000000000,0E-24,-5.46360000000000000000000000,1.20690823153454952000000000,BASE_E3,permanent,run_dfea4b7ac1475668d5968c97,168
1685923199999999999,2023-06-04,ETHUSDT,-2.305448784000000000000000,3.161396862890000000000000000,0.4774003663272719922,0E-9,0,0E-27,0E-24,-2.305448784000000000000000,0E-24,3.161396862890000000000000000,1.333348445217271992200000000,BASE_E3,permanent,run_dfea4b7ac1475668d5968c97,168
1686009599999999999,2023-06-05,BTCUSDT,-158.908285506800000000000000,159.20248964496000000000000000,0.8484173489380440000,0E-10,0,0E-27,0E-24,-158.908285506800000000000000,0E-24,159.20248964496000000000000000,1.14262148709804400000000000,BASE_E3,permanent,run_dfea4b7ac1475668d5968c97,168
1686009599999999999,2023-06-05,ETHUSDT,-126.799683120000000000000000,125.824788189010000000000000000,0.2972019137955555057,0E-9,0,0E-27,0E-24,-126.799683120000000000000000,0E-24,125.824788189010000000000000000,-0.677693017194444494300000000,BASE_E3,permanent,run_dfea4b7ac1475668d5968c97,168
1686095999999999999,2023-06-06,BTCUSDT,171.593061560300000000000000,-171.68497511124000000000000000,-0.1747776644364226588,0E-10,0,0E-27,0E-24,171.593061560300000000000000,0E-24,-171.68497511124000000000000000,-0.26669121537642265880000000,BASE_E3,permanent,run_dfea4b7ac1475668d5968c97,168
1686095999999999999,2023-06-06,ETHUSDT,116.681324568000000000000000,-116.330267339960000000000000000,0.1169078507982359676,0E-9,0,0E-27,0E-24,116.681324568000000000000000,0E-24,-116.330267339960000000000000000,0.467965078838235967600000000,BASE_E3,permanent,run_dfea4b7ac1475668d5968c97,168
1686182399999999999,2023-06-07,BTCUSDT,-102.601104012800000000000000,102.72230976772000000000000000,0.7488115378437080000,0E-10,0,0E-27,0E-24,-102.601104012800000000000000,0E-24,102.72230976772000000000000000,0.87001729276370800000000000,BASE_E3,permanent,run_dfea4b7ac1475668d5968c97,168
1686182399999999999,2023-06-07,ETHUSDT,-83.396407749000000000000000,83.477582164790000000000000000,0.6798290248682000000,0E-9,0,0E-27,0E-24,-83.396407749000000000000000,0E-24,83.477582164790000000000000000,0.761003440658200000000000000,BASE_E3,permanent,run_dfea4b7ac1475668d5968c97,168
1686268799999999999,2023-06-08,BTCUSDT,17.836407553600000000000000,-18.07622430144000000000000000,0.3871010565023602788,0E-10,0,0E-27,0E-24,17.836407553600000000000000,0E-24,-18.07622430144000000000000000,0.14728430866236027880000000,BASE_E3,permanent,run_dfea4b7ac1475668d5968c97,168
1686268799999999999,2023-06-08,ETHUSDT,21.533532045000000000000000,-21.853650000000000000000000000,0.5397213031866078054,0E-9,0,0E-27,0E-24,21.533532045000000000000000,0E-24,-21.853650000000000000000000000,0.219603348186607805400000000,BASE_E3,permanent,run_dfea4b7ac1475668d5968c97,168
1686355199999999999,2023-06-09,BTCUSDT,-2.420953600700000000000000,2.28520000000000000000000000,0.5808047943883643312,0E-10,0,0E-27,0E-24,-2.420953600700000000000000,0E-24,2.28520000000000000000000000,0.44505119368836433120000000,BASE_E3,permanent,run_dfea4b7ac1475668d5968c97,168
1686355199999999999,2023-06-09,ETHUSDT,-8.386524975000000000000000,8.390489999999999999999999705,0.4631210067053350092,-0.035984805,0,0.004930037303520310789197971,0E-24,-8.386524975000000000000000,0E-24,8.390489999999999999999999705,0.431101226705335009199999705,BASE_E3,permanent,run_dfea4b7ac1475668d5968c97,168
1686441599999999999,2023-06-10,BTCUSDT,-73.656382285600000000000000,74.07345538844000000000000000,0.4535996062555322404,0E-10,0,0E-27,0E-24,-73.656382285600000000000000,0E-24,74.07345538844000000000000000,0.87067270909553224040000000,BASE_E3,permanent,run_dfea4b7ac1475668d5968c97,168
1686441599999999999,2023-06-10,ETHUSDT,-143.250753750000000000000000,143.549160000000000000000000000,0.3798211437763855680,0E-9,0,0E-27,0E-24,-143.250753750000000000000000,0E-24,143.549160000000000000000000000,0.678227393776385568000000000,BASE_E3,permanent,run_dfea4b7ac1475668d5968c97,168
1686527999999999999,2023-06-11,BTCUSDT,9.599133227500000000000000,-9.68264282428000000000000000,0.4056592060141936936,0E-10,0,0E-27,0E-24,9.599133227500000000000000,0E-24,-9.68264282428000000000000000,0.32214960923419369360000000,BASE_E3,permanent,run_dfea4b7ac1475668d5968c97,168
1686527999999999999,2023-06-11,ETHUSDT,2.017616250000000000000000,-2.423884088880000000000000000,0.2954840205600631674,0E-9,0,0E-27,0E-24,2.017616250000000000000000,0E-24,-2.423884088880000000000000000,-0.110783818319936832600000000,BASE_E3,permanent,run_dfea4b7ac1475668d5968c97,168
1686614399999999999,2023-06-12,BTCUSDT,-2.881479992400000000000000,2.43678743584000000000000000,0.4605183280936463184,0E-10,0,0E-27,0E-24,-2.881479992400000000000000,0E-24,2.43678743584000000000000000,0.01582577153364631840000000,BASE_E3,permanent,run_dfea4b7ac1475668d5968c97,168
1686614399999999999,2023-06-12,ETHUSDT,-16.641298830000000000000000,16.994939302380000000000000000,0.5637913073077457190,0E-9,0,0E-27,0E-24,-16.641298830000000000000000,0E-24,16.994939302380000000000000000,0.917431779687745719000000000,BASE_E3,permanent,run_dfea4b7ac1475668d5968c97,168
1686700799999999999,2023-06-13,BTCUSDT,2.297991894100000000000000,-1.79548284292000000000000000,0.6814951110639285440,0E-10,0,0E-27,0E-24,2.297991894100000000000000,0E-24,-1.79548284292000000000000000,1.18400416224392854400000000,BASE_E3,permanent,run_dfea4b7ac1475668d5968c97,168
1686700799999999999,2023-06-13,ETHUSDT,-5.358788760000000000000000,4.962346554240000000000000000,0.5005948399948895544,0E-9,0,0E-27,0E-24,-5.358788760000000000000000,0E-24,4.962346554240000000000000000,0.104152634234889554400000000,BASE_E3,permanent,run_dfea4b7ac1475668d5968c97,168
1686787199999999999,2023-06-14,BTCUSDT,-91.751473429500000000000000,91.39388284292000000000000000,0.2651763751796496072,0E-10,0,0E-27,0E-24,-91.751473429500000000000000,0E-24,91.39388284292000000000000000,-0.09241421140035039280000000,BASE_E3,permanent,run_dfea4b7ac1475668d5968c97,168
1686787199999999999,2023-06-14,ETHUSDT,-142.443707250000000000000000,142.770438232260000000000000000,0.3776399787377398020,0E-9,0,0E-27,0E-24,-142.443707250000000000000000,0E-24,142.770438232260000000000000000,0.704370960997739802000000000,BASE_E3,permanent,run_dfea4b7ac1475668d5968c97,168
1686873599999999999,2023-06-15,BTCUSDT,54.396634977300000000000000,-54.32280000000000000000000000,0.2778090163476902120,0E-10,0,0E-27,0E-24,54.396634977300000000000000,0E-24,-54.32280000000000000000000000,0.35164399364769021200000000,BASE_E3,permanent,run_dfea4b7ac1475668d5968c97,168
1686873599999999999,2023-06-15,ETHUSDT,25.744783350000000000000000,-25.126071586020000000000000000,-0.3365322117198000000,0E-9,0,0E-27,0E-24,25.744783350000000000000000,0E-24,-25.126071586020000000000000000,0.282179552260200000000000000,BASE_E3,permanent,run_dfea4b7ac1475668d5968c97,168
1686959999999999999,2023-06-16,BTCUSDT,86.596361881100000000000000,-87.00170640292000000000000000,0.1480692568971812404,0E-10,0,0E-27,0E-24,86.596361881100000000000000,0E-24,-87.00170640292000000000000000,-0.25727526492281875960000000,BASE_E3,permanent,run_dfea4b7ac1475668d5968c97,168
1686959999999999999,2023-06-16,ETHUSDT,82.254179280000000000000000,-83.254028413980000000000000000,-0.3905070491120953824,0E-9,0,0E-27,0E-24,82.254179280000000000000000,0E-24,-83.254028413980000000000000000,-1.390356183092095382400000000,BASE_E3,permanent,run_dfea4b7ac1475668d5968c97,168
1687046399999999999,2023-06-17,BTCUSDT,19.951116903900000000000000,-19.45833525968000000000000000,0.8408783086920000000,0E-10,0,0E-27,0E-24,19.951116903900000000000000,0E-24,-19.45833525968000000000000000,1.33365995291200000000000000,BASE_E3,permanent,run_dfea4b7ac1475668d5968c97,168
1687046399999999999,2023-06-17,ETHUSDT,15.882675120000000000000000,-15.542820000000000000000000000,0.4634486781473309640,0E-9,0,0E-27,0E-24,15.882675120000000000000000,0E-24,-15.542820000000000000000000000,0.803303798147330964000000000,BASE_E3,permanent,run_dfea4b7ac1475668d5968c97,168
1687132799999999999,2023-06-18,BTCUSDT,-20.533444986100000000000000,20.42832638040000000000000000,0.5742250366381516240,0E-10,0,0E-27,0E-24,-20.533444986100000000000000,0E-24,20.42832638040000000000000000,0.46910643093815162400000000,BASE_E3,permanent,run_dfea4b7ac1475668d5968c97,168
1687132799999999999,2023-06-18,ETHUSDT,-10.975832400000000000000000,10.962655104300000000000000000,0.1042995532428000000,0E-9,0,0E-27,0E-24,-10.975832400000000000000000,0E-24,10.962655104300000000000000000,0.091122257542800000000000000,BASE_E3,permanent,run_dfea4b7ac1475668d5968c97,168
1687219199999999999,2023-06-19,BTCUSDT,59.166621180500000000000000,-58.89563250724000000000000000,0.5241705151731517440,0E-10,0,0E-27,0E-24,59.166621180500000000000000,0E-24,-58.89563250724000000000000000,0.79515918843315174400000000,BASE_E3,permanent,run_dfea4b7ac1475668d5968c97,168
1687219199999999999,2023-06-19,ETHUSDT,27.036057750000000000000000,-27.038095104300000000000000000,0.3333734872705277640,0E-9,0,0E-27,0E-24,27.036057750000000000000000,0E-24,-27.038095104300000000000000000,0.331336132970527764000000000,BASE_E3,permanent,run_dfea4b7ac1475668d5968c97,168
1687305599999999999,2023-06-20,BTCUSDT,169.108307074100000000000000,-168.87585221056000000000000000,0.0399339771251036100,0E-10,0,0E-27,0E-24,169.108307074100000000000000,0E-24,-168.87585221056000000000000000,0.27238884066510361000000000,BASE_E3,permanent,run_dfea4b7ac1475668d5968c97,168
1687305599999999999,2023-06-20,ETHUSDT,86.902767120000000000000000,-86.639520000000000000000000000,0.0993411706233677010,0E-9,0,0E-27,0E-24,86.902767120000000000000000,0E-24,-86.639520000000000000000000000,0.362588290623367701000000000,BASE_E3,permanent,run_dfea4b7ac1475668d5968c97,168
1687391999999999999,2023-06-21,BTCUSDT,198.149310137600000000000000,-199.35760000000000000000000000,0.6296706704540242484,0E-10,0,0E-27,0E-24,198.149310137600000000000000,0E-24,-199.35760000000000000000000000,-0.57861919194597575160000000,BASE_E3,permanent,run_dfea4b7ac1475668d5968c97,168
1687391999999999999,2023-06-21,ETHUSDT,159.924334440000000000000000,-160.738260000000000000000000000,0.3118759409735098248,0E-9,0,0E-27,0E-24,159.924334440000000000000000,0E-24,-160.738260000000000000000000000,-0.502049619026490175200000000,BASE_E3,permanent,run_dfea4b7ac1475668d5968c97,168
1687478399999999999,2023-06-22,BTCUSDT,-13.198663185800000000000000,13.13120000000000000000000000,1.0166499598720000000,0E-10,0,0E-27,0E-24,-13.198663185800000000000000,0E-24,13.13120000000000000000000000,0.94918677407200000000000000,BASE_E3,permanent,run_dfea4b7ac1475668d5968c97,168
1687478399999999999,2023-06-22,ETHUSDT,-28.634009820000000000000000,29.132700000000000000000000000,0.9160154007819360000,0E-9,0,0E-27,0E-24,-28.634009820000000000000000,0E-24,29.132700000000000000000000000,1.414705580781936000000000000,BASE_E3,permanent,run_dfea4b7ac1475668d5968c97,168
1687564799999999999,2023-06-23,BTCUSDT,79.994976510300000000000000,-79.40787753325000000000000039,1.0154928182035290000,-0.5833821500,0,0.077842603276284511544391330,-4.993372454956452482942089,84.988348965256452482942089,5.201445689655172413793103,-84.60932322290517241379310339,1.01920964525352899999999961,BASE_E3,permanent,run_dfea4b7ac1475668d5968c97,168
1687564799999999999,2023-06-23,ETHUSDT,30.796894440000000000000000,-31.230900000000000000000000000,0.7381296335990580000,0E-9,0,0E-27,0E-24,30.796894440000000000000000,0E-24,-31.230900000000000000000000000,0.304124073599058000000000000,BASE_E3,permanent,run_dfea4b7ac1475668d5968c97,168
1687651199999999999,2023-06-24,BTCUSDT,-15.084585784500000000000000,14.46912043632000000000000000,0.9438192516848340000,0E-10,0,0E-27,0E-24,-15.084585784500000000000000,0E-24,14.46912043632000000000000000,0.32835390350483400000000000,BASE_E3,permanent,run_dfea4b7ac1475668d5968c97,168
1687651199999999999,2023-06-24,ETHUSDT,-27.471862860000000000000000,27.580057323660000000000000000,0.7124097892767900000,0E-9,0,0E-27,0E-24,-27.471862860000000000000000,0E-24,27.580057323660000000000000000,0.820604252936790000000000000,BASE_E3,permanent,run_dfea4b7ac1475668d5968c97,168
1687737599999999999,2023-06-25,BTCUSDT,-6.559142524800000000000000,6.87255709693000000000000000,0.9456856483762150000,0E-10,0,0E-27,0E-24,-6.559142524800000000000000,0E-24,6.87255709693000000000000000,1.25910022050621500000000000,BASE_E3,permanent,run_dfea4b7ac1475668d5968c97,168
1687737599999999999,2023-06-25,ETHUSDT,39.270882690000000000000000,-39.043112565600000000000000000,0.9153030538119360000,0E-9,0,0E-27,0E-24,39.270882690000000000000000,0E-24,-39.043112565600000000000000000,1.143073178211936000000000000,BASE_E3,permanent,run_dfea4b7ac1475668d5968c97,168
1687823999999999999,2023-06-26,BTCUSDT,-20.737314141300000000000000,20.73390000000000000000000000,0.9400030461100510000,0E-10,0,0E-27,0E-24,-20.737314141300000000000000,0E-24,20.73390000000000000000000000,0.93658890481005100000000000,BASE_E3,permanent,run_dfea4b7ac1475668d5968c97,168
1687823999999999999,2023-06-26,ETHUSDT,-65.047947900000000000000000,65.384890092480000000000000000,0.7392653092766317476,0E-9,0,0E-27,0E-24,-65.047947900000000000000000,0E-24,65.384890092480000000000000000,1.076207501756631747600000000,BASE_E3,permanent,run_dfea4b7ac1475668d5968c97,168
1687910399999999999,2023-06-27,BTCUSDT,42.952701386100000000000000,-42.64200000000000000000000000,0.9388656000000000000,0E-10,0,0E-27,0E-24,42.952701386100000000000000,0E-24,-42.64200000000000000000000000,1.24956698610000000000000000,BASE_E3,permanent,run_dfea4b7ac1475668d5968c97,168
1687910399999999999,2023-06-27,ETHUSDT,48.842454180000000000000000,-49.644734850540000000000000000,0.3587570370732000000,0E-9,0,0E-27,0E-24,48.842454180000000000000000,0E-24,-49.644734850540000000000000000,-0.443523633466800000000000000,BASE_E3,permanent,run_dfea4b7ac1475668d5968c97,168
1687996799999999999,2023-06-28,BTCUSDT,-62.111000846100000000000000,62.41195789949000000000000000,0.7491377400260000000,0E-10,0,0E-27,0E-24,-62.111000846100000000000000,0E-24,62.41195789949000000000000000,1.05009479341600000000000000,BASE_E3,permanent,run_dfea4b7ac1475668d5968c97,168
1687996799999999999,2023-06-28,ETHUSDT,-98.895478110000000000000000,99.612361473120000000000000000,0.4868330594250000000,0E-9,0,0E-27,0E-24,-98.895478110000000000000000,0E-24,99.612361473120000000000000000,1.203716422545000000000000000,BASE_E3,permanent,run_dfea4b7ac1475668d5968c97,168
1688083199999999999,2023-06-29,BTCUSDT,37.598677698300000000000000,-37.81555789949000000000000000,0.8079817648620000000,0E-10,0,0E-27,0E-24,37.598677698300000000000000,0E-24,-37.81555789949000000000000000,0.59110156367200000000000000,BASE_E3,permanent,run_dfea4b7ac1475668d5968c97,168
1688083199999999999,2023-06-29,ETHUSDT,38.625245490000000000000000,-38.490181473120000000000000000,0.3783533471824509192,0E-9,0,0E-27,0E-24,38.625245490000000000000000,0E-24,-38.490181473120000000000000000,0.513417364062450919200000000,BASE_E3,permanent,run_dfea4b7ac1475668d5968c97,168
1688169599999999999,2023-06-30,BTCUSDT,2.624481022800000000000000,-2.67329128393000000000000000,0.9398936919721740000,0E-10,0,0E-27,0E-24,2.624481022800000000000000,0E-24,-2.67329128393000000000000000,0.89108343084217400000000000,BASE_E3,permanent,run_dfea4b7ac1475668d5968c97,168
1688169599999999999,2023-06-30,ETHUSDT,130.919083230000000000000000,-132.009060000000000000000000000,0.7217888426539980000,0E-9,0,0E-27,0E-24,130.919083230000000000000000,0E-24,-132.009060000000000000000000000,-0.368187927346002000000000000,BASE_E3,permanent,run_dfea4b7ac1475668d5968c97,168
1688255999999999999,2023-07-01,BTCUSDT,11.988357387900000000000000,-11.82837287377000000000000000,0.9421921368543420000,0E-10,0,0E-27,0E-24,11.988357387900000000000000,0E-24,-11.82837287377000000000000000,1.10217665098434200000000000,BASE_E3,permanent,run_dfea4b7ac1475668d5968c97,168
1688255999999999999,2023-07-01,ETHUSDT,-13.703649570000000000000000,14.187060000000000000000000000,0.9321242474410920000,0E-9,0,0E-27,0E-24,-13.703649570000000000000000,0E-24,14.187060000000000000000000000,1.415534677441092000000000000,BASE_E3,permanent,run_dfea4b7ac1475668d5968c97,168
1688342399999999999,2023-07-02,BTCUSDT,3.206440119300000000000000,-3.73928523854000000000000000,0.9431989109851140000,0E-10,0,0E-27,0E-24,3.206440119300000000000000,0E-24,-3.73928523854000000000000000,0.41035379174511400000000000,BASE_E3,permanent,run_dfea4b7ac1475668d5968c97,168
1688342399999999999,2023-07-02,ETHUSDT,20.531262960000000000000000,-21.643740000000000000000000000,0.9290782998203280000,0E-9,0,0E-27,0E-24,20.531262960000000000000000,0E-24,-21.643740000000000000000000000,-0.183398740179672000000000000,BASE_E3,permanent,run_dfea4b7ac1475668d5968c97,168
1688428799999999999,2023-07-03,BTCUSDT,55.359245310600000000000000,-54.92689962648000000000000000,0.9510690400000000000,0E-10,0,0E-27,0E-24,55.359245310600000000000000,0E-24,-54.92689962648000000000000000,1.38341472412000000000000000,BASE_E3,permanent,run_dfea4b7ac1475668d5968c97,168
1688428799999999999,2023-07-03,ETHUSDT,29.893002360000000000000000,-28.858320000000000000000000000,0.9479970537922320000,0E-9,0,0E-27,0E-24,29.893002360000000000000000,0E-24,-28.858320000000000000000000000,1.982679413792232000000000000,BASE_E3,permanent,run_dfea4b7ac1475668d5968c97,168
1688515199999999999,2023-07-04,BTCUSDT,-39.961534631700000000000000,39.91944902272000000000000000,0.9580347818011280000,0E-10,0,0E-27,0E-24,-39.961534631700000000000000,0E-24,39.91944902272000000000000000,0.91594917282112800000000000,BASE_E3,permanent,run_dfea4b7ac1475668d5968c97,168
1688515199999999999,2023-07-04,ETHUSDT,-31.894477680000000000000000,31.908780000000000000000000000,0.9453940535807040000,0E-9,0,0E-27,0E-24,-31.894477680000000000000000,0E-24,31.908780000000000000000000000,0.959696373580704000000000000,BASE_E3,permanent,run_dfea4b7ac1475668d5968c97,168
1688601599999999999,2023-07-05,BTCUSDT,-26.141808618000000000000000,26.55205477468000000000000000,0.9462316501500000000,0E-10,0,0E-27,0E-24,-26.141808618000000000000000,0E-24,26.55205477468000000000000000,1.35647780683000000000000000,BASE_E3,permanent,run_dfea4b7ac1475668d5968c97,168
1688601599999999999,2023-07-05,ETHUSDT,-41.530612890000000000000000,41.608920000000000000000000000,0.9319042320000000000,0E-9,0,0E-27,0E-24,-41.530612890000000000000000,0E-24,41.608920000000000000000000000,1.010211342000000000000000000,BASE_E3,permanent,run_dfea4b7ac1475668d5968c97,168
1688687999999999999,2023-07-06,BTCUSDT,-61.794785903400000000000000,62.04588175141000000000000000,0.6056418989073072632,0E-10,0,0E-27,0E-24,-61.794785903400000000000000,0E-24,62.04588175141000000000000000,0.85673774691730726320000000,BASE_E3,permanent,run_dfea4b7ac1475668d5968c97,168
1688687999999999999,2023-07-06,ETHUSDT,-99.863933910000000000000000,101.100960000000000000000000000,0.7034774158416120012,0E-9,0,0E-27,0E-24,-99.863933910000000000000000,0E-24,101.100960000000000000000000000,1.940503505841612001200000000,BASE_E3,permanent,run_dfea4b7ac1475668d5968c97,168
1688774399999999999,2023-07-07,BTCUSDT,44.490515423400000000000000,-44.65126042737000000000000000,0.1313094017466729506,0E-10,0,0E-27,0E-24,44.490515423400000000000000,0E-24,-44.65126042737000000000000000,-0.02943560222332704940000000,BASE_E3,permanent,run_dfea4b7ac1475668d5968c97,168
1688774399999999999,2023-07-07,ETHUSDT,36.349374360000000000000000,-37.006624323660000000000000000,0.4006823062198289424,0E-9,0,0E-27,0E-24,36.349374360000000000000000,0E-24,-37.006624323660000000000000000,-0.256567657440171057600000000,BASE_E3,permanent,run_dfea4b7ac1475668d5968c97,168
1688860799999999999,2023-07-08,BTCUSDT,-5.899932220800000000000000,5.95029283402000000000000000,0.2515891884447982447,0E-10,0,0E-27,0E-24,-5.899932220800000000000000,0E-24,5.95029283402000000000000000,0.30194980166479824470000000,BASE_E3,permanent,run_dfea4b7ac1475668d5968c97,168
1688860799999999999,2023-07-08,ETHUSDT,-9.151907310000000000000000,8.729344323660000000000000000,0.1422769890851478954,0E-9,0,0E-27,0E-24,-9.151907310000000000000000,0E-24,8.729344323660000000000000000,-0.280285997254852104600000000,BASE_E3,permanent,run_dfea4b7ac1475668d5968c97,168
1688947199999999999,2023-07-09,BTCUSDT,-12.661987917300000000000000,13.08753106726000000000000000,0.5827372170200495545,0E-10,0,0E-27,0E-24,-12.661987917300000000000000,0E-24,13.08753106726000000000000000,1.00828036698004955450000000,BASE_E3,permanent,run_dfea4b7ac1475668d5968c97,168
1688947199999999999,2023-07-09,ETHUSDT,-3.793118550000000000000000,3.792900000000000000000000000,0.2795310303497021700,0E-9,0,0E-27,0E-24,-3.793118550000000000000000,0E-24,3.792900000000000000000000000,0.279312480349702170000000000,BASE_E3,permanent,run_dfea4b7ac1475668d5968c97,168
1689033599999999999,2023-07-10,BTCUSDT,25.732892226300000000000000,-25.91474971128000000000000000,0.1760873069307205590,0E-10,0,0E-27,0E-24,25.732892226300000000000000,0E-24,-25.91474971128000000000000000,-0.00577017804927944100000000,BASE_E3,permanent,run_dfea4b7ac1475668d5968c97,168
1689033599999999999,2023-07-10,ETHUSDT,28.278909360000000000000000,-27.901194161220000000000000000,0.4341076260713698746,0E-9,0,0E-27,0E-24,28.278909360000000000000000,0E-24,-27.901194161220000000000000000,0.811822824851369874600000000,BASE_E3,permanent,run_dfea4b7ac1475668d5968c97,168
1689119999999999999,2023-07-11,BTCUSDT,21.400644509700000000000000,-21.61934394342000000000000000,0.6352180825500000000,0E-10,0,0E-27,0E-24,21.400644509700000000000000,0E-24,-21.61934394342000000000000000,0.41651864883000000000000000,BASE_E3,permanent,run_dfea4b7ac1475668d5968c97,168
1689119999999999999,2023-07-11,ETHUSDT,-3.744695760000000000000000,3.465234161220000000000000000,0.5984919936649943844,0E-9,0,0E-27,0E-24,-3.744695760000000000000000,0E-24,3.465234161220000000000000000,0.319030394884994384400000000,BASE_E3,permanent,run_dfea4b7ac1475668d5968c97,168
1689206399999999999,2023-07-12,BTCUSDT,-23.701700477100000000000000,23.30512818017000000000000000,0.5732148028472754800,0E-10,0,0E-27,0E-24,-23.701700477100000000000000,0E-24,23.30512818017000000000000000,0.17664250591727548000000000,BASE_E3,permanent,run_dfea4b7ac1475668d5968c97,168
1689206399999999999,2023-07-12,ETHUSDT,-9.490866840000000000000000,9.866123211240000000000000000,0.7787102003169684480,0E-9,0,0E-27,0E-24,-9.490866840000000000000000,0E-24,9.866123211240000000000000000,1.153966571556968448000000000,BASE_E3,permanent,run_dfea4b7ac1475668d5968c97,168
1689292799999999999,2023-07-13,BTCUSDT,110.574288367200000000000000,-110.26184206506000000000000000,0.1726868160761473240,0E-10,0,0E-27,0E-24,110.574288367200000000000000,0E-24,-110.26184206506000000000000000,0.48513311821614732400000000,BASE_E3,permanent,run_dfea4b7ac1475668d5968c97,168
1689292799999999999,2023-07-13,ETHUSDT,215.303865270000000000000000,-217.154869305660000000000000000,0.0020910394009517808,0E-9,0,0E-27,0E-24,215.303865270000000000000000,0E-24,-217.154869305660000000000000000,-1.848912996259048219200000000,BASE_E3,permanent,run_dfea4b7ac1475668d5968c97,168
1689379199999999999,2023-07-14,BTCUSDT,-118.789696780800000000000000,119.14557287616000000000000000,0.9658601355464490000,0E-10,0,0E-27,0E-24,-118.789696780800000000000000,0E-24,119.14557287616000000000000000,1.32173623090644900000000000,BASE_E3,permanent,run_dfea4b7ac1475668d5968c97,168
1689379199999999999,2023-07-14,ETHUSDT,-109.419364470000000000000000,111.546266094420000000000000000,0.9674863699827960000,0E-9,0,0E-27,0E-24,-109.419364470000000000000000,0E-24,111.546266094420000000000000000,3.094387994402796000000000000,BASE_E3,permanent,run_dfea4b7ac1475668d5968c97,168
1689465599999999999,2023-07-15,BTCUSDT,-2.840784403800000000000000,2.52173466343000000000000000,-0.0411887460927766660,0E-10,0,0E-27,0E-24,-2.840784403800000000000000,0E-24,2.52173466343000000000000000,-0.36023848646277666600000000,BASE_E3,permanent,run_dfea4b7ac1475668d5968c97,168
1689465599999999999,2023-07-15,ETHUSDT,-10.782141240000000000000000,10.305213299280000000000000000,0.5243709969376275180,0E-9,0,0E-27,0E-24,-10.782141240000000000000000,0E-24,10.305213299280000000000000000,0.047443056217627518000000000,BASE_E3,permanent,run_dfea4b7ac1475668d5968c97,168
1689551999999999999,2023-07-16,BTCUSDT,-5.684658855900000000000000,5.73710000000000000000000000,0.4476792080122367695,0E-10,0,0E-27,0E-24,-5.684658855900000000000000,0E-24,5.73710000000000000000000000,0.50012035211223676950000000,BASE_E3,permanent,run_dfea4b7ac1475668d5968c97,168
1689551999999999999,2023-07-16,ETHUSDT,-14.155595610000000000000000,14.421266700720000000000000000,0.4471853957771816154,0E-9,0,0E-27,0E-24,-14.155595610000000000000000,0E-24,14.421266700720000000000000000,0.712856486497181615400000000,BASE_E3,permanent,run_dfea4b7ac1475668d5968c97,168
1689638399999999999,2023-07-17,BTCUSDT,-9.420527250600000000000000,9.44478288463000000000000000,0.4769027587130000000,0E-10,0,0E-27,0E-24,-9.420527250600000000000000,0E-24,9.44478288463000000000000000,0.50115839274300000000000000,BASE_E3,permanent,run_dfea4b7ac1475668d5968c97,168
1689638399999999999,2023-07-17,ETHUSDT,-18.013277880000000000000000,17.832294284580000000000000000,0.2811020567533846458,0E-9,0,0E-27,0E-24,-18.013277880000000000000000,0E-24,17.832294284580000000000000000,0.100118461333384645800000000,BASE_E3,permanent,run_dfea4b7ac1475668d5968c97,168
1689724799999999999,2023-07-18,BTCUSDT,-28.119439530000000000000000,27.72199970872000000000000000,0.5635967256108921242,0E-10,0,0E-27,0E-24,-28.119439530000000000000000,0E-24,27.72199970872000000000000000,0.16615690433089212420000000,BASE_E3,permanent,run_dfea4b7ac1475668d5968c97,168
1689724799999999999,2023-07-18,ETHUSDT,-22.016228520000000000000000,21.718038343380000000000000000,0.6872318594383258152,0E-9,0,0E-27,0E-24,-22.016228520000000000000000,0E-24,21.718038343380000000000000000,0.389041682818325815200000000,BASE_E3,permanent,run_dfea4b7ac1475668d5968c97,168
1689811199999999999,2023-07-19,BTCUSDT,4.178775317700000000000000,-3.72268259335000000000000000,0.7059614788626500752,0E-10,0,0E-27,0E-24,4.178775317700000000000000,0E-24,-3.72268259335000000000000000,1.16205420321265007520000000,BASE_E3,permanent,run_dfea4b7ac1475668d5968c97,168
1689811199999999999,2023-07-19,ETHUSDT,-15.011064900000000000000000,15.325667372040000000000000000,0.7898512361210551824,0E-9,0,0E-27,0E-24,-15.011064900000000000000000,0E-24,15.325667372040000000000000000,1.104453708161055182400000000,BASE_E3,permanent,run_dfea4b7ac1475668d5968c97,168
1689897599999999999,2023-07-20,BTCUSDT,-11.491889627700000000000000,11.57720000000000000000000000,0.5522294798091225599,0E-10,0,0E-27,0E-24,-11.491889627700000000000000,0E-24,11.57720000000000000000000000,0.63753985210912255990000000,BASE_E3,permanent,run_dfea4b7ac1475668d5968c97,168
1689897599999999999,2023-07-20,ETHUSDT,4.228923660000000000000000,-4.083420000000000000000000000,0.5816841512798855616,0E-9,0,0E-27,0E-24,4.228923660000000000000000,0E-24,-4.083420000000000000000000000,0.727187811279885561600000000,BASE_E3,permanent,run_dfea4b7ac1475668d5968c97,168
1689983999999999999,2023-07-21,BTCUSDT,10.918170660000000000000000,-11.19503283657000000000000000,0.2263860159546797112,0E-10,0,0E-27,0E-24,10.918170660000000000000000,0E-24,-11.19503283657000000000000000,-0.05047616061532028880000000,BASE_E3,permanent,run_dfea4b7ac1475668d5968c97,168
1689983999999999999,2023-07-21,ETHUSDT,1.113724170000000000000000,-1.000680000000000000000000000,0.2943010067051520000,0E-9,0,0E-27,0E-24,1.113724170000000000000000,0E-24,-1.000680000000000000000000000,0.407345176705152000000000000,BASE_E3,permanent,run_dfea4b7ac1475668d5968c97,168
1690070399999999999,2023-07-22,BTCUSDT,-11.640211946100000000000000,11.29803283657000000000000000,0.1021346039030328706,0E-10,0,0E-27,0E-24,-11.640211946100000000000000,0E-24,11.29803283657000000000000000,-0.24004450562696712940000000,BASE_E3,permanent,run_dfea4b7ac1475668d5968c97,168
1690070399999999999,2023-07-22,ETHUSDT,-41.659740330000000000000000,41.673480000000000000000000000,0.2136452024346000000,0E-9,0,0E-27,0E-24,-41.659740330000000000000000,0E-24,41.673480000000000000000000000,0.227384872434600000000000000,BASE_E3,permanent,run_dfea4b7ac1475668d5968c97,168
1690156799999999999,2023-07-23,BTCUSDT,31.211547862200000000000000,-31.05688692097000000000000000,0.6857146423360000000,0E-10,0,0E-27,0E-24,31.211547862200000000000000,0E-24,-31.05688692097000000000000000,0.84037558356600000000000000,BASE_E3,permanent,run_dfea4b7ac1475668d5968c97,168
1690156799999999999,2023-07-23,ETHUSDT,38.157158520000000000000000,-38.536125080640000000000000000,0.3140771331117079194,0E-9,0,0E-27,0E-24,38.157158520000000000000000,0E-24,-38.536125080640000000000000000,-0.064889427528292080600000000,BASE_E3,permanent,run_dfea4b7ac1475668d5968c97,168
1690243199999999999,2023-07-24,BTCUSDT,-94.091970735000000000000000,94.31364893350000000000000000,0.7425566158338010000,0E-10,0,0E-27,0E-24,-94.091970735000000000000000,0E-24,94.31364893350000000000000000,0.96423481433380100000000000,BASE_E3,permanent,run_dfea4b7ac1475668d5968c97,168
1690243199999999999,2023-07-24,ETHUSDT,-63.724391640000000000000000,64.070146238700000000000000000,0.5154133443522309258,0E-9,0,0E-27,0E-24,-63.724391640000000000000000,0E-24,64.070146238700000000000000000,0.861167943052230925800000000,BASE_E3,permanent,run_dfea4b7ac1475668d5968c97,168
1690329599999999999,2023-07-25,BTCUSDT,5.723799467700000000000000,-5.76413146317000000000000000,0.7231391374750000000,0E-10,0,0E-27,0E-24,5.723799467700000000000000,0E-24,-5.76413146317000000000000000,0.68280714200500000000000000,BASE_E3,permanent,run_dfea4b7ac1475668d5968c97,168
1690329599999999999,2023-07-25,ETHUSDT,12.719052840000000000000000,-13.041661158060000000000000000,0.7734098323133474520,0E-9,0,0E-27,0E-24,12.719052840000000000000000,0E-24,-13.041661158060000000000000000,0.450801514253347452000000000,BASE_E3,permanent,run_dfea4b7ac1475668d5968c97,168
1690415999999999999,2023-07-26,BTCUSDT,12.347833006800000000000000,-12.15014146138000000000000000,0.7593453097193472360,0E-10,0,0E-27,0E-24,12.347833006800000000000000,0E-24,-12.15014146138000000000000000,0.95703685513934723600000000,BASE_E3,permanent,run_dfea4b7ac1475668d5968c97,168
1690415999999999999,2023-07-26,ETHUSDT,22.920120600000000000000000,-22.874456140860000000000000000,0.7701716850336989466,0E-9,0,0E-27,0E-24,22.920120600000000000000000,0E-24,-22.874456140860000000000000000,0.815836144173698946600000000,BASE_E3,permanent,run_dfea4b7ac1475668d5968c97,168
1690502399999999999,2023-07-27,BTCUSDT,-13.167725822400000000000000,12.64813589770000000000000000,0.2974779576276125850,0E-10,0,0E-27,0E-24,-13.167725822400000000000000,0E-24,12.64813589770000000000000000,-0.22211196707238741500000000,BASE_E3,permanent,run_dfea4b7ac1475668d5968c97,168
1690502399999999999,2023-07-27,ETHUSDT,-17.286936030000000000000000,17.009598231420000000000000000,0.6675761654046753198,0E-9,0,0E-27,0E-24,-17.286936030000000000000000,0E-24,17.009598231420000000000000000,0.390238366824675319800000000,BASE_E3,permanent,run_dfea4b7ac1475668d5968c97,168
1690588799999999999,2023-07-28,BTCUSDT,9.273234948300000000000000,-8.85962498568000000000000000,0.6344523762900847279,0E-10,0,0E-27,0E-24,9.273234948300000000000000,0E-24,-8.85962498568000000000000000,1.04806233891008472790000000,BASE_E3,permanent,run_dfea4b7ac1475668d5968c97,168
1690588799999999999,2023-07-28,ETHUSDT,20.886363420000000000000000,-20.778757857000000000000000000,0.5940935603778713340,0E-9,0,0E-27,0E-24,20.886363420000000000000000,0E-24,-20.778757857000000000000000000,0.701699123377871334000000000,BASE_E3,permanent,run_dfea4b7ac1475668d5968c97,168
1690675199999999999,2023-07-29,BTCUSDT,3.991312387500000000000000,-4.34468035192000000000000000,0.6666675051500000000,0E-10,0,0E-27,0E-24,3.991312387500000000000000,0E-24,-4.34468035192000000000000000,0.31329954073000000000000000,BASE_E3,permanent,run_dfea4b7ac1475668d5968c97,168
1690675199999999999,2023-07-29,ETHUSDT,10.055799390000000000000000,-11.057104512060000000000000000,0.6493510934095770660,0E-9,0,0E-27,0E-24,10.055799390000000000000000,0E-24,-11.057104512060000000000000000,-0.351954028650422934000000000,BASE_E3,permanent,run_dfea4b7ac1475668d5968c97,168
1690761599999999999,2023-07-30,BTCUSDT,-7.509847385100000000000000,7.38318035192000000000000000,0.5456850012370459546,0E-10,0,0E-27,0E-24,-7.509847385100000000000000,0E-24,7.38318035192000000000000000,0.41901796805704595460000000,BASE_E3,permanent,run_dfea4b7ac1475668d5968c97,168
1690761599999999999,2023-07-30,ETHUSDT,-30.151257240000000000000000,31.615940278500000000000000000,0.4739447622911008686,0E-9,0,0E-27,0E-24,-30.151257240000000000000000,0E-24,31.615940278500000000000000000,1.938627800791100868600000000,BASE_E3,permanent,run_dfea4b7ac1475668d5968c97,168
1690847999999999999,2023-07-31,BTCUSDT,-4.917296861400000000000000,5.11910000000000000000000000,0.5421895096507536722,0E-10,0,0E-27,0E-24,-4.917296861400000000000000,0E-24,5.11910000000000000000000000,0.74399264825075367220000000,BASE_E3,permanent,run_dfea4b7ac1475668d5968c97,168
1690847999999999999,2023-07-31,ETHUSDT,-9.119625450000000000000000,8.709766745760000000000000000,0.1330606937767289664,0E-9,0,0E-27,0E-24,-9.119625450000000000000000,0E-24,8.709766745760000000000000000,-0.276798010463271033600000000,BASE_E3,permanent,run_dfea4b7ac1475668d5968c97,168
1690934399999999999,2023-08-01,BTCUSDT,46.326004113600000000000000,-47.26271469207000000000000000,0.6893674624401632208,0E-10,0,0E-27,0E-24,46.326004113600000000000000,0E-24,-47.26271469207000000000000000,-0.24734311602983677920000000,BASE_E3,permanent,run_dfea4b7ac1475668d5968c97,168
1690934399999999999,2023-08-01,ETHUSDT,25.970756370000000000000000,-26.756834331780000000000000000,0.6255078939495525480,0E-9,0,0E-27,0E-24,25.970756370000000000000000,0E-24,-26.756834331780000000000000000,-0.160570067830447452000000000,BASE_E3,permanent,run_dfea4b7ac1475668d5968c97,168
1691020799999999999,2023-08-02,BTCUSDT,-52.206366028500000000000000,53.26988379958000000000000000,0.9124380751681330000,0E-10,0,0E-27,0E-24,-52.206366028500000000000000,0E-24,53.26988379958000000000000000,1.97595584624813300000000000,BASE_E3,permanent,run_dfea4b7ac1475668d5968c97,168
1691020799999999999,2023-08-02,ETHUSDT,-51.667116930000000000000000,52.311265762620000000000000000,0.8992372016030100000,0E-9,0,0E-27,0E-24,-51.667116930000000000000000,0E-24,52.311265762620000000000000000,1.543386034223010000000000000,BASE_E3,permanent,run_dfea4b7ac1475668d5968c97,168
1691107199999999999,2023-08-03,BTCUSDT,1.903469752800000000000000,-1.99016910751000000000000000,0.9007881555483550000,0E-10,0,0E-27,0E-24,1.903469752800000000000000,0E-24,-1.99016910751000000000000000,0.81408880083835500000000000,BASE_E3,permanent,run_dfea4b7ac1475668d5968c97,168
1691107199999999999,2023-08-03,ETHUSDT,-6.859895250000000000000000,7.222206569640000000000000000,0.8894184866009940000,0E-9,0,0E-27,0E-24,-6.859895250000000000000000,0E-24,7.222206569640000000000000000,1.251729806240994000000000000,BASE_E3,permanent,run_dfea4b7ac1475668d5968c97,168
1691193599999999999,2023-08-04,BTCUSDT,-8.204078236500000000000000,8.30180000000000000000000000,0.8460928514395910000,0E-10,0,0E-27,0E-24,-8.204078236500000000000000,0E-24,8.30180000000000000000000000,0.94381461493959100000000000,BASE_E3,permanent,run_dfea4b7ac1475668d5968c97,168
1691193599999999999,2023-08-04,ETHUSDT,-9.232611960000000000000000,8.668743352680000000000000000,0.7373954840101663500,0E-9,0,0E-27,0E-24,-9.232611960000000000000000,0E-24,8.668743352680000000000000000,0.173526876690166350000000000,BASE_E3,permanent,run_dfea4b7ac1475668d5968c97,168
1691279999999999999,2023-08-05,BTCUSDT,-4.311647394600000000000000,4.29779398972000000000000000,0.7234729162903909081,0E-10,0,0E-27,0E-24,-4.311647394600000000000000,0E-24,4.29779398972000000000000000,0.70961951141039090810000000,BASE_E3,permanent,run_dfea4b7ac1475668d5968c97,168
1691279999999999999,2023-08-05,ETHUSDT,10.055799390000000000000000,-9.649673496420000000000000000,0.7708804761100878060,0E-9,0,0E-27,0E-24,10.055799390000000000000000,0E-24,-9.649673496420000000000000000,1.177006369690087806000000000,BASE_E3,permanent,run_dfea4b7ac1475668d5968c97,168
1691366399999999999,2023-08-06,BTCUSDT,1.808708271600000000000000,-1.96474416315000000000000000,0.8975971858955820000,0E-10,0,0E-27,0E-24,1.808708271600000000000000,0E-24,-1.96474416315000000000000000,0.74156129434558200000000000,BASE_E3,permanent,run_dfea4b7ac1475668d5968c97,168
1691366399999999999,2023-08-06,ETHUSDT,-9.991235670000000000000000,9.880161767100000000000000000,0.6476504371293783594,0E-9,0,0E-27,0E-24,-9.991235670000000000000000,0E-24,9.880161767100000000000000000,0.536576534229378359400000000,BASE_E3,permanent,run_dfea4b7ac1475668d5968c97,168
1691452799999999999,2023-08-07,BTCUSDT,12.715548754500000000000000,-13.00965121711000000000000000,0.8264612981372600000,0E-10,0,0E-27,0E-24,12.715548754500000000000000,0E-24,-13.00965121711000000000000000,0.53235883552726000000000000,BASE_E3,permanent,run_dfea4b7ac1475668d5968c97,168
1691452799999999999,2023-08-07,ETHUSDT,-1.904629740000000000000000,1.839227001900000000000000000,0.8652107239206670602,0E-9,0,0E-27,0E-24,-1.904629740000000000000000,0E-24,1.839227001900000000000000000,0.799807985820667060200000000,BASE_E3,permanent,run_dfea4b7ac1475668d5968c97,168
1691539199999999999,2023-08-08,BTCUSDT,58.257710616000000000000000,-57.86989860946000000000000000,0.7560864515595209440,0E-10,0,0E-27,0E-24,58.257710616000000000000000,0E-24,-57.86989860946000000000000000,1.14389845809952094400000000,BASE_E3,permanent,run_dfea4b7ac1475668d5968c97,168
1691539199999999999,2023-08-08,ETHUSDT,43.758061230000000000000000,-43.646029293000000000000000000,0.6398708477945190804,0E-9,0,0E-27,0E-24,43.758061230000000000000000,0E-24,-43.646029293000000000000000000,0.751902784794519080400000000,BASE_E3,permanent,run_dfea4b7ac1475668d5968c97,168
1691625599999999999,2023-08-09,BTCUSDT,-20.651822805000000000000000,20.62060000000000000000000000,0.8131122232088319315,0E-10,0,0E-27,0E-24,-20.651822805000000000000000,0E-24,20.62060000000000000000000000,0.78188941820883193150000000,BASE_E3,permanent,run_dfea4b7ac1475668d5968c97,168
1691625599999999999,2023-08-09,ETHUSDT,-1.597952070000000000000000,1.460245921500000000000000000,0.5470371728277648852,0E-9,0,0E-27,0E-24,-1.597952070000000000000000,0E-24,1.460245921500000000000000000,0.409331024327764885200000000,BASE_E3,permanent,run_dfea4b7ac1475668d5968c97,168
1691711999999999999,2023-08-10,BTCUSDT,-12.615637192800000000000000,12.63810000000000000000000000,0.8595871728990000000,0E-10,0,0E-27,0E-24,-12.615637192800000000000000,0E-24,12.63810000000000000000000000,0.88204998009900000000000000,BASE_E3,permanent,run_dfea4b7ac1475668d5968c97,168
1691711999999999999,2023-08-10,ETHUSDT,-4.438755750000000000000000,4.551480000000000000000000000,0.8251515198072000000,0E-9,0,0E-27,0E-24,-4.438755750000000000000000,0E-24,4.551480000000000000000000000,0.937875769807200000000000000,BASE_E3,permanent,run_dfea4b7ac1475668d5968c97,168
1691798399999999999,2023-08-11,BTCUSDT,-3.062237865300000000000000,2.89224498108000000000000000,0.8217595118514616761,0E-10,0,0E-27,0E-24,-3.062237865300000000000000,0E-24,2.89224498108000000000000000,0.65176662763146167610000000,BASE_E3,permanent,run_dfea4b7ac1475668d5968c97,168
1691798399999999999,2023-08-11,ETHUSDT,-5.665466430000000000000000,5.536020000000000000000000000,0.2556426953154772512,0E-9,0,0E-27,0E-24,-5.665466430000000000000000,0E-24,5.536020000000000000000000000,0.126196265315477251200000000,BASE_E3,permanent,run_dfea4b7ac1475668d5968c97,168
1691884799999999999,2023-08-12,BTCUSDT,0.426426665400000000000000,-0.51294498108000000000000000,0.8879305978238800265,0E-10,0,0E-27,0E-24,0.426426665400000000000000,0E-24,-0.51294498108000000000000000,0.80141228214388002650000000,BASE_E3,permanent,run_dfea4b7ac1475668d5968c97,168
1691884799999999999,2023-08-12,ETHUSDT,1.581811140000000000000000,-1.388040000000000000000000000,0.5240653297922882904,0E-9,0,0E-27,0E-24,1.581811140000000000000000,0E-24,-1.388040000000000000000000000,0.717836469792288290400000000,BASE_E3,permanent,run_dfea4b7ac1475668d5968c97,168
1691971199999999999,2023-08-13,BTCUSDT,-13.012193391300000000000000,12.77200000000000000000000000,0.7458272199279220000,0E-10,0,0E-27,0E-24,-13.012193391300000000000000,0E-24,12.77200000000000000000000000,0.50563382862792200000000000,BASE_E3,permanent,run_dfea4b7ac1475668d5968c97,168
1691971199999999999,2023-08-13,ETHUSDT,-14.865796530000000000000000,14.461440000000000000000000000,0.5426371815927161832,0E-9,0,0E-27,0E-24,-14.865796530000000000000000,0E-24,14.461440000000000000000000000,0.138280651592716183200000000,BASE_E3,permanent,run_dfea4b7ac1475668d5968c97,168
1692057599999999999,2023-08-14,BTCUSDT,13.089444598800000000000000,-12.65870000000000000000000000,0.9094591464543390000,0E-10,0,0E-27,0E-24,13.089444598800000000000000,0E-24,-12.65870000000000000000000000,1.34020374525433900000000000,BASE_E3,permanent,run_dfea4b7ac1475668d5968c97,168
1692057599999999999,2023-08-14,ETHUSDT,7.699223610000000000000000,-7.504430060880000000000000000,0.8909246573995440000,0E-9,0,0E-27,0E-24,7.699223610000000000000000,0E-24,-7.504430060880000000000000000,1.085718206519544000000000000,BASE_E3,permanent,run_dfea4b7ac1475668d5968c97,168
1692143999999999999,2023-08-15,BTCUSDT,-23.784101765100000000000000,23.76210000000000000000000000,0.9077647762027880000,0E-10,0,0E-27,0E-24,-23.784101765100000000000000,0E-24,23.76210000000000000000000000,0.88576301110278800000000000,BASE_E3,permanent,run_dfea4b7ac1475668d5968c97,168
1692143999999999999,2023-08-15,ETHUSDT,-27.019916820000000000000000,26.840150060880000000000000000,0.7844963916337643898,0E-9,0,0E-27,0E-24,-27.019916820000000000000000,0E-24,26.840150060880000000000000000,0.604729632513764389800000000,BASE_E3,permanent,run_dfea4b7ac1475668d5968c97,168
1692230399999999999,2023-08-16,BTCUSDT,-48.103811902200000000000000,48.31730000000000000000000000,0.9010020315935290000,0E-10,0,0E-27,0E-24,-48.103811902200000000000000,0E-24,48.31730000000000000000000000,1.11449012939352900000000000,BASE_E3,permanent,run_dfea4b7ac1475668d5968c97,168
1692230399999999999,2023-08-16,ETHUSDT,-33.799107420000000000000000,33.926280000000000000000000000,0.7884551857611469182,0E-9,0,0E-27,0E-24,-33.799107420000000000000000,0E-24,33.926280000000000000000000000,0.915627765761146918200000000,BASE_E3,permanent,run_dfea4b7ac1475668d5968c97,168
1692316799999999999,2023-08-17,BTCUSDT,-212.491291413900000000000000,212.74650000000000000000000000,0.8781392629639130000,0E-10,0,0E-27,0E-24,-212.491291413900000000000000,0E-24,212.74650000000000000000000000,1.13334784906391300000000000,BASE_E3,permanent,run_dfea4b7ac1475668d5968c97,168
1692316799999999999,2023-08-17,ETHUSDT,-198.113774820000000000000000,197.506097591280000000000000000,0.7078853844906020628,0E-9,0,0E-27,0E-24,-198.113774820000000000000000,0E-24,197.506097591280000000000000000,0.100208155770602062800000000,BASE_E3,permanent,run_dfea4b7ac1475668d5968c97,168
1692403199999999999,2023-08-18,BTCUSDT,-69.623090880600000000000000,69.02090000000000000000000017,0.4312786640332990000,-0.5958623594,0,0.079689978325050401925838824,0E-24,-69.623090880600000000000000,0E-24,69.02090000000000000000000017,-0.76677457596670099999999983,BASE_E3,permanent,run_dfea4b7ac1475668d5968c97,168
1692403199999999999,2023-08-18,ETHUSDT,-39.543365190000000000000000,40.362492408720000000000000420,-0.1596069513679474772,-0.078675055,0,0.010919932875463132159928564,0E-24,-39.543365190000000000000000,0E-24,40.362492408720000000000000420,0.580845212352052522800000420,BASE_E3,permanent,run_dfea4b7ac1475668d5968c97,168
1692489599999999999,2023-08-19,BTCUSDT,5.428303140000000000000000,-5.34540000000000000000000000,-0.1816937733280943988,0E-10,0,0E-27,0E-24,5.428303140000000000000000,0E-24,-5.34540000000000000000000000,-0.09879063332809439880000000,BASE_E3,permanent,run_dfea4b7ac1475668d5968c97,168
1692489599999999999,2023-08-19,ETHUSDT,13.834971420000000000000000,-13.785100000000000000000000000,-0.5708602724836558645,0E-9,0,0E-27,0E-24,13.834971420000000000000000,0E-24,-13.785100000000000000000000000,-0.520988852483655864500000000,BASE_E3,permanent,run_dfea4b7ac1475668d5968c97,168
1692575999999999999,2023-08-20,BTCUSDT,10.619413034100000000000000,-10.59240153814000000000000000,-0.2346893657858724292,0E-10,0,0E-27,0E-24,10.619413034100000000000000,0E-24,-10.59240153814000000000000000,-0.20767786982587242920000000,BASE_E3,permanent,run_dfea4b7ac1475668d5968c97,168
1692575999999999999,2023-08-20,ETHUSDT,25.103646120000000000000000,-24.779248387600000000000000000,-0.6078533341560234520,0E-9,0,0E-27,0E-24,25.103646120000000000000000,0E-24,-24.779248387600000000000000000,-0.283455601756023452000000000,BASE_E3,permanent,run_dfea4b7ac1475668d5968c97,168
1692662399999999999,2023-08-21,BTCUSDT,-7.441495565400000000000000,7.45384250830000000000000000,-0.1108825598557050122,0E-10,0,0E-27,0E-24,-7.441495565400000000000000,0E-24,7.45384250830000000000000000,-0.09853561695570501220000000,BASE_E3,permanent,run_dfea4b7ac1475668d5968c97,168
1692662399999999999,2023-08-21,ETHUSDT,-28.459572600000000000000000,27.930262008600000000000000000,-0.2149413833423945760,0E-9,0,0E-27,0E-24,-28.459572600000000000000000,0E-24,27.930262008600000000000000000,-0.744251974742394576000000000,BASE_E3,permanent,run_dfea4b7ac1475668d5968c97,168
1692748799999999999,2023-08-22,BTCUSDT,-9.297739226100000000000000,9.27608330428000000000000000,0.0244007288616097360,0E-10,0,0E-27,0E-24,-9.297739226100000000000000,0E-24,9.27608330428000000000000000,0.00274480704160973600000000,BASE_E3,permanent,run_dfea4b7ac1475668d5968c97,168
1692748799999999999,2023-08-22,ETHUSDT,-53.875780500000000000000000,53.815336379000000000000000000,-0.1815306686457811120,0E-9,0,0E-27,0E-24,-53.875780500000000000000000,0E-24,53.815336379000000000000000000,-0.241974789645781112000000000,BASE_E3,permanent,run_dfea4b7ac1475668d5968c97,168
1692835199999999999,2023-08-23,BTCUSDT,45.799537644900000000000000,-45.86812427444000000000000000,0.0914956396860000000,0E-10,0,0E-27,0E-24,45.799537644900000000000000,0E-24,-45.86812427444000000000000000,0.02290901014600000000000000,BASE_E3,permanent,run_dfea4b7ac1475668d5968c97,168
1692835199999999999,2023-08-23,ETHUSDT,74.027790000000000000000000,-74.041450000000000000000000000,-0.0505818801285000000,0E-9,0,0E-27,0E-24,74.027790000000000000000000,0E-24,-74.041450000000000000000000000,-0.064241880128500000000000000,BASE_E3,permanent,run_dfea4b7ac1475668d5968c97,168
1692921599999999999,2023-08-24,BTCUSDT,-30.475201867500000000000000,30.93436456066000000000000000,0.1405153034950139316,0E-10,0,0E-27,0E-24,-30.475201867500000000000000,0E-24,30.93436456066000000000000000,0.59967799665501393160000000,BASE_E3,permanent,run_dfea4b7ac1475668d5968c97,168
1692921599999999999,2023-08-24,ETHUSDT,-31.173924900000000000000000,31.468850000000000000000000000,-0.0041646449165226710,0E-9,0,0E-27,0E-24,-31.173924900000000000000000,0E-24,31.468850000000000000000000000,0.290760455083477329000000000,BASE_E3,permanent,run_dfea4b7ac1475668d5968c97,168
1693007999999999999,2023-08-25,BTCUSDT,-13.923597554100000000000000,13.40659442128000000000000000,0.2251115387032104572,0E-10,0,0E-27,0E-24,-13.923597554100000000000000,0E-24,13.40659442128000000000000000,-0.29189159411678954280000000,BASE_E3,permanent,run_dfea4b7ac1475668d5968c97,168
1693007999999999999,2023-08-25,ETHUSDT,-11.745742680000000000000000,11.366950000000000000000000000,-0.1015553698594743070,0E-9,0,0E-27,0E-24,-11.745742680000000000000000,0E-24,11.366950000000000000000000000,-0.480348049859474307000000000,BASE_E3,permanent,run_dfea4b7ac1475668d5968c97,168
1693094399999999999,2023-08-26,BTCUSDT,-4.920874803000000000000000,5.30164101806000000000000000,0.3457327961000000000,0E-10,0,0E-27,0E-24,-4.920874803000000000000000,0E-24,5.30164101806000000000000000,0.72649901116000000000000000,BASE_E3,permanent,run_dfea4b7ac1475668d5968c97,168
1693094399999999999,2023-08-26,ETHUSDT,-10.972563540000000000000000,11.211929723750000000000000000,-0.0758268078370383140,0E-9,0,0E-27,0E-24,-10.972563540000000000000000,0E-24,11.211929723750000000000000000,0.163539375912961686000000000,BASE_E3,permanent,run_dfea4b7ac1475668d5968c97,168
1693180799999999999,2023-08-27,BTCUSDT,9.850010067300000000000000,-9.84120000000000000000000000,0.1631145332230622880,0E-10,0,0E-27,0E-24,9.850010067300000000000000,0E-24,-9.84120000000000000000000000,0.17192460052306228800000000,BASE_E3,permanent,run_dfea4b7ac1475668d5968c97,168
1693180799999999999,2023-08-27,ETHUSDT,18.556299360000000000000000,-18.565079723750000000000000000,0.1257963488670000000,0E-9,0,0E-27,0E-24,18.556299360000000000000000,0E-24,-18.565079723750000000000000000,0.117015985117000000000000000,BASE_E3,permanent,run_dfea4b7ac1475668d5968c97,168
1693267199999999999,2023-08-28,BTCUSDT,2.753093744700000000000000,-3.16412781854000000000000000,0.2624495659520000000,0E-10,0,0E-27,0E-24,2.753093744700000000000000,0E-24,-3.16412781854000000000000000,-0.14858450788800000000000000,BASE_E3,permanent,run_dfea4b7ac1475668d5968c97,168
1693267199999999999,2023-08-28,ETHUSDT,-8.324013720000000000000000,7.978250000000000000000000000,0.0198660466814138000,0E-9,0,0E-27,0E-24,-8.324013720000000000000000,0E-24,7.978250000000000000000000000,-0.325897673318586200000000000,BASE_E3,permanent,run_dfea4b7ac1475668d5968c97,168
1693353599999999999,2023-08-29,BTCUSDT,188.975753226000000000000000,-188.68027218146000000000000000,-0.2127821703729015914,0E-10,0,0E-27,0E-24,188.975753226000000000000000,0E-24,-188.68027218146000000000000000,0.08269887416709840860000000,BASE_E3,permanent,run_dfea4b7ac1475668d5968c97,168
1693353599999999999,2023-08-29,ETHUSDT,125.764989900000000000000000,-125.464150000000000000000000000,-0.2428809219173080730,0E-9,0,0E-27,0E-24,125.764989900000000000000000,0E-24,-125.464150000000000000000000000,0.057958978082691927000000000,BASE_E3,permanent,run_dfea4b7ac1475668d5968c97,168
1693439999999999999,2023-08-30,BTCUSDT,-51.634963520400000000000000,51.63680000000000000000000000,0.4711595554788157376,0E-10,0,0E-27,0E-24,-51.634963520400000000000000,0E-24,51.63680000000000000000000000,0.47299603507881573760000000,BASE_E3,permanent,run_dfea4b7ac1475668d5968c97,168
1693439999999999999,2023-08-30,ETHUSDT,-41.192352480000000000000000,41.125000000000000000000000000,0.5478110557966111940,0E-9,0,0E-27,0E-24,-41.192352480000000000000000,0E-24,41.125000000000000000000000000,0.480458575796611194000000000,BASE_E3,permanent,run_dfea4b7ac1475668d5968c97,168
1693526399999999999,2023-08-31,BTCUSDT,-159.438703749000000000000000,159.14660000000000000000000000,0.5715568688105665348,0E-10,0,0E-27,0E-24,-159.438703749000000000000000,0E-24,159.14660000000000000000000000,0.27945311981056653480000000,BASE_E3,permanent,run_dfea4b7ac1475668d5968c97,168
1693526399999999999,2023-08-31,ETHUSDT,-96.910602420000000000000000,97.107660825700000000000000000,0.3347371284990319300,0E-9,0,0E-27,0E-24,-96.910602420000000000000000,0E-24,97.107660825700000000000000000,0.531795534199031930000000000,BASE_E3,permanent,run_dfea4b7ac1475668d5968c97,168
1693612799999999999,2023-09-01,BTCUSDT,-15.672455217900000000000000,15.44620000000000000000000000,0.4523640950611432914,0E-10,0,0E-27,0E-24,-15.672455217900000000000000,0E-24,15.44620000000000000000000000,0.22610887716114329140000000,BASE_E3,permanent,run_dfea4b7ac1475668d5968c97,168
1693612799999999999,2023-09-01,ETHUSDT,-27.686393460000000000000000,27.830089174300000000000000000,0.1125842462756224465,0E-9,0,0E-27,0E-24,-27.686393460000000000000000,0E-24,27.830089174300000000000000000,0.256279960575622446500000000,BASE_E3,permanent,run_dfea4b7ac1475668d5968c97,168
1693699199999999999,2023-09-02,BTCUSDT,7.607884857300000000000000,-6.89120000000000000000000000,0.1494323584617074632,0E-10,0,0E-27,0E-24,7.607884857300000000000000,0E-24,-6.89120000000000000000000000,0.86611721576170746320000000,BASE_E3,permanent,run_dfea4b7ac1475668d5968c97,168
1693699199999999999,2023-09-02,ETHUSDT,13.588212120000000000000000,-13.554800000000000000000000000,-0.0056212716954389135,0E-9,0,0E-27,0E-24,13.588212120000000000000000,0E-24,-13.554800000000000000000000000,0.027790848304561086500000000,BASE_E3,permanent,run_dfea4b7ac1475668d5968c97,168
1693785599999999999,2023-09-03,BTCUSDT,12.000090137100000000000000,-12.56700000000000000000000000,0.2430314860418249040,0E-10,0,0E-27,0E-24,12.000090137100000000000000,0E-24,-12.56700000000000000000000000,-0.32387837685817509600000000,BASE_E3,permanent,run_dfea4b7ac1475668d5968c97,168
1693785599999999999,2023-09-03,ETHUSDT,-2.220833700000000000000000,2.105600000000000000000000000,-0.0458162167873560920,0E-9,0,0E-27,0E-24,-2.220833700000000000000000,0E-24,2.105600000000000000000000000,-0.161049916787356092000000000,BASE_E3,permanent,run_dfea4b7ac1475668d5968c97,168
1693871999999999999,2023-09-04,BTCUSDT,-18.013705963500000000000000,18.06580000000000000000000000,0.0951528376400000000,0E-10,0,0E-27,0E-24,-18.013705963500000000000000,0E-24,18.06580000000000000000000000,0.14724687414000000000000000,BASE_E3,permanent,run_dfea4b7ac1475668d5968c97,168
1693871999999999999,2023-09-04,ETHUSDT,-9.426205260000000000000000,9.343246012450000000000000000,-0.1847011785465000000,0E-9,0,0E-27,0E-24,-9.426205260000000000000000,0E-24,9.343246012450000000000000000,-0.267660426096500000000000000,BASE_E3,permanent,run_dfea4b7ac1475668d5968c97,168
1693958399999999999,2023-09-05,BTCUSDT,-3.307724717700000000000000,3.63167119218000000000000000,0.1638335029848977650,0E-10,0,0E-27,0E-24,-3.307724717700000000000000,0E-24,3.63167119218000000000000000,0.48777997746489776500000000,BASE_E3,permanent,run_dfea4b7ac1475668d5968c97,168
1693958399999999999,2023-09-05,ETHUSDT,6.892809780000000000000000,-6.925481238550000000000000000,0.1178670813740000000,0E-9,0,0E-27,0E-24,6.892809780000000000000000,0E-24,-6.925481238550000000000000000,0.085195622824000000000000000,BASE_E3,permanent,run_dfea4b7ac1475668d5968c97,168
1694044799999999999,2023-09-06,BTCUSDT,-3.607461456300000000000000,3.30672880782000000000000000,0.0334343493920000000,0E-10,0,0E-27,0E-24,-3.607461456300000000000000,0E-24,3.30672880782000000000000000,-0.26729829908800000000000000,BASE_E3,permanent,run_dfea4b7ac1475668d5968c97,168
1694044799999999999,2023-09-06,ETHUSDT,-1.891821300000000000000000,2.023735226100000000000000000,0.1453445702262479380,0E-9,0,0E-27,0E-24,-1.891821300000000000000000,0E-24,2.023735226100000000000000000,0.277258496326247938000000000,BASE_E3,permanent,run_dfea4b7ac1475668d5968c97,168
1694131199999999999,2023-09-07,BTCUSDT,57.460948868700000000000000,-56.96964380644000000000000000,0.4448854204436731962,0E-10,0,0E-27,0E-24,57.460948868700000000000000,0E-24,-56.96964380644000000000000000,0.93619048270367319620000000,BASE_E3,permanent,run_dfea4b7ac1475668d5968c97,168
1694131199999999999,2023-09-07,ETHUSDT,24.462071940000000000000000,-24.516444585850000000000000000,0.4482645690857644135,0E-9,0,0E-27,0E-24,24.462071940000000000000000,0E-24,-24.516444585850000000000000000,0.393891923235764413500000000,BASE_E3,permanent,run_dfea4b7ac1475668d5968c97,168
1694217599999999999,2023-09-08,BTCUSDT,-39.695056744200000000000000,39.18828728690000000000000000,-0.0829043648700419554,0E-10,0,0E-27,0E-24,-39.695056744200000000000000,0E-24,39.18828728690000000000000000,-0.58967382217004195540000000,BASE_E3,permanent,run_dfea4b7ac1475668d5968c97,168
1694217599999999999,2023-09-08,ETHUSDT,-19.049817960000000000000000,18.824744585850000000000000000,0.2912142523732111600,0E-9,0,0E-27,0E-24,-19.049817960000000000000000,0E-24,18.824744585850000000000000000,0.066140878223211160000000000,BASE_E3,permanent,run_dfea4b7ac1475668d5968c97,168
1694303999999999999,2023-09-09,BTCUSDT,-1.050258651000000000000000,1.17875651954000000000000000,-0.1226025799870017940,0E-10,0,0E-27,0E-24,-1.050258651000000000000000,0E-24,1.17875651954000000000000000,0.00589528855299820600000000,BASE_E3,permanent,run_dfea4b7ac1475668d5968c97,168
1694303999999999999,2023-09-09,ETHUSDT,-1.497006420000000000000000,1.612100000000000000000000000,0.3353270179175000000,0E-9,0,0E-27,0E-24,-1.497006420000000000000000,0E-24,1.612100000000000000000000000,0.450420597917500000000000000,BASE_E3,permanent,run_dfea4b7ac1475668d5968c97,168
1694390399999999999,2023-09-10,BTCUSDT,-7.080395400000000000000000,7.19800000000000000000000000,0.1775368420620000000,0E-10,0,0E-27,0E-24,-7.080395400000000000000000,0E-24,7.19800000000000000000000000,0.29514144206200000000000000,BASE_E3,permanent,run_dfea4b7ac1475668d5968c97,168
1694390399999999999,2023-09-10,ETHUSDT,-29.792072820000000000000000,29.494850000000000000000000000,0.1675835973864951640,0E-9,0,0E-27,0E-24,-29.792072820000000000000000,0E-24,29.494850000000000000000000000,-0.129639222613504836000000000,BASE_E3,permanent,run_dfea4b7ac1475668d5968c97,168
1694476799999999999,2023-09-11,BTCUSDT,-79.381853027100000000000000,79.13472576914000000000000000,0.1008105197230627082,0E-10,0,0E-27,0E-24,-79.381853027100000000000000,0E-24,79.13472576914000000000000000,-0.14631673823693729180000000,BASE_E3,permanent,run_dfea4b7ac1475668d5968c97,168
1694476799999999999,2023-09-11,ETHUSDT,-107.587054800000000000000000,107.863746672150000000000000000,0.2649538662707735365,0E-9,0,0E-27,0E-24,-107.587054800000000000000000,0E-24,107.863746672150000000000000000,0.541645738420773536500000000,BASE_E3,permanent,run_dfea4b7ac1475668d5968c97,168
1694563199999999999,2023-09-12,BTCUSDT,78.582948412800000000000000,-77.65424157872000000000000000,0.1380253680054800060,0E-10,0,0E-27,0E-24,78.582948412800000000000000,0E-24,-77.65424157872000000000000000,1.06673220208548000600000000,BASE_E3,permanent,run_dfea4b7ac1475668d5968c97,168
1694563199999999999,2023-09-12,ETHUSDT,66.526307280000000000000000,-66.031396672150000000000000000,-0.2005399204677443855,0E-9,0,0E-27,0E-24,66.526307280000000000000000,0E-24,-66.031396672150000000000000000,0.294370687382255614500000000,BASE_E3,permanent,run_dfea4b7ac1475668d5968c97,168
1694649599999999999,2023-09-13,BTCUSDT,45.689791516200000000000000,-46.46192642442000000000000000,0.2057519249962190672,0E-10,0,0E-27,0E-24,45.689791516200000000000000,0E-24,-46.46192642442000000000000000,-0.56638298322378093280000000,BASE_E3,permanent,run_dfea4b7ac1475668d5968c97,168
1694649599999999999,2023-09-13,ETHUSDT,24.939139920000000000000000,-25.115677520150000000000000000,0.0698849291739409650,0E-9,0,0E-27,0E-24,24.939139920000000000000000,0E-24,-25.115677520150000000000000000,-0.106652670976059035000000000,BASE_E3,permanent,run_dfea4b7ac1475668d5968c97,168
1694735999999999999,2023-09-14,BTCUSDT,36.331868929200000000000000,-36.11651523518000000000000000,-0.0287160195622126658,0E-10,0,0E-27,0E-24,36.331868929200000000000000,0E-24,-36.11651523518000000000000000,0.18663767445778733420000000,BASE_E3,permanent,run_dfea4b7ac1475668d5968c97,168
1694735999999999999,2023-09-14,ETHUSDT,31.354881720000000000000000,-31.246491862600000000000000000,-0.0267064763000000000,0E-9,0,0E-27,0E-24,31.354881720000000000000000,0E-24,-31.246491862600000000000000000,0.081683381100000000000000000,BASE_E3,permanent,run_dfea4b7ac1475668d5968c97,168
1694822399999999999,2023-09-15,BTCUSDT,8.273442024900000000000000,-9.08944253082000000000000000,0.1282847269540000000,0E-10,0,0E-27,0E-24,8.273442024900000000000000,0E-24,-9.08944253082000000000000000,-0.68771577896600000000000000,BASE_E3,permanent,run_dfea4b7ac1475668d5968c97,168
1694822399999999999,2023-09-15,ETHUSDT,23.787596520000000000000000,-24.259280617250000000000000000,0.0564503908582478725,0E-9,0,0E-27,0E-24,23.787596520000000000000000,0E-24,-24.259280617250000000000000000,-0.415233706391752127500000000,BASE_E3,permanent,run_dfea4b7ac1475668d5968c97,168
1694908799999999999,2023-09-16,BTCUSDT,-4.758025708800000000000000,5.62796828936000000000000000,-0.2771706845204021068,0E-10,0,0E-27,0E-24,-4.758025708800000000000000,0E-24,5.62796828936000000000000000,0.59277189603959789320000000,BASE_E3,permanent,run_dfea4b7ac1475668d5968c97,168
1694908799999999999,2023-09-16,ETHUSDT,-11.104168500000000000000000,11.057286810500000000000000000,0.3009349116435774560,0E-9,0,0E-27,0E-24,-11.104168500000000000000000,0E-24,11.057286810500000000000000000,0.254053222143577456000000000,BASE_E3,permanent,run_dfea4b7ac1475668d5968c97,168
1694995199999999999,2023-09-17,BTCUSDT,-3.738448771200000000000000,3.48216162976000000000000000,0.0841094006093814040,0E-10,0,0E-27,0E-24,-3.738448771200000000000000,0E-24,3.48216162976000000000000000,-0.17217774083061859600000000,BASE_E3,permanent,run_dfea4b7ac1475668d5968c97,168
1694995199999999999,2023-09-17,ETHUSDT,-19.839447720000000000000000,19.944686379450000000000000000,0.1479189836822332635,0E-9,0,0E-27,0E-24,-19.839447720000000000000000,0E-24,19.944686379450000000000000000,0.253157643132233263500000000,BASE_E3,permanent,run_dfea4b7ac1475668d5968c97,168
1695081599999999999,2023-09-18,BTCUSDT,25.924867757100000000000000,-26.16112991912000000000000000,-0.2155393644907007168,0E-10,0,0E-27,0E-24,25.924867757100000000000000,0E-24,-26.16112991912000000000000000,-0.45180152651070071680000000,BASE_E3,permanent,run_dfea4b7ac1475668d5968c97,168
1695081599999999999,2023-09-18,ETHUSDT,23.623090320000000000000000,-23.632373189950000000000000000,0.1342722949208470690,0E-9,0,0E-27,0E-24,23.623090320000000000000000,0E-24,-23.632373189950000000000000000,0.124989424970847069000000000,BASE_E3,permanent,run_dfea4b7ac1475668d5968c97,168
1695167999999999999,2023-09-19,BTCUSDT,54.029317231500000000000000,-53.30582659288000000000000000,-0.0413347835074490552,0E-10,0,0E-27,0E-24,54.029317231500000000000000,0E-24,-53.30582659288000000000000000,0.68215585511255094480000000,BASE_E3,permanent,run_dfea4b7ac1475668d5968c97,168
1695167999999999999,2023-09-19,ETHUSDT,10.446143700000000000000000,-10.418867459350000000000000000,-0.0370975384383290890,0E-9,0,0E-27,0E-24,10.446143700000000000000000,0E-24,-10.418867459350000000000000000,-0.009821297788329089000000000,BASE_E3,permanent,run_dfea4b7ac1475668d5968c97,168
1695254399999999999,2023-09-20,BTCUSDT,-9.200973822300000000000000,8.74902659288000000000000000,-0.2363904951580000000,0E-10,0,0E-27,0E-24,-9.200973822300000000000000,0E-24,8.74902659288000000000000000,-0.68833772457800000000000000,BASE_E3,permanent,run_dfea4b7ac1475668d5968c97,168
1695254399999999999,2023-09-20,ETHUSDT,-33.147999300000000000000000,32.988267459350000000000000000,0.2667394096360000000,0E-9,0,0E-27,0E-24,-33.147999300000000000000000,0E-24,32.988267459350000000000000000,0.107007568986000000000000000,BASE_E3,permanent,run_dfea4b7ac1475668d5968c97,168
1695340799999999999,2023-09-21,BTCUSDT,-65.907860580900000000000000,65.77320000000000000000000000,0.3689670802367986060,0E-10,0,0E-27,0E-24,-65.907860580900000000000000,0E-24,65.77320000000000000000000000,0.23430649933679860600000000,BASE_E3,permanent,run_dfea4b7ac1475668d5968c97,168
1695340799999999999,2023-09-21,ETHUSDT,-63.499393200000000000000000,63.591230781750000000000000000,0.2885532677831062945,0E-9,0,0E-27,0E-24,-63.499393200000000000000000,0E-24,63.591230781750000000000000000,0.380390849533106294500000000,BASE_E3,permanent,run_dfea4b7ac1475668d5968c97,168
1695427199999999999,2023-09-22,BTCUSDT,1.490423231700000000000000,-1.34284970904000000000000000,0.0976816322615995452,0E-10,0,0E-27,0E-24,1.490423231700000000000000,0E-24,-1.34284970904000000000000000,0.24525515492159954520000000,BASE_E3,permanent,run_dfea4b7ac1475668d5968c97,168
1695427199999999999,2023-09-22,ETHUSDT,14.443644360000000000000000,-14.142530781750000000000000000,0.2258293321977592375,0E-9,0,0E-27,0E-24,14.443644360000000000000000,0E-24,-14.142530781750000000000000000,0.526942910447759237500000000,BASE_E3,permanent,run_dfea4b7ac1475668d5968c97,168
1695513599999999999,2023-09-23,BTCUSDT,-0.674997694800000000000000,0.63828014840000000000000000,0.2646342818820415104,0E-10,0,0E-27,0E-24,-0.674997694800000000000000,0E-24,0.63828014840000000000000000,0.22791673548204151040000000,BASE_E3,permanent,run_dfea4b7ac1475668d5968c97,168
1695513599999999999,2023-09-23,ETHUSDT,1.299598980000000000000000,-1.661450000000000000000000000,0.2121645338103093985,0E-9,0,0E-27,0E-24,1.299598980000000000000000,0E-24,-1.661450000000000000000000000,-0.149686486189690601500000000,BASE_E3,permanent,run_dfea4b7ac1475668d5968c97,168
1695599999999999999,2023-09-24,BTCUSDT,-38.160971074200000000000000,38.38006254258000000000000000,0.1947893151880912428,0E-10,0,0E-27,0E-24,-38.160971074200000000000000,0E-24,38.38006254258000000000000000,0.41388078356809124280000000,BASE_E3,permanent,run_dfea4b7ac1475668d5968c97,168
1695599999999999999,2023-09-24,ETHUSDT,-21.961577700000000000000000,21.987566724200000000000000000,0.1859428554809794815,0E-9,0,0E-27,0E-24,-21.961577700000000000000000,0E-24,21.987566724200000000000000000,0.211931879680979481500000000,BASE_E3,permanent,run_dfea4b7ac1475668d5968c97,168
1695686399999999999,2023-09-25,BTCUSDT,6.162304129800000000000000,-6.11049298194000000000000000,0.3738676019830303880,0E-10,0,0E-27,0E-24,6.162304129800000000000000,0E-24,-6.11049298194000000000000000,0.42567874984303038800000000,BASE_E3,permanent,run_dfea4b7ac1475668d5968c97,168
1695686399999999999,2023-09-25,ETHUSDT,13.341452820000000000000000,-13.217942706850000000000000000,0.3198282766735000000,0E-9,0,0E-27,0E-24,13.341452820000000000000000,0E-24,-13.217942706850000000000000000,0.443338389823500000000000000,BASE_E3,permanent,run_dfea4b7ac1475668d5968c97,168
1695772799999999999,2023-09-26,BTCUSDT,-9.809887826700000000000000,9.38321887554000000000000000,0.0144342440439577430,0E-10,0,0E-27,0E-24,-9.809887826700000000000000,0E-24,9.38321887554000000000000000,-0.41223470711604225700000000,BASE_E3,permanent,run_dfea4b7ac1475668d5968c97,168
1695772799999999999,2023-09-26,ETHUSDT,8.883334800000000000000000,-9.239481172600000000000000000,0.3573689174163364690,0E-9,0,0E-27,0E-24,8.883334800000000000000000,0E-24,-9.239481172600000000000000000,0.001222544816336469000000000,BASE_E3,permanent,run_dfea4b7ac1475668d5968c97,168
1695859199999999999,2023-09-27,BTCUSDT,17.501557362900000000000000,-17.18301887554000000000000000,0.4764760443431502964,0E-10,0,0E-27,0E-24,17.501557362900000000000000,0E-24,-17.18301887554000000000000000,0.79501453170315029640000000,BASE_E3,permanent,run_dfea4b7ac1475668d5968c97,168
1695859199999999999,2023-09-27,ETHUSDT,7.353427140000000000000000,-7.064242844750000000000000000,0.4107758161264807245,0E-9,0,0E-27,0E-24,7.353427140000000000000000,0E-24,-7.064242844750000000000000000,0.699960111376480724500000000,BASE_E3,permanent,run_dfea4b7ac1475668d5968c97,168
1695945599999999999,2023-09-28,BTCUSDT,76.624039018800000000000000,-77.08940000000000000000000000,-0.1791872964980000000,0E-10,0,0E-27,0E-24,76.624039018800000000000000,0E-24,-77.08940000000000000000000000,-0.64454827769800000000000000,BASE_E3,permanent,run_dfea4b7ac1475668d5968c97,168
1695945599999999999,2023-09-28,ETHUSDT,89.425570320000000000000000,-89.244559345200000000000000000,0.1968240965215000000,0E-9,0,0E-27,0E-24,89.425570320000000000000000,0E-24,-89.244559345200000000000000000,0.377835071321500000000000000,BASE_E3,permanent,run_dfea4b7ac1475668d5968c97,168
1696031999999999999,2023-09-29,BTCUSDT,-12.948863120700000000000000,13.55820000000000000000000000,-0.1913176159320157488,0E-10,0,0E-27,0E-24,-12.948863120700000000000000,0E-24,13.55820000000000000000000000,0.41801926336798425120000000,BASE_E3,permanent,run_dfea4b7ac1475668d5968c97,168
1696031999999999999,2023-09-29,ETHUSDT,24.445621320000000000000000,-24.704590654800000000000000000,0.1124494891121872060,0E-9,0,0E-27,0E-24,24.445621320000000000000000,0E-24,-24.704590654800000000000000000,-0.146519845687812794000000000,BASE_E3,permanent,run_dfea4b7ac1475668d5968c97,168
1696118399999999999,2023-09-30,BTCUSDT,6.253169204100000000000000,-6.69060000000000000000000000,0.1281717007830162794,0E-10,0,0E-27,0E-24,6.253169204100000000000000,0E-24,-6.69060000000000000000000000,-0.30925909511698372060000000,BASE_E3,permanent,run_dfea4b7ac1475668d5968c97,168
1696118399999999999,2023-09-30,ETHUSDT,5.280649020000000000000000,-5.280450000000000000000000000,-0.0091443988360379935,0E-9,0,0E-27,0E-24,5.280649020000000000000000,0E-24,-5.280450000000000000000000000,-0.008945378836037993500000000,BASE_E3,permanent,run_dfea4b7ac1475668d5968c97,168
1696204799999999999,2023-10-01,BTCUSDT,120.815146842000000000000000,-120.38749767452000000000000000,-0.0828763281837969290,0E-10,0,0E-27,0E-24,120.815146842000000000000000,0E-24,-120.38749767452000000000000000,0.34477283929620307100000000,BASE_E3,permanent,run_dfea4b7ac1475668d5968c97,168
1696204799999999999,2023-10-01,ETHUSDT,103.786961580000000000000000,-104.108471318950000000000000000,0.0872776987595901745,0E-9,0,0E-27,0E-24,103.786961580000000000000000,0E-24,-104.108471318950000000000000000,-0.234232040190409825500000000,BASE_E3,permanent,run_dfea4b7ac1475668d5968c97,168
1696291199999999999,2023-10-02,BTCUSDT,-56.099152820100000000000000,55.29362413708000000000000000,0.1679824702080000000,0E-10,0,0E-27,0E-24,-56.099152820100000000000000,0E-24,55.29362413708000000000000000,-0.63754621281200000000000000,BASE_E3,permanent,run_dfea4b7ac1475668d5968c97,168
1696291199999999999,2023-10-02,ETHUSDT,-116.996809440000000000000000,117.299023542050000000000000000,0.6419098593297950000,0E-9,0,0E-27,0E-24,-116.996809440000000000000000,0E-24,117.299023542050000000000000000,0.944123961379795000000000000,BASE_E3,permanent,run_dfea4b7ac1475668d5968c97,168
1696377599999999999,2023-10-03,BTCUSDT,-9.791006772300000000000000,10.38234905020000000000000000,0.2700786858422560000,0E-10,0,0E-27,0E-24,-9.791006772300000000000000,0E-24,10.38234905020000000000000000,0.86142096374225600000000000,BASE_E3,permanent,run_dfea4b7ac1475668d5968c97,168
1696377599999999999,2023-10-03,ETHUSDT,-9.738767040000000000000000,9.791033173250000000000000000,0.2403988709004925000,0E-9,0,0E-27,0E-24,-9.738767040000000000000000,0E-24,9.791033173250000000000000000,0.292665004150492500000000000,BASE_E3,permanent,run_dfea4b7ac1475668d5968c97,168
1696463999999999999,2023-10-04,BTCUSDT,42.566157078900000000000000,-42.07207551276000000000000000,0.3035256354935741276,0E-10,0,0E-27,0E-24,42.566157078900000000000000,0E-24,-42.07207551276000000000000000,0.79760720163357412760000000,BASE_E3,permanent,run_dfea4b7ac1475668d5968c97,168
1696463999999999999,2023-10-04,ETHUSDT,-16.368366900000000000000000,16.399714603650000000000000000,0.2161115710695466700,0E-9,0,0E-27,0E-24,-16.368366900000000000000000,0E-24,16.399714603650000000000000000,0.247459274719546670000000000,BASE_E3,permanent,run_dfea4b7ac1475668d5968c97,168
1696550399999999999,2023-10-05,BTCUSDT,-44.691455764800000000000000,44.28489061170000000000000000,-0.3385201611592014630,0E-10,0,0E-27,0E-24,-44.691455764800000000000000,0E-24,44.28489061170000000000000000,-0.74508531425920146300000000,BASE_E3,permanent,run_dfea4b7ac1475668d5968c97,168
1696550399999999999,2023-10-05,ETHUSDT,-58.613559060000000000000000,58.617023637900000000000000000,0.1832732602279088405,0E-9,0,0E-27,0E-24,-58.613559060000000000000000,0E-24,58.617023637900000000000000000,0.186737838127908840500000000,BASE_E3,permanent,run_dfea4b7ac1475668d5968c97,168
1696636799999999999,2023-10-06,BTCUSDT,61.728067163100000000000000,-61.75289526384000000000000000,-0.0927148737693254724,0E-10,0,0E-27,0E-24,61.728067163100000000000000,0E-24,-61.75289526384000000000000000,-0.11754297450932547240000000,BASE_E3,permanent,run_dfea4b7ac1475668d5968c97,168
1696636799999999999,2023-10-06,ETHUSDT,55.471490640000000000000000,-55.701148241550000000000000000,0.6517686326456550000,0E-9,0,0E-27,0E-24,55.471490640000000000000000,0E-24,-55.701148241550000000000000000,0.422111031095655000000000000,BASE_E3,permanent,run_dfea4b7ac1475668d5968c97,168
1696723199999999999,2023-10-07,BTCUSDT,2.395533777000000000000000,-2.10574673930000000000000000,0.2323380920898848594,0E-10,0,0E-27,0E-24,2.395533777000000000000000,0E-24,-2.10574673930000000000000000,0.52212512978988485940000000,BASE_E3,permanent,run_dfea4b7ac1475668d5968c97,168
1696723199999999999,2023-10-07,ETHUSDT,-19.132071060000000000000000,19.127124603650000000000000000,0.4270138280823228100,0E-9,0,0E-27,0E-24,-19.132071060000000000000000,0E-24,19.127124603650000000000000000,0.422067371732322810000000000,BASE_E3,permanent,run_dfea4b7ac1475668d5968c97,168
1696809599999999999,2023-10-08,BTCUSDT,-4.007503796400000000000000,3.82339505400000000000000000,0.2122872844631914004,0E-10,0,0E-27,0E-24,-4.007503796400000000000000,0E-24,3.82339505400000000000000000,0.02817854206319140040000000,BASE_E3,permanent,run_dfea4b7ac1475668d5968c97,168
1696809599999999999,2023-10-08,ETHUSDT,-1.052839680000000000000000,1.217300000000000000000000000,0.7533491488180000000,0E-9,0,0E-27,0E-24,-1.052839680000000000000000,0E-24,1.217300000000000000000000000,0.917809468818000000000000000,BASE_E3,permanent,run_dfea4b7ac1475668d5968c97,168
1696895999999999999,2023-10-09,BTCUSDT,-40.021934998500000000000000,39.94870883528000000000000000,0.5004926950955652096,0E-10,0,0E-27,0E-24,-40.021934998500000000000000,0E-24,39.94870883528000000000000000,0.42726653187556520960000000,BASE_E3,permanent,run_dfea4b7ac1475668d5968c97,168
1696895999999999999,2023-10-09,ETHUSDT,-87.648903360000000000000000,87.789253655250000000000000000,0.5462664910741500000,0E-9,0,0E-27,0E-24,-87.648903360000000000000000,0E-24,87.789253655250000000000000000,0.686616786324150000000000000,BASE_E3,permanent,run_dfea4b7ac1475668d5968c97,168
1696982399999999999,2023-10-10,BTCUSDT,-22.551059349000000000000000,22.46231878486000000000000000,0.4154010860455071760,0E-10,0,0E-27,0E-24,-22.551059349000000000000000,0E-24,22.46231878486000000000000000,0.32666052190550717600000000,BASE_E3,permanent,run_dfea4b7ac1475668d5968c97,168
1696982399999999999,2023-10-10,ETHUSDT,-19.740744000000000000000000,19.760846344750000000000000000,0.5365334395322938715,0E-9,0,0E-27,0E-24,-19.740744000000000000000000,0E-24,19.760846344750000000000000000,0.556635784282293871500000000,BASE_E3,permanent,run_dfea4b7ac1475668d5968c97,168
1697068799999999999,2023-10-11,BTCUSDT,-60.035852662500000000000000,59.31108802678000000000000000,0.6563389147740000000,0E-10,0,0E-27,0E-24,-60.035852662500000000000000,0E-24,59.31108802678000000000000000,-0.06842572094600000000000000,BASE_E3,permanent,run_dfea4b7ac1475668d5968c97,168
1697068799999999999,2023-10-11,ETHUSDT,-1.381852080000000000000000,1.504782832000000000000000000,0.3173721931928980915,0E-9,0,0E-27,0E-24,-1.381852080000000000000000,0E-24,1.504782832000000000000000000,0.440302945192898091500000000,BASE_E3,permanent,run_dfea4b7ac1475668d5968c97,168
1697155199999999999,2023-10-12,BTCUSDT,-14.059305132600000000000000,14.50816694376000000000000000,0.6310254268480760000,0E-10,0,0E-27,0E-24,-14.059305132600000000000000,0E-24,14.50816694376000000000000000,1.07988723800807600000000000,BASE_E3,permanent,run_dfea4b7ac1475668d5968c97,168
1697155199999999999,2023-10-12,ETHUSDT,-43.972507260000000000000000,43.736091030100000000000000000,0.3529710712710000000,0E-9,0,0E-27,0E-24,-43.972507260000000000000000,0E-24,43.736091030100000000000000000,0.116554841371000000000000000,BASE_E3,permanent,run_dfea4b7ac1475668d5968c97,168
1697241599999999999,2023-10-13,BTCUSDT,11.884443678900000000000000,-11.36650532812000000000000000,0.2103137749245188258,0E-10,0,0E-27,0E-24,11.884443678900000000000000,0E-24,-11.36650532812000000000000000,0.72825212570451882580000000,BASE_E3,permanent,run_dfea4b7ac1475668d5968c97,168
1697241599999999999,2023-10-13,ETHUSDT,19.971052680000000000000000,-19.907873862100000000000000000,0.2501573692009571270,0E-9,0,0E-27,0E-24,19.971052680000000000000000,0E-24,-19.907873862100000000000000000,0.313336187100957127000000000,BASE_E3,permanent,run_dfea4b7ac1475668d5968c97,168
1697327999999999999,2023-10-14,BTCUSDT,-1.030197530700000000000000,0.68302934976000000000000000,0.1514473205420000000,0E-10,0,0E-27,0E-24,-1.030197530700000000000000,0E-24,0.68302934976000000000000000,-0.19572086039800000000000000,BASE_E3,permanent,run_dfea4b7ac1475668d5968c97,168
1697327999999999999,2023-10-14,ETHUSDT,4.836482280000000000000000,-4.875063734100000000000000000,0.2765641852960000000,0E-9,0,0E-27,0E-24,4.836482280000000000000000,0E-24,-4.875063734100000000000000000,0.237982731196000000000000000,BASE_E3,permanent,run_dfea4b7ac1475668d5968c97,168
1697414399999999999,2023-10-15,BTCUSDT,35.001934659900000000000000,-34.74563837382000000000000000,0.1588652815323943586,0E-10,0,0E-27,0E-24,35.001934659900000000000000,0E-24,-34.74563837382000000000000000,0.41516156761239435860000000,BASE_E3,permanent,run_dfea4b7ac1475668d5968c97,168
1697414399999999999,2023-10-15,ETHUSDT,4.211358720000000000000000,-4.525620776250000000000000000,0.3680853498391220690,0E-9,0,0E-27,0E-24,4.211358720000000000000000,0E-24,-4.525620776250000000000000000,0.053823293589122069000000000,BASE_E3,permanent,run_dfea4b7ac1475668d5968c97,168
1697500799999999999,2023-10-16,BTCUSDT,159.760861739700000000000000,-159.47713376362000000000000000,0.3365367257190291520,0E-10,0,0E-27,0E-24,159.760861739700000000000000,0E-24,-159.47713376362000000000000000,0.62026470179902915200000000,BASE_E3,permanent,run_dfea4b7ac1475668d5968c97,168
1697500799999999999,2023-10-16,ETHUSDT,68.829394080000000000000000,-68.259765489650000000000000000,0.4649533115840580800,0E-9,0,0E-27,0E-24,68.829394080000000000000000,0E-24,-68.259765489650000000000000000,1.034581901934058080000000000,BASE_E3,permanent,run_dfea4b7ac1475668d5968c97,168
1697587199999999999,2023-10-17,BTCUSDT,-11.846681570100000000000000,11.51165358812000000000000000,-0.0206758839006464792,0E-10,0,0E-27,0E-24,-11.846681570100000000000000,0E-24,11.51165358812000000000000000,-0.35570386588064647920000000,BASE_E3,permanent,run_dfea4b7ac1475668d5968c97,168
1697587199999999999,2023-10-17,ETHUSDT,-56.705287140000000000000000,56.698224672600000000000000000,0.2929799637785634040,0E-9,0,0E-27,0E-24,-56.705287140000000000000000,0E-24,56.698224672600000000000000000,0.285917496378563404000000000,BASE_E3,permanent,run_dfea4b7ac1475668d5968c97,168
1697673599999999999,2023-10-18,BTCUSDT,-9.831129012900000000000000,9.89037922816000000000000000,-0.0980604407065707964,0E-10,0,0E-27,0E-24,-9.831129012900000000000000,0E-24,9.89037922816000000000000000,-0.03881022544657079640000000,BASE_E3,permanent,run_dfea4b7ac1475668d5968c97,168
1697673599999999999,2023-10-18,ETHUSDT,-2.549846100000000000000000,2.476844241550000000000000000,0.3564960583257092775,0E-9,0,0E-27,0E-24,-2.549846100000000000000000,0E-24,2.476844241550000000000000000,0.283494199875709277500000000,BASE_E3,permanent,run_dfea4b7ac1475668d5968c97,168
1697759999999999999,2023-10-19,BTCUSDT,46.002508979700000000000000,-45.35503189898000000000000000,-0.4274153600590606084,0E-10,0,0E-27,0E-24,46.002508979700000000000000,0E-24,-45.35503189898000000000000000,0.22006172066093939160000000,BASE_E3,permanent,run_dfea4b7ac1475668d5968c97,168
1697759999999999999,2023-10-19,ETHUSDT,5.132593440000000000000000,-5.531618914150000000000000000,0.3354726263539142940,0E-9,0,0E-27,0E-24,5.132593440000000000000000,0E-24,-5.531618914150000000000000000,-0.063552847796085706000000000,BASE_E3,permanent,run_dfea4b7ac1475668d5968c97,168
1697846399999999999,2023-10-20,BTCUSDT,109.030371193900000000000000,-109.71697905473999999999999977,-0.1622111924522099152,-0.4830894200,0,0.064758228497145941968291620,-5.791757179523903604384011,114.822128373423903604384011,6.209533028930450029222677,-115.92651208367045002922267677,-1.33190847329220991519999977,BASE_E3,permanent,run_dfea4b7ac1475668d5968c97,168
1697846399999999999,2023-10-20,ETHUSDT,61.377263220000000000000000,-61.276250000000000000000000000,0.4402678330219504300,0E-9,0,0E-27,0E-24,61.377263220000000000000000,0E-24,-61.276250000000000000000000000,0.541281053021950430000000000,BASE_E3,permanent,run_dfea4b7ac1475668d5968c97,168
1697932799999999999,2023-10-21,BTCUSDT,25.760766476600000000000000,-25.66930000000000000000000000,0.2752015351428123618,0E-10,0,0E-27,0E-24,25.760766476600000000000000,0E-24,-25.66930000000000000000000000,0.36666801174281236180000000,BASE_E3,permanent,run_dfea4b7ac1475668d5968c97,168
1697932799999999999,2023-10-21,ETHUSDT,41.225253720000000000000000,-41.289500000000000000000000000,0.2760936301783583560,0E-9,0,0E-27,0E-24,41.225253720000000000000000,0E-24,-41.289500000000000000000000000,0.211847350178358356000000000,BASE_E3,permanent,run_dfea4b7ac1475668d5968c97,168
1698019199999999999,2023-10-22,BTCUSDT,8.046895568000000000000000,-8.48510000000000000000000000,0.2637284795029005684,0E-10,0,0E-27,0E-24,8.046895568000000000000000,0E-24,-8.48510000000000000000000000,-0.17447595249709943160000000,BASE_E3,permanent,run_dfea4b7ac1475668d5968c97,168
1698019199999999999,2023-10-22,ETHUSDT,56.294021640000000000000000,-55.864200000000000000000000000,0.2894736153395100000,0E-9,0,0E-27,0E-24,56.294021640000000000000000,0E-24,-55.864200000000000000000000000,0.719295255339510000000000000,BASE_E3,permanent,run_dfea4b7ac1475668d5968c97,168
1698105599999999999,2023-10-23,BTCUSDT,328.049032897100000000000000,-329.91776214301000000000000000,0.5990945054900000000,0E-10,0,0E-27,0E-24,328.049032897100000000000000,0E-24,-329.91776214301000000000000000,-1.26963474042000000000000000,BASE_E3,permanent,run_dfea4b7ac1475668d5968c97,168
1698105599999999999,2023-10-23,ETHUSDT,166.200613860000000000000000,-169.171800000000000000000000000,0.3491564695850000000,0E-9,0,0E-27,0E-24,166.200613860000000000000000,0E-24,-169.171800000000000000000000000,-2.622029670415000000000000000,BASE_E3,permanent,run_dfea4b7ac1475668d5968c97,168
1698191999999999999,2023-10-24,BTCUSDT,91.009104795000000000000000,-89.72250148696000000000000000,1.0781829388896230000,0E-10,0,0E-27,0E-24,91.009104795000000000000000,0E-24,-89.72250148696000000000000000,2.36478624692962300000000000,BASE_E3,permanent,run_dfea4b7ac1475668d5968c97,168
1698191999999999999,2023-10-24,ETHUSDT,33.082196820000000000000000,-30.376989310500000000000000000,0.8806776727378700000,0E-9,0,0E-27,0E-24,33.082196820000000000000000,0E-24,-30.376989310500000000000000000,3.585885182237870000000000000,BASE_E3,permanent,run_dfea4b7ac1475668d5968c97,168
1698278399999999999,2023-10-25,BTCUSDT,63.259085810300000000000000,-63.07953637003000000000000000,1.0979896276104970000,0E-10,0,0E-27,0E-24,63.259085810300000000000000,0E-24,-63.07953637003000000000000000,1.27753906788049700000000000,BASE_E3,permanent,run_dfea4b7ac1475668d5968c97,168
1698278399999999999,2023-10-25,ETHUSDT,4.211358720000000000000000,-4.743760689500000000000000000,0.8816484844952050000,0E-9,0,0E-27,0E-24,4.211358720000000000000000,0E-24,-4.743760689500000000000000000,0.349246514995205000000000000,BASE_E3,permanent,run_dfea4b7ac1475668d5968c97,168
1698364799999999999,2023-10-26,BTCUSDT,-37.008229151500000000000000,36.13390000000000000000000000,1.1041748390126700000,0E-10,0,0E-27,0E-24,-37.008229151500000000000000,0E-24,36.13390000000000000000000000,0.22984568751267000000000000,BASE_E3,permanent,run_dfea4b7ac1475668d5968c97,168
1698364799999999999,2023-10-26,ETHUSDT,26.732257500000000000000000,-27.274100000000000000000000000,0.8907564504856500000,0E-9,0,0E-27,0E-24,26.732257500000000000000000,0E-24,-27.274100000000000000000000000,0.348913950485650000000000000,BASE_E3,permanent,run_dfea4b7ac1475668d5968c97,168
1698451199999999999,2023-10-27,BTCUSDT,-25.299204715400000000000000,25.49469999999999999999999995,1.0415954578553420000,-0.7646787000,0,0.102512954473418706741198900,62.464299300649222357658168,-87.763504016049222357658168,-62.648954960549386323787259,88.14365496054938632378725895,0.47241204245534199999999995,BASE_E3,permanent,run_dfea4b7ac1475668d5968c97,168
1698451199999999999,2023-10-27,ETHUSDT,-38.714304033000000000000000,37.787239999999999999999999958,0.9031496882253530000,-0.312443913,0,0.042219641761547839711731095,0E-24,-38.714304033000000000000000,0E-24,37.787239999999999999999999958,-0.336358257774647000000000042,BASE_E3,permanent,run_dfea4b7ac1475668d5968c97,168
1698537599999999999,2023-10-28,BTCUSDT,16.796723070400000000000000,-17.20338000096000000000000000,0.9397117882343800000,0E-10,0,0E-27,0E-24,16.796723070400000000000000,0E-24,-17.20338000096000000000000000,0.53305485767438000000000000,BASE_E3,permanent,run_dfea4b7ac1475668d5968c97,168
1698537599999999999,2023-10-28,ETHUSDT,-5.920470864000000000000000,5.849840000000000000000000000,0.9443322504735680000,0E-9,0,0E-27,0E-24,-5.920470864000000000000000,0E-24,5.849840000000000000000000000,0.873701386473568000000000000,BASE_E3,permanent,run_dfea4b7ac1475668d5968c97,168
1698623999999999999,2023-10-29,BTCUSDT,40.688994361600000000000000,-40.47141999904000000000000000,0.9442072829281160000,0E-10,0,0E-27,0E-24,40.688994361600000000000000,0E-24,-40.47141999904000000000000000,1.16178164548811600000000000,BASE_E3,permanent,run_dfea4b7ac1475668d5968c97,168
1698623999999999999,2023-10-29,ETHUSDT,32.738794242000000000000000,-32.438420000000000000000000000,0.9431532521548500000,0E-9,0,0E-27,0E-24,32.738794242000000000000000,0E-24,-32.438420000000000000000000000,1.243527494154850000000000000,BASE_E3,permanent,run_dfea4b7ac1475668d5968c97,168
1698710399999999999,2023-10-30,BTCUSDT,-4.609530159000000000000000,4.23200000000000000000000000,0.9511922341567560000,0E-10,0,0E-27,0E-24,-4.609530159000000000000000,0E-24,4.23200000000000000000000000,0.57366207515675600000000000,BASE_E3,permanent,run_dfea4b7ac1475668d5968c97,168
1698710399999999999,2023-10-30,ETHUSDT,25.109139825000000000000000,-25.654720000000000000000000000,0.9521367975926060000,0E-9,0,0E-27,0E-24,25.109139825000000000000000,0E-24,-25.654720000000000000000000000,0.406556622592606000000000000,BASE_E3,permanent,run_dfea4b7ac1475668d5968c97,168
1698796799999999999,2023-10-31,BTCUSDT,17.039620468000000000000000,-17.61800000000000000000000000,0.9468683597424600000,0E-10,0,0E-27,0E-24,17.039620468000000000000000,0E-24,-17.61800000000000000000000000,0.36848882774246000000000000,BASE_E3,permanent,run_dfea4b7ac1475668d5968c97,168
1698796799999999999,2023-10-31,ETHUSDT,12.140489361000000000000000,-12.985940000000000000000000000,0.9502659649596980000,0E-9,0,0E-27,0E-24,12.140489361000000000000000,0E-24,-12.985940000000000000000000000,0.104815325959698000000000000,BASE_E3,permanent,run_dfea4b7ac1475668d5968c97,168
1698883199999999999,2023-11-01,BTCUSDT,69.489817229300000000000000,-69.57599953124000000000000000,0.9513821200000000000,0E-10,0,0E-27,0E-24,69.489817229300000000000000,0E-24,-69.57599953124000000000000000,0.86519981806000000000000000,BASE_E3,permanent,run_dfea4b7ac1475668d5968c97,168
1698883199999999999,2023-11-01,ETHUSDT,53.689508103000000000000000,-53.589351866580000000000000000,0.9539020997867600000,0E-9,0,0E-27,0E-24,53.689508103000000000000000,0E-24,-53.589351866580000000000000000,1.054058336206760000000000000,BASE_E3,permanent,run_dfea4b7ac1475668d5968c97,168
1698969599999999999,2023-11-02,BTCUSDT,-44.495306989900000000000000,46.19131130440000000000000000,0.9693194748146200000,0E-10,0,0E-27,0E-24,-44.495306989900000000000000,0E-24,46.19131130440000000000000000,2.66532378931462000000000000,BASE_E3,permanent,run_dfea4b7ac1475668d5968c97,168
1698969599999999999,2023-11-02,ETHUSDT,-81.300751686000000000000000,83.519993279260000000000000000,1.8550456920258424704,0E-9,0,0E-27,0E-24,-81.300751686000000000000000,0E-24,83.519993279260000000000000000,4.074287285285842470400000000,BASE_E3,permanent,run_dfea4b7ac1475668d5968c97,168
1699055999999999999,2023-11-03,BTCUSDT,-20.489867593000000000000000,21.34002063200000000000000000,0.9583412153271040000,0E-10,0,0E-27,0E-24,-20.489867593000000000000000,0E-24,21.34002063200000000000000000,1.80849425432710400000000000,BASE_E3,permanent,run_dfea4b7ac1475668d5968c97,168
1699055999999999999,2023-11-03,ETHUSDT,54.870078186000000000000000,-55.127241412680000000000000000,0.9534728334019020000,0E-9,0,0E-27,0E-24,54.870078186000000000000000,0E-24,-55.127241412680000000000000000,0.696309606721902000000000000,BASE_E3,permanent,run_dfea4b7ac1475668d5968c97,168
1699142399999999999,2023-11-04,BTCUSDT,32.155383139100000000000000,-34.14270120356000000000000000,0.9583717205704480000,0E-10,0,0E-27,0E-24,32.155383139100000000000000,0E-24,-34.14270120356000000000000000,-1.02894634388955200000000000,BASE_E3,permanent,run_dfea4b7ac1475668d5968c97,168
1699142399999999999,2023-11-04,ETHUSDT,43.980640704000000000000000,-44.596220000000000000000000000,0.9687155804109240000,0E-9,0,0E-27,0E-24,43.980640704000000000000000,0E-24,-44.596220000000000000000000000,0.353136284410924000000000000,BASE_E3,permanent,run_dfea4b7ac1475668d5968c97,168
1699228799999999999,2023-11-05,BTCUSDT,-2.757437502300000000000000,2.21176879840000000000000000,0.9672838882571560000,0E-10,0,0E-27,0E-24,-2.757437502300000000000000,0E-24,2.21176879840000000000000000,0.42161518435715600000000000,BASE_E3,permanent,run_dfea4b7ac1475668d5968c97,168
1699228799999999999,2023-11-05,ETHUSDT,63.838886727000000000000000,-64.747721239080000000000000000,0.9896642422294360000,0E-9,0,0E-27,0E-24,63.838886727000000000000000,0E-24,-64.747721239080000000000000000,0.080829730149436000000000000,BASE_E3,permanent,run_dfea4b7ac1475668d5968c97,168
1699315199999999999,2023-11-06,BTCUSDT,-0.128809226000000000000000,0.11598469440000000000000000,0.9662693750226840000,0E-10,0,0E-27,0E-24,-0.128809226000000000000000,0E-24,0.11598469440000000000000000,0.95344484342268400000000000,BASE_E3,permanent,run_dfea4b7ac1475668d5968c97,168
1699315199999999999,2023-11-06,ETHUSDT,11.699978136000000000000000,-11.264958760920000000000000000,0.9995911818527160000,0E-9,0,0E-27,0E-24,11.699978136000000000000000,0E-24,-11.264958760920000000000000000,1.434610556932716000000000000,BASE_E3,permanent,run_dfea4b7ac1475668d5968c97,168
1699401599999999999,2023-11-07,BTCUSDT,36.405167531200000000000000,-35.72918469440000000000000000,0.9635243365569080000,0E-10,0,0E-27,0E-24,36.405167531200000000000000,0E-24,-35.72918469440000000000000000,1.63950717335690800000000000,BASE_E3,permanent,run_dfea4b7ac1475668d5968c97,168
1699401599999999999,2023-11-07,ETHUSDT,-22.712758761000000000000000,22.395020000000000000000000000,0.9968513313343120000,0E-9,0,0E-27,0E-24,-22.712758761000000000000000,0E-24,22.395020000000000000000000000,0.679112570334312000000000000,BASE_E3,permanent,run_dfea4b7ac1475668d5968c97,168
1699487999999999999,2023-11-08,BTCUSDT,20.960941333800000000000000,-19.73515976856000000000000000,0.9740794400000000000,0E-10,0,0E-27,0E-24,20.960941333800000000000000,0E-24,-19.73515976856000000000000000,2.19986100524000000000000000,BASE_E3,permanent,run_dfea4b7ac1475668d5968c97,168
1699487999999999999,2023-11-08,ETHUSDT,4.299389556000000000000000,-3.153980000000000000000000000,0.9956623676351920000,0E-9,0,0E-27,0E-24,4.299389556000000000000000,0E-24,-3.153980000000000000000000000,2.141071923635192000000000000,BASE_E3,permanent,run_dfea4b7ac1475668d5968c97,168
1699574399999999999,2023-11-09,BTCUSDT,95.495479892800000000000000,-97.69231813716000000000000000,1.3482497479784307100,0E-10,0,0E-27,0E-24,95.495479892800000000000000,0E-24,-97.69231813716000000000000000,-0.84858849638156929000000000,BASE_E3,permanent,run_dfea4b7ac1475668d5968c97,168
1699574399999999999,2023-11-09,ETHUSDT,407.613846717000000000000000,-410.179024471700000000000000000,3.2259867119502240000,0E-9,0,0E-27,0E-24,407.613846717000000000000000,0E-24,-410.179024471700000000000000000,0.660808957250224000000000000,BASE_E3,permanent,run_dfea4b7ac1475668d5968c97,168
1699660799999999999,2023-11-10,BTCUSDT,52.268027708500000000000000,-56.11372209428000000000000044,1.0487987669531509016,-5.1439119000,0,0.691802123736096815321144940,684.276109043981897126970093,-632.008081335481897126970093,-689.6885237580362361192285220,633.57480166375623611922852156,-7.94080751882684909840000044,BASE_E3,permanent,run_dfea4b7ac1475668d5968c97,168
1699660799999999999,2023-11-10,ETHUSDT,-68.845709597000000000000000,69.618384471699999999999999806,2.9618209215340031674,-0.838493180,0,0.113949829432673443630663942,9.322563156274255627494915,-78.168272753274255627494915,-10.246576640181611804767310,79.864961111881611804767309806,2.896002616234003167399999806,BASE_E3,permanent,run_dfea4b7ac1475668d5968c97,168
1699747199999999999,2023-11-11,BTCUSDT,-0.000965830400000000000000,0E-25,0E-19,0E-10,0,0E-27,0E-24,-0.000965830400000000000000,0E-25,0E-11,-0.0009658304000000000000000,BASE_E3,permanent,run_dfea4b7ac1475668d5968c97,168
1699747199999999999,2023-11-11,ETHUSDT,-36.922388132000000000000000,36.084416343360000000000000000,1.6841774065085031392,0E-9,0,0E-27,0E-24,-36.922388132000000000000000,0E-24,36.084416343360000000000000000,0.846205617868503139200000000,BASE_E3,permanent,run_dfea4b7ac1475668d5968c97,168
1699833599999999999,2023-11-12,BTCUSDT,-9.487991771700000000000000,11.1804000000000000000000000,1.5831195482760000000,-4.6871531880,0,0.633086208769248446250836772,0E-24,-9.487991771700000000000000,0E-25,11.18040000000,-1.4116254114240000000000000,BASE_E3,permanent,run_dfea4b7ac1475668d5968c97,168
1699833599999999999,2023-11-12,ETHUSDT,-12.282528629000000000000000,12.505663656640000000000000000,1.5580135666744000000,0E-9,0,0E-27,0E-24,-12.282528629000000000000000,0E-24,12.505663656640000000000000000,1.781148594314400000000000000,BASE_E3,permanent,run_dfea4b7ac1475668d5968c97,168
1699919999999999999,2023-11-13,BTCUSDT,-47.803308365700000000000000,48.4092000000000000000000000,1.9844666430965844216,0E-10,0,0E-27,0E-24,-47.803308365700000000000000,0E-25,48.40920000000,2.5903582773965844216000000,BASE_E3,permanent,run_dfea4b7ac1475668d5968c97,168
1699919999999999999,2023-11-13,ETHUSDT,14.481714632000000000000000,-13.617674715040000000000000000,2.4280571881925017120,0E-9,0,0E-27,0E-24,14.481714632000000000000000,0E-24,-13.617674715040000000000000000,3.292097105152501712000000000,BASE_E3,permanent,run_dfea4b7ac1475668d5968c97,168
1700006399999999999,2023-11-14,BTCUSDT,-79.241247733200000000000000,79.3012689411600000000000000,1.4771652396521791260,0E-10,0,0E-27,0E-24,-79.241247733200000000000000,0E-25,79.30126894116,1.5371864476121791260000000,BASE_E3,permanent,run_dfea4b7ac1475668d5968c97,168
1700006399999999999,2023-11-14,ETHUSDT,-112.652180970000000000000000,112.607994715040000000000000000,1.3040373733417360000,0E-9,0,0E-27,0E-24,-112.652180970000000000000000,0E-24,112.607994715040000000000000000,1.259851118381736000000000000,BASE_E3,permanent,run_dfea4b7ac1475668d5968c97,168
1700092799999999999,2023-11-15,BTCUSDT,196.477670764500000000000000,-197.0971116214800000000000000,0.9036126981649320000,0E-10,0,0E-27,0E-24,196.477670764500000000000000,0E-25,-197.09711162148,0.2841718411849320000000000,BASE_E3,permanent,run_dfea4b7ac1475668d5968c97,168
1700092799999999999,2023-11-15,ETHUSDT,120.401693552000000000000000,-120.359936114000000000000000000,0.8954880803888800000,0E-9,0,0E-27,0E-24,120.401693552000000000000000,0E-24,-120.359936114000000000000000000,0.937245518388880000000000000,BASE_E3,permanent,run_dfea4b7ac1475668d5968c97,168
1700179199999999999,2023-11-16,BTCUSDT,-144.480957099600000000000000,145.5112030512000000000000000,1.1640473710279680000,0E-10,0,0E-27,0E-24,-144.480957099600000000000000,0E-25,145.51120305120,2.1942933226279680000000000,BASE_E3,permanent,run_dfea4b7ac1475668d5968c97,168
1700179199999999999,2023-11-16,ETHUSDT,-147.629710732000000000000000,147.970260068400000000000000000,0.9139716968380240000,0E-9,0,0E-27,0E-24,-147.629710732000000000000000,0E-24,147.970260068400000000000000000,1.254521033238024000000000000,BASE_E3,permanent,run_dfea4b7ac1475668d5968c97,168
1700265599999999999,2023-11-17,BTCUSDT,34.894642654000000000000000,-34.8637603708800000000000000,0.9112356667299480000,0E-10,0,0E-27,0E-24,34.894642654000000000000000,0E-25,-34.86376037088,0.9421179498499480000000000,BASE_E3,permanent,run_dfea4b7ac1475668d5968c97,168
1700265599999999999,2023-11-17,ETHUSDT,-2.756752564000000000000000,2.409656045599999999999999392,0.8939916459954320000,-0.287577977,0,0.039417418185245217912000677,0E-24,-2.756752564000000000000000,0E-24,2.409656045599999999999999392,0.259317150595431999999999392,BASE_E3,permanent,run_dfea4b7ac1475668d5968c97,168
1700351999999999999,2023-11-18,BTCUSDT,-0.673700130200000000000000,0.6735596355600000000000000,0.9216383783195400000,0E-10,0,0E-27,0E-24,-0.673700130200000000000000,0E-25,0.67355963556,0.9214978836795400000000000,BASE_E3,permanent,run_dfea4b7ac1475668d5968c97,168
1700351999999999999,2023-11-18,ETHUSDT,3.552496594000000000000000,-3.234837413430000000000000000,0.9320417975623680000,0E-9,0,0E-27,0E-24,3.552496594000000000000000,0E-24,-3.234837413430000000000000000,1.249700978132368000000000000,BASE_E3,permanent,run_dfea4b7ac1475668d5968c97,168
1700438399999999999,2023-11-19,BTCUSDT,67.471656057100000000000000,-68.0499596355600000000000000,0.9220638165395160000,0E-10,0,0E-27,0E-24,67.471656057100000000000000,0E-25,-68.04995963556,0.3437602380795160000000000,BASE_E3,permanent,run_dfea4b7ac1475668d5968c97,168
1700438399999999999,2023-11-19,ETHUSDT,79.970999560000000000000000,-80.413592586570000000000000000,0.9385658017099830000,0E-9,0,0E-27,0E-24,79.970999560000000000000000,0E-24,-80.413592586570000000000000000,0.495972775139983000000000000,BASE_E3,permanent,run_dfea4b7ac1475668d5968c97,168
1700524799999999999,2023-11-20,BTCUSDT,7.007489384200000000000000,-7.0392000000000000000000000,0.9417433200000000000,0E-10,0,0E-27,0E-24,7.007489384200000000000000,0E-25,-7.03920000000,0.9100327042000000000000000,BASE_E3,permanent,run_dfea4b7ac1475668d5968c97,168
1700524799999999999,2023-11-20,ETHUSDT,13.986959684000000000000000,-14.352930000000000000000000000,0.9677740717497600000,0E-9,0,0E-27,0E-24,13.986959684000000000000000,0E-24,-14.352930000000000000000000000,0.601803755749760000000000000,BASE_E3,permanent,run_dfea4b7ac1475668d5968c97,168
1700611199999999999,2023-11-21,BTCUSDT,-136.303312751100000000000000,137.1029327841600000000000000,0.9385761822247440000,0E-10,0,0E-27,0E-24,-136.303312751100000000000000,0E-25,137.10293278416,1.7381962152847440000000000,BASE_E3,permanent,run_dfea4b7ac1475668d5968c97,168
1700611199999999999,2023-11-21,ETHUSDT,-134.692191490000000000000000,135.263141310960000000000000000,0.9584019344433150000,0E-9,0,0E-27,0E-24,-134.692191490000000000000000,0E-24,135.263141310960000000000000000,1.529351755403315000000000000,BASE_E3,permanent,run_dfea4b7ac1475668d5968c97,168
1700697599999999999,2023-11-22,BTCUSDT,133.444707335800000000000000,-133.5833327841600000000000000,0.9127626787566840000,0E-10,0,0E-27,0E-24,133.444707335800000000000000,0E-25,-133.58333278416,0.7741372303966840000000000,BASE_E3,permanent,run_dfea4b7ac1475668d5968c97,168
1700697599999999999,2023-11-22,ETHUSDT,201.950669606000000000000000,-202.264721310960000000000000000,0.9496475790037110000,0E-9,0,0E-27,0E-24,201.950669606000000000000000,0E-24,-202.264721310960000000000000000,0.635595874043711000000000000,BASE_E3,permanent,run_dfea4b7ac1475668d5968c97,168
1700783999999999999,2023-11-23,BTCUSDT,-10.449912244000000000000000,11.3141065086000000000000000,0.9386473696989480000,0E-10,0,0E-27,0E-24,-10.449912244000000000000000,0E-25,11.31410650860,1.8028416342989480000000000,BASE_E3,permanent,run_dfea4b7ac1475668d5968c97,168
1700783999999999999,2023-11-23,ETHUSDT,-2.150614530000000000000000,2.840444448750000000000000000,0.9833415940685520000,0E-9,0,0E-27,0E-24,-2.150614530000000000000000,0E-24,2.840444448750000000000000000,1.673171512818552000000000000,BASE_E3,permanent,run_dfea4b7ac1475668d5968c97,168
1700870399999999999,2023-11-24,BTCUSDT,35.071047925000000000000000,-34.6944579517200000000000000,0.9495889200000000000,0E-10,0,0E-27,0E-24,35.071047925000000000000000,0E-25,-34.69445795172,1.3261788932800000000000000,BASE_E3,permanent,run_dfea4b7ac1475668d5968c97,168
1700870399999999999,2023-11-24,ETHUSDT,29.220823822000000000000000,-29.045388126269999999999999568,0.9805738037520990000,-0.246247345,0,0.033417896950720279977526544,1.395481440211555833089996,27.825342381788444166910004,-1.533102037304238962600993,-27.512286088965761037399006568,0.909762154482099000000000432,BASE_E3,permanent,run_dfea4b7ac1475668d5968c97,168
1700956799999999999,2023-11-25,BTCUSDT,6.013739690900000000000000,-5.5744485568800000000000000,0.9508629422556600000,0E-10,0,0E-27,0E-24,6.013739690900000000000000,0E-25,-5.57444855688,1.3901540762756600000000000,BASE_E3,permanent,run_dfea4b7ac1475668d5968c97,168
1700956799999999999,2023-11-25,ETHUSDT,4.087929060000000000000000,-3.695841357560000000000000000,0.9458839254176820000,0E-9,0,0E-27,0E-24,4.087929060000000000000000,0E-24,-3.695841357560000000000000000,1.337971627857682000000000000,BASE_E3,permanent,run_dfea4b7ac1475668d5968c97,168
1701043199999999999,2023-11-26,BTCUSDT,-25.945015238600000000000000,25.6595518762800000000000000,0.9488967631981320000,0E-10,0,0E-27,0E-24,-25.945015238600000000000000,0E-25,25.65955187628,0.6634334008781320000000000,BASE_E3,permanent,run_dfea4b7ac1475668d5968c97,168
1701043199999999999,2023-11-26,ETHUSDT,-31.234806114000000000000000,31.545739200500000000000000000,0.9442859257892880000,0E-9,0,0E-27,0E-24,-31.234806114000000000000000,0E-24,31.545739200500000000000000000,1.255219012289288000000000000,BASE_E3,permanent,run_dfea4b7ac1475668d5968c97,168
1701129599999999999,2023-11-27,BTCUSDT,-18.096660729300000000000000,18.1071509900400000000000000,0.9362616710061720000,0E-10,0,0E-27,0E-24,-18.096660729300000000000000,0E-25,18.10715099004,0.9467519317461720000000000,BASE_E3,permanent,run_dfea4b7ac1475668d5968c97,168
1701129599999999999,2023-11-27,ETHUSDT,-53.491308774000000000000000,53.130367497140000000000000000,0.9250418367011380000,0E-9,0,0E-27,0E-24,-53.491308774000000000000000,0E-24,53.130367497140000000000000000,0.564100559841138000000000000,BASE_E3,permanent,run_dfea4b7ac1475668d5968c97,168
1701215999999999999,2023-11-28,BTCUSDT,47.064926302800000000000000,-47.2695028663200000000000000,0.9393308400000000000,0E-10,0,0E-27,0E-24,47.064926302800000000000000,0E-25,-47.26950286632,0.7347542764800000000000000,BASE_E3,permanent,run_dfea4b7ac1475668d5968c97,168
1701215999999999999,2023-11-28,ETHUSDT,32.294639574000000000000000,-32.440921662560000000000000000,0.9202417002552620000,0E-9,0,0E-27,0E-24,32.294639574000000000000000,0E-24,-32.440921662560000000000000000,0.773959611695262000000000000,BASE_E3,permanent,run_dfea4b7ac1475668d5968c97,168
1701302399999999999,2023-11-29,BTCUSDT,3.190415329800000000000000,-2.9820000000000000000000000,0.9552893790927480000,0E-10,0,0E-27,0E-24,3.190415329800000000000000,0E-25,-2.98200000000,1.1637047088927480000000000,BASE_E3,permanent,run_dfea4b7ac1475668d5968c97,168
1701302399999999999,2023-11-29,ETHUSDT,-29.251403496000000000000000,29.462440000000000000000000000,0.9291119692083420000,0E-9,0,0E-27,0E-24,-29.251403496000000000000000,0E-24,29.462440000000000000000000000,1.140148473208342000000000000,BASE_E3,permanent,run_dfea4b7ac1475668d5968c97,168
1701388799999999999,2023-11-30,BTCUSDT,-12.530654416700000000000000,12.3732000000000000000000000,0.9511607886468240000,0E-10,0,0E-27,0E-24,-12.530654416700000000000000,0E-25,12.37320000000,0.7937063719468240000000000,BASE_E3,permanent,run_dfea4b7ac1475668d5968c97,168
1701388799999999999,2023-11-30,ETHUSDT,34.595992230000000000000000,-34.125990112260000000000000000,0.9230855969862260000,0E-9,0,0E-27,0E-24,34.595992230000000000000000,0E-24,-34.125990112260000000000000000,1.393087714726226000000000000,BASE_E3,permanent,run_dfea4b7ac1475668d5968c97,168
1701475199999999999,2023-12-01,BTCUSDT,82.074652395500000000000000,-80.7985434471600000000000000,0.9606263930467680000,0E-10,0,0E-27,0E-24,82.074652395500000000000000,0E-25,-80.79854344716,2.2367353413867680000000000,BASE_E3,permanent,run_dfea4b7ac1475668d5968c97,168
1701475199999999999,2023-12-01,ETHUSDT,53.082515868000000000000000,-52.944534125800000000000000000,0.9423342729826440000,0E-9,0,0E-27,0E-24,53.082515868000000000000000,0E-24,-52.944534125800000000000000000,1.080316015182644000000000000,BASE_E3,permanent,run_dfea4b7ac1475668d5968c97,168
1701561599999999999,2023-12-02,BTCUSDT,65.385033708700000000000000,-66.0502565528400000000000000,0.8280426871686497136,0E-10,0,0E-27,0E-24,65.385033708700000000000000,0E-25,-66.05025655284,0.1628198430286497136000000,BASE_E3,permanent,run_dfea4b7ac1475668d5968c97,168
1701561599999999999,2023-12-02,ETHUSDT,118.020026010000000000000000,-119.545055761940000000000000000,0.9517792839874200000,0E-9,0,0E-27,0E-24,118.020026010000000000000000,0E-24,-119.545055761940000000000000000,-0.573250467952580000000000000,BASE_E3,permanent,run_dfea4b7ac1475668d5968c97,168
1701647999999999999,2023-12-03,BTCUSDT,42.765677841000000000000000,-44.6712000000000000000000000,0.9968371541982840000,0E-10,0,0E-27,0E-24,42.765677841000000000000000,0E-25,-44.67120000000,-0.9086850048017160000000000,BASE_E3,permanent,run_dfea4b7ac1475668d5968c97,168
1701647999999999999,2023-12-03,ETHUSDT,41.696876412000000000000000,-41.438180000000000000000000000,0.9826533778993040000,0E-9,0,0E-27,0E-24,41.696876412000000000000000,0E-24,-41.438180000000000000000000000,1.241349789899304000000000000,BASE_E3,permanent,run_dfea4b7ac1475668d5968c97,168
1701734399999999999,2023-12-04,BTCUSDT,169.778312986100000000000000,-169.4343916339200000000000000,1.0308536149863840000,0E-10,0,0E-27,0E-24,169.778312986100000000000000,0E-25,-169.43439163392,1.3747749671663840000000000,BASE_E3,permanent,run_dfea4b7ac1475668d5968c97,168
1701734399999999999,2023-12-04,ETHUSDT,77.019611586000000000000000,-77.119584946380000000000000000,1.0072262921485460000,0E-9,0,0E-27,0E-24,77.019611586000000000000000,0E-24,-77.119584946380000000000000000,0.907252931768546000000000000,BASE_E3,permanent,run_dfea4b7ac1475668d5968c97,168
1701820799999999999,2023-12-05,BTCUSDT,174.285047647600000000000000,-174.5876083660800000000000000,1.0566375616256040000,0E-10,0,0E-27,0E-24,174.285047647600000000000000,0E-25,-174.58760836608,0.7540768431456040000000000,BASE_E3,permanent,run_dfea4b7ac1475668d5968c97,168
1701820799999999999,2023-12-05,ETHUSDT,73.961235030000000000000000,-73.933618471000000000000000000,1.0102382935712580000,0E-9,0,0E-27,0E-24,73.961235030000000000000000,0E-24,-73.933618471000000000000000000,1.037854852571258000000000000,BASE_E3,permanent,run_dfea4b7ac1475668d5968c97,168
1701907199999999999,2023-12-06,BTCUSDT,-25.662766805000000000000000,25.9239459578400000000000000,1.1051957725319280000,0E-10,0,0E-27,0E-24,-25.662766805000000000000000,0E-25,25.92394595784,1.3663749253719280000000000,BASE_E3,permanent,run_dfea4b7ac1475668d5968c97,168
1701907199999999999,2023-12-06,ETHUSDT,-90.010141710000000000000000,91.058068793180000000000000000,1.0314823361175160000,0E-9,0,0E-27,0E-24,-90.010141710000000000000000,0E-24,91.058068793180000000000000000,2.079409419297516000000000000,BASE_E3,permanent,run_dfea4b7ac1475668d5968c97,168
1701993599999999999,2023-12-07,BTCUSDT,-40.266603168500000000000000,38.7500626783200000000000000,1.1032594153061040000,0E-10,0,0E-27,0E-24,-40.266603168500000000000000,0E-25,38.75006267832,-0.4132810748738960000000000,BASE_E3,permanent,run_dfea4b7ac1475668d5968c97,168
1701993599999999999,2023-12-07,ETHUSDT,187.938753414000000000000000,-190.556725375800000000000000000,1.0321756672562900000,0E-9,0,0E-27,0E-24,187.938753414000000000000000,0E-24,-190.556725375800000000000000000,-1.585796294543710000000000000,BASE_E3,permanent,run_dfea4b7ac1475668d5968c97,168
1702079999999999999,2023-12-08,BTCUSDT,74.057452841100000000000000,-75.1276793593200000000000000,1.9528440524880000000,0E-10,0,0E-27,0E-24,74.057452841100000000000000,0E-25,-75.12767935932,0.8826175342680000000000000,BASE_E3,permanent,run_dfea4b7ac1475668d5968c97,168
1702079999999999999,2023-12-08,ETHUSDT,0.847501184000000000000000,-1.954987830080000000000000224,1.5799404060606000000,-0.607140220,0,0.082337279353389711736029752,50.245383388815032953056700,-49.397882204815032953056700,-50.937173043244672171738872,48.982185213164672171738871776,-0.134686460019400000000000224,BASE_E3,permanent,run_dfea4b7ac1475668d5968c97,168
1702166399999999999,2023-12-09,BTCUSDT,-38.489110056900000000000000,39.4531783825200000000000000,2.1841248218332791360,0E-10,0,0E-27,0E-24,-38.489110056900000000000000,0E-25,39.45317838252,3.1481931474532791360000000,BASE_E3,permanent,run_dfea4b7ac1475668d5968c97,168
1702166399999999999,2023-12-09,ETHUSDT,-23.673723192000000000000000,24.603902658940000000000000000,2.7778164920934309068,0E-9,0,0E-27,0E-24,-23.673723192000000000000000,0E-24,24.603902658940000000000000000,3.707995959033430906800000000,BASE_E3,permanent,run_dfea4b7ac1475668d5968c97,168
1702252799999999999,2023-12-10,BTCUSDT,5.7714602681999999999999999,-5.6865927504000000000000000,2.1638682944810857512,-0.7878342000,0,0.105504855830875256028396480,79.1121147807549205696385689,-73.340654512554920569638569,-79.1208000000000000000000000,73.43420724960,1.4609016122810857511999999,BASE_E3,permanent,run_dfea4b7ac1475668d5968c97,168
1702252799999999999,2023-12-10,ETHUSDT,15.567754480000000000000000,-15.926935097480000000000000000,1.7490527425800000000,0E-9,0,0E-27,0E-24,15.567754480000000000000000,0E-24,-15.926935097480000000000000000,1.389872125100000000000000000,BASE_E3,permanent,run_dfea4b7ac1475668d5968c97,168
1702339199999999999,2023-12-11,BTCUSDT,-180.8602247686000000000000000,180.8848136865600000000000000,1.0691342457957360000,0E-10,0,0E-27,0E-25,-180.860224768600000000000000,0E-25,180.88481368656,1.0937231637557360000000000,BASE_E3,permanent,run_dfea4b7ac1475668d5968c97,168
1702339199999999999,2023-12-11,ETHUSDT,-169.997194826000000000000000,171.160660268620000000000000000,1.3598123252056606912,0E-9,0,0E-27,0E-24,-169.997194826000000000000000,0E-24,171.160660268620000000000000000,2.523277767825660691200000000,BASE_E3,permanent,run_dfea4b7ac1475668d5968c97,168
1702425599999999999,2023-12-12,BTCUSDT,14.0347292492000000000000000,-14.0146470633600000000000000,0.8969381682272640000,0E-10,0,0E-27,0E-25,14.034729249200000000000000,0E-25,-14.01464706336,0.9170203540672640000000000,BASE_E3,permanent,run_dfea4b7ac1475668d5968c97,168
1702425599999999999,2023-12-12,ETHUSDT,-30.934201790000000000000000,30.343397756100000000000000000,0.8929933945119660000,0E-9,0,0E-27,0E-24,-30.934201790000000000000000,0E-24,30.343397756100000000000000000,0.302189360611966000000000000,BASE_E3,permanent,run_dfea4b7ac1475668d5968c97,168
1702511999999999999,2023-12-13,BTCUSDT,102.0304367704000000000000000,-100.9558815321600000000000000,1.0375416816253769376,0E-10,0,0E-27,0E-25,102.030436770400000000000000,0E-25,-100.95588153216,2.1120969198653769376000000,BASE_E3,permanent,run_dfea4b7ac1475668d5968c97,168
1702511999999999999,2023-12-13,ETHUSDT,77.167748500000000000000000,-77.050696169920000000000000000,1.1334654472716452196,0E-9,0,0E-27,0E-24,77.167748500000000000000000,0E-24,-77.050696169920000000000000000,1.250517777351645219600000000,BASE_E3,permanent,run_dfea4b7ac1475668d5968c97,168
1702598399999999999,2023-12-14,BTCUSDT,10.0450701701000000000000000,-10.1232000000000000000000000,0.9233513885617200000,0E-10,0,0E-27,0E-25,10.045070170100000000000000,0E-25,-10.12320000000,0.8452215586617200000000000,BASE_E3,permanent,run_dfea4b7ac1475668d5968c97,168
1702598399999999999,2023-12-14,ETHUSDT,74.429970988000000000000000,-74.542401586180000000000000000,0.9152892965662600000,0E-9,0,0E-27,0E-24,74.429970988000000000000000,0E-24,-74.542401586180000000000000000,0.802858698386260000000000000,BASE_E3,permanent,run_dfea4b7ac1475668d5968c97,168
1702684799999999999,2023-12-15,BTCUSDT,-78.8247478225000000000000000,77.3424000000000000000000000,0.9193115389787280000,0E-10,0,0E-27,0E-25,-78.824747822500000000000000,0E-25,77.34240000000,-0.5630362835212720000000000,BASE_E3,permanent,run_dfea4b7ac1475668d5968c97,168
1702684799999999999,2023-12-15,ETHUSDT,-130.124954688000000000000000,130.321620000000000000000000000,0.9280481720371757764,0E-9,0,0E-27,0E-24,-130.124954688000000000000000,0E-24,130.321620000000000000000000000,1.124713484037175776400000000,BASE_E3,permanent,run_dfea4b7ac1475668d5968c97,168
1702771199999999999,2023-12-16,BTCUSDT,25.6984158441000000000000000,-24.7896000000000000000000000,0.9130640896141920000,0E-10,0,0E-27,0E-25,25.698415844100000000000000,0E-25,-24.78960000000,1.8218799337141920000000000,BASE_E3,permanent,run_dfea4b7ac1475668d5968c97,168
1702771199999999999,2023-12-16,ETHUSDT,14.333070504000000000000000,-14.213482917480000000000000000,0.9020086595958900000,0E-9,0,0E-27,0E-24,14.333070504000000000000000,0E-24,-14.213482917480000000000000000,1.021596246115890000000000000,BASE_E3,permanent,run_dfea4b7ac1475668d5968c97,168
1702857599999999999,2023-12-17,BTCUSDT,-65.4301208872000000000000000,65.4768000000000000000000000,0.9072741600000000000,0E-10,0,0E-27,0E-25,-65.430120887200000000000000,0E-25,65.47680000000,0.9539532728000000000000000,BASE_E3,permanent,run_dfea4b7ac1475668d5968c97,168
1702857599999999999,2023-12-17,ETHUSDT,-44.274156922000000000000000,44.247890246340000000000000000,0.9359319317792546520,0E-9,0,0E-27,0E-24,-44.274156922000000000000000,0E-24,44.247890246340000000000000000,0.909665256119254652000000000,BASE_E3,permanent,run_dfea4b7ac1475668d5968c97,168
1702943999999999999,2023-12-18,BTCUSDT,91.2847821780000000000000000,-91.2803716598400000000000000,1.1583354417524043192,0E-10,0,0E-27,0E-25,91.284782178000000000000000,0E-25,-91.28037165984,1.1627459599124043192000000,BASE_E3,permanent,run_dfea4b7ac1475668d5968c97,168
1702943999999999999,2023-12-18,ETHUSDT,29.189539650000000000000000,-29.417087328860000000000000000,1.0253465345447454328,0E-9,0,0E-27,0E-24,29.189539650000000000000000,0E-24,-29.417087328860000000000000000,0.797798855684745432800000000,BASE_E3,permanent,run_dfea4b7ac1475668d5968c97,168
1703030399999999999,2023-12-19,BTCUSDT,-27.0729437600000000000000000,26.4947716598400000000000000,0.9233733718213200000,0E-10,0,0E-27,0E-25,-27.072943760000000000000000,0E-25,26.49477165984,0.3452012716613200000000000,BASE_E3,permanent,run_dfea4b7ac1475668d5968c97,168
1703030399999999999,2023-12-19,ETHUSDT,-54.594504504000000000000000,54.780440000000000000000000000,0.8940336900000000000,0E-9,0,0E-27,0E-24,-54.594504504000000000000000,0E-24,54.780440000000000000000000000,1.079969186000000000000000000,BASE_E3,permanent,run_dfea4b7ac1475668d5968c97,168
1703116799999999999,2023-12-20,BTCUSDT,100.1418109331000000000000000,-100.9993973616000000000000000,1.3792321444499879544,0E-10,0,0E-27,0E-25,100.141810933100000000000000,0E-25,-100.99939736160,0.5216457159499879544000000,BASE_E3,permanent,run_dfea4b7ac1475668d5968c97,168
1703116799999999999,2023-12-20,ETHUSDT,32.799648232000000000000000,-33.791560000000000000000000000,1.2886970642157140848,0E-9,0,0E-27,0E-24,32.799648232000000000000000,0E-24,-33.791560000000000000000000000,0.296785296215714084800000000,BASE_E3,permanent,run_dfea4b7ac1475668d5968c97,168
1703203199999999999,2023-12-21,BTCUSDT,15.1118867988000000000000000,-15.3022026384000000000000000,2.6892069380959337280,0E-10,0,0E-27,0E-25,15.111886798800000000000000,0E-25,-15.30220263840,2.4988910984959337280000000,BASE_E3,permanent,run_dfea4b7ac1475668d5968c97,168
1703203199999999999,2023-12-21,ETHUSDT,50.662304450000000000000000,-50.809731419920000000000000000,2.8253058906314614592,0E-9,0,0E-27,0E-24,50.662304450000000000000000,0E-24,-50.809731419920000000000000000,2.677878920711461459200000000,BASE_E3,permanent,run_dfea4b7ac1475668d5968c97,168
1703289599999999999,2023-12-22,BTCUSDT,6.8351982743000000000000000,-6.4010451067200000000000000,2.4701120433667663272,0E-10,0,0E-27,0E-25,6.835198274300000000000000,0E-25,-6.40104510672,2.9042652109467663272000000,BASE_E3,permanent,run_dfea4b7ac1475668d5968c97,168
1703289599999999999,2023-12-22,ETHUSDT,113.577505314000000000000000,-113.553309668700000000000000000,4.2448496398418000000,0E-9,0,0E-27,0E-24,113.577505314000000000000000,0E-24,-113.553309668700000000000000000,4.269045285141800000000000000,BASE_E3,permanent,run_dfea4b7ac1475668d5968c97,168
1703375999999999999,2023-12-23,BTCUSDT,-18.4052816062000000000000000,18.5798961705600000000000000,1.3045643440860419712,0E-10,0,0E-27,0E-25,-18.405281606200000000000000,0E-25,18.57989617056,1.4791789084460419712000000,BASE_E3,permanent,run_dfea4b7ac1475668d5968c97,168
1703375999999999999,2023-12-23,ETHUSDT,-21.580128624000000000000000,22.072062094720000000000000000,1.5154616667760020440,0E-9,0,0E-27,0E-24,-21.580128624000000000000000,0E-24,22.072062094720000000000000000,2.007395137496002044000000000,BASE_E3,permanent,run_dfea4b7ac1475668d5968c97,168
1703462399999999999,2023-12-24,BTCUSDT,-51.6329999210000000000000000,52.6651008508800000000000000,1.5894815303326861440,0E-10,0,0E-27,0E-25,-51.632999921000000000000000,0E-25,52.66510085088,2.6215824602126861440000000,BASE_E3,permanent,run_dfea4b7ac1475668d5968c97,168
1703462399999999999,2023-12-24,ETHUSDT,-58.473022646000000000000000,58.605932987800000000000000000,1.6951565345540718860,0E-9,0,0E-27,0E-24,-58.473022646000000000000000,0E-24,58.605932987800000000000000000,1.828066876354071886000000000,BASE_E3,permanent,run_dfea4b7ac1475668d5968c97,168
1703548799999999999,2023-12-25,BTCUSDT,42.4022781390000000000000000,-43.6471519147200000000000000,1.8125406548631698112,0E-10,0,0E-27,0E-25,42.402278139000000000000000,0E-25,-43.64715191472,0.5676668791431698112000000,BASE_E3,permanent,run_dfea4b7ac1475668d5968c97,168
1703548799999999999,2023-12-25,ETHUSDT,8.092548234000000000000000,-9.006893993900000000000000000,2.4257575299537427826,0E-9,0,0E-27,0E-24,8.092548234000000000000000,0E-24,-9.006893993900000000000000000,1.511411770053742782600000000,BASE_E3,permanent,run_dfea4b7ac1475668d5968c97,168
1703635199999999999,2023-12-26,BTCUSDT,-76.5444283308000000000000000,76.4352000000000000000000000,2.9972625950448764208,0E-10,0,0E-27,0E-25,-76.544428330800000000000000,0E-25,76.43520000000,2.8880342642448764208000000,BASE_E3,permanent,run_dfea4b7ac1475668d5968c97,168
1703635199999999999,2023-12-26,ETHUSDT,-53.480604830000000000000000,54.351000000000000000000000000,3.5188723033444299440,0E-9,0,0E-27,0E-24,-53.480604830000000000000000,0E-24,54.351000000000000000000000000,4.389267473344429944000000000,BASE_E3,permanent,run_dfea4b7ac1475668d5968c97,168
1703721599999999999,2023-12-27,BTCUSDT,66.3344724128000000000000000,-65.6298022975200000000000000,3.0071970344880000000,0E-10,0,0E-27,0E-25,66.334472412800000000000000,0E-25,-65.62980229752,3.7118671497680000000000000,BASE_E3,permanent,run_dfea4b7ac1475668d5968c97,168
1703721599999999999,2023-12-27,ETHUSDT,197.589697594000000000000000,-197.794584171140000000000000000,3.7145451811426197316,0E-9,0,0E-27,0E-24,197.589697594000000000000000,0E-24,-197.794584171140000000000000000,3.509658604002619731600000000,BASE_E3,permanent,run_dfea4b7ac1475668d5968c97,168
1703807999999999999,2023-12-28,BTCUSDT,-61.7608729776000000000000000,60.5610022975200000000000000,3.1165639949233826064,0E-10,0,0E-27,0E-25,-61.760872977600000000000000,0E-25,60.56100229752,1.9166933148433826064000000,BASE_E3,permanent,run_dfea4b7ac1475668d5968c97,168
1703807999999999999,2023-12-28,ETHUSDT,-45.253851816000000000000000,44.833424171140000000000000000,4.2779242830116109724,0E-9,0,0E-27,0E-24,-45.253851816000000000000000,0E-24,44.833424171140000000000000000,3.857496638151610972400000000,BASE_E3,permanent,run_dfea4b7ac1475668d5968c97,168
1703894399999999999,2023-12-29,BTCUSDT,-35.3575525606000000000000000,35.8178410209600000000000000,4.6465242472065007872,0E-10,0,0E-27,0E-25,-35.357552560600000000000000,0E-25,35.81784102096,5.1068127075665007872000000,BASE_E3,permanent,run_dfea4b7ac1475668d5968c97,168
1703894399999999999,2023-12-29,ETHUSDT,-60.083480006000000000000000,60.725500000000000000000000000,4.4248720640168054626,0E-9,0,0E-27,0E-24,-60.083480006000000000000000,0E-24,60.725500000000000000000000000,5.066892058016805462600000000,BASE_E3,permanent,run_dfea4b7ac1475668d5968c97,168
1703980799999999999,2023-12-30,BTCUSDT,3.9378172719000000000000000,-3.9290410209600000000000000,3.4739322392079141120,0E-10,0,0E-27,0E-25,3.937817271900000000000000,0E-25,-3.92904102096,3.4827084901479141120000000,BASE_E3,permanent,run_dfea4b7ac1475668d5968c97,168
1703980799999999999,2023-12-30,ETHUSDT,-11.474508690000000000000000,11.224991250000000000000000000,2.6345242828457137772,0E-9,0,0E-27,0E-24,-11.474508690000000000000000,0E-24,11.224991250000000000000000000,2.385006842845713777200000000,BASE_E3,permanent,run_dfea4b7ac1475668d5968c97,168
1704067199999999999,2023-12-31,BTCUSDT,10.3777217663000000000000000,-10.3438268935200000000000000,2.9331607097606015880,0E-10,0,0E-27,0E-25,10.377721766300000000000000,0E-25,-10.34382689352,2.9670555825406015880000000,BASE_E3,permanent,run_dfea4b7ac1475668d5968c97,168
1704067199999999999,2023-12-31,ETHUSDT,-11.206099130000000000000000,10.742252498780000000000000000,2.5021462975535384820,0E-9,0,0E-27,0E-24,-11.206099130000000000000000,0E-24,10.742252498780000000000000000,2.038299666333538482000000000,BASE_E3,permanent,run_dfea4b7ac1475668d5968c97,168
1704153599999999999,2024-01-01,BTCUSDT,135.0047062500000000000000000,-136.8167880002400000000000000,3.0086343924054867936,0E-10,0,0E-27,0E-25,135.004706250000000000000000,0E-25,-136.81678800024,1.1965526421654867936000000,BASE_E3,permanent,run_dfea4b7ac1475668d5968c97,168
1704153599999999999,2024-01-01,ETHUSDT,92.869707760000000000000000,-94.043369576420000000000000000,3.1451457579925372396,0E-9,0,0E-27,0E-24,92.869707760000000000000000,0E-24,-94.043369576420000000000000000,1.971483941572537239600000000,BASE_E3,permanent,run_dfea4b7ac1475668d5968c97,168
1704239999999999999,2024-01-02,BTCUSDT,55.9409100943000000000000000,-53.8633851062400000000000000,4.9983074446566391344,0E-10,0,0E-27,0E-25,55.940910094300000000000000,0E-25,-53.86338510624,7.0758324327166391344000000,BASE_E3,permanent,run_dfea4b7ac1475668d5968c97,168
1704239999999999999,2024-01-02,ETHUSDT,3.623529060000000000000000,-2.065510836180000000000000000,5.3526292370416431390,0E-9,0,0E-27,0E-24,3.623529060000000000000000,0E-24,-2.065510836180000000000000000,6.910647460861643139000000000,BASE_E3,permanent,run_dfea4b7ac1475668d5968c97,168
1704326399999999999,2024-01-03,BTCUSDT,-151.4601598854000000000000000,153.0283058928000000000000000,1.5499032892062251328,0E-10,0,0E-27,0E-25,-151.460159885400000000000000,0E-25,153.02830589280,3.1180492966062251328000000,BASE_E3,permanent,run_dfea4b7ac1475668d5968c97,168
1704326399999999999,2024-01-03,ETHUSDT,-194.502987654000000000000000,195.700828945380000000000000000,1.9765237500369900484,0E-9,0,0E-27,0E-24,-194.502987654000000000000000,0E-24,195.700828945380000000000000000,3.174365041416990048400000000,BASE_E3,permanent,run_dfea4b7ac1475668d5968c97,168
1704412799999999999,2024-01-04,BTCUSDT,93.8610319858000000000000000,-93.2033111652000000000000000,0.9336403853616960000,0E-10,0,0E-27,0E-25,93.861031985800000000000000,0E-25,-93.20331116520,1.5913612059616960000000000,BASE_E3,permanent,run_dfea4b7ac1475668d5968c97,168
1704412799999999999,2024-01-04,ETHUSDT,76.550406512000000000000000,-76.280112281560000000000000000,0.9005673842413820000,0E-9,0,0E-27,0E-24,76.550406512000000000000000,0E-24,-76.280112281560000000000000000,1.170861614681382000000000000,BASE_E3,permanent,run_dfea4b7ac1475668d5968c97,168
1704499199999999999,2024-01-05,BTCUSDT,-1.0800376500000000000000000,0.6550052724000000000000000,0.9461877371744400000,0E-10,0,0E-27,0E-25,-1.080037650000000000000000,0E-25,0.65500527240,0.5211553595744400000000000,BASE_E3,permanent,run_dfea4b7ac1475668d5968c97,168
1704499199999999999,2024-01-05,ETHUSDT,1.013178046000000000000000,-0.802714041800000000000000190,0.9212501386329340000,-0.243863567,0,0.033174437119874054949266578,0E-24,1.013178046000000000000000,0E-24,-0.802714041800000000000000190,0.887850575832933999999999810,BASE_E3,permanent,run_dfea4b7ac1475668d5968c97,168
1704585599999999999,2024-01-06,BTCUSDT,-11.2172710329000000000000000,11.5997336172000000000000000,0.9479415151404000000,0E-10,0,0E-27,0E-25,-11.217271032900000000000000,0E-25,11.59973361720,1.3304040994404000000000000,BASE_E3,permanent,run_dfea4b7ac1475668d5968c97,168
1704585599999999999,2024-01-06,ETHUSDT,-37.275035452000000000000000,37.877784963900000000000000000,0.9541548412949840000,0E-9,0,0E-27,0E-24,-37.275035452000000000000000,0E-24,37.877784963900000000000000000,1.556904353194984000000000000,BASE_E3,permanent,run_dfea4b7ac1475668d5968c97,168
1704671999999999999,2024-01-07,BTCUSDT,-2.7951374382000000000000000,3.5634663828000000000000000,0.9509552006297760000,0E-10,0,0E-27,0E-25,-2.795137438200000000000000,0E-25,3.56346638280,1.7192841452297760000000000,BASE_E3,permanent,run_dfea4b7ac1475668d5968c97,168
1704671999999999999,2024-01-07,ETHUSDT,-26.612904674000000000000000,26.958949077900000000000000000,0.9500982655656520000,0E-9,0,0E-27,0E-24,-26.612904674000000000000000,0E-24,26.958949077900000000000000000,1.296142669465652000000000000,BASE_E3,permanent,run_dfea4b7ac1475668d5968c97,168
1704758399999999999,2024-01-08,BTCUSDT,217.5577440403000000000000000,-219.8160000000000000000000000,0.9564751101191760000,0E-10,0,0E-27,0E-25,217.557744040300000000000000,0E-25,-219.81600000000,-1.3017808495808240000000000,BASE_E3,permanent,run_dfea4b7ac1475668d5968c97,168
1704758399999999999,2024-01-08,ETHUSDT,154.558474010000000000000000,-156.196688041800000000000000000,0.9493713428542840000,0E-9,0,0E-27,0E-24,154.558474010000000000000000,0E-24,-156.196688041800000000000000000,-0.688842688945716000000000000,BASE_E3,permanent,run_dfea4b7ac1475668d5968c97,168
1704844799999999999,2024-01-09,BTCUSDT,-58.7137267544000000000000000,59.4216000000000000000000000,1.0129229748510480000,0E-10,0,0E-27,0E-25,-58.713726754400000000000000,0E-25,59.42160000000,1.7207962204510480000000000,BASE_E3,permanent,run_dfea4b7ac1475668d5968c97,168
1704844799999999999,2024-01-09,ETHUSDT,19.160725735000000000000000,-18.092951958200000000000000000,0.9748365909865100000,0E-9,0,0E-27,0E-24,19.160725735000000000000000,0E-24,-18.092951958200000000000000000,2.042610367786510000000000000,BASE_E3,permanent,run_dfea4b7ac1475668d5968c97,168
1704931199999999999,2024-01-10,BTCUSDT,35.1703460346000000000000000,-35.2728000000000000000000000,0.9896470964425440000,0E-10,0,0E-27,0E-25,35.170346034600000000000000,0E-25,-35.27280000000,0.8871931310425440000000000,BASE_E3,permanent,run_dfea4b7ac1475668d5968c97,168
1704931199999999999,2024-01-10,ETHUSDT,335.305629984000000000000000,-336.616840000000000000000000000,1.0129895389957980000,0E-9,0,0E-27,0E-24,335.305629984000000000000000,0E-24,-336.616840000000000000000000000,-0.298220477004202000000000000,BASE_E3,permanent,run_dfea4b7ac1475668d5968c97,168
1705017599999999999,2024-01-11,BTCUSDT,132.8645471992000000000000000,-133.4664000000000000000000000,0.6678258811914960000,-5.2346635200,0,0.701933964062718171844821600,813.7142086845295234178314130,-680.849661485329523417831413,-811.9584000000000000000000000,678.49200000000,-5.1686904396085040000000000,BASE_E3,permanent,run_dfea4b7ac1475668d5968c97,168
1705017599999999999,2024-01-11,ETHUSDT,134.771161339000000000000000,-135.036999999999999999999999974,0.7315804328953260000,-5.678461390,0,0.765677326260404445368413590,858.233074907995526394684218,-723.461913568995526394684218,-860.4500882792694770608928253,725.413088279269477060892825326,-5.212719618104673999999999974,BASE_E3,permanent,run_dfea4b7ac1475668d5968c97,168
1705103999999999999,2024-01-12,BTCUSDT,-104.8813093473000000000000000,114.5017000000000000000000000,0E-19,-4.7295165170,0,0.632259807219212986718651830,0E-25,-104.881309347300000000000000,0E-25,114.50170000000,4.8908741357000000000000000,BASE_E3,permanent,run_dfea4b7ac1475668d5968c97,168
1705103999999999999,2024-01-12,ETHUSDT,-148.850757017000000000000000,155.3155094332800000000000000,0E-19,-4.797287082,0,0.648164580352613076088343202,0E-24,-148.850757017000000000000000,0E-25,155.31550943328,1.6674653342800000000000000,BASE_E3,permanent,run_dfea4b7ac1475668d5968c97,168
1705190399999999999,2024-01-13,BTCUSDT,-0.7107244144000000000000000,0.9585000000000000000000000,0.9162611256383160000,0E-10,0,0E-27,0E-25,-0.710724414400000000000000,0E-25,0.95850000000,1.1640367112383160000000000,BASE_E3,permanent,run_dfea4b7ac1475668d5968c97,168
1705190399999999999,2024-01-13,ETHUSDT,62.534651725000000000000000,-62.1904050000000000000000000,0.9211812969816720000,0E-9,0,0E-27,0E-24,62.534651725000000000000000,0E-25,-62.19040500000,1.2654280219816720000000000,BASE_E3,permanent,run_dfea4b7ac1475668d5968c97,168
1705276799999999999,2024-01-14,BTCUSDT,-73.4389194352000000000000000,72.9699987885100000000000000,0.9142477990319300000,0E-10,0,0E-27,0E-25,-73.438919435200000000000000,0E-25,72.96999878851,0.4453271523419300000000000,BASE_E3,permanent,run_dfea4b7ac1475668d5968c97,168
1705276799999999999,2024-01-14,ETHUSDT,-122.886319465000000000000000,121.7457739398600000000000000,0.9247654435570740000,0E-9,0,0E-27,0E-24,-122.886319465000000000000000,0E-25,121.74577393986,-0.2157800815829260000000000,BASE_E3,permanent,run_dfea4b7ac1475668d5968c97,168
1705363199999999999,2024-01-15,BTCUSDT,49.0151340896000000000000000,-48.8656092858100000000000000,0.8998205529574030000,0E-10,0,0E-27,0E-25,49.015134089600000000000000,0E-25,-48.86560928581,1.0493453567474030000000000,BASE_E3,permanent,run_dfea4b7ac1475668d5968c97,168
1705363199999999999,2024-01-15,ETHUSDT,43.756165180000000000000000,-42.6540783731400000000000000,0.9049525263754020000,0E-9,0,0E-27,0E-24,43.756165180000000000000000,0E-25,-42.65407837314,2.0070393332354020000000000,BASE_E3,permanent,run_dfea4b7ac1475668d5968c97,168
1705449599999999999,2024-01-16,BTCUSDT,46.6926769872000000000000000,-46.2354178145100000000000000,0.9127575112978950000,0E-10,0,0E-27,0E-25,46.692676987200000000000000,0E-25,-46.23541781451,1.3700166839878950000000000,BASE_E3,permanent,run_dfea4b7ac1475668d5968c97,168
1705449599999999999,2024-01-16,ETHUSDT,93.759765190000000000000000,-93.4891200000000000000000000,0.9165164848704180000,0E-9,0,0E-27,0E-24,93.759765190000000000000000,0E-25,-93.48912000000,1.1871616748704180000000000,BASE_E3,permanent,run_dfea4b7ac1475668d5968c97,168
1705535999999999999,2024-01-17,BTCUSDT,-27.1055097344000000000000000,26.8241283118100000000000000,0.9107718580851060000,0E-10,0,0E-27,0E-25,-27.105509734400000000000000,0E-25,26.82412831181,0.6293904354951060000000000,BASE_E3,permanent,run_dfea4b7ac1475668d5968c97,168
1705535999999999999,2024-01-17,ETHUSDT,-70.675614100000000000000000,70.3960404449400000000000000,0.9261419506410240000,0E-9,0,0E-27,0E-24,-70.675614100000000000000000,0E-25,70.39604044494,0.6465682955810240000000000,BASE_E3,permanent,run_dfea4b7ac1475668d5968c97,168
1705622399999999999,2024-01-18,BTCUSDT,-105.0686409264000000000000000,105.3079536536400000000000000,0.9110450113641280000,0E-10,0,0E-27,0E-25,-105.068640926400000000000000,0E-25,105.30795365364,1.1503577386041280000000000,BASE_E3,permanent,run_dfea4b7ac1475668d5968c97,168
1705622399999999999,2024-01-18,ETHUSDT,-73.208357950000000000000000,73.7221655550600000000000000,0.9160211697066720000,0E-9,0,0E-27,0E-24,-73.208357950000000000000000,0E-25,73.72216555506,1.4298287747666720000000000,BASE_E3,permanent,run_dfea4b7ac1475668d5968c97,168
1705708799999999999,2024-01-19,BTCUSDT,30.1711160432000000000000000,-30.77885365363999999999999962,0.8767892753616840000,-0.4302605531,0,0.057595164675699250941929499,0E-25,30.171116043200000000000000,0E-25,-30.77885365363999999999999962,-0.16120888817831599999999962,BASE_E3,permanent,run_dfea4b7ac1475668d5968c97,168
1705708799999999999,2024-01-19,ETHUSDT,29.097948389000000000000000,-29.424405999999999999999999776,0.8923823015795820000,-0.336895180,0,0.046549904471892768951754677,0E-24,29.097948389000000000000000,0E-25,-29.424405999999999999999999776,0.229029510579582000000000224,BASE_E3,permanent,run_dfea4b7ac1475668d5968c97,168
1705795199999999999,2024-01-20,BTCUSDT,3.3931927050000000000000000,-2.74243187244000000000000000,0.9740723481499140000,0E-10,0,0E-27,0E-25,3.393192705000000000000000,0E-25,-2.74243187244000000000000000,1.62483318070991400000000000,BASE_E3,permanent,run_dfea4b7ac1475668d5968c97,168
1705795199999999999,2024-01-20,ETHUSDT,-26.058284966000000000000000,26.380980000000000000000000000,0.9643410310352680000,0E-9,0,0E-27,0E-24,-26.058284966000000000000000,0E-25,26.380980000000000000000000000,1.287036065035268000000000000,BASE_E3,permanent,run_dfea4b7ac1475668d5968c97,168
1705881599999999999,2024-01-21,BTCUSDT,-9.5009395740000000000000000,9.64829658156000000000000000,0.9749594335229580000,0E-10,0,0E-27,0E-25,-9.500939574000000000000000,0E-25,9.64829658156000000000000000,1.12231644108295800000000000,BASE_E3,permanent,run_dfea4b7ac1475668d5968c97,168
1705881599999999999,2024-01-21,ETHUSDT,-20.143612022000000000000000,20.485145609230000000000000000,0.9618778976543430000,0E-9,0,0E-27,0E-24,-20.143612022000000000000000,0E-25,20.485145609230000000000000000,1.303411484884343000000000000,BASE_E3,permanent,run_dfea4b7ac1475668d5968c97,168
1705967999999999999,2024-01-22,BTCUSDT,-157.4316608032000000000000000,157.54033233276000000000000000,0.9624177303829920000,0E-10,0,0E-27,0E-25,-157.431660803200000000000000,0E-25,157.54033233276000000000000000,1.07108925994299200000000000,BASE_E3,permanent,run_dfea4b7ac1475668d5968c97,168
1705967999999999999,2024-01-22,ETHUSDT,-184.613026342000000000000000,184.219739496170000000000000000,0.9411814813195540000,0E-9,0,0E-27,0E-24,-184.613026342000000000000000,0E-25,184.219739496170000000000000000,0.547894635489554000000000000,BASE_E3,permanent,run_dfea4b7ac1475668d5968c97,168
1706054399999999999,2024-01-23,BTCUSDT,25.2328730164000000000000000,-25.03679704188000000000000000,0.9246750295312140000,0E-10,0,0E-27,0E-25,25.232873016400000000000000,0E-25,-25.03679704188000000000000000,1.12075100405121400000000000,BASE_E3,permanent,run_dfea4b7ac1475668d5968c97,168
1706054399999999999,2024-01-23,ETHUSDT,-93.376602026000000000000000,93.514324894600000000000000000,0.8893841901250000000,0E-9,0,0E-27,0E-24,-93.376602026000000000000000,0E-25,93.514324894600000000000000000,1.027107058725000000000000000,BASE_E3,permanent,run_dfea4b7ac1475668d5968c97,168
1706140799999999999,2024-01-24,BTCUSDT,16.0236700106000000000000000,-16.20840000000000000000000000,0.9353270325708660000,0E-10,0,0E-27,0E-25,16.023670010600000000000000,0E-25,-16.20840000000000000000000000,0.75059704317086600000000000,BASE_E3,permanent,run_dfea4b7ac1475668d5968c97,168
1706140799999999999,2024-01-24,ETHUSDT,-9.157366444000000000000000,9.507010000000000000000000000,0.8702357072608480000,0E-9,0,0E-27,0E-24,-9.157366444000000000000000,0E-25,9.507010000000000000000000000,1.219879263260848000000000000,BASE_E3,permanent,run_dfea4b7ac1475668d5968c97,168
1706227199999999999,2024-01-25,BTCUSDT,-11.2178170783000000000000000,11.12307209442000000000000000,0.9360085155236400000,0E-10,0,0E-27,0E-25,-11.217817078300000000000000,0E-25,11.12307209442000000000000000,0.84126353164364000000000000,BASE_E3,permanent,run_dfea4b7ac1475668d5968c97,168
1706227199999999999,2024-01-25,ETHUSDT,-22.387555924000000000000000,22.722088954010000000000000000,0.8624302032538230000,0E-9,0,0E-27,0E-24,-22.387555924000000000000000,0E-25,22.722088954010000000000000000,1.196963233263823000000000000,BASE_E3,permanent,run_dfea4b7ac1475668d5968c97,168
1706313599999999999,2024-01-26,BTCUSDT,145.7068149299000000000000000,-145.02082604880000000000000000,0.9462922420840980000,0E-10,0,0E-27,0E-25,145.706814929900000000000000,0E-25,-145.02082604880000000000000000,1.63228112318409800000000000,BASE_E3,permanent,run_dfea4b7ac1475668d5968c97,168
1706313599999999999,2024-01-26,ETHUSDT,65.268575724000000000000000,-65.177408954010000000000000307,0.8653208692492550000,-0.359519439,0,0.049082677491707458743514856,0E-24,65.268575724000000000000000,0E-25,-65.177408954010000000000000307,0.596968200239254999999999693,BASE_E3,permanent,run_dfea4b7ac1475668d5968c97,168
1706399999999999999,2024-01-27,BTCUSDT,24.3054003437000000000000000,-23.62807513092000000000000000,0.8882207898720000000,0E-10,0,0E-27,0E-25,24.305400343700000000000000,0E-25,-23.62807513092000000000000000,1.56554600265200000000000000,BASE_E3,permanent,run_dfea4b7ac1475668d5968c97,168
1706399999999999999,2024-01-27,ETHUSDT,0.785719928000000000000000,-0.625451016350000000000000000,0.8538532040063000000,0E-9,0,0E-27,0E-24,0.785719928000000000000000,0E-25,-0.625451016350000000000000000,1.014122115656300000000000000,BASE_E3,permanent,run_dfea4b7ac1475668d5968c97,168
1706486399999999999,2024-01-28,BTCUSDT,-6.2887171466000000000000000,5.52722908530000000000000000,0.8140588950000000000,0E-10,0,0E-27,0E-25,-6.288717146600000000000000,0E-25,5.52722908530000000000000000,0.05257083370000000000000000,BASE_E3,permanent,run_dfea4b7ac1475668d5968c97,168
1706486399999999999,2024-01-28,ETHUSDT,-14.605972233000000000000000,13.785591016350000000000000000,0.6681172760117000000,0E-9,0,0E-27,0E-24,-14.605972233000000000000000,0E-25,13.785591016350000000000000000,-0.152263940638300000000000000,BASE_E3,permanent,run_dfea4b7ac1475668d5968c97,168
1706572799999999999,2024-01-29,BTCUSDT,97.5905623287000000000000000,-97.14900000000000000000000000,0.9600301138723620000,0E-10,0,0E-27,0E-25,97.590562328700000000000000,0E-25,-97.14900000000000000000000000,1.40159244257236200000000000,BASE_E3,permanent,run_dfea4b7ac1475668d5968c97,168
1706572799999999999,2024-01-29,ETHUSDT,84.899844363000000000000000,-84.250150000000000000000000000,0.9525941481864330000,0E-9,0,0E-27,0E-24,84.899844363000000000000000,0E-25,-84.250150000000000000000000000,1.602288511186433000000000000,BASE_E3,permanent,run_dfea4b7ac1475668d5968c97,168
1706659199999999999,2024-01-30,BTCUSDT,-26.3327354794000000000000000,26.36688959580000000000000000,0.8326967078040000000,0E-10,0,0E-27,0E-25,-26.332735479400000000000000,0E-25,26.36688959580000000000000000,0.86685082420400000000000000,BASE_E3,permanent,run_dfea4b7ac1475668d5968c97,168
1706659199999999999,2024-01-30,ETHUSDT,37.307665867000000000000000,-37.375861536990000000000000000,0.8540336290711280000,0E-9,0,0E-27,0E-24,37.307665867000000000000000,0E-25,-37.375861536990000000000000000,0.785837959081128000000000000,BASE_E3,permanent,run_dfea4b7ac1475668d5968c97,168
1706745599999999999,2024-01-31,BTCUSDT,-28.3553903493000000000000000,28.06738253202000000000000000,0.7459488879057647484,0E-10,0,0E-27,0E-25,-28.355390349300000000000000,0E-25,28.06738253202000000000000000,0.45794107062576474840000000,BASE_E3,permanent,run_dfea4b7ac1475668d5968c97,168
1706745599999999999,2024-01-31,ETHUSDT,-86.134547107000000000000000,86.200857026310000000000000000,0.9836885711972750000,0E-9,0,0E-27,0E-24,-86.134547107000000000000000,0E-25,86.200857026310000000000000000,1.049998490507275000000000000,BASE_E3,permanent,run_dfea4b7ac1475668d5968c97,168
1706831999999999999,2024-02-01,BTCUSDT,38.4522837685000000000000000,-38.53787212782000000000000000,0.9925142591829660000,0E-10,0,0E-27,0E-25,38.452283768500000000000000,0E-25,-38.53787212782000000000000000,0.90692589986296600000000000,BASE_E3,permanent,run_dfea4b7ac1475668d5968c97,168
1706831999999999999,2024-02-01,ETHUSDT,29.857357264000000000000000,-30.305395489320000000000000000,0.7487899213820557155,0E-9,0,0E-27,0E-24,29.857357264000000000000000,0E-25,-30.305395489320000000000000000,0.300751696062055715500000000,BASE_E3,permanent,run_dfea4b7ac1475668d5968c97,168
1706918399999999999,2024-02-02,BTCUSDT,10.0375185315000000000000005,-9.92150000000000000000000005,1.0091828373871920000,-0.3253818500,0,0.043699725000635513051730050,-3.2333788921640962418703345,13.270897423664096241870335,3.8256410256410256410256410,-13.74714102564102564102564105,0.79981951888719200000000045,BASE_E3,permanent,run_dfea4b7ac1475668d5968c97,168
1706918399999999999,2024-02-02,ETHUSDT,6.608465823000000000000000,-6.481860000000000000000000000,0.7670516285856792760,0E-9,0,0E-27,0E-24,6.608465823000000000000000,0E-25,-6.481860000000000000000000000,0.893657451585679276000000000,BASE_E3,permanent,run_dfea4b7ac1475668d5968c97,168
1707004799999999999,2024-02-03,BTCUSDT,-14.1409580910000000000000000,14.38100000000000000000000000,0.7770753318584314200,0E-10,0,0E-27,0E-25,-14.140958091000000000000000,0E-25,14.38100000000000000000000000,1.01711724085843142000000000,BASE_E3,permanent,run_dfea4b7ac1475668d5968c97,168
1707004799999999999,2024-02-03,ETHUSDT,-17.538391250000000000000000,18.168850000000000000000000000,0.7331215685672614050,0E-9,0,0E-27,0E-24,-17.538391250000000000000000,0E-25,18.168850000000000000000000000,1.363580318567261405000000000,BASE_E3,permanent,run_dfea4b7ac1475668d5968c97,168
1707091199999999999,2024-02-04,BTCUSDT,-30.1201677294000000000000000,29.89350000000000000000000000,0.8506237686021563384,0E-10,0,0E-27,0E-25,-30.120167729400000000000000,0E-25,29.89350000000000000000000000,0.62395603920215633840000000,BASE_E3,permanent,run_dfea4b7ac1475668d5968c97,168
1707091199999999999,2024-02-04,ETHUSDT,-8.881441329000000000000000,8.852930000000000000000000000,0.7173906398757892860,0E-9,0,0E-27,0E-24,-8.881441329000000000000000,0E-25,8.852930000000000000000000000,0.688879310875789286000000000,BASE_E3,permanent,run_dfea4b7ac1475668d5968c97,168
1707177599999999999,2024-02-05,BTCUSDT,8.3940493614000000000000000,-8.51125974817000000000000000,0.9362907000000000000,0E-10,0,0E-27,0E-25,8.394049361400000000000000,0E-25,-8.51125974817000000000000000,0.81908031323000000000000000,BASE_E3,permanent,run_dfea4b7ac1475668d5968c97,168
1707177599999999999,2024-02-05,ETHUSDT,16.373842071000000000000000,-16.260902864100000000000000000,0.9675209591373810000,0E-9,0,0E-27,0E-24,16.373842071000000000000000,0E-25,-16.260902864100000000000000000,1.080460166037381000000000000,BASE_E3,permanent,run_dfea4b7ac1475668d5968c97,168
1707263999999999999,2024-02-06,BTCUSDT,27.4861678950000000000000000,-27.13464025183000000000000000,0.8376812859402967094,0E-10,0,0E-27,0E-25,27.486167895000000000000000,0E-25,-27.13464025183000000000000000,1.18920892911029670940000000,BASE_E3,permanent,run_dfea4b7ac1475668d5968c97,168
1707263999999999999,2024-02-06,ETHUSDT,98.986680215000000000000000,-99.248087135900000000000000000,0.8387856673570920000,0E-9,0,0E-27,0E-24,98.986680215000000000000000,0E-25,-99.248087135900000000000000000,0.577378746457092000000000000,BASE_E3,permanent,run_dfea4b7ac1475668d5968c97,168
1707350399999999999,2024-02-07,BTCUSDT,90.4532188143000000000000000,-90.26975807101000000000000000,0.6660358970030000000,0E-10,0,0E-27,0E-25,90.453218814300000000000000,0E-25,-90.26975807101000000000000000,0.84949664029300000000000000,BASE_E3,permanent,run_dfea4b7ac1475668d5968c97,168
1707350399999999999,2024-02-07,ETHUSDT,72.286233376000000000000000,-72.307356958720000000000000000,0.5598787904104000000,0E-9,0,0E-27,0E-24,72.286233376000000000000000,0E-25,-72.307356958720000000000000000,0.538755207690400000000000000,BASE_E3,permanent,run_dfea4b7ac1475668d5968c97,168
1707436799999999999,2024-02-08,BTCUSDT,70.4076624249000000000000000,-70.62224192899000000000000000,0.6217285324988211505,0E-10,0,0E-27,0E-25,70.407662424900000000000000,0E-25,-70.62224192899000000000000000,0.40714902840882115050000000,BASE_E3,permanent,run_dfea4b7ac1475668d5968c97,168
1707436799999999999,2024-02-08,ETHUSDT,-6.103360155000000000000000,6.366356958720000000000000000,0.9328672340831455214,0E-9,0,0E-27,0E-24,-6.103360155000000000000000,0E-25,6.366356958720000000000000000,1.195864037803145521400000000,BASE_E3,permanent,run_dfea4b7ac1475668d5968c97,168
1707523199999999999,2024-02-09,BTCUSDT,134.4456225822000000000000005,-134.90047679514999999999999996,0.7788594912477320000,-0.4249494600,0,0.057194081068136121377745720,19.1535853294030845097555985,115.292037252796915490244402,-18.3244307692307692307692307,-116.57604602591923076923076926,-0.10094418170226799999999946,BASE_E3,permanent,run_dfea4b7ac1475668d5968c97,168
1707523199999999999,2024-02-09,ETHUSDT,94.6658521269999999999999996,-94.809143889419999999999999963,0.9571483430682620000,-0.437808735,0,0.059198174585683362573380595,-13.1667549173079041792023534,107.832607044307904179202353,13.7030516749821810406272274,-108.512195564402181040627227363,0.376047845648261999999999637,BASE_E3,permanent,run_dfea4b7ac1475668d5968c97,168
1707609599999999999,2024-02-10,BTCUSDT,42.4238548545000000000000000,-42.49332320485000000000000000,0.8867681985057636136,0E-10,0,0E-27,0E-25,42.423854854500000000000000,0E-25,-42.49332320485000000000000000,0.81729984815576361360000000,BASE_E3,permanent,run_dfea4b7ac1475668d5968c97,168
1707609599999999999,2024-02-10,ETHUSDT,17.8506696440000000000000000,-18.490103511860000000000000000,0.8789347114219299942,0E-9,0,0E-27,0E-25,17.850669644000000000000000,0E-25,-18.490103511860000000000000000,0.239500843561929994200000000,BASE_E3,permanent,run_dfea4b7ac1475668d5968c97,168
1707695999999999999,2024-02-11,BTCUSDT,36.2996499525000000000000000,-37.24530000000000000000000000,0.9651350647666890000,0E-10,0,0E-27,0E-25,36.299649952500000000000000,0E-25,-37.24530000000000000000000000,0.01948501726668900000000000,BASE_E3,permanent,run_dfea4b7ac1475668d5968c97,168
1707695999999999999,2024-02-11,ETHUSDT,8.8996133960000000000000000,-8.351612598720000000000000000,0.8009342113369817088,0E-9,0,0E-27,0E-25,8.899613396000000000000000,0E-25,-8.351612598720000000000000000,1.348935008616981708800000000,BASE_E3,permanent,run_dfea4b7ac1475668d5968c97,168
1707782399999999999,2024-02-12,BTCUSDT,110.0855983128000000000000000,-111.12031821204000000000000000,0.9810425554507860000,0E-10,0,0E-27,0E-25,110.085598312800000000000000,0E-25,-111.12031821204000000000000000,-0.05367734378921400000000000,BASE_E3,permanent,run_dfea4b7ac1475668d5968c97,168
1707782399999999999,2024-02-12,ETHUSDT,192.9235557130000000000000000,-195.356260000000000000000000000,0.8131479370236000000,0E-9,0,0E-27,0E-25,192.923555713000000000000000,0E-25,-195.356260000000000000000000000,-1.619556349976400000000000000,BASE_E3,permanent,run_dfea4b7ac1475668d5968c97,168
1707868799999999999,2024-02-13,BTCUSDT,-15.2803602615000000000000000,16.62194320284000000000000000,0.9963227549721940000,0E-10,0,0E-27,0E-25,-15.280360261500000000000000,0E-25,16.62194320284000000000000000,2.33790569631219400000000000,BASE_E3,permanent,run_dfea4b7ac1475668d5968c97,168
1707868799999999999,2024-02-13,ETHUSDT,-21.0529871810000000000000000,21.231860000000000000000000000,1.0214510594962260000,0E-9,0,0E-27,0E-25,-21.052987181000000000000000,0E-25,21.231860000000000000000000000,1.200323878496226000000000000,BASE_E3,permanent,run_dfea4b7ac1475668d5968c97,168
1707955199999999999,2024-02-14,BTCUSDT,138.3373461780000000000000000,-140.05236679961000000000000000,1.0916455129642130483,0E-10,0,0E-27,0E-25,138.337346178000000000000000,0E-25,-140.05236679961000000000000000,-0.62337510864578695170000000,BASE_E3,permanent,run_dfea4b7ac1475668d5968c97,168
1707955199999999999,2024-02-14,ETHUSDT,172.9765898500000000000000000,-173.764320000000000000000000000,1.1435710669921057428,0E-9,0,0E-27,0E-25,172.976589850000000000000000,0E-25,-173.764320000000000000000000000,0.355840916992105742800000000,BASE_E3,permanent,run_dfea4b7ac1475668d5968c97,168
1708041599999999999,2024-02-15,BTCUSDT,7.3858983189000000000000000,-7.07612683311000000000000000,1.0423919771365310000,0E-10,0,0E-27,0E-25,7.385898318900000000000000,0E-25,-7.07612683311000000000000000,1.35216346292653100000000000,BASE_E3,permanent,run_dfea4b7ac1475668d5968c97,168
1708041599999999999,2024-02-15,ETHUSDT,60.0209475710000000000000000,-60.493074660260000000000000000,1.3502991306904828552,0E-9,0,0E-27,0E-25,60.020947571000000000000000,0E-25,-60.493074660260000000000000000,0.878172041430482855200000000,BASE_E3,permanent,run_dfea4b7ac1475668d5968c97,168
1708127999999999999,2024-02-16,BTCUSDT,14.6775211947000000000000005,-14.55503135807999999999999996,1.0424394170091980000,-0.4673226000,0,0.062915999469148031445175200,47.3541253294030845097555985,-32.676604134703084509755598,-46.6696307692307692307692307,32.11459941115076923076923074,0.69760665362919800000000054,BASE_E3,permanent,run_dfea4b7ac1475668d5968c97,168
1708127999999999999,2024-02-16,ETHUSDT,-28.7806774080000000000000000,29.192011005939999999999999969,1.1813255166839211750,-0.537857115,0,0.072761866006181967321862683,22.2697386809169261613922770,-51.050416088916926161392277,-21.6074871275837491090520314,50.799498133523749109052031369,1.054801999623921174999999969,BASE_E3,permanent,run_dfea4b7ac1475668d5968c97,168
1708214399999999999,2024-02-17,BTCUSDT,-29.3736330450000000000000000,28.49486900000000000000000000,1.1340539140928540000,0E-10,0,0E-27,0E-25,-29.373633045000000000000000,0E-25,28.49486900000000000000000000,0.25528986909285400000000000,BASE_E3,permanent,run_dfea4b7ac1475668d5968c97,168
1708214399999999999,2024-02-17,ETHUSDT,-18.8255500510000000000000000,18.746817685440000000000000000,1.0791195146961970000,0E-9,0,0E-27,0E-25,-18.825550051000000000000000,0E-25,18.746817685440000000000000000,1.000387149136197000000000000,BASE_E3,permanent,run_dfea4b7ac1475668d5968c97,168
1708300799999999999,2024-02-18,BTCUSDT,28.6354794420000000000000000,-28.65034626482000000000000000,1.5663492121507191045,0E-10,0,0E-27,0E-25,28.635479442000000000000000,0E-25,-28.65034626482000000000000000,1.55148238933071910450000000,BASE_E3,permanent,run_dfea4b7ac1475668d5968c97,168
1708300799999999999,2024-02-18,ETHUSDT,107.5960601870000000000000000,-107.591221741770000000000000000,1.0086301706903760000,0E-9,0,0E-27,0E-25,107.596060187000000000000000,0E-25,-107.591221741770000000000000000,1.013468615920376000000000000,BASE_E3,permanent,run_dfea4b7ac1475668d5968c97,168
1708387199999999999,2024-02-19,BTCUSDT,-20.5780143276000000000000000,20.44705378727000000000000000,1.7845014455940122008,0E-10,0,0E-27,0E-25,-20.578014327600000000000000,0E-25,20.44705378727000000000000000,1.65354090526401220080000000,BASE_E3,permanent,run_dfea4b7ac1475668d5968c97,168
1708387199999999999,2024-02-19,ETHUSDT,75.2906294910000000000000000,-75.554959907310000000000000000,1.0090015399212190000,0E-9,0,0E-27,0E-25,75.290629491000000000000000,0E-25,-75.554959907310000000000000000,0.744671123611219000000000000,BASE_E3,permanent,run_dfea4b7ac1475668d5968c97,168
1708473599999999999,2024-02-20,BTCUSDT,29.9720865033000000000000000,-30.20428612882000000000000000,1.3148403953206925243,0E-10,0,0E-27,0E-25,29.972086503300000000000000,0E-25,-30.20428612882000000000000000,1.08264076980069252430000000,BASE_E3,permanent,run_dfea4b7ac1475668d5968c97,168
1708473599999999999,2024-02-20,ETHUSDT,81.0065617130000000000000000,-81.185460421390000000000000000,2.1028688789240010606,0E-9,0,0E-27,0E-25,81.006561713000000000000000,0E-25,-81.185460421390000000000000000,1.923970170534001060600000000,BASE_E3,permanent,run_dfea4b7ac1475668d5968c97,168
1708559999999999999,2024-02-21,BTCUSDT,-26.6467350240000000000000000,27.15740960637000000000000000,0.9850545411864163332,0E-10,0,0E-27,0E-25,-26.646735024000000000000000,0E-25,27.15740960637000000000000000,1.49572912355641633320000000,BASE_E3,permanent,run_dfea4b7ac1475668d5968c97,168
1708559999999999999,2024-02-21,ETHUSDT,-51.3508242940000000000000000,51.880002722990000000000000000,1.4482752425144369509,0E-9,0,0E-27,0E-25,-51.350824294000000000000000,0E-25,51.880002722990000000000000000,1.977453671504436950900000000,BASE_E3,permanent,run_dfea4b7ac1475668d5968c97,168
1708646399999999999,2024-02-22,BTCUSDT,-29.8927807443000000000000000,30.16478228726000000000000000,1.1383368408893278120,0E-10,0,0E-27,0E-25,-29.892780744300000000000000,0E-25,30.16478228726000000000000000,1.41033838384932781200000000,BASE_E3,permanent,run_dfea4b7ac1475668d5968c97,168
1708646399999999999,2024-02-22,ETHUSDT,4.4084416530000000000000000,-3.820444683640000000000000000,1.0358991240000000000,0E-9,0,0E-27,0E-25,4.408441653000000000000000,0E-25,-3.820444683640000000000000000,1.623896093360000000000000000,BASE_E3,permanent,run_dfea4b7ac1475668d5968c97,168
1708732799999999999,2024-02-23,BTCUSDT,-36.6856240248000000000000000,37.12360539744000000000000000,1.0274392518891611519,0E-10,0,0E-27,0E-25,-36.685624024800000000000000,0E-25,37.12360539744000000000000000,1.46542062452916115190000000,BASE_E3,permanent,run_dfea4b7ac1475668d5968c97,168
1708732799999999999,2024-02-23,ETHUSDT,-59.8182748380000000000000004,59.944682996330000000000000016,1.0209927935414350000,-0.244816880,0,0.033066715887504183223750208,17.1177234583825415894416086,-76.935998296382541589441609,-17.1365544119743406985032074,77.081237408304340698503207416,0.902584071871434999999999616,BASE_E3,permanent,run_dfea4b7ac1475668d5968c97,168
1708819199999999999,2024-02-24,BTCUSDT,50.6568585834000000000000000,-51.46606835521000000000000000,0.9331693403145230000,0E-10,0,0E-27,0E-25,50.656858583400000000000000,0E-25,-51.46606835521000000000000000,0.12395956850452300000000000,BASE_E3,permanent,run_dfea4b7ac1475668d5968c97,168
1708819199999999999,2024-02-24,ETHUSDT,77.6255266500000000000000000,-78.943543943790000000000000000,0.9737498739702210000,0E-9,0,0E-27,0E-25,77.625526650000000000000000,0E-25,-78.943543943790000000000000000,-0.344267419819779000000000000,BASE_E3,permanent,run_dfea4b7ac1475668d5968c97,168
1708905599999999999,2024-02-25,BTCUSDT,10.0285182477000000000000000,-9.84393646177000000000000000,1.3075126418265014414,0E-10,0,0E-27,0E-25,10.028518247700000000000000,0E-25,-9.84393646177000000000000000,1.49209442775650144140000000,BASE_E3,permanent,run_dfea4b7ac1475668d5968c97,168
1708905599999999999,2024-02-25,ETHUSDT,133.4388308470000000000000000,-133.664622439830000000000000000,1.9007251776277471872,0E-9,0,0E-27,0E-25,133.438830847000000000000000,0E-25,-133.664622439830000000000000000,1.674933584797747187200000000,BASE_E3,permanent,run_dfea4b7ac1475668d5968c97,168
1708991999999999999,2024-02-26,BTCUSDT,167.8866315372000000000000000,-168.49458286772000000000000000,2.3982340000749325607,0E-10,0,0E-27,0E-25,167.886631537200000000000000,0E-25,-168.49458286772000000000000000,1.79028266955493256070000000,BASE_E3,permanent,run_dfea4b7ac1475668d5968c97,168
1708991999999999999,2024-02-26,ETHUSDT,69.4775990300000000000000000,-69.970456612710000000000000000,3.3604562983445993034,0E-9,0,0E-27,0E-25,69.477599030000000000000000,0E-25,-69.970456612710000000000000000,2.867598715634599303400000000,BASE_E3,permanent,run_dfea4b7ac1475668d5968c97,168
1709078399999999999,2024-02-27,BTCUSDT,167.1294535848999999999999996,-174.36850000000000000000000041,3.5887451016930000000,-5.2408320800,0,0.701740296599209716152812920,804.9672375155980258491819176,-637.837783930698025849181918,-806.8452794871794871794871796,632.47677948717948717948717919,-8.89113339340700000000000081,BASE_E3,permanent,run_dfea4b7ac1475668d5968c97,168
1709078399999999999,2024-02-27,ETHUSDT,73.7607663870000000000000000,-73.634880000000000000000000000,4.4210398378621884432,0E-9,0,0E-27,0E-25,73.760766387000000000000000,0E-25,-73.634880000000000000000000000,4.546926224862188443200000000,BASE_E3,permanent,run_dfea4b7ac1475668d5968c97,168
1709164799999999999,2024-02-28,BTCUSDT,70.211715261900000000000000,-65.687749736960000000000000,0E-19,-4.7718046240,0,0.638417556201035545448936904,0E-24,70.211715261900000000000000,0E-24,-65.68774973696,-0.247839099060000000000000,BASE_E3,permanent,run_dfea4b7ac1475668d5968c97,168
1709164799999999999,2024-02-28,ETHUSDT,155.3831326590000000000000000,-164.555460000000000000000000039,3.9714875322130672047,-5.595711390,0,0.760132608090292386120917583,856.1636201371281837495573400,-700.780487478128183749557340,-862.5563201354240912330719887,698.000860135424091233071988661,-10.796551198786932795300000039,BASE_E3,permanent,run_dfea4b7ac1475668d5968c97,168
1709251199999999999,2024-02-29,BTCUSDT,-66.657170707800000000000000,66.483349736960000000000000,6.5984168608366611668,0E-10,0,0E-27,0E-24,-66.657170707800000000000000,0E-24,66.48334973696,6.424595889996661166800000,BASE_E3,permanent,run_dfea4b7ac1475668d5968c97,168
1709251199999999999,2024-02-29,ETHUSDT,-0.0030502140000000000000000,0E-25,0E-19,0E-9,0,0E-27,0E-25,-0.003050214000000000000000,0E-25,0E-11,-0.0030502140000000000000000,BASE_E3,permanent,run_dfea4b7ac1475668d5968c97,168
1709337599999999999,2024-03-01,BTCUSDT,63.491785837200000000000000,-63.252800000000000000000000,5.2366775458254281024,0E-10,0,0E-27,0E-24,63.491785837200000000000000,0E-24,-63.25280000000,5.475663383025428102400000,BASE_E3,permanent,run_dfea4b7ac1475668d5968c97,168
1709337599999999999,2024-03-01,ETHUSDT,87.8987445840000000000000000,-86.2126508243000000000000000,2.9787104202639516720,-4.827172998,0,0.652164460267725602409473443,0E-25,87.898744584000000000000000,0E-25,-86.21265082430,-0.1623688180360483280000000,BASE_E3,permanent,run_dfea4b7ac1475668d5968c97,168
1709423999999999999,2024-03-02,BTCUSDT,-20.747909572400000000000000,20.181200000000000000000000,4.7438574552314769512,0E-10,0,0E-27,0E-24,-20.747909572400000000000000,0E-24,20.18120000000,4.177147882831476951200000,BASE_E3,permanent,run_dfea4b7ac1475668d5968c97,168
1709423999999999999,2024-03-02,ETHUSDT,-11.6114413880000000000000000,11.3953487489400000000000000,5.3353411658560000000,0E-9,0,0E-27,0E-25,-11.611441388000000000000000,0E-25,11.39534874894,5.1192485267960000000000000,BASE_E3,permanent,run_dfea4b7ac1475668d5968c97,168
1709510399999999999,2024-03-03,BTCUSDT,60.364362704000000000000000,-60.606000000000000000000000,4.3132762918960000000,0E-10,0,0E-27,0E-24,60.364362704000000000000000,0E-24,-60.60600000000,4.071638995896000000000000,BASE_E3,permanent,run_dfea4b7ac1475668d5968c97,168
1709510399999999999,2024-03-03,ETHUSDT,65.7917544760000000000000000,-66.7217579246400000000000000,3.7703671559401419910,0E-9,0,0E-27,0E-25,65.791754476000000000000000,0E-25,-66.72175792464,2.8403637073001419910000000,BASE_E3,permanent,run_dfea4b7ac1475668d5968c97,168
1709596799999999999,2024-03-04,BTCUSDT,265.314062664800000000000000,-264.836000000000000000000000,5.5708956276668670560,0E-10,0,0E-27,0E-24,265.314062664800000000000000,0E-24,-264.83600000000,6.048958292466867056000000,BASE_E3,permanent,run_dfea4b7ac1475668d5968c97,168
1709596799999999999,2024-03-04,ETHUSDT,132.1607139920000000000000000,-130.2548000000000000000000000,4.0941564677386376198,0E-9,0,0E-27,0E-25,132.160713992000000000000000,0E-25,-130.25480000000,6.0000704597386376198000000,BASE_E3,permanent,run_dfea4b7ac1475668d5968c97,168
1709683199999999999,2024-03-05,BTCUSDT,-236.590028048000000000000000,238.853497446720000000000000,7.6596935651080000000,0E-10,0,0E-27,0E-24,-236.590028048000000000000000,0E-24,238.85349744672,9.923162963828000000000000,BASE_E3,permanent,run_dfea4b7ac1475668d5968c97,168
1709683199999999999,2024-03-05,ETHUSDT,-73.8245246160000000000000000,73.8816000000000000000000000,7.9550126121455011360,0E-9,0,0E-27,0E-25,-73.824524616000000000000000,0E-25,73.88160000000,8.0120879961455011360000000,BASE_E3,permanent,run_dfea4b7ac1475668d5968c97,168
1709769599999999999,2024-03-06,BTCUSDT,125.000258942000000000000000,-127.032697446720000000000000,4.0855347402181134264,-0.3998570800,0,0.053430126751233468639702760,22.089775023550963829788537,102.910483918449036170211463,-21.892400000000000000000000,-105.14029744672,1.653239155498113426400000,BASE_E3,permanent,run_dfea4b7ac1475668d5968c97,168
1709769599999999999,2024-03-06,ETHUSDT,254.6917239000000000000000000,-256.0902400037800000000000000,3.5806743366332840356,0E-9,0,0E-27,0E-25,254.691723900000000000000000,0E-25,-256.09024000378,2.1821582328532840356000000,BASE_E3,permanent,run_dfea4b7ac1475668d5968c97,168
1709855999999999999,2024-03-07,BTCUSDT,36.763102746800000000000000,-36.854400000000000000000000,4.0210316994814948656,0E-10,0,0E-27,0E-24,36.763102746800000000000000,0E-24,-36.85440000000,3.929734446281494865600000,BASE_E3,permanent,run_dfea4b7ac1475668d5968c97,168
1709855999999999999,2024-03-07,ETHUSDT,53.2856452760000000000000000,-53.0033594064000000000000000,4.3748261445180235086,0E-9,0,0E-27,0E-25,53.285645276000000000000000,0E-25,-53.00335940640,4.6571120141180235086000000,BASE_E3,permanent,run_dfea4b7ac1475668d5968c97,168
1709942399999999999,2024-03-08,BTCUSDT,63.767801663400000000000000,-63.834557787360000000000000,4.5671859521962599264,0E-10,0,0E-27,0E-24,63.767801663400000000000000,0E-24,-63.83455778736,4.500429828236259926400000,BASE_E3,permanent,run_dfea4b7ac1475668d5968c97,168
1709942399999999999,2024-03-08,ETHUSDT,11.0859300399999999999999997,-10.7917205898200000000000000,5.0855715474487443535,-0.737790625,0,0.099347283197717794653779133,67.2699252652054359800130227,-56.183995225205435980013023,-67.3150800000000000000000000,56.52335941018,4.6419903726287443534999997,BASE_E3,permanent,run_dfea4b7ac1475668d5968c97,168
1710028799999999999,2024-03-09,BTCUSDT,9.487670407000000000000000,-9.461442212640000000000000,2.5184390518988739216,0E-10,0,0E-27,0E-24,9.487670407000000000000000,0E-24,-9.46144221264,2.544667246258873921600000,BASE_E3,permanent,run_dfea4b7ac1475668d5968c97,168
1710028799999999999,2024-03-09,ETHUSDT,19.7980491640000000000000000,-20.5932950396500000000000000,3.4376484966215135900,0E-9,0,0E-27,0E-25,19.798049164000000000000000,0E-25,-20.59329503965,2.6424026209715135900000000,BASE_E3,permanent,run_dfea4b7ac1475668d5968c97,168
1710115199999999999,2024-03-10,BTCUSDT,28.837429785000000000000000,-28.780800000000000000000000,4.9429635231520057632,0E-10,0,0E-27,0E-24,28.837429785000000000000000,0E-24,-28.78080000000,4.999593308152005763200000,BASE_E3,permanent,run_dfea4b7ac1475668d5968c97,168
1710115199999999999,2024-03-10,ETHUSDT,-24.6410978840000000000000000,25.1486103854500000000000000,3.7273970409200000000,0E-9,0,0E-27,0E-25,-24.641097884000000000000000,0E-25,25.14861038545,4.2349095423700000000000000,BASE_E3,permanent,run_dfea4b7ac1475668d5968c97,168
1710201599999999999,2024-03-11,BTCUSDT,151.261259665600000000000000,-152.452800000000000000000000,6.1523277442080824448,0E-10,0,0E-27,0E-24,151.261259665600000000000000,0E-24,-152.45280000000,4.960787409808082444800000,BASE_E3,permanent,run_dfea4b7ac1475668d5968c97,168
1710201599999999999,2024-03-11,ETHUSDT,156.8312776880000000000000000,-159.1221653458000000000000000,5.3631987018733468325,0E-9,0,0E-27,0E-25,156.831277688000000000000000,0E-25,-159.12216534580,3.0723110440733468325000000,BASE_E3,permanent,run_dfea4b7ac1475668d5968c97,168
1710287999999999999,2024-03-12,BTCUSDT,-30.333183945800000000000000,31.024910073600000000000000,4.7609249636929759440,0E-10,0,0E-27,0E-24,-30.333183945800000000000000,0E-24,31.02491007360,5.452651091492975944000000,BASE_E3,permanent,run_dfea4b7ac1475668d5968c97,168
1710287999999999999,2024-03-12,ETHUSDT,-71.2846671080000000000000000,72.5782000000000000000000000,5.1882855591886646730,0E-9,0,0E-27,0E-25,-71.284667108000000000000000,0E-25,72.57820000000,6.4818184511886646730000000,BASE_E3,permanent,run_dfea4b7ac1475668d5968c97,168
1710374399999999999,2024-03-13,BTCUSDT,73.328458147000000000000000,-72.852910073600000000000000,4.9801609388895394560,-0.4352813600,0,0.058445354439645374935289360,45.725655023550963829788537,27.602803123449036170211463,-45.469200000000000000000000,-27.38371007360,5.020427652289539456000000,BASE_E3,permanent,run_dfea4b7ac1475668d5968c97,168
1710374399999999999,2024-03-13,ETHUSDT,19.5892970640000000000000000,-19.5724000000000000000000000,5.0576795396374930700,0E-9,0,0E-27,0E-25,19.589297064000000000000000,0E-25,-19.57240000000,5.0745766036374930700000000,BASE_E3,permanent,run_dfea4b7ac1475668d5968c97,168
1710460799999999999,2024-03-14,BTCUSDT,-71.577791498400000000000000,70.968593609760000000000000,3.2279019372673499580,0E-10,0,0E-27,0E-24,-71.577791498400000000000000,0E-24,70.96859360976,2.618704048627349958000000,BASE_E3,permanent,run_dfea4b7ac1475668d5968c97,168
1710460799999999999,2024-03-14,ETHUSDT,-99.6916528760000000000000000,100.3002000000000000000000000,4.1720439493919893750,0E-9,0,0E-27,0E-25,-99.691652876000000000000000,0E-25,100.30020000000,4.7805910733919893750000000,BASE_E3,permanent,run_dfea4b7ac1475668d5968c97,168
1710547199999999999,2024-03-15,BTCUSDT,-89.300190067200000000000000,90.513333496520000000000000,2.1018982460243711064,0E-10,0,0E-27,0E-24,-89.300190067200000000000000,0E-24,90.51333349652,3.315041675344371106400000,BASE_E3,permanent,run_dfea4b7ac1475668d5968c97,168
1710547199999999999,2024-03-15,ETHUSDT,-123.4225916040000000000000000,124.5203776346000000000000000,3.0674779912746293225,0E-9,0,0E-27,0E-25,-123.422591604000000000000000,0E-25,124.52037763460,4.1652640218746293225000000,BASE_E3,permanent,run_dfea4b7ac1475668d5968c97,168
1710633599999999999,2024-03-16,BTCUSDT,-177.349832494800000000000000,177.106872893720000000000000,1.6417677960249558256,0E-10,0,0E-27,0E-24,-177.349832494800000000000000,0E-24,177.10687289372,1.398808194944955825600000,BASE_E3,permanent,run_dfea4b7ac1475668d5968c97,168
1710633599999999999,2024-03-16,ETHUSDT,-175.5187656800000000000000000,174.8098783462000000000000000,2.3374263111397846600,0E-9,0,0E-27,0E-25,-175.518765680000000000000000,0E-25,174.80987834620,1.6285389773397846600000000,BASE_E3,permanent,run_dfea4b7ac1475668d5968c97,168
1710719999999999999,2024-03-17,BTCUSDT,134.399549400600000000000000,-135.097600000000000000000000,1.6329590752157716528,0E-10,0,0E-27,0E-24,134.399549400600000000000000,0E-24,-135.09760000000,0.934908475815771652800000,BASE_E3,permanent,run_dfea4b7ac1475668d5968c97,168
1710719999999999999,2024-03-17,ETHUSDT,99.1238471640000000000000000,-99.0805559808000000000000000,1.6580966758700000000,0E-9,0,0E-27,0E-25,99.123847164000000000000000,0E-25,-99.08055598080,1.7013878590700000000000000,BASE_E3,permanent,run_dfea4b7ac1475668d5968c97,168
1710806399999999999,2024-03-18,BTCUSDT,-36.958919033400000000000000,37.780692084960000000000000,2.3345509742863410564,0E-10,0,0E-27,0E-24,-36.958919033400000000000000,0E-24,37.78069208496,3.156324025846341056400000,BASE_E3,permanent,run_dfea4b7ac1475668d5968c97,168
1710806399999999999,2024-03-18,ETHUSDT,-105.3864101640000000000000000,105.4514794699500000000000000,2.1988816348025179385,0E-9,0,0E-27,0E-25,-105.386410164000000000000000,0E-25,105.45147946995,2.2639509407525179385000000,BASE_E3,permanent,run_dfea4b7ac1475668d5968c97,168
1710892799999999999,2024-03-19,BTCUSDT,-246.354804834600000000000000,246.994225914920000000000000,2.3064863713497390268,0E-10,0,0E-27,0E-24,-246.354804834600000000000000,0E-24,246.99422591492,2.945907451669739026800000,BASE_E3,permanent,run_dfea4b7ac1475668d5968c97,168
1710892799999999999,2024-03-19,ETHUSDT,-298.0061478760000000000000000,299.6772649050500000000000000,1.8539974587703021100,0E-9,0,0E-27,0E-25,-298.006147876000000000000000,0E-25,299.67726490505,3.5251144878203021100000000,BASE_E3,permanent,run_dfea4b7ac1475668d5968c97,168
1710979199999999999,2024-03-20,BTCUSDT,291.066614294400000000000000,-291.08471799988000000000000023,1.2218340988858400000,-0.6683750397,0,0.089400972564936971537834802,0E-24,291.066614294400000000000000,0E-24,-291.08471799988000000000000023,0.53535535370583999999999977,BASE_E3,permanent,run_dfea4b7ac1475668d5968c97,168
1710979199999999999,2024-03-20,ETHUSDT,294.1317089000000000000000000,-294.6176450467500000000000000,0.9688153931147100000,0E-9,0,0E-27,0E-25,294.131708900000000000000000,0E-25,-294.61764504675,0.4828792463647100000000000,BASE_E3,permanent,run_dfea4b7ac1475668d5968c97,168
1711065599999999999,2024-03-21,BTCUSDT,-121.778891250900000000000000,121.93080000000000000000000000,1.6825376270276997096,0E-10,0,0E-27,0E-24,-121.778891250900000000000000,0E-24,121.93080000000000000000000000,1.83444637612769970960000000,BASE_E3,permanent,run_dfea4b7ac1475668d5968c97,168
1711065599999999999,2024-03-21,ETHUSDT,-17.2512735440000000000000000,16.3313816765500000000000000,1.4960795773280360510,0E-9,0,0E-27,0E-25,-17.251273544000000000000000,0E-25,16.33138167655,0.5761877098780360510000000,BASE_E3,permanent,run_dfea4b7ac1475668d5968c97,168
1711151999999999999,2024-03-22,BTCUSDT,-87.589991739900000000000000,88.69238354247000000000000000,1.2724282582626796920,0E-10,0,0E-27,0E-24,-87.589991739900000000000000,0E-24,88.69238354247000000000000000,2.37482006083267969200000000,BASE_E3,permanent,run_dfea4b7ac1475668d5968c97,168
1711151999999999999,2024-03-22,ETHUSDT,-148.4271108570000000000000000,148.341203242090000000000000394,1.9322837728287184031,-0.514311090,0,0.068945462029009435933387878,0E-25,-148.427110857000000000000000,0E-25,148.341203242090000000000000394,1.332065067918718403100000394,BASE_E3,permanent,run_dfea4b7ac1475668d5968c97,168
1711238399999999999,2024-03-23,BTCUSDT,13.907634237900000000000000,-13.99367514873000000000000000,1.0139412549547507320,0E-10,0,0E-27,0E-24,13.907634237900000000000000,0E-24,-13.99367514873000000000000000,0.92790034412475073200000000,BASE_E3,permanent,run_dfea4b7ac1475668d5968c97,168
1711238399999999999,2024-03-23,ETHUSDT,1.3528649350000000000000000,-0.085072628730000000000000000,1.1621830867495903752,0E-9,0,0E-27,0E-25,1.352864935000000000000000,0E-25,-0.085072628730000000000000000,2.429975393019590375200000000,BASE_E3,permanent,run_dfea4b7ac1475668d5968c97,168
1711324799999999999,2024-03-24,BTCUSDT,161.199411562800000000000000,-163.00010839374000000000000000,1.3519818379352352108,0E-10,0,0E-27,0E-24,161.199411562800000000000000,0E-24,-163.00010839374000000000000000,-0.44871499300476478920000000,BASE_E3,permanent,run_dfea4b7ac1475668d5968c97,168
1711324799999999999,2024-03-24,ETHUSDT,111.3641094080000000000000000,-112.443191519280000000000000000,1.5001169844681992190,0E-9,0,0E-27,0E-25,111.364109408000000000000000,0E-25,-112.443191519280000000000000000,0.421034873188199219000000000,BASE_E3,permanent,run_dfea4b7ac1475668d5968c97,168
1711411199999999999,2024-03-25,BTCUSDT,137.557912514100000000000000,-137.63990210643000000000000000,2.4593265404061686697,0E-10,0,0E-27,0E-24,137.557912514100000000000000,0E-24,-137.63990210643000000000000000,2.37733694807616866970000000,BASE_E3,permanent,run_dfea4b7ac1475668d5968c97,168
1711411199999999999,2024-03-25,ETHUSDT,126.4508859590000000000000000,-126.929165088930000000000000000,1.7744496525710239410,0E-9,0,0E-27,0E-25,126.450885959000000000000000,0E-25,-126.929165088930000000000000000,1.296170522641023941000000000,BASE_E3,permanent,run_dfea4b7ac1475668d5968c97,168
1711497599999999999,2024-03-26,BTCUSDT,3.406138608600000000000000,-3.53961846819000000000000000,2.4027141751982473464,0E-10,0,0E-27,0E-24,3.406138608600000000000000,0E-24,-3.53961846819000000000000000,2.26923431560824734640000000,BASE_E3,permanent,run_dfea4b7ac1475668d5968c97,168
1711497599999999999,2024-03-26,ETHUSDT,-3.4801284190000000000000000,3.565982549130000000000000000,2.7995961043567929894,0E-9,0,0E-27,0E-25,-3.480128419000000000000000,0E-25,3.565982549130000000000000000,2.885450234486792989400000000,BASE_E3,permanent,run_dfea4b7ac1475668d5968c97,168
1711583999999999999,2024-03-27,BTCUSDT,-26.186091986300000000000000,25.96227557481999999999999992,3.6124378391667671373,-0.4153832400,0,0.055552589010025037025862760,31.161477572733978006719891,-57.347569559033978006719891,-30.752972549019607843137255,56.71524812383960784313725492,2.97323818768676713729999992,BASE_E3,permanent,run_dfea4b7ac1475668d5968c97,168
1711583999999999999,2024-03-27,ETHUSDT,-79.3805163240000000000000000,78.613526838930000000000000000,2.7056578054879103460,0E-9,0,0E-27,0E-25,-79.380516324000000000000000,0E-25,78.613526838930000000000000000,1.938668320417910346000000000,BASE_E3,permanent,run_dfea4b7ac1475668d5968c97,168
1711670399999999999,2024-03-28,BTCUSDT,58.117909521700000000000000,-57.61195500020000000000000000,2.7671948610868212083,0E-10,0,0E-27,0E-24,58.117909521700000000000000,0E-24,-57.61195500020000000000000000,3.27314938258682120830000000,BASE_E3,permanent,run_dfea4b7ac1475668d5968c97,168
1711670399999999999,2024-03-28,ETHUSDT,54.0212963700000000000000000,-53.468664398010000000000000000,3.6960579716980777692,0E-9,0,0E-27,0E-25,54.021296370000000000000000,0E-25,-53.468664398010000000000000000,4.248689943688077769200000000,BASE_E3,permanent,run_dfea4b7ac1475668d5968c97,168
1711756799999999999,2024-03-29,BTCUSDT,-41.264604161900000000000000,41.68430000000000000000000000,2.4248456232647752034,0E-10,0,0E-27,0E-24,-41.264604161900000000000000,0E-24,41.68430000000000000000000000,2.84454146136477520340000000,BASE_E3,permanent,run_dfea4b7ac1475668d5968c97,168
1711756799999999999,2024-03-29,ETHUSDT,-46.3706119100000000000000000,46.276800000000000000000000000,3.3463053047863636107,0E-9,0,0E-27,0E-25,-46.370611910000000000000000,0E-25,46.276800000000000000000000000,3.252493394786363610700000000,BASE_E3,permanent,run_dfea4b7ac1475668d5968c97,168
1711843199999999999,2024-03-30,BTCUSDT,-11.072114903500000000000000,10.60320000000000000000000000,2.8361698556212474296,0E-10,0,0E-27,0E-24,-11.072114903500000000000000,0E-24,10.60320000000000000000000000,2.36725495212124742960000000,BASE_E3,permanent,run_dfea4b7ac1475668d5968c97,168
1711843199999999999,2024-03-30,ETHUSDT,-3.6014197580000000000000000,3.562633181760000000000000000,3.0961130907197217162,0E-9,0,0E-27,0E-25,-3.601419758000000000000000,0E-25,3.562633181760000000000000000,3.057326514479721716200000000,BASE_E3,permanent,run_dfea4b7ac1475668d5968c97,168
1711929599999999999,2024-03-31,BTCUSDT,80.426658123700000000000000,-82.19830000000000000000000000,3.7121519255298074301,0E-10,0,0E-27,0E-24,80.426658123700000000000000,0E-24,-82.19830000000000000000000000,1.94051004922980743010000000,BASE_E3,permanent,run_dfea4b7ac1475668d5968c97,168
1711929599999999999,2024-03-31,ETHUSDT,132.3475110550000000000000000,-133.091023181760000000000000000,5.0486914837805183568,0E-9,0,0E-27,0E-25,132.347511055000000000000000,0E-25,-133.091023181760000000000000000,4.305179357020518356800000000,BASE_E3,permanent,run_dfea4b7ac1475668d5968c97,168
1712015999999999999,2024-04-01,BTCUSDT,-78.028914200000000000000000,80.07860000000000000000000000,4.3309554349019289138,0E-10,0,0E-27,0E-24,-78.028914200000000000000000,0E-24,80.07860000000000000000000000,6.38064123490192891380000000,BASE_E3,permanent,run_dfea4b7ac1475668d5968c97,168
1712015999999999999,2024-04-01,ETHUSDT,-135.5943868990000000000000000,136.563210000000000000000000000,3.8811979481365932690,0E-9,0,0E-27,0E-25,-135.594386899000000000000000,0E-25,136.563210000000000000000000000,4.850021049136593269000000000,BASE_E3,permanent,run_dfea4b7ac1475668d5968c97,168
1712102399999999999,2024-04-02,BTCUSDT,-199.422162439800000000000000,199.83460000000000000000000000,1.1726096830737070120,0E-10,0,0E-27,0E-24,-199.422162439800000000000000,0E-24,199.83460000000000000000000000,1.58504724327370701200000000,BASE_E3,permanent,run_dfea4b7ac1475668d5968c97,168
1712102399999999999,2024-04-02,ETHUSDT,-211.0469298600000000000000000,211.837650000000000000000000000,1.1881710804143256192,0E-9,0,0E-27,0E-25,-211.046929860000000000000000,0E-25,211.837650000000000000000000000,1.978891220414325619200000000,BASE_E3,permanent,run_dfea4b7ac1475668d5968c97,168
1712188799999999999,2024-04-03,BTCUSDT,24.656072273500000000000000,-23.13799999999999999999999967,0.9283859034907980000,-0.1980271200,0,0.026614607906246099394073220,0E-24,24.656072273500000000000000,0E-24,-23.13799999999999999999999967,2.24843105699079800000000033,BASE_E3,permanent,run_dfea4b7ac1475668d5968c97,168
1712188799999999999,2024-04-03,ETHUSDT,31.2185246380000000000000000,-31.623992595150000000000000000,0.9253279741961400000,0E-9,0,0E-27,0E-25,31.218524638000000000000000,0E-25,-31.623992595150000000000000000,0.519860017046140000000000000,BASE_E3,permanent,run_dfea4b7ac1475668d5968c97,168
1712275199999999999,2024-04-04,BTCUSDT,124.271566252600000000000000,-124.05626675890000000000000000,0.9785333820077830000,0E-10,0,0E-27,0E-24,124.271566252600000000000000,0E-24,-124.05626675890000000000000000,1.19383287570778300000000000,BASE_E3,permanent,run_dfea4b7ac1475668d5968c97,168
1712275199999999999,2024-04-04,ETHUSDT,17.0834185930000000000000000,-17.246547404850000000000000000,0.9333098224417290000,0E-9,0,0E-27,0E-25,17.083418593000000000000000,0E-25,-17.246547404850000000000000000,0.770181010591729000000000000,BASE_E3,permanent,run_dfea4b7ac1475668d5968c97,168
1712361599999999999,2024-04-05,BTCUSDT,-33.007199930900000000000000,33.08776675890000000000000000,0.9977799740003970000,0E-10,0,0E-27,0E-24,-33.007199930900000000000000,0E-24,33.08776675890000000000000000,1.07834680200039700000000000,BASE_E3,permanent,run_dfea4b7ac1475668d5968c97,168
1712361599999999999,2024-04-05,ETHUSDT,-10.0083658350000000000000000,10.241729999999999999999999858,0.9645137020000000000,-0.274288714,0,0.036940149569089500771203866,0E-25,-10.008365835000000000000000,0E-25,10.241729999999999999999999858,0.923589152999999999999999858,BASE_E3,permanent,run_dfea4b7ac1475668d5968c97,168
1712447999999999999,2024-04-06,BTCUSDT,52.504660786500000000000000,-52.45952128382000000000000000,0.9991231476383010000,0E-10,0,0E-27,0E-24,52.504660786500000000000000,0E-24,-52.45952128382000000000000000,1.04426265031830100000000000,BASE_E3,permanent,run_dfea4b7ac1475668d5968c97,168
1712447999999999999,2024-04-06,ETHUSDT,35.5008233360000000000000000,-34.192135149120000000000000000,1.2076184079440000000,0E-9,0,0E-27,0E-25,35.500823336000000000000000,0E-25,-34.192135149120000000000000000,2.516306594824000000000000000,BASE_E3,permanent,run_dfea4b7ac1475668d5968c97,168
1712534399999999999,2024-04-07,BTCUSDT,23.351085872400000000000000,-24.01873937589000000000000000,1.0183177304652590000,0E-10,0,0E-27,0E-24,23.351085872400000000000000,0E-24,-24.01873937589000000000000000,0.35066422697525900000000000,BASE_E3,permanent,run_dfea4b7ac1475668d5968c97,168
1712534399999999999,2024-04-07,ETHUSDT,98.8746838640000000000000000,-99.975315819080000000000000000,1.0009129115031800000,0E-9,0,0E-27,0E-25,98.874683864000000000000000,0E-25,-99.975315819080000000000000000,-0.099719043576820000000000000,BASE_E3,permanent,run_dfea4b7ac1475668d5968c97,168
1712620799999999999,2024-04-08,BTCUSDT,110.728994919400000000000000,-112.80873934029000000000000000,1.9247292244039580000,0E-10,0,0E-27,0E-24,110.728994919400000000000000,0E-24,-112.80873934029000000000000000,-0.15501519648604200000000000,BASE_E3,permanent,run_dfea4b7ac1475668d5968c97,168
1712620799999999999,2024-04-08,ETHUSDT,236.9751591680000000000000000,-238.160349031800000000000000000,1.8292140099643941440,0E-9,0,0E-27,0E-25,236.975159168000000000000000,0E-25,-238.160349031800000000000000000,0.644024146164394144000000000,BASE_E3,permanent,run_dfea4b7ac1475668d5968c97,168
1712707199999999999,2024-04-09,BTCUSDT,-121.391148164000000000000000,121.82870000000000000000000000,2.0929081592018652752,0E-10,0,0E-27,0E-24,-121.391148164000000000000000,0E-24,121.82870000000000000000000000,2.53045999520186527520000000,BASE_E3,permanent,run_dfea4b7ac1475668d5968c97,168
1712707199999999999,2024-04-09,ETHUSDT,-184.3612197680000000000000000,185.062280000000000000000000000,1.8045200287644143900,0E-9,0,0E-27,0E-25,-184.361219768000000000000000,0E-25,185.062280000000000000000000000,2.505580260764414390000000000,BASE_E3,permanent,run_dfea4b7ac1475668d5968c97,168
1712793599999999999,2024-04-10,BTCUSDT,69.839602924000000000000000,-69.50650000000000000000000000,1.1644583415628121966,0E-10,0,0E-27,0E-24,69.839602924000000000000000,0E-24,-69.50650000000000000000000000,1.49756126556281219660000000,BASE_E3,permanent,run_dfea4b7ac1475668d5968c97,168
1712793599999999999,2024-04-10,ETHUSDT,35.7774787920000000000000000,-35.281480000000000000000000000,1.6423209956296000000,0E-9,0,0E-27,0E-25,35.777478792000000000000000,0E-25,-35.281480000000000000000000000,2.138319787629600000000000000,BASE_E3,permanent,run_dfea4b7ac1475668d5968c97,168
1712879999999999999,2024-04-11,BTCUSDT,-27.154237418100000000000000,27.09483322686000000000000000,1.8613714148952011642,0E-10,0,0E-27,0E-24,-27.154237418100000000000000,0E-24,27.09483322686000000000000000,1.80196722365520116420000000,BASE_E3,permanent,run_dfea4b7ac1475668d5968c97,168
1712879999999999999,2024-04-11,ETHUSDT,-39.3147164080000000000000000,39.253240000000000000000000000,1.2456709141673616872,0E-9,0,0E-27,0E-25,-39.314716408000000000000000,0E-25,39.253240000000000000000000000,1.184194506167361687200000000,BASE_E3,permanent,run_dfea4b7ac1475668d5968c97,168
1712966399999999999,2024-04-12,BTCUSDT,-140.085443785300000000000000,140.72526677314000000000000000,1.6910959892562470126,0E-10,0,0E-27,0E-24,-140.085443785300000000000000,0E-24,140.72526677314000000000000000,2.33091897709624701260000000,BASE_E3,permanent,run_dfea4b7ac1475668d5968c97,168
1712966399999999999,2024-04-12,ETHUSDT,-245.7890956480000000000000003,246.486952773579999999999999950,0.9991196856773580000,-0.263150000,0,0.035652282192049909515729250,7.5903936061892434360074557,-253.379489254189243436007456,-7.5598385627530364372469636,254.046791336333036437246963550,1.433826811257357999999999650,BASE_E3,permanent,run_dfea4b7ac1475668d5968c97,168
1713052799999999999,2024-04-13,BTCUSDT,-165.676473700400000000000000,166.91770314191000000000000000,0.9912606900000000000,0E-10,0,0E-27,0E-24,-165.676473700400000000000000,0E-24,166.91770314191000000000000000,2.23249013151000000000000000,BASE_E3,permanent,run_dfea4b7ac1475668d5968c97,168
1713052799999999999,2024-04-13,ETHUSDT,-223.8387318240000000000000000,226.668787226420000000000000000,0.9164410080000000000,0E-9,0,0E-27,0E-25,-223.838731824000000000000000,0E-25,226.668787226420000000000000000,3.746496410420000000000000000,BASE_E3,permanent,run_dfea4b7ac1475668d5968c97,168
1713139199999999999,2024-04-14,BTCUSDT,92.587457311700000000000000,-90.86279031942000000000000000,0.9434699180467960000,0E-10,0,0E-27,0E-24,92.587457311700000000000000,0E-24,-90.86279031942000000000000000,2.66813691032679600000000000,BASE_E3,permanent,run_dfea4b7ac1475668d5968c97,168
1713139199999999999,2024-04-14,ETHUSDT,141.9465128640000000000000000,-142.303980000000000000000000000,0.8577043860000000000,0E-9,0,0E-27,0E-25,141.946512864000000000000000,0E-25,-142.303980000000000000000000000,0.500237250000000000000000000,BASE_E3,permanent,run_dfea4b7ac1475668d5968c97,168
1713225599999999999,2024-04-15,BTCUSDT,-111.123472047900000000000000,110.63225247557000000000000000,0.6949229993078758315,0E-10,0,0E-27,0E-24,-111.123472047900000000000000,0E-24,110.63225247557000000000000000,0.20370342697787583150000000,BASE_E3,permanent,run_dfea4b7ac1475668d5968c97,168
1713225599999999999,2024-04-15,ETHUSDT,-51.2647166800000000000000000,50.921078094320000000000000000,0.7237641555586012928,0E-9,0,0E-27,0E-25,-51.264716680000000000000000,0E-25,50.921078094320000000000000000,0.380125569878601292800000000,BASE_E3,permanent,run_dfea4b7ac1475668d5968c97,168
1713311999999999999,2024-04-16,BTCUSDT,20.390302257000000000000000,-19.88626529806000000000000000,0.5875286569289650471,0E-10,0,0E-27,0E-24,20.390302257000000000000000,0E-24,-19.88626529806000000000000000,1.09156561586896504710000000,BASE_E3,permanent,run_dfea4b7ac1475668d5968c97,168
1713311999999999999,2024-04-16,ETHUSDT,-14.5398556000000000000000000,14.548351569220000000000000000,0.6416800258596000000,0E-9,0,0E-27,0E-25,-14.539855600000000000000000,0E-25,14.548351569220000000000000000,0.650175995079600000000000000,BASE_E3,permanent,run_dfea4b7ac1475668d5968c97,168
1713398399999999999,2024-04-17,BTCUSDT,-118.950507533900000000000000,117.48029999999999999999999978,0.5029974807080979896,-0.4519400636,0,0.060400365060009071299498282,0E-24,-118.950507533900000000000000,0E-24,117.48029999999999999999999978,-1.41915011679190201040000022,BASE_E3,permanent,run_dfea4b7ac1475668d5968c97,168
1713398399999999999,2024-04-17,ETHUSDT,-91.9200290480000000000000000,92.433490336460000000000000000,0.3118751489119282366,0E-9,0,0E-27,0E-25,-91.920029048000000000000000,0E-25,92.433490336460000000000000000,0.825336437371928236600000000,BASE_E3,permanent,run_dfea4b7ac1475668d5968c97,168
1713484799999999999,2024-04-18,BTCUSDT,118.424671055600000000000000,-118.02322799982000000000000000,0.3127288855860000000,0E-10,0,0E-27,0E-24,118.424671055600000000000000,0E-24,-118.02322799982000000000000000,0.71417194136600000000000000,BASE_E3,permanent,run_dfea4b7ac1475668d5968c97,168
1713484799999999999,2024-04-18,ETHUSDT,73.9093692080000000000000000,-74.167660000000000000000000000,0.3436356966939059842,0E-9,0,0E-27,0E-25,73.909369208000000000000000,0E-25,-74.167660000000000000000000000,0.085344904693905984200000000,BASE_E3,permanent,run_dfea4b7ac1475668d5968c97,168
1713571199999999999,2024-04-19,BTCUSDT,17.386371251200000000000000,-17.23457987262000000000000000,0.3290424812842962960,0E-10,0,0E-27,0E-24,17.386371251200000000000000,0E-24,-17.23457987262000000000000000,0.48083385986429629600000000,BASE_E3,permanent,run_dfea4b7ac1475668d5968c97,168
1713571199999999999,2024-04-19,ETHUSDT,-7.7492177270000000000000000,7.161669457480000000000000362,0.5756711883411731620,-0.633822035,0,0.085942284646316422780286435,0E-25,-7.749217727000000000000000,0E-25,7.161669457480000000000000362,-0.645699116178826837999999638,BASE_E3,permanent,run_dfea4b7ac1475668d5968c97,168
1713657599999999999,2024-04-20,BTCUSDT,63.189781200000000000000000,-63.05993502138000000000000000,0.4650644914863359400,0E-10,0,0E-27,0E-24,63.189781200000000000000000,0E-24,-63.05993502138000000000000000,0.59491067010633594000000000,BASE_E3,permanent,run_dfea4b7ac1475668d5968c97,168
1713657599999999999,2024-04-20,ETHUSDT,107.2035836730000000000000000,-106.787725975240000000000000000,0.5783519318339150344,0E-9,0,0E-27,0E-25,107.203583673000000000000000,0E-25,-106.787725975240000000000000000,0.994209629593915034400000000,BASE_E3,permanent,run_dfea4b7ac1475668d5968c97,168
1713743999999999999,2024-04-21,BTCUSDT,-2.239186605600000000000000,2.14654289382000000000000000,0.3284612670841838802,0E-10,0,0E-27,0E-24,-2.239186605600000000000000,0E-24,2.14654289382000000000000000,0.23581755530418388020000000,BASE_E3,permanent,run_dfea4b7ac1475668d5968c97,168
1713743999999999999,2024-04-21,ETHUSDT,-10.3512845020000000000000000,10.328336517760000000000000000,0.3165917374057648260,0E-9,0,0E-27,0E-25,-10.351284502000000000000000,0E-25,10.328336517760000000000000000,0.293643753165764826000000000,BASE_E3,permanent,run_dfea4b7ac1475668d5968c97,168
1713830399999999999,2024-04-22,BTCUSDT,102.357183955600000000000000,-102.12480000000000000000000000,0.2754526200939638586,0E-10,0,0E-27,0E-24,102.357183955600000000000000,0E-24,-102.12480000000000000000000000,0.50783657569396385860000000,BASE_E3,permanent,run_dfea4b7ac1475668d5968c97,168
1713830399999999999,2024-04-22,ETHUSDT,57.8143987830000000000000000,-57.674366241120000000000000000,0.2172073981984716768,0E-9,0,0E-27,0E-25,57.814398783000000000000000,0E-25,-57.674366241120000000000000000,0.357239940078471676800000000,BASE_E3,permanent,run_dfea4b7ac1475668d5968c97,168
1713916799999999999,2024-04-23,BTCUSDT,-21.697318546400000000000000,21.89475351198000000000000000,0.1035820371180130056,0E-10,0,0E-27,0E-24,-21.697318546400000000000000,0E-24,21.89475351198000000000000000,0.30101700269801300560000000,BASE_E3,permanent,run_dfea4b7ac1475668d5968c97,168
1713916799999999999,2024-04-23,ETHUSDT,20.8747317400000000000000000,-21.669873758880000000000000000,0.3042843918104262872,0E-9,0,0E-27,0E-25,20.874731740000000000000000,0E-25,-21.669873758880000000000000000,-0.490857627069573712800000000,BASE_E3,permanent,run_dfea4b7ac1475668d5968c97,168
1714003199999999999,2024-04-24,BTCUSDT,-111.491106243600000000000000,111.57024648802000000000000020,0.4871390951221872552,-0.3890006400,0,0.052009284224448998519362600,13.538076284246782308844982,-125.029182527846782308844982,-12.661231663035584604212055,124.23147815105558460421205520,0.17727869954218725520000020,BASE_E3,permanent,run_dfea4b7ac1475668d5968c97,168
1714003199999999999,2024-04-24,ETHUSDT,-84.6825457700000000000000000,85.660360000000000000000000000,0.3950076523611363040,0E-9,0,0E-27,0E-25,-84.682545770000000000000000,0E-25,85.660360000000000000000000000,1.372821882361136304000000000,BASE_E3,permanent,run_dfea4b7ac1475668d5968c97,168
1714089599999999999,2024-04-25,BTCUSDT,9.518591242400000000000000,-9.99500000000000000000000000,0.3922655834284906500,0E-10,0,0E-27,0E-24,9.518591242400000000000000,0E-24,-9.99500000000000000000000000,-0.08414317417150935000000000,BASE_E3,permanent,run_dfea4b7ac1475668d5968c97,168
1714089599999999999,2024-04-25,ETHUSDT,15.6990894890000000000000000,-16.429851578040000000000000000,0.4132335618886863336,0E-9,0,0E-27,0E-25,15.699089489000000000000000,0E-25,-16.429851578040000000000000000,-0.317528527151313666400000000,BASE_E3,permanent,run_dfea4b7ac1475668d5968c97,168
1714175999999999999,2024-04-26,BTCUSDT,-36.423088922400000000000000,36.57000000000000000000000000,0.2536401815063105750,0E-10,0,0E-27,0E-24,-36.423088922400000000000000,0E-24,36.57000000000000000000000000,0.40055125910631057500000000,BASE_E3,permanent,run_dfea4b7ac1475668d5968c97,168
1714175999999999999,2024-04-26,ETHUSDT,-27.0295495520000000000000000,27.129870485280000000000000000,0.3387166575374007444,0E-9,0,0E-27,0E-25,-27.029549552000000000000000,0E-25,27.129870485280000000000000000,0.439037590817400744400000000,BASE_E3,permanent,run_dfea4b7ac1475668d5968c97,168
1714262399999999999,2024-04-27,BTCUSDT,-16.166702620800000000000000,16.55887872350000000000000000,0.6430129419018237000,0E-10,0,0E-27,0E-24,-16.166702620800000000000000,0E-24,16.55887872350000000000000000,1.03518904460182370000000000,BASE_E3,permanent,run_dfea4b7ac1475668d5968c97,168
1714262399999999999,2024-04-27,ETHUSDT,133.1355957830000000000000000,-132.836778907240000000000000000,0.6522192408208000000,0E-9,0,0E-27,0E-25,133.135595783000000000000000,0E-25,-132.836778907240000000000000000,0.951036116580800000000000000,BASE_E3,permanent,run_dfea4b7ac1475668d5968c97,168
1714348799999999999,2024-04-28,BTCUSDT,-16.407742916000000000000000,16.24601453900000000000000000,0.0537736919899428700,0E-10,0,0E-27,0E-24,-16.407742916000000000000000,0E-24,16.24601453900000000000000000,-0.10795468501005713000000000,BASE_E3,permanent,run_dfea4b7ac1475668d5968c97,168
1714348799999999999,2024-04-28,ETHUSDT,8.7157385100000000000000000,-9.467243060280000000000000000,0.9180253916550079368,0E-9,0,0E-27,0E-25,8.715738510000000000000000,0E-25,-9.467243060280000000000000000,0.166520841375007936800000000,BASE_E3,permanent,run_dfea4b7ac1475668d5968c97,168
1714435199999999999,2024-04-29,BTCUSDT,37.075197936800000000000000,-37.23252801450000000000000000,0.4659822837308853600,0E-10,0,0E-27,0E-24,37.075197936800000000000000,0E-24,-37.23252801450000000000000000,0.30865220603088536000000000,BASE_E3,permanent,run_dfea4b7ac1475668d5968c97,168
1714435199999999999,2024-04-29,ETHUSDT,-50.2177180570000000000000000,50.764123060280000000000000000,0.8570627213452000000,0E-9,0,0E-27,0E-25,-50.217718057000000000000000,0E-25,50.764123060280000000000000000,1.403467724625200000000000000,BASE_E3,permanent,run_dfea4b7ac1475668d5968c97,168
1714521599999999999,2024-04-30,BTCUSDT,-160.234786777600000000000000,160.18201808550000000000000000,0.9036366135808500000,0E-10,0,0E-27,0E-24,-160.234786777600000000000000,0E-24,160.18201808550000000000000000,0.85086792148085000000000000,BASE_E3,permanent,run_dfea4b7ac1475668d5968c97,168
1714521599999999999,2024-04-30,ETHUSDT,-217.7213000140000000000000000,218.004202723360000000000000000,0.6361581831708113756,0E-9,0,0E-27,0E-25,-217.721300014000000000000000,0E-25,218.004202723360000000000000000,0.919060892530811375600000000,BASE_E3,permanent,run_dfea4b7ac1475668d5968c97,168
1714607999999999999,2024-05-01,BTCUSDT,-106.941397158000000000000000,108.05161666649999999999999989,0.8418887086431786400,-0.5982762100,0,0.080470836988637180418739560,0E-24,-106.941397158000000000000000,0E-24,108.05161666649999999999999989,1.35383200714317863999999989,BASE_E3,permanent,run_dfea4b7ac1475668d5968c97,168
1714607999999999999,2024-05-01,ETHUSDT,-43.0191636580000000000000000,43.043113879440000000000000000,0.4394090435487690068,0E-9,0,0E-27,0E-25,-43.019163658000000000000000,0E-25,43.043113879440000000000000000,0.463359264988769006800000000,BASE_E3,permanent,run_dfea4b7ac1475668d5968c97,168
1714694399999999999,2024-05-02,BTCUSDT,45.095485936800000000000000,-45.61388051061000000000000000,0.4190502434529046368,0E-10,0,0E-27,0E-24,45.095485936800000000000000,0E-24,-45.61388051061000000000000000,-0.09934433035709536320000000,BASE_E3,permanent,run_dfea4b7ac1475668d5968c97,168
1714694399999999999,2024-05-02,ETHUSDT,14.6123122180000000000000000,-14.694997205600000000000000000,0.5476679727008416992,0E-9,0,0E-27,0E-25,14.612312218000000000000000,0E-25,-14.694997205600000000000000000,0.464982985100841699200000000,BASE_E3,permanent,run_dfea4b7ac1475668d5968c97,168
1714780799999999999,2024-05-03,BTCUSDT,212.904639708800000000000000,-213.20789685108000000000000000,0.1053295121130857547,0E-10,0,0E-27,0E-24,212.904639708800000000000000,0E-24,-213.20789685108000000000000000,-0.19792763016691424530000000,BASE_E3,permanent,run_dfea4b7ac1475668d5968c97,168
1714780799999999999,2024-05-03,ETHUSDT,123.3976410280000000000000000,-124.046419320320000000000000000,0.3131055069100231148,0E-9,0,0E-27,0E-25,123.397641028000000000000000,0E-25,-124.046419320320000000000000000,-0.335672785409976885200000000,BASE_E3,permanent,run_dfea4b7ac1475668d5968c97,168
1714867199999999999,2024-05-04,BTCUSDT,58.385353020800000000000000,-58.03475357721000000000000000,0.5913500234012841120,0E-10,0,0E-27,0E-24,58.385353020800000000000000,0E-24,-58.03475357721000000000000000,0.94194946699128411200000000,BASE_E3,permanent,run_dfea4b7ac1475668d5968c97,168
1714867199999999999,2024-05-04,ETHUSDT,16.4092607750000000000000000,-15.911020076880000000000000000,0.6604968311436813668,0E-9,0,0E-27,0E-25,16.409260775000000000000000,0E-25,-15.911020076880000000000000000,1.158737529263681366800000000,BASE_E3,permanent,run_dfea4b7ac1475668d5968c97,168
1714953599999999999,2024-05-05,BTCUSDT,6.446283802400000000000000,-6.88636906110000000000000000,0.4177893007825616322,0E-10,0,0E-27,0E-24,6.446283802400000000000000,0E-24,-6.88636906110000000000000000,-0.02229595791743836780000000,BASE_E3,permanent,run_dfea4b7ac1475668d5968c97,168
1714953599999999999,2024-05-05,ETHUSDT,19.9601172050000000000000000,-20.476280000000000000000000000,0.7999739255076233400,0E-9,0,0E-27,0E-25,19.960117205000000000000000,0E-25,-20.476280000000000000000000000,0.283811130507623340000000000,BASE_E3,permanent,run_dfea4b7ac1475668d5968c97,168
1715039999999999999,2024-05-06,BTCUSDT,-47.078563251200000000000000,46.96230000000000000000000000,0.2648887866476291598,0E-10,0,0E-27,0E-24,-47.078563251200000000000000,0E-24,46.96230000000000000000000000,0.14862553544762915980000000,BASE_E3,permanent,run_dfea4b7ac1475668d5968c97,168
1715039999999999999,2024-05-06,ETHUSDT,-79.2809399280000000000000000,79.270101964480000000000000000,0.8299157853231466500,0E-9,0,0E-27,0E-25,-79.280939928000000000000000,0E-25,79.270101964480000000000000000,0.819077821803146650000000000,BASE_E3,permanent,run_dfea4b7ac1475668d5968c97,168
1715126399999999999,2024-05-07,BTCUSDT,-47.607535872000000000000000,47.49260536188000000000000000,0.6034898691533028468,0E-10,0,0E-27,0E-24,-47.607535872000000000000000,0E-24,47.49260536188000000000000000,0.48855935903330284680000000,BASE_E3,permanent,run_dfea4b7ac1475668d5968c97,168
1715126399999999999,2024-05-07,ETHUSDT,-60.4183601650000000000000000,59.990806758880000000000000000,0.6057076590116519216,0E-9,0,0E-27,0E-25,-60.418360165000000000000000,0E-25,59.990806758880000000000000000,0.178154252891651921600000000,BASE_E3,permanent,run_dfea4b7ac1475668d5968c97,168
1715212799999999999,2024-05-08,BTCUSDT,-59.680983122400000000000000,60.20779463811999999999999992,0.7002202886760000000,-0.3729958000,0,0.049947491599396132718621480,4.879054495606340244203841,-64.560037618006340244203841,-4.660448827224197021238645,64.86824346534419702123864492,0.85403600439599999999999992,BASE_E3,permanent,run_dfea4b7ac1475668d5968c97,168
1715212799999999999,2024-05-08,ETHUSDT,-32.8400418920000000000000000,33.490891276640000000000000000,0.8076095599532398608,0E-9,0,0E-27,0E-25,-32.840041892000000000000000,0E-25,33.490891276640000000000000000,1.458458944593239860800000000,BASE_E3,permanent,run_dfea4b7ac1475668d5968c97,168
1715299199999999999,2024-05-09,BTCUSDT,97.341237748800000000000000,-97.65250000000000000000000000,0.5294732952505620498,0E-10,0,0E-27,0E-24,97.341237748800000000000000,0E-24,-97.65250000000000000000000000,0.21821104405056204980000000,BASE_E3,permanent,run_dfea4b7ac1475668d5968c97,168
1715299199999999999,2024-05-09,ETHUSDT,65.6585634420000000000000000,-65.388520000000000000000000000,0.9641805556663080000,0E-9,0,0E-27,0E-25,65.658563442000000000000000,0E-25,-65.388520000000000000000000000,1.234223997666308000000000000,BASE_E3,permanent,run_dfea4b7ac1475668d5968c97,168
1715385599999999999,2024-05-10,BTCUSDT,-119.252529986400000000000000,118.94790000000000000000000000,0.4796166737126679777,0E-10,0,0E-27,0E-24,-119.252529986400000000000000,0E-24,118.94790000000000000000000000,0.17498668731266797770000000,BASE_E3,permanent,run_dfea4b7ac1475668d5968c97,168
1715385599999999999,2024-05-10,ETHUSDT,-135.8471588750000000000000000,135.489920000000000000000000000,0.7836108894906621808,0E-9,0,0E-27,0E-25,-135.847158875000000000000000,0E-25,135.489920000000000000000000000,0.426372014490662180800000000,BASE_E3,permanent,run_dfea4b7ac1475668d5968c97,168
1715471999999999999,2024-05-11,BTCUSDT,0.317478146400000000000000,-0.31270000000000000000000000,0.5721879593055072460,0E-10,0,0E-27,0E-24,0.317478146400000000000000,0E-24,-0.31270000000000000000000000,0.57696610570550724600000000,BASE_E3,permanent,run_dfea4b7ac1475668d5968c97,168
1715471999999999999,2024-05-11,ETHUSDT,2.8622054860000000000000000,-3.368246819160000000000000000,0.7154544881280000000,0E-9,0,0E-27,0E-25,2.862205486000000000000000,0E-25,-3.368246819160000000000000000,0.209413154968000000000000000,BASE_E3,permanent,run_dfea4b7ac1475668d5968c97,168
1715558399999999999,2024-05-12,BTCUSDT,35.304205896000000000000000,-35.25560000000000000000000000,0.5005227826640000000,0E-10,0,0E-27,0E-24,35.304205896000000000000000,0E-24,-35.25560000000000000000000000,0.54912867866400000000000000,BASE_E3,permanent,run_dfea4b7ac1475668d5968c97,168
1715558399999999999,2024-05-12,ETHUSDT,17.5821194140000000000000000,-16.946633180840000000000000000,0.6762137422431578600,0E-9,0,0E-27,0E-25,17.582119414000000000000000,0E-25,-16.946633180840000000000000000,1.311699975403157860000000000,BASE_E3,permanent,run_dfea4b7ac1475668d5968c97,168
1715644799999999999,2024-05-13,BTCUSDT,76.417890861600000000000000,-76.31363624124000000000000000,0.9108282540638827692,0E-10,0,0E-27,0E-24,76.417890861600000000000000,0E-24,-76.31363624124000000000000000,1.01508287442388276920000000,BASE_E3,permanent,run_dfea4b7ac1475668d5968c97,168
1715644799999999999,2024-05-13,ETHUSDT,22.4026760220000000000000000,-22.533412663080000000000000000,0.8199397595088000000,0E-9,0,0E-27,0E-25,22.402676022000000000000000,0E-25,-22.533412663080000000000000000,0.689203118428800000000000000,BASE_E3,permanent,run_dfea4b7ac1475668d5968c97,168
1715731199999999999,2024-05-14,BTCUSDT,-71.043552957600000000000000,71.02376901444000000000000000,0.8013505241578250000,0E-10,0,0E-27,0E-24,-71.043552957600000000000000,0E-24,71.02376901444000000000000000,0.78156658099782500000000000,BASE_E3,permanent,run_dfea4b7ac1475668d5968c97,168
1715731199999999999,2024-05-14,ETHUSDT,-72.6311542500000000000000000,72.914968819160000000000000000,0.8575193453646455840,0E-9,0,0E-27,0E-25,-72.631154250000000000000000,0E-25,72.914968819160000000000000000,1.141333914524645584000000000,BASE_E3,permanent,run_dfea4b7ac1475668d5968c97,168
1715817599999999999,2024-05-15,BTCUSDT,246.188667132000000000000000,-246.19167048248000000000000000,0.3949136874971677740,0E-10,0,0E-27,0E-24,246.188667132000000000000000,0E-24,-246.19167048248000000000000000,0.39191033701716777400000000,BASE_E3,permanent,run_dfea4b7ac1475668d5968c97,168
1715817599999999999,2024-05-15,ETHUSDT,164.0280467240000000000000000,-163.601577517760000000000000000,0.8596860859395732968,0E-9,0,0E-27,0E-25,164.028046724000000000000000,0E-25,-163.601577517760000000000000000,1.286155292179573296800000000,BASE_E3,permanent,run_dfea4b7ac1475668d5968c97,168
1715903999999999999,2024-05-16,BTCUSDT,-52.863556464000000000000000,52.66263770928000000000000000,0.3776862111793530819,0E-10,0,0E-27,0E-24,-52.863556464000000000000000,0E-24,52.66263770928000000000000000,0.17676745645935308190000000,BASE_E3,permanent,run_dfea4b7ac1475668d5968c97,168
1715903999999999999,2024-05-16,ETHUSDT,-97.2181449850000000000000000,96.851388093480000000000000000,0.7072352371816198684,0E-9,0,0E-27,0E-25,-97.218144985000000000000000,0E-25,96.851388093480000000000000000,0.340478345661619868400000000,BASE_E3,permanent,run_dfea4b7ac1475668d5968c97,168
1715990399999999999,2024-05-17,BTCUSDT,97.158913070400000000000000,-96.80761722680000000000000000,0.1786784961412227895,0E-10,0,0E-27,0E-24,97.158913070400000000000000,0E-24,-96.80761722680000000000000000,0.52997433974122278950000000,BASE_E3,permanent,run_dfea4b7ac1475668d5968c97,168
1715990399999999999,2024-05-17,ETHUSDT,159.8638605470000000000000000,-159.955421515440000000000000000,0.5911652562428190316,0E-9,0,0E-27,0E-25,159.863860547000000000000000,0E-25,-159.955421515440000000000000000,0.499604287802819031600000000,BASE_E3,permanent,run_dfea4b7ac1475668d5968c97,168
1716076799999999999,2024-05-18,BTCUSDT,-7.115962593600000000000000,6.78711722680000000000000000,0.2781591394899888816,0E-10,0,0E-27,0E-24,-7.115962593600000000000000,0E-24,6.78711722680000000000000000,-0.05068622731001111840000000,BASE_E3,permanent,run_dfea4b7ac1475668d5968c97,168
1716076799999999999,2024-05-18,ETHUSDT,31.9361875280000000000000000,-32.161705216360000000000000000,0.6257716482076490256,0E-9,0,0E-27,0E-25,31.936187528000000000000000,0E-25,-32.161705216360000000000000000,0.400253959847649025600000000,BASE_E3,permanent,run_dfea4b7ac1475668d5968c97,168
1716163199999999999,2024-05-19,BTCUSDT,-33.705154864800000000000000,34.29630000000000000000000000,0.4735608056241901535,0E-10,0,0E-27,0E-24,-33.705154864800000000000000,0E-24,34.29630000000000000000000000,1.06470594082419015350000000,BASE_E3,permanent,run_dfea4b7ac1475668d5968c97,168
1716163199999999999,2024-05-19,ETHUSDT,-54.4895059440000000000000000,54.592514758880000000000000000,0.6559223973519220644,0E-9,0,0E-27,0E-25,-54.489505944000000000000000,0E-25,54.592514758880000000000000000,0.758931212231922064400000000,BASE_E3,permanent,run_dfea4b7ac1475668d5968c97,168
1716249599999999999,2024-05-20,BTCUSDT,273.699023040000000000000000,-276.53508877320000000000000000,0.3757488976250664050,0E-10,0,0E-27,0E-24,273.699023040000000000000000,0E-24,-276.53508877320000000000000000,-2.46031683557493359500000000,BASE_E3,permanent,run_dfea4b7ac1475668d5968c97,168
1716249599999999999,2024-05-20,ETHUSDT,636.9913630290000000000000000,-640.797314758880000000000000000,0.5389417231017902112,0E-9,0,0E-27,0E-25,636.991363029000000000000000,0E-25,-640.797314758880000000000000000,-3.267010006778209788800000000,BASE_E3,permanent,run_dfea4b7ac1475668d5968c97,168
1716335999999999999,2024-05-21,BTCUSDT,-69.325778880000000000000000,69.85098877320000000000000000,1.1443714559545647803,0E-10,0,0E-27,0E-24,-69.325778880000000000000000,0E-24,69.85098877320000000000000000,1.66958134915456478030000000,BASE_E3,permanent,run_dfea4b7ac1475668d5968c97,168
1716335999999999999,2024-05-21,ETHUSDT,135.1585079310000000000000000,-134.790520000000000000000000000,1.5656922049463767312,0E-9,0,0E-27,0E-25,135.158507931000000000000000,0E-25,-134.790520000000000000000000000,1.933680135946376731200000000,BASE_E3,permanent,run_dfea4b7ac1475668d5968c97,168
1716422399999999999,2024-05-22,BTCUSDT,-43.825619236800000000000000,41.58749999999999999999999961,1.3280685704381786649,-0.7385858200,0,0.099146928775581913105384330,65.617815367311095427356721,-109.443434604111095427356721,-65.683185447642344787167629,107.27068544764234478716762861,-1.64863648636182133510000039,BASE_E3,permanent,run_dfea4b7ac1475668d5968c97,168
1716422399999999999,2024-05-22,ETHUSDT,-54.4679856020000000000000000,53.880075984560000000000000000,1.5257107010147467516,0E-9,0,0E-27,0E-25,-54.467985602000000000000000,0E-25,53.880075984560000000000000000,0.937801083574746751600000000,BASE_E3,permanent,run_dfea4b7ac1475668d5968c97,168
1716508799999999999,2024-05-23,BTCUSDT,-55.561362635200000000000000,56.25020348944000000000000000,0.9526019091773340000,0E-10,0,0E-27,0E-24,-55.561362635200000000000000,0E-24,56.25020348944000000000000000,1.64144276341733400000000000,BASE_E3,permanent,run_dfea4b7ac1475668d5968c97,168
1716508799999999999,2024-05-23,ETHUSDT,42.1260694650000000000000000,-40.612995984560000000000000000,1.2235218465578040000,0E-9,0,0E-27,0E-25,42.126069465000000000000000,0E-25,-40.612995984560000000000000000,2.736595326997804000000000000,BASE_E3,permanent,run_dfea4b7ac1475668d5968c97,168
1716595199999999999,2024-05-24,BTCUSDT,26.374879756000000000000000,-26.01347076584000000000000000,0.9362210294255280000,0E-10,0,0E-27,0E-24,26.374879756000000000000000,0E-24,-26.01347076584000000000000000,1.29763001958552800000000000,BASE_E3,permanent,run_dfea4b7ac1475668d5968c97,168
1716595199999999999,2024-05-24,ETHUSDT,-45.3704584200000000000000002,44.127164803560000000000000022,1.0519826716910680000,-1.143092750,0,0.155170573152461311024996288,91.4866027088952311598199978,-136.857061128895231159819998,-91.8800062735352106316692502,136.007171077095210631669250222,-1.334403694748932000000000178,BASE_E3,permanent,run_dfea4b7ac1475668d5968c97,168
1716681599999999999,2024-05-25,BTCUSDT,33.988104836000000000000000,-33.96918381558000000000000000,0.9489653175503520000,0E-10,0,0E-27,0E-24,33.988104836000000000000000,0E-24,-33.96918381558000000000000000,0.96788633797035200000000000,BASE_E3,permanent,run_dfea4b7ac1475668d5968c97,168
1716681599999999999,2024-05-25,ETHUSDT,19.1060138060000000000000000,-19.095615482200000000000000000,0.9808960485169580000,0E-9,0,0E-27,0E-25,19.106013806000000000000000,0E-25,-19.095615482200000000000000000,0.991294372316958000000000000,BASE_E3,permanent,run_dfea4b7ac1475668d5968c97,168
1716767999999999999,2024-05-26,BTCUSDT,-33.442068692800000000000000,33.95445109198000000000000000,0.9546537165687940000,0E-10,0,0E-27,0E-24,-33.442068692800000000000000,0E-24,33.95445109198000000000000000,1.46703611574879400000000000,BASE_E3,permanent,run_dfea4b7ac1475668d5968c97,168
1716767999999999999,2024-05-26,ETHUSDT,67.9985303800000000000000000,-68.207542669580000000000000000,0.9940229240000000000,0E-9,0,0E-27,0E-25,67.998530380000000000000000,0E-25,-68.207542669580000000000000000,0.785010634420000000000000000,BASE_E3,permanent,run_dfea4b7ac1475668d5968c97,168
1716854399999999999,2024-05-27,BTCUSDT,42.038342836000000000000000,-43.01920000000000000000000000,0.9549873189432660000,0E-10,0,0E-27,0E-24,42.038342836000000000000000,0E-24,-43.01920000000000000000000000,-0.02586984505673400000000000,BASE_E3,permanent,run_dfea4b7ac1475668d5968c97,168
1716854399999999999,2024-05-27,ETHUSDT,58.7426892910000000000000000,-58.832826651780000000000000000,1.0233481069544660000,0E-9,0,0E-27,0E-25,58.742689291000000000000000,0E-25,-58.832826651780000000000000000,0.933210746174466000000000000,BASE_E3,permanent,run_dfea4b7ac1475668d5968c97,168
1716940799999999999,2024-05-28,BTCUSDT,-49.859034049600000000000000,49.73514095026000000000000000,0.9456247600000000000,0E-10,0,0E-27,0E-24,-49.859034049600000000000000,0E-24,49.73514095026000000000000000,0.82173166066000000000000000,BASE_E3,permanent,run_dfea4b7ac1475668d5968c97,168
1716940799999999999,2024-05-28,ETHUSDT,-43.9718003010000000000000000,43.315440000000000000000000000,1.0886377904506860000,0E-9,0,0E-27,0E-25,-43.971800301000000000000000,0E-25,43.315440000000000000000000000,0.432277489450686000000000000,BASE_E3,permanent,run_dfea4b7ac1475668d5968c97,168
1717027199999999999,2024-05-29,BTCUSDT,-31.344665277200000000000000,31.42542709245999999999999942,1.0170078274818580000,-0.3031540048,0,0.040438737312317514148425442,0E-24,-31.344665277200000000000000,0E-24,31.42542709245999999999999942,0.79461563794185799999999942,BASE_E3,permanent,run_dfea4b7ac1475668d5968c97,168
1717027199999999999,2024-05-29,ETHUSDT,-65.6998654070000000000000000,66.649227151780000000000000000,1.5040393685908999000,0E-9,0,0E-27,0E-25,-65.699865407000000000000000,0E-25,66.649227151780000000000000000,2.453401113370899900000000000,BASE_E3,permanent,run_dfea4b7ac1475668d5968c97,168
1717113599999999999,2024-05-30,BTCUSDT,35.360504692000000000000000,-35.58786804272000000000000000,0.9989664271850970000,0E-10,0,0E-27,0E-24,35.360504692000000000000000,0E-24,-35.58786804272000000000000000,0.77160307646509700000000000,BASE_E3,permanent,run_dfea4b7ac1475668d5968c97,168
1717113599999999999,2024-05-30,ETHUSDT,-19.2108958580000000000000000,18.976460151780000000000000000,1.9152240171496044316,0E-9,0,0E-27,0E-25,-19.210895858000000000000000,0E-25,18.976460151780000000000000000,1.680788310929604431600000000,BASE_E3,permanent,run_dfea4b7ac1475668d5968c97,168
1717199999999999999,2024-05-31,BTCUSDT,-40.620570897500000000000000,41.12570000000000000000000000,1.2289216985178630224,0E-10,0,0E-27,0E-24,-40.620570897500000000000000,0E-24,41.12570000000000000000000000,1.73405080101786302240000000,BASE_E3,permanent,run_dfea4b7ac1475668d5968c97,168
1717199999999999999,2024-05-31,ETHUSDT,13.8706513770000000000000000,-13.581867303560000000000000000,1.0831170518093163844,0E-9,0,0E-27,0E-25,13.870651377000000000000000,0E-25,-13.581867303560000000000000000,1.371901125249316384400000000,BASE_E3,permanent,run_dfea4b7ac1475668d5968c97,168
1717286399999999999,2024-06-01,BTCUSDT,10.458871973500000000000000,-10.87345025543000000000000000,1.0028306766366530250,0E-10,0,0E-27,0E-24,10.458871973500000000000000,0E-24,-10.87345025543000000000000000,0.58825239470665302500000000,BASE_E3,permanent,run_dfea4b7ac1475668d5968c97,168
1717286399999999999,2024-06-01,ETHUSDT,45.9033780920000000000000000,-46.523020000000000000000000000,1.3767677709002787324,0E-9,0,0E-27,0E-25,45.903378092000000000000000,0E-25,-46.523020000000000000000000000,0.757125862900278732400000000,BASE_E3,permanent,run_dfea4b7ac1475668d5968c97,168
1717372799999999999,2024-06-02,BTCUSDT,0.755218673500000000000000,-1.05314974457000000000000000,0.9982877800000000000,0E-10,0,0E-27,0E-24,0.755218673500000000000000,0E-24,-1.05314974457000000000000000,0.70035670893000000000000000,BASE_E3,permanent,run_dfea4b7ac1475668d5968c97,168
1717372799999999999,2024-06-02,ETHUSDT,-29.5854788350000000000000000,29.008060000000000000000000000,1.1875756411970840000,0E-9,0,0E-27,0E-25,-29.585478835000000000000000,0E-25,29.008060000000000000000000000,0.610156806197084000000000000,BASE_E3,permanent,run_dfea4b7ac1475668d5968c97,168
1717459199999999999,2024-06-03,BTCUSDT,50.846653208500000000000000,-50.83750000000000000000000000,1.1510322263077197210,0E-10,0,0E-27,0E-24,50.846653208500000000000000,0E-24,-50.83750000000000000000000000,1.16018543480771972100000000,BASE_E3,permanent,run_dfea4b7ac1475668d5968c97,168
1717459199999999999,2024-06-03,ETHUSDT,-12.9791539350000000000000000,13.581691664520000000000000000,1.3730258232570708284,0E-9,0,0E-27,0E-25,-12.979153935000000000000000,0E-25,13.581691664520000000000000000,1.975563552777070828400000000,BASE_E3,permanent,run_dfea4b7ac1475668d5968c97,168
1717545599999999999,2024-06-04,BTCUSDT,84.809929842000000000000000,-84.90472880162000000000000000,1.0888364384235870000,0E-10,0,0E-27,0E-24,84.809929842000000000000000,0E-24,-84.90472880162000000000000000,0.99403747880358700000000000,BASE_E3,permanent,run_dfea4b7ac1475668d5968c97,168
1717545599999999999,2024-06-04,ETHUSDT,38.4130515450000000000000000,-38.786580387820000000000000000,1.0194409443811379200,0E-9,0,0E-27,0E-25,38.413051545000000000000000,0E-25,-38.786580387820000000000000000,0.645912101561137920000000000,BASE_E3,permanent,run_dfea4b7ac1475668d5968c97,168
1717631999999999999,2024-06-05,BTCUSDT,26.524171883500000000000000,-26.39817119838000000000000048,1.3820349520088947150,-0.3223531200,0,0.043236091165661650153562910,30.856921608601478256094759,-4.332749725101478256094759,-30.861671113045608106790475,4.46349991466560810679047452,1.18568251712889471499999952,BASE_E3,permanent,run_dfea4b7ac1475668d5968c97,168
1717631999999999999,2024-06-05,ETHUSDT,45.9907798020000000000000000,-45.534247910680000000000000000,1.2541690558514605438,0E-9,0,0E-27,0E-25,45.990779802000000000000000,0E-25,-45.534247910680000000000000000,1.710700947171460543800000000,BASE_E3,permanent,run_dfea4b7ac1475668d5968c97,168
1717718399999999999,2024-06-06,BTCUSDT,-12.698304600000000000000000,12.99663577288000000000000000,1.0546800933855310796,0E-10,0,0E-27,0E-24,-12.698304600000000000000000,0E-24,12.99663577288000000000000000,1.35301126626553107960000000,BASE_E3,permanent,run_dfea4b7ac1475668d5968c97,168
1717718399999999999,2024-06-06,ETHUSDT,-44.4699900480000000000000000,44.440476633980000000000000000,1.8466669006971290444,0E-9,0,0E-27,0E-25,-44.469990048000000000000000,0E-25,44.440476633980000000000000000,1.817153486677129044400000000,BASE_E3,permanent,run_dfea4b7ac1475668d5968c97,168
1717804799999999999,2024-06-07,BTCUSDT,-65.290449485000000000000000,65.64036422712000000000000000,0.9858213540000000000,0E-10,0,0E-27,0E-24,-65.290449485000000000000000,0E-24,65.64036422712000000000000000,1.33573609612000000000000000,BASE_E3,permanent,run_dfea4b7ac1475668d5968c97,168
1717804799999999999,2024-06-07,ETHUSDT,-116.9784486640000000000000000,117.771500000000000000000000000,1.5446297963279051132,0E-9,0,0E-27,0E-25,-116.978448664000000000000000,0E-25,117.771500000000000000000000000,2.337681132327905113200000000,BASE_E3,permanent,run_dfea4b7ac1475668d5968c97,168
1717891199999999999,2024-06-08,BTCUSDT,-2.445343802500000000000000,1.95500000000000000000000000,0.9588755458382920000,0E-10,0,0E-27,0E-24,-2.445343802500000000000000,0E-24,1.95500000000000000000000000,0.46853174333829200000000000,BASE_E3,permanent,run_dfea4b7ac1475668d5968c97,168
1717891199999999999,2024-06-08,ETHUSDT,2.1675624080000000000000000,-1.687787046040000000000000000,0.9683404340000000000,0E-9,0,0E-27,0E-25,2.167562408000000000000000,0E-25,-1.687787046040000000000000000,1.448115795960000000000000000,BASE_E3,permanent,run_dfea4b7ac1475668d5968c97,168
1717977599999999999,2024-06-09,BTCUSDT,15.733475449500000000000000,-15.07301246630000000000000000,0.9577595600000000000,0E-10,0,0E-27,0E-24,15.733475449500000000000000,0E-24,-15.07301246630000000000000000,1.61822254320000000000000000,BASE_E3,permanent,run_dfea4b7ac1475668d5968c97,168
1717977599999999999,2024-06-09,ETHUSDT,21.7805061320000000000000000,-21.938531532840000000000000000,0.9667165420000000000,0E-9,0,0E-27,0E-25,21.780506132000000000000000,0E-25,-21.938531532840000000000000000,0.808691141160000000000000000,BASE_E3,permanent,run_dfea4b7ac1475668d5968c97,168
1718063999999999999,2024-06-10,BTCUSDT,-5.232529645500000000000000,4.66826855124000000000000000,0.9617077737659780000,0E-10,0,0E-27,0E-24,-5.232529645500000000000000,0E-24,4.66826855124000000000000000,0.39744667950597800000000000,BASE_E3,permanent,run_dfea4b7ac1475668d5968c97,168
1718063999999999999,2024-06-10,ETHUSDT,-33.6321780080000000000000000,33.144178578880000000000000000,0.9667460365380140000,0E-9,0,0E-27,0E-25,-33.632178008000000000000000,0E-25,33.144178578880000000000000000,0.478746607418014000000000000,BASE_E3,permanent,run_dfea4b7ac1475668d5968c97,168
1718150399999999999,2024-06-11,BTCUSDT,-101.677533333000000000000000,103.24654391506000000000000000,0.9356457934227120000,0E-10,0,0E-27,0E-24,-101.677533333000000000000000,0E-24,103.24654391506000000000000000,2.50465637548271200000000000,BASE_E3,permanent,run_dfea4b7ac1475668d5968c97,168
1718150399999999999,2024-06-11,ETHUSDT,-148.5916471710000000000000000,149.506440000000000000000000000,0.9310847531562460000,0E-9,0,0E-27,0E-25,-148.591647171000000000000000,0E-25,149.506440000000000000000000000,1.845877582156246000000000000,BASE_E3,permanent,run_dfea4b7ac1475668d5968c97,168
1718236799999999999,2024-06-12,BTCUSDT,42.970418649500000000000000,-43.12309931910000000000000000,0.9407243409162840000,0E-10,0,0E-27,0E-24,42.970418649500000000000000,0E-24,-43.12309931910000000000000000,0.78804367131628400000000000,BASE_E3,permanent,run_dfea4b7ac1475668d5968c97,168
1718236799999999999,2024-06-12,ETHUSDT,54.0404772930000000000000000,-54.042805876000000000000000000,0.9301886469151780000,0E-9,0,0E-27,0E-25,54.040477293000000000000000,0E-25,-54.042805876000000000000000000,0.927860063915178000000000000,BASE_E3,permanent,run_dfea4b7ac1475668d5968c97,168
1718323199999999999,2024-06-13,BTCUSDT,-67.716469780500000000000000,67.52609931910000000000000000,0.9313307978084940000,0E-10,0,0E-27,0E-24,-67.716469780500000000000000,0E-24,67.52609931910000000000000000,0.74096033640849400000000000,BASE_E3,permanent,run_dfea4b7ac1475668d5968c97,168
1718323199999999999,2024-06-13,ETHUSDT,-77.4990962570000000000000000,78.016864242020000000000000000,0.9186341954258900000,0E-9,0,0E-27,0E-25,-77.499096257000000000000000,0E-25,78.016864242020000000000000000,1.436402180445890000000000000,BASE_E3,permanent,run_dfea4b7ac1475668d5968c97,168
1718409599999999999,2024-06-14,BTCUSDT,-34.030996244500000000000000,34.79688367386000000000000000,0.9203579693248240000,0E-10,0,0E-27,0E-24,-34.030996244500000000000000,0E-24,34.79688367386000000000000000,1.68624539868482400000000000,BASE_E3,permanent,run_dfea4b7ac1475668d5968c97,168
1718409599999999999,2024-06-14,ETHUSDT,9.7337496610000000000000000,-9.155438366020000000000000589,0.9681964568375900000,-0.412386447,0,0.055217438202621831553589228,0E-25,9.733749661000000000000000,0E-25,-9.155438366020000000000000589,1.134121304817589999999999411,BASE_E3,permanent,run_dfea4b7ac1475668d5968c97,168
1718495999999999999,2024-06-15,BTCUSDT,8.086427596000000000000000,-7.88688367386000000000000000,0.9127709884255280000,0E-10,0,0E-27,0E-24,8.086427596000000000000000,0E-24,-7.88688367386000000000000000,1.11231491056552800000000000,BASE_E3,permanent,run_dfea4b7ac1475668d5968c97,168
1718495999999999999,2024-06-15,ETHUSDT,81.5991135600000000000000000,-81.433850000000000000000000000,1.0078483382186150000,0E-9,0,0E-27,0E-25,81.599113560000000000000000,0E-25,-81.433850000000000000000000000,1.173111898218615000000000000,BASE_E3,permanent,run_dfea4b7ac1475668d5968c97,168
1718582399999999999,2024-06-16,BTCUSDT,20.919536661500000000000000,-20.77861791506000000000000000,0.9161191795617080000,0E-10,0,0E-27,0E-24,20.919536661500000000000000,0E-24,-20.77861791506000000000000000,1.05703792600170800000000000,BASE_E3,permanent,run_dfea4b7ac1475668d5968c97,168
1718582399999999999,2024-06-16,ETHUSDT,53.6274482600000000000000000,-53.251837734050000000000000000,1.0216801311238670000,0E-9,0,0E-27,0E-25,53.627448260000000000000000,0E-25,-53.251837734050000000000000000,1.397290657073867000000000000,BASE_E3,permanent,run_dfea4b7ac1475668d5968c97,168
1718668799999999999,2024-06-17,BTCUSDT,-8.164181707500000000000000,8.41055517738000000000000000,0.9114777021446740000,0E-10,0,0E-27,0E-24,-8.164181707500000000000000,0E-24,8.41055517738000000000000000,1.15785117202467400000000000,BASE_E3,permanent,run_dfea4b7ac1475668d5968c97,168
1718668799999999999,2024-06-17,ETHUSDT,-106.2160851000000000000000000,106.327259510310000000000000000,0.9881500066087790000,0E-9,0,0E-27,0E-25,-106.216085100000000000000000,0E-25,106.327259510310000000000000000,1.099324416918779000000000000,BASE_E3,permanent,run_dfea4b7ac1475668d5968c97,168
1718755199999999999,2024-06-18,BTCUSDT,-61.719281358000000000000000,61.81633268090000000000000000,0.8519877294173480000,0E-10,0,0E-27,0E-24,-61.719281358000000000000000,0E-24,61.81633268090000000000000000,0.94903905231734800000000000,BASE_E3,permanent,run_dfea4b7ac1475668d5968c97,168
1718755199999999999,2024-06-18,ETHUSDT,-26.5897602000000000000000000,25.998865199280000000000000000,0.6820738437447634919,0E-9,0,0E-27,0E-25,-26.589760200000000000000000,0E-25,25.998865199280000000000000000,0.091178843024763491900000000,BASE_E3,permanent,run_dfea4b7ac1475668d5968c97,168
1718841599999999999,2024-06-19,BTCUSDT,-8.178088176000000000000000,8.00223005677999999999999949,0.5122179066619118438,-0.4872490500,0,0.065022183847273785262236800,0E-24,-8.178088176000000000000000,0E-24,8.00223005677999999999999949,-0.15088926255808815620000051,BASE_E3,permanent,run_dfea4b7ac1475668d5968c97,168
1718841599999999999,2024-06-19,ETHUSDT,72.7739816800000000000000000,-72.307986975540000000000000000,0.8753548470534000000,0E-9,0,0E-27,0E-25,72.773981680000000000000000,0E-25,-72.307986975540000000000000000,1.341349551513400000000000000,BASE_E3,permanent,run_dfea4b7ac1475668d5968c97,168
1718927999999999999,2024-06-20,BTCUSDT,-6.974708112500000000000000,6.71670000000000000000000000,0.5575110481853841822,0E-10,0,0E-27,0E-24,-6.974708112500000000000000,0E-24,6.71670000000000000000000000,0.29950293568538418220000000,BASE_E3,permanent,run_dfea4b7ac1475668d5968c97,168
1718927999999999999,2024-06-20,ETHUSDT,-45.6505202000000000000000000,45.894032524460000000000000000,0.6645983961563080008,0E-9,0,0E-27,0E-25,-45.650520200000000000000000,0E-25,45.894032524460000000000000000,0.908110720616308000800000000,BASE_E3,permanent,run_dfea4b7ac1475668d5968c97,168
1719014399999999999,2024-06-21,BTCUSDT,-37.553256571500000000000000,37.69920000000000000000000000,0.6753972554400000000,0E-10,0,0E-27,0E-24,-37.553256571500000000000000,0E-24,37.69920000000000000000000000,0.82134068394000000000000000,BASE_E3,permanent,run_dfea4b7ac1475668d5968c97,168
1719014399999999999,2024-06-21,ETHUSDT,4.8890849400000000000000000,-5.067512524460000000000000000,0.4273108718558108428,0E-9,0,0E-27,0E-25,4.889084940000000000000000,0E-25,-5.067512524460000000000000000,0.248883287395810842800000000,BASE_E3,permanent,run_dfea4b7ac1475668d5968c97,168
1719100799999999999,2024-06-22,BTCUSDT,8.474206602500000000000000,-8.58040348917000000000000000,0.7912398332672520000,0E-10,0,0E-27,0E-24,8.474206602500000000000000,0E-24,-8.58040348917000000000000000,0.68504294659725200000000000,BASE_E3,permanent,run_dfea4b7ac1475668d5968c97,168
1719100799999999999,2024-06-22,ETHUSDT,-20.7666980200000000000000000,20.946940000000000000000000000,0.4779801188809000000,0E-9,0,0E-27,0E-25,-20.766698020000000000000000,0E-25,20.946940000000000000000000000,0.658222098880900000000000000,BASE_E3,permanent,run_dfea4b7ac1475668d5968c97,168
1719187199999999999,2024-06-23,BTCUSDT,-54.499119609000000000000000,54.58527287208000000000000000,0.5561920491446160000,0E-10,0,0E-27,0E-24,-54.499119609000000000000000,0E-24,54.58527287208000000000000000,0.64234531222461600000000000,BASE_E3,permanent,run_dfea4b7ac1475668d5968c97,168
1719187199999999999,2024-06-23,ETHUSDT,-71.6875183600000000000000000,71.522187937950000000000000000,0.4960143584463573382,0E-9,0,0E-27,0E-25,-71.687518360000000000000000,0E-25,71.522187937950000000000000000,0.330683936396357338200000000,BASE_E3,permanent,run_dfea4b7ac1475668d5968c97,168
1719273599999999999,2024-06-24,BTCUSDT,-148.420258533500000000000000,148.60093061709000000000000000,0.8579639483160000000,0E-10,0,0E-27,0E-24,-148.420258533500000000000000,0E-24,148.60093061709000000000000000,1.03863603190600000000000000,BASE_E3,permanent,run_dfea4b7ac1475668d5968c97,168
1719273599999999999,2024-06-24,ETHUSDT,-66.0264726400000000000000000,65.350256712410000000000000000,0.8024982323820882856,0E-9,0,0E-27,0E-25,-66.026472640000000000000000,0E-25,65.350256712410000000000000000,0.126282304792088285600000000,BASE_E3,permanent,run_dfea4b7ac1475668d5968c97,168
1719359999999999999,2024-06-25,BTCUSDT,77.728595366500000000000000,-77.45310934044000000000000000,0.6571914297150000000,0E-10,0,0E-27,0E-24,77.728595366500000000000000,0E-24,-77.45310934044000000000000000,0.93267745577500000000000000,BASE_E3,permanent,run_dfea4b7ac1475668d5968c97,168
1719359999999999999,2024-06-25,ETHUSDT,41.6477606000000000000000000,-40.805496238670000000000000000,0.9654857511588310000,0E-9,0,0E-27,0E-25,41.647760600000000000000000,0E-25,-40.805496238670000000000000000,1.807750112488831000000000000,BASE_E3,permanent,run_dfea4b7ac1475668d5968c97,168
1719446399999999999,2024-06-26,BTCUSDT,-50.871653270000000000000000,49.24347709860000000000000021,0.9431205519340440000,-0.2763292800,0,0.036973501097021979758344980,0E-24,-50.871653270000000000000000,0E-24,49.24347709860000000000000021,-0.96138489946595599999999979,BASE_E3,permanent,run_dfea4b7ac1475668d5968c97,168
1719446399999999999,2024-06-26,ETHUSDT,-22.5393487000000000000000000,21.337352326980000000000000000,0.9677307852411690000,0E-9,0,0E-27,0E-25,-22.539348700000000000000000,0E-25,21.337352326980000000000000000,-0.234265587778831000000000000,BASE_E3,permanent,run_dfea4b7ac1475668d5968c97,168
1719532799999999999,2024-06-27,BTCUSDT,45.709136261000000000000000,-44.43259767282000000000000000,0.9893784996765900000,0E-10,0,0E-27,0E-24,45.709136261000000000000000,0E-24,-44.43259767282000000000000000,2.26591708785659000000000000,BASE_E3,permanent,run_dfea4b7ac1475668d5968c97,168
1719532799999999999,2024-06-27,ETHUSDT,74.7658311000000000000000000,-74.893183261590000000000000000,0.9717870672975540000,0E-9,0,0E-27,0E-25,74.765831100000000000000000,0E-25,-74.893183261590000000000000000,0.844434905707554000000000000,BASE_E3,permanent,run_dfea4b7ac1475668d5968c97,168
1719619199999999999,2024-06-28,BTCUSDT,-69.045927517000000000000000,67.58992991466000000000000000,0.9939346487616600000,0E-10,0,0E-27,0E-24,-69.045927517000000000000000,0E-24,67.58992991466000000000000000,-0.46206295357834000000000000,BASE_E3,permanent,run_dfea4b7ac1475668d5968c97,168
1719619199999999999,2024-06-28,ETHUSDT,-66.9127979800000000000000000,67.113324447740000000000000000,0.9809930413727530000,0E-9,0,0E-27,0E-25,-66.912797980000000000000000,0E-25,67.113324447740000000000000000,1.181519509112753000000000000,BASE_E3,permanent,run_dfea4b7ac1475668d5968c97,168
1719705599999999999,2024-06-29,BTCUSDT,30.177555594000000000000000,-29.83500000000000000000000000,0.9859744277617140000,0E-10,0,0E-27,0E-24,30.177555594000000000000000,0E-24,-29.83500000000000000000000000,1.32853002176171400000000000,BASE_E3,permanent,run_dfea4b7ac1475668d5968c97,168
1719705599999999999,2024-06-29,ETHUSDT,-1.3533139600000000000000000,1.857498075180000000000000000,0.9693154545776260000,0E-9,0,0E-27,0E-25,-1.353313960000000000000000,0E-25,1.857498075180000000000000000,1.473499569757626000000000000,BASE_E3,permanent,run_dfea4b7ac1475668d5968c97,168
1719791999999999999,2024-06-30,BTCUSDT,96.331224365000000000000000,-96.36826925898000000000000000,0.9948255437872800000,0E-10,0,0E-27,0E-24,96.331224365000000000000000,0E-24,-96.36826925898000000000000000,0.95778064980728000000000000,BASE_E3,permanent,run_dfea4b7ac1475668d5968c97,168
1719791999999999999,2024-06-30,ETHUSDT,56.8868382200000000000000000,-56.312770000000000000000000000,0.9691582673351440000,0E-9,0,0E-27,0E-25,56.886838220000000000000000,0E-25,-56.312770000000000000000000000,1.543226487335144000000000000,BASE_E3,permanent,run_dfea4b7ac1475668d5968c97,168
1719878399999999999,2024-07-01,BTCUSDT,8.098432489500000000000000,-7.95118993254000000000000000,1.0214101880425260000,0E-10,0,0E-27,0E-24,8.098432489500000000000000,0E-24,-7.95118993254000000000000000,1.16865274500252600000000000,BASE_E3,permanent,run_dfea4b7ac1475668d5968c97,168
1719878399999999999,2024-07-01,ETHUSDT,5.2512393800000000000000000,-5.892767201080000000000000000,0.9911057050000000000,0E-9,0,0E-27,0E-25,5.251239380000000000000000,0E-25,-5.892767201080000000000000000,0.349577883920000000000000000,BASE_E3,permanent,run_dfea4b7ac1475668d5968c97,168
1719964799999999999,2024-07-02,BTCUSDT,-42.797437389000000000000000,43.35438982968000000000000000,1.0122712997745060000,0E-10,0,0E-27,0E-24,-42.797437389000000000000000,0E-24,43.35438982968000000000000000,1.56922374045450600000000000,BASE_E3,permanent,run_dfea4b7ac1475668d5968c97,168
1719964799999999999,2024-07-02,ETHUSDT,-21.0430790400000000000000000,21.364924351440000000000000000,0.9810476491437950000,0E-9,0,0E-27,0E-25,-21.043079040000000000000000,0E-25,21.364924351440000000000000000,1.302892960583795000000000000,BASE_E3,permanent,run_dfea4b7ac1475668d5968c97,168
1720051199999999999,2024-07-03,BTCUSDT,-102.492664300000000000000000,101.85170460768000000000000000,0.9891535645914840000,0E-10,0,0E-27,0E-24,-102.492664300000000000000000,0E-24,101.85170460768000000000000000,0.34819387227148400000000000,BASE_E3,permanent,run_dfea4b7ac1475668d5968c97,168
1720051199999999999,2024-07-03,ETHUSDT,-118.9772639200000000000000000,118.637513120310000000000000000,0.9601986053464210000,0E-9,0,0E-27,0E-25,-118.977263920000000000000000,0E-25,118.637513120310000000000000000,0.620447805656421000000000000,BASE_E3,permanent,run_dfea4b7ac1475668d5968c97,168
1720137599999999999,2024-07-04,BTCUSDT,-174.500511014500000000000000,174.71916475416000000000000000,0.9533527200000000000,0E-10,0,0E-27,0E-24,-174.500511014500000000000000,0E-24,174.71916475416000000000000000,1.17200645966000000000000000,BASE_E3,permanent,run_dfea4b7ac1475668d5968c97,168
1720137599999999999,2024-07-04,ETHUSDT,-230.0252516800000000000000000,229.841029729330000000000000000,0.9162113359462410000,0E-9,0,0E-27,0E-25,-230.025251680000000000000000,0E-25,229.841029729330000000000000000,0.731989385276241000000000000,BASE_E3,permanent,run_dfea4b7ac1475668d5968c97,168
1720223999999999999,2024-07-05,BTCUSDT,-18.703561226000000000000000,19.88280000000000000000000000,0.6556668310103220000,0E-10,0,0E-27,0E-24,-18.703561226000000000000000,0E-24,19.88280000000000000000000000,1.83490560501032200000000000,BASE_E3,permanent,run_dfea4b7ac1475668d5968c97,168
1720223999999999999,2024-07-05,ETHUSDT,-79.7024279960000000000000000,79.766149999999999999999999765,0.7506602717912102173,-0.612762600,0,0.082688629323042761175475025,0E-25,-79.702427996000000000000000,0E-25,79.766149999999999999999999765,0.201619675791210217299999765,BASE_E3,permanent,run_dfea4b7ac1475668d5968c97,168
1720310399999999999,2024-07-06,BTCUSDT,88.983396740500000000000000,-89.84278961118000000000000000,0.5051876380454244852,0E-10,0,0E-27,0E-24,88.983396740500000000000000,0E-24,-89.84278961118000000000000000,-0.35420523263457551480000000,BASE_E3,permanent,run_dfea4b7ac1475668d5968c97,168
1720310399999999999,2024-07-06,ETHUSDT,95.2541517570000000000000000,-95.309267446470000000000000000,0.6990285025860988802,0E-9,0,0E-27,0E-25,95.254151757000000000000000,0E-25,-95.309267446470000000000000000,0.643912813116098880200000000,BASE_E3,permanent,run_dfea4b7ac1475668d5968c97,168
1720396799999999999,2024-07-07,BTCUSDT,-132.301397503500000000000000,132.57298961118000000000000000,0.8730757375521660000,0E-10,0,0E-27,0E-24,-132.301397503500000000000000,0E-24,132.57298961118000000000000000,1.14466784523216600000000000,BASE_E3,permanent,run_dfea4b7ac1475668d5968c97,168
1720396799999999999,2024-07-07,ETHUSDT,-150.8326611640000000000000000,150.311467446470000000000000000,0.5970352752692729740,0E-9,0,0E-27,0E-25,-150.832661164000000000000000,0E-25,150.311467446470000000000000000,0.075841557739272974000000000,BASE_E3,permanent,run_dfea4b7ac1475668d5968c97,168
1720483199999999999,2024-07-08,BTCUSDT,47.074805112500000000000000,-46.93667859558000000000000000,0.7871584510547100000,0E-10,0,0E-27,0E-24,47.074805112500000000000000,0E-24,-46.93667859558000000000000000,0.92528496797471000000000000,BASE_E3,permanent,run_dfea4b7ac1475668d5968c97,168
1720483199999999999,2024-07-08,ETHUSDT,96.7868272560000000000000000,-96.242980000000000000000000000,0.7292800061096229385,0E-9,0,0E-27,0E-25,96.786827256000000000000000,0E-25,-96.242980000000000000000000000,1.273127262109622938500000000,BASE_E3,permanent,run_dfea4b7ac1475668d5968c97,168
1720569599999999999,2024-07-09,BTCUSDT,70.554157292500000000000000,-69.90312140442000000000000000,0.6429714989461560000,0E-10,0,0E-27,0E-24,70.554157292500000000000000,0E-24,-69.90312140442000000000000000,1.29400738702615600000000000,BASE_E3,permanent,run_dfea4b7ac1475668d5968c97,168
1720569599999999999,2024-07-09,ETHUSDT,49.6325980740000000000000000,-48.893260000000000000000000000,0.4806661994226587052,0E-9,0,0E-27,0E-25,49.632598074000000000000000,0E-25,-48.893260000000000000000000000,1.220004273422658705200000000,BASE_E3,permanent,run_dfea4b7ac1475668d5968c97,168
1720655999999999999,2024-07-10,BTCUSDT,-13.980793114300000000000000,13.39110000000000000000000006,0.7777958897516189760,-0.2604336303,0,0.034951661020117853161399611,0E-24,-13.980793114300000000000000,0E-24,13.39110000000000000000000006,-0.07233085484838102399999994,BASE_E3,permanent,run_dfea4b7ac1475668d5968c97,168
1720655999999999999,2024-07-10,ETHUSDT,41.2083178490000000000000000,-41.914720000000000000000000000,0.5217255932803596325,0E-9,0,0E-27,0E-25,41.208317849000000000000000,0E-25,-41.914720000000000000000000000,-0.184676557719640367500000000,BASE_E3,permanent,run_dfea4b7ac1475668d5968c97,168
1720742399999999999,2024-07-11,BTCUSDT,-23.946503240400000000000000,24.12810000000000000000000000,0.9875510323851270000,0E-10,0,0E-27,0E-24,-23.946503240400000000000000,0E-24,24.12810000000000000000000000,1.16914779198512700000000000,BASE_E3,permanent,run_dfea4b7ac1475668d5968c97,168
1720742399999999999,2024-07-11,ETHUSDT,-2.8262101400000000000000000,2.760980000000000000000000000,0.6273691397572143802,0E-9,0,0E-27,0E-25,-2.826210140000000000000000,0E-25,2.760980000000000000000000000,0.562138999757214380200000000,BASE_E3,permanent,run_dfea4b7ac1475668d5968c97,168
1720828799999999999,2024-07-12,BTCUSDT,30.230422328600000000000000,-30.41665087230000000000000000,0.4407171995797768728,0E-10,0,0E-27,0E-24,30.230422328600000000000000,0E-24,-30.41665087230000000000000000,0.25448865587977687280000000,BASE_E3,permanent,run_dfea4b7ac1475668d5968c97,168
1720828799999999999,2024-07-12,ETHUSDT,36.2189699480000000000000000,-36.338410000000000000000000000,0.7381057530221184820,0E-9,0,0E-27,0E-25,36.218969948000000000000000,0E-25,-36.338410000000000000000000000,0.618665701022118482000000000,BASE_E3,permanent,run_dfea4b7ac1475668d5968c97,168
1720915199999999999,2024-07-13,BTCUSDT,76.144704038000000000000000,-75.74652423399000000000000000,0.8371305506761598520,0E-10,0,0E-27,0E-24,76.144704038000000000000000,0E-24,-75.74652423399000000000000000,1.23531035468615985200000000,BASE_E3,permanent,run_dfea4b7ac1475668d5968c97,168
1720915199999999999,2024-07-13,ETHUSDT,46.2085357890000000000000000,-45.838790000000000000000000000,0.9417919372459317056,0E-9,0,0E-27,0E-25,46.208535789000000000000000,0E-25,-45.838790000000000000000000000,1.311537726245931705600000000,BASE_E3,permanent,run_dfea4b7ac1475668d5968c97,168
1721001599999999999,2024-07-14,BTCUSDT,89.046605226800000000000000,-88.48220199981000000000000000,0.7072130062567813797,0E-10,0,0E-27,0E-24,89.046605226800000000000000,0E-24,-88.48220199981000000000000000,1.27161623324678137970000000,BASE_E3,permanent,run_dfea4b7ac1475668d5968c97,168
1721001599999999999,2024-07-14,ETHUSDT,73.3184130550000000000000000,-73.263800000000000000000000000,0.6762838754880203396,0E-9,0,0E-27,0E-25,73.318413055000000000000000,0E-25,-73.263800000000000000000000000,0.730896930488020339600000000,BASE_E3,permanent,run_dfea4b7ac1475668d5968c97,168
1721087999999999999,2024-07-15,BTCUSDT,230.299962352200000000000000,-230.53472289390000000000000000,0.2551840129760267220,0E-10,0,0E-27,0E-24,230.299962352200000000000000,0E-24,-230.53472289390000000000000000,0.02042347127602672200000000,BASE_E3,permanent,run_dfea4b7ac1475668d5968c97,168
1721087999999999999,2024-07-15,ETHUSDT,263.9245469200000000000000000,-264.696012319170000000000000000,0.6594194404780250000,0E-9,0,0E-27,0E-25,263.924546920000000000000000,0E-25,-264.696012319170000000000000000,-0.112045958691975000000000000,BASE_E3,permanent,run_dfea4b7ac1475668d5968c97,168
1721174399999999999,2024-07-16,BTCUSDT,13.690882774400000000000000,-13.66659165972000000000000000,0.2296538857172557908,0E-10,0,0E-27,0E-24,13.690882774400000000000000,0E-24,-13.66659165972000000000000000,0.25394500039725579080000000,BASE_E3,permanent,run_dfea4b7ac1475668d5968c97,168
1721174399999999999,2024-07-16,ETHUSDT,-48.8825653830000000000000000,49.765470452240000000000000000,0.7011826544841742763,0E-9,0,0E-27,0E-25,-48.882565383000000000000000,0E-25,49.765470452240000000000000000,1.584087723724174276300000000,BASE_E3,permanent,run_dfea4b7ac1475668d5968c97,168
1721260799999999999,2024-07-17,BTCUSDT,-51.860667468800000000000000,51.63701219187000000000000004,0.0183496896371794971,-0.5817132600,0,0.078075175208546345812717260,19.136368901152020849378249,-70.997036369952020849378249,-18.544914778950806067100415,70.18192697082080606710041504,-0.78701884729282050289999996,BASE_E3,permanent,run_dfea4b7ac1475668d5968c97,168
1721260799999999999,2024-07-17,ETHUSDT,-59.2851927060000000000000000,58.810232750000000000000000000,0.7517475035622068751,0E-9,0,0E-27,0E-25,-59.285192706000000000000000,0E-25,58.810232750000000000000000000,0.276787547562206875100000000,BASE_E3,permanent,run_dfea4b7ac1475668d5968c97,168
1721347199999999999,2024-07-18,BTCUSDT,-5.492470371200000000000000,5.50861851015000000000000000,0.1747612226871349854,0E-10,0,0E-27,0E-24,-5.492470371200000000000000,0E-24,5.50861851015000000000000000,0.19090936163713498540000000,BASE_E3,permanent,run_dfea4b7ac1475668d5968c97,168
1721347199999999999,2024-07-18,ETHUSDT,43.5997264290000000000000000,-42.807031712780000000000000000,0.7382034624493847873,0E-9,0,0E-27,0E-25,43.599726429000000000000000,0E-25,-42.807031712780000000000000000,1.530898178669384787300000000,BASE_E3,permanent,run_dfea4b7ac1475668d5968c97,168
1721433599999999999,2024-07-19,BTCUSDT,137.004695093200000000000000,-137.17623904230000000000000000,0.4436518361100000000,0E-10,0,0E-27,0E-24,137.004695093200000000000000,0E-24,-137.17623904230000000000000000,0.27210788701000000000000000,BASE_E3,permanent,run_dfea4b7ac1475668d5968c97,168
1721433599999999999,2024-07-19,ETHUSDT,74.5654223280000000000000001,-75.158509170289999999999999964,0.7693205541233000000,-0.584681490,0,0.079041031103369890305701661,14.0139990149255285865905241,60.551423313074471413409476,-13.7611712683193558731771404,-61.397337901970644126822859564,-0.408447778166699999999999864,BASE_E3,permanent,run_dfea4b7ac1475668d5968c97,168
1721519999999999999,2024-07-20,BTCUSDT,24.130552407200000000000000,-23.51100000000000000000000000,0.0166516474619944713,0E-10,0,0E-27,0E-24,24.130552407200000000000000,0E-24,-23.51100000000000000000000000,0.63620405466199447130000000,BASE_E3,permanent,run_dfea4b7ac1475668d5968c97,168
1721519999999999999,2024-07-20,ETHUSDT,12.1722787890000000000000000,-12.415480000000000000000000000,0.5544917817649000000,0E-9,0,0E-26,0E-25,12.172278789000000000000000,0E-25,-12.415480000000000000000000000,0.311290570764900000000000000,BASE_E3,permanent,run_dfea4b7ac1475668d5968c97,168
1721606399999999999,2024-07-21,BTCUSDT,51.565870373000000000000000,-52.31306480829000000000000000,-0.0850928183174239086,0E-10,0,0E-27,0E-24,51.565870373000000000000000,0E-24,-52.31306480829000000000000000,-0.83228725360742390860000000,BASE_E3,permanent,run_dfea4b7ac1475668d5968c97,168
1721606399999999999,2024-07-21,ETHUSDT,18.1562527740000000000000000,-17.801646812670000000000000000,0.6225444988906498201,0E-9,0,0E-26,0E-25,18.156252774000000000000000,0E-25,-17.801646812670000000000000000,0.977150460220649820100000000,BASE_E3,permanent,run_dfea4b7ac1475668d5968c97,168
1721692799999999999,2024-07-22,BTCUSDT,-29.584767273400000000000000,30.12296480829000000000000000,0.6162116936280000000,0E-10,0,0E-27,0E-24,-29.584767273400000000000000,0E-24,30.12296480829000000000000000,1.15440922851800000000000000,BASE_E3,permanent,run_dfea4b7ac1475668d5968c97,168
1721692799999999999,2024-07-22,ETHUSDT,-93.0386329180000000000000000,93.004816812670000000000000000,0.6962904111540412707,0E-9,0,0E-26,0E-25,-93.038632918000000000000000,0E-25,93.004816812670000000000000000,0.662474305824041270700000000,BASE_E3,permanent,run_dfea4b7ac1475668d5968c97,168
1721779199999999999,2024-07-23,BTCUSDT,-84.161600926600000000000000,83.46758419137000000000000000,0.4660022222625524169,0E-10,0,0E-27,0E-24,-84.161600926600000000000000,0E-24,83.46758419137000000000000000,-0.22801451296744758310000000,BASE_E3,permanent,run_dfea4b7ac1475668d5968c97,168
1721779199999999999,2024-07-23,ETHUSDT,39.8250496270000000000000000,-39.844350000000000000000000000,0.8995694970787791952,0E-9,0,0E-26,0E-25,39.825049627000000000000000,0E-25,-39.844350000000000000000000000,0.880269124078779195200000000,BASE_E3,permanent,run_dfea4b7ac1475668d5968c97,168
1721865599999999999,2024-07-24,BTCUSDT,-27.238939706800000000000000,27.03921580863000000000000000,1.0104063074957190000,0E-10,0,0E-27,0E-24,-27.238939706800000000000000,0E-24,27.03921580863000000000000000,0.81068240932571900000000000,BASE_E3,permanent,run_dfea4b7ac1475668d5968c97,168
1721865599999999999,2024-07-24,ETHUSDT,-140.2390521070000000000000000,140.092540000000000000000000000,0.7706105573299000000,0E-9,0,0E-26,0E-25,-140.239052107000000000000000,0E-25,140.092540000000000000000000000,0.624098450329900000000000000,BASE_E3,permanent,run_dfea4b7ac1475668d5968c97,168
1721951999999999999,2024-07-25,BTCUSDT,21.114998466400000000000000,-20.70211134027000000000000000,0.9906760301276820000,0E-10,0,0E-27,0E-24,21.114998466400000000000000,0E-24,-20.70211134027000000000000000,1.40356315625768200000000000,BASE_E3,permanent,run_dfea4b7ac1475668d5968c97,168
1721951999999999999,2024-07-25,ETHUSDT,-157.6071717220000000000000000,157.961235357240000000000000000,0.4268802282203484620,0E-9,0,0E-26,0E-25,-157.607171722000000000000000,0E-25,157.961235357240000000000000000,0.780943863460348462000000000,BASE_E3,permanent,run_dfea4b7ac1475668d5968c97,168
1722038399999999999,2024-07-26,BTCUSDT,106.812430400400000000000000,-107.25688865973000000000000000,0.7915301693276820000,0E-10,0,0E-27,0E-24,106.812430400400000000000000,0E-24,-107.25688865973000000000000000,0.34707190999768200000000000,BASE_E3,permanent,run_dfea4b7ac1475668d5968c97,168
1722038399999999999,2024-07-26,ETHUSDT,105.4854093900000000000000000,-105.707355357239999999999999748,0.4003910981973000000,-0.366962235,0,0.04960548724846319104018545,0E-25,105.485409390000000000000000,0E-25,-105.707355357239999999999999748,-0.188517104042699999999999748,BASE_E3,permanent,run_dfea4b7ac1475668d5968c97,168
1722124799999999999,2024-07-27,BTCUSDT,-4.999739466800000000000000,5.29890000000000000000000000,0.8246533200043728630,0E-10,0,0E-27,0E-24,-4.999739466800000000000000,0E-24,5.29890000000000000000000000,1.12381385320437286300000000,BASE_E3,permanent,run_dfea4b7ac1475668d5968c97,168
1722124799999999999,2024-07-27,ETHUSDT,-30.1042683560000000000000000,29.463000000000000000000000000,0.4209838276152495000,0E-9,0,0E-26,0E-25,-30.104268356000000000000000,0E-25,29.463000000000000000000000000,-0.220284528384750500000000000,BASE_E3,permanent,run_dfea4b7ac1475668d5968c97,168
1722211199999999999,2024-07-28,BTCUSDT,24.349883969200000000000000,-24.10770000000000000000000000,0.6958791029080954470,0E-10,0,0E-27,0E-24,24.349883969200000000000000,0E-24,-24.10770000000000000000000000,0.93806307210809544700000000,BASE_E3,permanent,run_dfea4b7ac1475668d5968c97,168
1722211199999999999,2024-07-28,ETHUSDT,26.1246667840000000000000000,-25.375198863000000000000000000,1.0229520000000000000,0E-9,0,0E-26,0E-25,26.124666784000000000000000,0E-25,-25.375198863000000000000000000,1.772419921000000000000000000,BASE_E3,permanent,run_dfea4b7ac1475668d5968c97,168
1722297599999999999,2024-07-29,BTCUSDT,-73.316420295800000000000000,73.64068861692000000000000000,0.8373790460097061740,0E-10,0,0E-27,0E-24,-73.316420295800000000000000,0E-24,73.64068861692000000000000000,1.16164736712970617400000000,BASE_E3,permanent,run_dfea4b7ac1475668d5968c97,168
1722297599999999999,2024-07-29,ETHUSDT,52.2283330320000000000000000,-52.744355685000000000000000000,0.9811804651119502500,0E-9,0,0E-26,0E-25,52.228333032000000000000000,0E-25,-52.744355685000000000000000000,0.465157812111950250000000000,BASE_E3,permanent,run_dfea4b7ac1475668d5968c97,168
1722383999999999999,2024-07-30,BTCUSDT,-32.644697600000000000000000,32.73001138308000000000000000,0.4968338908112830884,0E-10,0,0E-27,0E-24,-32.644697600000000000000000,0E-24,32.73001138308000000000000000,0.58214767389128308840000000,BASE_E3,permanent,run_dfea4b7ac1475668d5968c97,168
1722383999999999999,2024-07-30,ETHUSDT,-44.2376290840000000000000000,44.298434092500000000000000000,1.0474888494325500000,0E-9,0,0E-26,0E-25,-44.237629084000000000000000,0E-25,44.298434092500000000000000000,1.108293857932550000000000000,BASE_E3,permanent,run_dfea4b7ac1475668d5968c97,168
1722470399999999999,2024-07-31,BTCUSDT,-79.978999046600000000000000,78.95961787242000000000000000,0.4751547272580000000,0E-10,0,0E-27,0E-24,-79.978999046600000000000000,0E-24,78.95961787242000000000000000,-0.54422644692200000000000000,BASE_E3,permanent,run_dfea4b7ac1475668d5968c97,168
1722470399999999999,2024-07-31,ETHUSDT,-50.1912810400000000000000000,49.635584092500000000000000000,1.0390693385226000000,0E-9,0,0E-26,0E-25,-50.191281040000000000000000,0E-25,49.635584092500000000000000000,0.483372391022600000000000000,BASE_E3,permanent,run_dfea4b7ac1475668d5968c97,168
1722556799999999999,2024-08-01,BTCUSDT,39.785215126600000000000000,-39.59805261726000000000000000,0.9191335679227451712,0E-10,0,0E-27,0E-24,39.785215126600000000000000,0E-24,-39.59805261726000000000000000,1.10629607726274517120000000,BASE_E3,permanent,run_dfea4b7ac1475668d5968c97,168
1722556799999999999,2024-08-01,ETHUSDT,-28.0462158280000000000000000,28.768536363000000000000000000,0.8649591166574100750,0E-9,0,0E-26,0E-25,-28.046215828000000000000000,0E-25,28.768536363000000000000000000,1.587279651657410075000000000,BASE_E3,permanent,run_dfea4b7ac1475668d5968c97,168
1722643199999999999,2024-08-02,BTCUSDT,-199.642728760000000000000000,199.09825885860000000000000000,0.9837348202475190000,0E-10,0,0E-27,0E-24,-199.642728760000000000000000,0E-24,199.09825885860000000000000000,0.43926491884751900000000000,BASE_E3,permanent,run_dfea4b7ac1475668d5968c97,168
1722643199999999999,2024-08-02,ETHUSDT,-225.0417437760000000000000000,225.015000000000000000000000000,0.6343730361550528800,0E-9,0,0E-26,0E-25,-225.041743776000000000000000,0E-25,225.015000000000000000000000000,0.607629260155052880000000000,BASE_E3,permanent,run_dfea4b7ac1475668d5968c97,168
1722729599999999999,2024-08-03,BTCUSDT,-40.232039425000000000000000,41.12409765906000000000000000,0.7530654877975677744,0E-10,0,0E-27,0E-24,-40.232039425000000000000000,0E-24,41.12409765906000000000000000,1.64512372185756777440000000,BASE_E3,permanent,run_dfea4b7ac1475668d5968c97,168
1722729599999999999,2024-08-03,ETHUSDT,-91.2053278480000000000000000,91.134205743000000000000000000,0.5068223506404148650,0E-9,0,0E-26,0E-25,-91.205327848000000000000000,0E-25,91.134205743000000000000000000,0.435700245640414865000000000,BASE_E3,permanent,run_dfea4b7ac1475668d5968c97,168
1722815999999999999,2024-08-04,BTCUSDT,-131.152112901600000000000000,130.69994902248000000000000000,0.7751103630630000000,0E-10,0,0E-27,0E-24,-131.152112901600000000000000,0E-24,130.69994902248000000000000000,0.32294648394300000000000000,BASE_E3,permanent,run_dfea4b7ac1475668d5968c97,168
1722815999999999999,2024-08-04,ETHUSDT,-228.5068322160000000000000000,228.130528353000000000000000000,0.3792766844527828650,0E-9,0,0E-26,0E-25,-228.506832216000000000000000,0E-25,228.130528353000000000000000000,0.002972821452782865000000000,BASE_E3,permanent,run_dfea4b7ac1475668d5968c97,168
1722902399999999999,2024-08-05,BTCUSDT,-212.803132553400000000000000,212.28382481607000000000000000,0.5806846340422650000,0E-10,0,0E-27,0E-24,-212.803132553400000000000000,0E-24,212.28382481607000000000000000,0.06137689671226500000000000,BASE_E3,permanent,run_dfea4b7ac1475668d5968c97,168
1722902399999999999,2024-08-05,ETHUSDT,-283.7592424320000000000000000,283.938525307500000000000000000,-0.2075798807959734900,0E-9,0,0E-26,0E-25,-283.759242432000000000000000,0E-25,283.938525307500000000000000000,-0.028297005295973490000000000,BASE_E3,permanent,run_dfea4b7ac1475668d5968c97,168
1722988799999999999,2024-08-06,BTCUSDT,105.074100253200000000000000,-104.40986233872000000000000000,0.1458949375650012165,0E-10,0,0E-27,0E-24,105.074100253200000000000000,0E-24,-104.40986233872000000000000000,0.81013285204500121650000000,BASE_E3,permanent,run_dfea4b7ac1475668d5968c97,168
1722988799999999999,2024-08-06,ETHUSDT,44.6576398040000000000000000,-44.272716222000000000000000000,-0.3697375323507596850,0E-9,0,0E-26,0E-25,44.657639804000000000000000,0E-25,-44.272716222000000000000000000,0.015186049649240315000000000,BASE_E3,permanent,run_dfea4b7ac1475668d5968c97,168
1723075199999999999,2024-08-07,BTCUSDT,-58.431719804400000000000000,58.32886672734999999999999958,-0.1272078024473554203,-0.6724337554,0,0.089656048212668606249228875,0E-24,-58.431719804400000000000000,0E-24,58.32886672734999999999999958,-0.90249463489735542030000042,BASE_E3,permanent,run_dfea4b7ac1475668d5968c97,168
1723075199999999999,2024-08-07,ETHUSDT,-127.0847436040000000000000000,127.223456818500000000000000000,-0.2394217439606737500,0E-9,0,0E-26,0E-25,-127.084743604000000000000000,0E-25,127.223456818500000000000000000,-0.100708529460673750000000000,BASE_E3,permanent,run_dfea4b7ac1475668d5968c97,168
1723161599999999999,2024-08-08,BTCUSDT,394.515727114500000000000000,-394.91650000000000000000000000,0.2300047574210000000,0E-10,0,0E-27,0E-24,394.515727114500000000000000,0E-24,-394.91650000000000000000000000,-0.17076812807900000000000000,BASE_E3,permanent,run_dfea4b7ac1475668d5968c97,168
1723161599999999999,2024-08-08,ETHUSDT,364.2857977240000000000000000,-364.612500000000000000000000000,-0.2254799577450000000,0E-9,0,0E-26,0E-25,364.285797724000000000000000,0E-25,-364.612500000000000000000000000,-0.552182233745000000000000000,BASE_E3,permanent,run_dfea4b7ac1475668d5968c97,168
1723247999999999999,2024-08-09,BTCUSDT,-51.052511942800000000000000,52.04159229524000000000000000,0.4310309179046089918,0E-10,0,0E-27,0E-24,-51.052511942800000000000000,0E-24,52.04159229524000000000000000,1.42011127034460899180000000,BASE_E3,permanent,run_dfea4b7ac1475668d5968c97,168
1723247999999999999,2024-08-09,ETHUSDT,-100.4500421420000000000000000,100.896599999999999999999999440,0.0820726044325514740,-0.563034018,0,0.07722652212418760716672105,0E-25,-100.450042142000000000000000,0E-25,100.896599999999999999999999440,-0.034403555567448526000000560,BASE_E3,permanent,run_dfea4b7ac1475668d5968c97,168
1723334399999999999,2024-08-10,BTCUSDT,4.772084517100000000000000,-5.45200137877000000000000000,-0.2604514596824988801,0E-10,0,0E-27,0E-24,4.772084517100000000000000,0E-24,-5.45200137877000000000000000,-0.94036832135249888010000000,BASE_E3,permanent,run_dfea4b7ac1475668d5968c97,168
1723334399999999999,2024-08-10,ETHUSDT,13.1980603940000000000000000,-13.336663557000000000000000000,0.0283386841570000000,0E-9,0,0E-26,0E-25,13.198060394000000000000000,0E-25,-13.336663557000000000000000000,-0.110264478843000000000000000,BASE_E3,permanent,run_dfea4b7ac1475668d5968c97,168
1723420799999999999,2024-08-11,BTCUSDT,-130.843747782200000000000000,130.55200908353000000000000000,0.1210646932181607262,0E-10,0,0E-27,0E-24,-130.843747782200000000000000,0E-24,130.55200908353000000000000000,-0.17067400545183927380000000,BASE_E3,permanent,run_dfea4b7ac1475668d5968c97,168
1723420799999999999,2024-08-11,ETHUSDT,-67.2755954980000000000000000,66.723786817100000000000000000,0.0143614981020000000,0E-9,0,0E-26,0E-25,-67.275595498000000000000000,0E-25,66.723786817100000000000000000,-0.537447182798000000000000000,BASE_E3,permanent,run_dfea4b7ac1475668d5968c97,168
1723507199999999999,2024-08-12,BTCUSDT,37.170567060300000000000000,-37.00813840113000000000000000,0.2630062934174830236,0E-10,0,0E-27,0E-24,37.170567060300000000000000,0E-24,-37.00813840113000000000000000,0.42543495258748302360000000,BASE_E3,permanent,run_dfea4b7ac1475668d5968c97,168
1723507199999999999,2024-08-12,ETHUSDT,201.4935622460000000000000000,-201.469044574700000000000000000,0.4439145723714672180,0E-9,0,0E-26,0E-25,201.493562246000000000000000,0E-25,-201.469044574700000000000000000,0.468432243671467218000000000,BASE_E3,permanent,run_dfea4b7ac1475668d5968c97,168
1723593599999999999,2024-08-13,BTCUSDT,73.791167165000000000000000,-73.54606159887000000000000000,0.0962588040604391527,0E-10,0,0E-27,0E-24,73.791167165000000000000000,0E-24,-73.54606159887000000000000000,0.34136437019043915270000000,BASE_E3,permanent,run_dfea4b7ac1475668d5968c97,168
1723593599999999999,2024-08-13,ETHUSDT,-23.5637146800000000000000000,23.964921314600000000000000000,-0.0775477258104522680,0E-9,0,0E-26,0E-25,-23.563714680000000000000000,0E-25,23.964921314600000000000000000,0.323658908789547732000000000,BASE_E3,permanent,run_dfea4b7ac1475668d5968c97,168
1723679999999999999,2024-08-14,BTCUSDT,-111.905293412000000000000000,112.13223724246000000000000000,-0.2803393360466453632,0E-10,0,0E-27,0E-24,-111.905293412000000000000000,0E-24,112.13223724246000000000000000,-0.05339550558664536320000000,BASE_E3,permanent,run_dfea4b7ac1475668d5968c97,168
1723679999999999999,2024-08-14,ETHUSDT,-48.6864428060000000000000000,48.750675914500000000000000000,0.0104399504655240060,0E-9,0,0E-26,0E-25,-48.686442806000000000000000,0E-25,48.750675914500000000000000000,0.074673058965524006000000000,BASE_E3,permanent,run_dfea4b7ac1475668d5968c97,168
1723766399999999999,2024-08-15,BTCUSDT,-68.863888110000000000000000,68.28976275754000000000000000,-0.2942097393387388084,0E-10,0,0E-27,0E-24,-68.863888110000000000000000,0E-24,68.28976275754000000000000000,-0.86833509179873880840000000,BASE_E3,permanent,run_dfea4b7ac1475668d5968c97,168
1723766399999999999,2024-08-15,ETHUSDT,-110.0830105000000000000000000,109.209924085500000000000000000,0.4225104583619394440,0E-9,0,0E-26,0E-25,-110.083010500000000000000000,0E-25,109.209924085500000000000000000,-0.450575956138060556000000000,BASE_E3,permanent,run_dfea4b7ac1475668d5968c97,168
1723852799999999999,2024-08-16,BTCUSDT,78.698383047800000000000000,-78.90070000000000000000000000,-0.6549521894542250583,0E-10,0,0E-27,0E-24,78.698383047800000000000000,0E-24,-78.90070000000000000000000000,-0.85726914165422505830000000,BASE_E3,permanent,run_dfea4b7ac1475668d5968c97,168
1723852799999999999,2024-08-16,ETHUSDT,27.1458753460000000000000000,-26.554705760100000000000000000,0.1321819882698425740,0E-9,0,0E-26,0E-25,27.145875346000000000000000,0E-25,-26.554705760100000000000000000,0.723351574169842574000000000,BASE_E3,permanent,run_dfea4b7ac1475668d5968c97,168
1723939199999999999,2024-08-17,BTCUSDT,35.720117728900000000000000,-35.44130000000000000000000000,0.2070271593403025986,0E-10,0,0E-27,0E-24,35.720117728900000000000000,0E-24,-35.44130000000000000000000000,0.48584488824030259860000000,BASE_E3,permanent,run_dfea4b7ac1475668d5968c97,168
1723939199999999999,2024-08-17,ETHUSDT,25.5630601680000000000000000,-25.403106976800000000000000000,-0.1089851544934101950,0E-9,0,0E-26,0E-25,25.563060168000000000000000,0E-25,-25.403106976800000000000000000,0.050968036706589805000000000,BASE_E3,permanent,run_dfea4b7ac1475668d5968c97,168
1724025599999999999,2024-08-18,BTCUSDT,-60.273899941900000000000000,60.75750036856000000000000000,-0.0184836259962231568,0E-10,0,0E-27,0E-24,-60.273899941900000000000000,0E-24,60.75750036856000000000000000,0.46511680066377684320000000,BASE_E3,permanent,run_dfea4b7ac1475668d5968c97,168
1724025599999999999,2024-08-18,ETHUSDT,-1.9636428900000000000000000,2.382412736900000000000000000,-0.1261824896003466620,0E-9,0,0E-26,0E-25,-1.963642890000000000000000,0E-25,2.382412736900000000000000000,0.292587357299653338000000000,BASE_E3,permanent,run_dfea4b7ac1475668d5968c97,168
1724111999999999999,2024-08-19,BTCUSDT,59.270741331900000000000000,-58.86360036856000000000000000,-0.4250068669245995723,0E-10,0,0E-27,0E-24,59.270741331900000000000000,0E-24,-58.86360036856000000000000000,-0.01786590358459957230000000,BASE_E3,permanent,run_dfea4b7ac1475668d5968c97,168
1724111999999999999,2024-08-19,ETHUSDT,28.1098454920000000000000000,-28.558918182900000000000000000,-0.1340325037975051870,0E-9,0,0E-26,0E-25,28.109845492000000000000000,0E-25,-28.558918182900000000000000000,-0.583105194697505187000000000,BASE_E3,permanent,run_dfea4b7ac1475668d5968c97,168
1724198399999999999,2024-08-20,BTCUSDT,-26.490468423600000000000000,25.86408608537000000000000000,0.0046074326405149758,0E-10,0,0E-27,0E-24,-26.490468423600000000000000,0E-24,25.86408608537000000000000000,-0.62177490558948502420000000,BASE_E3,permanent,run_dfea4b7ac1475668d5968c97,168
1724198399999999999,2024-08-20,ETHUSDT,-75.4038869760000000000000000,75.500577731600000000000000000,0.0098005518893589440,0E-9,0,0E-26,0E-25,-75.403886976000000000000000,0E-25,75.500577731600000000000000000,0.106491307489358944000000000,BASE_E3,permanent,run_dfea4b7ac1475668d5968c97,168
1724284799999999999,2024-08-21,BTCUSDT,121.684137320300000000000000,-121.50864157496999999999999958,-0.2420334546509506680,-0.2672637900,0,0.035717427368219728018864200,-3.980221401726747963827711,125.664358722026747963827711,4.117801239606007547270160,-125.62644281457600754727015958,-0.33380149932095066799999958,BASE_E3,permanent,run_dfea4b7ac1475668d5968c97,168
1724284799999999999,2024-08-21,ETHUSDT,69.2630401200000000000000000,-69.187294174600000000000000000,0.2401273538043165310,0E-9,0,0E-26,0E-25,69.263040120000000000000000,0E-25,-69.187294174600000000000000000,0.315873299204316531000000000,BASE_E3,permanent,run_dfea4b7ac1475668d5968c97,168
1724371199999999999,2024-08-22,BTCUSDT,-44.638875916700000000000000,44.12185548960000000000000000,-0.2761376041156964336,0E-10,0,0E-27,0E-24,-44.638875916700000000000000,0E-24,44.12185548960000000000000000,-0.79315803121569643360000000,BASE_E3,permanent,run_dfea4b7ac1475668d5968c97,168
1724371199999999999,2024-08-22,ETHUSDT,-10.0562317700000000000000000,9.875981288600000000000000000,0.1436772919548561280,0E-9,0,0E-26,0E-25,-10.056231770000000000000000,0E-25,9.875981288600000000000000000,-0.036573189445143872000000000,BASE_E3,permanent,run_dfea4b7ac1475668d5968c97,168
1724457599999999999,2024-08-23,BTCUSDT,206.977998268600000000000000,-207.50240000000000000000000000,-0.1794618694960000000,0E-10,0,0E-27,0E-24,206.977998268600000000000000,0E-24,-207.50240000000000000000000000,-0.70386360089600000000000000,BASE_E3,permanent,run_dfea4b7ac1475668d5968c97,168
1724457599999999999,2024-08-23,ETHUSDT,177.5559704040000000000000000,-178.064646662700000000000000210,0.4042700386620000000,-0.275308250,0,0.03741373470363283028234156,0E-25,177.555970404000000000000000,0E-25,-178.064646662700000000000000210,-0.379714470038000000000000210,BASE_E3,permanent,run_dfea4b7ac1475668d5968c97,168
1724543999999999999,2024-08-24,BTCUSDT,5.017315781400000000000000,-4.06501219880000000000000000,0.1752929613657857824,0E-10,0,0E-27,0E-24,5.017315781400000000000000,0E-24,-4.06501219880000000000000000,1.12759654396578578240000000,BASE_E3,permanent,run_dfea4b7ac1475668d5968c97,168
1724543999999999999,2024-08-24,ETHUSDT,6.5772866520000000000000000,-5.455800000000000000000000000,0.0015699516278919480,0E-9,0,0E-26,0E-25,6.577286652000000000000000,0E-25,-5.455800000000000000000000000,1.123056603627891948000000000,BASE_E3,permanent,run_dfea4b7ac1475668d5968c97,168
1724630399999999999,2024-08-25,BTCUSDT,10.063196321100000000000000,-10.47258780120000000000000000,-0.1157426510913030512,0E-10,0,0E-27,0E-24,10.063196321100000000000000,0E-24,-10.47258780120000000000000000,-0.52513413119130305120000000,BASE_E3,permanent,run_dfea4b7ac1475668d5968c97,168
1724630399999999999,2024-08-25,ETHUSDT,-25.7799396360000000000000000,25.338600000000000000000000000,0.0860239162972101780,0E-9,0,0E-26,0E-25,-25.779939636000000000000000,0E-25,25.338600000000000000000000000,-0.355315719702789822000000000,BASE_E3,permanent,run_dfea4b7ac1475668d5968c97,168
1724716799999999999,2024-08-26,BTCUSDT,-81.837472436200000000000000,81.57689826944000000000000000,0.3452294453737247664,0E-10,0,0E-27,0E-24,-81.837472436200000000000000,0E-24,81.57689826944000000000000000,0.08465527861372476640000000,BASE_E3,permanent,run_dfea4b7ac1475668d5968c97,168
1724716799999999999,2024-08-26,ETHUSDT,-83.7911039000000000000000000,83.298600000000000000000000000,0.4869281988613578060,0E-9,0,0E-26,0E-25,-83.791103900000000000000000,0E-25,83.298600000000000000000000000,-0.005575701138642194000000000,BASE_E3,permanent,run_dfea4b7ac1475668d5968c97,168
1724803199999999999,2024-08-27,BTCUSDT,-189.620706901600000000000000,190.03430173056000000000000000,0.4277660011315900272,0E-10,0,0E-27,0E-24,-189.620706901600000000000000,0E-24,190.03430173056000000000000000,0.84136083009159002720000000,BASE_E3,permanent,run_dfea4b7ac1475668d5968c97,168
1724803199999999999,2024-08-27,ETHUSDT,-281.4121074440000000000000000,281.899800000000000000000000000,0.7323962329337465700,0E-9,0,0E-26,0E-25,-281.412107444000000000000000,0E-25,281.899800000000000000000000000,1.220088788933746570000000000,BASE_E3,permanent,run_dfea4b7ac1475668d5968c97,168
1724889599999999999,2024-08-28,BTCUSDT,-26.002331452500000000000000,25.54991540416000000000000000,-0.1086773011110755136,0E-10,0,0E-27,0E-24,-26.002331452500000000000000,0E-24,25.54991540416000000000000000,-0.56109334945107551360000000,BASE_E3,permanent,run_dfea4b7ac1475668d5968c97,168
1724889599999999999,2024-08-28,ETHUSDT,87.5711537000000000000000000,-88.369155000000000000000000000,-0.1662171270505104240,0E-9,0,0E-26,0E-25,87.571153700000000000000000,0E-25,-88.369155000000000000000000000,-0.964218427050510424000000000,BASE_E3,permanent,run_dfea4b7ac1475668d5968c97,168
1724975999999999999,2024-08-29,BTCUSDT,20.569426442500000000000000,-19.93311540416000000000000000,-0.0680580025440000000,0E-10,0,0E-27,0E-24,20.569426442500000000000000,0E-24,-19.93311540416000000000000000,0.56825303579600000000000000,BASE_E3,permanent,run_dfea4b7ac1475668d5968c97,168
1724975999999999999,2024-08-29,ETHUSDT,1.3608179280000000000000000,-0.952245000000000000000000000,0.0304718653436485680,0E-9,0,0E-26,0E-25,1.360817928000000000000000,0E-25,-0.952245000000000000000000000,0.439044793343648568000000000,BASE_E3,permanent,run_dfea4b7ac1475668d5968c97,168
1725062399999999999,2024-08-30,BTCUSDT,-14.818948531400000000000000,14.71656329080000000000000000,0.2449880707152267088,0E-10,0,0E-27,0E-24,-14.818948531400000000000000,0E-24,14.71656329080000000000000000,0.14260283011522670880000000,BASE_E3,permanent,run_dfea4b7ac1475668d5968c97,168
1725062399999999999,2024-08-30,ETHUSDT,-4.0446532860000000000000000,4.006800000000000000000000000,0.3170310566189824260,0E-9,0,0E-26,0E-25,-4.044653286000000000000000,0E-25,4.006800000000000000000000000,0.279177770618982426000000000,BASE_E3,permanent,run_dfea4b7ac1475668d5968c97,168
1725148799999999999,2024-08-31,BTCUSDT,-8.033978295200000000000000,7.99468437992000000000000000,0.1859839657240199824,0E-10,0,0E-27,0E-24,-8.033978295200000000000000,0E-24,7.99468437992000000000000000,0.14669005044401998240000000,BASE_E3,permanent,run_dfea4b7ac1475668d5968c97,168
1725148799999999999,2024-08-31,ETHUSDT,-14.9689972080000000000000000,14.880600000000000000000000000,0.7313467436274832560,0E-9,0,0E-26,0E-25,-14.968997208000000000000000,0E-25,14.880600000000000000000000000,0.642949535627483256000000000,BASE_E3,permanent,run_dfea4b7ac1475668d5968c97,168
1725235199999999999,2024-09-01,BTCUSDT,-92.134787756700000000000000,92.00465224440000000000000000,0.0109979761920000000,0E-10,0,0E-27,0E-24,-92.134787756700000000000000,0E-24,92.00465224440000000000000000,-0.11913753610800000000000000,BASE_E3,permanent,run_dfea4b7ac1475668d5968c97,168
1725235199999999999,2024-09-01,ETHUSDT,-107.8574209600000000000000000,108.221400000000000000000000000,0.4382040588065146440,0E-9,0,0E-26,0E-25,-107.857420960000000000000000,0E-25,108.221400000000000000000000000,0.802183098806514644000000000,BASE_E3,permanent,run_dfea4b7ac1475668d5968c97,168
1725321599999999999,2024-09-02,BTCUSDT,100.368719360000000000000000,-100.35749991512000000000000000,-0.1125222598440291680,0E-10,0,0E-27,0E-24,100.368719360000000000000000,0E-24,-100.35749991512000000000000000,-0.10130281496402916800000000,BASE_E3,permanent,run_dfea4b7ac1475668d5968c97,168
1725321599999999999,2024-09-02,ETHUSDT,138.9042299840000000000000000,-139.356000000000000000000000000,0.2701088248091735880,0E-9,0,0E-26,0E-25,138.904229984000000000000000,0E-25,-139.356000000000000000000000000,-0.181661191190826412000000000,BASE_E3,permanent,run_dfea4b7ac1475668d5968c97,168
1725407999999999999,2024-09-03,BTCUSDT,-94.039665070000000000000000,93.81753316320000000000000000,0.5248139676938928392,0E-10,0,0E-27,0E-24,-94.039665070000000000000000,0E-24,93.81753316320000000000000000,0.30268206089389283920000000,BASE_E3,permanent,run_dfea4b7ac1475668d5968c97,168
1725407999999999999,2024-09-03,ETHUSDT,-148.7071591320000000000000000,148.807240911000000000000000000,0.4968081315081259200,0E-9,0,0E-26,0E-25,-148.707159132000000000000000,0E-25,148.807240911000000000000000000,0.596889910508125920000000000,BASE_E3,permanent,run_dfea4b7ac1475668d5968c97,168
1725494399999999999,2024-09-04,BTCUSDT,29.461467673300000000000000,-29.23784504984000000000000000,0.0565962426825381208,0E-10,0,0E-27,0E-24,29.461467673300000000000000,0E-24,-29.23784504984000000000000000,0.28021886614253812080000000,BASE_E3,permanent,run_dfea4b7ac1475668d5968c97,168
1725494399999999999,2024-09-04,ETHUSDT,37.6618961740000000000000000,-37.448440911000000000000000000,0.3928455550333777680,0E-9,0,0E-26,0E-25,37.661896174000000000000000,0E-25,-37.448440911000000000000000000,0.606300818033377768000000000,BASE_E3,permanent,run_dfea4b7ac1475668d5968c97,168
1725580799999999999,2024-09-05,BTCUSDT,-100.368719360000000000000000,100.37486309256000000000000000,0.4353750972403146720,0E-10,0,0E-27,0E-24,-100.368719360000000000000000,0E-24,100.37486309256000000000000000,0.44151882980031467200000000,BASE_E3,permanent,run_dfea4b7ac1475668d5968c97,168
1725580799999999999,2024-09-05,ETHUSDT,-102.9811567180000000000000000,103.269141813600000000000000000,0.3078935781382729800,0E-9,0,0E-26,0E-25,-102.981156718000000000000000,0E-25,103.269141813600000000000000000,0.595878673738272980000000000,BASE_E3,permanent,run_dfea4b7ac1475668d5968c97,168
1725667199999999999,2024-09-06,BTCUSDT,-124.102112854200000000000000,124.24170445344000000000000000,0.1148676469974331648,0E-10,0,0E-27,0E-24,-124.102112854200000000000000,0E-24,124.24170445344000000000000000,0.25445924623743316480000000,BASE_E3,permanent,run_dfea4b7ac1475668d5968c97,168
1725667199999999999,2024-09-06,ETHUSDT,-181.6691933880000000000000000,181.527646368600000000000000000,0.3686492767973519700,0E-9,0,0E-26,0E-25,-181.669193388000000000000000,0E-25,181.527646368600000000000000000,0.227102257397351970000000000,BASE_E3,permanent,run_dfea4b7ac1475668d5968c97,168
1725753599999999999,2024-09-07,BTCUSDT,12.109777239300000000000000,-11.43625565936000000000000000,-0.4706591925702412200,0E-10,0,0E-27,0E-24,12.109777239300000000000000,0E-24,-11.43625565936000000000000000,0.20286238736975878000000000,BASE_E3,permanent,run_dfea4b7ac1475668d5968c97,168
1725753599999999999,2024-09-07,ETHUSDT,64.5002497540000000000000000,-64.510988182200000000000000000,0.0681086441903182560,0E-9,0,0E-26,0E-25,64.500249754000000000000000,0E-25,-64.510988182200000000000000000,0.057370215990318256000000000,BASE_E3,permanent,run_dfea4b7ac1475668d5968c97,168
1725839999999999999,2024-09-08,BTCUSDT,37.988328072500000000000000,-38.79680000000000000000000000,-0.2268847078400000000,0E-10,0,0E-27,0E-24,37.988328072500000000000000,0E-24,-38.79680000000000000000000000,-1.03535663534000000000000000,BASE_E3,permanent,run_dfea4b7ac1475668d5968c97,168
1725839999999999999,2024-09-08,ETHUSDT,28.6149769860000000000000000,-28.211400000000000000000000000,0.2945124953992827900,0E-9,0,0E-26,0E-25,28.614976986000000000000000,0E-25,-28.211400000000000000000000000,0.698089481399282790000000000,BASE_E3,permanent,run_dfea4b7ac1475668d5968c97,168
1725926399999999999,2024-09-09,BTCUSDT,120.715228669100000000000000,-120.84800000000000000000000000,-0.5718127135310396856,0E-10,0,0E-27,0E-24,120.715228669100000000000000,0E-24,-120.84800000000000000000000000,-0.70458404443103968560000000,BASE_E3,permanent,run_dfea4b7ac1475668d5968c97,168
1725926399999999999,2024-09-09,ETHUSDT,75.7899984900000000000000000,-76.293000000000000000000000000,0.0787424065769577600,0E-9,0,0E-26,0E-25,75.789998490000000000000000,0E-25,-76.293000000000000000000000000,-0.424259103423042240000000000,BASE_E3,permanent,run_dfea4b7ac1475668d5968c97,168
1726012799999999999,2024-09-10,BTCUSDT,35.777639817400000000000000,-35.94640000000000000000000000,-0.3219546947592413088,0E-10,0,0E-27,0E-24,35.777639817400000000000000,0E-24,-35.94640000000000000000000000,-0.49071487735924130880000000,BASE_E3,permanent,run_dfea4b7ac1475668d5968c97,168
1726012799999999999,2024-09-10,ETHUSDT,39.1361155960000000000000000,-39.715200000000000000000000000,-0.0639543525721991100,0E-9,0,0E-26,0E-25,39.136115596000000000000000,0E-25,-39.715200000000000000000000000,-0.643038756572199110000000000,BASE_E3,permanent,run_dfea4b7ac1475668d5968c97,168
1726099199999999999,2024-09-11,BTCUSDT,-17.742635557400000000000000,18.33440000000000000000000000,-0.5255862254539772288,0E-10,0,0E-27,0E-24,-17.742635557400000000000000,0E-24,18.33440000000000000000000000,0.06617821714602277120000000,BASE_E3,permanent,run_dfea4b7ac1475668d5968c97,168
1726099199999999999,2024-09-11,ETHUSDT,-61.8794152260000000000000000,62.836200000000000000000000000,0.0753137667085340880,0E-9,0,0E-26,0E-25,-61.879415226000000000000000,0E-25,62.836200000000000000000000000,1.032098540708534088000000000,BASE_E3,permanent,run_dfea4b7ac1475668d5968c97,168
1726185599999999999,2024-09-12,BTCUSDT,44.583426680000000000000000,-44.71600000000000000000000000,-0.1753269309866402608,0E-10,0,0E-27,0E-24,44.583426680000000000000000,0E-24,-44.71600000000000000000000000,-0.30790025098664026080000000,BASE_E3,permanent,run_dfea4b7ac1475668d5968c97,168
1726185599999999999,2024-09-12,ETHUSDT,27.1533577300000000000000000,-27.581400000000000000000000000,0.1837575017298843480,0E-9,0,0E-26,0E-25,27.153357730000000000000000,0E-25,-27.581400000000000000000000000,-0.244284768270115652000000000,BASE_E3,permanent,run_dfea4b7ac1475668d5968c97,168
1726271999999999999,2024-09-13,BTCUSDT,134.586499336900000000000000,-134.17040000000000000000000000,-0.1120874323520000000,0E-10,0,0E-27,0E-24,134.586499336900000000000000,0E-24,-134.17040000000000000000000000,0.30401190454800000000000000,BASE_E3,permanent,run_dfea4b7ac1475668d5968c97,168
1726271999999999999,2024-09-13,ETHUSDT,99.0121044280000000000000000,-98.834400000000000000000000000,0.4294721240460000000,0E-9,0,0E-26,0E-25,99.012104428000000000000000,0E-25,-98.834400000000000000000000000,0.607176552046000000000000000,BASE_E3,permanent,run_dfea4b7ac1475668d5968c97,168
1726358399999999999,2024-09-14,BTCUSDT,-30.127418607000000000000000,29.71635313472000000000000000,-0.1876403326578495792,0E-10,0,0E-27,0E-24,-30.127418607000000000000000,0E-24,29.71635313472000000000000000,-0.59870580493784957920000000,BASE_E3,permanent,run_dfea4b7ac1475668d5968c97,168
1726358399999999999,2024-09-14,ETHUSDT,-28.7031781480000000000000000,28.498160527200000000000000000,0.0174203733676152600,0E-9,0,0E-26,0E-25,-28.703178148000000000000000,0E-25,28.498160527200000000000000000,-0.187597247432384740000000000,BASE_E3,permanent,run_dfea4b7ac1475668d5968c97,168
1726444799999999999,2024-09-15,BTCUSDT,-45.537265569900000000000000,45.70038070920000000000000000,-0.0028782136778394720,0E-10,0,0E-27,0E-24,-45.537265569900000000000000,0E-24,45.70038070920000000000000000,0.16023692562216052800000000,BASE_E3,permanent,run_dfea4b7ac1475668d5968c97,168
1726444799999999999,2024-09-15,ETHUSDT,-121.3395985800000000000000000,121.517439472800000000000000000,0.0978591189240000000,0E-9,0,0E-26,0E-25,-121.339598580000000000000000,0E-25,121.517439472800000000000000000,0.275700011724000000000000000,BASE_E3,permanent,run_dfea4b7ac1475668d5968c97,168
1726531199999999999,2024-09-16,BTCUSDT,-55.266646284200000000000000,54.86726615608000000000000000,0.4161064633469006704,0E-10,0,0E-27,0E-24,-55.266646284200000000000000,0E-24,54.86726615608000000000000000,0.01672633522690067040000000,BASE_E3,permanent,run_dfea4b7ac1475668d5968c97,168
1726531199999999999,2024-09-16,ETHUSDT,-32.2186244620000000000000000,31.852800000000000000000000000,-0.1409517844372751400,0E-9,0,0E-26,0E-25,-32.218624462000000000000000,0E-25,31.852800000000000000000000000,-0.506776246437275140000000000,BASE_E3,permanent,run_dfea4b7ac1475668d5968c97,168
1726617599999999999,2024-09-17,BTCUSDT,117.911401609300000000000000,-117.82503818456000000000000000,0.5230004064880000000,0E-10,0,0E-27,0E-24,117.911401609300000000000000,0E-24,-117.82503818456000000000000000,0.60936383122800000000000000,BASE_E3,permanent,run_dfea4b7ac1475668d5968c97,168
1726617599999999999,2024-09-17,ETHUSDT,57.8977627700000000000000000,-57.822316360200000000000000000,0.4663535480027607960,0E-9,0,0E-26,0E-25,57.897762770000000000000000,0E-25,-57.822316360200000000000000000,0.541799957802760796000000000,BASE_E3,permanent,run_dfea4b7ac1475668d5968c97,168
1726703999999999999,2024-09-18,BTCUSDT,76.301510259000000000000000,-75.96856181544000000000000000,0.2567585328817224800,0E-10,0,0E-27,0E-24,76.301510259000000000000000,0E-24,-75.96856181544000000000000000,0.58970697644172248000000000,BASE_E3,permanent,run_dfea4b7ac1475668d5968c97,168
1726703999999999999,2024-09-18,ETHUSDT,35.0662619780000000000000000,-35.058478644000000000000000000,0.2988753204172201200,0E-9,0,0E-26,0E-25,35.066261978000000000000000,0E-25,-35.058478644000000000000000000,0.306658654417220120000000000,BASE_E3,permanent,run_dfea4b7ac1475668d5968c97,168
1726790399999999999,2024-09-19,BTCUSDT,71.441020601600000000000000,-71.84800000000000000000000000,0.3678346332494517376,0E-10,0,0E-27,0E-24,71.441020601600000000000000,0E-24,-71.84800000000000000000000000,-0.03914476515054826240000000,BASE_E3,permanent,run_dfea4b7ac1475668d5968c97,168
1726790399999999999,2024-09-19,ETHUSDT,119.6007756720000000000000000,-119.819804995800000000000000000,0.5583389449126936860,0E-9,0,0E-26,0E-25,119.600775672000000000000000,0E-25,-119.819804995800000000000000000,0.339309621112693686000000000,BASE_E3,permanent,run_dfea4b7ac1475668d5968c97,168
1726876799999999999,2024-09-20,BTCUSDT,14.209567021000000000000000,-14.48602558872000000000000000,0.4622446595760000000,0E-10,0,0E-27,0E-24,14.209567021000000000000000,0E-24,-14.48602558872000000000000000,0.18578609185600000000000000,BASE_E3,permanent,run_dfea4b7ac1475668d5968c97,168
1726876799999999999,2024-09-20,ETHUSDT,122.9902203260000000000000000,-122.383523178000000000000000000,0.9469268287699018680,0E-9,0,0E-26,0E-25,122.990220326000000000000000,0E-25,-122.383523178000000000000000000,1.553623976769901868000000000,BASE_E3,permanent,run_dfea4b7ac1475668d5968c97,168
1726963199999999999,2024-09-21,BTCUSDT,10.231224311100000000000000,-9.39457826944000000000000000,0.8084215688215612848,0E-10,0,0E-27,0E-24,10.231224311100000000000000,0E-24,-9.39457826944000000000000000,1.64506761048156128480000000,BASE_E3,permanent,run_dfea4b7ac1475668d5968c97,168
1726963199999999999,2024-09-21,ETHUSDT,66.0500701720000000000000000,-66.870319093200000000000000000,0.5758691553965480760,0E-9,0,0E-26,0E-25,66.050070172000000000000000,0E-25,-66.870319093200000000000000000,-0.244379765803451924000000000,BASE_E3,permanent,run_dfea4b7ac1475668d5968c97,168
1727049599999999999,2024-09-22,BTCUSDT,14.414001075500000000000000,-15.54317333352000000000000000,0.7430672337908062544,0E-10,0,0E-27,0E-24,14.414001075500000000000000,0E-24,-15.54317333352000000000000000,-0.38610502422919374560000000,BASE_E3,permanent,run_dfea4b7ac1475668d5968c97,168
1727049599999999999,2024-09-22,ETHUSDT,-40.3331313660000000000000000,40.728831822000000000000000000,0.6543175392344586240,0E-9,0,0E-26,0E-25,-40.333131366000000000000000,0E-25,40.728831822000000000000000000,1.050017995234458624000000000,BASE_E3,permanent,run_dfea4b7ac1475668d5968c97,168
1727135999999999999,2024-09-23,BTCUSDT,-16.962985683800000000000000,17.80217719168000000000000000,0.4703862149280000000,0E-10,0,0E-27,0E-24,-16.962985683800000000000000,0E-24,17.80217719168000000000000000,1.30957772280800000000000000,BASE_E3,permanent,run_dfea4b7ac1475668d5968c97,168
1727135999999999999,2024-09-23,ETHUSDT,83.0224937740000000000000000,-82.999989550800000000000000000,0.5283803536905877200,0E-9,0,0E-26,0E-25,83.022493774000000000000000,0E-25,-82.999989550800000000000000000,0.550884576890587720000000000,BASE_E3,permanent,run_dfea4b7ac1475668d5968c97,168
1727222399999999999,2024-09-24,BTCUSDT,52.808956883800000000000000,-54.11474887952000000000000000,0.1789495131913944784,0E-10,0,0E-27,0E-24,52.808956883800000000000000,0E-24,-54.11474887952000000000000000,-1.12684248252860552160000000,BASE_E3,permanent,run_dfea4b7ac1475668d5968c97,168
1727222399999999999,2024-09-24,ETHUSDT,6.0984803440000000000000000,-6.853913186400000000000000000,0.4440324142486764000,0E-9,0,0E-26,0E-25,6.098480344000000000000000,0E-25,-6.853913186400000000000000000,-0.311400428151323600000000000,BASE_E3,permanent,run_dfea4b7ac1475668d5968c97,168
1727308799999999999,2024-09-25,BTCUSDT,-61.492538930000000000000000,62.51503512063999999999999956,0.1322601078515246768,-0.3808741600,0,0.050920076997506438986583040,11.015878131031002714896386,-72.508417061031002714896386,-10.908798347191989936973121,73.42383346783198993697312056,0.77388213849152467679999956,BASE_E3,permanent,run_dfea4b7ac1475668d5968c97,168
1727308799999999999,2024-09-25,ETHUSDT,-92.4726182740000000000000000,93.036376364400000000000000000,0.3865378181506032240,0E-9,0,0E-26,0E-25,-92.472618274000000000000000,0E-25,93.036376364400000000000000000,0.950295908550603224000000000,BASE_E3,permanent,run_dfea4b7ac1475668d5968c97,168
1727395199999999999,2024-09-26,BTCUSDT,105.317853063400000000000000,-105.48477460508000000000000000,0.6004704274457194800,0E-10,0,0E-27,0E-24,105.317853063400000000000000,0E-24,-105.48477460508000000000000000,0.43354888576571948000000000,BASE_E3,permanent,run_dfea4b7ac1475668d5968c97,168
1727395199999999999,2024-09-26,ETHUSDT,65.3192605440000000000000000,-65.425335746400000000000000000,0.8464427110507984560,0E-9,0,0E-26,0E-25,65.319260544000000000000000,0E-25,-65.425335746400000000000000000,0.740367508650798456000000000,BASE_E3,permanent,run_dfea4b7ac1475668d5968c97,168
1727481599999999999,2024-09-27,BTCUSDT,31.309616660000000000000000,-31.39620837340000000000000000,0.6455527401763996400,0E-10,0,0E-27,0E-24,31.309616660000000000000000,0E-24,-31.39620837340000000000000000,0.55896102677639964000000000,BASE_E3,permanent,run_dfea4b7ac1475668d5968c97,168
1727481599999999999,2024-09-27,ETHUSDT,79.4062461320000000000000000,-78.830527431600000000000000000,0.7886984339579279760,0E-9,0,0E-26,0E-25,79.406246132000000000000000,0E-25,-78.830527431600000000000000000,1.364417134357927976000000000,BASE_E3,permanent,run_dfea4b7ac1475668d5968c97,168
1727567999999999999,2024-09-28,BTCUSDT,4.889397113300000000000000,-4.72690326264000000000000000,0.5187043288179200760,0E-10,0,0E-27,0E-24,4.889397113300000000000000,0E-24,-4.72690326264000000000000000,0.68119817947792007600000000,BASE_E3,permanent,run_dfea4b7ac1475668d5968c97,168
1727567999999999999,2024-09-28,ETHUSDT,-23.9529155660000000000000000,24.142793182200000000000000000,0.7903936099710322560,0E-9,0,0E-26,0E-25,-23.952915566000000000000000,0E-25,24.142793182200000000000000000,0.980271226171032256000000000,BASE_E3,permanent,run_dfea4b7ac1475668d5968c97,168
1727654399999999999,2024-09-29,BTCUSDT,-12.858266655900000000000000,12.95320000000000000000000000,0.3791335050075710280,0E-10,0,0E-27,0E-24,-12.858266655900000000000000,0E-24,12.95320000000000000000000000,0.47406684910757102800000000,BASE_E3,permanent,run_dfea4b7ac1475668d5968c97,168
1727654399999999999,2024-09-29,ETHUSDT,-20.6390719080000000000000000,20.662806817800000000000000000,0.6346497880800000000,0E-9,0,0E-26,0E-25,-20.639071908000000000000000,0E-25,20.662806817800000000000000000,0.658384697880000000000000000,BASE_E3,permanent,run_dfea4b7ac1475668d5968c97,168
1727740799999999999,2024-09-30,BTCUSDT,-118.309263604100000000000000,117.85280000000000000000000000,0.7017379402534417020,0E-10,0,0E-27,0E-24,-118.309263604100000000000000,0E-24,117.85280000000000000000000000,0.24527433615344170200000000,BASE_E3,permanent,run_dfea4b7ac1475668d5968c97,168
1727740799999999999,2024-09-30,ETHUSDT,-69.6033169840000000000000000,68.783400000000000000000000000,0.8195751786462767100,0E-9,0,0E-26,0E-25,-69.603316984000000000000000,0E-25,68.783400000000000000000000000,-0.000341805353723290000000000,BASE_E3,permanent,run_dfea4b7ac1475668d5968c97,168
1727827199999999999,2024-10-01,BTCUSDT,-130.170511403900000000000000,130.54197276588000000000000000,0.9878043831177080000,0E-10,0,0E-27,0E-24,-130.170511403900000000000000,0E-24,130.54197276588000000000000000,1.35926574509770800000000000,BASE_E3,permanent,run_dfea4b7ac1475668d5968c97,168
1727827199999999999,2024-10-01,ETHUSDT,-195.0505696800000000000000000,195.526800000000000000000000000,0.9281242942472706660,0E-9,0,0E-26,0E-25,-195.050569680000000000000000,0E-25,195.526800000000000000000000000,1.404354614247270666000000000,BASE_E3,permanent,run_dfea4b7ac1475668d5968c97,168
1727913599999999999,2024-10-02,BTCUSDT,-10.774772896100000000000000,10.54442723412000000000000000,0.7428966729677380160,0E-10,0,0E-27,0E-24,-10.774772896100000000000000,0E-24,10.54442723412000000000000000,0.51255101098773801600000000,BASE_E3,permanent,run_dfea4b7ac1475668d5968c97,168
1727913599999999999,2024-10-02,ETHUSDT,-106.4336022020000000000000000,105.915647728800000000000000000,0.8327207472385129020,0E-9,0,0E-26,0E-25,-106.433602202000000000000000,0E-25,105.915647728800000000000000000,0.314766274038512902000000000,BASE_E3,permanent,run_dfea4b7ac1475668d5968c97,168
1727999999999999999,2024-10-03,BTCUSDT,6.339937327000000000000000,-6.33385741820000000000000000,0.4140114433870876448,0E-10,0,0E-27,0E-24,6.339937327000000000000000,0E-24,-6.33385741820000000000000000,0.42009135218708764480000000,BASE_E3,permanent,run_dfea4b7ac1475668d5968c97,168
1727999999999999999,2024-10-03,ETHUSDT,-19.0262506600000000000000000,19.194066813600000000000000000,0.3310393993185802320,0E-9,0,0E-26,0E-25,-19.026250660000000000000000,0E-25,19.194066813600000000000000000,0.498855552918580232000000000,BASE_E3,permanent,run_dfea4b7ac1475668d5968c97,168
1728086399999999999,2024-10-04,BTCUSDT,68.309054022000000000000000,-67.84414258180000000000000000,0.2995857203677423332,0E-10,0,0E-27,0E-24,68.309054022000000000000000,0E-24,-67.84414258180000000000000000,0.76449716056774233320000000,BASE_E3,permanent,run_dfea4b7ac1475668d5968c97,168
1728086399999999999,2024-10-04,ETHUSDT,88.5212446320000000000000000,-88.551514542400000000000000560,0.4030763788689808120,-0.388240392,0,0.05241068422019139628233322,0E-25,88.521244632000000000000000,0E-25,-88.551514542400000000000000560,-0.015433923531019188000000560,BASE_E3,permanent,run_dfea4b7ac1475668d5968c97,168
1728172799999999999,2024-10-05,BTCUSDT,0.660518491000000000000000,-1.04953473196000000000000000,0.0114234840635597500,0E-10,0,0E-27,0E-24,0.660518491000000000000000,0E-24,-1.04953473196000000000000000,-0.37759275689644025000000000,BASE_E3,permanent,run_dfea4b7ac1475668d5968c97,168
1728172799999999999,2024-10-05,ETHUSDT,1.3837065650000000000000000,-1.255675856400000000000000000,0.7727457782115189150,0E-9,0,0E-26,0E-25,1.383706565000000000000000,0E-25,-1.255675856400000000000000000,0.900776486811518915000000000,BASE_E3,permanent,run_dfea4b7ac1475668d5968c97,168
1728259199999999999,2024-10-06,BTCUSDT,38.645012563200000000000000,-38.41611125404000000000000000,0.2605901395423402752,0E-10,0,0E-27,0E-24,38.645012563200000000000000,0E-24,-38.41611125404000000000000000,0.48949144870234027520000000,BASE_E3,permanent,run_dfea4b7ac1475668d5968c97,168
1728259199999999999,2024-10-06,ETHUSDT,34.0994617850000000000000000,-33.992047399100000000000000000,0.5835797615334696640,0E-9,0,0E-26,0E-25,34.099461785000000000000000,0E-25,-33.992047399100000000000000000,0.690994147433469664000000000,BASE_E3,permanent,run_dfea4b7ac1475668d5968c97,168
1728345599999999999,2024-10-07,BTCUSDT,-30.635575743200000000000000,30.24084598600000000000000000,0.1899118060714931160,0E-10,0,0E-27,0E-24,-30.635575743200000000000000,0E-24,30.24084598600000000000000000,-0.20481795112850688400000000,BASE_E3,permanent,run_dfea4b7ac1475668d5968c97,168
1728345599999999999,2024-10-07,ETHUSDT,-24.1806147250000000000000000,23.945223255500000000000000000,0.5152693339034527720,0E-9,0,0E-26,0E-25,-24.180614725000000000000000,0E-25,23.945223255500000000000000000,0.279877864403452772000000000,BASE_E3,permanent,run_dfea4b7ac1475668d5968c97,168
1728431999999999999,2024-10-08,BTCUSDT,-3.432615780000000000000000,3.83760000000000000000000000,0.4377511782660525080,0E-10,0,0E-27,0E-24,-3.432615780000000000000000,0E-24,3.83760000000000000000000000,0.84273539826605250800000000,BASE_E3,permanent,run_dfea4b7ac1475668d5968c97,168
1728431999999999999,2024-10-08,ETHUSDT,25.5506212250000000000000000,-25.349026964300000000000000000,0.8288335917049505890,0E-9,0,0E-26,0E-25,25.550621225000000000000000,0E-25,-25.349026964300000000000000000,1.030427852404950589000000000,BASE_E3,permanent,run_dfea4b7ac1475668d5968c97,168
1728518399999999999,2024-10-09,BTCUSDT,-79.781792126700000000000000,79.73540780140000000000000000,0.7465238643474695616,0E-10,0,0E-27,0E-24,-79.781792126700000000000000,0E-24,79.73540780140000000000000000,0.70013953904746956160000000,BASE_E3,permanent,run_dfea4b7ac1475668d5968c97,168
1728518399999999999,2024-10-09,ETHUSDT,-97.0649605250000000000000000,96.761491277500000000000000000,0.7927635098725996400,0E-9,0,0E-26,0E-25,-97.064960525000000000000000,0E-25,96.761491277500000000000000000,0.489294262372599640000000000,BASE_E3,permanent,run_dfea4b7ac1475668d5968c97,168
1728604799999999999,2024-10-10,BTCUSDT,-16.498399662600000000000000,16.60354541820000000000000000,0.4303604017760734856,0E-10,0,0E-27,0E-24,-16.498399662600000000000000,0E-24,16.60354541820000000000000000,0.53550615737607348560000000,BASE_E3,permanent,run_dfea4b7ac1475668d5968c97,168
1728604799999999999,2024-10-10,ETHUSDT,20.4815971750000000000000000,-20.366264313200000000000000000,0.8737240336227505070,0E-9,0,0E-26,0E-25,20.481597175000000000000000,0E-25,-20.366264313200000000000000000,0.989056895422750507000000000,BASE_E3,permanent,run_dfea4b7ac1475668d5968c97,168
1728691199999999999,2024-10-11,BTCUSDT,111.561053036600000000000000,-111.78486025512000000000000000,0.0147302358766344808,0E-10,0,0E-27,0E-24,111.561053036600000000000000,0E-24,-111.78486025512000000000000000,-0.20907698264336551920000000,BASE_E3,permanent,run_dfea4b7ac1475668d5968c97,168
1728691199999999999,2024-10-11,ETHUSDT,70.7197355300000000000000000,-70.472115000000000000000000000,0.8392047594906370280,0E-9,0,0E-26,0E-25,70.719735530000000000000000,0E-25,-70.472115000000000000000000000,1.086825289490637028000000000,BASE_E3,permanent,run_dfea4b7ac1475668d5968c97,168
1728777599999999999,2024-10-12,BTCUSDT,38.404729458600000000000000,-38.21809296448000000000000000,0.3492944914238825344,0E-10,0,0E-27,0E-24,38.404729458600000000000000,0E-24,-38.21809296448000000000000000,0.53593098554388253440000000,BASE_E3,permanent,run_dfea4b7ac1475668d5968c97,168
1728777599999999999,2024-10-12,ETHUSDT,54.0741565550000000000000000,-53.818622611800000000000000000,0.7324272826026992500,0E-9,0,0E-26,0E-25,54.074156555000000000000000,0E-25,-53.818622611800000000000000000,0.987961225802699250000000000,BASE_E3,permanent,run_dfea4b7ac1475668d5968c97,168
1728863999999999999,2024-10-13,BTCUSDT,-17.065821452900000000000000,16.87466419860000000000000000,0.2036335363400000000,0E-10,0,0E-27,0E-24,-17.065821452900000000000000,0E-24,16.87466419860000000000000000,0.01247628204000000000000000,BASE_E3,permanent,run_dfea4b7ac1475668d5968c97,168
1728863999999999999,2024-10-13,ETHUSDT,-10.3709492050000000000000000,9.934886403000000000000000000,0.4613536296419472880,0E-9,0,0E-26,0E-25,-10.370949205000000000000000,0E-25,9.934886403000000000000000000,0.025290827641947288000000000,BASE_E3,permanent,run_dfea4b7ac1475668d5968c97,168
1728950399999999999,2024-10-14,BTCUSDT,166.400730775200000000000000,-166.75426419860000000000000000,0.8557847349944564828,0E-10,0,0E-27,0E-24,166.400730775200000000000000,0E-24,-166.75426419860000000000000000,0.50225131159445648280000000,BASE_E3,permanent,run_dfea4b7ac1475668d5968c97,168
1728950399999999999,2024-10-14,ETHUSDT,220.6806470200000000000000000,-221.116048791200000000000000000,0.9300084082116648080,0E-9,0,0E-26,0E-25,220.680647020000000000000000,0E-25,-221.116048791200000000000000000,0.494606637011664808000000000,BASE_E3,permanent,run_dfea4b7ac1475668d5968c97,168
1729036799999999999,2024-10-15,BTCUSDT,50.681011711800000000000000,-50.39032008504000000000000000,1.0280290800000000000,0E-10,0,0E-27,0E-24,50.681011711800000000000000,0E-24,-50.39032008504000000000000000,1.31872070676000000000000000,BASE_E3,permanent,run_dfea4b7ac1475668d5968c97,168
1729036799999999999,2024-10-15,ETHUSDT,-32.0444520350000000000000000,31.953288406600000000000000000,1.0709022507500000000,0E-9,0,0E-26,0E-25,-32.044452035000000000000000,0E-25,31.953288406600000000000000000,0.979738622350000000000000000,BASE_E3,permanent,run_dfea4b7ac1475668d5968c97,168
1729123199999999999,2024-10-16,BTCUSDT,30.491613833900000000000000,-30.56847991495999999999999958,0.9383428963231211200,-0.3052413900,0,0.040886775218367502276082190,21.369028598273252036172289,9.122585235626747963827711,-21.138898760393992452729840,-9.42958115456600754727015958,0.55623542526312112000000042,BASE_E3,permanent,run_dfea4b7ac1475668d5968c97,168
1729123199999999999,2024-10-16,ETHUSDT,6.9596330200000000000000000,-6.608288406600000000000000000,1.0712992420711900000,0E-9,0,0E-26,0E-25,6.959633020000000000000000,0E-25,-6.608288406600000000000000000,1.422643855471190000000000000,BASE_E3,permanent,run_dfea4b7ac1475668d5968c97,168
1729209599999999999,2024-10-17,BTCUSDT,-8.909896194000000000000000,8.92567458139000000000000000,0.9919419425255340000,0E-10,0,0E-27,0E-24,-8.909896194000000000000000,0E-24,8.92567458139000000000000000,1.00772032991553400000000000,BASE_E3,permanent,run_dfea4b7ac1475668d5968c97,168
1729209599999999999,2024-10-17,ETHUSDT,-8.3981398450000000000000000,8.466600000000000000000000000,1.0780086888035700000,0E-9,0,0E-26,0E-25,-8.398139845000000000000000,0E-25,8.466600000000000000000000000,1.146468843803570000000000000,BASE_E3,permanent,run_dfea4b7ac1475668d5968c97,168
1729295999999999999,2024-10-18,BTCUSDT,48.039435359300000000000000,-47.66997458139000000000000000,0.9999554991714190000,0E-10,0,0E-27,0E-24,48.039435359300000000000000,0E-24,-47.66997458139000000000000000,1.36941627708141900000000000,BASE_E3,permanent,run_dfea4b7ac1475668d5968c97,168
1729295999999999999,2024-10-18,ETHUSDT,46.3888342600000000000000003,-46.270980000000000000000000044,1.0379339508830700000,-0.328350960,0,0.04513077504387239861161141,-42.8540692714977796651484597,89.242903531497779665148460,42.9525799947350647059385705,-89.223559994735064705938570544,0.827437250883070000000000256,BASE_E3,permanent,run_dfea4b7ac1475668d5968c97,168
1729382399999999999,2024-10-19,BTCUSDT,-2.739131453700000000000000,2.47450000000000000000000000,1.0042393646859910000,0E-10,0,0E-27,0E-24,-2.739131453700000000000000,0E-24,2.47450000000000000000000000,0.73960791098599100000000000,BASE_E3,permanent,run_dfea4b7ac1475668d5968c97,168
1729382399999999999,2024-10-19,ETHUSDT,7.9732403000000000000000000,-8.024640000000000000000000000,1.0193002059701100000,0E-9,0,0E-26,0E-25,7.973240300000000000000000,0E-25,-8.024640000000000000000000000,0.967900505970110000000000000,BASE_E3,permanent,run_dfea4b7ac1475668d5968c97,168
1729468799999999999,2024-10-20,BTCUSDT,32.022206128700000000000000,-32.83000000000000000000000000,1.0060311552759930000,0E-10,0,0E-27,0E-24,32.022206128700000000000000,0E-24,-32.83000000000000000000000000,0.19823728397599300000000000,BASE_E3,permanent,run_dfea4b7ac1475668d5968c97,168
1729468799999999999,2024-10-20,ETHUSDT,127.8933464250000000000000000,-129.067850696580000000000000000,1.0286416602752120000,0E-9,0,0E-26,0E-25,127.893346425000000000000000,0E-25,-129.067850696580000000000000000,-0.145862611304788000000000000,BASE_E3,permanent,run_dfea4b7ac1475668d5968c97,168
1729555199999999999,2024-10-21,BTCUSDT,-80.559086187500000000000000,81.07881783673000000000000000,1.0039369260327540000,0E-10,0,0E-27,0E-24,-80.559086187500000000000000,0E-24,81.07881783673000000000000000,1.52366857526275400000000000,BASE_E3,permanent,run_dfea4b7ac1475668d5968c97,168
1729555199999999999,2024-10-21,ETHUSDT,-104.1022261750000000000000000,104.404650427360000000000000000,1.0480747141358960000,0E-9,0,0E-26,0E-25,-104.102226175000000000000000,0E-25,104.404650427360000000000000000,1.350498966495896000000000000,BASE_E3,permanent,run_dfea4b7ac1475668d5968c97,168
1729641599999999999,2024-10-22,BTCUSDT,1.749633081000000000000000,-2.02221783673000000000000000,0.9899349511432850000,0E-10,0,0E-27,0E-24,1.749633081000000000000000,0E-24,-2.02221783673000000000000000,0.71735019541328500000000000,BASE_E3,permanent,run_dfea4b7ac1475668d5968c97,168
1729641599999999999,2024-10-22,ETHUSDT,-57.2144291850000000000000000,57.764840269220000000000000000,1.0207262406461560000,0E-9,0,0E-26,0E-25,-57.214429185000000000000000,0E-25,57.764840269220000000000000000,1.571137324866156000000000000,BASE_E3,permanent,run_dfea4b7ac1475668d5968c97,168
1729727999999999999,2024-10-23,BTCUSDT,-34.585394087700000000000000,34.74590000000000000000000000,0.9822330772780260000,0E-10,0,0E-27,0E-24,-34.585394087700000000000000,0E-24,34.74590000000000000000000000,1.14273898957802600000000000,BASE_E3,permanent,run_dfea4b7ac1475668d5968c97,168
1729727999999999999,2024-10-23,ETHUSDT,-122.9679415300000000000000000,123.018760000000000000000000000,0.9983894192778820000,0E-9,0,0E-26,0E-25,-122.967941530000000000000000,0E-25,123.018760000000000000000000000,1.049207889277882000000000000,BASE_E3,permanent,run_dfea4b7ac1475668d5968c97,168
1729814399999999999,2024-10-24,BTCUSDT,72.950877798300000000000000,-72.78460000000000000000000000,0.9869923300602750000,0E-10,0,0E-27,0E-24,72.950877798300000000000000,0E-24,-72.78460000000000000000000000,1.15327012836027500000000000,BASE_E3,permanent,run_dfea4b7ac1475668d5968c97,168
1729814399999999999,2024-10-24,ETHUSDT,12.0498809050000000000000000,-12.512780000000000000000000000,0.9764906891618760000,0E-9,0,0E-26,0E-25,12.049880905000000000000000,0E-25,-12.512780000000000000000000000,0.513591594161876000000000000,BASE_E3,permanent,run_dfea4b7ac1475668d5968c97,168
1729900799999999999,2024-10-25,BTCUSDT,-70.406803478000000000000000,70.35534402848000000000000000,0.9963970366695310000,0E-10,0,0E-27,0E-24,-70.406803478000000000000000,0E-24,70.35534402848000000000000000,0.94493758714953100000000000,BASE_E3,permanent,run_dfea4b7ac1475668d5968c97,168
1729900799999999999,2024-10-25,ETHUSDT,-119.8429457350000000000000000,120.219654354720000000000000000,0.9700645249217920000,0E-9,0,0E-26,0E-25,-119.842945735000000000000000,0E-25,120.219654354720000000000000000,1.346773144641792000000000000,BASE_E3,permanent,run_dfea4b7ac1475668d5968c97,168
1729987199999999999,2024-10-26,BTCUSDT,16.569074286400000000000000,-16.39076959751000000000000000,0.7314211870056090986,0E-10,0,0E-27,0E-24,16.569074286400000000000000,0E-24,-16.39076959751000000000000000,0.90972587589560909860000000,BASE_E3,permanent,run_dfea4b7ac1475668d5968c97,168
1729987199999999999,2024-10-26,ETHUSDT,51.9160824050000000000000000,-51.960177264980000000000000000,0.9467243829171980000,0E-9,0,0E-26,0E-25,51.916082405000000000000000,0E-25,-51.960177264980000000000000000,0.902629522937198000000000000,BASE_E3,permanent,run_dfea4b7ac1475668d5968c97,168
1730073599999999999,2024-10-27,BTCUSDT,44.206905753300000000000000,-44.11343198437000000000000000,0.9807527927773940000,0E-10,0,0E-27,0E-24,44.206905753300000000000000,0E-24,-44.11343198437000000000000000,1.07422656170739400000000000,BASE_E3,permanent,run_dfea4b7ac1475668d5968c97,168
1730073599999999999,2024-10-27,ETHUSDT,31.6100397700000000000000000,-32.508053572640000000000000000,0.9597746865269220000,0E-9,0,0E-26,0E-25,31.610039770000000000000000,0E-25,-32.508053572640000000000000000,0.061760883886922000000000000,BASE_E3,permanent,run_dfea4b7ac1475668d5968c97,168
1730159999999999999,2024-10-28,BTCUSDT,83.818612067400000000000000,-82.36134244660000000000000014,0.9492790452196730000,-5.1223747400,0,0.686008990424534521625535134,440.592787105129783257480727,-356.774175037729783257480727,-435.668779753101876727920727,353.30743730650187672792072686,-2.71582607398032700000000014,BASE_E3,permanent,run_dfea4b7ac1475668d5968c97,168
1730159999999999999,2024-10-28,ETHUSDT,17.9272285050000000000000000,-15.136843517099999999999999976,0.9669163940000000000,-4.862153810,0,0.65191294601968549024103755,-765.1153338469779124926299910,783.042562351977912492629991,768.9897261098725382361547824,-784.126569626972538236154782376,-1.104852428099999999999999976,BASE_E3,permanent,run_dfea4b7ac1475668d5968c97,168
1730246399999999999,2024-10-29,BTCUSDT,0.025808925900000000000000,0E-24,0E-19,0E-10,0,0E-26,0E-24,0.025808925900000000000000,0E-24,0E-11,0.025808925900000000000000,BASE_E3,permanent,run_dfea4b7ac1475668d5968c97,168
1730246399999999999,2024-10-29,ETHUSDT,0.0004648150000000000000000,0E-25,0E-19,0E-9,0,0E-26,0E-25,0.000464815000000000000000,0E-25,0E-11,0.0004648150000000000000000,BASE_E3,permanent,run_dfea4b7ac1475668d5968c97,168
1730332799999999999,2024-10-30,BTCUSDT,-4.012679678700000000000000,0E-24,0E-19,-6.6929871732,0,0.66964790539521887110659691,-3.899303957958898777972297,-0.113375720741101222027703,0E-24,0E-11,-10.705666851900000000000000,BASE_E3,permanent,run_dfea4b7ac1475668d5968c97,168
1730332799999999999,2024-10-30,ETHUSDT,0.5344241880000000000000000,0E-25,0E-19,-6.392745128,0,0.65042378861510924639964135,0.5294751091719129281512320,0.004949078828087071848768,0E-25,0E-11,-5.8583209400000000000000000,BASE_E3,permanent,run_dfea4b7ac1475668d5968c97,168
1730419199999999999,2024-10-31,BTCUSDT,-97.877413879000000000000000,94.556366808540000000000000,0.3249337121320620000,-5.0002542600,0,0.66828246666780049223982175,0E-24,-97.877413879000000000000000,0E-24,94.55636680854,-7.996367618327938000000000,BASE_E3,permanent,run_dfea4b7ac1475668d5968c97,168
1730419199999999999,2024-10-31,ETHUSDT,-159.7363937220000000000000000,156.6346383272000000000000000,0.3242173308614900000,-5.021575171,0,0.68706735894775371959479221,0E-25,-159.736393722000000000000000,0E-25,156.63463832720,-7.7991132349385100000000000,BASE_E3,permanent,run_dfea4b7ac1475668d5968c97,168
1730505599999999999,2024-11-01,BTCUSDT,-36.478220451200000000000000,37.459033191460000000000000,0.9613952648382920000,0E-10,0,0E-26,0E-24,-36.478220451200000000000000,0E-24,37.45903319146,1.942208005098292000000000,BASE_E3,permanent,run_dfea4b7ac1475668d5968c97,168
1730505599999999999,2024-11-01,ETHUSDT,-7.7293247460000000000000000,7.5563619675500000000000000,0.9516404473758050000,0E-9,0,0E-26,0E-25,-7.729324746000000000000000,0E-25,7.55636196755,0.7786776689258050000000000,BASE_E3,permanent,run_dfea4b7ac1475668d5968c97,168
1730591999999999999,2024-11-02,BTCUSDT,-8.414264123600000000000000,8.658344994280000000000000,0.9600521558269360000,0E-10,0,0E-26,0E-24,-8.414264123600000000000000,0E-24,8.65834499428,1.204133026506936000000000,BASE_E3,permanent,run_dfea4b7ac1475668d5968c97,168
1730591999999999999,2024-11-02,ETHUSDT,-26.0975400180000000000000000,26.9094962609000000000000000,0.9496952610098250000,0E-9,0,0E-26,0E-25,-26.097540018000000000000000,0E-25,26.90949626090,1.7616515039098250000000000,BASE_E3,permanent,run_dfea4b7ac1475668d5968c97,168
1730678399999999999,2024-11-03,BTCUSDT,-25.395536407600000000000000,25.933655005720000000000000,0.9469458965404500000,0E-10,0,0E-26,0E-24,-25.395536407600000000000000,0E-24,25.93365500572,1.485064494660450000000000,BASE_E3,permanent,run_dfea4b7ac1475668d5968c97,168
1730678399999999999,2024-11-03,ETHUSDT,-44.0735964240000000000000000,44.0377034443500000000000000,0.9343637397854650000,0E-9,0,0E-26,0E-25,-44.073596424000000000000000,0E-25,44.03770344435,0.8984707601354650000000000,BASE_E3,permanent,run_dfea4b7ac1475668d5968c97,168
1730764799999999999,2024-11-04,BTCUSDT,-42.142631840000000000000000,42.062400000000000000000000,0.9475495394777040000,0E-10,0,0E-26,0E-24,-42.142631840000000000000000,0E-24,42.06240000000,0.867317699477704000000000,BASE_E3,permanent,run_dfea4b7ac1475668d5968c97,168
1730764799999999999,2024-11-04,ETHUSDT,-75.1426988400000000000000000,75.5352775023000000000000000,0.9308305817268700000,0E-9,0,0E-26,0E-25,-75.142698840000000000000000,0E-25,75.53527750230,1.3234092440268700000000000,BASE_E3,permanent,run_dfea4b7ac1475668d5968c97,168
1730851199999999999,2024-11-05,BTCUSDT,69.164984254000000000000000,-68.711691574380000000000000,0.9490610654084940000,0E-10,0,0E-26,0E-24,69.164984254000000000000000,0E-24,-68.71169157438,1.402353745028494000000000,BASE_E3,permanent,run_dfea4b7ac1475668d5968c97,168
1730851199999999999,2024-11-05,ETHUSDT,30.5883915480000000000000000,-30.2458720795000000000000000,0.9209272795006900000,0E-9,0,0E-26,0E-25,30.588391548000000000000000,0E-25,-30.24587207950,1.2634467480006900000000000,BASE_E3,permanent,run_dfea4b7ac1475668d5968c97,168
1730937599999999999,2024-11-06,BTCUSDT,285.642390553600000000000000,-286.814551536240000000000000,0.9985519569617080000,0E-10,0,0E-26,0E-24,285.642390553600000000000000,0E-24,-286.81455153624,-0.173609025678292000000000,BASE_E3,permanent,run_dfea4b7ac1475668d5968c97,168
1730937599999999999,2024-11-06,ETHUSDT,377.5983868140000000000000000,-379.6921554228000000000000000,0.9527907844513850000,0E-9,0,0E-26,0E-25,377.598386814000000000000000,0E-25,-379.69215542280,-1.1409778243486150000000000,BASE_E3,permanent,run_dfea4b7ac1475668d5968c97,168
1731023999999999999,2024-11-07,BTCUSDT,12.330860464800000000000000,-11.804432747660000000000000,1.0416742777063820000,0E-10,0,0E-26,0E-24,12.330860464800000000000000,0E-24,-11.80443274766,1.568101994846382000000000,BASE_E3,permanent,run_dfea4b7ac1475668d5968c97,168
1731023999999999999,2024-11-07,ETHUSDT,212.3207089240000000000000005,-212.0658300000000000000000000,1.2134878158409853925,-0.334399495,0,0.04539057046351915639587694,13.8787582292112781340517705,198.441950694788721865948230,-14.2373800000000000000000000,-197.82845000000,1.1339672448409853925000005,BASE_E3,permanent,run_dfea4b7ac1475668d5968c97,168
1731110399999999999,2024-11-08,BTCUSDT,31.208091109200000000000000,-30.397188631920000000000000,1.0508642333617080000,0E-10,0,0E-26,0E-24,31.208091109200000000000000,0E-24,-30.39718863192,1.861766710641708000000000,BASE_E3,permanent,run_dfea4b7ac1475668d5968c97,168
1731110399999999999,2024-11-08,ETHUSDT,80.5076213680000000000000000,-80.6242800000000000000000000,1.0372320220904000000,0E-9,0,0E-26,0E-25,80.507621368000000000000000,0E-25,-80.62428000000,0.9205733900904000000000000,BASE_E3,permanent,run_dfea4b7ac1475668d5968c97,168
1731196799999999999,2024-11-09,BTCUSDT,10.197964818400000000000000,-11.494461938100000000000000,1.0548573287515820000,0E-10,0,0E-26,0E-24,10.197964818400000000000000,0E-24,-11.49446193810,-0.241639790948418000000000,BASE_E3,permanent,run_dfea4b7ac1475668d5968c97,168
1731196799999999999,2024-11-09,ETHUSDT,198.9918785080000000000000000,-199.5563600000000000000000000,1.0714200790777040000,0E-9,0,0E-26,0E-25,198.991878508000000000000000,0E-25,-199.55636000000,0.5069385870777040000000000,BASE_E3,permanent,run_dfea4b7ac1475668d5968c97,168
1731283199999999999,2024-11-10,BTCUSDT,168.871414709600000000000000,-170.626073571700000000000000,1.7990916897161120000,0E-10,0,0E-26,0E-24,168.871414709600000000000000,0E-24,-170.62607357170,0.044432827616112000000000,BASE_E3,permanent,run_dfea4b7ac1475668d5968c97,168
1731283199999999999,2024-11-10,ETHUSDT,71.4819437220000000000000000,-73.1050400000000000000000000,1.7662863409626504576,0E-9,0,0E-26,0E-25,71.481943722000000000000000,0E-25,-73.10504000000,0.1431900629626504576000000,BASE_E3,permanent,run_dfea4b7ac1475668d5968c97,168
1731369599999999999,2024-11-11,BTCUSDT,378.110041867600000000000000,-379.414740794460000000000000,2.1242416819028020000,0E-10,0,0E-26,0E-24,378.110041867600000000000000,0E-24,-379.41474079446,0.819542755042802000000000,BASE_E3,permanent,run_dfea4b7ac1475668d5968c97,168
1731369599999999999,2024-11-11,ETHUSDT,217.3041600920000000000000000,-218.2417450743200000000000000,2.4600135519468282528,0E-9,0,0E-26,0E-25,217.304160092000000000000000,0E-25,-218.24174507432,1.5224285696268282528000000,BASE_E3,permanent,run_dfea4b7ac1475668d5968c97,168
1731455999999999999,2024-11-12,BTCUSDT,-36.455676903600000000000000,38.702323149220000000000000,5.3424531884009428856,0E-10,0,0E-26,0E-24,-36.455676903600000000000000,0E-24,38.70232314922,7.589099434020942885600000,BASE_E3,permanent,run_dfea4b7ac1475668d5968c97,168
1731455999999999999,2024-11-12,ETHUSDT,68.7368148300000000000000000,-64.8445949256800000000000000,3.0117602238926615920,-6.102586720,0,0.83037462621867420015487822,930.8563939220832388225999980,-862.119579092083238822599998,-933.4650200000000000000000000,868.62042507432,0.8013934082126615920000000,BASE_E3,permanent,run_dfea4b7ac1475668d5968c97,168
1731542399999999999,2024-11-13,BTCUSDT,120.233940798800000000000000,-120.975782354760000000000000,1.8623475873611770420,0E-10,0,0E-26,0E-24,120.233940798800000000000000,0E-24,-120.97578235476,1.120506031401177042000000,BASE_E3,permanent,run_dfea4b7ac1475668d5968c97,168
1731542399999999999,2024-11-13,ETHUSDT,-127.7701809560000000000000000,130.0247100000000000000000000,0E-19,-5.032322050,0,0.68003470652829196033518345,0E-25,-127.770180956000000000000000,0E-25,130.02471000000,-2.7777930060000000000000000,BASE_E3,permanent,run_dfea4b7ac1475668d5968c97,168
1731628799999999999,2024-11-14,BTCUSDT,-106.159975024400000000000000,106.938320454600000000000000,1.1504604468348560000,-1.3653103000,0,0.18272788514150052380628330,186.003565311546514981512647,-292.163540335946514981512647,-186.164000000000000000000000,293.10232045460,0.563495577034856000000000,BASE_E3,permanent,run_dfea4b7ac1475668d5968c97,168
1731628799999999999,2024-11-14,ETHUSDT,-128.2676760420000000000000000,128.9058042411900000000000000,0.9779033784447930000,0E-9,0,0E-26,0E-25,-128.267676042000000000000000,0E-25,128.90580424119,1.6160315776347930000000000,BASE_E3,permanent,run_dfea4b7ac1475668d5968c97,168
1731715199999999999,2024-11-15,BTCUSDT,133.258474371200000000000000,-133.734320454600000000000000,0.9799143047880120000,0E-10,0,0E-26,0E-24,133.258474371200000000000000,0E-24,-133.73432045460,0.504068221388012000000000,BASE_E3,permanent,run_dfea4b7ac1475668d5968c97,168
1731715199999999999,2024-11-15,ETHUSDT,28.1568123100000000000000000,-28.7888743349700000000000000,1.1152655897181000000,0E-9,0,0E-26,0E-25,28.156812310000000000000000,0E-25,-28.78887433497,0.4832035647481000000000000,BASE_E3,permanent,run_dfea4b7ac1475668d5968c97,168
1731801599999999999,2024-11-16,BTCUSDT,-18.427785287200000000000000,18.119939727240000000000000,1.0875255410618280000,0E-10,0,0E-26,0E-24,-18.427785287200000000000000,0E-24,18.11993972724,0.779679981101828000000000,BASE_E3,permanent,run_dfea4b7ac1475668d5968c97,168
1731801599999999999,2024-11-16,ETHUSDT,43.1400783220000000000000000,-43.1875199062200000000000000,1.2443424641673000000,0E-9,0,0E-26,0E-25,43.140078322000000000000000,0E-25,-43.18751990622,1.1969008799473000000000000,BASE_E3,permanent,run_dfea4b7ac1475668d5968c97,168
1731887999999999999,2024-11-17,BTCUSDT,-24.763619237600000000000000,25.345838454480000000000000,1.1842700125210006140,0E-10,0,0E-26,0E-24,-24.763619237600000000000000,0E-24,25.34583845448,1.766489229401000614000000,BASE_E3,permanent,run_dfea4b7ac1475668d5968c97,168
1731887999999999999,2024-11-17,ETHUSDT,-57.9919121760000000000000000,57.5952398090700000000000000,1.2487865055582540000,0E-9,0,0E-26,0E-25,-57.991912176000000000000000,0E-25,57.59523980907,0.8521141386282540000000000,BASE_E3,permanent,run_dfea4b7ac1475668d5968c97,168
1731974399999999999,2024-11-18,BTCUSDT,23.060476785600000000000000,-22.934978181720000000000000,2.2373563883403451248,0E-10,0,0E-26,0E-24,23.060476785600000000000000,0E-24,-22.93497818172,2.362854992220345124800000,BASE_E3,permanent,run_dfea4b7ac1475668d5968c97,168
1731974399999999999,2024-11-18,ETHUSDT,131.9983272960000000000000000,-133.8284947621800000000000000,2.2493844279227556618,0E-9,0,0E-26,0E-25,131.998327296000000000000000,0E-25,-133.82849476218,0.4192169617427556618000000,BASE_E3,permanent,run_dfea4b7ac1475668d5968c97,168
1732060799999999999,2024-11-19,BTCUSDT,62.331413019200000000000000,-61.524000000000000000000000,2.2988845950343007832,0E-10,0,0E-26,0E-24,62.331413019200000000000000,0E-24,-61.52400000000,3.106297614234300783200000,BASE_E3,permanent,run_dfea4b7ac1475668d5968c97,168
1732060799999999999,2024-11-19,ETHUSDT,-100.8792363480000000000000000,102.8629949531100000000000000,2.4652449658233000000,0E-9,0,0E-26,0E-25,-100.879236348000000000000000,0E-25,102.86299495311,4.4490035709333000000000000,BASE_E3,permanent,run_dfea4b7ac1475668d5968c97,168
1732147199999999999,2024-11-20,BTCUSDT,72.314052173200000000000000,-74.469600000000000000000000,0.6666118024090680000,-5.0893358400,0,0.67998333796662732055496784,784.445995121567453933445531,-712.131942948367453933445531,-788.961600000000000000000000,714.49200000000,-6.578271864390932000000000,BASE_E3,permanent,run_dfea4b7ac1475668d5968c97,168
1732147199999999999,2024-11-20,ETHUSDT,-39.7154334260000000000000000,40.706066322149999999999999465,1.5906841379950139010,-0.291435649,0,0.03948125485952715669329247,0E-25,-39.715433426000000000000000,0E-25,40.706066322149999999999999465,2.289881385145013900999999465,BASE_E3,permanent,run_dfea4b7ac1475668d5968c97,168
1732233599999999999,2024-11-21,BTCUSDT,55.712882838900000000000000,-56.586200000000000000000000,0E-19,-4.9378412070,0,0.66143456825133929017477766,0E-24,55.712882838900000000000000,0E-24,-56.58620000000,-5.811158368100000000000000,BASE_E3,permanent,run_dfea4b7ac1475668d5968c97,168
1732233599999999999,2024-11-21,ETHUSDT,307.0867368100000000000000000,-308.527506322150000000000000000,1.3750761439711145252,0E-9,0,0E-26,0E-25,307.086736810000000000000000,0E-25,-308.527506322150000000000000000,-0.065693368178885474800000000,BASE_E3,permanent,run_dfea4b7ac1475668d5968c97,168
1732319999999999999,2024-11-22,BTCUSDT,17.313414435700000000000000,-16.598817602820000000000000,1.0074465688966580000,0E-10,0,0E-26,0E-24,17.313414435700000000000000,0E-24,-16.59881760282,1.722043401776658000000000,BASE_E3,permanent,run_dfea4b7ac1475668d5968c97,168
1732319999999999999,2024-11-22,ETHUSDT,-30.2815979900000000000000000,31.428170000000000000000000000,3.0735477213789523785,0E-9,0,0E-26,0E-25,-30.281597990000000000000000,0E-25,31.428170000000000000000000000,4.220119731378952378500000000,BASE_E3,permanent,run_dfea4b7ac1475668d5968c97,168
1732406399999999999,2024-11-23,BTCUSDT,-41.483576167900000000000000,40.752417602820000000000000,1.0062113361460800000,0E-10,0,0E-26,0E-24,-41.483576167900000000000000,0E-24,40.75241760282,0.275052771066080000000000,BASE_E3,permanent,run_dfea4b7ac1475668d5968c97,168
1732406399999999999,2024-11-23,ETHUSDT,71.2078966200000000000000000,-71.280211005950000000000000000,3.0828049826946552543,0E-9,0,0E-26,0E-25,71.207896620000000000000000,0E-25,-71.280211005950000000000000000,3.010490596744655254300000000,BASE_E3,permanent,run_dfea4b7ac1475668d5968c97,168
1732492799999999999,2024-11-24,BTCUSDT,8.526644939600000000000000,-9.161944070840000000000000,1.6311071667224104768,0E-10,0,0E-26,0E-24,8.526644939600000000000000,0E-24,-9.16194407084,0.995808035482410476800000,BASE_E3,permanent,run_dfea4b7ac1475668d5968c97,168
1732492799999999999,2024-11-24,ETHUSDT,-35.2605708700000000000000000,35.484931005950000000000000000,2.8205078255485488385,0E-9,0,0E-26,0E-25,-35.260570870000000000000000,0E-25,35.484931005950000000000000000,3.044867961498548838500000000,BASE_E3,permanent,run_dfea4b7ac1475668d5968c97,168
1732579199999999999,2024-11-25,BTCUSDT,-164.707468854800000000000000,164.902344070840000000000000,1.8580216899839522940,0E-10,0,0E-26,0E-24,-164.707468854800000000000000,0E-24,164.90234407084,2.052896906023952294000000,BASE_E3,permanent,run_dfea4b7ac1475668d5968c97,168
1732579199999999999,2024-11-25,ETHUSDT,55.6164147350000000000000000,-56.439800000000000000000000000,2.6978254369963000000,0E-9,0,0E-26,0E-25,55.616414735000000000000000,0E-25,-56.439800000000000000000000000,1.874440171996300000000000000,BASE_E3,permanent,run_dfea4b7ac1475668d5968c97,168
1732665599999999999,2024-11-26,BTCUSDT,-36.778552000200000000000000,36.794800000000000000000000,2.1998738538359167944,0E-10,0,0E-26,0E-24,-36.778552000200000000000000,0E-24,36.79480000000,2.216121853635916794400000,BASE_E3,permanent,run_dfea4b7ac1475668d5968c97,168
1732665599999999999,2024-11-26,ETHUSDT,-92.2075731850000000000000000,92.460410000000000000000000000,1.9883561775617470560,0E-9,0,0E-26,0E-25,-92.207573185000000000000000,0E-25,92.460410000000000000000000000,2.241192992561747056000000000,BASE_E3,permanent,run_dfea4b7ac1475668d5968c97,168
1732751999999999999,2024-11-27,BTCUSDT,131.465930758800000000000000,-130.832735943260000000000000,1.8360790595200000000,0E-10,0,0E-26,0E-24,131.465930758800000000000000,0E-24,-130.83273594326,2.469273875060000000000000,BASE_E3,permanent,run_dfea4b7ac1475668d5968c97,168
1732751999999999999,2024-11-27,ETHUSDT,336.0584657449999999999999997,-336.472298162940000000000000035,2.1192829628994000000,-0.676066720,0,0.09222849342748492558851815,30.9546471123691039676679097,305.103818632630896032332090,-30.8518058154706430568499535,-305.620492347469356943150046535,1.029383824959399999999999665,BASE_E3,permanent,run_dfea4b7ac1475668d5968c97,168
1732838399999999999,2024-11-28,BTCUSDT,-8.180832293900000000000000,8.017935943260000000000000,1.1738377165762955106,0E-10,0,0E-26,0E-24,-8.180832293900000000000000,0E-24,8.01793594326,1.010941365936295510600000,BASE_E3,permanent,run_dfea4b7ac1475668d5968c97,168
1732838399999999999,2024-11-28,ETHUSDT,-69.5444662950000000000000000,69.369047666380000000000000000,1.4466876275853248324,0E-9,0,0E-26,0E-25,-69.544466295000000000000000,0E-25,69.369047666380000000000000000,1.271268998965324832400000000,BASE_E3,permanent,run_dfea4b7ac1475668d5968c97,168
1732924799999999999,2024-11-29,BTCUSDT,61.512826986300000000000000,-61.767126510660000000000000,1.7840192609045786856,0E-10,0,0E-26,0E-24,61.512826986300000000000000,0E-24,-61.76712651066,1.529719736544578685600000,BASE_E3,permanent,run_dfea4b7ac1475668d5968c97,168
1732924799999999999,2024-11-29,ETHUSDT,12.1662608700000000000000000,-11.869569503440000000000000000,1.1960238944687539704,0E-9,0,0E-26,0E-25,12.166260870000000000000000,0E-25,-11.869569503440000000000000000,1.492715261028753970400000000,BASE_E3,permanent,run_dfea4b7ac1475668d5968c97,168
1733011199999999999,2024-11-30,BTCUSDT,-36.042382503700000000000000,35.835636127580000000000000,1.2520243048060000000,0E-10,0,0E-26,0E-24,-36.042382503700000000000000,0E-24,35.83563612758,1.045277928686000000000000,BASE_E3,permanent,run_dfea4b7ac1475668d5968c97,168
1733011199999999999,2024-11-30,ETHUSDT,105.3715502100000000000000000,-104.734218504300000000000000000,1.8807039201172737680,0E-9,0,0E-26,0E-25,105.371550210000000000000000,0E-25,-104.734218504300000000000000000,2.518035625817273768000000000,BASE_E3,permanent,run_dfea4b7ac1475668d5968c97,168
1733097599999999999,2024-12-01,BTCUSDT,26.743184632900000000000000,-27.451909616920000000000000,1.4941849486645534966,0E-10,0,0E-26,0E-24,26.743184632900000000000000,0E-24,-27.45190961692,0.785459964644553496600000,BASE_E3,permanent,run_dfea4b7ac1475668d5968c97,168
1733097599999999999,2024-12-01,ETHUSDT,4.3991534250000000000000000,-5.588301495700000000000000000,1.4289537693903077320,0E-9,0,0E-26,0E-25,4.399153425000000000000000,0E-25,-5.588301495700000000000000000,0.239805698690307732000000000,BASE_E3,permanent,run_dfea4b7ac1475668d5968c97,168
1733183999999999999,2024-12-02,BTCUSDT,-45.146061917000000000000000,46.229863659560000000000000,2.0947073906349609080,0E-10,0,0E-26,0E-24,-45.146061917000000000000000,0E-24,46.22986365956,3.178509133194960908000000,BASE_E3,permanent,run_dfea4b7ac1475668d5968c97,168
1733183999999999999,2024-12-02,ETHUSDT,-62.3071493700000000000000000,62.265720000000000000000000000,3.2724992136666061980,0E-9,0,0E-26,0E-25,-62.307149370000000000000000,0E-25,62.265720000000000000000000000,3.231069843666606198000000000,BASE_E3,permanent,run_dfea4b7ac1475668d5968c97,168
1733270399999999999,2024-12-03,BTCUSDT,1.944643579900000000000000,-2.335863659560000000000000,1.6160382200191447514,0E-10,0,0E-26,0E-24,1.944643579900000000000000,0E-24,-2.33586365956,1.224818140359144751400000,BASE_E3,permanent,run_dfea4b7ac1475668d5968c97,168
1733270399999999999,2024-12-03,ETHUSDT,-24.7204040850000000000000000,25.485240000000000000000000000,2.5839727163222702290,0E-9,0,0E-26,0E-25,-24.720404085000000000000000,0E-25,25.485240000000000000000000000,3.348808631322270229000000000,BASE_E3,permanent,run_dfea4b7ac1475668d5968c97,168
1733356799999999999,2024-12-04,BTCUSDT,91.368325430500000000000000,-92.180800000000000000000000,2.4880903447169670184,0E-10,0,0E-26,0E-24,91.368325430500000000000000,0E-24,-92.18080000000,1.675615775216967018400000,BASE_E3,permanent,run_dfea4b7ac1475668d5968c97,168
1733356799999999999,2024-12-04,ETHUSDT,206.5420631300000000000000002,-206.950920000000000000000000020,1.9179245983952216712,-0.367092480,0,0.04970203864822505880038905,33.2267122456033279837066632,173.315350884396672016293337,-33.0872067101584342963653309,-173.863713289841565703634669120,1.141975248395221671200000180,BASE_E3,permanent,run_dfea4b7ac1475668d5968c97,168
1733443199999999999,2024-12-05,BTCUSDT,-55.189590054700000000000000,56.083190014100000000000000,5.0679589634697922388,0E-10,0,0E-26,0E-24,-55.189590054700000000000000,0E-24,56.08319001410,5.961558922869792238800000,BASE_E3,permanent,run_dfea4b7ac1475668d5968c97,168
1733443199999999999,2024-12-05,ETHUSDT,-41.6594340350000000000000000,41.859572997060000000000000000,3.5525038926015080568,0E-9,0,0E-26,0E-25,-41.659434035000000000000000,0E-25,41.859572997060000000000000000,3.752642854661508056800000000,BASE_E3,permanent,run_dfea4b7ac1475668d5968c97,168
1733529599999999999,2024-12-06,BTCUSDT,95.418787805700000000000000,-95.455190014100000000000000,1.1562582912563147100,0E-10,0,0E-26,0E-24,95.418787805700000000000000,0E-24,-95.45519001410,1.119856082856314710000000,BASE_E3,permanent,run_dfea4b7ac1475668d5968c97,168
1733529599999999999,2024-12-06,ETHUSDT,186.4663213000000000000000000,-187.059324131820000000000000000,2.2840182509767878780,0E-9,0,0E-26,0E-25,186.466321300000000000000000,0E-25,-187.059324131820000000000000000,1.691015419156787878000000000,BASE_E3,permanent,run_dfea4b7ac1475668d5968c97,168
1733615999999999999,2024-12-07,BTCUSDT,2.102758506400000000000000,-2.597600000000000000000000,1.9814289811160000000,0E-10,0,0E-26,0E-24,2.102758506400000000000000,0E-24,-2.59760000000,1.486587487516000000000000,BASE_E3,permanent,run_dfea4b7ac1475668d5968c97,168
1733615999999999999,2024-12-07,ETHUSDT,-0.8820545000000000000000000,0.736971134760000000000000000,2.7511113042897538320,0E-9,0,0E-26,0E-25,-0.882054500000000000000000,0E-25,0.736971134760000000000000000,2.606027939049753832000000000,BASE_E3,permanent,run_dfea4b7ac1475668d5968c97,168
1733702399999999999,2024-12-08,BTCUSDT,45.123279766300000000000000,-45.623376241060000000000000,1.7364699329580000000,0E-10,0,0E-26,0E-24,45.123279766300000000000000,0E-24,-45.62337624106,1.236373458198000000000000,BASE_E3,permanent,run_dfea4b7ac1475668d5968c97,168
1733702399999999999,2024-12-08,ETHUSDT,5.5834049850000000000000000,-3.754660637700000000000000000,2.2313020278654460656,0E-9,0,0E-26,0E-25,5.583404985000000000000000,0E-25,-3.754660637700000000000000000,4.060046375165446065600000000,BASE_E3,permanent,run_dfea4b7ac1475668d5968c97,168
1733788799999999999,2024-12-09,BTCUSDT,-128.075470689700000000000000,129.062776241060000000000000,2.1285830601680955198,0E-10,0,0E-26,0E-24,-128.075470689700000000000000,0E-24,129.06277624106,3.115888611528095519800000,BASE_E3,permanent,run_dfea4b7ac1475668d5968c97,168
1733788799999999999,2024-12-09,ETHUSDT,-253.8993878250000000000000000,254.313220637700000000000000000,1.5149889817119261792,0E-9,0,0E-26,0E-25,-253.899387825000000000000000,0E-25,254.313220637700000000000000000,1.928821794411926179200000000,BASE_E3,permanent,run_dfea4b7ac1475668d5968c97,168
1733875199999999999,2024-12-10,BTCUSDT,-26.631314072000000000000000,28.519200000000000000000000,0.9867642579801580000,0E-10,0,0E-26,0E-24,-26.631314072000000000000000,0E-24,28.51920000000,2.874650185980158000000000,BASE_E3,permanent,run_dfea4b7ac1475668d5968c97,168
1733875199999999999,2024-12-10,ETHUSDT,-77.3826412850000000000000000,78.087392502840000000000000000,0.9715429652721660000,0E-9,0,0E-26,0E-25,-77.382641285000000000000000,0E-25,78.087392502840000000000000000,1.676294183112166000000000000,BASE_E3,permanent,run_dfea4b7ac1475668d5968c97,168
1733961599999999999,2024-12-11,BTCUSDT,153.379299443300000000000000,-152.595400000000000000000000,1.0006182820113480000,0E-10,0,0E-26,0E-24,153.379299443300000000000000,0E-24,-152.59540000000,1.784517725311348000000000,BASE_E3,permanent,run_dfea4b7ac1475668d5968c97,168
1733961599999999999,2024-12-11,ETHUSDT,178.3778815350000000000000000,-177.224192502840000000000000000,0.9760891153362300000,0E-9,0,0E-26,0E-25,178.377881535000000000000000,0E-25,-177.224192502840000000000000000,2.129778147496230000000000000,BASE_E3,permanent,run_dfea4b7ac1475668d5968c97,168
1734047999999999999,2024-12-12,BTCUSDT,-36.967269815700000000000000,37.182400000000000000000000,1.0314527765631360000,0E-10,0,0E-26,0E-24,-36.967269815700000000000000,0E-24,37.18240000000,1.246582960863136000000000,BASE_E3,permanent,run_dfea4b7ac1475668d5968c97,168
1734047999999999999,2024-12-12,ETHUSDT,45.1523698550000000000000000,-45.480824458020000000000000000,1.0311864813413100000,0E-9,0,0E-26,0E-25,45.152369855000000000000000,0E-25,-45.480824458020000000000000000,0.702731878321310000000000000,BASE_E3,permanent,run_dfea4b7ac1475668d5968c97,168
1734134399999999999,2024-12-13,BTCUSDT,48.341683592800000000000000,-47.484400000000000000000000,1.0197358200000000000,0E-10,0,0E-26,0E-24,48.341683592800000000000000,0E-24,-47.48440000000,1.877019412800000000000000,BASE_E3,permanent,run_dfea4b7ac1475668d5968c97,168
1734134399999999999,2024-12-13,ETHUSDT,23.9389591300000000000000000,-24.067481455080000000000000000,1.0275228544637700000,0E-9,0,0E-26,0E-25,23.938959130000000000000000,0E-25,-24.067481455080000000000000000,0.899000529383770000000000000,BASE_E3,permanent,run_dfea4b7ac1475668d5968c97,168
1734220799999999999,2024-12-14,BTCUSDT,-1.309123585000000000000000,0.520200000000000000000000,0.9242012005964580000,0E-10,0,0E-26,0E-24,-1.309123585000000000000000,0E-24,0.52020000000,0.135277615596458000000000,BASE_E3,permanent,run_dfea4b7ac1475668d5968c97,168
1734220799999999999,2024-12-14,ETHUSDT,-34.0649447900000000000000000,34.532905913100000000000000000,1.0331178936272460000,0E-9,0,0E-26,0E-25,-34.064944790000000000000000,0E-25,34.532905913100000000000000000,1.501079016727246000000000000,BASE_E3,permanent,run_dfea4b7ac1475668d5968c97,168
1734307199999999999,2024-12-15,BTCUSDT,100.623999192500000000000000,-101.379549902140000000000000,0.9770854506034437004,0E-10,0,0E-26,0E-24,100.623999192500000000000000,0E-24,-101.37954990214,0.221534740963443700400000,BASE_E3,permanent,run_dfea4b7ac1475668d5968c97,168
1734307199999999999,2024-12-15,ETHUSDT,74.5953490650000000000000000,-75.146400000000000000000000000,1.0031976227772711072,0E-9,0,0E-26,0E-25,74.595349065000000000000000,0E-25,-75.146400000000000000000000000,0.452146687777271107200000000,BASE_E3,permanent,run_dfea4b7ac1475668d5968c97,168
1734393599999999999,2024-12-16,BTCUSDT,56.718374376300000000000000,-55.578480764640000000000000,1.0437655244915188682,0E-10,0,0E-26,0E-24,56.718374376300000000000000,0E-24,-55.57848076464,2.183659136151518868200000,BASE_E3,permanent,run_dfea4b7ac1475668d5968c97,168
1734393599999999999,2024-12-16,ETHUSDT,27.3701511350000000000000000,-27.302463679680000000000000000,1.0004385271343400000,0E-9,0,0E-26,0E-25,27.370151135000000000000000,0E-25,-27.302463679680000000000000000,1.068125982454340000000000000,BASE_E3,permanent,run_dfea4b7ac1475668d5968c97,168
1734479999999999999,2024-12-17,BTCUSDT,3.259887742700000000000000,-2.847005191540000000000000,1.0085264985314360000,0E-10,0,0E-26,0E-24,3.259887742700000000000000,0E-24,-2.84700519154,1.421409049691436000000000,BASE_E3,permanent,run_dfea4b7ac1475668d5968c97,168
1734479999999999999,2024-12-17,ETHUSDT,-87.9584747400000000000000000,88.813143679680000000000000000,1.0509683789185560000,0E-9,0,0E-26,0E-25,-87.958474740000000000000000,0E-25,88.813143679680000000000000000,1.905637318598556000000000000,BASE_E3,permanent,run_dfea4b7ac1475668d5968c97,168
1734566399999999999,2024-12-18,BTCUSDT,-202.041633306400000000000000,203.192435858320000000000000,1.0401257356862294672,0E-10,0,0E-26,0E-24,-202.041633306400000000000000,0E-24,203.19243585832,2.190928287606229467200000,BASE_E3,permanent,run_dfea4b7ac1475668d5968c97,168
1734566399999999999,2024-12-18,ETHUSDT,-232.5448483800000000000000000,234.038700000000000000000000000,0.9564047046853740000,0E-9,0,0E-26,0E-25,-232.544848380000000000000000,0E-25,234.038700000000000000000000000,2.450256324685374000000000000,BASE_E3,permanent,run_dfea4b7ac1475668d5968c97,168
1734652799999999999,2024-12-19,BTCUSDT,-90.171072406400000000000000,88.287800000000000000000000,1.0283763241560180000,0E-10,0,0E-26,0E-24,-90.171072406400000000000000,0E-24,88.28780000000,-0.854896082243982000000000,BASE_E3,permanent,run_dfea4b7ac1475668d5968c97,168
1734652799999999999,2024-12-19,ETHUSDT,-178.8894731450000000000000000,175.791420000000000000000000000,0.6724060320582089982,0E-9,0,0E-26,0E-25,-178.889473145000000000000000,0E-25,175.791420000000000000000000000,-2.425647112941791001800000000,BASE_E3,permanent,run_dfea4b7ac1475668d5968c97,168
1734739199999999999,2024-12-20,BTCUSDT,8.509643334600000000000000,-8.160000000000000000000000,0.9935676114411620000,0E-10,0,0E-26,0E-24,8.509643334600000000000000,0E-24,-8.16000000000,1.343210946041162000000000,BASE_E3,permanent,run_dfea4b7ac1475668d5968c97,168
1734739199999999999,2024-12-20,ETHUSDT,47.6926868150000000000000000,-46.894503407220000000000000000,0.8978881081224600000,0E-9,0,0E-26,0E-25,47.692686815000000000000000,0E-25,-46.894503407220000000000000000,1.696071515902460000000000000,BASE_E3,permanent,run_dfea4b7ac1475668d5968c97,168
1734825599999999999,2024-12-21,BTCUSDT,-17.839104062300000000000000,17.746647475240000000000000,0.7044413739510857984,0E-10,0,0E-26,0E-24,-17.839104062300000000000000,0E-24,17.74664747524,0.611984786891085798400000,BASE_E3,permanent,run_dfea4b7ac1475668d5968c97,168
1734825599999999999,2024-12-21,ETHUSDT,-120.3563365250000000000000000,121.088343407220000000000000000,0.8039892655508001120,0E-9,0,0E-26,0E-25,-120.356336525000000000000000,0E-25,121.088343407220000000000000000,1.535996147770800112000000000,BASE_E3,permanent,run_dfea4b7ac1475668d5968c97,168
1734911999999999999,2024-12-22,BTCUSDT,-70.037771765400000000000000,69.748440595600000000000000,0.9698419667888900000,0E-10,0,0E-26,0E-24,-70.037771765400000000000000,0E-24,69.74844059560,0.680510796988890000000000,BASE_E3,permanent,run_dfea4b7ac1475668d5968c97,168
1734911999999999999,2024-12-22,ETHUSDT,-50.0301312400000000000000000,49.312620000000000000000000000,0.7445367852300000000,0E-9,0,0E-26,0E-25,-50.030131240000000000000000,0E-25,49.312620000000000000000000000,0.027025545230000000000000000,BASE_E3,permanent,run_dfea4b7ac1475668d5968c97,168
1734998399999999999,2024-12-23,BTCUSDT,-13.827065314400000000000000,13.668511929160000000000000,0.9323990672515240000,0E-10,0,0E-26,0E-24,-13.827065314400000000000000,0E-24,13.66851192916,0.773845682011524000000000,BASE_E3,permanent,run_dfea4b7ac1475668d5968c97,168
1734998399999999999,2024-12-23,ETHUSDT,121.5294690100000000000000000,-121.222080000000000000000000000,0.5724682420716000000,0E-9,0,0E-26,0E-25,121.529469010000000000000000,0E-25,-121.222080000000000000000000000,0.879857252071600000000000000,BASE_E3,permanent,run_dfea4b7ac1475668d5968c97,168
1735084799999999999,2024-12-24,BTCUSDT,134.129062166000000000000000,-133.790798156120000000000000,0.9768468920950480000,0E-10,0,0E-26,0E-24,134.129062166000000000000000,0E-24,-133.79079815612,1.315110901975048000000000,BASE_E3,permanent,run_dfea4b7ac1475668d5968c97,168
1735084799999999999,2024-12-24,ETHUSDT,66.0835231400000000000000000,-66.081624952140000000000000000,0.6301548854781814998,0E-9,0,0E-26,0E-25,66.083523140000000000000000,0E-25,-66.081624952140000000000000000,0.632053073338181499800000000,BASE_E3,permanent,run_dfea4b7ac1475668d5968c97,168
1735171199999999999,2024-12-25,BTCUSDT,21.173118802800000000000000,-20.865001843880000000000000,1.0035837446014100000,0E-10,0,0E-26,0E-24,21.173118802800000000000000,0E-24,-20.86500184388,1.311700703521410000000000,BASE_E3,permanent,run_dfea4b7ac1475668d5968c97,168
1735171199999999999,2024-12-25,ETHUSDT,4.0351359260000000000000000,-4.279335047860000000000000148,0.3770864831636922600,-0.479738856,0,0.06539053185812063696456078,0E-25,4.035135926000000000000000,0E-25,-4.279335047860000000000000148,-0.346851494696307740000000148,BASE_E3,permanent,run_dfea4b7ac1475668d5968c97,168
1735257599999999999,2024-12-26,BTCUSDT,-121.183360054800000000000000,120.260115957360000000000000,0.8598062467993882426,0E-10,0,0E-26,0E-24,-121.183360054800000000000000,0E-24,120.26011595736,-0.063437850640611757400000,BASE_E3,permanent,run_dfea4b7ac1475668d5968c97,168
1735257599999999999,2024-12-26,ETHUSDT,-156.8337870240000000000000000,156.657599209760000000000000000,0.8789011731654003680,0E-9,0,0E-26,0E-25,-156.833787024000000000000000,0E-25,156.657599209760000000000000000,0.702713358925400368000000000,BASE_E3,permanent,run_dfea4b7ac1475668d5968c97,168
1735343999999999999,2024-12-27,BTCUSDT,-51.710721639600000000000000,52.099484042640000000000000,0.9702193082652680000,0E-10,0,0E-26,0E-24,-51.710721639600000000000000,0E-24,52.09948404264,1.358981711305268000000000,BASE_E3,permanent,run_dfea4b7ac1475668d5968c97,168
1735343999999999999,2024-12-27,ETHUSDT,-1.5584998400000000000000000,1.666100790240000000000000000,0.7708241698255256760,0E-9,0,0E-26,0E-25,-1.558499840000000000000000,0E-25,1.666100790240000000000000000,0.878425120065525676000000000,BASE_E3,permanent,run_dfea4b7ac1475668d5968c97,168
1735430399999999999,2024-12-28,BTCUSDT,34.873692176000000000000000,-34.965759631360000000000000,0.7315684343984430512,0E-10,0,0E-26,0E-24,34.873692176000000000000000,0E-24,-34.96575963136,0.639500979038443051200000,BASE_E3,permanent,run_dfea4b7ac1475668d5968c97,168
1735430399999999999,2024-12-28,ETHUSDT,68.2038492480000000000000000,-68.571584895120000000000000000,0.9554634237770760000,0E-9,0,0E-26,0E-25,68.203849248000000000000000,0E-25,-68.571584895120000000000000000,0.587727776657076000000000000,BASE_E3,permanent,run_dfea4b7ac1475668d5968c97,168
1735516799999999999,2024-12-29,BTCUSDT,-55.106962254400000000000000,55.464359631360000000000000,0.9045230037928846054,0E-10,0,0E-26,0E-24,-55.106962254400000000000000,0E-24,55.46435963136,1.261920380752884605400000,BASE_E3,permanent,run_dfea4b7ac1475668d5968c97,168
1735516799999999999,2024-12-29,ETHUSDT,-47.2030639040000000000000000,47.036444895120000000000000000,0.6791740919370894186,0E-9,0,0E-26,0E-25,-47.203063904000000000000000,0E-25,47.036444895120000000000000000,0.512555083057089418600000000,BASE_E3,permanent,run_dfea4b7ac1475668d5968c97,168
1735603199999999999,2024-12-30,BTCUSDT,-28.938771902600000000000000,28.845600000000000000000000,0.5918226896600418526,0E-10,0,0E-26,0E-24,-28.938771902600000000000000,0E-24,28.84560000000,0.498650787060041852600000,BASE_E3,permanent,run_dfea4b7ac1475668d5968c97,168
1735603199999999999,2024-12-30,ETHUSDT,6.7405118080000000000000000,-6.175160000000000000000000000,0.9842844025419520000,0E-9,0,0E-26,0E-25,6.740511808000000000000000,0E-25,-6.175160000000000000000000000,1.549636210541952000000000000,BASE_E3,permanent,run_dfea4b7ac1475668d5968c97,168
1735689599999999999,2024-12-31,BTCUSDT,25.799935587500000000000000,-26.079024822560000000000000,0.9552955699645460000,0E-10,0,0E-26,0E-24,25.799935587500000000000000,0E-24,-26.07902482256,0.676206334904546000000000,BASE_E3,permanent,run_dfea4b7ac1475668d5968c97,168
1735689599999999999,2024-12-31,ETHUSDT,-23.4262007200000000000000000,22.954280139020000000000000000,0.9377224701418540000,0E-9,0,0E-26,0E-25,-23.426200720000000000000000,0E-25,22.954280139020000000000000000,0.465801889161854000000000000,BASE_E3,permanent,run_dfea4b7ac1475668d5968c97,168
1735775999999999999,2025-01-01,BTCUSDT,34.190567687100000000000000,-34.829789773040000000000000,0.9575223916453920000,0E-10,0,0E-26,0E-24,34.190567687100000000000000,0E-24,-34.82978977304,0.318300305705392000000000,BASE_E3,permanent,run_dfea4b7ac1475668d5968c97,168
1735775999999999999,2025-01-01,ETHUSDT,21.5072977920000000000000000,-22.018494882920000000000000000,0.9773691429333380000,0E-9,0,0E-26,0E-25,21.507297792000000000000000,0E-25,-22.018494882920000000000000000,0.466172052013338000000000000,BASE_E3,permanent,run_dfea4b7ac1475668d5968c97,168
1735862399999999999,2025-01-02,BTCUSDT,80.903157488800000000000000,-80.170785404400000000000000,0.9752376400000000000,0E-10,0,0E-26,0E-24,80.903157488800000000000000,0E-24,-80.17078540440,1.707609724400000000000000,BASE_E3,permanent,run_dfea4b7ac1475668d5968c97,168
1735862399999999999,2025-01-02,ETHUSDT,92.6333342400000000000000000,-92.770571785880000000000000000,0.9975537431941460000,0E-9,0,0E-26,0E-25,92.633334240000000000000000,0E-25,-92.770571785880000000000000000,0.860316197314146000000000000,BASE_E3,permanent,run_dfea4b7ac1475668d5968c97,168
1735948799999999999,2025-01-03,BTCUSDT,39.745672104800000000000000,-39.620768595600000000000000,0.8307631043407192976,0E-10,0,0E-26,0E-24,39.745672104800000000000000,0E-24,-39.62076859560,0.955666613540719297600000,BASE_E3,permanent,run_dfea4b7ac1475668d5968c97,168
1735948799999999999,2025-01-03,ETHUSDT,147.3171973760000000000000000,-146.551713470220000000000000000,1.0180334970729420000,0E-9,0,0E-26,0E-25,147.317197376000000000000000,0E-25,-146.551713470220000000000000000,1.783517402852942000000000000,BASE_E3,permanent,run_dfea4b7ac1475668d5968c97,168
1736035199999999999,2025-01-04,BTCUSDT,2.272434524300000000000000,-1.577031404400000000000000,0.6174321444716639260,0E-10,0,0E-26,0E-24,2.272434524300000000000000,0E-24,-1.57703140440,1.312835264371663926000000,BASE_E3,permanent,run_dfea4b7ac1475668d5968c97,168
1736035199999999999,2025-01-04,ETHUSDT,47.8946482080000000000000000,-48.144820000000000000000000000,1.0526740700617080000,0E-9,0,0E-26,0E-25,47.894648208000000000000000,0E-25,-48.144820000000000000000000000,0.802502278061708000000000000,BASE_E3,permanent,run_dfea4b7ac1475668d5968c97,168
1736121599999999999,2025-01-05,BTCUSDT,3.476148158300000000000000,-4.426800000000000000000000,0.9449272876300620000,0E-10,0,0E-26,0E-24,3.476148158300000000000000,0E-24,-4.42680000000,-0.005724554069938000000000,BASE_E3,permanent,run_dfea4b7ac1475668d5968c97,168
1736121599999999999,2025-01-05,ETHUSDT,-20.4747916480000000000000000,21.081875814640000000000000000,1.0631024940000000000,0E-9,0,0E-26,0E-25,-20.474791648000000000000000,0E-25,21.081875814640000000000000000,1.670186660640000000000000000,BASE_E3,permanent,run_dfea4b7ac1475668d5968c97,168
1736207999999999999,2025-01-06,BTCUSDT,132.881484391100000000000000,-132.467400000000000000000000,1.0190187940723520000,0E-10,0,0E-26,0E-24,132.881484391100000000000000,0E-24,-132.46740000000,1.433103185172352000000000,BASE_E3,permanent,run_dfea4b7ac1475668d5968c97,168
1736207999999999999,2025-01-06,ETHUSDT,51.3720509760000000000000000,-51.421975814640000000000000000,1.0710634062604880000,0E-9,0,0E-26,0E-25,51.372050976000000000000000,0E-25,-51.421975814640000000000000000,1.021138567620488000000000000,BASE_E3,permanent,run_dfea4b7ac1475668d5968c97,168
1736294399999999999,2025-01-07,BTCUSDT,-180.510800734400000000000000,180.444252624140000000000000,0.9307596801142911074,0E-10,0,0E-26,0E-24,-180.510800734400000000000000,0E-24,180.44425262414,0.864211569854291107400000,BASE_E3,permanent,run_dfea4b7ac1475668d5968c97,168
1736294399999999999,2025-01-07,ETHUSDT,-298.1897225120000000000000000,298.215578953660000000000000000,1.0533671284605020000,0E-9,0,0E-26,0E-25,-298.189722512000000000000000,0E-25,298.215578953660000000000000000,1.079223570120502000000000000,BASE_E3,permanent,run_dfea4b7ac1475668d5968c97,168
1736380799999999999,2025-01-08,BTCUSDT,-63.036510826400000000000000,63.009675319120000000000000,0.9792107533801580000,0E-10,0,0E-26,0E-24,-63.036510826400000000000000,0E-24,63.00967531912,0.952375246100158000000000,BASE_E3,permanent,run_dfea4b7ac1475668d5968c97,168
1736380799999999999,2025-01-08,ETHUSDT,-53.0961414240000000000000000,53.223101046340000000000000000,0.9704529573764897932,0E-9,0,0E-26,0E-25,-53.096141424000000000000000,0E-25,53.223101046340000000000000000,1.097412579716489793200000000,BASE_E3,permanent,run_dfea4b7ac1475668d5968c97,168
1736467199999999999,2025-01-09,BTCUSDT,-87.335204692400000000000000,87.514734524760000000000000,0.6172540903996470292,0E-10,0,0E-26,0E-24,-87.335204692400000000000000,0E-24,87.51473452476,0.796783922759647029200000,BASE_E3,permanent,run_dfea4b7ac1475668d5968c97,168
1736467199999999999,2025-01-09,ETHUSDT,-105.1305548320000000000000000,105.006940000000000000000000000,0.8575929158292589086,0E-9,0,0E-26,0E-25,-105.130554832000000000000000,0E-25,105.006940000000000000000000000,0.733978083829258908600000000,BASE_E3,permanent,run_dfea4b7ac1475668d5968c97,168
1736553599999999999,2025-01-10,BTCUSDT,75.704406711900000000000000,-75.635462468020000000000000,0.3480505756006927756,0E-10,0,0E-26,0E-24,75.704406711900000000000000,0E-24,-75.63546246802,0.416994819480692775600000,BASE_E3,permanent,run_dfea4b7ac1475668d5968c97,168
1736553599999999999,2025-01-10,ETHUSDT,47.7193169760000000000000000,-47.619553604880000000000000000,0.7510601550532467264,0E-9,0,0E-26,0E-25,47.719316976000000000000000,0E-25,-47.619553604880000000000000000,0.850823526173246726400000000,BASE_E3,permanent,run_dfea4b7ac1475668d5968c97,168
1736639999999999999,2025-01-11,BTCUSDT,-4.422117460500000000000000,4.148279957360000000000000,0.3964139282111158690,0E-10,0,0E-26,0E-24,-4.422117460500000000000000,0E-24,4.14827995736,0.122576425071115869000000,BASE_E3,permanent,run_dfea4b7ac1475668d5968c97,168
1736639999999999999,2025-01-11,ETHUSDT,14.5719735040000000000000000,-15.154746395120000000000000000,0.7056202884022067692,0E-9,0,0E-26,0E-25,14.571973504000000000000000,0E-25,-15.154746395120000000000000000,0.122847397282206769200000000,BASE_E3,permanent,run_dfea4b7ac1475668d5968c97,168
1736726399999999999,2025-01-12,BTCUSDT,-1.969465923200000000000000,2.444793148900000000000000,0.4787407312344062766,0E-10,0,0E-26,0E-24,-1.969465923200000000000000,0E-24,2.44479314890,0.954067956934406276600000,BASE_E3,permanent,run_dfea4b7ac1475668d5968c97,168
1736726399999999999,2025-01-12,ETHUSDT,-15.3901859200000000000000000,16.011696685360000000000000000,0.8979423815040000000,0E-9,0,0E-26,0E-25,-15.390185920000000000000000,0E-25,16.011696685360000000000000000,1.519453146864000000000000000,BASE_E3,permanent,run_dfea4b7ac1475668d5968c97,168
1736812799999999999,2025-01-13,BTCUSDT,0.075827158300000000000000,-0.395931742500000000000000,0.4191043691897950000,0E-10,0,0E-26,0E-24,0.075827158300000000000000,0E-24,-0.39593174250,0.098999784989795000000000,BASE_E3,permanent,run_dfea4b7ac1475668d5968c97,168
1736812799999999999,2025-01-13,ETHUSDT,-127.0761807040000000000000000,126.873430222200000000000000000,0.7103448155338563840,0E-9,0,0E-26,0E-25,-127.076180704000000000000000,0E-25,126.873430222200000000000000000,0.507594333733856384000000000,BASE_E3,permanent,run_dfea4b7ac1475668d5968c97,168
1736899199999999999,2025-01-14,BTCUSDT,67.890469053900000000000000,-67.462056636580000000000000,0.9549678227879456624,0E-10,0,0E-26,0E-24,67.890469053900000000000000,0E-24,-67.46205663658,1.383380240107945662400000,BASE_E3,permanent,run_dfea4b7ac1475668d5968c97,168
1736899199999999999,2025-01-14,ETHUSDT,84.2856194720000000000000000,-84.147597627600000000000000000,0.6341040041674000000,0E-9,0,0E-26,0E-25,84.285619472000000000000000,0E-25,-84.147597627600000000000000000,0.772125848567400000000000000,BASE_E3,permanent,run_dfea4b7ac1475668d5968c97,168
1736985599999999999,2025-01-15,BTCUSDT,134.665972851900000000000000,-135.064359151340000000000000,0.6511289514080000000,0E-10,0,0E-26,0E-24,134.665972851900000000000000,0E-24,-135.06435915134,0.252742651968000000000000,BASE_E3,permanent,run_dfea4b7ac1475668d5968c97,168
1736985599999999999,2025-01-15,ETHUSDT,220.8978710720000000000000000,-220.699582524100000000000000000,0.5045559660492000000,0E-9,0,0E-26,0E-25,220.897871072000000000000000,0E-25,-220.699582524100000000000000000,0.702844513949200000000000000,BASE_E3,permanent,run_dfea4b7ac1475668d5968c97,168
1737071999999999999,2025-01-16,BTCUSDT,-15.876778813200000000000000,16.000074424160000000000000,0.4367397306059286120,0E-10,0,0E-26,0E-24,-15.876778813200000000000000,0E-24,16.00007442416,0.560035341565928612000000,BASE_E3,permanent,run_dfea4b7ac1475668d5968c97,168
1737071999999999999,2025-01-16,ETHUSDT,-139.1155919680000000000000000,138.268133313140000000000000000,0.7810263769299674158,0E-9,0,0E-26,0E-25,-139.115591968000000000000000,0E-25,138.268133313140000000000000000,-0.066432277930032584200000000,BASE_E3,permanent,run_dfea4b7ac1475668d5968c97,168
1737158399999999999,2025-01-17,BTCUSDT,138.108117800200000000000000,-138.475992045300000000000000,0.6011067715520000000,0E-10,0,0E-26,0E-24,138.108117800200000000000000,0E-24,-138.47599204530,0.233232526452000000000000,BASE_E3,permanent,run_dfea4b7ac1475668d5968c97,168
1737158399999999999,2025-01-17,ETHUSDT,160.6715928800000000000000000,-160.316575267580000000000000000,0.9836448252909820000,0E-9,0,0E-26,0E-25,160.671592880000000000000000,0E-25,-160.316575267580000000000000000,1.338662437710982000000000000,BASE_E3,permanent,run_dfea4b7ac1475668d5968c97,168
1737244799999999999,2025-01-18,BTCUSDT,14.813838468600000000000000,-15.206798530540000000000000,0.9421421811515100000,0E-10,0,0E-26,0E-24,14.813838468600000000000000,0E-24,-15.20679853054,0.549182119211510000000000,BASE_E3,permanent,run_dfea4b7ac1475668d5968c97,168
1737244799999999999,2025-01-18,ETHUSDT,-160.3501522880000000000000000,160.025903570980000000000000000,0.9802748698848300000,0E-9,0,0E-26,0E-25,-160.350152288000000000000000,0E-25,160.025903570980000000000000000,0.656026152864830000000000000,BASE_E3,permanent,run_dfea4b7ac1475668d5968c97,168
1737331199999999999,2025-01-19,BTCUSDT,-113.833226181200000000000000,113.545359909060000000000000,1.0697972318151680000,0E-10,0,0E-26,0E-24,-113.833226181200000000000000,0E-24,113.54535990906,0.781930959675168000000000,BASE_E3,permanent,run_dfea4b7ac1475668d5968c97,168
1737331199999999999,2025-01-19,ETHUSDT,-92.0196749280000000000000000,92.162865348960000000000000000,0.9706685329392180000,0E-9,0,0E-26,0E-25,-92.019674928000000000000000,0E-25,92.162865348960000000000000000,1.113858953899218000000000000,BASE_E3,permanent,run_dfea4b7ac1475668d5968c97,168
1737417599999999999,2025-01-20,BTCUSDT,34.483335325200000000000000,-34.550369333220000000000000,1.0656504245987480000,0E-10,0,0E-26,0E-24,34.483335325200000000000000,0E-24,-34.55036933322,0.998616416578748000000000,BASE_E3,permanent,run_dfea4b7ac1475668d5968c97,168
1737417599999999999,2025-01-20,ETHUSDT,68.3694398560000000000000000,-69.424993721360000000000000000,0.9673295728779300000,0E-9,0,0E-26,0E-25,68.369439856000000000000000,0E-25,-69.424993721360000000000000000,-0.088224292482070000000000000,BASE_E3,permanent,run_dfea4b7ac1475668d5968c97,168
1737503999999999999,2025-01-21,BTCUSDT,134.852990506900000000000000,-133.832091227180000000000000,1.0477660666954700000,0E-10,0,0E-26,0E-24,134.852990506900000000000000,0E-24,-133.83209122718,2.068665346415470000000000,BASE_E3,permanent,run_dfea4b7ac1475668d5968c97,168
1737503999999999999,2025-01-21,ETHUSDT,44.0860642240000000000000000,-43.401440000000000000000000000,0.9576183593291020000,0E-9,0,0E-26,0E-25,44.086064224000000000000000,0E-25,-43.401440000000000000000000000,1.642242583329102000000000000,BASE_E3,permanent,run_dfea4b7ac1475668d5968c97,168
1737590399999999999,2025-01-22,BTCUSDT,-83.991669053100000000000000,84.025244160400000000000000,1.0720781945762900000,0E-10,0,0E-26,0E-24,-83.991669053100000000000000,0E-24,84.02524416040,1.105653301876290000000000,BASE_E3,permanent,run_dfea4b7ac1475668d5968c97,168
1737590399999999999,2025-01-22,ETHUSDT,-86.7531377150000000000000000,86.609372855660000000000000058,0.9634133781469900000,-0.314679579,0,0.04262540277620327734340686,0E-25,-86.753137715000000000000000,0E-25,86.609372855660000000000000058,0.504968939806990000000000058,BASE_E3,permanent,run_dfea4b7ac1475668d5968c97,168
1737676799999999999,2025-01-23,BTCUSDT,11.578676047900000000000000,-11.722569347940000000000000,0.9622980588560000000,-0.3164756800,0,0.04237344752042056913632860,17.518538898356099890383679,-5.939862850456099890383679,-17.354000000000000000000000,5.63143065206,0.501929078816000000000000,BASE_E3,permanent,run_dfea4b7ac1475668d5968c97,168
1737676799999999999,2025-01-23,ETHUSDT,95.8891399710000000000000000,-96.266410191300000000000000000,1.0102407660000000000,0E-9,0,0E-26,0E-25,95.889139971000000000000000,0E-25,-96.266410191300000000000000000,0.632970545700000000000000000,BASE_E3,permanent,run_dfea4b7ac1475668d5968c97,168
1737763199999999999,2025-01-24,BTCUSDT,29.024991277400000000000000,-28.084009007360000000000000,0.5873971161983714368,0E-10,0,0E-26,0E-24,29.024991277400000000000000,0E-24,-28.08400900736,1.528379386238371436800000,BASE_E3,permanent,run_dfea4b7ac1475668d5968c97,168
1737763199999999999,2025-01-24,ETHUSDT,-24.0527376110000000000000000,25.644597335640000000000000000,1.0485279413620860000,0E-9,0,0E-26,0E-25,-24.052737611000000000000000,0E-25,25.644597335640000000000000000,2.640387666002086000000000000,BASE_E3,permanent,run_dfea4b7ac1475668d5968c97,168
1737849599999999999,2025-01-25,BTCUSDT,-3.134714419500000000000000,2.228044088640000000000000,0.7360239031741496512,0E-10,0,0E-26,0E-24,-3.134714419500000000000000,0E-24,2.22804408864,-0.170646427685850348800000,BASE_E3,permanent,run_dfea4b7ac1475668d5968c97,168
1737849599999999999,2025-01-25,ETHUSDT,6.8306868140000000000000000,-7.618920000000000000000000000,0.7693542971116508796,0E-9,0,0E-26,0E-25,6.830686814000000000000000,0E-25,-7.618920000000000000000000000,-0.018878888888349120400000000,BASE_E3,permanent,run_dfea4b7ac1475668d5968c97,168
1737935999999999999,2025-01-26,BTCUSDT,-65.122051900600000000000000,65.101494992640000000000000,0.8995518559040000000,0E-10,0,0E-26,0E-24,-65.122051900600000000000000,0E-24,65.10149499264,0.878994947944000000000000,BASE_E3,permanent,run_dfea4b7ac1475668d5968c97,168
1737935999999999999,2025-01-26,ETHUSDT,-84.4077727730000000000000000,84.781887573900000000000000000,0.8021221816259001192,0E-9,0,0E-26,0E-25,-84.407772773000000000000000,0E-25,84.781887573900000000000000000,1.176236982525900119200000000,BASE_E3,permanent,run_dfea4b7ac1475668d5968c97,168
1738022399999999999,2025-01-27,BTCUSDT,-20.115297613400000000000000,20.482120059200000000000000,0.4189795543689147200,0E-10,0,0E-26,0E-24,-20.115297613400000000000000,0E-24,20.48212005920,0.785802000168914720000000,BASE_E3,permanent,run_dfea4b7ac1475668d5968c97,168
1738022399999999999,2025-01-27,ETHUSDT,-59.3688417770000000000000000,59.209793707860000000000000000,0.2154339596414799864,0E-9,0,0E-26,0E-25,-59.368841777000000000000000,0E-25,59.209793707860000000000000000,0.056385890501479986400000000,BASE_E3,permanent,run_dfea4b7ac1475668d5968c97,168
1738108799999999999,2025-01-28,BTCUSDT,-22.192946006600000000000000,22.362996859520000000000000,0.7723727500296937792,0E-10,0,0E-26,0E-24,-22.192946006600000000000000,0E-24,22.36299685952,0.942423602949693779200000,BASE_E3,permanent,run_dfea4b7ac1475668d5968c97,168
1738108799999999999,2025-01-28,ETHUSDT,-104.7441184700000000000000000,104.837678718240000000000000000,0.6592245549880980120,0E-9,0,0E-26,0E-25,-104.744118470000000000000000,0E-25,104.837678718240000000000000000,0.752784803228098012000000000,BASE_E3,permanent,run_dfea4b7ac1475668d5968c97,168
1738195199999999999,2025-01-29,BTCUSDT,74.754698078500000000000000,-75.174430577920000000000000,0.9774149268422186848,0E-10,0,0E-26,0E-24,74.754698078500000000000000,0E-24,-75.17443057792,0.557682427422218684800000,BASE_E3,permanent,run_dfea4b7ac1475668d5968c97,168
1738195199999999999,2025-01-29,ETHUSDT,37.5233119000000000000000000,-38.309799999999999999999999896,0.8138717108584894728,-0.274606355,0,0.03698013637761064285394681,0E-25,37.523311900000000000000000,0E-25,-38.309799999999999999999999896,-0.247222744141510527199999896,BASE_E3,permanent,run_dfea4b7ac1475668d5968c97,168
1738281599999999999,2025-01-30,BTCUSDT,31.910080658900000000000000,-31.500800000000000000000000,0.9088855093760000000,0E-10,0,0E-26,0E-24,31.910080658900000000000000,0E-24,-31.50080000000,1.318166168276000000000000,BASE_E3,permanent,run_dfea4b7ac1475668d5968c97,168
1738281599999999999,2025-01-30,ETHUSDT,146.3560130130000000000000000,-146.252040000000000000000000000,0.6798377165555320000,0E-9,0,0E-26,0E-25,146.356013013000000000000000,0E-25,-146.252040000000000000000000000,0.783810729555532000000000000,BASE_E3,permanent,run_dfea4b7ac1475668d5968c97,168
1738367999999999999,2025-01-31,BTCUSDT,-73.454087624100000000000000,73.363200000000000000000000,0.7117056642726080000,0E-10,0,0E-26,0E-24,-73.454087624100000000000000,0E-24,73.36320000000,0.620818040172608000000000,BASE_E3,permanent,run_dfea4b7ac1475668d5968c97,168
1738367999999999999,2025-01-31,ETHUSDT,57.7371783590000000000000000,-57.120790000000000000000000000,0.9944795933230047240,0E-9,0,0E-26,0E-25,57.737178359000000000000000,0E-25,-57.120790000000000000000000000,1.610867952323004724000000000,BASE_E3,permanent,run_dfea4b7ac1475668d5968c97,168
1738454399999999999,2025-02-01,BTCUSDT,-55.943851304700000000000000,55.602118873920000000000000,0.6356249456172844544,0E-10,0,0E-26,0E-24,-55.943851304700000000000000,0E-24,55.60211887392,0.293892514837284454400000,BASE_E3,permanent,run_dfea4b7ac1475668d5968c97,168
1738454399999999999,2025-02-01,ETHUSDT,-198.3995574050000000000000000,197.825588304300000000000000000,0.7829893249540000000,0E-9,0,0E-26,0E-25,-198.399557405000000000000000,0E-25,197.825588304300000000000000000,0.209020224254000000000000000,BASE_E3,permanent,run_dfea4b7ac1475668d5968c97,168
1738540799999999999,2025-02-02,BTCUSDT,-95.166345416500000000000000,94.792372622400000000000000,0.2678570051589258880,0E-10,0,0E-26,0E-24,-95.166345416500000000000000,0E-24,94.79237262240,-0.106115788941074112000000,BASE_E3,permanent,run_dfea4b7ac1475668d5968c97,168
1738540799999999999,2025-02-02,ETHUSDT,-276.3222588840000000000000000,275.267336913120000000000000000,0.6880391980845474897,0E-9,0,0E-26,0E-25,-276.322258884000000000000000,0E-25,275.267336913120000000000000000,-0.366882772795452510300000000,BASE_E3,permanent,run_dfea4b7ac1475668d5968c97,168
1738627199999999999,2025-02-03,BTCUSDT,114.664941173200000000000000,-113.948869451840000000000000,0.7706001897540800000,0E-10,0,0E-26,0E-24,114.664941173200000000000000,0E-24,-113.94886945184,1.486671911114080000000000,BASE_E3,permanent,run_dfea4b7ac1475668d5968c97,168
1738627199999999999,2025-02-03,ETHUSDT,15.3256390210000000000000000,-14.259250021720000000000000000,-1.1206263975510684020,0E-9,0,0E-26,0E-25,15.325639021000000000000000,0E-25,-14.259250021720000000000000000,-0.054237398271068402000000000,BASE_E3,permanent,run_dfea4b7ac1475668d5968c97,168
1738713599999999999,2025-02-04,BTCUSDT,-110.474760887900000000000000,110.638702696320000000000000,0.4303453209623019520,0E-10,0,0E-26,0E-24,-110.474760887900000000000000,0E-24,110.63870269632,0.594287129382301952000000,BASE_E3,permanent,run_dfea4b7ac1475668d5968c97,168
1738713599999999999,2025-02-04,ETHUSDT,-161.9668822520000000000000000,160.839684804300000000000000000,-0.5536936273813098248,0E-9,0,0E-26,0E-25,-161.966882252000000000000000,0E-25,160.839684804300000000000000000,-1.680891075081309824800000000,BASE_E3,permanent,run_dfea4b7ac1475668d5968c97,168
1738799999999999999,2025-02-05,BTCUSDT,-39.803032341200000000000000,39.644672000000000000000000,0.1855396977613175744,0E-10,0,0E-26,0E-24,-39.803032341200000000000000,0E-24,39.64467200000,0.027179356561317574400000,BASE_E3,permanent,run_dfea4b7ac1475668d5968c97,168
1738799999999999999,2025-02-05,ETHUSDT,60.4635082600000000000000000,-59.359822790989999999999999778,-0.1484297850928000000,-0.557071280,0,0.07528798854827948681391004,0E-25,60.463508260000000000000000,0E-25,-59.359822790989999999999999778,0.398184403917200000000000222,BASE_E3,permanent,run_dfea4b7ac1475668d5968c97,168
1738886399999999999,2025-02-06,BTCUSDT,-2.633512121700000000000000,2.01450733589999999999999996,0.2438366539963237760,-0.2922700200,0,0.03897402609145404086869404,0E-24,-2.633512121700000000000000,0E-24,2.01450733589999999999999996,-0.66743815180367622400000004,BASE_E3,permanent,run_dfea4b7ac1475668d5968c97,168
1738886399999999999,2025-02-06,ETHUSDT,-120.3307583000000000000000000,120.427954814680000000000000000,-0.1070982662066000000,0E-9,0,0E-26,0E-25,-120.330758300000000000000000,0E-25,120.427954814680000000000000000,-0.009901751526600000000000000,BASE_E3,permanent,run_dfea4b7ac1475668d5968c97,168
1738972799999999999,2025-02-07,BTCUSDT,-2.139356133200000000000000,2.42269592330000000000000000,0.6643841122133071962,0E-10,0,0E-26,0E-24,-2.139356133200000000000000,0E-24,2.42269592330000000000000000,0.94772390231330719620000000,BASE_E3,permanent,run_dfea4b7ac1475668d5968c97,168
1738972799999999999,2025-02-07,ETHUSDT,-81.7018151240000000000000000,81.959787976310000000000000000,0.1375142516547364879,0E-9,0,0E-26,0E-25,-81.701815124000000000000000,0E-25,81.959787976310000000000000000,0.395487103964736487900000000,BASE_E3,permanent,run_dfea4b7ac1475668d5968c97,168
1739059199999999999,2025-02-08,BTCUSDT,-2.237959642200000000000000,1.92519988162000000000000000,-0.0867355602397525376,0E-10,0,0E-26,0E-24,-2.237959642200000000000000,0E-24,1.92519988162000000000000000,-0.39949532081975253760000000,BASE_E3,permanent,run_dfea4b7ac1475668d5968c97,168
1739059199999999999,2025-02-08,ETHUSDT,10.4881643040000000000000000,-11.008881846080000000000000000,0.4694616094395911550,0E-9,0,0E-26,0E-25,10.488164304000000000000000,0E-25,-11.008881846080000000000000000,-0.051255932640408845000000000,BASE_E3,permanent,run_dfea4b7ac1475668d5968c97,168
1739145599999999999,2025-02-09,BTCUSDT,1.254304636900000000000000,-1.14659988162000000000000000,0.5367234140673506152,0E-10,0,0E-26,0E-24,1.254304636900000000000000,0E-24,-1.14659988162000000000000000,0.64442816934735061520000000,BASE_E3,permanent,run_dfea4b7ac1475668d5968c97,168
1739145599999999999,2025-02-09,ETHUSDT,-3.5329849240000000000000000,4.053731846080000000000000000,0.3315880061770948680,0E-9,0,0E-26,0E-25,-3.532984924000000000000000,0E-25,4.053731846080000000000000000,0.852334928257094868000000000,BASE_E3,permanent,run_dfea4b7ac1475668d5968c97,168
1739231999999999999,2025-02-10,BTCUSDT,33.020275091500000000000000,-32.86440000000000000000000000,0.6093366066017114580,0E-10,0,0E-26,0E-24,33.020275091500000000000000,0E-24,-32.86440000000000000000000000,0.76521169810171145800000000,BASE_E3,permanent,run_dfea4b7ac1475668d5968c97,168
1739231999999999999,2025-02-10,ETHUSDT,40.7708922240000000000000000,-41.115400000000000000000000000,0.4355202373657274056,0E-9,0,0E-26,0E-25,40.770892224000000000000000,0E-25,-41.115400000000000000000000000,0.091012461365727405600000000,BASE_E3,permanent,run_dfea4b7ac1475668d5968c97,168
1739318399999999999,2025-02-11,BTCUSDT,-57.351880979600000000000000,57.41920000000000000000000000,0.2958174903952304880,0E-10,0,0E-26,0E-24,-57.351880979600000000000000,0E-24,57.41920000000000000000000000,0.36313651079523048800000000,BASE_E3,permanent,run_dfea4b7ac1475668d5968c97,168
1739318399999999999,2025-02-11,ETHUSDT,-71.7306730040000000000000000,71.405366464030000000000000000,0.0829608454212205540,0E-9,0,0E-26,0E-25,-71.730673004000000000000000,0E-25,71.405366464030000000000000000,-0.242345694548779446000000000,BASE_E3,permanent,run_dfea4b7ac1475668d5968c97,168
1739404799999999999,2025-02-12,BTCUSDT,72.354574880000000000000000,-72.48755875548000000000000000,0.3637098001919680320,0E-10,0,0E-26,0E-24,72.354574880000000000000000,0E-24,-72.48755875548000000000000000,0.23072592471196803200000000,BASE_E3,permanent,run_dfea4b7ac1475668d5968c97,168
1739404799999999999,2025-02-12,ETHUSDT,173.1327593850000000000000000,-173.218910080949999999999999511,0.5746207083198134226,-0.297364028,0,0.04073849567241997994158295,0E-25,173.132759385000000000000000,0E-25,-173.218910080949999999999999511,0.191105984369813422600000489,BASE_E3,permanent,run_dfea4b7ac1475668d5968c97,168
1739491199999999999,2025-02-13,BTCUSDT,-43.873461323500000000000000,43.54352850354000000000000000,0.4932889997357838512,0E-10,0,0E-26,0E-24,-43.873461323500000000000000,0E-24,43.54352850354000000000000000,0.16335617977578385120000000,BASE_E3,permanent,run_dfea4b7ac1475668d5968c97,168
1739491199999999999,2025-02-13,ETHUSDT,-79.4020178250000000000000000,79.757133616920000000000000000,0.7271117768522209737,0E-9,0,0E-26,0E-25,-79.402017825000000000000000,0E-25,79.757133616920000000000000000,1.082227568772220973700000000,BASE_E3,permanent,run_dfea4b7ac1475668d5968c97,168
1739577599999999999,2025-02-14,BTCUSDT,31.028484209700000000000000,-30.43410820742000000000000000,0.5497810535038084200,0E-10,0,0E-26,0E-24,31.028484209700000000000000,0E-24,-30.43410820742000000000000000,1.14415705578380842000000000,BASE_E3,permanent,run_dfea4b7ac1475668d5968c97,168
1739577599999999999,2025-02-14,ETHUSDT,66.1748833330000000000000000,-67.112613978680000000000000000,0.5788837649071649282,0E-9,0,0E-26,0E-25,66.174883333000000000000000,0E-25,-67.112613978680000000000000000,-0.358846880772835071800000000,BASE_E3,permanent,run_dfea4b7ac1475668d5968c97,168
1739663999999999999,2025-02-15,BTCUSDT,2.021031922400000000000000,-2.32166154064000000000000000,0.2348427930082577570,0E-10,0,0E-26,0E-24,2.021031922400000000000000,0E-24,-2.32166154064000000000000000,-0.06578682523174224300000000,BASE_E3,permanent,run_dfea4b7ac1475668d5968c97,168
1739663999999999999,2025-02-15,ETHUSDT,-42.1386181840000000000000000,42.759523349050000000000000000,0.3205325200794557034,0E-9,0,0E-26,0E-25,-42.138618184000000000000000,0E-25,42.759523349050000000000000000,0.941437685129455703400000000,BASE_E3,permanent,run_dfea4b7ac1475668d5968c97,168
1739750399999999999,2025-02-16,BTCUSDT,-47.816921659300000000000000,47.98456669646000000000000000,0.2435463360076984872,0E-10,0,0E-26,0E-24,-47.816921659300000000000000,0E-24,47.98456669646000000000000000,0.41119137316769848720000000,BASE_E3,permanent,run_dfea4b7ac1475668d5968c97,168
1739750399999999999,2025-02-16,ETHUSDT,-40.3610586080000000000000000,40.374638932930000000000000000,0.4780173977162413803,0E-9,0,0E-26,0E-25,-40.361058608000000000000000,0E-25,40.374638932930000000000000000,0.491597722646241380300000000,BASE_E3,permanent,run_dfea4b7ac1475668d5968c97,168
1739836799999999999,2025-02-17,BTCUSDT,-13.029943696200000000000000,12.91412374022000000000000000,0.4779714595600491350,0E-10,0,0E-26,0E-24,-13.029943696200000000000000,0E-24,12.91412374022000000000000000,0.36215150358004913500000000,BASE_E3,permanent,run_dfea4b7ac1475668d5968c97,168
1739836799999999999,2025-02-17,ETHUSDT,105.4903186610000000000000000,-105.724080935420000000000000000,0.6835196880209324725,0E-9,0,0E-26,0E-25,105.490318661000000000000000,0E-25,-105.724080935420000000000000000,0.449757413600932472500000000,BASE_E3,permanent,run_dfea4b7ac1475668d5968c97,168
1739923199999999999,2025-02-18,BTCUSDT,-5.354170538700000000000000,5.44890956332000000000000000,0.9580121935253220000,0E-10,0,0E-26,0E-24,-5.354170538700000000000000,0E-24,5.44890956332000000000000000,1.05275121814532200000000000,BASE_E3,permanent,run_dfea4b7ac1475668d5968c97,168
1739923199999999999,2025-02-18,ETHUSDT,-93.9361814170000000000000000,94.538432632120000000000000000,0.3043669177537295028,0E-9,0,0E-26,0E-25,-93.936181417000000000000000,0E-25,94.538432632120000000000000000,0.906618132873729502800000000,BASE_E3,permanent,run_dfea4b7ac1475668d5968c97,168
1740009599999999999,2025-02-19,BTCUSDT,34.740056293300000000000000,-34.94418302226000000000000000,0.7728992216660000000,0E-10,0,0E-26,0E-24,34.740056293300000000000000,0E-24,-34.94418302226000000000000000,0.56877249270600000000000000,BASE_E3,permanent,run_dfea4b7ac1475668d5968c97,168
1740009599999999999,2025-02-19,ETHUSDT,58.3457790240000000000000000,-58.446457119670000000000000000,0.5428096369019079497,0E-9,0,0E-26,0E-25,58.345779024000000000000000,0E-25,-58.446457119670000000000000000,0.442131541231907949700000000,BASE_E3,permanent,run_dfea4b7ac1475668d5968c97,168
1740095999999999999,2025-02-20,BTCUSDT,56.157418472300000000000000,-55.46603121484000000000000000,0.4290284752893360760,0E-10,0,0E-26,0E-24,56.157418472300000000000000,0E-24,-55.46603121484000000000000000,1.12041573274933607600000000,BASE_E3,permanent,run_dfea4b7ac1475668d5968c97,168
1740095999999999999,2025-02-20,ETHUSDT,28.5977967080000000000000000,-29.228160922970000000000000000,0.4203868740458654434,0E-9,0,0E-26,0E-25,28.597796708000000000000000,0E-25,-29.228160922970000000000000000,-0.209977340924134556600000000,BASE_E3,permanent,run_dfea4b7ac1475668d5968c97,168
1740182399999999999,2025-02-21,BTCUSDT,-72.122346615700000000000000,71.99241423710000000000000000,0.0771443109480000000,0E-10,0,0E-26,0E-24,-72.122346615700000000000000,0E-24,71.99241423710000000000000000,-0.05278806765200000000000000,BASE_E3,permanent,run_dfea4b7ac1475668d5968c97,168
1740182399999999999,2025-02-21,ETHUSDT,-98.7460485050000000000000000,100.404798042640000000000000000,0.5167839310186000000,0E-9,0,0E-26,0E-25,-98.746048505000000000000000,0E-25,100.404798042640000000000000000,2.175533468658600000000000000,BASE_E3,permanent,run_dfea4b7ac1475668d5968c97,168
1740268799999999999,2025-02-22,BTCUSDT,12.790575177800000000000000,-13.04415817774000000000000000,0.6145234089179260440,0E-10,0,0E-26,0E-24,12.790575177800000000000000,0E-24,-13.04415817774000000000000000,0.36094040897792604400000000,BASE_E3,permanent,run_dfea4b7ac1475668d5968c97,168
1740268799999999999,2025-02-22,ETHUSDT,132.2452043380000000000000000,-133.525806616920000000000000000,0.1868127518289683296,0E-9,0,0E-26,0E-25,132.245204338000000000000000,0E-25,-133.525806616920000000000000000,-1.093789527091031670400000000,BASE_E3,permanent,run_dfea4b7ac1475668d5968c97,168
1740355199999999999,2025-02-23,BTCUSDT,-9.939233707200000000000000,9.60063490354000000000000000,0.2858325309314854532,0E-10,0,0E-26,0E-24,-9.939233707200000000000000,0E-24,9.60063490354000000000000000,-0.05276627272851454680000000,BASE_E3,permanent,run_dfea4b7ac1475668d5968c97,168
1740355199999999999,2025-02-23,ETHUSDT,74.1216202610000000000000000,-73.802483101100000000000000000,0.4989649063991301929,0E-9,0,0E-26,0E-25,74.121620261000000000000000,0E-25,-73.802483101100000000000000000,0.818102066299130192900000000,BASE_E3,permanent,run_dfea4b7ac1475668d5968c97,168
1740441599999999999,2025-02-24,BTCUSDT,-162.562845118900000000000000,162.00592327420000000000000000,0.1927798621236622980,0E-10,0,0E-26,0E-24,-162.562845118900000000000000,0E-24,162.00592327420000000000000000,-0.36414198257633770200000000,BASE_E3,permanent,run_dfea4b7ac1475668d5968c97,168
1740441599999999999,2025-02-24,ETHUSDT,-398.0034312410000000000000000,398.019589718020000000000000000,0.4024575962924201704,0E-9,0,0E-26,0E-25,-398.003431241000000000000000,0E-25,398.019589718020000000000000000,0.418616073312420170400000000,BASE_E3,permanent,run_dfea4b7ac1475668d5968c97,168
1740527999999999999,2025-02-25,BTCUSDT,-93.036150874600000000000000,93.95608199250000000000000000,0.5114972513440162650,0E-10,0,0E-26,0E-24,-93.036150874600000000000000,0E-24,93.95608199250000000000000000,1.43142836924401626500000000,BASE_E3,permanent,run_dfea4b7ac1475668d5968c97,168
1740527999999999999,2025-02-25,ETHUSDT,-25.4739971590000000000000000,25.225100000000000000000000000,-0.0116032979280449310,0E-9,0,0E-26,0E-25,-25.473997159000000000000000,0E-25,25.225100000000000000000000000,-0.260500456928044931000000000,BASE_E3,permanent,run_dfea4b7ac1475668d5968c97,168
1740614399999999999,2025-02-26,BTCUSDT,-154.122384748500000000000000,153.77456740008000000000000000,0.5848082728384051480,0E-10,0,0E-26,0E-24,-154.122384748500000000000000,0E-24,153.77456740008000000000000000,0.23699092441840514800000000,BASE_E3,permanent,run_dfea4b7ac1475668d5968c97,168
1740614399999999999,2025-02-26,ETHUSDT,-213.9804141830000000000000000,213.514003348780000000000000517,0.3675917600925000000,-0.131235568,0,0.01779417685058986870579820,0E-25,-213.980414183000000000000000,0E-25,213.514003348780000000000000517,-0.230054642127499999999999483,BASE_E3,permanent,run_dfea4b7ac1475668d5968c97,168
1740700799999999999,2025-02-27,BTCUSDT,19.604077649700000000000000,-19.50224939258000000000000000,0.5224407668960733090,0E-10,0,0E-26,0E-24,19.604077649700000000000000,0E-24,-19.50224939258000000000000000,0.62426902401607330900000000,BASE_E3,permanent,run_dfea4b7ac1475668d5968c97,168
1740700799999999999,2025-02-27,ETHUSDT,-35.3770696200000000000000000,35.670996651220000000000000000,0.7402036446614555574,0E-9,0,0E-26,0E-25,-35.377069620000000000000000,0E-25,35.670996651220000000000000000,1.034130675881455557400000000,BASE_E3,permanent,run_dfea4b7ac1475668d5968c97,168
1740787199999999999,2025-02-28,BTCUSDT,-12.597788317100000000000000,12.76700000000000000000000000,0.5175135860150510260,0E-10,0,0E-26,0E-24,-12.597788317100000000000000,0E-24,12.76700000000000000000000000,0.68672526891505102600000000,BASE_E3,permanent,run_dfea4b7ac1475668d5968c97,168
1740787199999999999,2025-02-28,ETHUSDT,-93.8284769800000000000000000,93.580240000000000000000000000,0.1986265169058561666,0E-9,0,0E-26,0E-25,-93.828476980000000000000000,0E-25,93.580240000000000000000000000,-0.049610463094143833400000000,BASE_E3,permanent,run_dfea4b7ac1475668d5968c97,168
1740873599999999999,2025-03-01,BTCUSDT,56.722858594600000000000000,-56.83863640000000000000000000,-0.2010411928116007588,0E-10,0,0E-26,0E-24,56.722858594600000000000000,0E-24,-56.83863640000000000000000000,-0.31681899821160075880000000,BASE_E3,permanent,run_dfea4b7ac1475668d5968c97,168
1740873599999999999,2025-03-01,ETHUSDT,-28.0572127700000000000000000,28.404450000000000000000000000,0.0868870702329242280,0E-9,0,0E-26,0E-25,-28.057212770000000000000000,0E-25,28.404450000000000000000000000,0.434124300232924228000000000,BASE_E3,permanent,run_dfea4b7ac1475668d5968c97,168
1740959999999999999,2025-03-02,BTCUSDT,277.533856588700000000000000,-277.60916360000000000000000000,-0.1987833003715632462,0E-10,0,0E-26,0E-24,277.533856588700000000000000,0E-24,-277.60916360000000000000000000,-0.27409031167156324620000000,BASE_E3,permanent,run_dfea4b7ac1475668d5968c97,168
1740959999999999999,2025-03-02,ETHUSDT,403.6800320800000000000000000,-405.106229231700000000000000000,0.4625619856460723332,0E-9,0,0E-26,0E-25,403.680032080000000000000000,0E-25,-405.106229231700000000000000000,-0.963635166053927666800000000,BASE_E3,permanent,run_dfea4b7ac1475668d5968c97,168
1741046399999999999,2025-03-03,BTCUSDT,-275.189813171300000000000000,275.02600000000000000000000000,0.0093852642316950796,0E-10,0,0E-26,0E-24,-275.189813171300000000000000,0E-24,275.02600000000000000000000000,-0.15442790706830492040000000,BASE_E3,permanent,run_dfea4b7ac1475668d5968c97,168
1741046399999999999,2025-03-03,ETHUSDT,-498.6635690400000000000000000,499.854879231700000000000000000,0.0906696039492167836,0E-9,0,0E-26,0E-25,-498.663569040000000000000000,0E-25,499.854879231700000000000000000,1.281979795649216783600000000,BASE_E3,permanent,run_dfea4b7ac1475668d5968c97,168
1741132799999999999,2025-03-04,BTCUSDT,37.474773613600000000000000,-37.64480000000000000000000000,-0.0155156487741710948,0E-10,0,0E-26,0E-24,37.474773613600000000000000,0E-24,-37.64480000000000000000000000,-0.18554203517417109480000000,BASE_E3,permanent,run_dfea4b7ac1475668d5968c97,168
1741132799999999999,2025-03-04,ETHUSDT,30.9851555100000000000000000,-31.036730000000000000000000000,-0.2236786980750000000,0E-9,0,0E-26,0E-25,30.985155510000000000000000,0E-25,-31.036730000000000000000000000,-0.275253188075000000000000000,BASE_E3,permanent,run_dfea4b7ac1475668d5968c97,168
1741219199999999999,2025-03-05,BTCUSDT,114.679281088000000000000000,-114.33860000000000000000000000,0.3540318754800000000,0E-10,0,0E-26,0E-24,114.679281088000000000000000,0E-24,-114.33860000000000000000000000,0.69471296348000000000000000,BASE_E3,permanent,run_dfea4b7ac1475668d5968c97,168
1741219199999999999,2025-03-05,ETHUSDT,96.1654588000000000000000000,-95.890200000000000000000000000,0.4733948156137816176,0E-9,0,0E-26,0E-25,96.165458800000000000000000,0E-25,-95.890200000000000000000000000,0.748653615613781617600000000,BASE_E3,permanent,run_dfea4b7ac1475668d5968c97,168
1741305599999999999,2025-03-06,BTCUSDT,-23.791326661200000000000000,23.59260000000000000000000000,0.5184677425375267010,0E-10,0,0E-26,0E-24,-23.791326661200000000000000,0E-24,23.59260000000000000000000000,0.31974108133752670100000000,BASE_E3,permanent,run_dfea4b7ac1475668d5968c97,168
1741305599999999999,2025-03-06,ETHUSDT,-53.4148086100000000000000000,53.343960000000000000000000000,0.0846962869852029670,0E-9,0,0E-26,0E-25,-53.414808610000000000000000,0E-25,53.343960000000000000000000000,0.013847676985202967000000000,BASE_E3,permanent,run_dfea4b7ac1475668d5968c97,168
1741391999999999999,2025-03-07,BTCUSDT,-106.762439351600000000000000,107.17140000000000000000000000,-0.0039480074396513898,0E-10,0,0E-26,0E-24,-106.762439351600000000000000,0E-24,107.17140000000000000000000000,0.40501264096034861020000000,BASE_E3,permanent,run_dfea4b7ac1475668d5968c97,168
1741391999999999999,2025-03-07,ETHUSDT,-81.8615183500000000000000000,81.734980000000000000000000000,0.1783839993539149950,0E-9,0,0E-26,0E-25,-81.861518350000000000000000,0E-25,81.734980000000000000000000000,0.051845649353914995000000000,BASE_E3,permanent,run_dfea4b7ac1475668d5968c97,168
1741478399999999999,2025-03-08,BTCUSDT,-20.759778777600000000000000,20.62780000000000000000000000,0.2035528317288432340,0E-10,0,0E-26,0E-24,-20.759778777600000000000000,0E-24,20.62780000000000000000000000,0.07157405412884323400000000,BASE_E3,permanent,run_dfea4b7ac1475668d5968c97,168
1741478399999999999,2025-03-08,ETHUSDT,82.1301369500000000000000000,-82.111020000000000000000000000,0.3979284993982869760,0E-9,0,0E-26,0E-25,82.130136950000000000000000,0E-25,-82.111020000000000000000000000,0.417045449398286976000000000,BASE_E3,permanent,run_dfea4b7ac1475668d5968c97,168
1741564799999999999,2025-03-09,BTCUSDT,-189.373479228100000000000000,189.39360000000000000000000000,0.2949698119518970196,0E-10,0,0E-26,0E-24,-189.373479228100000000000000,0E-24,189.39360000000000000000000000,0.31509058385189701960000000,BASE_E3,permanent,run_dfea4b7ac1475668d5968c97,168
1741564799999999999,2025-03-09,ETHUSDT,-250.6211538000000000000000000,250.590551197560000000000000000,0.3095927170848806828,0E-9,0,0E-26,0E-25,-250.621153800000000000000000,0E-25,250.590551197560000000000000000,0.278990114644880682800000000,BASE_E3,permanent,run_dfea4b7ac1475668d5968c97,168
1741651199999999999,2025-03-10,BTCUSDT,-70.788819159500000000000000,69.30070828162000000000000000,0.2558247797874437862,0E-10,0,0E-26,0E-24,-70.788819159500000000000000,0E-24,69.30070828162000000000000000,-1.23228609809255621380000000,BASE_E3,permanent,run_dfea4b7ac1475668d5968c97,168
1741651199999999999,2025-03-10,ETHUSDT,-209.3210440500000000000000000,208.057261558540000000000000000,0.0495022769193078607,0E-9,0,0E-26,0E-25,-209.321044050000000000000000,0E-25,208.057261558540000000000000000,-1.214280214540692139300000000,BASE_E3,permanent,run_dfea4b7ac1475668d5968c97,168
1741737599999999999,2025-03-11,BTCUSDT,148.020527601900000000000000,-146.69056201334000000000000000,0.4562276541149279600,0E-10,0,0E-26,0E-24,148.020527601900000000000000,0E-24,-146.69056201334000000000000000,1.78619324267492796000000000,BASE_E3,permanent,run_dfea4b7ac1475668d5968c97,168
1741737599999999999,2025-03-11,ETHUSDT,81.0153697600000000000000000,-79.814372756100000000000000000,0.1483781368699960982,0E-9,0,0E-26,0E-25,81.015369760000000000000000,0E-25,-79.814372756100000000000000000,1.349375140769996098200000000,BASE_E3,permanent,run_dfea4b7ac1475668d5968c97,168
1741823999999999999,2025-03-12,BTCUSDT,27.472297655800000000000000,-27.73410530538000000000000000,0.2906354945457327062,0E-10,0,0E-26,0E-24,27.472297655800000000000000,0E-24,-27.73410530538000000000000000,0.02882784496573270620000000,BASE_E3,permanent,run_dfea4b7ac1475668d5968c97,168
1741823999999999999,2025-03-12,ETHUSDT,-15.4052767100000000000000000,14.953036617080000000000000000,-0.0140933283531366742,0E-9,0,0E-26,0E-25,-15.405276710000000000000000,0E-25,14.953036617080000000000000000,-0.466333421273136674200000000,BASE_E3,permanent,run_dfea4b7ac1475668d5968c97,168
1741910399999999999,2025-03-13,BTCUSDT,-88.409266217800000000000000,88.46314177774000000000000000,0.1585687493300000000,0E-10,0,0E-26,0E-24,-88.409266217800000000000000,0E-24,88.46314177774000000000000000,0.21244430927000000000000000,BASE_E3,permanent,run_dfea4b7ac1475668d5968c97,168
1741910399999999999,2025-03-13,ETHUSDT,-60.3048757000000000000000000,60.450348569510000000000000000,0.1811534347949000000,0E-9,0,0E-26,0E-25,-60.304875700000000000000000,0E-25,60.450348569510000000000000000,0.326626304304900000000000000,BASE_E3,permanent,run_dfea4b7ac1475668d5968c97,168
1741996799999999999,2025-03-14,BTCUSDT,97.710637225400000000000000,-97.45105865160000000000000000,0.3076312188936915572,0E-10,0,0E-26,0E-24,97.710637225400000000000000,0E-24,-97.45105865160000000000000000,0.56720979269369155720000000,BASE_E3,permanent,run_dfea4b7ac1475668d5968c97,168
1741996799999999999,2025-03-14,ETHUSDT,61.3256263800000000000000000,-61.395895186590000000000000000,0.4067377037623299520,0E-9,0,0E-26,0E-25,61.325626380000000000000000,0E-25,-61.395895186590000000000000000,0.336468897172329952000000000,BASE_E3,permanent,run_dfea4b7ac1475668d5968c97,168
1742083199999999999,2025-03-15,BTCUSDT,12.872858106000000000000000,-12.68772408904000000000000000,-0.2495027068012800000,0E-10,0,0E-26,0E-24,12.872858106000000000000000,0E-24,-12.68772408904000000000000000,-0.06436868984128000000000000,BASE_E3,permanent,run_dfea4b7ac1475668d5968c97,168
1742083199999999999,2025-03-15,ETHUSDT,37.1768142400000000000000000,-36.717620000000000000000000000,0.2477298903946000000,0E-9,0,0E-26,0E-25,37.176814240000000000000000,0E-25,-36.717620000000000000000000000,0.706924130394600000000000000,BASE_E3,permanent,run_dfea4b7ac1475668d5968c97,168
1742169599999999999,2025-03-16,BTCUSDT,-60.779202947600000000000000,60.12560000000000000000000000,0.1690201624320000000,0E-10,0,0E-26,0E-24,-60.779202947600000000000000,0E-24,60.12560000000000000000000000,-0.48458278516800000000000000,BASE_E3,permanent,run_dfea4b7ac1475668d5968c97,168
1742169599999999999,2025-03-16,ETHUSDT,-67.0740644200000000000000000,66.787390000000000000000000000,-0.2154982918173000000,0E-9,0,0E-26,0E-25,-67.074064420000000000000000,0E-25,66.787390000000000000000000000,-0.502172711817300000000000000,BASE_E3,permanent,run_dfea4b7ac1475668d5968c97,168
1742255999999999999,2025-03-17,BTCUSDT,51.115719053500000000000000,-50.51720000000000000000000000,0.2949215733296214904,0E-10,0,0E-26,0E-24,51.115719053500000000000000,0E-24,-50.51720000000000000000000000,0.89344062682962149040000000,BASE_E3,permanent,run_dfea4b7ac1475668d5968c97,168
1742255999999999999,2025-03-17,ETHUSDT,52.9715879200000000000000000,-52.860480000000000000000000000,0.2920279302575832060,0E-9,0,0E-26,0E-25,52.971587920000000000000000,0E-25,-52.860480000000000000000000000,0.403135850257583206000000000,BASE_E3,permanent,run_dfea4b7ac1475668d5968c97,168
1742342399999999999,2025-03-18,BTCUSDT,-44.959459970900000000000000,45.02960000000000000000000000,0.1757191809730184996,0E-10,0,0E-26,0E-24,-44.959459970900000000000000,0E-24,45.02960000000000000000000000,0.24585921007301849960000000,BASE_E3,permanent,run_dfea4b7ac1475668d5968c97,168
1742342399999999999,2025-03-18,ETHUSDT,8.4883477600000000000000000,-8.622060000000000000000000000,0.2793491551605347970,0E-9,0,0E-26,0E-25,8.488347760000000000000000,0E-25,-8.622060000000000000000000000,0.145636915160534797000000000,BASE_E3,permanent,run_dfea4b7ac1475668d5968c97,168
1742428799999999999,2025-03-19,BTCUSDT,140.129866797200000000000000,-140.50160000000000000000000000,0.3187856094159406400,0E-10,0,0E-26,0E-24,140.129866797200000000000000,0E-24,-140.50160000000000000000000000,-0.05294759338405936000000000,BASE_E3,permanent,run_dfea4b7ac1475668d5968c97,168
1742428799999999999,2025-03-19,ETHUSDT,167.1076310600000000000000000,-166.867750000000000000000000000,0.5717778729084649704,0E-9,0,0E-26,0E-25,167.107631060000000000000000,0E-25,-166.867750000000000000000000000,0.811658932908464970400000000,BASE_E3,permanent,run_dfea4b7ac1475668d5968c97,168
1742515199999999999,2025-03-20,BTCUSDT,-90.965477185600000000000000,91.20500000000000000000000000,0.1991595503300873080,0E-10,0,0E-26,0E-24,-90.965477185600000000000000,0E-24,91.20500000000000000000000000,0.43868236473008730800000000,BASE_E3,permanent,run_dfea4b7ac1475668d5968c97,168
1742515199999999999,2025-03-20,ETHUSDT,-99.8858264100000000000000000,99.596880000000000000000000000,-0.0278758054372387004,0E-9,0,0E-26,0E-25,-99.885826410000000000000000,0E-25,99.596880000000000000000000000,-0.316822215437238700400000000,BASE_E3,permanent,run_dfea4b7ac1475668d5968c97,168
1742601599999999999,2025-03-21,BTCUSDT,-3.315797999200000000000000,3.23340000000000000000000000,0.2695923549161492856,0E-10,0,0E-26,0E-24,-3.315797999200000000000000,0E-24,3.23340000000000000000000000,0.18719435571614928560000000,BASE_E3,permanent,run_dfea4b7ac1475668d5968c97,168
1742601599999999999,2025-03-21,ETHUSDT,-23.1952161100000000000000000,23.274190000000000000000000000,0.3869413422090552155,0E-9,0,0E-26,0E-25,-23.195216110000000000000000,0E-25,23.274190000000000000000000000,0.465915232209055215500000000,BASE_E3,permanent,run_dfea4b7ac1475668d5968c97,168
1742687999999999999,2025-03-22,BTCUSDT,-8.153490158000000000000000,8.00713524452000000000000000,0.1759065666320000000,0E-10,0,0E-26,0E-24,-8.153490158000000000000000,0E-24,8.00713524452000000000000000,0.02955165315200000000000000,BASE_E3,permanent,run_dfea4b7ac1475668d5968c97,168
1742687999999999999,2025-03-22,ETHUSDT,19.7971908200000000000000000,-19.605881430490000000000000000,-0.0377166093691789341,0E-9,0,0E-26,0E-25,19.797190820000000000000000,0E-25,-19.605881430490000000000000000,0.153592780140821065900000000,BASE_E3,permanent,run_dfea4b7ac1475668d5968c97,168
1742774399999999999,2025-03-23,BTCUSDT,75.217816774100000000000000,-76.10521834014000000000000000,0.1709266994285368952,0E-10,0,0E-26,0E-24,75.217816774100000000000000,0E-24,-76.10521834014000000000000000,-0.71647486661146310480000000,BASE_E3,permanent,run_dfea4b7ac1475668d5968c97,168
1742774399999999999,2025-03-23,ETHUSDT,33.7384961600000000000000000,-34.030583526320000000000000000,0.1954090007926971427,0E-9,0,0E-26,0E-25,33.738496160000000000000000,0E-25,-34.030583526320000000000000000,-0.096678365527302857300000000,BASE_E3,permanent,run_dfea4b7ac1475668d5968c97,168
1742860799999999999,2025-03-24,BTCUSDT,49.004243912500000000000000,-48.03185601534000000000000000,0.1196597028087295012,0E-10,0,0E-26,0E-24,49.004243912500000000000000,0E-24,-48.03185601534000000000000000,1.09204759996872950120000000,BASE_E3,permanent,run_dfea4b7ac1475668d5968c97,168
1742860799999999999,2025-03-24,ETHUSDT,100.5842347700000000000000000,-100.351915043190000000000000000,0.3140319118680000000,0E-9,0,0E-26,0E-25,100.584234770000000000000000,0E-25,-100.351915043190000000000000000,0.546351638678000000000000000,BASE_E3,permanent,run_dfea4b7ac1475668d5968c97,168
1742947199999999999,2025-03-25,BTCUSDT,-2.199538274900000000000000,1.80833911096000000000000000,-0.0861896621156490752,0E-10,0,0E-26,0E-24,-2.199538274900000000000000,0E-24,1.80833911096000000000000000,-0.47738882605564907520000000,BASE_E3,permanent,run_dfea4b7ac1475668d5968c97,168
1742947199999999999,2025-03-25,ETHUSDT,-18.6018380500000000000000000,18.672848162190000000000000000,0.2151996324421972225,0E-9,0,0E-26,0E-25,-18.601838050000000000000000,0E-25,18.672848162190000000000000000,0.286209744632197222500000000,BASE_E3,permanent,run_dfea4b7ac1475668d5968c97,168
1743033599999999999,2025-03-26,BTCUSDT,-18.463337054200000000000000,19.10214809204000000000000000,-0.1299784545818488972,0E-10,0,0E-26,0E-24,-18.463337054200000000000000,0E-24,19.10214809204000000000000000,0.50883258325815110280000000,BASE_E3,permanent,run_dfea4b7ac1475668d5968c97,168
1743033599999999999,2025-03-26,ETHUSDT,-77.4427423800000000000000000,77.297931837810000000000000000,0.0519904203664420125,0E-9,0,0E-26,0E-25,-77.442742380000000000000000,0E-25,77.297931837810000000000000000,-0.092820121823557987500000000,BASE_E3,permanent,run_dfea4b7ac1475668d5968c97,168
1743119999999999999,2025-03-27,BTCUSDT,11.566531617800000000000000,-11.66974809204000000000000000,0.1452202763071179840,0E-10,0,0E-26,0E-24,11.566531617800000000000000,0E-24,-11.66974809204000000000000000,0.04200380206711798400000000,BASE_E3,permanent,run_dfea4b7ac1475668d5968c97,168
1743119999999999999,2025-03-27,ETHUSDT,-8.3003147400000000000000000,8.152010000000000000000000000,0.4087419887813255221,0E-9,0,0E-26,0E-25,-8.300314740000000000000000,0E-25,8.152010000000000000000000000,0.260437248781325522100000000,BASE_E3,permanent,run_dfea4b7ac1475668d5968c97,168
1743206399999999999,2025-03-28,BTCUSDT,-96.512774597100000000000000,96.65019091838000000000000000,0.2656029022244206342,0E-10,0,0E-26,0E-24,-96.512774597100000000000000,0E-24,96.65019091838000000000000000,0.40301922350442063420000000,BASE_E3,permanent,run_dfea4b7ac1475668d5968c97,168
1743206399999999999,2025-03-28,ETHUSDT,-143.1065591500000000000000000,143.271240000000000000000000000,0.0740818784490601577,0E-9,0,0E-26,0E-25,-143.106559150000000000000000,0E-25,143.271240000000000000000000000,0.238762728449060157700000000,BASE_E3,permanent,run_dfea4b7ac1475668d5968c97,168
1743292799999999999,2025-03-29,BTCUSDT,-59.910132020000000000000000,59.62712247420000000000000000,0.4584995539883603244,0E-10,0,0E-26,0E-24,-59.910132020000000000000000,0E-24,59.62712247420000000000000000,0.17549000818836032440000000,BASE_E3,permanent,run_dfea4b7ac1475668d5968c97,168
1743292799999999999,2025-03-29,ETHUSDT,-92.8748809500000000000000000,92.736132523170000000000000000,0.2082540930708387560,0E-9,0,0E-26,0E-25,-92.874880950000000000000000,0E-25,92.736132523170000000000000000,0.069505666240838756000000000,BASE_E3,permanent,run_dfea4b7ac1475668d5968c97,168
1743379199999999999,2025-03-30,BTCUSDT,-9.392494250400000000000000,9.19388660742000000000000000,0.1506381971159868710,0E-10,0,0E-26,0E-24,-9.392494250400000000000000,0E-24,9.19388660742000000000000000,-0.04796944586401312900000000,BASE_E3,permanent,run_dfea4b7ac1475668d5968c97,168
1743379199999999999,2025-03-30,ETHUSDT,-28.0975055600000000000000000,28.055664371950000000000000000,-0.0466203880339000000,0E-9,0,0E-26,0E-25,-28.097505560000000000000000,0E-25,28.055664371950000000000000000,-0.088461576083900000000000000,BASE_E3,permanent,run_dfea4b7ac1475668d5968c97,168
1743465599999999999,2025-03-31,BTCUSDT,7.831498699300000000000000,-7.85220278516000000000000000,0.2939203626660000000,0E-10,0,0E-26,0E-24,7.831498699300000000000000,0E-24,-7.85220278516000000000000000,0.27321627680600000000000000,BASE_E3,permanent,run_dfea4b7ac1475668d5968c97,168
1743465599999999999,2025-03-31,ETHUSDT,23.2892326200000000000000000,-23.479637023170000000000000000,0.1060765881645870392,0E-9,0,0E-26,0E-25,23.289232620000000000000000,0E-25,-23.479637023170000000000000000,-0.084327815005412960800000000,BASE_E3,permanent,run_dfea4b7ac1475668d5968c97,168
1743551999999999999,2025-04-01,BTCUSDT,87.851646373800000000000000,-87.65719721484000000000000000,0.2966230871638035310,0E-10,0,0E-26,0E-24,87.851646373800000000000000,0E-24,-87.65719721484000000000000000,0.49107224612380353100000000,BASE_E3,permanent,run_dfea4b7ac1475668d5968c97,168
1743551999999999999,2025-04-01,ETHUSDT,109.5292341500000000000000000,-109.533459871950000000000000000,0.1410211402250186039,0E-9,0,0E-26,0E-25,109.529234150000000000000000,0E-25,-109.533459871950000000000000000,0.136795418275018603900000000,BASE_E3,permanent,run_dfea4b7ac1475668d5968c97,168
1743638399999999999,2025-04-02,BTCUSDT,-90.503740753800000000000000,90.33189234064000000000000000,0.0476019041016951016,0E-10,0,0E-26,0E-24,-90.503740753800000000000000,0E-24,90.33189234064000000000000000,-0.12424650905830489840000000,BASE_E3,permanent,run_dfea4b7ac1475668d5968c97,168
1743638399999999999,2025-04-02,ETHUSDT,-148.4252074300000000000000000,148.553706662190000000000000000,0.2016403226406493285,0E-9,0,0E-26,0E-25,-148.425207430000000000000000,0E-25,148.553706662190000000000000000,0.330139554830649328500000000,BASE_E3,permanent,run_dfea4b7ac1475668d5968c97,168
1743724799999999999,2025-04-03,BTCUSDT,21.667611084600000000000000,-21.48190090354000000000000000,0.4880933374913800300,0E-10,0,0E-26,0E-24,21.667611084600000000000000,0E-24,-21.48190090354000000000000000,0.67380351855138003000000000,BASE_E3,permanent,run_dfea4b7ac1475668d5968c97,168
1743724799999999999,2025-04-03,ETHUSDT,29.1719799600000000000000000,-29.052628697560000000000000000,0.1256227775151553431,0E-9,0,0E-26,0E-25,29.171979960000000000000000,0E-25,-29.052628697560000000000000000,0.244974039955155343100000000,BASE_E3,permanent,run_dfea4b7ac1475668d5968c97,168
1743811199999999999,2025-04-04,BTCUSDT,24.948727849600000000000000,-25.08204908162000000000000000,0.4826666178980000000,0E-10,0,0E-26,0E-24,24.948727849600000000000000,0E-24,-25.08204908162000000000000000,0.34934538587800000000000000,BASE_E3,permanent,run_dfea4b7ac1475668d5968c97,168
1743811199999999999,2025-04-04,ETHUSDT,0.0268618600000000000000000,-0.011244952430000000000000000,0.2034834898857000000,0E-9,0,0E-26,0E-25,0.026861860000000000000000,0E-25,-0.011244952430000000000000000,0.219100397455700000000000000,BASE_E3,permanent,run_dfea4b7ac1475668d5968c97,168
1743897599999999999,2025-04-05,BTCUSDT,-11.108195307000000000000000,11.07405764452000000000000000,0.4666083964200938112,0E-10,0,0E-26,0E-24,-11.108195307000000000000000,0E-24,11.07405764452000000000000000,0.43247073394009381120000000,BASE_E3,permanent,run_dfea4b7ac1475668d5968c97,168
1743897599999999999,2025-04-05,ETHUSDT,-13.5786702300000000000000000,13.581140790240000000000000000,0.1790503960657312948,0E-9,0,0E-26,0E-25,-13.578670230000000000000000,0E-25,13.581140790240000000000000000,0.181520956305731294800000000,BASE_E3,permanent,run_dfea4b7ac1475668d5968c97,168
1743983999999999999,2025-04-06,BTCUSDT,-178.599515815400000000000000,178.82589352580000000000000000,0.1406867088124597306,0E-10,0,0E-26,0E-24,-178.599515815400000000000000,0E-24,178.82589352580000000000000000,0.36706441921245973060000000,BASE_E3,permanent,run_dfea4b7ac1475668d5968c97,168
1743983999999999999,2025-04-06,ETHUSDT,-305.9968781900000000000000000,305.929601651220000000000000000,0.1324132345155910220,0E-9,0,0E-26,0E-25,-305.996878190000000000000000,0E-25,305.929601651220000000000000000,0.065136695735591022000000000,BASE_E3,permanent,run_dfea4b7ac1475668d5968c97,168
1744070399999999999,2025-04-07,BTCUSDT,32.287209003900000000000000,-33.17452080000000000000000000,0.4402250840165940564,0E-10,0,0E-26,0E-24,32.287209003900000000000000,0E-24,-33.17452080000000000000000000,-0.44708671208340594360000000,BASE_E3,permanent,run_dfea4b7ac1475668d5968c97,168
1744070399999999999,2025-04-07,ETHUSDT,-31.3209287600000000000000000,30.827115406090000000000000000,-0.1713281175703348121,0E-9,0,0E-26,0E-25,-31.320928760000000000000000,0E-25,30.827115406090000000000000000,-0.665141471480334812100000000,BASE_E3,permanent,run_dfea4b7ac1475668d5968c97,168
1744156799999999999,2025-04-08,BTCUSDT,-98.170673596700000000000000,98.89022727420000000000000000,0.2898070301121875480,0E-10,0,0E-26,0E-24,-98.170673596700000000000000,0E-24,98.89022727420000000000000000,1.00936070761218754800000000,BASE_E3,permanent,run_dfea4b7ac1475668d5968c97,168
1744156799999999999,2025-04-08,ETHUSDT,-108.7636711400000000000000000,109.206759140250000000000000000,-0.0141590291509000000,0E-9,0,0E-26,0E-25,-108.763671140000000000000000,0E-25,109.206759140250000000000000000,0.428928971099100000000000000,BASE_E3,permanent,run_dfea4b7ac1475668d5968c97,168
1744243199999999999,2025-04-09,BTCUSDT,212.303555240000000000000000,-212.60200000000000000000000000,0.3687679723018314176,0E-10,0,0E-26,0E-24,212.303555240000000000000000,0E-24,-212.60200000000000000000000000,0.07032321230183141760000000,BASE_E3,permanent,run_dfea4b7ac1475668d5968c97,168
1744243199999999999,2025-04-09,ETHUSDT,263.1522114900000000000000000,-262.771380000000000000000000000,-0.1949708203246000000,0E-9,0,0E-26,0E-25,263.152211490000000000000000,0E-25,-262.771380000000000000000000000,0.185860669675400000000000000,BASE_E3,permanent,run_dfea4b7ac1475668d5968c97,168
1744329599999999999,2025-04-10,BTCUSDT,-99.197850150800000000000000,99.68116751096000000000000000,0.4008631393900000000,0E-10,0,0E-26,0E-24,-99.197850150800000000000000,0E-24,99.68116751096000000000000000,0.88418049955000000000000000,BASE_E3,permanent,run_dfea4b7ac1475668d5968c97,168
1744329599999999999,2025-04-10,ETHUSDT,-196.8571410100000000000000000,196.326678837810000000000000000,0.2877021003336000000,0E-9,0,0E-26,0E-25,-196.857141010000000000000000,0E-25,196.326678837810000000000000000,-0.242760071856400000000000000,BASE_E3,permanent,run_dfea4b7ac1475668d5968c97,168
1744415999999999999,2025-04-11,BTCUSDT,127.976134282700000000000000,-127.92749736290000000000000000,0.0295712563318445470,0E-10,0,0E-26,0E-24,127.976134282700000000000000,0E-24,-127.92749736290000000000000000,0.07820817613184454700000000,BASE_E3,permanent,run_dfea4b7ac1475668d5968c97,168
1744415999999999999,2025-04-11,ETHUSDT,59.8885168700000000000000000,-59.683207791470000000000000000,-0.1505285720711099022,0E-9,0,0E-26,0E-25,59.888516870000000000000000,0E-25,-59.683207791470000000000000000,0.054780506458890097800000000,BASE_E3,permanent,run_dfea4b7ac1475668d5968c97,168
1744502399999999999,2025-04-12,BTCUSDT,63.111685953600000000000000,-63.31227014806000000000000000,0.4197361177560000000,0E-10,0,0E-26,0E-24,63.111685953600000000000000,0E-24,-63.31227014806000000000000000,0.21915192329600000000000000,BASE_E3,permanent,run_dfea4b7ac1475668d5968c97,168
1744502399999999999,2025-04-12,ETHUSDT,102.1825154400000000000000000,-102.396971046340000000000000000,0.0937730612809676448,0E-9,0,0E-26,0E-25,102.182515440000000000000000,0E-25,-102.396971046340000000000000000,-0.120682545059032355200000000,BASE_E3,permanent,run_dfea4b7ac1475668d5968c97,168
1744588799999999999,2025-04-13,BTCUSDT,-53.740272453400000000000000,53.87980000000000000000000000,0.6631773710378479446,0E-10,0,0E-26,0E-24,-53.740272453400000000000000,0E-24,53.87980000000000000000000000,0.80270491763784794460000000,BASE_E3,permanent,run_dfea4b7ac1475668d5968c97,168
1744588799999999999,2025-04-13,ETHUSDT,-63.1522328600000000000000000,63.155107942690000000000000000,0.3950230489243171953,0E-9,0,0E-26,0E-25,-63.152232860000000000000000,0E-25,63.155107942690000000000000000,0.397898131614317195300000000,BASE_E3,permanent,run_dfea4b7ac1475668d5968c97,168
1744675199999999999,2025-04-14,BTCUSDT,29.368545137500000000000000,-29.18220000000000000000000000,0.5051867574734765062,0E-10,0,0E-26,0E-24,29.368545137500000000000000,0E-24,-29.18220000000000000000000000,0.69153189497347650620000000,BASE_E3,permanent,run_dfea4b7ac1475668d5968c97,168
1744675199999999999,2025-04-14,ETHUSDT,35.2158984600000000000000000,-35.038818549670000000000000000,0.4059166269897522482,0E-9,0,0E-26,0E-25,35.215898460000000000000000,0E-25,-35.038818549670000000000000000,0.582996537319752248200000000,BASE_E3,permanent,run_dfea4b7ac1475668d5968c97,168
1744761599999999999,2025-04-15,BTCUSDT,-30.932600797500000000000000,30.50820000000000000000000000,0.1872092221832794372,0E-10,0,0E-26,0E-24,-30.932600797500000000000000,0E-24,30.50820000000000000000000000,-0.23719157531672056280000000,BASE_E3,permanent,run_dfea4b7ac1475668d5968c97,168
1744761599999999999,2025-04-15,ETHUSDT,-45.8129022300000000000000000,45.627840606980000000000000000,0.1031030888903707448,0E-9,0,0E-26,0E-25,-45.812902230000000000000000,0E-25,45.627840606980000000000000000,-0.081958534129629255200000000,BASE_E3,permanent,run_dfea4b7ac1475668d5968c97,168
1744847999999999999,2025-04-16,BTCUSDT,12.350259508300000000000000,-12.30460000000000000000000000,0.3220402939776547658,0E-10,0,0E-26,0E-24,12.350259508300000000000000,0E-24,-12.30460000000000000000000000,0.36769980227765476580000000,BASE_E3,permanent,run_dfea4b7ac1475668d5968c97,168
1744847999999999999,2025-04-16,ETHUSDT,-14.4113878900000000000000000,14.504400000000000000000000000,-0.0242482265963785394,0E-9,0,0E-26,0E-25,-14.411387890000000000000000,0E-25,14.504400000000000000000000000,0.068763883403621460600000000,BASE_E3,permanent,run_dfea4b7ac1475668d5968c97,168
1744934399999999999,2025-04-17,BTCUSDT,29.412406698400000000000000,-29.47800000000000000000000000,0.3018997825473877372,0E-10,0,0E-26,0E-24,29.412406698400000000000000,0E-24,-29.47800000000000000000000000,0.23630648094738773720000000,BASE_E3,permanent,run_dfea4b7ac1475668d5968c97,168
1744934399999999999,2025-04-17,ETHUSDT,5.5872668800000000000000000,-5.627170000000000000000000000,0.1682481326619167058,0E-9,0,0E-26,0E-25,5.587266880000000000000000,0E-25,-5.627170000000000000000000000,0.128345012661916705800000000,BASE_E3,permanent,run_dfea4b7ac1475668d5968c97,168
1745020799999999999,2025-04-18,BTCUSDT,-14.056780238200000000000000,14.52480000000000000000000000,0.3409482716165061504,0E-10,0,0E-26,0E-24,-14.056780238200000000000000,0E-24,14.52480000000000000000000000,0.80896803341650615040000000,BASE_E3,permanent,run_dfea4b7ac1475668d5968c97,168
1745020799999999999,2025-04-18,ETHUSDT,8.8509828700000000000000000,-8.810080000000000000000000000,-0.0397212356679819733,0E-9,0,0E-26,0E-25,8.850982870000000000000000,0E-25,-8.810080000000000000000000000,0.001181634332018026700000000,BASE_E3,permanent,run_dfea4b7ac1475668d5968c97,168
1745107199999999999,2025-04-19,BTCUSDT,19.592177226200000000000000,-20.01748098074000000000000000,0.2020211096416531760,0E-10,0,0E-26,0E-24,19.592177226200000000000000,0E-24,-20.01748098074000000000000000,-0.22328264489834682400000000,BASE_E3,permanent,run_dfea4b7ac1475668d5968c97,168
1745107199999999999,2025-04-19,ETHUSDT,31.9253206100000000000000000,-31.976830000000000000000000000,0.2943104864369948973,0E-9,0,0E-26,0E-25,31.925320610000000000000000,0E-25,-31.976830000000000000000000000,0.242801096436994897300000000,BASE_E3,permanent,run_dfea4b7ac1475668d5968c97,168
1745193599999999999,2025-04-20,BTCUSDT,4.062464570800000000000000,-3.93699940442000000000000000,-0.1043982476624600584,0E-10,0,0E-26,0E-24,4.062464570800000000000000,0E-24,-3.93699940442000000000000000,0.02106691871753994160000000,BASE_E3,permanent,run_dfea4b7ac1475668d5968c97,168
1745193599999999999,2025-04-20,ETHUSDT,-34.3563189400000000000000000,34.427916912190000000000000000,0.1773107662979990688,0E-9,0,0E-26,0E-25,-34.356318940000000000000000,0E-25,34.427916912190000000000000000,0.248908738487999068800000000,BASE_E3,permanent,run_dfea4b7ac1475668d5968c97,168
1745279999999999999,2025-04-21,BTCUSDT,79.399285579900000000000000,-79.07551208904000000000000000,0.3584793571175077468,0E-10,0,0E-26,0E-24,79.399285579900000000000000,0E-24,-79.07551208904000000000000000,0.68225284797750774680000000,BASE_E3,permanent,run_dfea4b7ac1475668d5968c97,168
1745279999999999999,2025-04-21,ETHUSDT,-9.9657500600000000000000000,10.133974226830000000000000000,0.3929894898542108464,0E-9,0,0E-26,0E-25,-9.965750060000000000000000,0E-25,10.133974226830000000000000000,0.561213656684210846400000000,BASE_E3,permanent,run_dfea4b7ac1475668d5968c97,168
1745366399999999999,2025-04-22,BTCUSDT,199.572142167600000000000000,-200.29999281484000000000000000,-0.0096103371090353244,0E-10,0,0E-26,0E-24,199.572142167600000000000000,0E-24,-200.29999281484000000000000000,-0.73746098434903532440000000,BASE_E3,permanent,run_dfea4b7ac1475668d5968c97,168
1745366399999999999,2025-04-22,ETHUSDT,236.2097659100000000000000000,-236.729842569510000000000000000,0.1094223720255645894,0E-9,0,0E-26,0E-25,236.209765910000000000000000,0E-25,-236.729842569510000000000000000,-0.410654287484435410600000000,BASE_E3,permanent,run_dfea4b7ac1475668d5968c97,168
1745452799999999999,2025-04-23,BTCUSDT,10.155821414900000000000000,-9.50236333674000000000000000,0.1451273887768643334,0E-10,0,0E-26,0E-24,10.155821414900000000000000,0E-24,-9.50236333674000000000000000,0.79858546693686433340000000,BASE_E3,permanent,run_dfea4b7ac1475668d5968c97,168
1745452799999999999,2025-04-23,ETHUSDT,52.8910023400000000000000000,-52.553508569510000000000000000,0.6298207614182483376,0E-9,0,0E-26,0E-25,52.891002340000000000000000,0E-25,-52.553508569510000000000000000,0.967314531908248337600000000,BASE_E3,permanent,run_dfea4b7ac1475668d5968c97,168
1745539199999999999,2025-04-24,BTCUSDT,8.217072420700000000000000,-7.96105137422000000000000000,0.0096587866216570068,0E-10,0,0E-26,0E-24,8.217072420700000000000000,0E-24,-7.96105137422000000000000000,0.26567983310165700680000000,BASE_E3,permanent,run_dfea4b7ac1475668d5968c97,168
1745539199999999999,2025-04-24,ETHUSDT,-34.8129705600000000000000000,35.012010000000000000000000000,0.4261269068647000000,0E-9,0,0E-26,0E-25,-34.812970560000000000000000,0E-25,35.012010000000000000000000000,0.625166346864700000000000000,BASE_E3,permanent,run_dfea4b7ac1475668d5968c97,168
1745625599999999999,2025-04-25,BTCUSDT,24.545473499000000000000000,-24.58200000000000000000000000,-0.0470425794530201360,0E-10,0,0E-26,0E-24,24.545473499000000000000000,0E-24,-24.58200000000000000000000000,-0.08356908045302013600000000,BASE_E3,permanent,run_dfea4b7ac1475668d5968c97,168
1745625599999999999,2025-04-25,ETHUSDT,21.8118303200000000000000000,-21.691543146080000000000000000,0.3040724006459934405,0E-9,0,0E-26,0E-25,21.811830320000000000000000,0E-25,-21.691543146080000000000000000,0.424359574565993440500000000,BASE_E3,permanent,run_dfea4b7ac1475668d5968c97,168
1745711999999999999,2025-04-26,BTCUSDT,-1.570515889900000000000000,1.38155288322000000000000000,-0.3219330414628278332,0E-10,0,0E-26,0E-24,-1.570515889900000000000000,0E-24,1.38155288322000000000000000,-0.51089604814282783320000000,BASE_E3,permanent,run_dfea4b7ac1475668d5968c97,168
1745711999999999999,2025-04-26,ETHUSDT,46.7799291900000000000000000,-47.016336853920000000000000000,-0.0349991550726000000,0E-9,0,0E-26,0E-25,46.779929190000000000000000,0E-25,-47.016336853920000000000000000,-0.271406818992600000000000000,BASE_E3,permanent,run_dfea4b7ac1475668d5968c97,168
1745798399999999999,2025-04-27,BTCUSDT,-29.894543856200000000000000,30.08269288354000000000000000,-0.0827682283720000000,0E-10,0,0E-26,0E-24,-29.894543856200000000000000,0E-24,30.08269288354000000000000000,0.10538079896800000000000000,BASE_E3,permanent,run_dfea4b7ac1475668d5968c97,168
1745798399999999999,2025-04-27,ETHUSDT,-38.9094042100000000000000000,38.824787000000000000000000000,-0.1181460940936000000,0E-9,0,0E-26,0E-25,-38.909404210000000000000000,0E-25,38.824787000000000000000000000,-0.202763304093600000000000000,BASE_E3,permanent,run_dfea4b7ac1475668d5968c97,168
1745884799999999999,2025-04-28,BTCUSDT,41.625641330400000000000000,-41.83764576676000000000000000,-0.1658102284500000000,0E-10,0,0E-26,0E-24,41.625641330400000000000000,0E-24,-41.83764576676000000000000000,-0.37781466481000000000000000,BASE_E3,permanent,run_dfea4b7ac1475668d5968c97,168
1745884799999999999,2025-04-28,ETHUSDT,9.6031149500000000000000000,-9.560817000000000000000000000,-0.3162130972940556932,0E-9,0,0E-26,0E-25,9.603114950000000000000000,0E-25,-9.560817000000000000000000000,-0.273915147294055693200000000,BASE_E3,permanent,run_dfea4b7ac1475668d5968c97,168
1745971199999999999,2025-04-29,BTCUSDT,-23.313949672800000000000000,23.69460000000000000000000000,0.0304261497774678290,0E-10,0,0E-26,0E-24,-23.313949672800000000000000,0E-24,23.69460000000000000000000000,0.41107647697746782900000000,BASE_E3,permanent,run_dfea4b7ac1475668d5968c97,168
1745971199999999999,2025-04-29,ETHUSDT,0.2686186000000000000000000,0.156277308620000000000000000,0.3076635850957093780,0E-9,0,0E-26,0E-25,0.268618600000000000000000,0E-25,0.156277308620000000000000000,0.732559493715709378000000000,BASE_E3,permanent,run_dfea4b7ac1475668d5968c97,168
1746057599999999999,2025-04-30,BTCUSDT,-2.508609273800000000000000,1.89380000000000000000000000,-0.1927527005499068332,0E-10,0,0E-26,0E-24,-2.508609273800000000000000,0E-24,1.89380000000000000000000000,-0.80756197434990683320000000,BASE_E3,permanent,run_dfea4b7ac1475668d5968c97,168
1746057599999999999,2025-04-30,ETHUSDT,-6.7288959300000000000000000,6.384132691380000000000000000,-0.2998812106701729029,0E-9,0,0E-26,0E-25,-6.728895930000000000000000,0E-25,6.384132691380000000000000000,-0.644644449290172902900000000,BASE_E3,permanent,run_dfea4b7ac1475668d5968c97,168
1746143999999999999,2025-05-01,BTCUSDT,78.186462419200000000000000,-77.62540000000000000000000000,0.0342733467271120926,0E-10,0,0E-26,0E-24,78.186462419200000000000000,0E-24,-77.62540000000000000000000000,0.59533576592711209260000000,BASE_E3,permanent,run_dfea4b7ac1475668d5968c97,168
1746143999999999999,2025-05-01,ETHUSDT,59.9019478000000000000000000,-59.696350000000000000000000000,0.2580950083536728100,0E-9,0,0E-26,0E-25,59.901947800000000000000000,0E-25,-59.696350000000000000000000000,0.463692808353672810000000000,BASE_E3,permanent,run_dfea4b7ac1475668d5968c97,168
1746230399999999999,2025-05-02,BTCUSDT,13.419937574900000000000000,-13.48264867972000000000000000,-0.9956305015754119334,0E-10,0,0E-26,0E-24,13.419937574900000000000000,0E-24,-13.48264867972000000000000000,-1.05834160639541193340000000,BASE_E3,permanent,run_dfea4b7ac1475668d5968c97,168
1746230399999999999,2025-05-02,ETHUSDT,4.8888585200000000000000000,-5.147781180900000000000000000,-0.1704397559988549021,0E-9,0,0E-26,0E-25,4.888858520000000000000000,0E-25,-5.147781180900000000000000000,-0.429362416898854902100000000,BASE_E3,permanent,run_dfea4b7ac1475668d5968c97,168
1746316799999999999,2025-05-03,BTCUSDT,-33.903626527300000000000000,33.88351367168000000000000000,-0.1398770080842121476,0E-10,0,0E-26,0E-24,-33.903626527300000000000000,0E-24,33.88351367168000000000000000,-0.15998986370421214760000000,BASE_E3,permanent,run_dfea4b7ac1475668d5968c97,168
1746316799999999999,2025-05-03,ETHUSDT,-11.3357049200000000000000000,11.765346007130000000000000000,0.2110800872559695926,0E-9,0,0E-26,0E-25,-11.335704920000000000000000,0E-25,11.765346007130000000000000000,0.640721174385969592600000000,BASE_E3,permanent,run_dfea4b7ac1475668d5968c97,168
1746403199999999999,2025-05-04,BTCUSDT,-53.698450965100000000000000,53.31453500804000000000000000,0.2387749911826026620,0E-10,0,0E-26,0E-24,-53.698450965100000000000000,0E-24,53.31453500804000000000000000,-0.14514096587739733800000000,BASE_E3,permanent,run_dfea4b7ac1475668d5968c97,168
1746403199999999999,2025-05-04,ETHUSDT,-33.0535187300000000000000000,33.081515173770000000000000000,0.1807864989646070168,0E-9,0,0E-26,0E-25,-33.053518730000000000000000,0E-25,33.081515173770000000000000000,0.208782942734607016800000000,BASE_E3,permanent,run_dfea4b7ac1475668d5968c97,168
1746489599999999999,2025-05-05,BTCUSDT,15.014934336000000000000000,-14.84780000000000000000000000,-0.0315681309852786974,0E-10,0,0E-26,0E-24,15.014934336000000000000000,0E-24,-14.84780000000000000000000000,0.13556620501472130260000000,BASE_E3,permanent,run_dfea4b7ac1475668d5968c97,168
1746489599999999999,2025-05-05,ETHUSDT,14.5725590500000000000000000,-15.000825888790000000000000000,0.0822515909236734514,0E-9,0,0E-26,0E-25,14.572559050000000000000000,0E-25,-15.000825888790000000000000000,-0.346015247866326548600000000,BASE_E3,permanent,run_dfea4b7ac1475668d5968c97,168
1746575999999999999,2025-05-06,BTCUSDT,69.434550965200000000000000,-69.75881039126000000000000000,0.2304470393339208640,0E-10,0,0E-26,0E-24,69.434550965200000000000000,0E-24,-69.75881039126000000000000000,-0.09381238672607913600000000,BASE_E3,permanent,run_dfea4b7ac1475668d5968c97,168
1746575999999999999,2025-05-06,ETHUSDT,-5.9364710600000000000000000,6.083305888790000000000000000,0.0387896799991791656,0E-9,0,0E-26,0E-25,-5.936471060000000000000000,0E-25,6.083305888790000000000000000,0.185624508789179165600000000,BASE_E3,permanent,run_dfea4b7ac1475668d5968c97,168
1746662399999999999,2025-05-07,BTCUSDT,7.669652939700000000000000,-7.72038960874000000000000000,0.0827442086484166950,0E-10,0,0E-26,0E-24,7.669652939700000000000000,0E-24,-7.72038960874000000000000000,0.03200753960841669500000000,BASE_E3,permanent,run_dfea4b7ac1475668d5968c97,168
1746662399999999999,2025-05-07,ETHUSDT,-5.2246317700000000000000000,5.310612410100000000000000000,0.2749488788456552576,0E-9,0,0E-26,0E-25,-5.224631770000000000000000,0E-25,5.310612410100000000000000000,0.360929518945655257600000000,BASE_E3,permanent,run_dfea4b7ac1475668d5968c97,168
1746748799999999999,2025-05-08,BTCUSDT,211.744235335500000000000000,-211.95802497098000000000000000,0.4280576587505655236,0E-10,0,0E-26,0E-24,211.744235335500000000000000,0E-24,-211.95802497098000000000000000,0.21426802327056552360000000,BASE_E3,permanent,run_dfea4b7ac1475668d5968c97,168
1746748799999999999,2025-05-08,ETHUSDT,528.8562996800000000000000000,-529.899165699260000000000000000,0.6099485463856118968,0E-9,0,0E-26,0E-25,528.856299680000000000000000,0E-25,-529.899165699260000000000000000,-0.432917472874388103200000000,BASE_E3,permanent,run_dfea4b7ac1475668d5968c97,168
1746835199999999999,2025-05-09,BTCUSDT,-9.368693403400000000000000,9.70049631408000000000000000,0.8564580684639440000,0E-10,0,0E-26,0E-24,-9.368693403400000000000000,0E-24,9.70049631408000000000000000,1.18826097914394400000000000,BASE_E3,permanent,run_dfea4b7ac1475668d5968c97,168
1746835199999999999,2025-05-09,ETHUSDT,188.5568262700000000000000000,-187.590916710840000000000000000,0.9229300812710840000,0E-9,0,0E-26,0E-25,188.556826270000000000000000,0E-25,-187.590916710840000000000000000,1.888839640431084000000000000,BASE_E3,permanent,run_dfea4b7ac1475668d5968c97,168
1746921599999999999,2025-05-10,BTCUSDT,58.160429753400000000000000,-58.85567134310000000000000000,0.8398796132100000000,0E-10,0,0E-26,0E-24,58.160429753400000000000000,0E-24,-58.85567134310000000000000000,0.14463802351000000000000000,BASE_E3,permanent,run_dfea4b7ac1475668d5968c97,168
1746921599999999999,2025-05-10,ETHUSDT,318.2055935600000000000000000,-318.035830000000000000000000000,0.9250250978976000000,0E-9,0,0E-26,0E-25,318.205593560000000000000000,0E-25,-318.035830000000000000000000000,1.094788657897600000000000000,BASE_E3,permanent,run_dfea4b7ac1475668d5968c97,168
1747007999999999999,2025-05-11,BTCUSDT,-19.535395205500000000000000,21.06300000000000000000000000,0.8559937934905940000,0E-10,0,0E-26,0E-24,-19.535395205500000000000000,0E-24,21.06300000000000000000000000,2.38359858799059400000000000,BASE_E3,permanent,run_dfea4b7ac1475668d5968c97,168
1747007999999999999,2025-05-11,ETHUSDT,-96.0177185700000000000000000,96.481120000000000000000000000,0.6720101285926662790,0E-9,0,0E-26,0E-25,-96.017718570000000000000000,0E-25,96.481120000000000000000000000,1.135411558592666279000000000,BASE_E3,permanent,run_dfea4b7ac1475668d5968c97,168
1747094399999999999,2025-05-12,BTCUSDT,-44.636448475900000000000000,44.35122005070000000000000000,0.5928308698853066436,0E-10,0,0E-26,0E-24,-44.636448475900000000000000,0E-24,44.35122005070000000000000000,0.30760244468530664360000000,BASE_E3,permanent,run_dfea4b7ac1475668d5968c97,168
1747094399999999999,2025-05-12,ETHUSDT,-18.8435947900000000000000000,18.882580000000000000000000000,0.7731317277038978592,0E-9,0,0E-26,0E-25,-18.843594790000000000000000,0E-25,18.882580000000000000000000000,0.812116937703897859200000000,BASE_E3,permanent,run_dfea4b7ac1475668d5968c97,168
1747180799999999999,2025-05-13,BTCUSDT,45.136946287100000000000000,-46.03422005070000000000000000,0.8437877253880758026,0E-10,0,0E-26,0E-24,45.136946287100000000000000,0E-24,-46.03422005070000000000000000,-0.05348603821192419740000000,BASE_E3,permanent,run_dfea4b7ac1475668d5968c97,168
1747180799999999999,2025-05-13,ETHUSDT,246.2829634100000000000000000,-246.776250000000000000000000000,0.8836160330420294308,0E-9,0,0E-26,0E-25,246.282963410000000000000000,0E-25,-246.776250000000000000000000000,0.390329443042029430800000000,BASE_E3,permanent,run_dfea4b7ac1475668d5968c97,168
1747267199999999999,2025-05-14,BTCUSDT,-20.907004016900000000000000,21.85860000000000000000000000,0.7285894888432012438,0E-10,0,0E-26,0E-24,-20.907004016900000000000000,0E-24,21.85860000000000000000000000,1.68018547194320124380000000,BASE_E3,permanent,run_dfea4b7ac1475668d5968c97,168
1747267199999999999,2025-05-14,ETHUSDT,-95.4267576500000000000000000,95.715610000000000000000000000,0.7192065515231102480,0E-9,0,0E-26,0E-25,-95.426757650000000000000000,0E-25,95.715610000000000000000000000,1.008058901523110248000000000,BASE_E3,permanent,run_dfea4b7ac1475668d5968c97,168
1747353599999999999,2025-05-15,BTCUSDT,7.486386417800000000000000,-7.93560000000000000000000000,0.3398210249670497328,0E-10,0,0E-26,0E-24,7.486386417800000000000000,0E-24,-7.93560000000000000000000000,-0.10939255723295026720000000,BASE_E3,permanent,run_dfea4b7ac1475668d5968c97,168
1747353599999999999,2025-05-15,ETHUSDT,-82.7882525200000000000000000,82.366190000000000000000000000,0.8862283745382734996,0E-9,0,0E-26,0E-25,-82.788252520000000000000000,0E-25,82.366190000000000000000000000,0.464165854538273499600000000,BASE_E3,permanent,run_dfea4b7ac1475668d5968c97,168
1747439999999999999,2025-05-16,BTCUSDT,-9.112664292100000000000000,9.17569542762000000000000000,0.5932260417488605248,0E-10,0,0E-26,0E-24,-9.112664292100000000000000,0E-24,9.17569542762000000000000000,0.65625717726886052480000000,BASE_E3,permanent,run_dfea4b7ac1475668d5968c97,168
1747439999999999999,2025-05-16,ETHUSDT,-15.7813427500000000000000000,16.196580000000000000000000000,0.8328805335484269257,0E-9,0,0E-26,0E-25,-15.781342750000000000000000,0E-25,16.196580000000000000000000000,1.248117783548426925700000000,BASE_E3,permanent,run_dfea4b7ac1475668d5968c97,168
1747526399999999999,2025-05-17,BTCUSDT,-11.043933020100000000000000,10.75040715210000000000000000,0.2375021125637524446,0E-10,0,0E-26,0E-24,-11.043933020100000000000000,0E-24,10.75040715210000000000000000,-0.05602375543624755540000000,BASE_E3,permanent,run_dfea4b7ac1475668d5968c97,168
1747526399999999999,2025-05-17,ETHUSDT,-81.8077946300000000000000000,81.462158400370000000000000000,0.1013022836954936238,0E-9,0,0E-26,0E-25,-81.807794630000000000000000,0E-25,81.462158400370000000000000000,-0.244333945934506376200000000,BASE_E3,permanent,run_dfea4b7ac1475668d5968c97,168
1747612799999999999,2025-05-18,BTCUSDT,110.712359917300000000000000,-111.14495117378000000000000000,0.8034454738880000000,0E-10,0,0E-26,0E-24,110.712359917300000000000000,0E-24,-111.14495117378000000000000000,0.37085421740800000000000000,BASE_E3,permanent,run_dfea4b7ac1475668d5968c97,168
1747612799999999999,2025-05-18,ETHUSDT,32.4491268800000000000000000,-29.814295488180000000000000000,0.3481329987614108813,0E-9,0,0E-26,0E-25,32.449126880000000000000000,0E-25,-29.814295488180000000000000000,2.982964390581410881300000000,BASE_E3,permanent,run_dfea4b7ac1475668d5968c97,168
1747699199999999999,2025-05-19,BTCUSDT,-27.800409332300000000000000,28.28484859406000000000000000,0.5037484446044785560,0E-10,0,0E-26,0E-24,-27.800409332300000000000000,0E-24,28.28484859406000000000000000,0.98818770636447855600000000,BASE_E3,permanent,run_dfea4b7ac1475668d5968c97,168
1747699199999999999,2025-05-19,ETHUSDT,39.0437135100000000000000000,-41.433156845780000000000000000,0.3496003912257230866,0E-9,0,0E-26,0E-25,39.043713510000000000000000,0E-25,-41.433156845780000000000000000,-2.039842944554276913400000000,BASE_E3,permanent,run_dfea4b7ac1475668d5968c97,168
1747785599999999999,2025-05-20,BTCUSDT,40.728689410600000000000000,-40.63000000000000000000000000,0.5996713090612712814,0E-10,0,0E-26,0E-24,40.728689410600000000000000,0E-24,-40.63000000000000000000000000,0.69836071966127128140000000,BASE_E3,permanent,run_dfea4b7ac1475668d5968c97,168
1747785599999999999,2025-05-20,ETHUSDT,-6.1782278000000000000000000,6.263903933590000000000000000,0.5424610848073438022,0E-9,0,0E-26,0E-25,-6.178227800000000000000000,0E-25,6.263903933590000000000000000,0.628137218397343802200000000,BASE_E3,permanent,run_dfea4b7ac1475668d5968c97,168
1747871999999999999,2025-05-21,BTCUSDT,97.937085284000000000000000,-98.31440000000000000000000000,0.7666668804659340594,0E-10,0,0E-26,0E-24,97.937085284000000000000000,0E-24,-98.31440000000000000000000000,0.38935216446593405940000000,BASE_E3,permanent,run_dfea4b7ac1475668d5968c97,168
1747871999999999999,2025-05-21,ETHUSDT,37.6200349300000000000000000,-38.555671932640000000000000000,0.4663012491820000000,0E-9,0,0E-26,0E-25,37.620034930000000000000000,0E-25,-38.555671932640000000000000000,-0.469335753458000000000000000,BASE_E3,permanent,run_dfea4b7ac1475668d5968c97,168
1747958399999999999,2025-05-22,BTCUSDT,68.778655431400000000000000,-68.66816271729999999999999976,1.1283042113347900000,-0.6682097200,0,0.08927219864838979621385360,58.337357143587473479498281,10.441298287812526520501719,-58.156305882352941176470588,-10.51185683494705882352941176,0.57058720543479000000000024,BASE_E3,permanent,run_dfea4b7ac1475668d5968c97,168
1747958399999999999,2025-05-22,ETHUSDT,153.3677896700000000000000000,-152.754678067360000000000000000,0.7504195337363000000,0E-9,0,0E-26,0E-25,153.367789670000000000000000,0E-25,-152.754678067360000000000000000,1.363531136376300000000000000,BASE_E3,permanent,run_dfea4b7ac1475668d5968c97,168
1748044799999999999,2025-05-23,BTCUSDT,-132.798555992400000000000000,133.26136749990000000000000000,0.8347417035309361680,0E-10,0,0E-26,0E-24,-132.798555992400000000000000,0E-24,133.26136749990000000000000000,1.29755321103093616800000000,BASE_E3,permanent,run_dfea4b7ac1475668d5968c97,168
1748044799999999999,2025-05-23,ETHUSDT,-187.5897993100000000000000000,187.522007273400000000000000000,0.6892349161764423834,0E-9,0,0E-26,0E-25,-187.589799310000000000000000,0E-25,187.522007273400000000000000000,0.621442879576442383400000000,BASE_E3,permanent,run_dfea4b7ac1475668d5968c97,168
1748131199999999999,2025-05-24,BTCUSDT,14.136570152000000000000000,-13.54620478260000000000000000,0.5175378439807901820,0E-10,0,0E-26,0E-24,14.136570152000000000000000,0E-24,-13.54620478260000000000000000,1.10790321338079018200000000,BASE_E3,permanent,run_dfea4b7ac1475668d5968c97,168
1748131199999999999,2025-05-24,ETHUSDT,4.8082729400000000000000000,-4.538257273400000000000000000,0.5495986939488525184,0E-9,0,0E-26,0E-25,4.808272940000000000000000,0E-25,-4.538257273400000000000000000,0.819614360548852518400000000,BASE_E3,permanent,run_dfea4b7ac1475668d5968c97,168
1748217599999999999,2025-05-25,BTCUSDT,37.108796661100000000000000,-37.70400000000000000000000000,0.5986600127100000000,0E-10,0,0E-26,0E-24,37.108796661100000000000000,0E-24,-37.70400000000000000000000000,0.00345667381000000000000000,BASE_E3,permanent,run_dfea4b7ac1475668d5968c97,168
1748217599999999999,2025-05-25,ETHUSDT,28.1109364900000000000000000,-27.732692332020000000000000000,0.6169139860578000000,0E-9,0,0E-26,0E-25,28.110936490000000000000000,0E-25,-27.732692332020000000000000000,0.995158144037800000000000000,BASE_E3,permanent,run_dfea4b7ac1475668d5968c97,168
1748303999999999999,2025-05-26,BTCUSDT,12.648810148100000000000000,-12.73500000000000000000000000,0.8924392089300000000,0E-10,0,0E-26,0E-24,12.648810148100000000000000,0E-24,-12.73500000000000000000000000,0.80624935703000000000000000,BASE_E3,permanent,run_dfea4b7ac1475668d5968c97,168
1748303999999999999,2025-05-26,ETHUSDT,16.7349387800000000000000000,-17.112524224510000000000000000,0.4542449168077321225,0E-9,0,0E-26,0E-25,16.734938780000000000000000,0E-25,-17.112524224510000000000000000,0.076659472297732122500000000,BASE_E3,permanent,run_dfea4b7ac1475668d5968c97,168
1748390399999999999,2025-05-27,BTCUSDT,-14.382580074000000000000000,14.34084956520000000000000000,0.5714839486501524000,0E-10,0,0E-26,0E-24,-14.382580074000000000000000,0E-24,14.34084956520000000000000000,0.52975343985015240000000000,BASE_E3,permanent,run_dfea4b7ac1475668d5968c97,168
1748390399999999999,2025-05-27,ETHUSDT,131.5559593500000000000000000,-132.209537207140000000000000000,0.8468144133366317678,0E-9,0,0E-26,0E-25,131.555959350000000000000000,0E-25,-132.209537207140000000000000000,0.193236556196631767800000000,BASE_E3,permanent,run_dfea4b7ac1475668d5968c97,168
1748476799999999999,2025-05-28,BTCUSDT,-34.942409287000000000000000,35.16515043480000000000000000,0.3495234102783104160,0E-10,0,0E-26,0E-24,-34.942409287000000000000000,0E-24,35.16515043480000000000000000,0.57226455807831041600000000,BASE_E3,permanent,run_dfea4b7ac1475668d5968c97,168
1748476799999999999,2025-05-28,ETHUSDT,26.9290146500000000000000000,-26.607208882760000000000000000,1.0638230103792860000,0E-9,0,0E-26,0E-25,26.929014650000000000000000,0E-25,-26.607208882760000000000000000,1.385628777619286000000000000,BASE_E3,permanent,run_dfea4b7ac1475668d5968c97,168
1748563199999999999,2025-05-29,BTCUSDT,-64.667846155900000000000000,64.15159999999999999999999975,0.4628321658000000000,-0.1605697800,0,0.02150895924672039100778230,0E-24,-64.667846155900000000000000,0E-24,64.15159999999999999999999975,-0.21398377010000000000000025,BASE_E3,permanent,run_dfea4b7ac1475668d5968c97,168
1748563199999999999,2025-05-29,ETHUSDT,-63.7700556400000000000000000,63.844371279920000000000000000,1.0219365172598300000,0E-9,0,0E-26,0E-25,-63.770055640000000000000000,0E-25,63.844371279920000000000000000,1.096252157179830000000000000,BASE_E3,permanent,run_dfea4b7ac1475668d5968c97,168
1748649599999999999,2025-05-30,BTCUSDT,-52.440885242300000000000000,52.50160000000000000000000000,0.4528311674340000000,0E-10,0,0E-26,0E-24,-52.440885242300000000000000,0E-24,52.50160000000000000000000000,0.51354592513400000000000000,BASE_E3,permanent,run_dfea4b7ac1475668d5968c97,168
1748649599999999999,2025-05-30,ETHUSDT,-138.7280759700000000000000000,139.790731366510000000000000000,0.8144676599766177840,0E-9,0,0E-26,0E-25,-138.728075970000000000000000,0E-25,139.790731366510000000000000000,1.877123056486617784000000000,BASE_E3,permanent,run_dfea4b7ac1475668d5968c97,168
1748735999999999999,2025-05-31,BTCUSDT,19.248340391100000000000000,-18.98812193750000000000000000,0.6687135792345377358,0E-10,0,0E-26,0E-24,19.248340391100000000000000,0E-24,-18.98812193750000000000000000,0.92893203283453773580000000,BASE_E3,permanent,run_dfea4b7ac1475668d5968c97,168
1748735999999999999,2025-05-31,ETHUSDT,-3.3845943600000000000000000,2.481494419830000000000000000,0.4809745865938359362,0E-9,0,0E-26,0E-25,-3.384594360000000000000000,0E-25,2.481494419830000000000000000,-0.422125353576164063800000000,BASE_E3,permanent,run_dfea4b7ac1475668d5968c97,168
1748822399999999999,2025-06-01,BTCUSDT,30.999899997900000000000000,-31.00557806250000000000000000,0.1901651778560000000,0E-10,0,0E-26,0E-24,30.999899997900000000000000,0E-24,-31.00557806250000000000000000,0.18448711325600000000000000,BASE_E3,permanent,run_dfea4b7ac1475668d5968c97,168
1748822399999999999,2025-06-01,ETHUSDT,11.0939481800000000000000000,-10.955824419830000000000000000,0.5022562449250435082,0E-9,0,0E-26,0E-25,11.093948180000000000000000,0E-25,-10.955824419830000000000000000,0.640380005095043508200000000,BASE_E3,permanent,run_dfea4b7ac1475668d5968c97,168
1748908799999999999,2025-06-02,BTCUSDT,7.083857987100000000000000,-7.44000000000000000000000000,0.3062039991507871472,0E-10,0,0E-26,0E-24,7.083857987100000000000000,0E-24,-7.44000000000000000000000000,-0.04993801374921285280000000,BASE_E3,permanent,run_dfea4b7ac1475668d5968c97,168
1748908799999999999,2025-06-02,ETHUSDT,93.7881841900000000000000000,-93.701110000000000000000000000,0.5283751712757155968,0E-9,0,0E-26,0E-25,93.788184190000000000000000,0E-25,-93.701110000000000000000000000,0.615449361275715596800000000,BASE_E3,permanent,run_dfea4b7ac1475668d5968c97,168
1748995199999999999,2025-06-03,BTCUSDT,-14.554598595000000000000000,14.78363986970000000000000000,0.5090695123940000000,0E-10,0,0E-26,0E-24,-14.554598595000000000000000,0E-24,14.78363986970000000000000000,0.73811078709400000000000000,BASE_E3,permanent,run_dfea4b7ac1475668d5968c97,168
1748995199999999999,2025-06-03,ETHUSDT,-18.5615452600000000000000000,18.712752962930000000000000000,0.5168637852716000000,0E-9,0,0E-26,0E-25,-18.561545260000000000000000,0E-25,18.712752962930000000000000000,0.668071488201600000000000000,BASE_E3,permanent,run_dfea4b7ac1475668d5968c97,168
1749081599999999999,2025-06-04,BTCUSDT,-20.920491718500000000000000,20.91906013030000000000000000,0.1162291206531345228,0E-10,0,0E-26,0E-24,-20.920491718500000000000000,0E-24,20.91906013030000000000000000,0.11479753245313452280000000,BASE_E3,permanent,run_dfea4b7ac1475668d5968c97,168
1749081599999999999,2025-06-04,ETHUSDT,20.6970631300000000000000000,-21.065413070440000000000000000,0.7045660736786509799,0E-9,0,0E-26,0E-25,20.697063130000000000000000,0E-25,-21.065413070440000000000000000,0.336216133238650979900000000,BASE_E3,permanent,run_dfea4b7ac1475668d5968c97,168
1749167999999999999,2025-06-05,BTCUSDT,-101.733337211100000000000000,101.68350000000000000000000021,0.2623878787774914220,-0.1578852419,0,0.02110459571594450434173846,0E-24,-101.733337211100000000000000,0E-24,101.68350000000000000000000021,0.05466542577749142200000021,BASE_E3,permanent,run_dfea4b7ac1475668d5968c97,168
1749167999999999999,2025-06-05,ETHUSDT,-259.4721366700000000000000000,259.437627154310000000000000000,0.6023646899707000000,0E-9,0,0E-26,0E-25,-259.472136670000000000000000,0E-25,259.437627154310000000000000000,0.567855174280700000000000000,BASE_E3,permanent,run_dfea4b7ac1475668d5968c97,168
1749254399999999999,2025-06-06,BTCUSDT,89.373527504000000000000000,-89.18400000000000000000000000,-0.3139721869633662080,0E-10,0,0E-26,0E-24,89.373527504000000000000000,0E-24,-89.18400000000000000000000000,-0.12444468296336620800000000,BASE_E3,permanent,run_dfea4b7ac1475668d5968c97,168
1749254399999999999,2025-06-06,ETHUSDT,81.8749492800000000000000000,-81.460857046800000000000000000,0.1403666033297860464,0E-9,0,0E-26,0E-25,81.874949280000000000000000,0E-25,-81.460857046800000000000000000,0.554458836529786046400000000,BASE_E3,permanent,run_dfea4b7ac1475668d5968c97,168
1749340799999999999,2025-06-07,BTCUSDT,39.990373928000000000000000,-40.42880000000000000000000000,-0.1923955316009318528,0E-10,0,0E-26,0E-24,39.990373928000000000000000,0E-24,-40.42880000000000000000000000,-0.63082160360093185280000000,BASE_E3,permanent,run_dfea4b7ac1475668d5968c97,168
1749340799999999999,2025-06-07,ETHUSDT,65.1131486400000000000000000,-66.316031045050000000000000000,0.7000941322356091225,0E-9,0,0E-26,0E-25,65.113148640000000000000000,0E-25,-66.316031045050000000000000000,-0.502788272814390877500000000,BASE_E3,permanent,run_dfea4b7ac1475668d5968c97,168
1749427199999999999,2025-06-08,BTCUSDT,6.211705352000000000000000,-5.93920000000000000000000000,0.2295217079075714560,0E-10,0,0E-26,0E-24,6.211705352000000000000000,0E-24,-5.93920000000000000000000000,0.50202705990757145600000000,BASE_E3,permanent,run_dfea4b7ac1475668d5968c97,168
1749427199999999999,2025-06-08,ETHUSDT,-18.7361473500000000000000000,19.713931045050000000000000000,0.8188454140217901808,0E-9,0,0E-26,0E-25,-18.736147350000000000000000,0E-25,19.713931045050000000000000000,1.796629109071790180800000000,BASE_E3,permanent,run_dfea4b7ac1475668d5968c97,168
1749513599999999999,2025-06-09,BTCUSDT,144.486327880000000000000000,-144.78720000000000000000000000,0.1679201407127033024,0E-10,0,0E-26,0E-24,144.486327880000000000000000,0E-24,-144.78720000000000000000000000,-0.13295197928729669760000000,BASE_E3,permanent,run_dfea4b7ac1475668d5968c97,168
1749513599999999999,2025-06-09,ETHUSDT,227.9766058200000000000000000,-228.686040000000000000000000000,0.4335587886347747398,0E-9,0,0E-26,0E-25,227.976605820000000000000000,0E-25,-228.686040000000000000000000000,-0.275875391365225260200000000,BASE_E3,permanent,run_dfea4b7ac1475668d5968c97,168
1749599999999999999,2025-06-10,BTCUSDT,0.064978676000000000000000,-0.00320000000000000000000000,0.8589168483914708320,0E-10,0,0E-26,0E-24,0.064978676000000000000000,0E-24,-0.00320000000000000000000000,0.92069552439147083200000000,BASE_E3,permanent,run_dfea4b7ac1475668d5968c97,168
1749599999999999999,2025-06-10,ETHUSDT,180.5519919900000000000000000,-180.351470000000000000000000000,1.0861576505916130000,0E-9,0,0E-26,0E-25,180.551991990000000000000000,0E-25,-180.351470000000000000000000000,1.286679640591613000000000000,BASE_E3,permanent,run_dfea4b7ac1475668d5968c97,168
1749686399999999999,2025-06-11,BTCUSDT,-50.973370632000000000000000,51.03680000000000000000000000,0.7802717215360000000,0E-10,0,0E-26,0E-24,-50.973370632000000000000000,0E-24,51.03680000000000000000000000,0.84370108953600000000000000,BASE_E3,permanent,run_dfea4b7ac1475668d5968c97,168
1749686399999999999,2025-06-11,ETHUSDT,-42.9379316000000000000000000,42.945710000000000000000000020,1.1376297830000000000,-0.621885425,0,0.08375696648738683656504090,-48.0200692101434606523008320,5.082137610143460652300832,47.8496601758869815459539958,-4.903950175886981545953995780,0.523522758000000000000000020,BASE_E3,permanent,run_dfea4b7ac1475668d5968c97,168
1749772799999999999,2025-06-12,BTCUSDT,-88.447501348000000000000000,88.87040000000000000000000000,0.3549897369407935936,0E-10,0,0E-26,0E-24,-88.447501348000000000000000,0E-24,88.87040000000000000000000000,0.77788838894079359360000000,BASE_E3,permanent,run_dfea4b7ac1475668d5968c97,168
1749772799999999999,2025-06-12,ETHUSDT,-146.5267739000000000000000000,146.285725286240000000000000000,0.7022650573474994424,0E-9,0,0E-26,0E-25,-146.526773900000000000000000,0E-25,146.285725286240000000000000000,0.461216443587499442400000000,BASE_E3,permanent,run_dfea4b7ac1475668d5968c97,168
1749859199999999999,2025-06-13,BTCUSDT,6.118238488000000000000000,-6.65920000000000000000000000,0.0601497675889724096,0E-10,0,0E-26,0E-24,6.118238488000000000000000,0E-24,-6.65920000000000000000000000,-0.48081174441102759040000000,BASE_E3,permanent,run_dfea4b7ac1475668d5968c97,168
1749859199999999999,2025-06-13,ETHUSDT,-85.0885648600000000000000000,85.155894713760000000000000000,-0.0121107706777104096,0E-9,0,0E-26,0E-25,-85.088564860000000000000000,0E-25,85.155894713760000000000000000,0.055219083082289590400000000,BASE_E3,permanent,run_dfea4b7ac1475668d5968c97,168
1749945599999999999,2025-06-14,BTCUSDT,-21.079978752000000000000000,22.08363571008000000000000000,0.2341590966783534176,0E-10,0,0E-26,0E-24,-21.079978752000000000000000,0E-24,22.08363571008000000000000000,1.23781605475835341760000000,BASE_E3,permanent,run_dfea4b7ac1475668d5968c97,168
1749945599999999999,2025-06-14,ETHUSDT,-57.0531886600000000000000000,57.444100000000000000000000000,0.2140936324503468584,0E-9,0,0E-26,0E-25,-57.053188660000000000000000,0E-25,57.444100000000000000000000000,0.605004972450346858400000000,BASE_E3,permanent,run_dfea4b7ac1475668d5968c97,168
1750031999999999999,2025-06-15,BTCUSDT,3.920166724000000000000000,-4.65323571008000000000000000,0.1746067189333859744,0E-10,0,0E-26,0E-24,3.920166724000000000000000,0E-24,-4.65323571008000000000000000,-0.55846226714661402560000000,BASE_E3,permanent,run_dfea4b7ac1475668d5968c97,168
1750031999999999999,2025-06-15,ETHUSDT,18.2948801100000000000000000,-18.365340000000000000000000000,0.5275899461990492604,0E-9,0,0E-26,0E-25,18.294880110000000000000000,0E-25,-18.365340000000000000000000000,0.457130056199049260400000000,BASE_E3,permanent,run_dfea4b7ac1475668d5968c97,168
1750118399999999999,2025-06-16,BTCUSDT,36.918771096000000000000000,-36.72537588416000000000000000,0.3012161101088291328,0E-10,0,0E-26,0E-24,36.918771096000000000000000,0E-24,-36.72537588416000000000000000,0.49461132194882913280000000,BASE_E3,permanent,run_dfea4b7ac1475668d5968c97,168
1750118399999999999,2025-06-16,ETHUSDT,-9.7644579500000000000000000,9.679840000000000000000000000,0.5495191190006028074,0E-9,0,0E-26,0E-25,-9.764457950000000000000000,0E-25,9.679840000000000000000000000,0.464901169000602807400000000,BASE_E3,permanent,run_dfea4b7ac1475668d5968c97,168
1750204799999999999,2025-06-17,BTCUSDT,-68.207444004000000000000000,68.23257588416000000000000000,0.3340562186291140608,0E-10,0,0E-26,0E-24,-68.207444004000000000000000,0E-24,68.23257588416000000000000000,0.35918809878911406080000000,BASE_E3,permanent,run_dfea4b7ac1475668d5968c97,168
1750204799999999999,2025-06-17,ETHUSDT,-34.5889449100000000000000000,34.486445239660000000000000000,0.4479555618789761940,0E-9,0,0E-26,0E-25,-34.588944910000000000000000,0E-25,34.486445239660000000000000000,0.345455891538976194000000000,BASE_E3,permanent,run_dfea4b7ac1475668d5968c97,168
1750291199999999999,2025-06-18,BTCUSDT,9.892443260000000000000000,-10.03652013920000000000000000,0.2897926033620229248,0E-10,0,0E-26,0E-24,9.892443260000000000000000,0E-24,-10.03652013920000000000000000,0.14571572416202292480000000,BASE_E3,permanent,run_dfea4b7ac1475668d5968c97,168
1750291199999999999,2025-06-18,ETHUSDT,19.8565170820000000000000000,-20.042385239660000000000000064,0.4512304048889534984,-0.639217767,0,0.08630225966503106926050418,0E-25,19.856517082000000000000000,0E-25,-20.042385239660000000000000064,-0.373855519771046501600000064,BASE_E3,permanent,run_dfea4b7ac1475668d5968c97,168
1750377599999999999,2025-06-19,BTCUSDT,-6.600297040000000000000000,6.99597951904000000000000000,0.1287464524112128608,0E-10,0,0E-26,0E-24,-6.600297040000000000000000,0E-24,6.99597951904000000000000000,0.52442893145121286080000000,BASE_E3,permanent,run_dfea4b7ac1475668d5968c97,168
1750377599999999999,2025-06-19,ETHUSDT,-4.4323941960000000000000000,4.062960000000000000000000000,0.5180868557886100824,0E-9,0,0E-26,0E-25,-4.432394196000000000000000,0E-25,4.062960000000000000000000000,0.148652659788610082400000000,BASE_E3,permanent,run_dfea4b7ac1475668d5968c97,168
1750463999999999999,2025-06-20,BTCUSDT,-44.331781724000000000000000,43.93974062016000000000000000,0.4654271492399931680,0E-10,0,0E-26,0E-24,-44.331781724000000000000000,0E-24,43.93974062016000000000000000,0.07338604539999316800000000,BASE_E3,permanent,run_dfea4b7ac1475668d5968c97,168
1750463999999999999,2025-06-20,ETHUSDT,-155.2569189210000000000000000,155.541600000000000000000000000,0.6815813561640000000,0E-9,0,0E-26,0E-25,-155.256918921000000000000000,0E-25,155.541600000000000000000000000,0.966262435164000000000000000,BASE_E3,permanent,run_dfea4b7ac1475668d5968c97,168
1750550399999999999,2025-06-21,BTCUSDT,-36.129104132000000000000000,35.33543142016000000000000000,0.4418102238041400992,0E-10,0,0E-26,0E-24,-36.129104132000000000000000,0E-24,35.33543142016000000000000000,-0.35186248803585990080000000,BASE_E3,permanent,run_dfea4b7ac1475668d5968c97,168
1750550399999999999,2025-06-21,ETHUSDT,-152.4251115180000000000000000,150.456417909840000000000000000,-0.0438991761043239336,0E-9,0,0E-26,0E-25,-152.425111518000000000000000,0E-25,150.456417909840000000000000000,-2.012592784264323933600000000,BASE_E3,permanent,run_dfea4b7ac1475668d5968c97,168
1750636799999999999,2025-06-22,BTCUSDT,-38.321734332000000000000000,39.12856857984000000000000000,0.5529656410690455840,0E-10,0,0E-26,0E-24,-38.321734332000000000000000,0E-24,39.12856857984000000000000000,1.35979988890904558400000000,BASE_E3,permanent,run_dfea4b7ac1475668d5968c97,168
1750636799999999999,2025-06-22,ETHUSDT,-93.4906849860000000000000000,95.313281720400000000000000000,0.0604901523958586352,0E-9,0,0E-26,0E-25,-93.490684986000000000000000,0E-25,95.313281720400000000000000000,1.883086886795858635200000000,BASE_E3,permanent,run_dfea4b7ac1475668d5968c97,168
1750723199999999999,2025-06-23,BTCUSDT,141.631107240000000000000000,-141.78880000000000000000000000,0.0327616790534102272,0E-10,0,0E-26,0E-24,141.631107240000000000000000,0E-24,-141.78880000000000000000000000,-0.12493108094658977280000000,BASE_E3,permanent,run_dfea4b7ac1475668d5968c97,168
1750723199999999999,2025-06-23,ETHUSDT,259.7875487100000000000000000,-259.422339630240000000000000000,0.0304486235482353120,0E-9,0,0E-26,0E-25,259.787548710000000000000000,0E-25,-259.422339630240000000000000000,0.395657703308235312000000000,BASE_E3,permanent,run_dfea4b7ac1475668d5968c97,168
1750809599999999999,2025-06-24,BTCUSDT,19.641485304000000000000000,-19.25004115936000000000000000,0.0978840603508828320,0E-10,0,0E-26,0E-24,19.641485304000000000000000,0E-24,-19.25004115936000000000000000,0.48932820499088283200000000,BASE_E3,permanent,run_dfea4b7ac1475668d5968c97,168
1750809599999999999,2025-06-24,ETHUSDT,41.1501288320000000000000000,-41.746142516400000000000000000,0.1243046026411139880,0E-9,0,0E-26,0E-25,41.150128832000000000000000,0E-25,-41.746142516400000000000000000,-0.471709081758886012000000000,BASE_E3,permanent,run_dfea4b7ac1475668d5968c97,168
1750895999999999999,2025-06-25,BTCUSDT,43.225863864000000000000000,-43.52914550720000000000000000,0.0189036006661688416,0E-10,0,0E-26,0E-24,43.225863864000000000000000,0E-24,-43.52914550720000000000000000,-0.28437804253383115840000000,BASE_E3,permanent,run_dfea4b7ac1475668d5968c97,168
1750895999999999999,2025-06-25,ETHUSDT,-39.6863443290000000000000000,39.536493772320000000000000000,0.0106485547728546288,0E-9,0,0E-26,0E-25,-39.686344329000000000000000,0E-25,39.536493772320000000000000000,-0.139202001907145371200000000,BASE_E3,permanent,run_dfea4b7ac1475668d5968c97,168
1750982399999999999,2025-06-26,BTCUSDT,-13.436501884000000000000000,13.40638666656000000000000000,0.1594680787785462112,0E-10,0,0E-26,0E-24,-13.436501884000000000000000,0E-24,13.40638666656000000000000000,0.12935286133854621120000000,BASE_E3,permanent,run_dfea4b7ac1475668d5968c97,168
1750982399999999999,2025-06-26,ETHUSDT,-3.8167838910000000000000000,4.138528744080000000000000000,0.3956775008183346888,0E-9,0,0E-26,0E-25,-3.816783891000000000000000,0E-25,4.138528744080000000000000000,0.717422353898334688800000000,BASE_E3,permanent,run_dfea4b7ac1475668d5968c97,168
1751068799999999999,2025-06-27,BTCUSDT,3.702504164000000000000000,-3.48800000000000000000000000,0.2168741039672907776,0E-10,0,0E-26,0E-24,3.702504164000000000000000,0E-24,-3.48800000000000000000000000,0.43137826796729077760000000,BASE_E3,permanent,run_dfea4b7ac1475668d5968c97,168
1751068799999999999,2025-06-27,ETHUSDT,9.8908055670000000000000000,-9.918000000000000000000000000,0.2143449074952000000,0E-9,0,0E-26,0E-25,9.890805567000000000000000,0E-25,-9.918000000000000000000000000,0.187150474495200000000000000,BASE_E3,permanent,run_dfea4b7ac1475668d5968c97,168
1751155199999999999,2025-06-28,BTCUSDT,7.947244176000000000000000,-7.77083706656000000000000000,0.3207405353284567136,0E-10,0,0E-26,0E-24,7.947244176000000000000000,0E-24,-7.77083706656000000000000000,0.49714764476845671360000000,BASE_E3,permanent,run_dfea4b7ac1475668d5968c97,168
1751155199999999999,2025-06-28,ETHUSDT,17.2781292270000000000000000,-17.400960000000000000000000000,0.4350000722113751184,0E-9,0,0E-26,0E-25,17.278129227000000000000000,0E-25,-17.400960000000000000000000000,0.312169299211375118400000000,BASE_E3,permanent,run_dfea4b7ac1475668d5968c97,168
1751241599999999999,2025-06-29,BTCUSDT,33.934553380000000000000000,-34.20036293344000000000000000,0.5716560898388480000,0E-10,0,0E-26,0E-24,33.934553380000000000000000,0E-24,-34.20036293344000000000000000,0.30584653639884800000000000,BASE_E3,permanent,run_dfea4b7ac1475668d5968c97,168
1751241599999999999,2025-06-29,ETHUSDT,87.4850644550000000000000000,-87.469920000000000000000000000,0.4999721427847683936,0E-9,0,0E-26,0E-25,87.485064455000000000000000,0E-25,-87.469920000000000000000000000,0.515116597784768393600000000,BASE_E3,permanent,run_dfea4b7ac1475668d5968c97,168
1751327999999999999,2025-06-30,BTCUSDT,-38.953275848000000000000000,40.10030237696000000000000000,0.3088317311931918400,0E-10,0,0E-26,0E-24,-38.953275848000000000000000,0E-24,40.10030237696000000000000000,1.45585826015319184000000000,BASE_E3,permanent,run_dfea4b7ac1475668d5968c97,168
1751327999999999999,2025-06-30,ETHUSDT,-18.5503905240000000000000000,19.576080000000000000000000000,0.4971164927913962136,0E-9,0,0E-26,0E-25,-18.550390524000000000000000,0E-25,19.576080000000000000000000000,1.522805968791396213600000000,BASE_E3,permanent,run_dfea4b7ac1475668d5968c97,168
1751414399999999999,2025-07-01,BTCUSDT,-46.696621420000000000000000,45.41969762304000000000000000,0.2222375237440271424,0E-10,0,0E-26,0E-24,-46.696621420000000000000000,0E-24,45.41969762304000000000000000,-1.05468627321597285760000000,BASE_E3,permanent,run_dfea4b7ac1475668d5968c97,168
1751414399999999999,2025-07-01,ETHUSDT,-110.4815294040000000000000000,109.645200000000000000000000000,0.2829579225808537008,0E-9,0,0E-26,0E-25,-110.481529404000000000000000,0E-25,109.645200000000000000000000000,-0.553371481419146299200000000,BASE_E3,permanent,run_dfea4b7ac1475668d5968c97,168
1751500799999999999,2025-07-02,BTCUSDT,99.823891120000000000000000,-100.02560000000000000000000000,0.3212828585600000000,0E-10,0,0E-26,0E-24,99.823891120000000000000000,0E-24,-100.02560000000000000000000000,0.11957397856000000000000000,BASE_E3,permanent,run_dfea4b7ac1475668d5968c97,168
1751500799999999999,2025-07-02,ETHUSDT,224.8482438440000000000000000,-225.104400000000000000000000000,0.4058877262974157152,0E-9,0,0E-26,0E-25,224.848243844000000000000000,0E-25,-225.104400000000000000000000000,0.149731570297415715200000000,BASE_E3,permanent,run_dfea4b7ac1475668d5968c97,168
1751587199999999999,2025-07-03,BTCUSDT,25.380734864000000000000000,-25.02720000000000000000000000,0.4696204904763806080,0E-10,0,0E-26,0E-24,25.380734864000000000000000,0E-24,-25.02720000000000000000000000,0.82315535447638060800000000,BASE_E3,permanent,run_dfea4b7ac1475668d5968c97,168
1751587199999999999,2025-07-03,ETHUSDT,28.5643181520000000000000000,-28.358640000000000000000000000,0.8552743888435314912,0E-9,0,0E-26,0E-25,28.564318152000000000000000,0E-25,-28.358640000000000000000000000,1.060952540843531491200000000,BASE_E3,permanent,run_dfea4b7ac1475668d5968c97,168
1751673599999999999,2025-07-04,BTCUSDT,-51.483917372000000000000000,51.51040000000000000000000000,0.4193505117629690368,0E-10,0,0E-26,0E-24,-51.483917372000000000000000,0E-24,51.51040000000000000000000000,0.44583313976296903680000000,BASE_E3,permanent,run_dfea4b7ac1475668d5968c97,168
1751673599999999999,2025-07-04,ETHUSDT,-113.8058250510000000000000000,114.050160000000000000000000000,0.3693936676239506016,0E-9,0,0E-26,0E-25,-113.805825051000000000000000,0E-25,114.050160000000000000000000000,0.613728616623950601600000000,BASE_E3,permanent,run_dfea4b7ac1475668d5968c97,168
1751759999999999999,2025-07-05,BTCUSDT,6.845487512000000000000000,-6.97600000000000000000000000,0.2808306532903810400,0E-10,0,0E-26,0E-24,6.845487512000000000000000,0E-24,-6.97600000000000000000000000,0.15031816529038104000000000,BASE_E3,permanent,run_dfea4b7ac1475668d5968c97,168
1751759999999999999,2025-07-05,ETHUSDT,12.0933224360000000000000000,-12.065760000000000000000000000,0.3747421016064000000,0E-9,0,0E-26,0E-25,12.093322436000000000000000,0E-25,-12.065760000000000000000000000,0.402304537606400000000000000,BASE_E3,permanent,run_dfea4b7ac1475668d5968c97,168
1751846399999999999,2025-07-06,BTCUSDT,32.192932808000000000000000,-31.79724651424000000000000000,0.1605235906560000000,0E-10,0,0E-26,0E-24,32.192932808000000000000000,0E-24,-31.79724651424000000000000000,0.55620988441600000000000000,BASE_E3,permanent,run_dfea4b7ac1475668d5968c97,168
1751846399999999999,2025-07-06,ETHUSDT,74.1878818670000000000000000,-74.323440000000000000000000000,0.6462924663312000000,0E-9,0,0E-26,0E-25,74.187881867000000000000000,0E-25,-74.323440000000000000000000000,0.510734333331200000000000000,BASE_E3,permanent,run_dfea4b7ac1475668d5968c97,168
1751932799999999999,2025-07-07,BTCUSDT,-28.931835512000000000000000,29.03244651424000000000000000,0.3503124542080000000,0E-10,0,0E-26,0E-24,-28.931835512000000000000000,0E-24,29.03244651424000000000000000,0.45092345644800000000000000,BASE_E3,permanent,run_dfea4b7ac1475668d5968c97,168
1751932799999999999,2025-07-07,ETHUSDT,-38.0583970780000000000000000,37.625486555520000000000000000,0.5998019278708800000,0E-9,0,0E-26,0E-25,-38.058397078000000000000000,0E-25,37.625486555520000000000000000,0.166891405390880000000000000,BASE_E3,permanent,run_dfea4b7ac1475668d5968c97,168
1752019199999999999,2025-07-08,BTCUSDT,19.560822120000000000000000,-19.85920000000000000000000000,0.3201957206613107072,0E-10,0,0E-26,0E-24,19.560822120000000000000000,0E-24,-19.85920000000000000000000000,0.02181784066131070720000000,BASE_E3,permanent,run_dfea4b7ac1475668d5968c97,168
1752019199999999999,2025-07-08,ETHUSDT,98.8806952120000000000000000,-98.177514456240000000000000000,0.5878891785326478408,0E-9,0,0E-26,0E-25,98.880695212000000000000000,0E-25,-98.177514456240000000000000000,1.291069934292647840800000000,BASE_E3,permanent,run_dfea4b7ac1475668d5968c97,168
1752105599999999999,2025-07-09,BTCUSDT,74.494370976000000000000000,-74.92800000000000000000000000,0.3742291773120000000,0E-10,0,0E-26,0E-24,74.494370976000000000000000,0E-24,-74.92800000000000000000000000,-0.05939984668800000000000000,BASE_E3,permanent,run_dfea4b7ac1475668d5968c97,168
1752105599999999999,2025-07-09,ETHUSDT,201.2629101119999999999999999,-201.907966917479999999999999956,0.6460511943645699408,-0.302902560,0,0.04094275800621923060909588,-33.9956063701120545592529371,235.258516482112054559252937,34.1471006860967831004034050,-236.055067603576783100403404956,-0.301908171115430059200000056,BASE_E3,permanent,run_dfea4b7ac1475668d5968c97,168
1752191999999999999,2025-07-10,BTCUSDT,151.894537128000000000000000,-151.93600000000000000000000000,0.7270694324160000000,0E-10,0,0E-26,0E-24,151.894537128000000000000000,0E-24,-151.93600000000000000000000000,0.68560656041600000000000000,BASE_E3,permanent,run_dfea4b7ac1475668d5968c97,168
1752191999999999999,2025-07-10,ETHUSDT,240.5746639800000000000000000,-240.857804909040000000000000000,0.5727984153669690400,0E-9,0,0E-26,0E-25,240.574663980000000000000000,0E-25,-240.857804909040000000000000000,0.289657486326969040000000000,BASE_E3,permanent,run_dfea4b7ac1475668d5968c97,168
1752278399999999999,2025-07-11,BTCUSDT,49.420924432000000000000000,-49.60320000000000000000000000,1.1212781481739200000,0E-10,0,0E-26,0E-24,49.420924432000000000000000,0E-24,-49.60320000000000000000000000,0.93900258017392000000000000,BASE_E3,permanent,run_dfea4b7ac1475668d5968c97,168
1752278399999999999,2025-07-11,ETHUSDT,5.0001286230000000000000000,-4.367045129880000000000000000,1.1459566922778720000,0E-9,0,0E-26,0E-25,5.000128623000000000000000,0E-25,-4.367045129880000000000000000,1.779040185397872000000000000,BASE_E3,permanent,run_dfea4b7ac1475668d5968c97,168
1752364799999999999,2025-07-12,BTCUSDT,-4.056525916000000000000000,4.54400000000000000000000000,1.1272526940289920000,0E-10,0,0E-26,0E-24,-4.056525916000000000000000,0E-24,4.54400000000000000000000000,1.61472677802899200000000000,BASE_E3,permanent,run_dfea4b7ac1475668d5968c97,168
1752364799999999999,2025-07-12,ETHUSDT,-20.5819247970000000000000000,20.985765714240000000000000000,0.8308351617086156052,0E-9,0,0E-26,0E-25,-20.581924797000000000000000,0E-25,20.985765714240000000000000000,1.234676078948615605200000000,BASE_E3,permanent,run_dfea4b7ac1475668d5968c97,168
1752451199999999999,2025-07-13,BTCUSDT,52.833425244000000000000000,-52.76809495648000000000000000,1.1326670442318720000,0E-10,0,0E-26,0E-24,52.833425244000000000000000,0E-24,-52.76809495648000000000000000,1.19799733175187200000000000,BASE_E3,permanent,run_dfea4b7ac1475668d5968c97,168
1752451199999999999,2025-07-13,ETHUSDT,37.5720259320000000000000000,-37.152491597400000000000000000,0.6048502439436090140,0E-9,0,0E-26,0E-25,37.572025932000000000000000,0E-25,-37.152491597400000000000000000,1.024384578543609014000000000,BASE_E3,permanent,run_dfea4b7ac1475668d5968c97,168
1752537599999999999,2025-07-14,BTCUSDT,26.236980964000000000000000,-26.74230504352000000000000000,1.0829612098656039264,0E-10,0,0E-26,0E-24,26.236980964000000000000000,0E-24,-26.74230504352000000000000000,0.57763713034560392640000000,BASE_E3,permanent,run_dfea4b7ac1475668d5968c97,168
1752537599999999999,2025-07-14,ETHUSDT,54.0194774490000000000000000,-54.770629259720000000000000000,0.8205863002337183584,0E-9,0,0E-26,0E-25,54.019477449000000000000000,0E-25,-54.770629259720000000000000000,0.069434489513718358400000000,BASE_E3,permanent,run_dfea4b7ac1475668d5968c97,168
1752623999999999999,2025-07-15,BTCUSDT,-66.922274624000000000000000,66.56036657344000000000000000,1.1295635994087040000,0E-10,0,0E-26,0E-24,-66.922274624000000000000000,0E-24,66.56036657344000000000000000,0.76765554884870400000000000,BASE_E3,permanent,run_dfea4b7ac1475668d5968c97,168
1752623999999999999,2025-07-15,ETHUSDT,162.7690449420000000000000000,-164.015898822120000000000000000,1.0159307103782797432,0E-9,0,0E-26,0E-25,162.769044942000000000000000,0E-25,-164.015898822120000000000000000,-0.230923169741720256800000000,BASE_E3,permanent,run_dfea4b7ac1475668d5968c97,168
1752710399999999999,2025-07-16,BTCUSDT,29.127091632000000000000000,-28.77247092128000000000000000,1.1359260612173760000,0E-10,0,0E-26,0E-24,29.127091632000000000000000,0E-24,-28.77247092128000000000000000,1.49054677193737600000000000,BASE_E3,permanent,run_dfea4b7ac1475668d5968c97,168
1752710399999999999,2025-07-16,ETHUSDT,267.7330773810000000000000002,-267.827177132760000000000000011,1.2329182952532440000,-1.122157575,0,0.15312842469407205517640515,30.7436490592646762738496252,236.989428321735323726150375,-31.0524160725216197869317560,-236.774761060238380213068244011,0.016660968493244000000000189,BASE_E3,permanent,run_dfea4b7ac1475668d5968c97,168
1752796799999999999,2025-07-17,BTCUSDT,14.693328412000000000000000,-15.25429565215999999999999952,1.1384377745275200000,-0.7127712400,0,0.09522178229801819920603520,85.733485791715130188441405,-71.040157379715130188441405,-85.720449264705882352941176,70.46615361254588235294117648,-0.13530070563247999999999952,BASE_E3,permanent,run_dfea4b7ac1475668d5968c97,168
1752796799999999999,2025-07-17,ETHUSDT,109.4763428220000000000000000,-109.669554045120000000000000000,1.0864036434924650000,0E-9,0,0E-26,0E-25,109.476342822000000000000000,0E-25,-109.669554045120000000000000000,0.893192420372465000000000000,BASE_E3,permanent,run_dfea4b7ac1475668d5968c97,168
1752883199999999999,2025-07-18,BTCUSDT,-35.716771656000000000000000,35.85400000000000000000000000,0.9978777767608720000,0E-10,0,0E-26,0E-24,-35.716771656000000000000000,0E-24,35.85400000000000000000000000,1.13510612076087200000000000,BASE_E3,permanent,run_dfea4b7ac1475668d5968c97,168
1752883199999999999,2025-07-18,ETHUSDT,77.2530773490000000000000000,-77.270413411850000000000000000,1.1299306542374360000,0E-9,0,0E-26,0E-25,77.253077349000000000000000,0E-25,-77.270413411850000000000000000,1.112594591387436000000000000,BASE_E3,permanent,run_dfea4b7ac1475668d5968c97,168
1752969599999999999,2025-07-19,BTCUSDT,-1.116726804000000000000000,1.24895126076000000000000000,0.9913938697052320000,0E-10,0,0E-26,0E-24,-1.116726804000000000000000,0E-24,1.24895126076000000000000000,1.12361832646523200000000000,BASE_E3,permanent,run_dfea4b7ac1475668d5968c97,168
1752969599999999999,2025-07-19,ETHUSDT,49.2102421020000000000000000,-48.848180925020000000000000000,1.1319062010758960000,0E-9,0,0E-26,0E-25,49.210242102000000000000000,0E-25,-48.848180925020000000000000000,1.493967378055896000000000000,BASE_E3,permanent,run_dfea4b7ac1475668d5968c97,168
1753055999999999999,2025-07-20,BTCUSDT,-16.604413944000000000000000,17.11406615940000000000000000,0.9925376324246320000,0E-10,0,0E-26,0E-24,-16.604413944000000000000000,0E-24,17.11406615940000000000000000,1.50218984782463200000000000,BASE_E3,permanent,run_dfea4b7ac1475668d5968c97,168
1753055999999999999,2025-07-20,ETHUSDT,175.7266126980000000000000000,-175.407346504000000000000000000,1.1717567146064740000,0E-9,0,0E-26,0E-25,175.726612698000000000000000,0E-25,-175.407346504000000000000000000,1.491022908606474000000000000,BASE_E3,permanent,run_dfea4b7ac1475668d5968c97,168
1753142399999999999,2025-07-21,BTCUSDT,2.470411440000000000000000,-2.21261742016000000000000000,0.9936743088492640000,0E-10,0,0E-26,0E-24,2.470411440000000000000000,0E-24,-2.21261742016000000000000000,1.25146832868926400000000000,BASE_E3,permanent,run_dfea4b7ac1475668d5968c97,168
1753142399999999999,2025-07-21,ETHUSDT,2.5358447310000000000000000,-1.951889159130000000000000000,1.2044328859588150000,0E-9,0,0E-26,0E-25,2.535844731000000000000000,0E-25,-1.951889159130000000000000000,1.788388457828815000000000000,BASE_E3,permanent,run_dfea4b7ac1475668d5968c97,168
1753228799999999999,2025-07-22,BTCUSDT,72.097361352000000000000000,-74.70408257984000000000000000,0.9917331055840600000,0E-10,0,0E-26,0E-24,72.097361352000000000000000,0E-24,-74.70408257984000000000000000,-1.61498812225594000000000000,BASE_E3,permanent,run_dfea4b7ac1475668d5968c97,168
1753228799999999999,2025-07-22,ETHUSDT,-12.6367827390000000000000000,11.225524614300000000000000000,1.1835494857409290000,0E-9,0,0E-26,0E-25,-12.636782739000000000000000,0E-25,11.225524614300000000000000000,-0.227708638959071000000000000,BASE_E3,permanent,run_dfea4b7ac1475668d5968c97,168
1753315199999999999,2025-07-23,BTCUSDT,-34.193071176000000000000000,36.49000843488000000000000000,0.9991857872550680000,0E-10,0,0E-26,0E-24,-34.193071176000000000000000,0E-24,36.49000843488000000000000000,3.29612304613506800000000000,BASE_E3,permanent,run_dfea4b7ac1475668d5968c97,168
1753315199999999999,2025-07-23,ETHUSDT,-128.3512357850000000000000002,128.262921383939999999999999985,1.1737135265711230000,-0.626920200,0,0.08517287097671465344031041,60.7866298346988648116567398,-189.137865619698864811656740,-61.0369450144588150454422162,189.299866398398815045442216185,0.458478925511122999999999785,BASE_E3,permanent,run_dfea4b7ac1475668d5968c97,168
1753401599999999999,2025-07-24,BTCUSDT,-12.279233280000000000000000,12.39060859428000000000000000,0.9972356800000000000,0E-10,0,0E-26,0E-24,-12.279233280000000000000000,0E-24,12.39060859428000000000000000,1.10861099428000000000000000,BASE_E3,permanent,run_dfea4b7ac1475668d5968c97,168
1753401599999999999,2025-07-24,ETHUSDT,73.0140474220000000000000000,-72.680512663220000000000000000,1.0357048463664320000,0E-9,0,0E-26,0E-25,73.014047422000000000000000,0E-25,-72.680512663220000000000000000,1.369239605146432000000000000,BASE_E3,permanent,run_dfea4b7ac1475668d5968c97,168
1753487999999999999,2025-07-25,BTCUSDT,-18.635641128000000000000000,18.09665636240000000000000000,0.9780086689739240000,0E-10,0,0E-26,0E-24,-18.635641128000000000000000,0E-24,18.09665636240000000000000000,0.43902390337392400000000000,BASE_E3,permanent,run_dfea4b7ac1475668d5968c97,168
1753487999999999999,2025-07-25,ETHUSDT,20.5570776170000000000000000,-20.657560003740000000000000000,1.0377049936001100000,0E-9,0,0E-26,0E-25,20.557077617000000000000000,0E-25,-20.657560003740000000000000000,0.937222606860110000000000000,BASE_E3,permanent,run_dfea4b7ac1475668d5968c97,168
1753574399999999999,2025-07-26,BTCUSDT,7.705050828000000000000000,-7.44079081172000000000000000,0.9883724918388160000,0E-10,0,0E-26,0E-24,7.705050828000000000000000,0E-24,-7.44079081172000000000000000,1.25263250811881600000000000,BASE_E3,permanent,run_dfea4b7ac1475668d5968c97,168
1753574399999999999,2025-07-26,ETHUSDT,12.5537238830000000000000000,-11.792124664760000000000000000,1.0594935120000000000,0E-9,0,0E-26,0E-25,12.553723883000000000000000,0E-25,-11.792124664760000000000000000,1.821092730240000000000000000,BASE_E3,permanent,run_dfea4b7ac1475668d5968c97,168
1753660799999999999,2025-07-27,BTCUSDT,42.309577152000000000000000,-43.08360000000000000000000000,0.9927601083927520000,0E-10,0,0E-26,0E-24,42.309577152000000000000000,0E-24,-43.08360000000000000000000000,0.21873726039275200000000000,BASE_E3,permanent,run_dfea4b7ac1475668d5968c97,168
1753660799999999999,2025-07-27,ETHUSDT,125.9913298220000000000000000,-127.286679663000000000000000000,1.0073684490539668174,0E-9,0,0E-26,0E-25,125.991329822000000000000000,0E-25,-127.286679663000000000000000000,-0.287981391946033182600000000,BASE_E3,permanent,run_dfea4b7ac1475668d5968c97,168
1753747199999999999,2025-07-28,BTCUSDT,-39.645622140000000000000000,40.34240000000000000000000000,0.9981001869400800000,0E-10,0,0E-26,0E-24,-39.645622140000000000000000,0E-24,40.34240000000000000000000000,1.69487804694008000000000000,BASE_E3,permanent,run_dfea4b7ac1475668d5968c97,168
1753747199999999999,2025-07-28,ETHUSDT,-76.0224002440000000000000000,77.958000996480000000000000000,1.0945344764865500000,0E-9,0,0E-26,0E-25,-76.022400244000000000000000,0E-25,77.958000996480000000000000000,3.030135228966550000000000000,BASE_E3,permanent,run_dfea4b7ac1475668d5968c97,168
1753833599999999999,2025-07-29,BTCUSDT,-1.381973928000000000000000,1.78033495640000000000000000,0.9918988951855760000,0E-10,0,0E-26,0E-24,-1.381973928000000000000000,0E-24,1.78033495640000000000000000,1.39025992358557600000000000,BASE_E3,permanent,run_dfea4b7ac1475668d5968c97,168
1753833599999999999,2025-07-29,ETHUSDT,2.8286084710000000000000000,-3.046120000000000000000000000,0.8838231754775265348,0E-9,0,0E-26,0E-25,2.828608471000000000000000,0E-25,-3.046120000000000000000000000,0.666311646477526534800000000,BASE_E3,permanent,run_dfea4b7ac1475668d5968c97,168
1753919999999999999,2025-07-30,BTCUSDT,-3.094176324000000000000000,3.61806504360000000000000000,0.9910242233449320000,0E-10,0,0E-26,0E-24,-3.094176324000000000000000,0E-24,3.61806504360000000000000000,1.51491294294493200000000000,BASE_E3,permanent,run_dfea4b7ac1475668d5968c97,168
1753919999999999999,2025-07-30,ETHUSDT,13.9254570880000000000000000,-14.227840000000000000000000000,0.3277224776698680742,0E-9,0,0E-26,0E-25,13.925457088000000000000000,0E-25,-14.227840000000000000000000000,0.025339565669868074200000000,BASE_E3,permanent,run_dfea4b7ac1475668d5968c97,168
1754006399999999999,2025-07-31,BTCUSDT,-59.089328688000000000000000,58.86824005804000000000000000,0.8510532699862288424,0E-10,0,0E-26,0E-24,-59.089328688000000000000000,0E-24,58.86824005804000000000000000,0.62996464002622884240000000,BASE_E3,permanent,run_dfea4b7ac1475668d5968c97,168
1754006399999999999,2025-07-31,ETHUSDT,-108.9912983090000000000000000,109.080422000000000000000000000,0.5090963440738509400,0E-9,0,0E-26,0E-25,-108.991298309000000000000000,0E-25,109.080422000000000000000000000,0.598220035073850940000000000,BASE_E3,permanent,run_dfea4b7ac1475668d5968c97,168
1754092799999999999,2025-08-01,BTCUSDT,-65.727789180000000000000000,65.52777416444000000000000000,0.1876926245357309356,0E-10,0,0E-26,0E-24,-65.727789180000000000000000,0E-24,65.52777416444000000000000000,-0.01232239102426906440000000,BASE_E3,permanent,run_dfea4b7ac1475668d5968c97,168
1754092799999999999,2025-08-01,ETHUSDT,-193.1873364090000000000000000,192.977378000000000000000000000,0.0734701783602358704,0E-9,0,0E-26,0E-25,-193.187336409000000000000000,0E-25,192.977378000000000000000000000,-0.136488230639764129600000000,BASE_E3,permanent,run_dfea4b7ac1475668d5968c97,168
1754179199999999999,2025-08-02,BTCUSDT,-23.119073772000000000000000,22.81678577752000000000000000,0.3211708627972840576,0E-10,0,0E-26,0E-24,-23.119073772000000000000000,0E-24,22.81678577752000000000000000,0.01888286831728405760000000,BASE_E3,permanent,run_dfea4b7ac1475668d5968c97,168
1754179199999999999,2025-08-02,ETHUSDT,-91.1871473310000000000000000,91.188665329080000000000000000,0.4735301892948000000,0E-9,0,0E-26,0E-25,-91.187147331000000000000000,0E-25,91.188665329080000000000000000,0.475048187374800000000000000,BASE_E3,permanent,run_dfea4b7ac1475668d5968c97,168
1754265599999999999,2025-08-03,BTCUSDT,46.221342024000000000000000,-45.83569494196000000000000000,0.5610291990314332188,0E-10,0,0E-26,0E-24,46.221342024000000000000000,0E-24,-45.83569494196000000000000000,0.94667628107143321880000000,BASE_E3,permanent,run_dfea4b7ac1475668d5968c97,168
1754265599999999999,2025-08-03,ETHUSDT,97.4498189290000000000000000,-97.848505329080000000000000000,0.5278650936649453088,0E-9,0,0E-26,0E-25,97.449818929000000000000000,0E-25,-97.848505329080000000000000000,0.129178693584945308800000000,BASE_E3,permanent,run_dfea4b7ac1475668d5968c97,168
1754351999999999999,2025-08-04,BTCUSDT,23.841431040000000000000000,-23.80870505804000000000000000,0.4430996332658675472,0E-10,0,0E-26,0E-24,23.841431040000000000000000,0E-24,-23.80870505804000000000000000,0.47582561522586754720000000,BASE_E3,permanent,run_dfea4b7ac1475668d5968c97,168
1754351999999999999,2025-08-04,ETHUSDT,211.0482487610000000000000000,-211.033093328640000000000000000,0.2187961252019501860,0E-9,0,0E-26,0E-25,211.048248761000000000000000,0E-25,-211.033093328640000000000000000,0.233951557561950186000000000,BASE_E3,permanent,run_dfea4b7ac1475668d5968c97,168
1754438399999999999,2025-08-05,BTCUSDT,-25.663149408000000000000000,25.56120000000000000000000000,0.6538546263916168768,0E-10,0,0E-26,0E-24,-25.663149408000000000000000,0E-24,25.56120000000000000000000000,0.55190521839161687680000000,BASE_E3,permanent,run_dfea4b7ac1475668d5968c97,168
1754438399999999999,2025-08-05,ETHUSDT,-101.4231151090000000000000000,101.883613328640000000000000000,0.1578991533514367060,0E-9,0,0E-26,0E-25,-101.423115109000000000000000,0E-25,101.883613328640000000000000000,0.618397372991436706000000000,BASE_E3,permanent,run_dfea4b7ac1475668d5968c97,168
1754524799999999999,2025-08-06,BTCUSDT,23.765526108000000000000000,-23.90920000000000000000000000,0.7295073314662661920,0E-10,0,0E-26,0E-24,23.765526108000000000000000,0E-24,-23.90920000000000000000000000,0.58583343946626619200000000,BASE_E3,permanent,run_dfea4b7ac1475668d5968c97,168
1754524799999999999,2025-08-06,ETHUSDT,67.1014042970000000000000000,-67.180050663660000000000000000,0.5811146291489870276,0E-9,0,0E-26,0E-25,67.101404297000000000000000,0E-25,-67.180050663660000000000000000,0.502468262488987027600000000,BASE_E3,permanent,run_dfea4b7ac1475668d5968c97,168
1754611199999999999,2025-08-07,BTCUSDT,70.279809252000000000000000,-69.81017083749999999999999957,0.6041524785065783440,-0.1749575300,0,0.02334940443449019066632590,0E-24,70.279809252000000000000000,0E-24,-69.81017083749999999999999957,0.89883336300657834400000043,BASE_E3,permanent,run_dfea4b7ac1475668d5968c97,168
1754611199999999999,2025-08-07,ETHUSDT,216.4216588330000000000000000,-216.509105409520000000000000000,0.7296866300573582084,0E-9,0,0E-26,0E-25,216.421658833000000000000000,0E-25,-216.509105409520000000000000000,0.642240053537358208400000000,BASE_E3,permanent,run_dfea4b7ac1475668d5968c97,168
1754697599999999999,2025-08-08,BTCUSDT,-23.127947778000000000000000,22.89877083750000000000000000,0.4089840893284559989,0E-10,0,0E-26,0E-24,-23.127947778000000000000000,0E-24,22.89877083750000000000000000,0.17980714882845599890000000,BASE_E3,permanent,run_dfea4b7ac1475668d5968c97,168
1754697599999999999,2025-08-08,ETHUSDT,108.8489577129999999999999999,-109.307623926819999999999999926,0.9018211295849454600,-5.714620450,0,0.77384833902294697956799135,873.0155228141315314071937029,-764.166565101131531407193703,-871.1771172493742524607681435,761.869493322554252460768143574,-5.271465534235054540000000026,BASE_E3,permanent,run_dfea4b7ac1475668d5968c97,168
1754783999999999999,2025-08-09,BTCUSDT,-5.993094120000000000000000,5.82900000000000000000000000,0.7808916652467239793,0E-10,0,0E-26,0E-24,-5.993094120000000000000000,0E-24,5.82900000000000000000000000,0.61679754524672397930000000,BASE_E3,permanent,run_dfea4b7ac1475668d5968c97,168
1754783999999999999,2025-08-09,ETHUSDT,0.005793471000000000000000,0E-24,0E-19,0E-9,0,0E-26,0E-24,0.005793471000000000000000,0E-24,0E-11,0.005793471000000000000000,BASE_E3,permanent,run_dfea4b7ac1475668d5968c97,168
1754870399999999999,2025-08-10,BTCUSDT,81.823139658000000000000000,-82.16280000000000000000000000,1.0185012478650000000,0E-10,0,0E-26,0E-24,81.823139658000000000000000,0E-24,-82.16280000000000000000000000,0.67884090586500000000000000,BASE_E3,permanent,run_dfea4b7ac1475668d5968c97,168
1754870399999999999,2025-08-10,ETHUSDT,-0.000203123000000000000000,0E-24,0E-19,0E-9,0,0E-26,0E-24,-0.000203123000000000000000,0E-24,0E-11,-0.000203123000000000000000,BASE_E3,permanent,run_dfea4b7ac1475668d5968c97,168
1754956799999999999,2025-08-11,BTCUSDT,-17.486433042000000000000000,17.72321035862000000000000000,1.0470906241554310000,0E-10,0,0E-26,0E-24,-17.486433042000000000000000,0E-24,17.72321035862000000000000000,1.28386794077543100000000000,BASE_E3,permanent,run_dfea4b7ac1475668d5968c97,168
1754956799999999999,2025-08-11,ETHUSDT,-0.000641887000000000000000,0E-24,0E-19,0E-9,0,0E-26,0E-24,-0.000641887000000000000000,0E-24,0E-11,-0.000641887000000000000000,BASE_E3,permanent,run_dfea4b7ac1475668d5968c97,168
1755043199999999999,2025-08-12,BTCUSDT,43.165361928000000000000000,-43.33324064837000000000000000,0.9165889738078870000,0E-10,0,0E-26,0E-24,43.165361928000000000000000,0E-24,-43.33324064837000000000000000,0.74871025343788700000000000,BASE_E3,permanent,run_dfea4b7ac1475668d5968c97,168
1755043199999999999,2025-08-12,ETHUSDT,0.008406132000000000000000,0E-24,0E-19,0E-9,0,0E-26,0E-24,0.008406132000000000000000,0E-24,0E-11,0.008406132000000000000000,BASE_E3,permanent,run_dfea4b7ac1475668d5968c97,168
1755129599999999999,2025-08-13,BTCUSDT,90.678182790000000000000000,-92.40836971025000000000000000,0.9453639485533430000,0E-10,0,0E-26,0E-24,90.678182790000000000000000,0E-24,-92.40836971025000000000000000,-0.78482297169665700000000000,BASE_E3,permanent,run_dfea4b7ac1475668d5968c97,168
1755129599999999999,2025-08-13,ETHUSDT,66.556074169000000000000000,-60.738410000000000000000000,0E-19,-5.175603665,0,0.69646274761952770403759722,0E-24,66.556074169000000000000000,0E-24,-60.73841000000,0.642060504000000000000000,BASE_E3,permanent,run_dfea4b7ac1475668d5968c97,168
1755215999999999999,2025-08-14,BTCUSDT,-145.737486882000000000000000,147.89420000000000000000000000,1.0534824168057950000,0E-10,0,0E-26,0E-24,-145.737486882000000000000000,0E-24,147.89420000000000000000000000,3.21019553480579500000000000,BASE_E3,permanent,run_dfea4b7ac1475668d5968c97,168
1755215999999999999,2025-08-14,ETHUSDT,-153.219317461000000000000000,153.372060000000000000000000,1.0430316820830870000,0E-9,0,0E-26,0E-24,-153.219317461000000000000000,0E-24,153.37206000000,1.195774221083087000000000,BASE_E3,permanent,run_dfea4b7ac1475668d5968c97,168
1755302399999999999,2025-08-15,BTCUSDT,-27.654967470000000000000000,27.79361365407000000000000000,0.4685425976661294790,0E-10,0,0E-26,0E-24,-27.654967470000000000000000,0E-24,27.79361365407000000000000000,0.60718878173612947900000000,BASE_E3,permanent,run_dfea4b7ac1475668d5968c97,168
1755302399999999999,2025-08-15,ETHUSDT,-80.781782830000000000000000,80.292350000000000000000000,0.8826153769145463552,0E-9,0,0E-26,0E-24,-80.781782830000000000000000,0E-24,80.29235000000,0.393182546914546355200000,BASE_E3,permanent,run_dfea4b7ac1475668d5968c97,168
1755388799999999999,2025-08-16,BTCUSDT,2.289327144000000000000000,-2.67671365407000000000000000,0.8906318039012789450,0E-10,0,0E-26,0E-24,2.289327144000000000000000,0E-24,-2.67671365407000000000000000,0.50324529383127894500000000,BASE_E3,permanent,run_dfea4b7ac1475668d5968c97,168
1755388799999999999,2025-08-16,ETHUSDT,-10.487589189000000000000000,11.565350000000000000000000,0.5552329783931430656,0E-9,0,0E-26,0E-24,-10.487589189000000000000000,0E-24,11.56535000000,1.632993789393143065600000,BASE_E3,permanent,run_dfea4b7ac1475668d5968c97,168
1755475199999999999,2025-08-17,BTCUSDT,-0.600179658000000000000000,0.75400000000000000000000000,0.5031274322638410176,0E-10,0,0E-26,0E-24,-0.600179658000000000000000,0E-24,0.75400000000000000000000000,0.65694777426384101760000000,BASE_E3,permanent,run_dfea4b7ac1475668d5968c97,168
1755475199999999999,2025-08-17,ETHUSDT,34.943848968000000000000000,-35.220740000000000000000000,0.3102032819693000000,0E-9,0,0E-26,0E-24,34.943848968000000000000000,0E-24,-35.22074000000,0.033312249969300000000000,BASE_E3,permanent,run_dfea4b7ac1475668d5968c97,168
1755561599999999999,2025-08-18,BTCUSDT,-34.605042108000000000000000,34.61795575728000000000000000,0.2523968199755609178,0E-10,0,0E-26,0E-24,-34.605042108000000000000000,0E-24,34.61795575728000000000000000,0.26531046925556091780000000,BASE_E3,permanent,run_dfea4b7ac1475668d5968c97,168
1755561599999999999,2025-08-18,ETHUSDT,-116.900773927000000000000000,117.220180000000000000000000,0.5974484903956015765,0E-9,0,0E-26,0E-24,-116.900773927000000000000000,0E-24,117.22018000000,0.916854563395601576500000,BASE_E3,permanent,run_dfea4b7ac1475668d5968c97,168
1755647999999999999,2025-08-19,BTCUSDT,-98.014356570000000000000000,98.06574424272000000000000000,0.5536301285520000000,0E-10,0,0E-26,0E-24,-98.014356570000000000000000,0E-24,98.06574424272000000000000000,0.60501780127200000000000000,BASE_E3,permanent,run_dfea4b7ac1475668d5968c97,168
1755647999999999999,2025-08-19,ETHUSDT,-176.537389266000000000000000,176.451030000000000000000000,0.9411091100000000000,0E-9,0,0E-26,0E-24,-176.537389266000000000000000,0E-24,176.45103000000,0.854749844000000000000000,BASE_E3,permanent,run_dfea4b7ac1475668d5968c97,168
1755734399999999999,2025-08-20,BTCUSDT,42.414339630000000000000000,-42.40090000000000000000000000,0.3556923381906803934,0E-10,0,0E-26,0E-24,42.414339630000000000000000,0E-24,-42.40090000000000000000000000,0.36913196819068039340000000,BASE_E3,permanent,run_dfea4b7ac1475668d5968c97,168
1755734399999999999,2025-08-20,ETHUSDT,196.880085514000000000000000,-197.025130000000000000000000159,0.5960033793108837950,-0.436409380,0,0.05832750571835896875128685,0E-24,196.880085514000000000000000,0E-24,-197.025130000000000000000000159,0.014549513310883794999999841,BASE_E3,permanent,run_dfea4b7ac1475668d5968c97,168
1755820799999999999,2025-08-21,BTCUSDT,-53.097669834000000000000000,52.92269999999999999999999993,0.5363571155272389208,-0.1690984300,0,0.02264668688858790326107280,0E-24,-53.097669834000000000000000,0E-24,52.92269999999999999999999993,0.19228885152723892079999993,BASE_E3,permanent,run_dfea4b7ac1475668d5968c97,168
1755820799999999999,2025-08-21,ETHUSDT,-89.336571570000000000000000,89.262270000000000000000000000,0.5128895771070000000,0E-9,0,0E-26,0E-24,-89.336571570000000000000000,0E-24,89.262270000000000000000000000,0.438588007107000000000000000,BASE_E3,permanent,run_dfea4b7ac1475668d5968c97,168
1755907199999999999,2025-08-22,BTCUSDT,134.032860168000000000000000,-134.1738955434000000000000000,0.7900096311300000000,0E-10,0,0E-26,0E-24,134.032860168000000000000000,0E-24,-134.1738955434000000000000000,0.6489742557300000000000000,BASE_E3,permanent,run_dfea4b7ac1475668d5968c97,168
1755907199999999999,2025-08-22,ETHUSDT,490.826583820000000000000000,-491.320930466430000000000000000,0.6737567359759233720,0E-9,0,0E-26,0E-24,490.826583820000000000000000,0E-24,-491.320930466430000000000000000,0.179410089545923372000000000,BASE_E3,permanent,run_dfea4b7ac1475668d5968c97,168
1755993599999999999,2025-08-23,BTCUSDT,-44.212908552000000000000000,44.9988955434000000000000000,1.0323855780766610040,0E-10,0,0E-26,0E-24,-44.212908552000000000000000,0E-24,44.9988955434000000000000000,1.8183725694766610040000000,BASE_E3,permanent,run_dfea4b7ac1475668d5968c97,168
1755993599999999999,2025-08-23,ETHUSDT,-42.973554075000000000000000,43.014729639660000000000000000,1.1533835011896600000,0E-9,0,0E-26,0E-24,-42.973554075000000000000000,0E-24,43.014729639660000000000000000,1.194559065849660000000000000,BASE_E3,permanent,run_dfea4b7ac1475668d5968c97,168
1756079999999999999,2025-08-24,BTCUSDT,-58.985453112000000000000000,58.5067742079000000000000000,1.0338206991847800000,0E-10,0,0E-26,0E-24,-58.985453112000000000000000,0E-24,58.5067742079000000000000000,0.5551417950847800000000000,BASE_E3,permanent,run_dfea4b7ac1475668d5968c97,168
1756079999999999999,2025-08-24,ETHUSDT,1.848064579000000000000000,-0.863594385450000000000000000,1.1565549125331030000,0E-9,0,0E-26,0E-24,1.848064579000000000000000,0E-24,-0.863594385450000000000000000,2.141025106083103000000000000,BASE_E3,permanent,run_dfea4b7ac1475668d5968c97,168
1756166399999999999,2025-08-25,BTCUSDT,-101.029441248000000000000000,100.8382257921000000000000000,0.9554631606743400000,0E-10,0,0E-26,0E-24,-101.029441248000000000000000,0E-24,100.8382257921000000000000000,0.7642477047743400000000000,BASE_E3,permanent,run_dfea4b7ac1475668d5968c97,168
1756166399999999999,2025-08-25,ETHUSDT,-330.504964054000000000000000,330.269142743100000000000000000,0.4237896419250279219,0E-9,0,0E-26,0E-24,-330.504964054000000000000000,0E-24,330.269142743100000000000000000,0.187968331025027921900000000,BASE_E3,permanent,run_dfea4b7ac1475668d5968c97,168
1756252799999999999,2025-08-26,BTCUSDT,49.057270920000000000000000,-48.7140000000000000000000000,0.6072042766624933620,0E-10,0,0E-26,0E-24,49.057270920000000000000000,0E-24,-48.7140000000000000000000000,0.9504751966624933620000000,BASE_E3,permanent,run_dfea4b7ac1475668d5968c97,168
1756252799999999999,2025-08-26,ETHUSDT,184.524002615000000000000000,-184.603977530880000000000000000,0.0500106581658783237,0E-9,0,0E-26,0E-24,184.524002615000000000000000,0E-24,-184.603977530880000000000000000,-0.029964257714121676300000000,BASE_E3,permanent,run_dfea4b7ac1475668d5968c97,168
1756339199999999999,2025-08-27,BTCUSDT,-15.256260624000000000000000,15.0000000000000000000000000,0.3605541880200000000,0E-10,0,0E-26,0E-24,-15.256260624000000000000000,0E-24,15.0000000000000000000000000,0.1042935640200000000000000,BASE_E3,permanent,run_dfea4b7ac1475668d5968c97,168
1756339199999999999,2025-08-27,ETHUSDT,-67.129056380000000000000000,66.593339999999999999999999968,0.1970125638377530158,-0.445540480,0,0.06014189246983867502154759,0.572896608058249463995191,-67.701952988058249463995191,-0.394913308550185873605948,66.988253308550185873605947968,-0.784244296162246984200000032,BASE_E3,permanent,run_dfea4b7ac1475668d5968c97,168
1756425599999999999,2025-08-28,BTCUSDT,39.207107448000000000000000,-39.2580000000000000000000000,0.7593946299419596710,0E-10,0,0E-26,0E-24,39.207107448000000000000000,0E-24,-39.2580000000000000000000000,0.7085020779419596710000000,BASE_E3,permanent,run_dfea4b7ac1475668d5968c97,168
1756425599999999999,2025-08-28,ETHUSDT,2.325637263000000000000000,-1.582590000000000000000000000,0.3626426419382278050,0E-9,0,0E-26,0E-24,2.325637263000000000000000,0E-24,-1.582590000000000000000000000,1.105689904938227805000000000,BASE_E3,permanent,run_dfea4b7ac1475668d5968c97,168
1756511999999999999,2025-08-29,BTCUSDT,-125.460103200000000000000000,125.3696192391000000000000000,0.3579816159314352390,0E-10,0,0E-26,0E-24,-125.460103200000000000000000,0E-24,125.3696192391000000000000000,0.2674976550314352390000000,BASE_E3,permanent,run_dfea4b7ac1475668d5968c97,168
1756511999999999999,2025-08-29,ETHUSDT,-111.429974547000000000000000,111.180928887790000000000000000,0.2679257697362424342,0E-9,0,0E-26,0E-24,-111.429974547000000000000000,0E-24,111.180928887790000000000000000,0.018880110526242434200000000,BASE_E3,permanent,run_dfea4b7ac1475668d5968c97,168
1756598399999999999,2025-08-30,BTCUSDT,13.489736760000000000000000,-13.1713899999000000000000000,0.7666953913500000000,0E-10,0,0E-26,0E-24,13.489736760000000000000000,0E-24,-13.1713899999000000000000000,1.0850421514500000000000000,BASE_E3,permanent,run_dfea4b7ac1475668d5968c97,168
1756598399999999999,2025-08-30,ETHUSDT,11.152656651000000000000000,-11.210278887790000000000000000,0.2304175583149000000,0E-9,0,0E-26,0E-24,11.152656651000000000000000,0E-24,-11.210278887790000000000000000,0.172795321524900000000000000,BASE_E3,permanent,run_dfea4b7ac1475668d5968c97,168
1756684799999999999,2025-08-31,BTCUSDT,-17.981814600000000000000000,17.3784339129000000000000000,0.4408999268638128480,0E-10,0,0E-26,0E-24,-17.981814600000000000000000,0E-24,17.3784339129000000000000000,-0.1624807602361871520000000,BASE_E3,permanent,run_dfea4b7ac1475668d5968c97,168
1756684799999999999,2025-08-31,ETHUSDT,11.033774235000000000000000,-11.175513397690000000000000000,0.0996588234118483149,0E-9,0,0E-26,0E-24,11.033774235000000000000000,0E-24,-11.175513397690000000000000000,-0.042080339278151685100000000,BASE_E3,permanent,run_dfea4b7ac1475668d5968c97,168
1756771199999999999,2025-09-01,BTCUSDT,31.184982600000000000000000,-30.9366631521000000000000000,0.6412784627100000000,0E-10,0,0E-26,0E-24,31.184982600000000000000000,0E-24,-30.9366631521000000000000000,0.8895979106100000000000000,BASE_E3,permanent,run_dfea4b7ac1475668d5968c97,168
1756771199999999999,2025-09-01,ETHUSDT,-54.433286226000000000000000,54.262083397690000000000000000,-0.1080991593464454480,0E-9,0,0E-26,0E-24,-54.433286226000000000000000,0E-24,54.262083397690000000000000000,-0.279301987656445448000000000,BASE_E3,permanent,run_dfea4b7ac1475668d5968c97,168
1756857599999999999,2025-09-02,BTCUSDT,58.875626760000000000000000,-58.7178358695000000000000000,0.7298579221253990940,0E-10,0,0E-26,0E-24,58.875626760000000000000000,0E-24,-58.7178358695000000000000000,0.8876488126253990940000000,BASE_E3,permanent,run_dfea4b7ac1475668d5968c97,168
1756857599999999999,2025-09-02,ETHUSDT,6.204176085000000000000000,-6.784425154290000000000000000,0.2888054515913000000,0E-9,0,0E-26,0E-24,6.204176085000000000000000,0E-24,-6.784425154290000000000000000,-0.291443617698700000000000000,BASE_E3,permanent,run_dfea4b7ac1475668d5968c97,168
1756943999999999999,2025-09-03,BTCUSDT,13.514642736000000000000000,-13.6361641305000000000000000,0.2752634904735305970,0E-10,0,0E-26,0E-24,13.514642736000000000000000,0E-24,-13.6361641305000000000000000,0.1537420959735305970000000,BASE_E3,permanent,run_dfea4b7ac1475668d5968c97,168
1756943999999999999,2025-09-03,ETHUSDT,91.814375907000000000000000,-91.202414845710000000000000000,0.1602523996953080286,0E-9,0,0E-26,0E-24,91.814375907000000000000000,0E-24,-91.202414845710000000000000000,0.772213460985308028600000000,BASE_E3,permanent,run_dfea4b7ac1475668d5968c97,168
1757030399999999999,2025-09-04,BTCUSDT,-28.997157648000000000000000,29.0781225000000000000000000,0.4665969507125753280,0E-10,0,0E-26,0E-24,-28.997157648000000000000000,0E-24,29.0781225000000000000000000,0.5475618027125753280000000,BASE_E3,permanent,run_dfea4b7ac1475668d5968c97,168
1757030399999999999,2025-09-04,ETHUSDT,-112.596508254000000000000000,112.705670000000000000000000000,-0.0697205286193697249,0E-9,0,0E-26,0E-24,-112.596508254000000000000000,0E-24,112.705670000000000000000000000,0.039441217380630275100000000,BASE_E3,permanent,run_dfea4b7ac1475668d5968c97,168
1757116799999999999,2025-09-05,BTCUSDT,-1.801632288000000000000000,1.7108775000000000000000000,0.8501736290817300000,0E-10,0,0E-26,0E-24,-1.801632288000000000000000,0E-24,1.7108775000000000000000000,0.7594188410817300000000000,BASE_E3,permanent,run_dfea4b7ac1475668d5968c97,168
1757116799999999999,2025-09-05,ETHUSDT,8.061713835000000000000000,-8.170552134490000000000000000,-0.1990629348708527848,0E-9,0,0E-26,0E-24,8.061713835000000000000000,0E-24,-8.170552134490000000000000000,-0.307901234360852784800000000,BASE_E3,permanent,run_dfea4b7ac1475668d5968c97,168
1757203199999999999,2025-09-06,BTCUSDT,-13.552451808000000000000000,13.8075057609000000000000000,0.4002715263900000000,0E-10,0,0E-26,0E-24,-13.552451808000000000000000,0E-24,13.8075057609000000000000000,0.6553254792900000000000000,BASE_E3,permanent,run_dfea4b7ac1475668d5968c97,168
1757203199999999999,2025-09-06,ETHUSDT,-25.024748568000000000000000,25.011076231850000000000000000,0.1881290782724620836,0E-9,0,0E-26,0E-24,-25.024748568000000000000000,0E-24,25.011076231850000000000000000,0.174456742122462083600000000,BASE_E3,permanent,run_dfea4b7ac1475668d5968c97,168
1757289599999999999,2025-09-07,BTCUSDT,29.527985016000000000000000,-29.4024519567000000000000000,0.4176774596493069690,0E-10,0,0E-26,0E-24,29.527985016000000000000000,0E-24,-29.4024519567000000000000000,0.5432105189493069690000000,BASE_E3,permanent,run_dfea4b7ac1475668d5968c97,168
1757289599999999999,2025-09-07,ETHUSDT,24.853855095000000000000000,-24.887214097360000000000000000,0.5802765560361236155,0E-9,0,0E-26,0E-24,24.853855095000000000000000,0E-24,-24.887214097360000000000000000,0.546917553676123615500000000,BASE_E3,permanent,run_dfea4b7ac1475668d5968c97,168
1757375999999999999,2025-09-08,BTCUSDT,27.148714128000000000000000,-27.3650538042000000000000000,0.7832702367658640760,0E-10,0,0E-26,0E-24,27.148714128000000000000000,0E-24,-27.3650538042000000000000000,0.5669305605658640760000000,BASE_E3,permanent,run_dfea4b7ac1475668d5968c97,168
1757375999999999999,2025-09-08,ETHUSDT,0.832176912000000000000000,-0.468090000000000000000000000,0.4423681726548180876,0E-9,0,0E-26,0E-24,0.832176912000000000000000,0E-24,-0.468090000000000000000000000,0.806455084654818087600000000,BASE_E3,permanent,run_dfea4b7ac1475668d5968c97,168
1757462399999999999,2025-09-09,BTCUSDT,-17.127209544000000000000000,17.0430000000000000000000000,0.7990104118842439290,0E-10,0,0E-26,0E-24,-17.127209544000000000000000,0E-24,17.0430000000000000000000000,0.7148008678842439290000000,BASE_E3,permanent,run_dfea4b7ac1475668d5968c97,168
1757462399999999999,2025-09-09,ETHUSDT,0.705864345000000000000000,-1.255670000000000000000000000,0.6859224176967866043,0E-9,0,0E-26,0E-24,0.705864345000000000000000,0E-24,-1.255670000000000000000000000,0.136116762696786604300000000,BASE_E3,permanent,run_dfea4b7ac1475668d5968c97,168
1757548799999999999,2025-09-10,BTCUSDT,73.638569016000000000000000,-73.3603890216000000000000000,0.7051973114840876460,0E-10,0,0E-26,0E-24,73.638569016000000000000000,0E-24,-73.3603890216000000000000000,0.9833773058840876460000000,BASE_E3,permanent,run_dfea4b7ac1475668d5968c97,168
1757548799999999999,2025-09-10,ETHUSDT,27.398027895000000000000000,-27.440351612299999999999999864,0.8078726381581579472,-0.277602707,0,0.03758409355690435627481622,0E-24,27.398027895000000000000000,0E-24,-27.440351612299999999999999864,0.487946213858157947200000136,BASE_E3,permanent,run_dfea4b7ac1475668d5968c97,168
1757635199999999999,2025-09-11,BTCUSDT,45.691363296000000000000000,-45.8646840219000000000000000,0.4600672914702157650,0E-10,0,0E-26,0E-24,45.691363296000000000000000,0E-24,-45.8646840219000000000000000,0.2867465655702157650000000,BASE_E3,permanent,run_dfea4b7ac1475668d5968c97,168
1757635199999999999,2025-09-11,ETHUSDT,87.095998620000000000000000,-86.848788387700000000000000000,0.6885496832040000000,0E-9,0,0E-26,0E-24,87.095998620000000000000000,0E-24,-86.848788387700000000000000000,0.935759915504000000000000000,BASE_E3,permanent,run_dfea4b7ac1475668d5968c97,168
1757721599999999999,2025-09-12,BTCUSDT,16.019643792000000000000000,-15.8869658694000000000000000,0.5804373162300000000,0E-10,0,0E-26,0E-24,16.019643792000000000000000,0E-24,-15.8869658694000000000000000,0.7131152388300000000000000,BASE_E3,permanent,run_dfea4b7ac1475668d5968c97,168
1757721599999999999,2025-09-12,ETHUSDT,197.602874100000000000000000,-198.044189005650000000000000000,0.8815330668502469120,0E-9,0,0E-26,0E-24,197.602874100000000000000000,0E-24,-198.044189005650000000000000000,0.440218161200246912000000000,BASE_E3,permanent,run_dfea4b7ac1475668d5968c97,168
1757807999999999999,2025-09-13,BTCUSDT,-2.948207400000000000000000,2.8708980432000000000000000,0.1329814499885897970,0E-10,0,0E-26,0E-24,-2.948207400000000000000000,0E-24,2.8708980432000000000000000,0.0556720931885897970000000,BASE_E3,permanent,run_dfea4b7ac1475668d5968c97,168
1757807999999999999,2025-09-13,ETHUSDT,-34.189929150000000000000000,34.709239005650000000000000000,1.0978321121288084825,0E-9,0,0E-26,0E-24,-34.189929150000000000000000,0E-24,34.709239005650000000000000000,1.617141967778808482500000000,BASE_E3,permanent,run_dfea4b7ac1475668d5968c97,168
1757894399999999999,2025-09-14,BTCUSDT,-17.160217464000000000000000,17.3535417393000000000000000,0.5580325593142146540,0E-10,0,0E-26,0E-24,-17.160217464000000000000000,0E-24,17.3535417393000000000000000,0.7513568346142146540000000,BASE_E3,permanent,run_dfea4b7ac1475668d5968c97,168
1757894399999999999,2025-09-14,ETHUSDT,-48.344795340000000000000000,48.638600000000000000000000000,0.5165551869120627525,0E-9,0,0E-26,0E-24,-48.344795340000000000000000,0E-24,48.638600000000000000000000000,0.810359846912062752500000000,BASE_E3,permanent,run_dfea4b7ac1475668d5968c97,168
1757980799999999999,2025-09-15,BTCUSDT,1.026846384000000000000000,-1.3141470654000000000000000,0.7834506181238679120,0E-10,0,0E-26,0E-24,1.026846384000000000000000,0E-24,-1.3141470654000000000000000,0.4961499367238679120000000,BASE_E3,permanent,run_dfea4b7ac1475668d5968c97,168
1757980799999999999,2025-09-15,ETHUSDT,-63.999150960000000000000000,63.546036006900000000000000000,0.6301145156547540070,0E-9,0,0E-26,0E-24,-63.999150960000000000000000,0E-24,63.546036006900000000000000000,0.176999562554754007000000000,BASE_E3,permanent,run_dfea4b7ac1475668d5968c97,168
1758067199999999999,2025-09-16,BTCUSDT,41.991175464000000000000000,-41.7752538042000000000000000,0.5023412158800000000,0E-10,0,0E-26,0E-24,41.991175464000000000000000,0E-24,-41.7752538042000000000000000,0.7182628756800000000000000,BASE_E3,permanent,run_dfea4b7ac1475668d5968c97,168
1758067199999999999,2025-09-16,ETHUSDT,-19.092975360000000000000000,18.863263993100000000000000000,0.3928115312535000000,0E-9,0,0E-26,0E-24,-19.092975360000000000000000,0E-24,18.863263993100000000000000000,0.163100164353500000000000000,BASE_E3,permanent,run_dfea4b7ac1475668d5968c97,168
1758153599999999999,2025-09-17,BTCUSDT,-11.462150256000000000000000,11.2001942391000000000000000,0.7597865764200000000,0E-10,0,0E-26,0E-24,-11.462150256000000000000000,0E-24,11.2001942391000000000000000,0.4978305595200000000000000,BASE_E3,permanent,run_dfea4b7ac1475668d5968c97,168
1758153599999999999,2025-09-17,ETHUSDT,70.483853940000000000000000,-70.076950000000000000000000000,0.4317060212985827225,0E-9,0,0E-26,0E-24,70.483853940000000000000000,0E-24,-70.076950000000000000000000000,0.838609961298582722500000000,BASE_E3,permanent,run_dfea4b7ac1475668d5968c97,168
1758239999999999999,2025-09-18,BTCUSDT,20.910517320000000000000000,-20.7384059781000000000000000,0.6344007234317626560,0E-10,0,0E-26,0E-24,20.910517320000000000000000,0E-24,-20.7384059781000000000000000,0.8065120653317626560000000,BASE_E3,permanent,run_dfea4b7ac1475668d5968c97,168
1758239999999999999,2025-09-18,ETHUSDT,-1.193310960000000000000000,1.083300000000000000000000000,0.4107157324800282940,0E-9,0,0E-26,0E-24,-1.193310960000000000000000,0E-24,1.083300000000000000000000000,0.300704772480028294000000000,BASE_E3,permanent,run_dfea4b7ac1475668d5968c97,168
1758326399999999999,2025-09-19,BTCUSDT,-43.885229928000000000000000,44.2092117390000000000000000,0.2487357427193019630,0E-10,0,0E-26,0E-24,-43.885229928000000000000000,0E-24,44.2092117390000000000000000,0.5727175537193019630000000,BASE_E3,permanent,run_dfea4b7ac1475668d5968c97,168
1758326399999999999,2025-09-19,ETHUSDT,-94.200909270000000000000000,94.576800000000000000000000000,0.0227949912782377540,0E-9,0,0E-26,0E-24,-94.200909270000000000000000,0E-24,94.576800000000000000000000000,0.398685721278237754000000000,BASE_E3,permanent,run_dfea4b7ac1475668d5968c97,168
1758412799999999999,2025-09-20,BTCUSDT,1.597583328000000000000000,-1.4620042500000000000000000,0.0943326189348360390,0E-10,0,0E-26,0E-24,1.597583328000000000000000,0E-24,-1.4620042500000000000000000,0.2299116969348360390000000,BASE_E3,permanent,run_dfea4b7ac1475668d5968c97,168
1758412799999999999,2025-09-20,ETHUSDT,9.562189140000000000000000,-9.647650000000000000000000000,-0.0262228778036063960,0E-9,0,0E-26,0E-24,9.562189140000000000000000,0E-24,-9.647650000000000000000000000,-0.111683737803606396000000000,BASE_E3,permanent,run_dfea4b7ac1475668d5968c97,168
1758499199999999999,2025-09-21,BTCUSDT,-12.812474256000000000000000,12.1390042500000000000000000,0.0340418109831024930,0E-10,0,0E-26,0E-24,-12.812474256000000000000000,0E-24,12.1390042500000000000000000,-0.6394281950168975070000000,BASE_E3,permanent,run_dfea4b7ac1475668d5968c97,168
1758499199999999999,2025-09-21,ETHUSDT,-24.988873590000000000000000,24.703950000000000000000000000,0.1931455968836159890,0E-9,0,0E-26,0E-24,-24.988873590000000000000000,0E-24,24.703950000000000000000000000,-0.091777993116384011000000000,BASE_E3,permanent,run_dfea4b7ac1475668d5968c97,168
1758585599999999999,2025-09-22,BTCUSDT,-77.761858368000000000000000,77.5770000000000000000000000,0.4527850235918982570,0E-10,0,0E-26,0E-24,-77.761858368000000000000000,0E-24,77.5770000000000000000000000,0.2679266555918982570000000,BASE_E3,permanent,run_dfea4b7ac1475668d5968c97,168
1758585599999999999,2025-09-22,ETHUSDT,-195.671594520000000000000000,195.570914146800000000000000000,-0.0719713395535000000,0E-9,0,0E-26,0E-24,-195.671594520000000000000000,0E-24,195.570914146800000000000000000,-0.172651712753500000000000000,BASE_E3,permanent,run_dfea4b7ac1475668d5968c97,168
1758671999999999999,2025-09-23,BTCUSDT,-20.317875120000000000000000,20.8560000000000000000000000,0.7319011148598212100,0E-10,0,0E-26,0E-24,-20.317875120000000000000000,0E-24,20.8560000000000000000000000,1.2700259948598212100000000,BASE_E3,permanent,run_dfea4b7ac1475668d5968c97,168
1758671999999999999,2025-09-23,ETHUSDT,-27.399047700000000000000000,27.628135853200000000000000000,0.1064052936960482855,0E-9,0,0E-26,0E-24,-27.399047700000000000000000,0E-24,27.628135853200000000000000000,0.335493446896048285500000000,BASE_E3,permanent,run_dfea4b7ac1475668d5968c97,168
1758758399999999999,2025-09-24,BTCUSDT,38.930741136000000000000000,-39.1350000000000000000000000,0.5722568796900000000,0E-10,0,0E-26,0E-24,38.930741136000000000000000,0E-24,-39.1350000000000000000000000,0.3679980156900000000000000,BASE_E3,permanent,run_dfea4b7ac1475668d5968c97,168
1758758399999999999,2025-09-24,ETHUSDT,-9.822700590000000000000000,9.797744047799999999999999693,-0.0628453829695000000,-0.287281040,0,0.03903368345202943533638220,0E-24,-9.822700590000000000000000,0E-24,9.797744047799999999999999693,-0.375082965169500000000000307,BASE_E3,permanent,run_dfea4b7ac1475668d5968c97,168
1758844799999999999,2025-09-25,BTCUSDT,-128.656470144000000000000000,128.7563286957000000000000000,0.3704177771240414100,0E-10,0,0E-26,0E-24,-128.656470144000000000000000,0E-24,128.7563286957000000000000000,0.4702763288240414100000000,BASE_E3,permanent,run_dfea4b7ac1475668d5968c97,168
1758844799999999999,2025-09-25,ETHUSDT,-237.025520940000000000000000,236.399929625910000000000000000,-0.2342530549627166562,0E-9,0,0E-26,0E-24,-237.025520940000000000000000,0E-24,236.399929625910000000000000000,-0.859844369052716656200000000,BASE_E3,permanent,run_dfea4b7ac1475668d5968c97,168
1758931199999999999,2025-09-26,BTCUSDT,19.505280144000000000000000,-19.6862267391000000000000000,0.4979068383758316150,0E-10,0,0E-26,0E-24,19.505280144000000000000000,0E-24,-19.6862267391000000000000000,0.3169602432758316150000000,BASE_E3,permanent,run_dfea4b7ac1475668d5968c97,168
1758931199999999999,2025-09-26,ETHUSDT,136.570977180000000000000000,-136.225533673710000000000000000,0.5501767342834700175,0E-9,0,0E-26,0E-24,136.570977180000000000000000,0E-24,-136.225533673710000000000000000,0.895620240573470017500000000,BASE_E3,permanent,run_dfea4b7ac1475668d5968c97,168
1759017599999999999,2025-09-27,BTCUSDT,-0.424601880000000000000000,0.7257402174000000000000000,0.3685974847682759280,0E-10,0,0E-26,0E-24,-0.424601880000000000000000,0E-24,0.7257402174000000000000000,0.6697358221682759280000000,BASE_E3,permanent,run_dfea4b7ac1475668d5968c97,168
1759017599999999999,2025-09-27,ETHUSDT,-12.365681760000000000000000,12.335364000000000000000000000,0.4260139756687912848,0E-9,0,0E-26,0E-24,-12.365681760000000000000000,0E-24,12.335364000000000000000000000,0.395696215668791284800000000,BASE_E3,permanent,run_dfea4b7ac1475668d5968c97,168
1759103999999999999,2025-09-28,BTCUSDT,74.453864640000000000000000,-74.6972078262000000000000000,0.4459534190265476820,0E-10,0,0E-26,0E-24,74.453864640000000000000000,0E-24,-74.6972078262000000000000000,0.2026102328265476820000000,BASE_E3,permanent,run_dfea4b7ac1475668d5968c97,168
1759103999999999999,2025-09-28,ETHUSDT,103.122140430000000000000000,-102.872814000000000000000000000,0.6811714556397844200,0E-9,0,0E-26,0E-24,103.122140430000000000000000,0E-24,-102.872814000000000000000000000,0.930497885639784420000000000,BASE_E3,permanent,run_dfea4b7ac1475668d5968c97,168
1759190399999999999,2025-09-29,BTCUSDT,67.394970912000000000000000,-67.3366343478000000000000000,0.1226001366767304000,0E-10,0,0E-26,0E-24,67.394970912000000000000000,0E-24,-67.3366343478000000000000000,0.1809367008767304000000000,BASE_E3,permanent,run_dfea4b7ac1475668d5968c97,168
1759190399999999999,2025-09-29,ETHUSDT,60.565247760000000000000000,-60.687930000000000000000000000,0.1312324059494890836,0E-9,0,0E-26,0E-24,60.565247760000000000000000,0E-24,-60.687930000000000000000000000,0.008550165949489083600000000,BASE_E3,permanent,run_dfea4b7ac1475668d5968c97,168
1759276799999999999,2025-09-30,BTCUSDT,-9.424361304000000000000000,9.8083832610000000000000000,0.3692414513272500000,0E-10,0,0E-26,0E-24,-9.424361304000000000000000,0E-24,9.8083832610000000000000000,0.7532634083272500000000000,BASE_E3,permanent,run_dfea4b7ac1475668d5968c97,168
1759276799999999999,2025-09-30,ETHUSDT,-56.933659770000000000000000,57.206040000000000000000000000,0.0028131543445793544,0E-9,0,0E-26,0E-24,-56.933659770000000000000000,0E-24,57.206040000000000000000000000,0.275193384344579354400000000,BASE_E3,permanent,run_dfea4b7ac1475668d5968c97,168
1759363199999999999,2025-10-01,BTCUSDT,136.888945464000000000000000,-138.3939954348000000000000000,0.5855671120221343230,0E-10,0,0E-26,0E-24,136.888945464000000000000000,0E-24,-138.3939954348000000000000000,-0.9194828587778656770000000,BASE_E3,permanent,run_dfea4b7ac1475668d5968c97,168
1759363199999999999,2025-10-01,ETHUSDT,169.936711230000000000000000,-170.287637461380000000000000000,0.0076179683436815118,0E-9,0,0E-26,0E-24,169.936711230000000000000000,0E-24,-170.287637461380000000000000000,-0.343308263036318488200000000,BASE_E3,permanent,run_dfea4b7ac1475668d5968c97,168
1759449599999999999,2025-10-02,BTCUSDT,58.318993200000000000000000,-57.4226693478000000000000000,0.9753725320448630610,0E-10,0,0E-26,0E-24,58.318993200000000000000000,0E-24,-57.4226693478000000000000000,1.8716963842448630610000000,BASE_E3,permanent,run_dfea4b7ac1475668d5968c97,168
1759449599999999999,2025-10-02,ETHUSDT,111.216343410000000000000000,-110.547382445790000000000000000,0.3015431798667650265,0E-9,0,0E-26,0E-24,111.216343410000000000000000,0E-24,-110.547382445790000000000000000,0.970504144076765026500000000,BASE_E3,permanent,run_dfea4b7ac1475668d5968c97,168
1759535999999999999,2025-10-03,BTCUSDT,49.564992744000000000000000,-49.4437184784000000000000000,1.0843519853274000000,0E-10,0,0E-26,0E-24,49.564992744000000000000000,0E-24,-49.4437184784000000000000000,1.2056262509274000000000000,BASE_E3,permanent,run_dfea4b7ac1475668d5968c97,168
1759535999999999999,2025-10-03,ETHUSDT,22.861552770000000000000000,-23.651690092830000000000000000,0.5536141275876000000,0E-9,0,0E-26,0E-24,22.861552770000000000000000,0E-24,-23.651690092830000000000000000,-0.236523195242400000000000000,BASE_E3,permanent,run_dfea4b7ac1475668d5968c97,168
1759622399999999999,2025-10-04,BTCUSDT,5.218852224000000000000000,-5.0051439129000000000000000,1.0369419719817402480,0E-10,0,0E-26,0E-24,5.218852224000000000000000,0E-24,-5.0051439129000000000000000,1.2506502830817402480000000,BASE_E3,permanent,run_dfea4b7ac1475668d5968c97,168
1759622399999999999,2025-10-04,ETHUSDT,-19.994509620000000000000000,20.276400000000000000000000000,0.4134753997980000000,0E-9,0,0E-26,0E-24,-19.994509620000000000000000,0E-24,20.276400000000000000000000000,0.695365779798000000000000000,BASE_E3,permanent,run_dfea4b7ac1475668d5968c97,168
1759708799999999999,2025-10-05,BTCUSDT,32.828777016000000000000000,-32.6838560871000000000000000,1.0437612574800000000,0E-10,0,0E-26,0E-24,32.828777016000000000000000,0E-24,-32.6838560871000000000000000,1.1886821863800000000000000,BASE_E3,permanent,run_dfea4b7ac1475668d5968c97,168
1759708799999999999,2025-10-05,ETHUSDT,22.063766850000000000000000,-21.896850000000000000000000000,0.9628974313486156050,0E-9,0,0E-26,0E-24,22.063766850000000000000000,0E-24,-21.896850000000000000000000000,1.129814281348615605000000000,BASE_E3,permanent,run_dfea4b7ac1475668d5968c97,168
1759795199999999999,2025-10-06,BTCUSDT,36.905555208000000000000000,-37.4047858695000000000000000,0.8618712637533252840,0E-10,0,0E-26,0E-24,36.905555208000000000000000,0E-24,-37.4047858695000000000000000,0.3626406022533252840000000,BASE_E3,permanent,run_dfea4b7ac1475668d5968c97,168
1759795199999999999,2025-10-06,ETHUSDT,142.205340240000000000000000,-142.444225545030000000000000000,1.0607660844518253360,0E-9,0,0E-26,0E-24,142.205340240000000000000000,0E-24,-142.444225545030000000000000000,0.821880779421825336000000000,BASE_E3,permanent,run_dfea4b7ac1475668d5968c97,168
1759881599999999999,2025-10-07,BTCUSDT,-99.804247272000000000000000,99.9419352174000000000000000,0.9194882367824649060,0E-10,0,0E-26,0E-24,-99.804247272000000000000000,0E-24,99.9419352174000000000000000,1.0571761821824649060000000,BASE_E3,permanent,run_dfea4b7ac1475668d5968c97,168
1759881599999999999,2025-10-07,ETHUSDT,-196.363369830000000000000000,196.100684478870000000000000000,1.1525690281535850000,0E-9,0,0E-26,0E-24,-196.363369830000000000000000,0E-24,196.100684478870000000000000000,0.889883677023585000000000000,BASE_E3,permanent,run_dfea4b7ac1475668d5968c97,168
1759967999999999999,2025-10-08,BTCUSDT,57.857182392000000000000000,-57.1701493479000000000000000,0.6548815420953855360,0E-10,0,0E-26,0E-24,57.857182392000000000000000,0E-24,-57.1701493479000000000000000,1.3419145861953855360000000,BASE_E3,permanent,run_dfea4b7ac1475668d5968c97,168
1759967999999999999,2025-10-08,ETHUSDT,59.082461719999999999999999,-58.452878933840000000000000496,0.3167458065162674484,-0.346363420,0,0.04650949862504162219309044,-7.927368194931783699032994,67.009829914931783699032993,8.274526175745619332644415,-66.727405109585619332644415496,0.599965172676267448399998504,BASE_E3,permanent,run_dfea4b7ac1475668d5968c97,168
1760054399999999999,2025-10-09,BTCUSDT,-50.249234704000000000000000,50.2115483479600000000000000,0.2981088107238150930,-0.3640216600,0,0.04859347443944900580752900,45.676730127657819197960706,-95.925964831657819197960706,-45.589102990196078431372549,95.8006513381560784313725490,-0.1035992053161849070000000,BASE_E3,permanent,run_dfea4b7ac1475668d5968c97,168
1760054399999999999,2025-10-09,ETHUSDT,-123.475779500000000000000000,123.222220000000000000000000000,0.3127937423154114024,0E-9,0,0E-26,0E-24,-123.475779500000000000000000,0E-24,123.222220000000000000000000000,0.059234242315411402400000000,BASE_E3,permanent,run_dfea4b7ac1475668d5968c97,168
1760140799999999999,2025-10-10,BTCUSDT,-242.855472496000000000000000,241.5252675651200000000000000,0.1917550811507891000,0E-10,0,0E-26,0E-24,-242.855472496000000000000000,0E-24,241.5252675651200000000000000,-1.1384498497292109000000000,BASE_E3,permanent,run_dfea4b7ac1475668d5968c97,168
1760140799999999999,2025-10-10,ETHUSDT,-417.480569300000000000000000,421.423420000000000000000000000,0.0073506089232991633,0E-9,0,0E-26,0E-24,-417.480569300000000000000000,0E-24,421.423420000000000000000000000,3.950201308923299163300000000,BASE_E3,permanent,run_dfea4b7ac1475668d5968c97,168
1760227199999999999,2025-10-11,BTCUSDT,-64.545113048000000000000000,65.5601209564000000000000000,0.6391481032135640000,0E-10,0,0E-26,0E-24,-64.545113048000000000000000,0E-24,65.5601209564000000000000000,1.6541560116135640000000000,BASE_E3,permanent,run_dfea4b7ac1475668d5968c97,168
1760227199999999999,2025-10-11,ETHUSDT,-65.391526380000000000000000,61.517436761260000000000000000,-0.0908203738819402906,0E-9,0,0E-26,0E-24,-65.391526380000000000000000,0E-24,61.517436761260000000000000000,-3.964909992621940290600000000,BASE_E3,permanent,run_dfea4b7ac1475668d5968c97,168
1760313599999999999,2025-10-12,BTCUSDT,121.119937120000000000000000,-121.0543368694800000000000000,-0.3508988500259236120,0E-10,0,0E-26,0E-24,121.119937120000000000000000,0E-24,-121.0543368694800000000000000,-0.2852985995059236120000000,BASE_E3,permanent,run_dfea4b7ac1475668d5968c97,168
1760313599999999999,2025-10-12,ETHUSDT,321.153880750000000000000000,-321.573146354870000000000000000,-0.3215235913200653733,0E-9,0,0E-26,0E-24,321.153880750000000000000000,0E-24,-321.573146354870000000000000000,-0.740789196190065373300000000,BASE_E3,permanent,run_dfea4b7ac1475668d5968c97,168
1760399999999999999,2025-10-13,BTCUSDT,4.203600648000000000000000,-4.4285011013600000000000000,-0.1192068848880000000,0E-10,0,0E-26,0E-24,4.203600648000000000000000,0E-24,-4.4285011013600000000000000,-0.3441073382480000000000000,BASE_E3,permanent,run_dfea4b7ac1475668d5968c97,168
1760399999999999999,2025-10-13,ETHUSDT,63.553022660000000000000000,-63.791746525930000000000000000,0.2547046033544202795,0E-9,0,0E-26,0E-24,63.553022660000000000000000,0E-24,-63.791746525930000000000000000,0.015980737424420279500000000,BASE_E3,permanent,run_dfea4b7ac1475668d5968c97,168
1760486399999999999,2025-10-14,BTCUSDT,-58.728297680000000000000000,58.5357011013600000000000000,-0.2500696677129975800,0E-10,0,0E-26,0E-24,-58.728297680000000000000000,0E-24,58.5357011013600000000000000,-0.4426662463529975800000000,BASE_E3,permanent,run_dfea4b7ac1475668d5968c97,168
1760486399999999999,2025-10-14,ETHUSDT,-91.418818450000000000000000,91.767776119540000000000000000,0.2816108696930253379,0E-9,0,0E-26,0E-24,-91.418818450000000000000000,0E-24,91.767776119540000000000000000,0.630568539233025337900000000,BASE_E3,permanent,run_dfea4b7ac1475668d5968c97,168
1760572799999999999,2025-10-15,BTCUSDT,-64.624653496000000000000000,64.8200000000000000000000000,-0.0394675748422535356,0E-10,0,0E-26,0E-24,-64.624653496000000000000000,0E-24,64.8200000000000000000000000,0.1558789291577464644000000,BASE_E3,permanent,run_dfea4b7ac1475668d5968c97,168
1760572799999999999,2025-10-15,ETHUSDT,-106.768343628000000000000000,105.734190000000000000000000074,0.2597780355175920826,-0.537589452,0,0.07278381054301868360901526,0E-24,-106.768343628000000000000000,0E-24,105.734190000000000000000000074,-1.311965044482407917399999926,BASE_E3,permanent,run_dfea4b7ac1475668d5968c97,168
1760659199999999999,2025-10-16,BTCUSDT,-73.363859032000000000000000,74.24069999999999999999999995,-0.2452299976241576160,-0.4874013600,0,0.06522541599539564606144640,0E-24,-73.363859032000000000000000,0E-24,74.24069999999999999999999995,0.14420961037584238399999995,BASE_E3,permanent,run_dfea4b7ac1475668d5968c97,168
1760659199999999999,2025-10-16,ETHUSDT,-80.507578416000000000000000,81.016870000000000000000000000,0.0303171293888886247,0E-9,0,0E-26,0E-24,-80.507578416000000000000000,0E-24,81.016870000000000000000000000,0.539608713388888624700000000,BASE_E3,permanent,run_dfea4b7ac1475668d5968c97,168
1760745599999999999,2025-10-17,BTCUSDT,-52.396477916000000000000000,51.88928283323000000000000000,-0.0399351042477940583,0E-10,0,0E-26,0E-24,-52.396477916000000000000000,0E-24,51.88928283323000000000000000,-0.54713018701779405830000000,BASE_E3,permanent,run_dfea4b7ac1475668d5968c97,168
1760745599999999999,2025-10-17,ETHUSDT,-53.063393114000000000000000,51.974890000000000000000000000,0.3949035476562512787,0E-9,0,0E-26,0E-24,-53.063393114000000000000000,0E-24,51.974890000000000000000000000,-0.693599566343748721300000000,BASE_E3,permanent,run_dfea4b7ac1475668d5968c97,168
1760831999999999999,2025-10-18,BTCUSDT,23.253460042000000000000000,-23.10871413030000000000000000,-0.4916851940391344727,0E-10,0,0E-26,0E-24,23.253460042000000000000000,0E-24,-23.10871413030000000000000000,-0.34693928233913447270000000,BASE_E3,permanent,run_dfea4b7ac1475668d5968c97,168
1760831999999999999,2025-10-18,ETHUSDT,49.874027691000000000000000,-49.280990000000000000000000000,0.3034062439895576540,0E-9,0,0E-26,0E-24,49.874027691000000000000000,0E-24,-49.280990000000000000000000000,0.896443934989557654000000000,BASE_E3,permanent,run_dfea4b7ac1475668d5968c97,168
1760918399999999999,2025-10-19,BTCUSDT,44.153701304000000000000000,-44.13632727525000000000000000,0.0968581777517190260,0E-10,0,0E-26,0E-24,44.153701304000000000000000,0E-24,-44.13632727525000000000000000,0.11423220650171902600000000,BASE_E3,permanent,run_dfea4b7ac1475668d5968c97,168
1760918399999999999,2025-10-19,ETHUSDT,81.072452401000000000000000,-81.216740000000000000000000000,0.4031649270451000000,0E-9,0,0E-26,0E-24,81.072452401000000000000000,0E-24,-81.216740000000000000000000000,0.258877328045100000000000000,BASE_E3,permanent,run_dfea4b7ac1475668d5968c97,168
1761004799999999999,2025-10-20,BTCUSDT,59.154773432000000000000000,-58.92644142768000000000000000,-0.0974901315371365980,0E-10,0,0E-26,0E-24,59.154773432000000000000000,0E-24,-58.92644142768000000000000000,0.13084187278286340200000000,BASE_E3,permanent,run_dfea4b7ac1475668d5968c97,168
1761004799999999999,2025-10-20,ETHUSDT,-3.137223209000000000000000,3.361696189280000000000000000,0.4851798409041742400,0E-9,0,0E-26,0E-24,-3.137223209000000000000000,0E-24,3.361696189280000000000000000,0.709652821184174240000000000,BASE_E3,permanent,run_dfea4b7ac1475668d5968c97,168
1761091199999999999,2025-10-21,BTCUSDT,-65.670926146000000000000000,65.10327611596000000000000000,-0.2042866429363759486,0E-10,0,0E-26,0E-24,-65.670926146000000000000000,0E-24,65.10327611596000000000000000,-0.77193667297637594860000000,BASE_E3,permanent,run_dfea4b7ac1475668d5968c97,168
1761091199999999999,2025-10-21,ETHUSDT,-90.371147231000000000000000,90.267341317560000000000000000,0.3974874262518135713,0E-9,0,0E-26,0E-24,-90.371147231000000000000000,0E-24,90.267341317560000000000000000,0.293681512811813571300000000,BASE_E3,permanent,run_dfea4b7ac1475668d5968c97,168
1761177599999999999,2025-10-22,BTCUSDT,-24.610203834000000000000000,24.55471834071000000000000000,0.1322871981648338887,0E-10,0,0E-26,0E-24,-24.610203834000000000000000,0E-24,24.55471834071000000000000000,0.07680170487483388870000000,BASE_E3,permanent,run_dfea4b7ac1475668d5968c97,168
1761177599999999999,2025-10-22,ETHUSDT,-60.380683812000000000000000,60.583702493160000000000000000,0.0696774654685057344,0E-9,0,0E-26,0E-24,-60.380683812000000000000000,0E-24,60.583702493160000000000000000,0.272696146628505734400000000,BASE_E3,permanent,run_dfea4b7ac1475668d5968c97,168
1761263999999999999,2025-10-23,BTCUSDT,74.791431660000000000000000,-74.83999445667000000000000000,0.5214898743107579190,0E-10,0,0E-26,0E-24,74.791431660000000000000000,0E-24,-74.83999445667000000000000000,0.47292707764075791900000000,BASE_E3,permanent,run_dfea4b7ac1475668d5968c97,168
1761263999999999999,2025-10-23,ETHUSDT,41.566034927000000000000000,-41.946630000000000000000000000,0.3327752566703753364,0E-9,0,0E-26,0E-24,41.566034927000000000000000,0E-24,-41.946630000000000000000000000,-0.047819816329624663600000000,BASE_E3,permanent,run_dfea4b7ac1475668d5968c97,168
1761350399999999999,2025-10-24,BTCUSDT,30.149104164000000000000000,-30.18666108697000000000000000,0.2869759089800288454,0E-10,0,0E-26,0E-24,30.149104164000000000000000,0E-24,-30.18666108697000000000000000,0.24941898601002884540000000,BASE_E3,permanent,run_dfea4b7ac1475668d5968c97,168
1761350399999999999,2025-10-24,ETHUSDT,69.774972701000000000000000,-69.747091929020000000000000000,0.4566728618385645800,0E-9,0,0E-26,0E-24,69.774972701000000000000000,0E-24,-69.747091929020000000000000000,0.484553633818564580000000000,BASE_E3,permanent,run_dfea4b7ac1475668d5968c97,168
1761436799999999999,2025-10-25,BTCUSDT,18.888688766000000000000000,-18.40583891303000000000000000,0.4162064237825061750,0E-10,0,0E-26,0E-24,18.888688766000000000000000,0E-24,-18.40583891303000000000000000,0.89905627675250617500000000,BASE_E3,permanent,run_dfea4b7ac1475668d5968c97,168
1761436799999999999,2025-10-25,ETHUSDT,16.424797410000000000000000,-16.300782834380000000000000000,0.3156781933048700000,0E-9,0,0E-26,0E-24,16.424797410000000000000000,0E-24,-16.300782834380000000000000000,0.439692768924870000000000000,BASE_E3,permanent,run_dfea4b7ac1475668d5968c97,168
1761523199999999999,2025-10-26,BTCUSDT,90.032166254000000000000000,-90.16350000000000000000000000,0.3275955394476760618,0E-10,0,0E-26,0E-24,90.032166254000000000000000,0E-24,-90.16350000000000000000000000,0.19626179344767606180000000,BASE_E3,permanent,run_dfea4b7ac1475668d5968c97,168
1761523199999999999,2025-10-26,ETHUSDT,177.648523098000000000000000,-178.206335236600000000000000000,0.7688004306940760000,0E-9,0,0E-26,0E-24,177.648523098000000000000000,0E-24,-178.206335236600000000000000000,0.210988292094076000000000000,BASE_E3,permanent,run_dfea4b7ac1475668d5968c97,168
1761609599999999999,2025-10-27,BTCUSDT,-11.911193556000000000000000,11.84730279707000000000000000,0.9732811939915960000,0E-10,0,0E-26,0E-24,-11.911193556000000000000000,0E-24,11.84730279707000000000000000,0.90939043506159600000000000,BASE_E3,permanent,run_dfea4b7ac1475668d5968c97,168
1761609599999999999,2025-10-27,ETHUSDT,-32.241268990000000000000000,33.080593506840000000000000000,1.0099681592230670000,0E-9,0,0E-26,0E-24,-32.241268990000000000000000,0E-24,33.080593506840000000000000000,1.849292676063067000000000000,BASE_E3,permanent,run_dfea4b7ac1475668d5968c97,168
1761695999999999999,2025-10-28,BTCUSDT,-38.025101090000000000000000,38.12779720293000000000000000,0.5967063747773004060,0E-10,0,0E-26,0E-24,-38.025101090000000000000000,0E-24,38.12779720293000000000000000,0.69940248770730040600000000,BASE_E3,permanent,run_dfea4b7ac1475668d5968c97,168
1761695999999999999,2025-10-28,ETHUSDT,-121.873734856000000000000000,121.453676493160000000000000000,0.3698421515188641065,0E-9,0,0E-26,0E-24,-121.873734856000000000000000,0E-24,121.453676493160000000000000000,-0.050216211321135893500000000,BASE_E3,permanent,run_dfea4b7ac1475668d5968c97,168
1761782399999999999,2025-10-29,BTCUSDT,-89.470370150000000000000000,89.12500000000000000000000000,0.2980053318181669824,0E-10,0,0E-26,0E-24,-89.470370150000000000000000,0E-24,89.12500000000000000000000000,-0.04736481818183301760000000,BASE_E3,permanent,run_dfea4b7ac1475668d5968c97,168
1761782399999999999,2025-10-29,ETHUSDT,-68.245467757000000000000000,68.373155777080000000000000000,-0.0791680373973980535,0E-9,0,0E-26,0E-24,-68.245467757000000000000000,0E-24,68.373155777080000000000000000,0.048519982682601946500000000,BASE_E3,permanent,run_dfea4b7ac1475668d5968c97,168
1761868799999999999,2025-10-30,BTCUSDT,-52.885724192000000000000000,52.98210000000000000000000000,0.2753163689773551852,0E-10,0,0E-26,0E-24,-52.885724192000000000000000,0E-24,52.98210000000000000000000000,0.37169217697735518520000000,BASE_E3,permanent,run_dfea4b7ac1475668d5968c97,168
1761868799999999999,2025-10-30,ETHUSDT,-83.192902437000000000000000,83.330814905360000000000000000,-0.4012257985088844436,0E-9,0,0E-26,0E-24,-83.192902437000000000000000,0E-24,83.330814905360000000000000000,-0.263313330148884443600000000,BASE_E3,permanent,run_dfea4b7ac1475668d5968c97,168
1761955199999999999,2025-10-31,BTCUSDT,40.149508874000000000000000,-40.10250169576000000000000000,0.6878273632173130000,0E-10,0,0E-26,0E-24,40.149508874000000000000000,0E-24,-40.10250169576000000000000000,0.73483454145731300000000000,BASE_E3,permanent,run_dfea4b7ac1475668d5968c97,168
1761955199999999999,2025-10-31,ETHUSDT,36.760260870000000000000000,-36.828159369870000000000000000,0.3221509552693437280,0E-9,0,0E-26,0E-24,36.760260870000000000000000,0E-24,-36.828159369870000000000000000,0.254252455399343728000000000,BASE_E3,permanent,run_dfea4b7ac1475668d5968c97,168
1762041599999999999,2025-11-01,BTCUSDT,16.262633026000000000000000,-16.19969830424000000000000000,1.0150664507980000000,0E-10,0,0E-26,0E-24,16.262633026000000000000000,0E-24,-16.19969830424000000000000000,1.07800117255800000000000000,BASE_E3,permanent,run_dfea4b7ac1475668d5968c97,168
1762041599999999999,2025-11-01,ETHUSDT,23.881134012000000000000000,-23.871099919040000000000000000,0.7997794420013200000,0E-9,0,0E-26,0E-24,23.881134012000000000000000,0E-24,-23.871099919040000000000000000,0.809813534961320000000000000,BASE_E3,permanent,run_dfea4b7ac1475668d5968c97,168
1762127999999999999,2025-11-02,BTCUSDT,14.798924744000000000000000,-14.48630000000000000000000000,0.7520740893271585700,0E-10,0,0E-26,0E-24,14.798924744000000000000000,0E-24,-14.48630000000000000000000000,1.06469883332715857000000000,BASE_E3,permanent,run_dfea4b7ac1475668d5968c97,168
1762127999999999999,2025-11-02,ETHUSDT,29.625467921000000000000000,-29.896631393530000000000000000,0.6486353785825380258,0E-9,0,0E-26,0E-24,29.625467921000000000000000,0E-24,-29.896631393530000000000000000,0.377471906052538025800000000,BASE_E3,permanent,run_dfea4b7ac1475668d5968c97,168
1762214399999999999,2025-11-03,BTCUSDT,-125.489809542000000000000000,125.02920000000000000000000000,0.6117593145467245836,0E-10,0,0E-26,0E-24,-125.489809542000000000000000,0E-24,125.02920000000000000000000000,0.15114977254672458360000000,BASE_E3,permanent,run_dfea4b7ac1475668d5968c97,168
1762214399999999999,2025-11-03,ETHUSDT,-266.872541621000000000000000,266.784488753420000000000000000,0.3961787168395818432,0E-9,0,0E-26,0E-24,-266.872541621000000000000000,0E-24,266.784488753420000000000000000,0.308125849259581843200000000,BASE_E3,permanent,run_dfea4b7ac1475668d5968c97,168
1762300799999999999,2025-11-04,BTCUSDT,-155.324531118000000000000000,155.12541963260000000000000000,0.7210527522474497408,0E-10,0,0E-26,0E-24,-155.324531118000000000000000,0E-24,155.12541963260000000000000000,0.52194126684744974080000000,BASE_E3,permanent,run_dfea4b7ac1475668d5968c97,168
1762300799999999999,2025-11-04,ETHUSDT,-269.505723428000000000000000,268.908655303640000000000000000,0.6682133491143172876,0E-9,0,0E-26,0E-24,-269.505723428000000000000000,0E-24,268.908655303640000000000000000,0.071145224754317287600000000,BASE_E3,permanent,run_dfea4b7ac1475668d5968c97,168
1762387199999999999,2025-11-05,BTCUSDT,72.693067404000000000000000,-72.28721963260000000000000000,0.4042365148250000000,0E-10,0,0E-26,0E-24,72.693067404000000000000000,0E-24,-72.28721963260000000000000000,0.81008428622500000000000000,BASE_E3,permanent,run_dfea4b7ac1475668d5968c97,168
1762387199999999999,2025-11-05,ETHUSDT,119.059453071000000000000000,-118.204281860580000000000000080,0.1804979973204695408,-0.780320575,0,0.10549672277192083357400819,0E-24,119.059453071000000000000000,0E-24,-118.204281860580000000000000080,0.255348632740469540799999920,BASE_E3,permanent,run_dfea4b7ac1475668d5968c97,168
1762473599999999999,2025-11-06,BTCUSDT,-80.417926616000000000000000,80.21529999999999999999999997,0.5234838301253941016,-0.1531731200,0,0.02044348976736313523945410,0E-24,-80.417926616000000000000000,0E-24,80.21529999999999999999999997,0.16768409412539410159999997,BASE_E3,permanent,run_dfea4b7ac1475668d5968c97,168
1762473599999999999,2025-11-06,ETHUSDT,-113.410407352000000000000000,113.516217803520000000000000000,0.3466780553092542420,0E-9,0,0E-26,0E-24,-113.410407352000000000000000,0E-24,113.516217803520000000000000000,0.452488506829254242000000000,BASE_E3,permanent,run_dfea4b7ac1475668d5968c97,168
1762559999999999999,2025-11-07,BTCUSDT,65.812660608000000000000000,-65.72160000000000000000000000,0.5687521269440000000,0E-10,0,0E-26,0E-24,65.812660608000000000000000,0E-24,-65.72160000000000000000000000,0.65981273494400000000000000,BASE_E3,permanent,run_dfea4b7ac1475668d5968c97,168
1762559999999999999,2025-11-07,ETHUSDT,125.419890827000000000000000,-125.428713177740000000000000000,0.6996534979631128568,0E-9,0,0E-26,0E-24,125.419890827000000000000000,0E-24,-125.428713177740000000000000000,0.690831147223112856800000000,BASE_E3,permanent,run_dfea4b7ac1475668d5968c97,168
1762646399999999999,2025-11-08,BTCUSDT,-34.363756032000000000000000,34.43200000000000000000000000,0.4785055766303243840,0E-10,0,0E-26,0E-24,-34.363756032000000000000000,0E-24,34.43200000000000000000000000,0.54674954463032438400000000,BASE_E3,permanent,run_dfea4b7ac1475668d5968c97,168
1762646399999999999,2025-11-08,ETHUSDT,-36.335075535000000000000000,36.821313177740000000000000000,0.7912524164848313164,0E-9,0,0E-26,0E-24,-36.335075535000000000000000,0E-24,36.821313177740000000000000000,1.277490059224831316400000000,BASE_E3,permanent,run_dfea4b7ac1475668d5968c97,168
1762732799999999999,2025-11-09,BTCUSDT,77.444543680000000000000000,-76.68184069568000000000000000,0.3798379767497411072,0E-10,0,0E-26,0E-24,77.444543680000000000000000,0E-24,-76.68184069568000000000000000,1.14254096106974110720000000,BASE_E3,permanent,run_dfea4b7ac1475668d5968c97,168
1762732799999999999,2025-11-09,ETHUSDT,188.104284148000000000000000,-186.259500000000000000000000000,0.4409294823811644116,0E-9,0,0E-26,0E-24,188.104284148000000000000000,0E-24,-186.259500000000000000000000000,2.285713630381164411600000000,BASE_E3,permanent,run_dfea4b7ac1475668d5968c97,168
1762819199999999999,2025-11-10,BTCUSDT,41.126352224000000000000000,-41.66055930432000000000000000,0.7148945045108091968,0E-10,0,0E-26,0E-24,41.126352224000000000000000,0E-24,-41.66055930432000000000000000,0.18068742419080919680000000,BASE_E3,permanent,run_dfea4b7ac1475668d5968c97,168
1762819199999999999,2025-11-10,ETHUSDT,-14.901980346000000000000000,12.972372758660000000000000000,0.7511628612371953482,0E-9,0,0E-26,0E-24,-14.901980346000000000000000,0E-24,12.972372758660000000000000000,-1.178444726102804651800000000,BASE_E3,permanent,run_dfea4b7ac1475668d5968c97,168
1762905599999999999,2025-11-11,BTCUSDT,-95.396418688000000000000000,95.30240000000000000000000000,0.1952602022289809344,0E-10,0,0E-26,0E-24,-95.396418688000000000000000,0E-24,95.30240000000000000000000000,0.10124151422898093440000000,BASE_E3,permanent,run_dfea4b7ac1475668d5968c97,168
1762905599999999999,2025-11-11,ETHUSDT,-156.879627113000000000000000,156.710287241340000000000000000,0.1159097081184000000,0E-9,0,0E-26,0E-24,-156.879627113000000000000000,0E-24,156.710287241340000000000000000,-0.053430163541600000000000000,BASE_E3,permanent,run_dfea4b7ac1475668d5968c97,168
1762991999999999999,2025-11-12,BTCUSDT,-43.581957760000000000000000,43.52000000000000000000000000,0.2929580612169371136,0E-10,0,0E-26,0E-24,-43.581957760000000000000000,0E-24,43.52000000000000000000000000,0.23100030121693711360000000,BASE_E3,permanent,run_dfea4b7ac1475668d5968c97,168
1762991999999999999,2025-11-12,ETHUSDT,-2.074829911000000000000000,1.982680000000000000000000000,0.2349121155746968960,0E-9,0,0E-26,0E-24,-2.074829911000000000000000,0E-24,1.982680000000000000000000000,0.142762204574696896000000000,BASE_E3,permanent,run_dfea4b7ac1475668d5968c97,168
1763078399999999999,2025-11-13,BTCUSDT,-61.619281312000000000000000,60.86500637696000000000000000,0.5860884078962169856,0E-10,0,0E-26,0E-24,-61.619281312000000000000000,0E-24,60.86500637696000000000000000,-0.16818652714378301440000000,BASE_E3,permanent,run_dfea4b7ac1475668d5968c97,168
1763078399999999999,2025-11-13,ETHUSDT,-184.516770361000000000000000,184.522456514480000000000000000,0.6849648721842658858,0E-9,0,0E-26,0E-24,-184.516770361000000000000000,0E-24,184.522456514480000000000000000,0.690651025664265885800000000,BASE_E3,permanent,run_dfea4b7ac1475668d5968c97,168
1763164799999999999,2025-11-14,BTCUSDT,-166.220780416000000000000000,168.81092591296000000000000000,0.8379188023077142144,0E-10,0,0E-26,0E-24,-166.220780416000000000000000,0E-24,168.81092591296000000000000000,3.42806429926771421440000000,BASE_E3,permanent,run_dfea4b7ac1475668d5968c97,168
1763164799999999999,2025-11-14,ETHUSDT,-127.290303998000000000000000,128.993227342420000000000000000,0.3648099748776130634,0E-9,0,0E-26,0E-24,-127.290303998000000000000000,0E-24,128.993227342420000000000000000,2.067733319297613063400000000,BASE_E3,permanent,run_dfea4b7ac1475668d5968c97,168
1763251199999999999,2025-11-15,BTCUSDT,33.217081376000000000000000,-35.21605175008000000000000000,0.7478852279100160000,0E-10,0,0E-26,0E-24,33.217081376000000000000000,0E-24,-35.21605175008000000000000000,-1.25108514616998400000000000,BASE_E3,permanent,run_dfea4b7ac1475668d5968c97,168
1763251199999999999,2025-11-15,ETHUSDT,59.771454776000000000000000,-61.367843856900000000000000000,0.4532819777928057028,0E-9,0,0E-26,0E-24,59.771454776000000000000000,0E-24,-61.367843856900000000000000000,-1.143107103107194297200000000,BASE_E3,permanent,run_dfea4b7ac1475668d5968c97,168
1763337599999999999,2025-11-16,BTCUSDT,-43.627722336000000000000000,43.08531505440000000000000000,0.7578001336139200000,0E-10,0,0E-26,0E-24,-43.627722336000000000000000,0E-24,43.08531505440000000000000000,0.21539285201392000000000000,BASE_E3,permanent,run_dfea4b7ac1475668d5968c97,168
1763337599999999999,2025-11-16,ETHUSDT,-74.816526840000000000000000,74.514566647360000000000000000,0.8992752210130220000,0E-9,0,0E-26,0E-24,-74.816526840000000000000000,0E-24,74.514566647360000000000000000,0.597315028373022000000000000,BASE_E3,permanent,run_dfea4b7ac1475668d5968c97,168
1763423999999999999,2025-11-17,BTCUSDT,-64.654144768000000000000000,65.22693101440000000000000000,0.8108793350741377280,0E-10,0,0E-26,0E-24,-64.654144768000000000000000,0E-24,65.22693101440000000000000000,1.38366558147413772800000000,BASE_E3,permanent,run_dfea4b7ac1475668d5968c97,168
1763423999999999999,2025-11-17,ETHUSDT,-68.346737019000000000000000,68.790273352640000000000000000,0.8340905708665040000,0E-9,0,0E-26,0E-24,-68.346737019000000000000000,0E-24,68.790273352640000000000000000,1.277626904506504000000000000,BASE_E3,permanent,run_dfea4b7ac1475668d5968c97,168
1763510399999999999,2025-11-18,BTCUSDT,24.822001952000000000000000,-25.10368019200000000000000000,0.6951116624734203200,0E-10,0,0E-26,0E-24,24.822001952000000000000000,0E-24,-25.10368019200000000000000000,0.41343342247342032000000000,BASE_E3,permanent,run_dfea4b7ac1475668d5968c97,168
1763510399999999999,2025-11-18,ETHUSDT,98.181360222000000000000000,-98.510580000000000000000000000,0.7776618650078629904,0E-9,0,0E-26,0E-24,98.181360222000000000000000,0E-24,-98.510580000000000000000000000,0.448442087007862990400000000,BASE_E3,permanent,run_dfea4b7ac1475668d5968c97,168
1763596799999999999,2025-11-19,BTCUSDT,-45.449984544000000000000000,45.66367671392000000000000000,0.4846683988042821888,0E-10,0,0E-26,0E-24,-45.449984544000000000000000,0E-24,45.66367671392000000000000000,0.69836056872428218880000000,BASE_E3,permanent,run_dfea4b7ac1475668d5968c97,168
1763596799999999999,2025-11-19,ETHUSDT,-99.527327108000000000000000,99.222867058480000000000000382,0.6284357644850305888,-0.107151000,0,0.01453480492662377521700414,0E-24,-99.527327108000000000000000,0E-24,99.222867058480000000000000382,0.216824714965030588800000382,BASE_E3,permanent,run_dfea4b7ac1475668d5968c97,168
1763683199999999999,2025-11-20,BTCUSDT,-159.856304032000000000000000,159.80387686944000000000000000,0.6787205251865719552,0E-10,0,0E-26,0E-24,-159.856304032000000000000000,0E-24,159.80387686944000000000000000,0.62629336262657195520000000,BASE_E3,permanent,run_dfea4b7ac1475668d5968c97,168
1763683199999999999,2025-11-20,ETHUSDT,-204.776646872000000000000000,204.785352941520000000000000000,0.6833600893966758556,0E-9,0,0E-26,0E-24,-204.776646872000000000000000,0E-24,204.785352941520000000000000000,0.692066158916675855600000000,BASE_E3,permanent,run_dfea4b7ac1475668d5968c97,168
1763769599999999999,2025-11-21,BTCUSDT,-44.976337184000000000000000,44.94173704352000000000000000,0.3101127661659847424,0E-10,0,0E-26,0E-24,-44.976337184000000000000000,0E-24,44.94173704352000000000000000,0.27551262568598474240000000,BASE_E3,permanent,run_dfea4b7ac1475668d5968c97,168
1763769599999999999,2025-11-21,ETHUSDT,-65.211361698000000000000000,64.998342701080000000000000000,0.3080687776445087156,0E-9,0,0E-26,0E-24,-65.211361698000000000000000,0E-24,64.998342701080000000000000000,0.095049780724508715600000000,BASE_E3,permanent,run_dfea4b7ac1475668d5968c97,168
1763855999999999999,2025-11-22,BTCUSDT,-14.906130464000000000000000,15.21883826080000000000000000,0.3559044275366789248,0E-10,0,0E-26,0E-24,-14.906130464000000000000000,0E-24,15.21883826080000000000000000,0.66861222433667892480000000,BASE_E3,permanent,run_dfea4b7ac1475668d5968c97,168
1763855999999999999,2025-11-22,ETHUSDT,1.642313729000000000000000,-1.558442701080000000000000000,0.3944657946251419988,0E-9,0,0E-26,0E-24,1.642313729000000000000000,0E-24,-1.558442701080000000000000000,0.478336822545141998800000000,BASE_E3,permanent,run_dfea4b7ac1475668d5968c97,168
1763942399999999999,2025-11-23,BTCUSDT,67.954634784000000000000000,-68.91049089856000000000000000,0.0826341732504618272,0E-10,0,0E-26,0E-24,67.954634784000000000000000,0E-24,-68.91049089856000000000000000,-0.87322194130953817280000000,BASE_E3,permanent,run_dfea4b7ac1475668d5968c97,168
1763942399999999999,2025-11-23,ETHUSDT,34.718721443000000000000000,-34.705469151260000000000000000,0.1004580970951039418,0E-9,0,0E-26,0E-24,34.718721443000000000000000,0E-24,-34.705469151260000000000000000,0.113710388835103941800000000,BASE_E3,permanent,run_dfea4b7ac1475668d5968c97,168
1764028799999999999,2025-11-24,BTCUSDT,47.400259552000000000000000,-46.69648440576000000000000000,0.1358365552959267328,0E-10,0,0E-26,0E-24,47.400259552000000000000000,0E-24,-46.69648440576000000000000000,0.83961170153592673280000000,BASE_E3,permanent,run_dfea4b7ac1475668d5968c97,168
1764028799999999999,2025-11-24,ETHUSDT,158.791862460000000000000000,-158.668550848740000000000000000,0.3717805899308884934,0E-9,0,0E-26,0E-24,158.791862460000000000000000,0E-24,-158.668550848740000000000000000,0.495092201190888493400000000,BASE_E3,permanent,run_dfea4b7ac1475668d5968c97,168
1764115199999999999,2025-11-25,BTCUSDT,-29.507270432000000000000000,29.45920000000000000000000000,-0.1775832476689663040,0E-10,0,0E-26,0E-24,-29.507270432000000000000000,0E-24,29.45920000000000000000000000,-0.22565367966896630400000000,BASE_E3,permanent,run_dfea4b7ac1475668d5968c97,168
1764115199999999999,2025-11-25,ETHUSDT,5.533655813000000000000000,-5.763460000000000000000000000,0.2509574563744000000,0E-9,0,0E-26,0E-24,5.533655813000000000000000,0E-24,-5.763460000000000000000000000,0.021153269374400000000000000,BASE_E3,permanent,run_dfea4b7ac1475668d5968c97,168
1764201599999999999,2025-11-26,BTCUSDT,100.355634560000000000000000,-100.17920000000000000000000000,0.2527311491150592032,0E-10,0,0E-26,0E-24,100.355634560000000000000000,0E-24,-100.17920000000000000000000000,0.42916570911505920320000000,BASE_E3,permanent,run_dfea4b7ac1475668d5968c97,168
1764201599999999999,2025-11-26,ETHUSDT,71.864301390000000000000000,-71.086160000000000000000000000,0.1750652244033833252,0E-9,0,0E-26,0E-24,71.864301390000000000000000,0E-24,-71.086160000000000000000000000,0.953206614403383325200000000,BASE_E3,permanent,run_dfea4b7ac1475668d5968c97,168
1764287999999999999,2025-11-27,BTCUSDT,24.885688320000000000000000,-24.92480000000000000000000000,0.1297053098366693632,0E-10,0,0E-26,0E-24,24.885688320000000000000000,0E-24,-24.92480000000000000000000000,0.09059362983666936320000000,BASE_E3,permanent,run_dfea4b7ac1475668d5968c97,168
1764287999999999999,2025-11-27,ETHUSDT,-13.577854906000000000000000,13.221894079060000000000000000,0.1613718128155513288,0E-9,0,0E-26,0E-24,-13.577854906000000000000000,0E-24,13.221894079060000000000000000,-0.194589014124448671200000000,BASE_E3,permanent,run_dfea4b7ac1475668d5968c97,168
1764374399999999999,2025-11-28,BTCUSDT,-12.958095680000000000000000,13.11040000000000000000000000,0.1761202507927666592,0E-10,0,0E-26,0E-24,-12.958095680000000000000000,0E-24,13.11040000000000000000000000,0.32842457079276665920000000,BASE_E3,permanent,run_dfea4b7ac1475668d5968c97,168
1764374399999999999,2025-11-28,ETHUSDT,17.123997289000000000000000,-17.133934079060000000000000000,0.0491989644285240552,0E-9,0,0E-26,0E-24,17.123997289000000000000000,0E-24,-17.133934079060000000000000000,0.039262174368524055200000000,BASE_E3,permanent,run_dfea4b7ac1475668d5968c97,168
1764460799999999999,2025-11-29,BTCUSDT,-3.062706240000000000000000,2.55059849280000000000000000,0.0706413535680000000,0E-10,0,0E-26,0E-24,-3.062706240000000000000000,0E-24,2.55059849280000000000000000,-0.44146639363200000000000000,BASE_E3,permanent,run_dfea4b7ac1475668d5968c97,168
1764460799999999999,2025-11-29,ETHUSDT,-44.509840235000000000000000,44.144508278340000000000000000,0.0928160343436028112,0E-9,0,0E-26,0E-24,-44.509840235000000000000000,0E-24,44.144508278340000000000000000,-0.272515922316397188800000000,BASE_E3,permanent,run_dfea4b7ac1475668d5968c97,168
1764547199999999999,2025-11-30,BTCUSDT,-13.996599520000000000000000,14.59774585504000000000000000,0.3936117886720000000,0E-10,0,0E-26,0E-24,-13.996599520000000000000000,0E-24,14.59774585504000000000000000,0.99475812371200000000000000,BASE_E3,permanent,run_dfea4b7ac1475668d5968c97,168
1764547199999999999,2025-11-30,ETHUSDT,2.259488952000000000000000,-1.384028278340000000000000000,0.4910793946319288282,0E-9,0,0E-26,0E-24,2.259488952000000000000000,0E-24,-1.384028278340000000000000000,1.366540068291928828200000000,BASE_E3,permanent,run_dfea4b7ac1475668d5968c97,168
1764633599999999999,2025-12-01,BTCUSDT,-128.962014912000000000000000,128.60590585504000000000000000,0.2315171078852746784,0E-10,0,0E-26,0E-24,-128.962014912000000000000000,0E-24,128.60590585504000000000000000,-0.12459194907472532160000000,BASE_E3,permanent,run_dfea4b7ac1475668d5968c97,168
1764633599999999999,2025-12-01,ETHUSDT,-199.065160910000000000000000,198.468040000000000000000000000,0.3256163845031917778,0E-9,0,0E-26,0E-24,-199.065160910000000000000000,0E-24,198.468040000000000000000000000,-0.271504525496808222200000000,BASE_E3,permanent,run_dfea4b7ac1475668d5968c97,168
1764719999999999999,2025-12-02,BTCUSDT,159.119590368000000000000000,-159.40306782592000000000000000,0.1619213865509676576,0E-10,0,0E-26,0E-24,159.119590368000000000000000,0E-24,-159.40306782592000000000000000,-0.12155607136903234240000000,BASE_E3,permanent,run_dfea4b7ac1475668d5968c97,168
1764719999999999999,2025-12-02,ETHUSDT,205.027701200000000000000000,-204.571279721660000000000000000,0.4965821756607428060,0E-9,0,0E-26,0E-24,205.027701200000000000000000,0E-24,-204.571279721660000000000000000,0.953003654000742806000000000,BASE_E3,permanent,run_dfea4b7ac1475668d5968c97,168
1764806399999999999,2025-12-03,BTCUSDT,67.918151136000000000000000,-67.04558237696000000000000000,0.0484073329956883520,0E-10,0,0E-26,0E-24,67.918151136000000000000000,0E-24,-67.04558237696000000000000000,0.92097609203568835200000000,BASE_E3,permanent,run_dfea4b7ac1475668d5968c97,168
1764806399999999999,2025-12-03,ETHUSDT,199.399900014000000000000000,-199.508980278340000000000000000,0.3443712238044000000,0E-9,0,0E-26,0E-24,199.399900014000000000000000,0E-24,-199.508980278340000000000000000,0.235290959464400000000000000,BASE_E3,permanent,run_dfea4b7ac1475668d5968c97,168
1764892799999999999,2025-12-04,BTCUSDT,-42.130612640000000000000000,41.52000000000000000000000000,0.3271496571462801024,0E-10,0,0E-26,0E-24,-42.130612640000000000000000,0E-24,41.52000000000000000000000000,-0.28346298285371989760000000,BASE_E3,permanent,run_dfea4b7ac1475668d5968c97,168
1764892799999999999,2025-12-04,ETHUSDT,-56.173405890000000000000000,55.825020000000000000000000000,0.8667180374388358380,0E-9,0,0E-26,0E-24,-56.173405890000000000000000,0E-24,55.825020000000000000000000000,0.518332147438835838000000000,BASE_E3,permanent,run_dfea4b7ac1475668d5968c97,168
1764979199999999999,2025-12-05,BTCUSDT,-87.122631392000000000000000,87.16501773920000000000000000,0.2996691938425983392,0E-10,0,0E-26,0E-24,-87.122631392000000000000000,0E-24,87.16501773920000000000000000,0.34205554104259833920000000,BASE_E3,permanent,run_dfea4b7ac1475668d5968c97,168
1764979199999999999,2025-12-05,ETHUSDT,-114.888736851000000000000000,114.717487707940000000000000000,0.5616532808999743296,0E-9,0,0E-26,0E-24,-114.888736851000000000000000,0E-24,114.717487707940000000000000000,0.390404137839974329600000000,BASE_E3,permanent,run_dfea4b7ac1475668d5968c97,168
1765065599999999999,2025-12-06,BTCUSDT,-4.118491808000000000000000,4.08618226080000000000000000,0.1082021372931656128,0E-10,0,0E-26,0E-24,-4.118491808000000000000000,0E-24,4.08618226080000000000000000,0.07589259009316561280000000,BASE_E3,permanent,run_dfea4b7ac1475668d5968c97,168
1765065599999999999,2025-12-06,ETHUSDT,15.931489231000000000000000,-15.703127707940000000000000000,0.2573403086137905640,0E-9,0,0E-26,0E-24,15.931489231000000000000000,0E-24,-15.703127707940000000000000000,0.485701831673790564000000000,BASE_E3,permanent,run_dfea4b7ac1475668d5968c97,168
1765151999999999999,2025-12-07,BTCUSDT,37.717691392000000000000000,-37.70880000000000000000000000,0.3165586130484691264,0E-10,0,0E-26,0E-24,37.717691392000000000000000,0E-24,-37.70880000000000000000000000,0.32545000504846912640000000,BASE_E3,permanent,run_dfea4b7ac1475668d5968c97,168
1765151999999999999,2025-12-07,ETHUSDT,24.163979070000000000000000,-24.078920000000000000000000000,0.1329524090558345440,0E-9,0,0E-26,0E-24,24.163979070000000000000000,0E-24,-24.078920000000000000000000000,0.218011479055834544000000000,BASE_E3,permanent,run_dfea4b7ac1475668d5968c97,168
1765238399999999999,2025-12-08,BTCUSDT,6.392319168000000000000000,-6.83518492768000000000000000,0.2737865655359401280,0E-10,0,0E-26,0E-24,6.392319168000000000000000,0E-24,-6.83518492768000000000000000,-0.16907919414405987200000000,BASE_E3,permanent,run_dfea4b7ac1475668d5968c97,168
1765238399999999999,2025-12-08,ETHUSDT,65.169519310000000000000000,-65.832239841880000000000000000,0.4612378988629654560,0E-9,0,0E-26,0E-24,65.169519310000000000000000,0E-24,-65.832239841880000000000000000,-0.201482633017034544000000000,BASE_E3,permanent,run_dfea4b7ac1475668d5968c97,168
1765324799999999999,2025-12-09,BTCUSDT,65.513750720000000000000000,-64.93761507232000000000000000,0.3707169760970412064,0E-10,0,0E-26,0E-24,65.513750720000000000000000,0E-24,-64.93761507232000000000000000,0.94685262377704120640000000,BASE_E3,permanent,run_dfea4b7ac1475668d5968c97,168
1765324799999999999,2025-12-09,ETHUSDT,205.958694333000000000000000,-205.146612158120000000000000000,0.5068881579690404328,0E-9,0,0E-26,0E-24,205.958694333000000000000000,0E-24,-205.146612158120000000000000000,1.318970332849040432800000000,BASE_E3,permanent,run_dfea4b7ac1475668d5968c97,168
1765411199999999999,2025-12-10,BTCUSDT,-23.536433408000000000000000,22.47959837696000000000000000,0.2359454491561126720,0E-10,0,0E-26,0E-24,-23.536433408000000000000000,0E-24,22.47959837696000000000000000,-0.82088958188388732800000000,BASE_E3,permanent,run_dfea4b7ac1475668d5968c97,168
1765411199999999999,2025-12-10,ETHUSDT,-0.073224179000000000000000,-1.838154450180000000000000000,0.7258031287747016248,0E-9,0,0E-26,0E-24,-0.073224179000000000000000,0E-24,-1.838154450180000000000000000,-1.185575500405298375200000000,BASE_E3,permanent,run_dfea4b7ac1475668d5968c97,168
1765497599999999999,2025-12-11,BTCUSDT,17.315651392000000000000000,-16.07639837696000000000000000,0.2060648524227701120,0E-10,0,0E-26,0E-24,17.315651392000000000000000,0E-24,-16.07639837696000000000000000,1.44531786746277011200000000,BASE_E3,permanent,run_dfea4b7ac1475668d5968c97,168
1765497599999999999,2025-12-11,ETHUSDT,-87.816711815000000000000000,89.651946450180000000000000000,0.3321035816934341076,0E-9,0,0E-26,0E-24,-87.816711815000000000000000,0E-24,89.651946450180000000000000000,2.167338216873434107600000000,BASE_E3,permanent,run_dfea4b7ac1475668d5968c97,168
1765583999999999999,2025-12-12,BTCUSDT,-71.236242912000000000000000,71.14002875360000000000000000,0.4408365675702544704,0E-10,0,0E-26,0E-24,-71.236242912000000000000000,0E-24,71.14002875360000000000000000,0.34462240917025447040000000,BASE_E3,permanent,run_dfea4b7ac1475668d5968c97,168
1765583999999999999,2025-12-12,ETHUSDT,-159.890225145000000000000000,159.809274663180000000000000000,0.0932161205238379216,0E-9,0,0E-26,0E-24,-159.890225145000000000000000,0E-24,159.809274663180000000000000000,0.012265638703837921600000000,BASE_E3,permanent,run_dfea4b7ac1475668d5968c97,168
1765670399999999999,2025-12-13,BTCUSDT,-0.024962496000000000000000,-0.24924446560000000000000000,0.3515022721502600320,0E-10,0,0E-26,0E-24,-0.024962496000000000000000,0E-24,-0.24924446560000000000000000,0.07729531055026003200000000,BASE_E3,permanent,run_dfea4b7ac1475668d5968c97,168
1765670399999999999,2025-12-13,ETHUSDT,32.950880550000000000000000,-33.195734925500000000000000000,0.0666867126690941428,0E-9,0,0E-26,0E-24,32.950880550000000000000000,0E-24,-33.195734925500000000000000000,-0.178167662830905857200000000,BASE_E3,permanent,run_dfea4b7ac1475668d5968c97,168
1765756799999999999,2025-12-14,BTCUSDT,-67.532512576000000000000000,67.83881571200000000000000000,0.4797200798720000000,0E-10,0,0E-26,0E-24,-67.532512576000000000000000,0E-24,67.83881571200000000000000000,0.78602321587200000000000000,BASE_E3,permanent,run_dfea4b7ac1475668d5968c97,168
1765756799999999999,2025-12-14,ETHUSDT,-57.920325589000000000000000,57.984540262320000000000000000,0.6942105639675087264,0E-9,0,0E-26,0E-24,-57.920325589000000000000000,0E-24,57.984540262320000000000000000,0.758425237287508726400000000,BASE_E3,permanent,run_dfea4b7ac1475668d5968c97,168
1765843199999999999,2025-12-15,BTCUSDT,-55.009660416000000000000000,55.04748034784000000000000000,0.0654944297163050848,0E-10,0,0E-26,0E-24,-55.009660416000000000000000,0E-24,55.04748034784000000000000000,0.10331436155630508480000000,BASE_E3,permanent,run_dfea4b7ac1475668d5968c97,168
1765843199999999999,2025-12-15,ETHUSDT,-100.118373887000000000000000,100.353240000000000000000000000,0.3733355387271930490,0E-9,0,0E-26,0E-24,-100.118373887000000000000000,0E-24,100.353240000000000000000000000,0.608201651727193049000000000,BASE_E3,permanent,run_dfea4b7ac1475668d5968c97,168
1765929599999999999,2025-12-16,BTCUSDT,45.559755520000000000000000,-45.86899591008000000000000000,0.3586284904375992768,0E-10,0,0E-26,0E-24,45.559755520000000000000000,0E-24,-45.86899591008000000000000000,0.04938810035759927680000000,BASE_E3,permanent,run_dfea4b7ac1475668d5968c97,168
1765929599999999999,2025-12-16,ETHUSDT,-0.753162984000000000000000,0.574784133720000000000000000,-0.0080710713524000000,0E-9,0,0E-26,0E-24,-0.753162984000000000000000,0E-24,0.574784133720000000000000000,-0.186449921632400000000000000,BASE_E3,permanent,run_dfea4b7ac1475668d5968c97,168
1766015999999999999,2025-12-17,BTCUSDT,-53.582637728000000000000000,53.57470628672000000000000000,0.5901703098240000000,0E-10,0,0E-26,0E-24,-53.582637728000000000000000,0E-24,53.57470628672000000000000000,0.58223886854400000000000000,BASE_E3,permanent,run_dfea4b7ac1475668d5968c97,168
1766015999999999999,2025-12-17,ETHUSDT,-137.786983684000000000000000,137.873775866280000000000000000,0.1281066853378543936,0E-9,0,0E-26,0E-24,-137.786983684000000000000000,0E-24,137.873775866280000000000000000,0.214898867617854393600000000,BASE_E3,permanent,run_dfea4b7ac1475668d5968c97,168
1766102399999999999,2025-12-18,BTCUSDT,-21.172997088000000000000000,20.84360927552000000000000000,0.3843622614298197120,0E-10,0,0E-26,0E-24,-21.172997088000000000000000,0E-24,20.84360927552000000000000000,0.05497444894981971200000000,BASE_E3,permanent,run_dfea4b7ac1475668d5968c97,168
1766102399999999999,2025-12-18,ETHUSDT,-3.734433129000000000000000,3.334680436460000000000000000,0.0338443772552000000,0E-9,0,0E-26,0E-24,-3.734433129000000000000000,0E-24,3.334680436460000000000000000,-0.365908315284800000000000000,BASE_E3,permanent,run_dfea4b7ac1475668d5968c97,168
1766188799999999999,2025-12-19,BTCUSDT,83.822461408000000000000000,-83.54699617376000000000000000,0.7129078349067992960,0E-10,0,0E-26,0E-24,83.822461408000000000000000,0E-24,-83.54699617376000000000000000,0.98837306914679929600000000,BASE_E3,permanent,run_dfea4b7ac1475668d5968c97,168
1766188799999999999,2025-12-19,ETHUSDT,157.599354402000000000000000,-157.484389656320000000000000000,0.6809222106742779178,0E-9,0,0E-26,0E-24,157.599354402000000000000000,0E-24,-157.484389656320000000000000000,0.795886956354277917800000000,BASE_E3,permanent,run_dfea4b7ac1475668d5968c97,168
1766275199999999999,2025-12-20,BTCUSDT,7.711171040000000000000000,-7.79500544928000000000000000,0.5190085709718400000,0E-10,0,0E-26,0E-24,7.711171040000000000000000,0E-24,-7.79500544928000000000000000,0.43517416169184000000000000,BASE_E3,permanent,run_dfea4b7ac1475668d5968c97,168
1766275199999999999,2025-12-20,ETHUSDT,-0.554411641000000000000000,0.863606783400000000000000000,0.1498314920614677316,0E-9,0,0E-26,0E-24,-0.554411641000000000000000,0E-24,0.863606783400000000000000000,0.459026634461467731600000000,BASE_E3,permanent,run_dfea4b7ac1475668d5968c97,168
1766361599999999999,2025-12-21,BTCUSDT,8.388038720000000000000000,-8.29959837696000000000000000,0.6359280911258122880,0E-10,0,0E-26,0E-24,8.388038720000000000000000,0E-24,-8.29959837696000000000000000,0.72436843416581228800000000,BASE_E3,permanent,run_dfea4b7ac1475668d5968c97,168
1766361599999999999,2025-12-21,ETHUSDT,24.258124443000000000000000,-24.178257563540000000000000000,0.1984934419917684234,0E-9,0,0E-26,0E-24,24.258124443000000000000000,0E-24,-24.178257563540000000000000000,0.278360321451768423400000000,BASE_E3,permanent,run_dfea4b7ac1475668d5968c97,168
1766447999999999999,2025-12-22,BTCUSDT,-3.179197888000000000000000,3.21724892768000000000000000,0.4444739960736514560,0E-10,0,0E-26,0E-24,-3.179197888000000000000000,0E-24,3.21724892768000000000000000,0.48252503575365145600000000,BASE_E3,permanent,run_dfea4b7ac1475668d5968c97,168
1766447999999999999,2025-12-22,ETHUSDT,5.000165366000000000000000,-5.411533707940000000000000000,-0.0731112750774234258,0E-9,0,0E-26,0E-24,5.000165366000000000000000,0E-24,-5.411533707940000000000000000,-0.484479617017423425800000000,BASE_E3,permanent,run_dfea4b7ac1475668d5968c97,168
1766534399999999999,2025-12-23,BTCUSDT,-34.726352288000000000000000,34.46595107232000000000000000,0.2713614677139314496,0E-10,0,0E-26,0E-24,-34.726352288000000000000000,0E-24,34.46595107232000000000000000,0.01096025203393144960000000,BASE_E3,permanent,run_dfea4b7ac1475668d5968c97,168
1766534399999999999,2025-12-23,ETHUSDT,-44.771355160000000000000000,45.330761470760000000000000000,0.4112742994094207680,0E-9,0,0E-26,0E-24,-44.771355160000000000000000,0E-24,45.330761470760000000000000000,0.970680610169420768000000000,BASE_E3,permanent,run_dfea4b7ac1475668d5968c97,168
1766620799999999999,2025-12-24,BTCUSDT,6.844844416000000000000000,-6.61760000000000000000000000,0.6799481738894587552,0E-10,0,0E-26,0E-24,6.844844416000000000000000,0E-24,-6.61760000000000000000000000,0.90719258988945875520000000,BASE_E3,permanent,run_dfea4b7ac1475668d5968c97,168
1766620799999999999,2025-12-24,ETHUSDT,-17.416894005000000000000000,16.983472250900000000000000000,0.4419580166798624714,0E-9,0,0E-26,0E-24,-17.416894005000000000000000,0E-24,16.983472250900000000000000000,0.008536262579862471400000000,BASE_E3,permanent,run_dfea4b7ac1475668d5968c97,168
1766707199999999999,2025-12-25,BTCUSDT,-12.327952672000000000000000,12.40960000000000000000000000,0.6255824217600000000,0E-10,0,0E-26,0E-24,-12.327952672000000000000000,0E-24,12.40960000000000000000000000,0.70722974976000000000000000,BASE_E3,permanent,run_dfea4b7ac1475668d5968c97,168
1766707199999999999,2025-12-25,ETHUSDT,-43.683453072000000000000000,44.210268436460000000000000000,0.5607291857958000000,0E-9,0,0E-26,0E-24,-43.683453072000000000000000,0E-24,44.210268436460000000000000000,1.087544550255800000000000000,BASE_E3,permanent,run_dfea4b7ac1475668d5968c97,168
1766793599999999999,2025-12-26,BTCUSDT,2.730513024000000000000000,-2.60480000000000000000000000,0.5544399570673800896,0E-10,0,0E-26,0E-24,2.730513024000000000000000,0E-24,-2.60480000000000000000000000,0.68015298106738008960000000,BASE_E3,permanent,run_dfea4b7ac1475668d5968c97,168
1766793599999999999,2025-12-26,ETHUSDT,23.306210116000000000000000,-23.839110305780000000000000000,0.4582288446673939672,0E-9,0,0E-26,0E-24,23.306210116000000000000000,0E-24,-23.839110305780000000000000000,-0.074671345112606032800000000,BASE_E3,permanent,run_dfea4b7ac1475668d5968c97,168
1766879999999999999,2025-12-27,BTCUSDT,15.478347680000000000000000,-15.44058457984000000000000000,0.2924286047601585920,0E-10,0,0E-26,0E-24,15.478347680000000000000000,0E-24,-15.44058457984000000000000000,0.33019170492015859200000000,BASE_E3,permanent,run_dfea4b7ac1475668d5968c97,168
1766879999999999999,2025-12-27,ETHUSDT,22.427519968000000000000000,-22.270531958840000000000000000,0.3565857014034448020,0E-9,0,0E-26,0E-24,22.427519968000000000000000,0E-24,-22.270531958840000000000000000,0.513573710563444802000000000,BASE_E3,permanent,run_dfea4b7ac1475668d5968c97,168
1766966399999999999,2025-12-28,BTCUSDT,1.750895072000000000000000,-2.39621542016000000000000000,0.4881250785710907808,0E-10,0,0E-26,0E-24,1.750895072000000000000000,0E-24,-2.39621542016000000000000000,-0.15719526958890921920000000,BASE_E3,permanent,run_dfea4b7ac1475668d5968c97,168
1766966399999999999,2025-12-28,ETHUSDT,1.318035222000000000000000,-1.402677893500000000000000000,0.5503950523740444748,0E-9,0,0E-26,0E-24,1.318035222000000000000000,0E-24,-1.402677893500000000000000000,0.465752380874044474800000000,BASE_E3,permanent,run_dfea4b7ac1475668d5968c97,168
1767052799999999999,2025-12-29,BTCUSDT,-21.244684256000000000000000,21.66080000000000000000000000,0.7033612162775856576,0E-10,0,0E-26,0E-24,-21.244684256000000000000000,0E-24,21.66080000000000000000000000,1.11947696027758565760000000,BASE_E3,permanent,run_dfea4b7ac1475668d5968c97,168
1767052799999999999,2025-12-29,ETHUSDT,-13.337261175000000000000000,13.503519568840000000000000000,0.6083709920981020124,0E-9,0,0E-26,0E-24,-13.337261175000000000000000,0E-24,13.503519568840000000000000000,0.774629385938102012400000000,BASE_E3,permanent,run_dfea4b7ac1475668d5968c97,168
1767139199999999999,2025-12-30,BTCUSDT,40.932412832000000000000000,-40.88320000000000000000000000,0.6457471490620160000,0E-10,0,0E-26,0E-24,40.932412832000000000000000,0E-24,-40.88320000000000000000000000,0.69495998106201600000000000,BASE_E3,permanent,run_dfea4b7ac1475668d5968c97,168
1767139199999999999,2025-12-30,ETHUSDT,38.651905915000000000000000,-38.721493025880000000000000000,0.3863564829811588480,0E-9,0,0E-26,0E-24,38.651905915000000000000000,0E-24,-38.721493025880000000000000000,0.316769372101158848000000000,BASE_E3,permanent,run_dfea4b7ac1475668d5968c97,168
1767225599999999999,2025-12-31,BTCUSDT,-28.168256544000000000000000,28.02169692768000000000000000,0.2293810859520000000,0E-10,0,0E-26,0E-24,-28.168256544000000000000000,0E-24,28.02169692768000000000000000,0.08282146963200000000000000,BASE_E3,permanent,run_dfea4b7ac1475668d5968c97,168
1767225599999999999,2025-12-31,ETHUSDT,-3.484309325000000000000000,3.127145164980000000000000261,0.3079347459076586920,-0.031316880,0,0.00424057696565663188909448,0E-24,-3.484309325000000000000000,0E-24,3.127145164980000000000000261,-0.080546294112341307999999739,BASE_E3,permanent,run_dfea4b7ac1475668d5968c97,168
1767311999999999999,2026-01-01,BTCUSDT,38.563856000000000000000000,-38.29044895168000000000000000,0.6088532813504960000,0E-10,0,0E-26,0E-24,38.563856000000000000000000,0E-24,-38.29044895168000000000000000,0.88226032967049600000000000,BASE_E3,permanent,run_dfea4b7ac1475668d5968c97,168
1767311999999999999,2026-01-01,ETHUSDT,34.455884344000000000000000,-33.811830000000000000000000000,0.5710285851178767066,0E-9,0,0E-26,0E-24,34.455884344000000000000000,0E-24,-33.811830000000000000000000000,1.215082929117876706600000000,BASE_E3,permanent,run_dfea4b7ac1475668d5968c97,168
1767398399999999999,2026-01-02,BTCUSDT,36.089048544000000000000000,-36.32324797600000000000000000,0.4169319945600000000,0E-10,0,0E-26,0E-24,36.089048544000000000000000,0E-24,-36.32324797600000000000000000,0.18273256256000000000000000,BASE_E3,permanent,run_dfea4b7ac1475668d5968c97,168
1767398399999999999,2026-01-02,ETHUSDT,127.156113525000000000000000,-127.343240792820000000000000000,0.5827831827480000000,0E-9,0,0E-26,0E-24,127.156113525000000000000000,0E-24,-127.343240792820000000000000000,0.395655914928000000000000000,BASE_E3,permanent,run_dfea4b7ac1475668d5968c97,168
1767484799999999999,2026-01-03,BTCUSDT,20.879207712000000000000000,-20.99200000000000000000000000,0.3194104343368356480,0E-10,0,0E-26,0E-24,20.879207712000000000000000,0E-24,-20.99200000000000000000000000,0.20661814633683564800000000,BASE_E3,permanent,run_dfea4b7ac1475668d5968c97,168
1767484799999999999,2026-01-03,ETHUSDT,2.264063305000000000000000,-2.154952253610000000000000000,0.3873843828855000000,0E-9,0,0E-26,0E-24,2.264063305000000000000000,0E-24,-2.154952253610000000000000000,0.496495434275500000000000000,BASE_E3,permanent,run_dfea4b7ac1475668d5968c97,168
1767571199999999999,2026-01-04,BTCUSDT,27.300009728000000000000000,-27.26069600000000000000000000,0.5748294266873843680,0E-10,0,0E-26,0E-24,27.300009728000000000000000,0E-24,-27.26069600000000000000000000,0.61414315468738436800000000,BASE_E3,permanent,run_dfea4b7ac1475668d5968c97,168
1767571199999999999,2026-01-04,ETHUSDT,16.427622120000000000000000,-16.825756396410000000000000000,0.4957405387939067778,0E-9,0,0E-26,0E-24,16.427622120000000000000000,0E-24,-16.825756396410000000000000000,0.097606262383906777800000000,BASE_E3,permanent,run_dfea4b7ac1475668d5968c97,168
1767657599999999999,2026-01-05,BTCUSDT,76.518051040000000000000000,-75.91050400000000000000000000,0.6473152650452749600,0E-10,0,0E-26,0E-24,76.518051040000000000000000,0E-24,-75.91050400000000000000000000,1.25486230504527496000000000,BASE_E3,permanent,run_dfea4b7ac1475668d5968c97,168
1767657599999999999,2026-01-05,ETHUSDT,87.087458290000000000000000,-87.157740557160000000000000000,0.4655881651496131368,0E-9,0,0E-26,0E-24,87.087458290000000000000000,0E-24,-87.157740557160000000000000000,0.395305897989613136800000000,BASE_E3,permanent,run_dfea4b7ac1475668d5968c97,168
1767743999999999999,2026-01-06,BTCUSDT,-3.054385408000000000000000,2.87337692768000000000000000,0.1232881669176041472,0E-10,0,0E-26,0E-24,-3.054385408000000000000000,0E-24,2.87337692768000000000000000,-0.05772031340239585280000000,BASE_E3,permanent,run_dfea4b7ac1475668d5968c97,168
1767743999999999999,2026-01-06,ETHUSDT,74.945760659000000000000000,-74.692024535700000000000000000,0.6521292621564923124,0E-9,0,0E-26,0E-24,74.945760659000000000000000,0E-24,-74.692024535700000000000000000,0.905865385456492312400000000,BASE_E3,permanent,run_dfea4b7ac1475668d5968c97,168
1767830399999999999,2026-01-07,BTCUSDT,-76.175616800000000000000000,75.87542307232000000000000000,0.5787765721600000000,0E-10,0,0E-26,0E-24,-76.175616800000000000000000,0E-24,75.87542307232000000000000000,0.27858284448000000000000000,BASE_E3,permanent,run_dfea4b7ac1475668d5968c97,168
1767830399999999999,2026-01-07,ETHUSDT,-133.337532874000000000000000,133.470484535700000000000000000,0.6447590934642000000,0E-9,0,0E-26,0E-24,-133.337532874000000000000000,0E-24,133.470484535700000000000000000,0.777710755164200000000000000,BASE_E3,permanent,run_dfea4b7ac1475668d5968c97,168
1767916799999999999,2026-01-08,BTCUSDT,-9.329572864000000000000000,9.59671281152000000000000000,0.7306142405323498240,0E-10,0,0E-26,0E-24,-9.329572864000000000000000,0E-24,9.59671281152000000000000000,0.99775418805234982400000000,BASE_E3,permanent,run_dfea4b7ac1475668d5968c97,168
1767916799999999999,2026-01-08,ETHUSDT,-66.605583275000000000000000,66.328470000000000000000000000,0.4886433000397404846,0E-9,0,0E-26,0E-24,-66.605583275000000000000000,0E-24,66.328470000000000000000000000,0.211530025039740484600000000,BASE_E3,permanent,run_dfea4b7ac1475668d5968c97,168
1768003199999999999,2026-01-09,BTCUSDT,-15.236083456000000000000000,15.17448718848000000000000000,0.1350739036160000000,0E-10,0,0E-26,0E-24,-15.236083456000000000000000,0E-24,15.17448718848000000000000000,0.07347763609600000000000000,BASE_E3,permanent,run_dfea4b7ac1475668d5968c97,168
1768003199999999999,2026-01-09,ETHUSDT,-20.397630799000000000000000,20.386080000000000000000000000,0.5232135100257000000,0E-9,0,0E-26,0E-24,-20.397630799000000000000000,0E-24,20.386080000000000000000000000,0.511662711025700000000000000,BASE_E3,permanent,run_dfea4b7ac1475668d5968c97,168
1768089599999999999,2026-01-10,BTCUSDT,-3.968716832000000000000000,3.67402620288000000000000000,0.5664777056625299808,0E-10,0,0E-26,0E-24,-3.968716832000000000000000,0E-24,3.67402620288000000000000000,0.27178707654252998080000000,BASE_E3,permanent,run_dfea4b7ac1475668d5968c97,168
1768089599999999999,2026-01-10,ETHUSDT,-0.821381106000000000000000,0.824907142800000000000000000,0.7887017183877000000,0E-9,0,0E-26,0E-24,-0.821381106000000000000000,0E-24,0.824907142800000000000000000,0.792227755187700000000000000,BASE_E3,permanent,run_dfea4b7ac1475668d5968c97,168
1768175999999999999,2026-01-11,BTCUSDT,14.579057760000000000000000,-14.43472881152000000000000000,0.4370855728544607360,0E-10,0,0E-26,0E-24,14.579057760000000000000000,0E-24,-14.43472881152000000000000000,0.58141452133446073600000000,BASE_E3,permanent,run_dfea4b7ac1475668d5968c97,168
1768175999999999999,2026-01-11,ETHUSDT,38.604911982000000000000000,-38.535816564180000000000000000,0.7262066255700683700,0E-9,0,0E-26,0E-24,38.604911982000000000000000,0E-24,-38.535816564180000000000000000,0.795302043390068370000000000,BASE_E3,permanent,run_dfea4b7ac1475668d5968c97,168
1768262399999999999,2026-01-12,BTCUSDT,10.843644256000000000000000,-10.69931385504000000000000000,0.2739683198080000000,0E-10,0,0E-26,0E-24,10.843644256000000000000000,0E-24,-10.69931385504000000000000000,0.41829872076800000000000000,BASE_E3,permanent,run_dfea4b7ac1475668d5968c97,168
1768262399999999999,2026-01-12,ETHUSDT,-29.443353492000000000000000,29.623012332030000000000000000,0.6629075664441750000,0E-9,0,0E-26,0E-24,-29.443353492000000000000000,0E-24,29.623012332030000000000000000,0.842566406474175000000000000,BASE_E3,permanent,run_dfea4b7ac1475668d5968c97,168
1768348799999999999,2026-01-13,BTCUSDT,130.355114208000000000000000,-130.60699686976000000000000000,0.4579114982136887072,0E-10,0,0E-26,0E-24,130.355114208000000000000000,0E-24,-130.60699686976000000000000000,0.20602883645368870720000000,BASE_E3,permanent,run_dfea4b7ac1475668d5968c97,168
1768348799999999999,2026-01-13,ETHUSDT,241.401800948000000000000000,-241.593210217710000000000000000,0.5439897125952715296,0E-9,0,0E-26,0E-24,241.401800948000000000000000,0E-24,-241.593210217710000000000000000,0.352580442885271529600000000,BASE_E3,permanent,run_dfea4b7ac1475668d5968c97,168
1768435199999999999,2026-01-14,BTCUSDT,50.094928992000000000000000,-49.78828081152000000000000000,0.2060992886512128736,0E-10,0,0E-26,0E-24,50.094928992000000000000000,0E-24,-49.78828081152000000000000000,0.51274746913121287360000000,BASE_E3,permanent,run_dfea4b7ac1475668d5968c97,168
1768435199999999999,2026-01-14,ETHUSDT,31.707416797000000000000000,-31.196112692940000000000000000,0.9946241040060000000,0E-9,0,0E-26,0E-24,31.707416797000000000000000,0E-24,-31.196112692940000000000000000,1.505928208066000000000000000,BASE_E3,permanent,run_dfea4b7ac1475668d5968c97,168
1768521599999999999,2026-01-15,BTCUSDT,-43.318891456000000000000000,43.18649414496000000000000000,0.0899331138598426528,0E-10,0,0E-26,0E-24,-43.318891456000000000000000,0E-24,43.18649414496000000000000000,-0.04246419718015734720000000,BASE_E3,permanent,run_dfea4b7ac1475668d5968c97,168
1768521599999999999,2026-01-15,ETHUSDT,-38.004671943000000000000000,37.847432092860000000000000000,0.5531693945609256984,0E-9,0,0E-26,0E-24,-38.004671943000000000000000,0E-24,37.847432092860000000000000000,0.395929544420925698400000000,BASE_E3,permanent,run_dfea4b7ac1475668d5968c97,168
1768607999999999999,2026-01-16,BTCUSDT,-0.491569152000000000000000,0.54720000000000000000000000,0.5244204401920000000,0E-10,0,0E-26,0E-24,-0.491569152000000000000000,0E-24,0.54720000000000000000000000,0.58005128819200000000000000,BASE_E3,permanent,run_dfea4b7ac1475668d5968c97,168
1768607999999999999,2026-01-16,ETHUSDT,-22.766999374000000000000000,22.678405622730000000000000000,0.3337211144068447464,0E-9,0,0E-26,0E-24,-22.766999374000000000000000,0E-24,22.678405622730000000000000000,0.245127363136844746400000000,BASE_E3,permanent,run_dfea4b7ac1475668d5968c97,168
1768694399999999999,2026-01-17,BTCUSDT,-13.735133376000000000000000,13.76191386656000000000000000,0.1770063440563007520,0E-10,0,0E-26,0E-24,-13.735133376000000000000000,0E-24,13.76191386656000000000000000,0.20378683461630075200000000,BASE_E3,permanent,run_dfea4b7ac1475668d5968c97,168
1768694399999999999,2026-01-17,ETHUSDT,14.205680923000000000000000,-13.983237715590000000000000000,0.7811842448727272241,0E-9,0,0E-26,0E-24,14.205680923000000000000000,0E-24,-13.983237715590000000000000000,1.003627452282727224100000000,BASE_E3,permanent,run_dfea4b7ac1475668d5968c97,168
1768780799999999999,2026-01-18,BTCUSDT,-46.184778016000000000000000,46.45958850240000000000000000,0.5988201375444059392,0E-10,0,0E-26,0E-24,-46.184778016000000000000000,0E-24,46.45958850240000000000000000,0.87363062394440593920000000,BASE_E3,permanent,run_dfea4b7ac1475668d5968c97,168
1768780799999999999,2026-01-18,ETHUSDT,-27.547858632000000000000000,27.135810000000000000000000000,0.2649920446660677372,0E-9,0,0E-26,0E-24,-27.547858632000000000000000,0E-24,27.135810000000000000000000000,-0.147056587333932262800000000,BASE_E3,permanent,run_dfea4b7ac1475668d5968c97,168
1768867199999999999,2026-01-19,BTCUSDT,-34.490168672000000000000000,34.06257623968000000000000000,0.2359662722991979584,0E-10,0,0E-26,0E-24,-34.490168672000000000000000,0E-24,34.06257623968000000000000000,-0.19162616002080204160000000,BASE_E3,permanent,run_dfea4b7ac1475668d5968c97,168
1768867199999999999,2026-01-19,ETHUSDT,-99.860987541000000000000000,99.505601543790000000000000000,0.1903505314294975950,0E-9,0,0E-26,0E-24,-99.860987541000000000000000,0E-24,99.505601543790000000000000000,-0.165035465780502405000000000,BASE_E3,permanent,run_dfea4b7ac1475668d5968c97,168
1768953599999999999,2026-01-20,BTCUSDT,-133.694968160000000000000000,133.73832139136000000000000000,0.6481230234489702048,0E-10,0,0E-26,0E-24,-133.694968160000000000000000,0E-24,133.73832139136000000000000000,0.69147625480897020480000000,BASE_E3,permanent,run_dfea4b7ac1475668d5968c97,168
1768953599999999999,2026-01-20,ETHUSDT,-262.884076028000000000000000,263.558268456210000000000000000,0.5289548453187812892,0E-9,0,0E-26,0E-24,-262.884076028000000000000000,0E-24,263.558268456210000000000000000,1.203147273528781289200000000,BASE_E3,permanent,run_dfea4b7ac1475668d5968c97,168
1769039999999999999,2026-01-21,BTCUSDT,32.440043680000000000000000,-32.50610643488000000000000000,0.5252366082117367840,0E-10,0,0E-26,0E-24,32.440043680000000000000000,0E-24,-32.50610643488000000000000000,0.45917385333173678400000000,BASE_E3,permanent,run_dfea4b7ac1475668d5968c97,168
1769039999999999999,2026-01-21,ETHUSDT,43.964950225000000000000000,-44.179790442840000000000000000,0.0688241037927605526,0E-9,0,0E-26,0E-24,43.964950225000000000000000,0E-24,-44.179790442840000000000000000,-0.146016114047239447400000000,BASE_E3,permanent,run_dfea4b7ac1475668d5968c97,168
1769126399999999999,2026-01-22,BTCUSDT,3.167356704000000000000000,-3.10036939136000000000000000,0.5968282692114189952,0E-10,0,0E-26,0E-24,3.167356704000000000000000,0E-24,-3.10036939136000000000000000,0.66381558185141899520000000,BASE_E3,permanent,run_dfea4b7ac1475668d5968c97,168
1769126399999999999,2026-01-22,ETHUSDT,-30.475345138000000000000000,30.638210442840000000000000000,0.2183059627245994536,0E-9,0,0E-26,0E-24,-30.475345138000000000000000,0E-24,30.638210442840000000000000000,0.381171267564599453600000000,BASE_E3,permanent,run_dfea4b7ac1475668d5968c97,168
1769212799999999999,2026-01-23,BTCUSDT,2.118291808000000000000000,-2.26872417376000000000000000,0.4429456978927963840,0E-10,0,0E-26,0E-24,2.118291808000000000000000,0E-24,-2.26872417376000000000000000,0.29251333213279638400000000,BASE_E3,permanent,run_dfea4b7ac1475668d5968c97,168
1769212799999999999,2026-01-23,ETHUSDT,4.759798204000000000000000,-4.991220000000000000000000000,0.2978016434272645272,0E-9,0,0E-26,0E-24,4.759798204000000000000000,0E-24,-4.991220000000000000000000000,0.066379847427264527200000000,BASE_E3,permanent,run_dfea4b7ac1475668d5968c97,168
1769299199999999999,2026-01-24,BTCUSDT,-12.938253696000000000000000,12.92433437696000000000000000,0.4106641189687571808,0E-10,0,0E-26,0E-24,-12.938253696000000000000000,0E-24,12.92433437696000000000000000,0.39674479992875718080000000,BASE_E3,permanent,run_dfea4b7ac1475668d5968c97,168
1769299199999999999,2026-01-24,ETHUSDT,-4.959878217000000000000000,4.163137535700000000000000000,0.1910137017204000000,0E-9,0,0E-26,0E-24,-4.959878217000000000000000,0E-24,4.163137535700000000000000000,-0.605726979579600000000000000,BASE_E3,permanent,run_dfea4b7ac1475668d5968c97,168
1769385599999999999,2026-01-25,BTCUSDT,-82.107089888000000000000000,81.93326562304000000000000000,0.4055698090456207744,0E-10,0,0E-26,0E-24,-82.107089888000000000000000,0E-24,81.93326562304000000000000000,0.23174554408562077440000000,BASE_E3,permanent,run_dfea4b7ac1475668d5968c97,168
1769385599999999999,2026-01-25,ETHUSDT,-141.403916556000000000000000,142.202980882170000000000000000,0.4605395144385148425,0E-9,0,0E-26,0E-24,-141.403916556000000000000000,0E-24,142.202980882170000000000000000,1.259603840608514842500000000,BASE_E3,permanent,run_dfea4b7ac1475668d5968c97,168
1769471999999999999,2026-01-26,BTCUSDT,54.168616320000000000000000,-53.84000000000000000000000000,0.3500501577600000000,0E-10,0,0E-26,0E-24,54.168616320000000000000000,0E-24,-53.84000000000000000000000000,0.67866647776000000000000000,BASE_E3,permanent,run_dfea4b7ac1475668d5968c97,168
1769471999999999999,2026-01-26,ETHUSDT,117.668108698000000000000000,-117.703972671480000000000000000,-0.1637440031793211776,0E-9,0,0E-26,0E-24,117.668108698000000000000000,0E-24,-117.703972671480000000000000000,-0.199607976659321177600000000,BASE_E3,permanent,run_dfea4b7ac1475668d5968c97,168
1769558399999999999,2026-01-27,BTCUSDT,28.927372448000000000000000,-28.79107431872000000000000000,0.5021855120885600736,0E-10,0,0E-26,0E-24,28.927372448000000000000000,0E-24,-28.79107431872000000000000000,0.63848364136856007360000000,BASE_E3,permanent,run_dfea4b7ac1475668d5968c97,168
1769558399999999999,2026-01-27,ETHUSDT,101.482688699000000000000000,-101.076955746390000000000000000,0.7851796537109368896,0E-9,0,0E-26,0E-24,101.482688699000000000000000,0E-24,-101.076955746390000000000000000,1.190912606320936889600000000,BASE_E3,permanent,run_dfea4b7ac1475668d5968c97,168
1769644799999999999,2026-01-28,BTCUSDT,0.375077504000000000000000,-0.45052568128000000000000000,0.4637093388423431136,0E-10,0,0E-26,0E-24,0.375077504000000000000000,0E-24,-0.45052568128000000000000000,0.38826116156234311360000000,BASE_E3,permanent,run_dfea4b7ac1475668d5968c97,168
1769644799999999999,2026-01-28,ETHUSDT,-18.796990695000000000000000,18.374850000000000000000000000,0.7219058924493000000,0E-9,0,0E-26,0E-24,-18.796990695000000000000000,0E-24,18.374850000000000000000000000,0.299765197449300000000000000,BASE_E3,permanent,run_dfea4b7ac1475668d5968c97,168
1769731199999999999,2026-01-29,BTCUSDT,-146.001158656000000000000000,145.79840000000000000000000000,0.4807296388180794912,0E-10,0,0E-26,0E-24,-146.001158656000000000000000,0E-24,145.79840000000000000000000000,0.27797098281807949120000000,BASE_E3,permanent,run_dfea4b7ac1475668d5968c97,168
1769731199999999999,2026-01-29,ETHUSDT,-195.688783241000000000000000,195.879908928600000000000000000,0.2423430666366830523,0E-9,0,0E-26,0E-24,-195.688783241000000000000000,0E-24,195.879908928600000000000000000,0.433468754236683052300000000,BASE_E3,permanent,run_dfea4b7ac1475668d5968c97,168
1769817599999999999,2026-01-30,BTCUSDT,-13.942194080000000000000000,13.94560000000000000000000000,0.1748745342854882048,0E-10,0,0E-26,0E-24,-13.942194080000000000000000,0E-24,13.94560000000000000000000000,0.17828045428548820480000000,BASE_E3,permanent,run_dfea4b7ac1475668d5968c97,168
1769817599999999999,2026-01-30,ETHUSDT,-121.364323675000000000000000,121.292866049940000000000000000,0.0035594194989993705,0E-9,0,0E-26,0E-24,-121.364323675000000000000000,0E-24,121.292866049940000000000000000,-0.067898205561000629500000000,BASE_E3,permanent,run_dfea4b7ac1475668d5968c97,168
1769903999999999999,2026-01-31,BTCUSDT,-177.794737696000000000000000,177.40800000000000000000000000,0.5272945352816227552,0E-10,0,0E-26,0E-24,-177.794737696000000000000000,0E-24,177.40800000000000000000000000,0.14055683928162275520000000,BASE_E3,permanent,run_dfea4b7ac1475668d5968c97,168
1769903999999999999,2026-01-31,ETHUSDT,-273.477786190000000000000000,273.654105278580000000000000000,-0.3847982751444828438,0E-9,0,0E-26,0E-24,-273.477786190000000000000000,0E-24,273.654105278580000000000000000,-0.208479186564482843800000000,BASE_E3,permanent,run_dfea4b7ac1475668d5968c97,168
1769990399999999999,2026-02-01,BTCUSDT,-53.230602528000000000000000,53.43360000000000000000000000,0.0462024155080673056,0E-10,0,0E-26,0E-24,-53.230602528000000000000000,0E-24,53.43360000000000000000000000,0.24919988750806730560000000,BASE_E3,permanent,run_dfea4b7ac1475668d5968c97,168
1769990399999999999,2026-02-01,ETHUSDT,-187.632930086000000000000000,187.046708232150000000000000000,-0.5659984941313647204,0E-9,0,0E-26,0E-24,-187.632930086000000000000000,0E-24,187.046708232150000000000000000,-1.152220347981364720400000000,BASE_E3,permanent,run_dfea4b7ac1475668d5968c97,168
1770076799999999999,2026-02-02,BTCUSDT,54.343673824000000000000000,-54.79951721728000000000000000,-0.2169857295040000000,0E-10,0,0E-26,0E-24,54.343673824000000000000000,0E-24,-54.79951721728000000000000000,-0.67282912278400000000000000,BASE_E3,permanent,run_dfea4b7ac1475668d5968c97,168
1770076799999999999,2026-02-02,ETHUSDT,80.421634699000000000000000,-80.050488489270000000000000000,-0.8308056458395706688,0E-9,0,0E-26,0E-24,80.421634699000000000000000,0E-24,-80.050488489270000000000000000,-0.459659436109570668800000000,BASE_E3,permanent,run_dfea4b7ac1475668d5968c97,168
1770163199999999999,2026-02-03,BTCUSDT,-96.173776416000000000000000,96.79369553600000000000000000,-0.0105297546024073664,0E-10,0,0E-26,0E-24,-96.173776416000000000000000,0E-24,96.79369553600000000000000000,0.60938936539759263360000000,BASE_E3,permanent,run_dfea4b7ac1475668d5968c97,168
1770163199999999999,2026-02-03,ETHUSDT,-120.532412042000000000000000,120.547440000000000000000000000,-0.4523232032465005548,0E-9,0,0E-26,0E-24,-120.532412042000000000000000,0E-24,120.547440000000000000000000000,-0.437295245246500554800000000,BASE_E3,permanent,run_dfea4b7ac1475668d5968c97,168
1770249599999999999,2026-02-04,BTCUSDT,-82.283747552000000000000000,82.02270979712000000000000000,0.1992932171840000000,0E-10,0,0E-26,0E-24,-82.283747552000000000000000,0E-24,82.02270979712000000000000000,-0.06174453769600000000000000,BASE_E3,permanent,run_dfea4b7ac1475668d5968c97,168
1770249599999999999,2026-02-04,ETHUSDT,-88.572262597000000000000000,88.051313092860000000000000000,-0.1467507773576420550,0E-9,0,0E-26,0E-24,-88.572262597000000000000000,0E-24,88.051313092860000000000000000,-0.667700281497642055000000000,BASE_E3,permanent,run_dfea4b7ac1475668d5968c97,168
1770335999999999999,2026-02-05,BTCUSDT,-331.589635648000000000000000,332.17430260864000000000000000,0.1144754030254262688,0E-10,0,0E-26,0E-24,-331.589635648000000000000000,0E-24,332.17430260864000000000000000,0.69914236366542626880000000,BASE_E3,permanent,run_dfea4b7ac1475668d5968c97,168
1770335999999999999,2026-02-05,ETHUSDT,-340.136022100000000000000000,341.193606907140000000000000000,-0.0475199061469988076,0E-9,0,0E-26,0E-24,-340.136022100000000000000000,0E-24,341.193606907140000000000000000,1.010064900993001192400000000,BASE_E3,permanent,run_dfea4b7ac1475668d5968c97,168
1770422399999999999,2026-02-06,BTCUSDT,249.606078112000000000000000,-249.95827872448000000000000000,-0.6116914624561600000,0E-10,0,0E-26,0E-24,249.606078112000000000000000,0E-24,-249.95827872448000000000000000,-0.96389207493616000000000000,BASE_E3,permanent,run_dfea4b7ac1475668d5968c97,168
1770422399999999999,2026-02-06,ETHUSDT,252.932728013000000000000000,-254.023034439330000000000000000,-0.6624947268510722541,0E-9,0,0E-26,0E-24,252.932728013000000000000000,0E-24,-254.023034439330000000000000000,-1.752801153181072254100000000,BASE_E3,permanent,run_dfea4b7ac1475668d5968c97,168
1770508799999999999,2026-02-07,BTCUSDT,-40.646304224000000000000000,40.67588800000000000000000000,-0.5882837407680000000,0E-10,0,0E-26,0E-24,-40.646304224000000000000000,0E-24,40.67588800000000000000000000,-0.55869996476800000000000000,BASE_E3,permanent,run_dfea4b7ac1475668d5968c97,168
1770508799999999999,2026-02-07,ETHUSDT,28.948418723000000000000000,-28.854885560670000000000000000,0.2486209575213000000,0E-9,0,0E-26,0E-24,28.948418723000000000000000,0E-24,-28.854885560670000000000000000,0.342154119851300000000000000,BASE_E3,permanent,run_dfea4b7ac1475668d5968c97,168
1770595199999999999,2026-02-08,BTCUSDT,30.950614752000000000000000,-30.61760000000000000000000000,-0.2652157580800000000,0E-10,0,0E-26,0E-24,30.950614752000000000000000,0E-24,-30.61760000000000000000000000,0.06779899392000000000000000,BASE_E3,permanent,run_dfea4b7ac1475668d5968c97,168
1770595199999999999,2026-02-08,ETHUSDT,-2.822181236000000000000000,3.359070000000000000000000000,-0.1280660665415953185,0E-9,0,0E-26,0E-24,-2.822181236000000000000000,0E-24,3.359070000000000000000000000,0.408822697458404681500000000,BASE_E3,permanent,run_dfea4b7ac1475668d5968c97,168
1770681599999999999,2026-02-09,BTCUSDT,-3.918151776000000000000000,3.37280000000000000000000000,-0.1229260072819150400,0E-10,0,0E-26,0E-24,-3.918151776000000000000000,0E-24,3.37280000000000000000000000,-0.66827778328191504000000000,BASE_E3,permanent,run_dfea4b7ac1475668d5968c97,168
1770681599999999999,2026-02-09,ETHUSDT,16.648763187000000000000000,-17.260678049940000000000000000,-0.2017120897161943209,0E-9,0,0E-26,0E-24,16.648763187000000000000000,0E-24,-17.260678049940000000000000000,-0.813626952656194320900000000,BASE_E3,permanent,run_dfea4b7ac1475668d5968c97,168
1770767999999999999,2026-02-10,BTCUSDT,-42.730032576000000000000000,43.12000000000000000000000000,-0.4991994515520000000,0E-10,0,0E-26,0E-24,-42.730032576000000000000000,0E-24,43.12000000000000000000000000,-0.10923202755200000000000000,BASE_E3,permanent,run_dfea4b7ac1475668d5968c97,168
1770767999999999999,2026-02-10,ETHUSDT,-88.003614139000000000000000,88.773416645940000000000000000,-0.6404277271743000000,0E-9,0,0E-26,0E-24,-88.003614139000000000000000,0E-24,88.773416645940000000000000000,0.129374779765700000000000000,BASE_E3,permanent,run_dfea4b7ac1475668d5968c97,168
1770854399999999999,2026-02-11,BTCUSDT,-57.665926016000000000000000,57.40552973920000000000000000,-0.1745080603520000000,0E-10,0,0E-26,0E-24,-57.665926016000000000000000,0E-24,57.40552973920000000000000000,-0.43490433715200000000000000,BASE_E3,permanent,run_dfea4b7ac1475668d5968c97,168
1770854399999999999,2026-02-11,ETHUSDT,-83.622914907000000000000000,82.941301404000000000000000000,-0.6961176581266916658,0E-9,0,0E-26,0E-24,-83.622914907000000000000000,0E-24,82.941301404000000000000000000,-1.377731161126691665800000000,BASE_E3,permanent,run_dfea4b7ac1475668d5968c97,168
1770940799999999999,2026-02-12,BTCUSDT,-24.669986752000000000000000,24.36087026080000000000000000,0.0084965081883832352,0E-10,0,0E-26,0E-24,-24.669986752000000000000000,0E-24,24.36087026080000000000000000,-0.30061998301161676480000000,BASE_E3,permanent,run_dfea4b7ac1475668d5968c97,168
1770940799999999999,2026-02-12,ETHUSDT,5.739137215000000000000000,-5.991570000000000000000000000,-0.0898440187207704804,0E-9,0,0E-26,0E-24,5.739137215000000000000000,0E-24,-5.991570000000000000000000000,-0.342276803720770480400000000,BASE_E3,permanent,run_dfea4b7ac1475668d5968c97,168
1771027199999999999,2026-02-13,BTCUSDT,83.897988960000000000000000,-83.68960000000000000000000000,0.1108441097615388800,0E-10,0,0E-26,0E-24,83.897988960000000000000000,0E-24,-83.68960000000000000000000000,0.31923306976153888000000000,BASE_E3,permanent,run_dfea4b7ac1475668d5968c97,168
1771027199999999999,2026-02-13,ETHUSDT,107.316600657000000000000000,-107.100630000000000000000000000,-0.1857198983796000000,0E-9,0,0E-26,0E-24,107.316600657000000000000000,0E-24,-107.100630000000000000000000000,0.030250758620400000000000000,BASE_E3,permanent,run_dfea4b7ac1475668d5968c97,168
1771113599999999999,2026-02-14,BTCUSDT,29.250604768000000000000000,-29.33440000000000000000000000,0.0296498763127061888,0E-10,0,0E-26,0E-24,29.250604768000000000000000,0E-24,-29.33440000000000000000000000,-0.05414535568729381120000000,BASE_E3,permanent,run_dfea4b7ac1475668d5968c97,168
1771113599999999999,2026-02-14,ETHUSDT,39.236743602000000000000000,-39.112034348790000000000000000,-0.0167679169112840112,0E-9,0,0E-26,0E-24,39.236743602000000000000000,0E-24,-39.112034348790000000000000000,0.107941336298715988800000000,BASE_E3,permanent,run_dfea4b7ac1475668d5968c97,168
1771199999999999999,2026-02-15,BTCUSDT,-31.271606848000000000000000,31.41120000000000000000000000,0.0293870795840000000,0E-10,0,0E-26,0E-24,-31.271606848000000000000000,0E-24,31.41120000000000000000000000,0.16898023158400000000000000,BASE_E3,permanent,run_dfea4b7ac1475668d5968c97,168
1771199999999999999,2026-02-15,ETHUSDT,-126.555873486000000000000000,126.658748209500000000000000000,-0.1630805103349759350,0E-9,0,0E-26,0E-24,-126.555873486000000000000000,0E-24,126.658748209500000000000000000,-0.060205786834975935000000000,BASE_E3,permanent,run_dfea4b7ac1475668d5968c97,168
1771286399999999999,2026-02-16,BTCUSDT,1.566556640000000000000000,-1.70560000000000000000000000,-0.1021762019616155456,0E-10,0,0E-26,0E-24,1.566556640000000000000000,0E-24,-1.70560000000000000000000000,-0.24121956196161554560000000,BASE_E3,permanent,run_dfea4b7ac1475668d5968c97,168
1771286399999999999,2026-02-16,ETHUSDT,33.718747454000000000000000,-34.191203860710000000000000000,-0.3049577813036959425,0E-9,0,0E-26,0E-24,33.718747454000000000000000,0E-24,-34.191203860710000000000000000,-0.777414188013695942500000000,BASE_E3,permanent,run_dfea4b7ac1475668d5968c97,168
1771372799999999999,2026-02-17,BTCUSDT,-43.489788544000000000000000,43.53280000000000000000000000,0.2975242123595171360,0E-10,0,0E-26,0E-24,-43.489788544000000000000000,0E-24,43.53280000000000000000000000,0.34053566835951713600000000,BASE_E3,permanent,run_dfea4b7ac1475668d5968c97,168
1771372799999999999,2026-02-17,ETHUSDT,-6.349907781000000000000000,6.572956603590000000000000000,0.0309799418175000000,0E-9,0,0E-26,0E-24,-6.349907781000000000000000,0E-24,6.572956603590000000000000000,0.254028764407500000000000000,BASE_E3,permanent,run_dfea4b7ac1475668d5968c97,168
1771459199999999999,2026-02-18,BTCUSDT,-33.759855648000000000000000,33.88800000000000000000000000,0.1443930074367215360,0E-10,0,0E-26,0E-24,-33.759855648000000000000000,0E-24,33.88800000000000000000000000,0.27253735943672153600000000,BASE_E3,permanent,run_dfea4b7ac1475668d5968c97,168
1771459199999999999,2026-02-18,ETHUSDT,-39.657964682000000000000000,39.969520953570000000000000000,-0.0749551727499333408,0E-9,0,0E-26,0E-24,-39.657964682000000000000000,0E-24,39.969520953570000000000000000,0.236601098820066659200000000,BASE_E3,permanent,run_dfea4b7ac1475668d5968c97,168
1771545599999999999,2026-02-19,BTCUSDT,17.145394368000000000000000,-17.09440000000000000000000000,-0.0924008785174814528,0E-10,0,0E-26,0E-24,17.145394368000000000000000,0E-24,-17.09440000000000000000000000,-0.04140651051748145280000000,BASE_E3,permanent,run_dfea4b7ac1475668d5968c97,168
1771545599999999999,2026-02-19,ETHUSDT,-5.918156174000000000000000,5.433602442840000000000000000,-0.4396038594930481473,0E-9,0,0E-26,0E-24,-5.918156174000000000000000,0E-24,5.433602442840000000000000000,-0.924157590653048147300000000,BASE_E3,permanent,run_dfea4b7ac1475668d5968c97,168
1771631999999999999,2026-02-20,BTCUSDT,33.136113280000000000000000,-33.22560000000000000000000000,0.1287221911432666240,0E-10,0,0E-26,0E-24,33.136113280000000000000000,0E-24,-33.22560000000000000000000000,0.03923547114326662400000000,BASE_E3,permanent,run_dfea4b7ac1475668d5968c97,168
1771631999999999999,2026-02-20,ETHUSDT,21.419091918000000000000000,-21.323094903630000000000000000,-0.3089635131232196820,0E-9,0,0E-26,0E-24,21.419091918000000000000000,0E-24,-21.323094903630000000000000000,-0.212966498753219682000000000,BASE_E3,permanent,run_dfea4b7ac1475668d5968c97,168
1771718399999999999,2026-02-21,BTCUSDT,-0.333793376000000000000000,0.39430191296000000000000000,0.2218753095987679264,0E-10,0,0E-26,0E-24,-0.333793376000000000000000,0E-24,0.39430191296000000000000000,0.28238384655876792640000000,BASE_E3,permanent,run_dfea4b7ac1475668d5968c97,168
1771718399999999999,2026-02-21,ETHUSDT,4.738737150000000000000000,-4.953924214200000000000000000,0.2967660460085204754,0E-9,0,0E-26,0E-24,4.738737150000000000000000,0E-24,-4.953924214200000000000000000,0.081578981808520475400000000,BASE_E3,permanent,run_dfea4b7ac1475668d5968c97,168
1771804799999999999,2026-02-22,BTCUSDT,-11.440183904000000000000000,11.52889808704000000000000000,0.1244385456353899072,0E-10,0,0E-26,0E-24,-11.440183904000000000000000,0E-24,11.52889808704000000000000000,0.21315272867538990720000000,BASE_E3,permanent,run_dfea4b7ac1475668d5968c97,168
1771804799999999999,2026-02-22,ETHUSDT,-16.838312673000000000000000,17.031679117830000000000000000,0.0227567775721749957,0E-9,0,0E-26,0E-24,-16.838312673000000000000000,0E-24,17.031679117830000000000000000,0.216123222402174995700000000,BASE_E3,permanent,run_dfea4b7ac1475668d5968c97,168
1771891199999999999,2026-02-23,BTCUSDT,-97.116590688000000000000000,96.76102933344000000000000000,0.0010425156462632928,0E-10,0,0E-26,0E-24,-97.116590688000000000000000,0E-24,96.76102933344000000000000000,-0.35451883891373670720000000,BASE_E3,permanent,run_dfea4b7ac1475668d5968c97,168
1771891199999999999,2026-02-23,ETHUSDT,-107.558802778000000000000000,107.445997678500000000000000000,-0.7606199023681126518,0E-9,0,0E-26,0E-24,-107.558802778000000000000000,0E-24,107.445997678500000000000000000,-0.873425001868112651800000000,BASE_E3,permanent,run_dfea4b7ac1475668d5968c97,168
1771977599999999999,2026-02-24,BTCUSDT,-17.585118336000000000000000,17.65177066656000000000000000,0.0901720095193223936,0E-10,0,0E-26,0E-24,-17.585118336000000000000000,0E-24,17.65177066656000000000000000,0.15682434007932239360000000,BASE_E3,permanent,run_dfea4b7ac1475668d5968c97,168
1771977599999999999,2026-02-24,ETHUSDT,-3.327646532000000000000000,3.392782321500000000000000000,-0.0922662982457097336,0E-9,0,0E-26,0E-24,-3.327646532000000000000000,0E-24,3.392782321500000000000000000,-0.027130508745709733600000000,BASE_E3,permanent,run_dfea4b7ac1475668d5968c97,168
1772063999999999999,2026-02-25,BTCUSDT,123.293608128000000000000000,-123.29600000000000000000000000,0.0284797317888272736,0E-10,0,0E-26,0E-24,123.293608128000000000000000,0E-24,-123.29600000000000000000000000,0.02608785978882727360000000,BASE_E3,permanent,run_dfea4b7ac1475668d5968c97,168
1772063999999999999,2026-02-25,ETHUSDT,211.094944242000000000000000,-210.757950000000000000000000000,0.1649229018297189966,0E-9,0,0E-26,0E-24,211.094944242000000000000000,0E-24,-210.757950000000000000000000000,0.501917143829718996600000000,BASE_E3,permanent,run_dfea4b7ac1475668d5968c97,168
1772150399999999999,2026-02-26,BTCUSDT,-15.262646112000000000000000,15.77600000000000000000000000,0.0184431227176203136,0E-10,0,0E-26,0E-24,-15.262646112000000000000000,0E-24,15.77600000000000000000000000,0.53179701071762031360000000,BASE_E3,permanent,run_dfea4b7ac1475668d5968c97,168
1772150399999999999,2026-02-26,ETHUSDT,-28.148098671000000000000000,28.062017374950000000000000000,0.1966758855869617173,0E-9,0,0E-26,0E-24,-28.148098671000000000000000,0E-24,28.062017374950000000000000000,0.110594589536961717300000000,BASE_E3,permanent,run_dfea4b7ac1475668d5968c97,168
1772236799999999999,2026-02-27,BTCUSDT,-50.328872384000000000000000,50.04996266656000000000000000,-0.2111067802606989824,0E-10,0,0E-26,0E-24,-50.328872384000000000000000,0E-24,50.04996266656000000000000000,-0.49001649770069898240000000,BASE_E3,permanent,run_dfea4b7ac1475668d5968c97,168
1772236799999999999,2026-02-27,ETHUSDT,-100.998284457000000000000000,101.021840578620000000000000000,-0.1890770110776250470,0E-9,0,0E-26,0E-24,-100.998284457000000000000000,0E-24,101.021840578620000000000000000,-0.165520889457625047000000000,BASE_E3,permanent,run_dfea4b7ac1475668d5968c97,168
1772323199999999999,2026-02-28,BTCUSDT,35.540513696000000000000000,-35.74111281152000000000000000,-0.0802112833672604064,0E-10,0,0E-26,0E-24,35.540513696000000000000000,0E-24,-35.74111281152000000000000000,-0.28081039888726040640000000,BASE_E3,permanent,run_dfea4b7ac1475668d5968c97,168
1772323199999999999,2026-02-28,ETHUSDT,36.140768664000000000000000,-36.345813278580000000000000000,-0.5085154561795868664,0E-9,0,0E-26,0E-24,36.140768664000000000000000,0E-24,-36.345813278580000000000000000,-0.713560070759586866400000000,BASE_E3,permanent,run_dfea4b7ac1475668d5968c97,168
1772409599999999999,2026-03-01,BTCUSDT,-40.598299424000000000000000,40.50715014496000000000000000,0.1462755747218003456,0E-10,0,0E-26,0E-24,-40.598299424000000000000000,0E-24,40.50715014496000000000000000,0.05512629568180034560000000,BASE_E3,permanent,run_dfea4b7ac1475668d5968c97,168
1772409599999999999,2026-03-01,ETHUSDT,-27.611041794000000000000000,27.809395325010000000000000000,0.1458987066969457896,0E-9,0,0E-26,0E-24,-27.611041794000000000000000,0E-24,27.809395325010000000000000000,0.344252237706945789600000000,BASE_E3,permanent,run_dfea4b7ac1475668d5968c97,168
1772495999999999999,2026-03-02,BTCUSDT,97.602719296000000000000000,-97.38022631872000000000000000,-0.0715334842240000000,0E-10,0,0E-26,0E-24,97.602719296000000000000000,0E-24,-97.38022631872000000000000000,0.15095949305600000000000000,BASE_E3,permanent,run_dfea4b7ac1475668d5968c97,168
1772495999999999999,2026-03-02,ETHUSDT,93.068797626000000000000000,-93.555988950060000000000000000,-0.3887778104857586160,0E-9,0,0E-26,0E-24,93.068797626000000000000000,0E-24,-93.555988950060000000000000000,-0.875969134545758616000000000,BASE_E3,permanent,run_dfea4b7ac1475668d5968c97,168
1772582399999999999,2026-03-03,BTCUSDT,-15.567956640000000000000000,15.83142631872000000000000000,0.0593329524755250432,0E-10,0,0E-26,0E-24,-15.567956640000000000000000,0E-24,15.83142631872000000000000000,0.32280263119552504320000000,BASE_E3,permanent,run_dfea4b7ac1475668d5968c97,168
1772582399999999999,2026-03-03,ETHUSDT,-47.029333582000000000000000,47.192398950060000000000000000,-0.1513635719765381901,0E-9,0,0E-26,0E-24,-47.029333582000000000000000,0E-24,47.192398950060000000000000000,0.011701796083461809900000000,BASE_E3,permanent,run_dfea4b7ac1475668d5968c97,168
1772668799999999999,2026-03-04,BTCUSDT,142.621620736000000000000000,-142.98404800000000000000000000,0.0481281999104466560,0E-10,0,0E-26,0E-24,142.621620736000000000000000,0E-24,-142.98404800000000000000000000,-0.31429906408955334400000000,BASE_E3,permanent,run_dfea4b7ac1475668d5968c97,168
1772668799999999999,2026-03-04,ETHUSDT,152.882190986000000000000000,-152.628586957080000000000000000,-0.0086209160073591204,0E-9,0,0E-26,0E-24,152.882190986000000000000000,0E-24,-152.628586957080000000000000000,0.244983112912640879600000000,BASE_E3,permanent,run_dfea4b7ac1475668d5968c97,168
1772755199999999999,2026-03-05,BTCUSDT,-61.609360320000000000000000,61.00921994208000000000000000,0.2013303391947837600,0E-10,0,0E-26,0E-24,-61.609360320000000000000000,0E-24,61.00921994208000000000000000,-0.39881003872521624000000000,BASE_E3,permanent,run_dfea4b7ac1475668d5968c97,168
1772755199999999999,2026-03-05,ETHUSDT,-58.855115403000000000000000,58.541926821300000000000000000,-0.0804887870396700636,0E-9,0,0E-26,0E-24,-58.855115403000000000000000,0E-24,58.541926821300000000000000000,-0.393677368739670063600000000,BASE_E3,permanent,run_dfea4b7ac1475668d5968c97,168
1772841599999999999,2026-03-06,BTCUSDT,-86.016920832000000000000000,86.30855951232000000000000000,-0.0789503736093086560,0E-10,0,0E-26,0E-24,-86.016920832000000000000000,0E-24,86.30855951232000000000000000,0.21268830671069134400000000,BASE_E3,permanent,run_dfea4b7ac1475668d5968c97,168
1772841599999999999,2026-03-06,ETHUSDT,-98.070797951000000000000000,98.076740596380000000000000000,-0.1619537989878125928,0E-9,0,0E-26,0E-24,-98.070797951000000000000000,0E-24,98.076740596380000000000000000,-0.156011153607812592800000000,BASE_E3,permanent,run_dfea4b7ac1475668d5968c97,168
1772927999999999999,2026-03-07,BTCUSDT,-27.556355360000000000000000,27.77506854560000000000000000,-0.0015754676991146048,0E-10,0,0E-26,0E-24,-27.556355360000000000000000,0E-24,27.77506854560000000000000000,0.21713771790088539520000000,BASE_E3,permanent,run_dfea4b7ac1475668d5968c97,168
1772927999999999999,2026-03-07,ETHUSDT,-9.466943773000000000000000,10.029422775060000000000000000,-0.1702693487985951825,0E-9,0,0E-26,0E-24,-9.466943773000000000000000,0E-24,10.029422775060000000000000000,0.392209653261404817500000000,BASE_E3,permanent,run_dfea4b7ac1475668d5968c97,168
1773014399999999999,2026-03-08,BTCUSDT,-42.311750752000000000000000,42.45001089856000000000000000,-0.1823884954044238944,0E-10,0,0E-26,0E-24,-42.311750752000000000000000,0E-24,42.45001089856000000000000000,-0.04412834884442389440000000,BASE_E3,permanent,run_dfea4b7ac1475668d5968c97,168
1773014399999999999,2026-03-08,ETHUSDT,-35.350979139000000000000000,34.937389039410000000000000000,-0.4331921049343287738,0E-9,0,0E-26,0E-24,-35.350979139000000000000000,0E-24,34.937389039410000000000000000,-0.846782204524328773800000000,BASE_E3,permanent,run_dfea4b7ac1475668d5968c97,168
1773100799999999999,2026-03-09,BTCUSDT,78.419361152000000000000000,-78.31241089856000000000000000,-0.2962405620340727840,0E-10,0,0E-26,0E-24,78.419361152000000000000000,0E-24,-78.31241089856000000000000000,-0.18929030859407278400000000,BASE_E3,permanent,run_dfea4b7ac1475668d5968c97,168
1773100799999999999,2026-03-09,ETHUSDT,59.844984941000000000000000,-60.066042275070000000000000000,-0.2895500017243813824,0E-9,0,0E-26,0E-24,59.844984941000000000000000,0E-24,-60.066042275070000000000000000,-0.510607335794381382400000000,BASE_E3,permanent,run_dfea4b7ac1475668d5968c97,168
1773187199999999999,2026-03-10,BTCUSDT,48.579897504000000000000000,-48.33859334336000000000000000,0.0149565656796926080,0E-10,0,0E-26,0E-24,48.579897504000000000000000,0E-24,-48.33859334336000000000000000,0.25626072631969260800000000,BASE_E3,permanent,run_dfea4b7ac1475668d5968c97,168
1773187199999999999,2026-03-10,ETHUSDT,45.870975612000000000000000,-45.554760177030000000000000000,0.2574187441768237464,0E-9,0,0E-26,0E-24,45.870975612000000000000000,0E-24,-45.554760177030000000000000000,0.573634179146823746400000000,BASE_E3,permanent,run_dfea4b7ac1475668d5968c97,168
1773273599999999999,2026-03-11,BTCUSDT,9.268126720000000000000000,-9.00540665664000000000000000,-0.4950495338871003392,0E-10,0,0E-26,0E-24,9.268126720000000000000000,0E-24,-9.00540665664000000000000000,-0.23232947052710033920000000,BASE_E3,permanent,run_dfea4b7ac1475668d5968c97,168
1773273599999999999,2026-03-11,ETHUSDT,15.995870513000000000000000,-16.193159822970000000000000000,0.0545374749781922112,0E-9,0,0E-26,0E-24,15.995870513000000000000000,0E-24,-16.193159822970000000000000000,-0.142751834991807788800000000,BASE_E3,permanent,run_dfea4b7ac1475668d5968c97,168
1773359999999999999,2026-03-12,BTCUSDT,9.103310240000000000000000,-9.41467014496000000000000000,-0.4615731505853529856,0E-10,0,0E-26,0E-24,9.103310240000000000000000,0E-24,-9.41467014496000000000000000,-0.77293305554535298560000000,BASE_E3,permanent,run_dfea4b7ac1475668d5968c97,168
1773359999999999999,2026-03-12,ETHUSDT,22.314186713000000000000000,-22.417504739370000000000000000,-0.1598254979075047800,0E-9,0,0E-26,0E-24,22.314186713000000000000000,0E-24,-22.417504739370000000000000000,-0.263143524277504780000000000,BASE_E3,permanent,run_dfea4b7ac1475668d5968c97,168
1773446399999999999,2026-03-13,BTCUSDT,14.901009952000000000000000,-15.23034944928000000000000000,0.0200864191794067936,0E-10,0,0E-26,0E-24,14.901009952000000000000000,0E-24,-15.23034944928000000000000000,-0.30925307810059320640000000,BASE_E3,permanent,run_dfea4b7ac1475668d5968c97,168
1773446399999999999,2026-03-13,ETHUSDT,21.029462419000000000000000,-20.807582031990000000000000000,0.0950370486957971937,0E-9,0,0E-26,0E-24,21.029462419000000000000000,0E-24,-20.807582031990000000000000000,0.316917435705797193700000000,BASE_E3,permanent,run_dfea4b7ac1475668d5968c97,168
1773532799999999999,2026-03-14,BTCUSDT,7.747654688000000000000000,-7.46698040576000000000000000,-0.2081775221940862432,0E-10,0,0E-26,0E-24,7.747654688000000000000000,0E-24,-7.46698040576000000000000000,0.07249676004591375680000000,BASE_E3,permanent,run_dfea4b7ac1475668d5968c97,168
1773532799999999999,2026-03-14,ETHUSDT,3.443482329000000000000000,-3.346491135780000000000000000,-0.0822770689437911448,0E-9,0,0E-26,0E-24,3.443482329000000000000000,0E-24,-3.346491135780000000000000000,0.014714124276208855200000000,BASE_E3,permanent,run_dfea4b7ac1475668d5968c97,168
1773619199999999999,2026-03-15,BTCUSDT,51.019181408000000000000000,-51.38145785504000000000000000,-0.1297619489590300736,0E-10,0,0E-26,0E-24,51.019181408000000000000000,0E-24,-51.38145785504000000000000000,-0.49203839599903007360000000,BASE_E3,permanent,run_dfea4b7ac1475668d5968c97,168
1773619199999999999,2026-03-15,ETHUSDT,85.844856104000000000000000,-86.032246814280000000000000000,0.0037607860251000000,0E-9,0,0E-26,0E-24,85.844856104000000000000000,0E-24,-86.032246814280000000000000000,-0.183629924254900000000000000,BASE_E3,permanent,run_dfea4b7ac1475668d5968c97,168
1773705599999999999,2026-03-16,BTCUSDT,65.584477792000000000000000,-65.54641808704000000000000000,0.2734961451963461440,0E-10,0,0E-26,0E-24,65.584477792000000000000000,0E-24,-65.54641808704000000000000000,0.31155585015634614400000000,BASE_E3,permanent,run_dfea4b7ac1475668d5968c97,168
1773705599999999999,2026-03-16,ETHUSDT,182.357136059000000000000000,-182.032575278580000000000000000,0.5805487327004618292,0E-9,0,0E-26,0E-24,182.357136059000000000000000,0E-24,-182.032575278580000000000000000,0.905109513120461829200000000,BASE_E3,permanent,run_dfea4b7ac1475668d5968c97,168
1773791999999999999,2026-03-17,BTCUSDT,-29.610000704000000000000000,29.84804591296000000000000000,-0.0835055968416197408,0E-10,0,0E-26,0E-24,-29.610000704000000000000000,0E-24,29.84804591296000000000000000,0.15453961211838025920000000,BASE_E3,permanent,run_dfea4b7ac1475668d5968c97,168
1773791999999999999,2026-03-17,ETHUSDT,-34.761269627000000000000000,34.447352228640000000000000000,0.1500132315829144023,0E-9,0,0E-26,0E-24,-34.761269627000000000000000,0E-24,34.447352228640000000000000000,-0.163904166777085597700000000,BASE_E3,permanent,run_dfea4b7ac1475668d5968c97,168
1773878399999999999,2026-03-18,BTCUSDT,-85.453344480000000000000000,85.49583002912000000000000000,-0.2137348792987988960,0E-10,0,0E-26,0E-24,-85.453344480000000000000000,0E-24,85.49583002912000000000000000,-0.17124933017879889600000000,BASE_E3,permanent,run_dfea4b7ac1475668d5968c97,168
1773878399999999999,2026-03-18,ETHUSDT,-120.848327852000000000000000,121.395717214200000000000000000,0.0362155515345000000,0E-9,0,0E-26,0E-24,-120.848327852000000000000000,0E-24,121.395717214200000000000000000,0.583604913734500000000000000,BASE_E3,permanent,run_dfea4b7ac1475668d5968c97,168
1773964799999999999,2026-03-19,BTCUSDT,-42.819001472000000000000000,42.76175721728000000000000000,-0.0630552233151940224,0E-10,0,0E-26,0E-24,-42.819001472000000000000000,0E-24,42.76175721728000000000000000,-0.12029947803519402240000000,BASE_E3,permanent,run_dfea4b7ac1475668d5968c97,168
1773964799999999999,2026-03-19,ETHUSDT,-69.238215025000000000000000,69.183030557160000000000000000,-0.0271986935577655194,0E-9,0,0E-26,0E-24,-69.238215025000000000000000,0E-24,69.183030557160000000000000000,-0.082383161397765519400000000,BASE_E3,permanent,run_dfea4b7ac1475668d5968c97,168
1774051199999999999,2026-03-20,BTCUSDT,19.573797184000000000000000,-19.65577868640000000000000000,0.0260582049449813664,0E-10,0,0E-26,0E-24,19.573797184000000000000000,0E-24,-19.65577868640000000000000000,-0.05592329745501863360000000,BASE_E3,permanent,run_dfea4b7ac1475668d5968c97,168
1774051199999999999,2026-03-20,ETHUSDT,9.972409069000000000000000,-10.342811728080000000000000000,-0.2790409389875255655,0E-9,0,0E-26,0E-24,9.972409069000000000000000,0E-24,-10.342811728080000000000000000,-0.649443598067525565500000000,BASE_E3,permanent,run_dfea4b7ac1475668d5968c97,168
1774137599999999999,2026-03-21,BTCUSDT,-56.926652096000000000000000,56.79989254144000000000000000,-0.0256695697363700128,0E-10,0,0E-26,0E-24,-56.926652096000000000000000,0E-24,56.79989254144000000000000000,-0.15242912429637001280000000,BASE_E3,permanent,run_dfea4b7ac1475668d5968c97,168
1774137599999999999,2026-03-21,ETHUSDT,-73.039735272000000000000000,73.308571128000000000000000000,0.1258566491320847163,0E-9,0,0E-26,0E-24,-73.039735272000000000000000,0E-24,73.308571128000000000000000000,0.394692505132084716300000000,BASE_E3,permanent,run_dfea4b7ac1475668d5968c97,168
1774223999999999999,2026-03-22,BTCUSDT,-28.579497664000000000000000,28.41092892768000000000000000,-0.2303410663069692320,0E-10,0,0E-26,0E-24,-28.579497664000000000000000,0E-24,28.41092892768000000000000000,-0.39890980262696923200000000,BASE_E3,permanent,run_dfea4b7ac1475668d5968c97,168
1774223999999999999,2026-03-22,ETHUSDT,-25.304856381000000000000000,24.833380600080000000000000000,-0.1605946240815805044,0E-9,0,0E-26,0E-24,-25.304856381000000000000000,0E-24,24.833380600080000000000000000,-0.632070405001580504400000000,BASE_E3,permanent,run_dfea4b7ac1475668d5968c97,168
1774310399999999999,2026-03-23,BTCUSDT,98.356714688000000000000000,-98.18158701440000000000000000,-0.1041043850299137184,0E-10,0,0E-26,0E-24,98.356714688000000000000000,0E-24,-98.18158701440000000000000000,0.07102328857008628160000000,BASE_E3,permanent,run_dfea4b7ac1475668d5968c97,168
1774310399999999999,2026-03-23,ETHUSDT,104.441766786000000000000000,-104.287348674990000000000000000,0.0019102039584619797,0E-9,0,0E-26,0E-24,104.441766786000000000000000,0E-24,-104.287348674990000000000000000,0.156328314968461979700000000,BASE_E3,permanent,run_dfea4b7ac1475668d5968c97,168
1774396799999999999,2026-03-24,BTCUSDT,-12.042164096000000000000000,12.09518701440000000000000000,0.2480119186881505632,0E-10,0,0E-26,0E-24,-12.042164096000000000000000,0E-24,12.09518701440000000000000000,0.30103483708815056320000000,BASE_E3,permanent,run_dfea4b7ac1475668d5968c97,168
1774396799999999999,2026-03-24,ETHUSDT,3.843642355000000000000000,-3.787449880500000000000000000,0.0533167524836743680,0E-9,0,0E-26,0E-24,3.843642355000000000000000,0E-24,-3.787449880500000000000000000,0.109509226983674368000000000,BASE_E3,permanent,run_dfea4b7ac1475668d5968c97,168
1774483199999999999,2026-03-25,BTCUSDT,25.121231872000000000000000,-24.82240000000000000000000000,0.1834636821332948000,0E-10,0,0E-26,0E-24,25.121231872000000000000000,0E-24,-24.82240000000000000000000000,0.48229555413329480000000000,BASE_E3,permanent,run_dfea4b7ac1475668d5968c97,168
1774483199999999999,2026-03-25,ETHUSDT,13.426421925000000000000000,-13.141810698120000000000000000,-0.0026259178023000000,0E-9,0,0E-26,0E-24,13.426421925000000000000000,0E-24,-13.141810698120000000000000000,0.281985309077700000000000000,BASE_E3,permanent,run_dfea4b7ac1475668d5968c97,168
1774569599999999999,2026-03-26,BTCUSDT,-79.808620064000000000000000,79.54240000000000000000000000,0.0402899401280000000,0E-10,0,0E-26,0E-24,-79.808620064000000000000000,0E-24,79.54240000000000000000000000,-0.22593012387200000000000000,BASE_E3,permanent,run_dfea4b7ac1475668d5968c97,168
1774569599999999999,2026-03-26,ETHUSDT,-114.056137937000000000000000,113.877199253610000000000000000,-0.0613211738666972445,0E-9,0,0E-26,0E-24,-114.056137937000000000000000,0E-24,113.877199253610000000000000000,-0.240259857256697244500000000,BASE_E3,permanent,run_dfea4b7ac1475668d5968c97,168
1774655999999999999,2026-03-27,BTCUSDT,-78.877646976000000000000000,79.18400000000000000000000000,-0.1971939429120000000,0E-10,0,0E-26,0E-24,-78.877646976000000000000000,0E-24,79.18400000000000000000000000,0.10915908108800000000000000,BASE_E3,permanent,run_dfea4b7ac1475668d5968c97,168
1774655999999999999,2026-03-27,ETHUSDT,-72.302598382000000000000000,72.370322792820000000000000000,-0.4962224074348788624,0E-9,0,0E-26,0E-24,-72.302598382000000000000000,0E-24,72.370322792820000000000000000,-0.428497996614878862400000000,BASE_E3,permanent,run_dfea4b7ac1475668d5968c97,168
1774742399999999999,2026-03-28,BTCUSDT,-0.008000800000000000000000,-0.14080000000000000000000000,-0.3373408149494659456,0E-10,0,0E-26,0E-24,-0.008000800000000000000000,0E-24,-0.14080000000000000000000000,-0.48614161494946594560000000,BASE_E3,permanent,run_dfea4b7ac1475668d5968c97,168
1774742399999999999,2026-03-28,ETHUSDT,2.337776994000000000000000,-2.251052792820000000000000000,-0.2745357703297293006,0E-9,0,0E-26,0E-24,2.337776994000000000000000,0E-24,-2.251052792820000000000000000,-0.187811569149729300600000000,BASE_E3,permanent,run_dfea4b7ac1475668d5968c97,168
1774828799999999999,2026-03-29,BTCUSDT,-11.075667456000000000000000,11.04640000000000000000000000,-0.0214086943405911168,0E-10,0,0E-26,0E-24,-11.075667456000000000000000,0E-24,11.04640000000000000000000000,-0.05067615034059111680000000,BASE_E3,permanent,run_dfea4b7ac1475668d5968c97,168
1774828799999999999,2026-03-29,ETHUSDT,-9.982939596000000000000000,9.940320000000000000000000000,-0.1800465964268242284,0E-9,0,0E-26,0E-24,-9.982939596000000000000000,0E-24,9.940320000000000000000000000,-0.222666192426824228400000000,BASE_E3,permanent,run_dfea4b7ac1475668d5968c97,168
1774915199999999999,2026-03-30,BTCUSDT,23.150154784000000000000000,-23.27680000000000000000000000,0.0333718572528910016,0E-10,0,0E-26,0E-24,23.150154784000000000000000,0E-24,-23.27680000000000000000000000,-0.09327335874710899840000000,BASE_E3,permanent,run_dfea4b7ac1475668d5968c97,168
1774915199999999999,2026-03-30,ETHUSDT,42.490676445000000000000000,-42.680449046430000000000000000,0.0613163165706000000,0E-9,0,0E-26,0E-24,42.490676445000000000000000,0E-24,-42.680449046430000000000000000,-0.128456284859400000000000000,BASE_E3,permanent,run_dfea4b7ac1475668d5968c97,168
1775001599999999999,2026-03-31,BTCUSDT,49.357575264000000000000000,-49.34437750720000000000000000,-0.0978928196800000000,0E-10,0,0E-26,0E-24,49.357575264000000000000000,0E-24,-49.34437750720000000000000000,-0.08469506288000000000000000,BASE_E3,permanent,run_dfea4b7ac1475668d5968c97,168
1775001599999999999,2026-03-31,ETHUSDT,85.981752955000000000000000,-86.154092792820000000000000000,0.0225037871487000000,0E-9,0,0E-26,0E-24,85.981752955000000000000000,0E-24,-86.154092792820000000000000000,-0.149836050671300000000000000,BASE_E3,permanent,run_dfea4b7ac1475668d5968c97,168
1775087999999999999,2026-04-01,BTCUSDT,-6.069086848000000000000000,6.00997750720000000000000000,-0.0727313379294807776,0E-10,0,0E-26,0E-24,-6.069086848000000000000000,0E-24,6.00997750720000000000000000,-0.13184067872948077760000000,BASE_E3,permanent,run_dfea4b7ac1475668d5968c97,168
1775087999999999999,2026-04-01,ETHUSDT,34.213682223000000000000000,-33.527870996490000000000000000,0.2010736028223000000,0E-9,0,0E-26,0E-24,34.213682223000000000000000,0E-24,-33.527870996490000000000000000,0.886884829332300000000000000,BASE_E3,permanent,run_dfea4b7ac1475668d5968c97,168
1775174399999999999,2026-04-02,BTCUSDT,-38.646424256000000000000000,38.64640000000000000000000000,-0.0633849138392902144,0E-10,0,0E-26,0E-24,-38.646424256000000000000000,0E-24,38.64640000000000000000000000,-0.06340916983929021440000000,BASE_E3,permanent,run_dfea4b7ac1475668d5968c97,168
1775174399999999999,2026-04-02,ETHUSDT,-86.655706683000000000000000,86.188392835740000000000000000,-0.6489274893173718282,0E-9,0,0E-26,0E-24,-86.655706683000000000000000,0E-24,86.188392835740000000000000000,-1.116241336577371828200000000,BASE_E3,permanent,run_dfea4b7ac1475668d5968c97,168
1775260799999999999,2026-04-03,BTCUSDT,1.788658848000000000000000,-1.90469165216000000000000000,-0.0231222049488000160,0E-10,0,0E-26,0E-24,1.788658848000000000000000,0E-24,-1.90469165216000000000000000,-0.13915500910880001600000000,BASE_E3,permanent,run_dfea4b7ac1475668d5968c97,168
1775260799999999999,2026-04-03,ETHUSDT,-3.380299167000000000000000,3.159000000000000000000000000,-0.0715267911390007950,0E-9,0,0E-26,0E-24,-3.380299167000000000000000,0E-24,3.159000000000000000000000000,-0.292825958139000795000000000,BASE_E3,permanent,run_dfea4b7ac1475668d5968c97,168
1775347199999999999,2026-04-04,BTCUSDT,11.247204608000000000000000,-11.13530834784000000000000000,0.2043422974153069120,0E-10,0,0E-26,0E-24,11.247204608000000000000000,0E-24,-11.13530834784000000000000000,0.31623855757530691200000000,BASE_E3,permanent,run_dfea4b7ac1475668d5968c97,168
1775347199999999999,2026-04-04,ETHUSDT,12.741937670000000000000000,-12.488580000000000000000000000,0.1214964630802939770,0E-9,0,0E-26,0E-24,12.741937670000000000000000,0E-24,-12.488580000000000000000000000,0.374854133080293977000000000,BASE_E3,permanent,run_dfea4b7ac1475668d5968c97,168
1775433599999999999,2026-04-05,BTCUSDT,55.112070656000000000000000,-55.10720000000000000000000000,0.1739532648492855968,0E-10,0,0E-26,0E-24,55.112070656000000000000000,0E-24,-55.10720000000000000000000000,0.17882392084928559680000000,BASE_E3,permanent,run_dfea4b7ac1475668d5968c97,168
1775433599999999999,2026-04-05,ETHUSDT,46.302727219000000000000000,-46.700550000000000000000000000,-0.0273914275907182365,0E-9,0,0E-26,0E-24,46.302727219000000000000000,0E-24,-46.700550000000000000000000000,-0.425214208590718236500000000,BASE_E3,permanent,run_dfea4b7ac1475668d5968c97,168
1775519999999999999,2026-04-06,BTCUSDT,-5.578477792000000000000000,5.26094121728000000000000000,0.2881981112048625664,0E-10,0,0E-26,0E-24,-5.578477792000000000000000,0E-24,5.26094121728000000000000000,-0.02933846351513743360000000,BASE_E3,permanent,run_dfea4b7ac1475668d5968c97,168
1775519999999999999,2026-04-06,ETHUSDT,-2.695814912000000000000000,2.902990396410000000000000000,0.2379892863584574702,0E-9,0,0E-26,0E-24,-2.695814912000000000000000,0E-24,2.902990396410000000000000000,0.445164770768457470200000000,BASE_E3,permanent,run_dfea4b7ac1475668d5968c97,168
1775606399999999999,2026-04-07,BTCUSDT,100.182177216000000000000000,-100.82254121728000000000000000,0.2355500670820276800,0E-10,0,0E-26,0E-24,100.182177216000000000000000,0E-24,-100.82254121728000000000000000,-0.40481393419797232000000000,BASE_E3,permanent,run_dfea4b7ac1475668d5968c97,168
1775606399999999999,2026-04-07,ETHUSDT,141.909381852000000000000000,-143.419628517750000000000000000,-0.1305461422510078977,0E-9,0,0E-26,0E-24,141.909381852000000000000000,0E-24,-143.419628517750000000000000000,-1.640792808001007897700000000,BASE_E3,permanent,run_dfea4b7ac1475668d5968c97,168
1775692799999999999,2026-04-08,BTCUSDT,-27.339053632000000000000000,28.46892524128000000000000000,0.2666676064996256896,0E-10,0,0E-26,0E-24,-27.339053632000000000000000,0E-24,28.46892524128000000000000000,1.39653921577962568960000000,BASE_E3,permanent,run_dfea4b7ac1475668d5968c97,168
1775692799999999999,2026-04-08,ETHUSDT,-53.810992970000000000000000,55.518473898810000000000000000,0.5307009689857945914,0E-9,0,0E-26,0E-24,-53.810992970000000000000000,0E-24,55.518473898810000000000000000,2.238181897795794591400000000,BASE_E3,permanent,run_dfea4b7ac1475668d5968c97,168
1775779199999999999,2026-04-09,BTCUSDT,20.797599552000000000000000,-20.90092524128000000000000000,0.0697701652160000000,0E-10,0,0E-26,0E-24,20.797599552000000000000000,0E-24,-20.90092524128000000000000000,-0.03355552406400000000000000,BASE_E3,permanent,run_dfea4b7ac1475668d5968c97,168
1775779199999999999,2026-04-09,ETHUSDT,-1.832311698000000000000000,1.811164222530000000000000000,0.0870117294539834640,0E-9,0,0E-26,0E-24,-1.832311698000000000000000,0E-24,1.811164222530000000000000000,0.065864253983983464000000000,BASE_E3,permanent,run_dfea4b7ac1475668d5968c97,168
1775865599999999999,2026-04-10,BTCUSDT,37.552874912000000000000000,-37.33642179712000000000000000,0.0149664078990330816,0E-10,0,0E-26,0E-24,37.552874912000000000000000,0E-24,-37.33642179712000000000000000,0.23141952277903308160000000,BASE_E3,permanent,run_dfea4b7ac1475668d5968c97,168
1775865599999999999,2026-04-10,ETHUSDT,58.223283783000000000000000,-58.126491733050000000000000000,0.0248220025062457500,0E-9,0,0E-26,0E-24,58.223283783000000000000000,0E-24,-58.126491733050000000000000000,0.121614052456245750000000000,BASE_E3,permanent,run_dfea4b7ac1475668d5968c97,168
1775951999999999999,2026-04-11,BTCUSDT,2.867166688000000000000000,-3.22997820288000000000000000,-0.4675201921722068160,0E-10,0,0E-26,0E-24,2.867166688000000000000000,0E-24,-3.22997820288000000000000000,-0.83033170705220681600000000,BASE_E3,permanent,run_dfea4b7ac1475668d5968c97,168
1775951999999999999,2026-04-11,ETHUSDT,42.574920661000000000000000,-42.750908266950000000000000000,-0.4131906610429200798,0E-9,0,0E-26,0E-24,42.574920661000000000000000,0E-24,-42.750908266950000000000000000,-0.589178266992920079800000000,BASE_E3,permanent,run_dfea4b7ac1475668d5968c97,168
1776038399999999999,2026-04-12,BTCUSDT,-72.687588032000000000000000,72.70080000000000000000000000,-0.2816118922240000000,0E-10,0,0E-26,0E-24,-72.687588032000000000000000,0E-24,72.70080000000000000000000000,-0.26839992422400000000000000,BASE_E3,permanent,run_dfea4b7ac1475668d5968c97,168
1776038399999999999,2026-04-12,ETHUSDT,-96.849256819000000000000000,97.033950000000000000000000000,-0.0106051618187520408,0E-9,0,0E-26,0E-24,-96.849256819000000000000000,0E-24,97.033950000000000000000000000,0.174088019181247959200000000,BASE_E3,permanent,run_dfea4b7ac1475668d5968c97,168
1776124799999999999,2026-04-13,BTCUSDT,118.303989216000000000000000,-118.24640000000000000000000000,-0.1337578083840000000,0E-10,0,0E-26,0E-24,118.303989216000000000000000,0E-24,-118.24640000000000000000000000,-0.07616859238400000000000000,BASE_E3,permanent,run_dfea4b7ac1475668d5968c97,168
1776124799999999999,2026-04-13,ETHUSDT,186.042820509000000000000000,-186.546570950610000000000000000,0.1170261360270591264,0E-9,0,0E-26,0E-24,186.042820509000000000000000,0E-24,-186.546570950610000000000000000,-0.386724305582940873600000000,BASE_E3,permanent,run_dfea4b7ac1475668d5968c97,168
1776211199999999999,2026-04-14,BTCUSDT,-9.702730176000000000000000,9.33586968128000000000000000,-0.2002805724160000000,0E-10,0,0E-26,0E-24,-9.702730176000000000000000,0E-24,9.33586968128000000000000000,-0.56714106713600000000000000,BASE_E3,permanent,run_dfea4b7ac1475668d5968c97,168
1776211199999999999,2026-04-14,ETHUSDT,-49.998942196000000000000000,50.080676904180000000000000000,0.5865856099740000000,0E-9,0,0E-26,0E-24,-49.998942196000000000000000,0E-24,50.080676904180000000000000000,0.668320318154000000000000000,BASE_E3,permanent,run_dfea4b7ac1475668d5968c97,168
1776297599999999999,2026-04-15,BTCUSDT,20.652625056000000000000000,-19.92786968128000000000000000,-0.5096867280619259616,0E-10,0,0E-26,0E-24,20.652625056000000000000000,0E-24,-19.92786968128000000000000000,0.21506864665807403840000000,BASE_E3,permanent,run_dfea4b7ac1475668d5968c97,168
1776297599999999999,2026-04-15,ETHUSDT,38.794461468000000000000000,-38.405815953570000000000000000,0.0906349361103511416,0E-9,0,0E-26,0E-24,38.794461468000000000000000,0E-24,-38.405815953570000000000000000,0.479280450540351141600000000,BASE_E3,permanent,run_dfea4b7ac1475668d5968c97,168
1776383999999999999,2026-04-16,BTCUSDT,11.264486336000000000000000,-11.36698388416000000000000000,-0.2028267363697394400,0E-10,0,0E-26,0E-24,11.264486336000000000000000,0E-24,-11.36698388416000000000000000,-0.30532428452973944000000000,BASE_E3,permanent,run_dfea4b7ac1475668d5968c97,168
1776383999999999999,2026-04-16,ETHUSDT,-11.099175458000000000000000,10.962407510730000000000000000,-0.2626982632961364834,0E-9,0,0E-26,0E-24,-11.099175458000000000000000,0E-24,10.962407510730000000000000000,-0.399466210566136483400000000,BASE_E3,permanent,run_dfea4b7ac1475668d5968c97,168
1776470399999999999,2026-04-17,BTCUSDT,62.450724448000000000000000,-62.33861611584000000000000000,-0.1223407934115916288,0E-10,0,0E-26,0E-24,62.450724448000000000000000,0E-24,-62.33861611584000000000000000,-0.01023246125159162880000000,BASE_E3,permanent,run_dfea4b7ac1475668d5968c97,168
1776470399999999999,2026-04-17,ETHUSDT,75.409103847000000000000000,-75.300707510730000000000000000,0.0882243323050509342,0E-9,0,0E-26,0E-24,75.409103847000000000000000,0E-24,-75.300707510730000000000000000,0.196620668575050934200000000,BASE_E3,permanent,run_dfea4b7ac1475668d5968c97,168
1776556799999999999,2026-04-18,BTCUSDT,-45.065946144000000000000000,45.13920000000000000000000000,-0.4857582291777695168,0E-10,0,0E-26,0E-24,-45.065946144000000000000000,0E-24,45.13920000000000000000000000,-0.41250437317776951680000000,BASE_E3,permanent,run_dfea4b7ac1475668d5968c97,168
1776556799999999999,2026-04-18,ETHUSDT,-73.450425825000000000000000,73.699470000000000000000000000,-0.4611124570758601545,0E-9,0,0E-26,0E-24,-73.450425825000000000000000,0E-24,73.699470000000000000000000000,-0.212068282075860154500000000,BASE_E3,permanent,run_dfea4b7ac1475668d5968c97,168
1776643199999999999,2026-04-19,BTCUSDT,-59.858465248000000000000000,59.77282080000000000000000000,-0.6747642248320000000,0E-10,0,0E-26,0E-24,-59.858465248000000000000000,0E-24,59.77282080000000000000000000,-0.76040867283200000000000000,BASE_E3,permanent,run_dfea4b7ac1475668d5968c97,168
1776643199999999999,2026-04-19,ETHUSDT,-90.615184835000000000000000,90.473760000000000000000000000,-1.0989971372479566987,0E-9,0,0E-26,0E-24,-90.615184835000000000000000,0E-24,90.473760000000000000000000000,-1.240421972247956698700000000,BASE_E3,permanent,run_dfea4b7ac1475668d5968c97,168
1776729599999999999,2026-04-20,BTCUSDT,64.686468000000000000000000,-64.65297314784000000000000000,-0.2897523190819450400,0E-10,0,0E-26,0E-24,64.686468000000000000000000,0E-24,-64.65297314784000000000000000,-0.25625746692194504000000000,BASE_E3,permanent,run_dfea4b7ac1475668d5968c97,168
1776729599999999999,2026-04-20,ETHUSDT,52.926428702000000000000000,-52.769331835740000000000000000,-0.0364069553445000000,0E-9,0,0E-26,0E-24,52.926428702000000000000000,0E-24,-52.769331835740000000000000000,0.120689910915500000000000000,BASE_E3,permanent,run_dfea4b7ac1475668d5968c97,168
1776815999999999999,2026-04-21,BTCUSDT,15.869106752000000000000000,-15.89304321440000000000000000,-0.4371248960000000000,0E-10,0,0E-26,0E-24,15.869106752000000000000000,0E-24,-15.89304321440000000000000000,-0.46106135840000000000000000,BASE_E3,permanent,run_dfea4b7ac1475668d5968c97,168
1776815999999999999,2026-04-21,ETHUSDT,14.637432530000000000000000,-14.601608164260000000000000000,-0.2868575014188000000,0E-9,0,0E-26,0E-24,14.637432530000000000000000,0E-24,-14.601608164260000000000000000,-0.251033135678800000000000000,BASE_E3,permanent,run_dfea4b7ac1475668d5968c97,168
1776902399999999999,2026-04-22,BTCUSDT,59.321771584000000000000000,-59.39640443776000000000000000,0.0152325163568635424,0E-10,0,0E-26,0E-24,59.321771584000000000000000,0E-24,-59.39640443776000000000000000,-0.05940033740313645760000000,BASE_E3,permanent,run_dfea4b7ac1475668d5968c97,168
1776902399999999999,2026-04-22,ETHUSDT,50.293796952000000000000000,-50.554530000000000000000000000,0.3967302945996000000,0E-9,0,0E-26,0E-24,50.293796952000000000000000,0E-24,-50.554530000000000000000000000,0.135997246599600000000000000,BASE_E3,permanent,run_dfea4b7ac1475668d5968c97,168
1776988799999999999,2026-04-23,BTCUSDT,1.322372224000000000000000,-1.24800000000000000000000000,-0.4533221130666515200,0E-10,0,0E-26,0E-24,1.322372224000000000000000,0E-24,-1.24800000000000000000000000,-0.37894988906665152000000000,BASE_E3,permanent,run_dfea4b7ac1475668d5968c97,168
1776988799999999999,2026-04-23,ETHUSDT,-48.914297915000000000000000,49.081288135230000000000000000,0.0529725122131175100,0E-9,0,0E-26,0E-24,-48.914297915000000000000000,0E-24,49.081288135230000000000000000,0.219962732443117510000000000,BASE_E3,permanent,run_dfea4b7ac1475668d5968c97,168
1777075199999999999,2026-04-24,BTCUSDT,-25.841623904000000000000000,25.91626434784000000000000000,-0.3698715876160000000,0E-10,0,0E-26,0E-24,-25.841623904000000000000000,0E-24,25.91626434784000000000000000,-0.29523114377600000000000000,BASE_E3,permanent,run_dfea4b7ac1475668d5968c97,168
1777075199999999999,2026-04-24,ETHUSDT,-15.290325204000000000000000,14.929492904820000000000000000,-0.5562927440811199485,0E-9,0,0E-26,0E-24,-15.290325204000000000000000,0E-24,14.929492904820000000000000000,-0.917125043261119948500000000,BASE_E3,permanent,run_dfea4b7ac1475668d5968c97,168
1777161599999999999,2026-04-25,BTCUSDT,5.356055552000000000000000,-5.47786434784000000000000000,-0.3221848273297268032,0E-10,0,0E-26,0E-24,5.356055552000000000000000,0E-24,-5.47786434784000000000000000,-0.44399362316972680320000000,BASE_E3,permanent,run_dfea4b7ac1475668d5968c97,168
1777161599999999999,2026-04-25,ETHUSDT,3.980539206000000000000000,-3.913671179340000000000000000,-0.2667204111750228414,0E-9,0,0E-26,0E-24,3.980539206000000000000000,0E-24,-3.913671179340000000000000000,-0.199852384515022841400000000,BASE_E3,permanent,run_dfea4b7ac1475668d5968c97,168
1777247999999999999,2026-04-26,BTCUSDT,33.210680736000000000000000,-33.25848973920000000000000000,0.0146731261472836960,0E-10,0,0E-26,0E-24,33.210680736000000000000000,0E-24,-33.25848973920000000000000000,-0.03313587705271630400000000,BASE_E3,permanent,run_dfea4b7ac1475668d5968c97,168
1777247999999999999,2026-04-26,ETHUSDT,53.021203445000000000000000,-52.873529860710000000000000000,-0.1452274983010732842,0E-9,0,0E-26,0E-24,53.021203445000000000000000,0E-24,-52.873529860710000000000000000,0.002446085988926715800000000,BASE_E3,permanent,run_dfea4b7ac1475668d5968c97,168
1777334399999999999,2026-04-27,BTCUSDT,-40.830962688000000000000000,40.66648973920000000000000000,-0.3481106954397607904,0E-10,0,0E-26,0E-24,-40.830962688000000000000000,0E-24,40.66648973920000000000000000,-0.51258364423976079040000000,BASE_E3,permanent,run_dfea4b7ac1475668d5968c97,168
1777334399999999999,2026-04-27,ETHUSDT,-69.627844524000000000000000,69.982380000000000000000000000,-0.5389964269186320837,0E-9,0,0E-26,0E-24,-69.627844524000000000000000,0E-24,69.982380000000000000000000000,-0.184460950918632083700000000,BASE_E3,permanent,run_dfea4b7ac1475668d5968c97,168
1777420799999999999,2026-04-28,BTCUSDT,-31.999359616000000000000000,32.25622910144000000000000000,-0.0490142837417631040,0E-10,0,0E-26,0E-24,-31.999359616000000000000000,0E-24,32.25622910144000000000000000,0.20785520169823689600000000,BASE_E3,permanent,run_dfea4b7ac1475668d5968c97,168
1777420799999999999,2026-04-28,ETHUSDT,-13.910826167000000000000000,13.282615467810000000000000000,-0.6709798956977586639,0E-9,0,0E-26,0E-24,-13.910826167000000000000000,0E-24,13.282615467810000000000000000,-1.299190594887758663900000000,BASE_E3,permanent,run_dfea4b7ac1475668d5968c97,168
1777507199999999999,2026-04-29,BTCUSDT,-17.844024224000000000000000,17.51051383200000000000000000,0.0485877779659490464,0E-10,0,0E-26,0E-24,-17.844024224000000000000000,0E-24,17.51051383200000000000000000,-0.28492261403405095360000000,BASE_E3,permanent,run_dfea4b7ac1475668d5968c97,168
1777507199999999999,2026-04-29,ETHUSDT,-37.320187688000000000000000,37.640464532190000000000000000,0.2969658710558894718,0E-9,0,0E-26,0E-24,-37.320187688000000000000000,0E-24,37.640464532190000000000000000,0.617242715245889471800000000,BASE_E3,permanent,run_dfea4b7ac1475668d5968c97,168
1777593599999999999,2026-04-30,BTCUSDT,16.417321568000000000000000,-16.11874293344000000000000000,-0.2180689160960000000,0E-10,0,0E-26,0E-24,16.417321568000000000000000,0E-24,-16.11874293344000000000000000,0.08050971846400000000000000,BASE_E3,permanent,run_dfea4b7ac1475668d5968c97,168
1777593599999999999,2026-04-30,ETHUSDT,2.506265426000000000000000,-2.695680000000000000000000000,-0.4387349933109000000,0E-9,0,0E-26,0E-24,2.506265426000000000000000,0E-24,-2.695680000000000000000000000,-0.628149567310900000000000000,BASE_E3,permanent,run_dfea4b7ac1475668d5968c97,168
1777679999999999999,2026-05-01,BTCUSDT,59.885988000000000000000000,-59.85739988416000000000000000,-0.2150023394138803008,0E-10,0,0E-26,0E-24,59.885988000000000000000000,0E-24,-59.85739988416000000000000000,-0.18641422357388030080000000,BASE_E3,permanent,run_dfea4b7ac1475668d5968c97,168
1777679999999999999,2026-05-01,ETHUSDT,40.626773166000000000000000,-40.383390767850000000000000000,-0.1918456969160003922,0E-9,0,0E-26,0E-24,40.626773166000000000000000,0E-24,-40.383390767850000000000000000,0.051536701233999607800000000,BASE_E3,permanent,run_dfea4b7ac1475668d5968c97,168
1777766399999999999,2026-05-02,BTCUSDT,15.527312576000000000000000,-15.74900011584000000000000000,-0.2120014350805774720,0E-10,0,0E-26,0E-24,15.527312576000000000000000,0E-24,-15.74900011584000000000000000,-0.43368897492057747200000000,BASE_E3,permanent,run_dfea4b7ac1475668d5968c97,168
1777766399999999999,2026-05-02,ETHUSDT,22.366839348000000000000000,-22.658870303550000000000000000,-0.1124713766908997460,0E-9,0,0E-26,0E-24,22.366839348000000000000000,0E-24,-22.658870303550000000000000000,-0.404502332240899746000000000,BASE_E3,permanent,run_dfea4b7ac1475668d5968c97,168
1777852799999999999,2026-05-03,BTCUSDT,-3.832063168000000000000000,4.16000000000000000000000000,0.0402902526102456064,0E-10,0,0E-26,0E-24,-3.832063168000000000000000,0E-24,4.16000000000000000000000000,0.36822708461024560640000000,BASE_E3,permanent,run_dfea4b7ac1475668d5968c97,168
1777852799999999999,2026-05-03,ETHUSDT,5.939217228000000000000000,-5.665988928600000000000000000,0.2606301226552487607,0E-9,0,0E-26,0E-24,5.939217228000000000000000,0E-24,-5.665988928600000000000000000,0.533858422055248760700000000,BASE_E3,permanent,run_dfea4b7ac1475668d5968c97,168
1777939199999999999,2026-05-04,BTCUSDT,41.033222912000000000000000,-41.37920000000000000000000000,0.0232515175040000000,0E-10,0,0E-26,0E-24,41.033222912000000000000000,0E-24,-41.37920000000000000000000000,-0.32272557049600000000000000,BASE_E3,permanent,run_dfea4b7ac1475668d5968c97,168
1777939199999999999,2026-05-04,ETHUSDT,25.736607988000000000000000,-25.793088074910000000000000000,0.3151642215186366408,0E-9,0,0E-26,0E-24,25.736607988000000000000000,0E-24,-25.793088074910000000000000000,0.258684134608636640800000000,BASE_E3,permanent,run_dfea4b7ac1475668d5968c97,168
1778025599999999999,2026-05-05,BTCUSDT,35.410260672000000000000000,-34.89920000000000000000000000,-0.3442973417218609152,0E-10,0,0E-26,0E-24,35.410260672000000000000000,0E-24,-34.89920000000000000000000000,0.16676333027813908480000000,BASE_E3,permanent,run_dfea4b7ac1475668d5968c97,168
1778025599999999999,2026-05-05,ETHUSDT,15.574649433000000000000000,-15.410801925090000000000000000,-0.2721094605874540350,0E-9,0,0E-26,0E-24,15.574649433000000000000000,0E-24,-15.410801925090000000000000000,-0.108261952677454035000000000,BASE_E3,permanent,run_dfea4b7ac1475668d5968c97,168
1778111999999999999,2026-05-06,BTCUSDT,15.733733216000000000000000,-15.88160000000000000000000000,-0.4950503177106904320,0E-10,0,0E-26,0E-24,15.733733216000000000000000,0E-24,-15.88160000000000000000000000,-0.64291710171069043200000000,BASE_E3,permanent,run_dfea4b7ac1475668d5968c97,168
1778111999999999999,2026-05-06,ETHUSDT,-11.141297566000000000000000,10.698480000000000000000000000,-0.4135135801244910930,0E-9,0,0E-26,0E-24,-11.141297566000000000000000,0E-24,10.698480000000000000000000000,-0.856331146124491093000000000,BASE_E3,permanent,run_dfea4b7ac1475668d5968c97,168
1778198399999999999,2026-05-07,BTCUSDT,-45.124512000000000000000000,44.92160000000000000000000000,-0.3486642969577331712,0E-10,0,0E-26,0E-24,-45.124512000000000000000000,0E-24,44.92160000000000000000000000,-0.55157629695773317120000000,BASE_E3,permanent,run_dfea4b7ac1475668d5968c97,168
1778198399999999999,2026-05-07,ETHUSDT,-63.056795676000000000000000,63.155291228640000000000000000,-0.5632050868040648376,0E-9,0,0E-26,0E-24,-63.056795676000000000000000,0E-24,63.155291228640000000000000000,-0.464709534164064837600000000,BASE_E3,permanent,run_dfea4b7ac1475668d5968c97,168
1778284799999999999,2026-05-08,BTCUSDT,5.428062752000000000000000,-5.31200000000000000000000000,-0.1675036830383961920,0E-10,0,0E-26,0E-24,5.428062752000000000000000,0E-24,-5.31200000000000000000000000,-0.05144093103839619200000000,BASE_E3,permanent,run_dfea4b7ac1475668d5968c97,168
1778284799999999999,2026-05-08,ETHUSDT,16.469744228000000000000000,-16.931968420770000000000000000,-0.1727975689504872093,0E-9,0,0E-26,0E-24,16.469744228000000000000000,0E-24,-16.931968420770000000000000000,-0.635021761720487209300000000,BASE_E3,permanent,run_dfea4b7ac1475668d5968c97,168
1778371199999999999,2026-05-09,BTCUSDT,15.976317472000000000000000,-15.83680000000000000000000000,0.0438061262533691904,0E-10,0,0E-26,0E-24,15.976317472000000000000000,0E-24,-15.83680000000000000000000000,0.18332359825336919040000000,BASE_E3,permanent,run_dfea4b7ac1475668d5968c97,168
1778371199999999999,2026-05-09,ETHUSDT,20.976809784000000000000000,-20.582772807870000000000000000,0.4693414431668297868,0E-9,0,0E-26,0E-24,20.976809784000000000000000,0E-24,-20.582772807870000000000000000,0.863378419296829786800000000,BASE_E3,permanent,run_dfea4b7ac1475668d5968c97,168
1778457599999999999,2026-05-10,BTCUSDT,47.054624992000000000000000,-47.44960000000000000000000000,0.2718896636960817088,0E-10,0,0E-26,0E-24,47.054624992000000000000000,0E-24,-47.44960000000000000000000000,-0.12308534430391829120000000,BASE_E3,permanent,run_dfea4b7ac1475668d5968c97,168
1778457599999999999,2026-05-10,ETHUSDT,45.081186087000000000000000,-44.763030000000000000000000000,0.6133015927780585740,0E-9,0,0E-26,0E-24,45.081186087000000000000000,0E-24,-44.763030000000000000000000000,0.931457679778058574000000000,BASE_E3,permanent,run_dfea4b7ac1475668d5968c97,168
1778543999999999999,2026-05-11,BTCUSDT,-13.500869952000000000000000,13.53632069568000000000000000,0.3380684857600000000,0E-10,0,0E-26,0E-24,-13.500869952000000000000000,0E-24,13.53632069568000000000000000,0.37351922944000000000000000,BASE_E3,permanent,run_dfea4b7ac1475668d5968c97,168
1778543999999999999,2026-05-11,ETHUSDT,-31.359909406000000000000000,31.234412514240000000000000000,0.3176002962639000000,0E-9,0,0E-26,0E-24,-31.359909406000000000000000,0E-24,31.234412514240000000000000000,0.192103404503900000000000000,BASE_E3,permanent,run_dfea4b7ac1475668d5968c97,168
1778630399999999999,2026-05-12,BTCUSDT,-39.721731776000000000000000,39.93500143776000000000000000,0.2468720019704387840,0E-10,0,0E-26,0E-24,-39.721731776000000000000000,0E-24,39.93500143776000000000000000,0.46014166373043878400000000,BASE_E3,permanent,run_dfea4b7ac1475668d5968c97,168
1778630399999999999,2026-05-12,ETHUSDT,-67.785002299000000000000000,67.738845132270000000000000000,0.2084600679021946800,0E-9,0,0E-26,0E-24,-67.785002299000000000000000,0E-24,67.738845132270000000000000000,0.162302901172194680000000000,BASE_E3,permanent,run_dfea4b7ac1475668d5968c97,168
1778716799999999999,2026-05-13,BTCUSDT,-38.111010720000000000000000,37.83747786656000000000000000,0.3231872455919405504,0E-10,0,0E-26,0E-24,-38.111010720000000000000000,0E-24,37.83747786656000000000000000,0.04965439215194055040000000,BASE_E3,permanent,run_dfea4b7ac1475668d5968c97,168
1778716799999999999,2026-05-13,ETHUSDT,-17.807121157000000000000000,17.730732353490000000000000000,0.1667237587824151746,0E-9,0,0E-26,0E-24,-17.807121157000000000000000,0E-24,17.730732353490000000000000000,0.090334955272415174600000000,BASE_E3,permanent,run_dfea4b7ac1475668d5968c97,168
1778803199999999999,2026-05-14,BTCUSDT,56.185137952000000000000000,-55.83050338816000000000000000,0.2807854301884638784,0E-10,0,0E-26,0E-24,56.185137952000000000000000,0E-24,-55.83050338816000000000000000,0.63541999402846387840000000,BASE_E3,permanent,run_dfea4b7ac1475668d5968c97,168
1778803199999999999,2026-05-14,ETHUSDT,24.546658437000000000000000,-24.461190000000000000000000000,0.3684831960129876972,0E-9,0,0E-26,0E-24,24.546658437000000000000000,0E-24,-24.461190000000000000000000000,0.453951633012987697200000000,BASE_E3,permanent,run_dfea4b7ac1475668d5968c97,168
1778889599999999999,2026-05-15,BTCUSDT,-62.509290304000000000000000,62.26790211264000000000000000,-0.1196845870878465888,0E-10,0,0E-26,0E-24,-62.509290304000000000000000,0E-24,62.26790211264000000000000000,-0.36107277844784658880000000,BASE_E3,permanent,run_dfea4b7ac1475668d5968c97,168
1778889599999999999,2026-05-15,ETHUSDT,-59.813393360000000000000000,59.820930000000000000000000000,0.0252845014477590873,0E-9,0,0E-26,0E-24,-59.813393360000000000000000,0E-24,59.820930000000000000000000000,0.032821141447759087300000000,BASE_E3,permanent,run_dfea4b7ac1475668d5968c97,168
1778975999999999999,2026-05-16,BTCUSDT,-30.325592256000000000000000,30.12260127552000000000000000,0.2183663062948872000,0E-10,0,0E-26,0E-24,-30.325592256000000000000000,0E-24,30.12260127552000000000000000,0.01537532581488720000000000,BASE_E3,permanent,run_dfea4b7ac1475668d5968c97,168
1778975999999999999,2026-05-16,ETHUSDT,-46.650234610000000000000000,46.595250000000000000000000000,0.4186042756814730708,0E-9,0,0E-26,0E-24,-46.650234610000000000000000,0E-24,46.595250000000000000000000000,0.363619665681473070800000000,BASE_E3,permanent,run_dfea4b7ac1475668d5968c97,168
1779062399999999999,2026-05-17,BTCUSDT,-23.119751744000000000000000,22.73600000000000000000000000,0.1315078866283749920,0E-10,0,0E-26,0E-24,-23.119751744000000000000000,0E-24,22.73600000000000000000000000,-0.25224385737162500800000000,BASE_E3,permanent,run_dfea4b7ac1475668d5968c97,168
1779062399999999999,2026-05-17,ETHUSDT,-54.600782495000000000000000,54.487615603590000000000000000,0.3990040389671814738,0E-9,0,0E-26,0E-24,-54.600782495000000000000000,0E-24,54.487615603590000000000000000,0.285837147557181473800000000,BASE_E3,permanent,run_dfea4b7ac1475668d5968c97,168
1779148799999999999,2026-05-18,BTCUSDT,-13.901229984000000000000000,14.61149409280000000000000000,0.2898910353600000000,0E-10,0,0E-26,0E-24,-13.901229984000000000000000,0E-24,14.61149409280000000000000000,1.00015514416000000000000000,BASE_E3,permanent,run_dfea4b7ac1475668d5968c97,168
1779148799999999999,2026-05-18,ETHUSDT,1.221541132000000000000000,-1.163695603590000000000000000,0.1721698027553200905,0E-9,0,0E-26,0E-24,1.221541132000000000000000,0E-24,-1.163695603590000000000000000,0.230015331165320090500000000,BASE_E3,permanent,run_dfea4b7ac1475668d5968c97,168
1779235199999999999,2026-05-19,BTCUSDT,-5.887948736000000000000000,5.91526457376000000000000000,0.3821428464640000000,0E-10,0,0E-26,0E-24,-5.887948736000000000000000,0E-24,5.91526457376000000000000000,0.40945868422400000000000000,BASE_E3,permanent,run_dfea4b7ac1475668d5968c97,168
1779235199999999999,2026-05-19,ETHUSDT,-19.218211775000000000000000,19.248840000000000000000000000,0.4320382278072473145,0E-9,0,0E-26,0E-24,-19.218211775000000000000000,0E-24,19.248840000000000000000000000,0.462666452807247314500000000,BASE_E3,permanent,run_dfea4b7ac1475668d5968c97,168
1779321599999999999,2026-05-20,BTCUSDT,22.613141088000000000000000,-22.79875866656000000000000000,0.4472207454173807840,0E-10,0,0E-26,0E-24,22.613141088000000000000000,0E-24,-22.79875866656000000000000000,0.26160316685738078400000000,BASE_E3,permanent,run_dfea4b7ac1475668d5968c97,168
1779321599999999999,2026-05-20,ETHUSDT,18.565319101000000000000000,-18.690750000000000000000000000,0.3101399030147327910,0E-9,0,0E-26,0E-24,18.565319101000000000000000,0E-24,-18.690750000000000000000000000,0.184709004014732791000000000,BASE_E3,permanent,run_dfea4b7ac1475668d5968c97,168
1779407999999999999,2026-05-21,BTCUSDT,2.340394016000000000000000,-2.51755942016000000000000000,0.2989658151232153760,0E-10,0,0E-26,0E-24,2.340394016000000000000000,0E-24,-2.51755942016000000000000000,0.12180041096321537600000000,BASE_E3,permanent,run_dfea4b7ac1475668d5968c97,168
1779407999999999999,2026-05-21,ETHUSDT,4.317516070000000000000000,-4.140436814280000000000000000,0.2745241392098418642,0E-9,0,0E-26,0E-24,4.317516070000000000000000,0E-24,-4.140436814280000000000000000,0.451603394929841864200000000,BASE_E3,permanent,run_dfea4b7ac1475668d5968c97,168
1779494399999999999,2026-05-22,BTCUSDT,-64.972256576000000000000000,64.88786852160000000000000000,0.1391944818921647168,0E-10,0,0E-26,0E-24,-64.972256576000000000000000,0E-24,64.88786852160000000000000000,0.05480642749216471680000000,BASE_E3,permanent,run_dfea4b7ac1475668d5968c97,168
1779494399999999999,2026-05-22,ETHUSDT,-69.880577172000000000000000,69.701988139290000000000000000,0.3125026654983972531,0E-9,0,0E-26,0E-24,-69.880577172000000000000000,0E-24,69.701988139290000000000000000,0.133913632788397253100000000,BASE_E3,permanent,run_dfea4b7ac1475668d5968c97,168
1779580799999999999,2026-05-23,BTCUSDT,38.151974816000000000000000,-38.01630052160000000000000000,0.2472928631744221952,0E-10,0,0E-26,0E-24,38.151974816000000000000000,0E-24,-38.01630052160000000000000000,0.38296715757442219520000000,BASE_E3,permanent,run_dfea4b7ac1475668d5968c97,168
1779580799999999999,2026-05-23,ETHUSDT,53.558260322000000000000000,-53.599471325010000000000000000,0.3576475386136994562,0E-9,0,0E-26,0E-24,53.558260322000000000000000,0E-24,-53.599471325010000000000000000,0.316436535603699456200000000,BASE_E3,permanent,run_dfea4b7ac1475668d5968c97,168
1779667199999999999,2026-05-24,BTCUSDT,9.904030304000000000000000,-9.77160857984000000000000000,0.5296023833260800000,0E-10,0,0E-26,0E-24,9.904030304000000000000000,0E-24,-9.77160857984000000000000000,0.66202410748608000000000000,BASE_E3,permanent,run_dfea4b7ac1475668d5968c97,168
1779667199999999999,2026-05-24,ETHUSDT,-18.396830669000000000000000,18.406440000000000000000000000,0.4507881474085341300,0E-9,0,0E-26,0E-24,-18.396830669000000000000000,0E-24,18.406440000000000000000000000,0.460397478408534130000000000,BASE_E3,permanent,run_dfea4b7ac1475668d5968c97,168
1779753599999999999,2026-05-25,BTCUSDT,8.785518464000000000000000,-8.62451918848000000000000000,0.2841523287680000000,0E-10,0,0E-26,0E-24,8.785518464000000000000000,0E-24,-8.62451918848000000000000000,0.44515160428800000000000000,BASE_E3,permanent,run_dfea4b7ac1475668d5968c97,168
1779753599999999999,2026-05-25,ETHUSDT,13.542257722000000000000000,-13.233271392900000000000000000,0.3138526675791000000,0E-9,0,0E-26,0E-24,13.542257722000000000000000,0E-24,-13.233271392900000000000000000,0.622838996679100000000000000,BASE_E3,permanent,run_dfea4b7ac1475668d5968c97,168
1779839999999999999,2026-05-26,BTCUSDT,-45.550474592000000000000000,44.98406701472000000000000000,0.4351735526478077824,0E-10,0,0E-26,0E-24,-45.550474592000000000000000,0E-24,44.98406701472000000000000000,-0.13123402463219221760000000,BASE_E3,permanent,run_dfea4b7ac1475668d5968c97,168
1779839999999999999,2026-05-26,ETHUSDT,-41.669295339000000000000000,41.361661958760000000000000000,0.2354154639616203489,0E-9,0,0E-26,0E-24,-41.669295339000000000000000,0E-24,41.361661958760000000000000000,-0.072217916278379651100000000,BASE_E3,permanent,run_dfea4b7ac1475668d5968c97,168
1779926399999999999,2026-05-27,BTCUSDT,-47.045024032000000000000000,47.44439860864000000000000000,0.6992181982717723392,0E-10,0,0E-26,0E-24,-47.045024032000000000000000,0E-24,47.44439860864000000000000000,1.09859277491177233920000000,BASE_E3,permanent,run_dfea4b7ac1475668d5968c97,168
1779926399999999999,2026-05-27,ETHUSDT,-51.525868611000000000000000,51.601520644830000000000000000,0.3607765296804600516,0E-9,0,0E-26,0E-24,-51.525868611000000000000000,0E-24,51.601520644830000000000000000,0.436428563510460051600000000,BASE_E3,permanent,run_dfea4b7ac1475668d5968c97,168
1780012799999999999,2026-05-28,BTCUSDT,-26.055725312000000000000000,25.67350507936000000000000000,0.5892458251935538464,0E-10,0,0E-26,0E-24,-26.055725312000000000000000,0E-24,25.67350507936000000000000000,0.20702559255355384640000000,BASE_E3,permanent,run_dfea4b7ac1475668d5968c97,168
1780012799999999999,2026-05-28,ETHUSDT,-15.027062029000000000000000,14.724188789310000000000000000,0.1675187277481078569,0E-9,0,0E-26,0E-24,-15.027062029000000000000000,0E-24,14.724188789310000000000000000,-0.135354511941892143100000000,BASE_E3,permanent,run_dfea4b7ac1475668d5968c97,168
1780099199999999999,2026-05-29,BTCUSDT,-5.614001344000000000000000,6.15774848576000000000000000,0.5204977592191140352,0E-10,0,0E-26,0E-24,-5.614001344000000000000000,0E-24,6.15774848576000000000000000,1.06424490097911403520000000,BASE_E3,permanent,run_dfea4b7ac1475668d5968c97,168
1780099199999999999,2026-05-29,ETHUSDT,4.201680273000000000000000,-3.938220000000000000000000000,0.4707261408177601299,0E-9,0,0E-26,0E-24,4.201680273000000000000000,0E-24,-3.938220000000000000000000000,0.734186413817760129900000000,BASE_E3,permanent,run_dfea4b7ac1475668d5968c97,168
1780185599999999999,2026-05-30,BTCUSDT,12.576617536000000000000000,-13.06560000000000000000000000,0.3396492754430086208,0E-10,0,0E-26,0E-24,12.576617536000000000000000,0E-24,-13.06560000000000000000000000,-0.14933318855699137920000000,BASE_E3,permanent,run_dfea4b7ac1475668d5968c97,168
1780185599999999999,2026-05-30,ETHUSDT,8.055853155000000000000000,-8.065980000000000000000000000,0.3631606176165905808,0E-9,0,0E-26,0E-24,8.055853155000000000000000,0E-24,-8.065980000000000000000000000,0.353033772616590580800000000,BASE_E3,permanent,run_dfea4b7ac1475668d5968c97,168
1780271999999999999,2026-05-31,BTCUSDT,-6.046684608000000000000000,6.27840000000000000000000000,0.3795996153280000000,0E-10,0,0E-26,0E-24,-6.046684608000000000000000,0E-24,6.27840000000000000000000000,0.61131500732800000000000000,BASE_E3,permanent,run_dfea4b7ac1475668d5968c97,168
1780271999999999999,2026-05-31,ETHUSDT,-15.985339986000000000000000,15.784470000000000000000000000,0.3897596333526553359,0E-9,0,0E-26,0E-24,-15.985339986000000000000000,0E-24,15.784470000000000000000000000,0.188889647352655335900000000,BASE_E3,permanent,run_dfea4b7ac1475668d5968c97,168
1780358399999999999,2026-06-01,BTCUSDT,-71.751174400000000000000000,71.37280000000000000000000000,0.4653038059855813216,0E-10,0,0E-26,0E-24,-71.751174400000000000000000,0E-24,71.37280000000000000000000000,0.08692940598558132160000000,BASE_E3,permanent,run_dfea4b7ac1475668d5968c97,168
1780358399999999999,2026-06-01,ETHUSDT,-0.315915810000000000000000,0.147420000000000000000000000,0.4455507482220067182,0E-9,0,0E-26,0E-24,-0.315915810000000000000000,0E-24,0.147420000000000000000000000,0.277054938222006718200000000,BASE_E3,permanent,run_dfea4b7ac1475668d5968c97,168
1780444799999999999,2026-06-02,BTCUSDT,-149.405339040000000000000000,149.62458666656000000000000000,0.5424410761224561760,0E-10,0,0E-26,0E-24,-149.405339040000000000000000,0E-24,149.62458666656000000000000000,0.76168870268245617600000000,BASE_E3,permanent,run_dfea4b7ac1475668d5968c97,168
1780444799999999999,2026-06-02,ETHUSDT,-154.524953198000000000000000,154.878105139290000000000000000,0.5347051790237398683,0E-9,0,0E-26,0E-24,-154.524953198000000000000000,0E-24,154.878105139290000000000000000,0.887857120313739868300000000,BASE_E3,permanent,run_dfea4b7ac1475668d5968c97,168
1780531199999999999,2026-06-03,BTCUSDT,-84.959535104000000000000000,85.04236869568000000000000000,0.4767738023296377248,0E-10,0,0E-26,0E-24,-84.959535104000000000000000,0E-24,85.04236869568000000000000000,0.55960739400963772480000000,BASE_E3,permanent,run_dfea4b7ac1475668d5968c97,168
1780531199999999999,2026-06-03,ETHUSDT,-48.703687375000000000000000,47.913850885680000000000000000,0.3768537569567068350,0E-9,0,0E-26,0E-24,-48.703687375000000000000000,0E-24,47.913850885680000000000000000,-0.412982732363293165000000000,BASE_E3,permanent,run_dfea4b7ac1475668d5968c97,168
1780617599999999999,2026-06-04,BTCUSDT,-7.210320960000000000000000,6.84433363328000000000000000,0.0643892882694980512,0E-10,0,0E-26,0E-24,-7.210320960000000000000000,0E-24,6.84433363328000000000000000,-0.30159803845050194880000000,BASE_E3,permanent,run_dfea4b7ac1475668d5968c97,168
1780617599999999999,2026-06-04,ETHUSDT,-43.849114428000000000000000,44.399793975030000000000000000,0.3036652816409372628,0E-9,0,0E-26,0E-24,-43.849114428000000000000000,0E-24,44.399793975030000000000000000,0.854344828670937262800000000,BASE_E3,permanent,run_dfea4b7ac1475668d5968c97,168
1780703999999999999,2026-06-05,BTCUSDT,-94.205579616000000000000000,94.52391100448000000000000000,-0.0187001135033402560,0E-10,0,0E-26,0E-24,-94.205579616000000000000000,0E-24,94.52391100448000000000000000,0.29963127497665974400000000,BASE_E3,permanent,run_dfea4b7ac1475668d5968c97,168
1780703999999999999,2026-06-05,ETHUSDT,-200.680253039000000000000000,200.937321003510000000000000000,-0.0913729556046770307,0E-9,0,0E-26,0E-24,-200.680253039000000000000000,0E-24,200.937321003510000000000000000,0.165695008905322969300000000,BASE_E3,permanent,run_dfea4b7ac1475668d5968c97,168
1780790399999999999,2026-06-06,BTCUSDT,-1.708650848000000000000000,1.63520000000000000000000000,0.0181608185721218112,0E-10,0,0E-26,0E-24,-1.708650848000000000000000,0E-24,1.63520000000000000000000000,-0.05529002942787818880000000,BASE_E3,permanent,run_dfea4b7ac1475668d5968c97,168
1780790399999999999,2026-06-06,ETHUSDT,-12.731407143000000000000000,12.800618996490000000000000000,-0.2411745266895272919,0E-9,0,0E-26,0E-24,-12.731407143000000000000000,0E-24,12.800618996490000000000000000,-0.171962673199527291900000000,BASE_E3,permanent,run_dfea4b7ac1475668d5968c97,168
1780876799999999999,2026-06-07,BTCUSDT,76.232582496000000000000000,-76.23302539136000000000000000,0.0075185028002447040,0E-10,0,0E-26,0E-24,76.232582496000000000000000,0E-24,-76.23302539136000000000000000,0.00707560744024470400000000,BASE_E3,permanent,run_dfea4b7ac1475668d5968c97,168
1780876799999999999,2026-06-07,ETHUSDT,123.596795399000000000000000,-124.242351692940000000000000000,-0.2745081669861178947,0E-9,0,0E-26,0E-24,123.596795399000000000000000,0E-24,-124.242351692940000000000000000,-0.920064460926117894700000000,BASE_E3,permanent,run_dfea4b7ac1475668d5968c97,168
1780963199999999999,2026-06-08,BTCUSDT,-4.960175968000000000000000,5.00742539136000000000000000,0.1439760670416742528,0E-10,0,0E-26,0E-24,-4.960175968000000000000000,0E-24,5.00742539136000000000000000,0.19122549040167425280000000,BASE_E3,permanent,run_dfea4b7ac1475668d5968c97,168
1780963199999999999,2026-06-08,ETHUSDT,4.422821340000000000000000,-3.693899517750000000000000000,-0.3431207122011029790,0E-9,0,0E-26,0E-24,4.422821340000000000000000,0E-24,-3.693899517750000000000000000,0.385801110048897021000000000,BASE_E3,permanent,run_dfea4b7ac1475668d5968c97,168
1781049599999999999,2026-06-09,BTCUSDT,-45.764576000000000000000000,45.81760000000000000000000000,0.0417445087525699008,0E-10,0,0E-26,0E-24,-45.764576000000000000000000,0E-24,45.81760000000000000000000000,0.09476850875256990080000000,BASE_E3,permanent,run_dfea4b7ac1475668d5968c97,168
1781049599999999999,2026-06-09,ETHUSDT,-55.285266750000000000000000,55.121301210690000000000000000,-0.1687905241190705160,0E-9,0,0E-26,0E-24,-55.285266750000000000000000,0E-24,55.121301210690000000000000000,-0.332756063429070516000000000,BASE_E3,permanent,run_dfea4b7ac1475668d5968c97,168
1781135999999999999,2026-06-10,BTCUSDT,-5.628722816000000000000000,5.15840000000000000000000000,-0.0086541261485852000,0E-10,0,0E-26,0E-24,-5.628722816000000000000000,0E-24,5.15840000000000000000000000,-0.47897694214858520000000000,BASE_E3,permanent,run_dfea4b7ac1475668d5968c97,168
1781135999999999999,2026-06-10,ETHUSDT,-17.870304319000000000000000,17.715786282090000000000000000,-0.2040403215137539122,0E-9,0,0E-26,0E-24,-17.870304319000000000000000,0E-24,17.715786282090000000000000000,-0.358558358423753912200000000,BASE_E3,permanent,run_dfea4b7ac1475668d5968c97,168
1781222399999999999,2026-06-11,BTCUSDT,67.324491776000000000000000,-67.23691594208000000000000000,0.0896140817301805280,0E-10,0,0E-26,0E-24,67.324491776000000000000000,0E-24,-67.23691594208000000000000000,0.17718991565018052800000000,BASE_E3,permanent,run_dfea4b7ac1475668d5968c97,168
1781222399999999999,2026-06-11,ETHUSDT,54.874576197000000000000000,-54.605739353490000000000000000,-0.0918609301197372330,0E-9,0,0E-26,0E-24,54.874576197000000000000000,0E-24,-54.605739353490000000000000000,0.176975913390262767000000000,BASE_E3,permanent,run_dfea4b7ac1475668d5968c97,168
1781308799999999999,2026-06-12,BTCUSDT,-1.337733760000000000000000,1.66251594208000000000000000,0.0399296590080000000,0E-10,0,0E-26,0E-24,-1.337733760000000000000000,0E-24,1.66251594208000000000000000,0.36471184108800000000000000,BASE_E3,permanent,run_dfea4b7ac1475668d5968c97,168
1781308799999999999,2026-06-12,ETHUSDT,-8.066383682000000000000000,7.999470993150000000000000000,-0.1834493279580000000,0E-9,0,0E-26,0E-24,-8.066383682000000000000000,0E-24,7.999470993150000000000000000,-0.250362016808000000000000000,BASE_E3,permanent,run_dfea4b7ac1475668d5968c97,168
1781395199999999999,2026-06-13,BTCUSDT,28.186498368000000000000000,-28.08320000000000000000000000,0.1294498691520000000,0E-10,0,0E-26,0E-24,28.186498368000000000000000,0E-24,-28.08320000000000000000000000,0.23274823715200000000000000,BASE_E3,permanent,run_dfea4b7ac1475668d5968c97,168
1781395199999999999,2026-06-13,ETHUSDT,15.711546284000000000000000,-15.798837921750000000000000000,0.0989475073864918758,0E-9,0,0E-26,0E-24,15.711546284000000000000000,0E-24,-15.798837921750000000000000000,0.011655869636491875800000000,BASE_E3,permanent,run_dfea4b7ac1475668d5968c97,168
1781481599999999999,2026-06-14,BTCUSDT,41.644804064000000000000000,-41.61920000000000000000000000,-0.2557911264895160480,0E-10,0,0E-26,0E-24,41.644804064000000000000000,0E-24,-41.61920000000000000000000000,-0.23018706248951604800000000,BASE_E3,permanent,run_dfea4b7ac1475668d5968c97,168
1781481599999999999,2026-06-14,ETHUSDT,47.166230433000000000000000,-47.037510000000000000000000000,-0.0640288405470562524,0E-9,0,0E-26,0E-24,47.166230433000000000000000,0E-24,-47.037510000000000000000000000,0.064691592452943747600000000,BASE_E3,permanent,run_dfea4b7ac1475668d5968c97,168
1781567999999999999,2026-06-15,BTCUSDT,18.456565472000000000000000,-18.41072602912000000000000000,-0.0587259901315521184,0E-10,0,0E-26,0E-24,18.456565472000000000000000,0E-24,-18.41072602912000000000000000,-0.01288654725155211840000000,BASE_E3,permanent,run_dfea4b7ac1475668d5968c97,168
1781567999999999999,2026-06-15,ETHUSDT,74.145440607000000000000000,-74.163296092860000000000000000,0.1729424835085913550,0E-9,0,0E-26,0E-24,74.145440607000000000000000,0E-24,-74.163296092860000000000000000,0.155086997648591355000000000,BASE_E3,permanent,run_dfea4b7ac1475668d5968c97,168
1781654399999999999,2026-06-16,BTCUSDT,-21.190598848000000000000000,21.07312602912000000000000000,-0.0274600920615141632,0E-10,0,0E-26,0E-24,-21.190598848000000000000000,0E-24,21.07312602912000000000000000,-0.14493291094151416320000000,BASE_E3,permanent,run_dfea4b7ac1475668d5968c97,168
1781654399999999999,2026-06-16,ETHUSDT,-3.906825517000000000000000,3.759381417870000000000000000,0.0767526501223001520,0E-9,0,0E-26,0E-24,-3.906825517000000000000000,0E-24,3.759381417870000000000000000,-0.070691449007699848000000000,BASE_E3,permanent,run_dfea4b7ac1475668d5968c97,168
1781740799999999999,2026-06-17,BTCUSDT,-37.901069728000000000000000,37.95470655072000000000000000,-0.1533192564757776096,0E-10,0,0E-26,0E-24,-37.901069728000000000000000,0E-24,37.95470655072000000000000000,-0.09968243375577760960000000,BASE_E3,permanent,run_dfea4b7ac1475668d5968c97,168
1781740799999999999,2026-06-17,ETHUSDT,-44.996941871000000000000000,45.063200307060000000000000000,0.0875287611127224360,0E-9,0,0E-26,0E-24,-44.996941871000000000000000,0E-24,45.063200307060000000000000000,0.153787197172722436000000000,BASE_E3,permanent,run_dfea4b7ac1475668d5968c97,168
1781827199999999999,2026-06-18,BTCUSDT,-48.526452160000000000000000,48.39647698560000000000000000,0.1108995033831232896,0E-10,0,0E-26,0E-24,-48.526452160000000000000000,0E-24,48.39647698560000000000000000,-0.01907567101687671040000000,BASE_E3,permanent,run_dfea4b7ac1475668d5968c97,168
1781827199999999999,2026-06-18,ETHUSDT,-40.605712112000000000000000,40.546034367930000000000000000,0.0857287990888465968,0E-9,0,0E-26,0E-24,-40.605712112000000000000000,0E-24,40.546034367930000000000000000,0.026051055018846596800000000,BASE_E3,permanent,run_dfea4b7ac1475668d5968c97,168
1781913599999999999,2026-06-19,BTCUSDT,19.450904896000000000000000,-19.41216857984000000000000000,0.2184250755140468736,0E-10,0,0E-26,0E-24,19.450904896000000000000000,0E-24,-19.41216857984000000000000000,0.25716139167404687360000000,BASE_E3,permanent,run_dfea4b7ac1475668d5968c97,168
1781913599999999999,2026-06-19,ETHUSDT,0.884564268000000000000000,-0.862431492780000000000000000,0.0805906526329888191,0E-9,0,0E-26,0E-24,0.884564268000000000000000,0E-24,-0.862431492780000000000000000,0.102723427852988819100000000,BASE_E3,permanent,run_dfea4b7ac1475668d5968c97,168
1781999999999999999,2026-06-20,BTCUSDT,23.768776640000000000000000,-23.84844034784000000000000000,0.2535492736320000000,0E-10,0,0E-26,0E-24,23.768776640000000000000000,0E-24,-23.84844034784000000000000000,0.17388556579200000000000000,BASE_E3,permanent,run_dfea4b7ac1475668d5968c97,168
1781999999999999999,2026-06-20,ETHUSDT,30.707016732000000000000000,-30.606122510730000000000000000,0.1614908190036865113,0E-9,0,0E-26,0E-24,30.707016732000000000000000,0E-24,-30.606122510730000000000000000,0.262385040273686511300000000,BASE_E3,permanent,run_dfea4b7ac1475668d5968c97,168
1782086399999999999,2026-06-21,BTCUSDT,-31.890548736000000000000000,31.91742539136000000000000000,0.1643640147774860160,0E-10,0,0E-26,0E-24,-31.890548736000000000000000,0E-24,31.91742539136000000000000000,0.19124067013748601600000000,BASE_E3,permanent,run_dfea4b7ac1475668d5968c97,168
1782086399999999999,2026-06-21,ETHUSDT,-35.982810759000000000000000,35.596314003510000000000000000,0.1142221152149809524,0E-9,0,0E-26,0E-24,-35.982810759000000000000000,0E-24,35.596314003510000000000000000,-0.272274640275019047600000000,BASE_E3,permanent,run_dfea4b7ac1475668d5968c97,168
1782172799999999999,2026-06-22,BTCUSDT,22.402560032000000000000000,-22.31153159424000000000000000,0.2640077943040000000,0E-10,0,0E-26,0E-24,22.402560032000000000000000,0E-24,-22.31153159424000000000000000,0.35503623206400000000000000,BASE_E3,permanent,run_dfea4b7ac1475668d5968c97,168
1782172799999999999,2026-06-22,ETHUSDT,22.514266726000000000000000,-22.276590489270000000000000000,0.1198851093951385680,0E-9,0,0E-26,0E-24,22.514266726000000000000000,0E-24,-22.276590489270000000000000000,0.357561346125138568000000000,BASE_E3,permanent,run_dfea4b7ac1475668d5968c97,168
1782259199999999999,2026-06-23,BTCUSDT,-40.801839776000000000000000,40.86087675360000000000000000,0.0782780290127783584,0E-10,0,0E-26,0E-24,-40.801839776000000000000000,0E-24,40.86087675360000000000000000,0.13731500661277835840000000,BASE_E3,permanent,run_dfea4b7ac1475668d5968c97,168
1782259199999999999,2026-06-23,ETHUSDT,-63.920298890000000000000000,63.882440789310000000000000000,-0.0182823452872383960,0E-9,0,0E-26,0E-24,-63.920298890000000000000000,0E-24,63.882440789310000000000000000,-0.056140445977238396000000000,BASE_E3,permanent,run_dfea4b7ac1475668d5968c97,168
1782345599999999999,2026-06-24,BTCUSDT,-53.223881856000000000000000,53.09537600000000000000000000,0.0865051074240000000,0E-10,0,0E-26,0E-24,-53.223881856000000000000000,0E-24,53.09537600000000000000000000,-0.04200074857600000000000000,BASE_E3,permanent,run_dfea4b7ac1475668d5968c97,168
1782345599999999999,2026-06-24,ETHUSDT,-47.755939945000000000000000,47.772789699960000000000000000,0.1200278484300990744,0E-9,0,0E-26,0E-24,-47.755939945000000000000000,0E-24,47.772789699960000000000000000,0.136877603390099074400000000,BASE_E3,permanent,run_dfea4b7ac1475668d5968c97,168
1782431999999999999,2026-06-25,BTCUSDT,-41.220121600000000000000000,41.20125750720000000000000000,-0.0334066411840000000,0E-10,0,0E-26,0E-24,-41.220121600000000000000000,0E-24,41.20125750720000000000000000,-0.05227073398400000000000000,BASE_E3,permanent,run_dfea4b7ac1475668d5968c97,168
1782431999999999999,2026-06-25,ETHUSDT,-58.233814310000000000000000,58.294080000000000000000000000,-0.0504948477619319292,0E-9,0,0E-26,0E-24,-58.233814310000000000000000,0E-24,58.294080000000000000000000000,0.009770842238068070800000000,BASE_E3,permanent,run_dfea4b7ac1475668d5968c97,168
1782518399999999999,2026-06-26,BTCUSDT,10.305030400000000000000000,-10.28611942016000000000000000,0.3566529327132988416,0E-10,0,0E-26,0E-24,10.305030400000000000000000,0E-24,-10.28611942016000000000000000,0.37556391255329884160000000,BASE_E3,permanent,run_dfea4b7ac1475668d5968c97,168
1782518399999999999,2026-06-26,ETHUSDT,12.499735549000000000000000,-12.646530000000000000000000000,-0.0515299675662150912,0E-9,0,0E-26,0E-24,12.499735549000000000000000,0E-24,-12.646530000000000000000000000,-0.198324418566215091200000000,BASE_E3,permanent,run_dfea4b7ac1475668d5968c97,168
1782604799999999999,2026-06-27,BTCUSDT,-2.701710144000000000000000,2.60814075360000000000000000,0.2568102680960000000,0E-10,0,0E-26,0E-24,-2.701710144000000000000000,0E-24,2.60814075360000000000000000,0.16324087769600000000000000,BASE_E3,permanent,run_dfea4b7ac1475668d5968c97,168
1782604799999999999,2026-06-27,ETHUSDT,-5.223141392000000000000000,5.391360000000000000000000000,0.0499550727292182072,0E-9,0,0E-26,0E-24,-5.223141392000000000000000,0E-24,5.391360000000000000000000000,0.218173680729218207200000000,BASE_E3,permanent,run_dfea4b7ac1475668d5968c97,168
1782691199999999999,2026-06-28,BTCUSDT,-14.067646624000000000000000,13.94872851584000000000000000,0.1927034166220807040,0E-10,0,0E-26,0E-24,-14.067646624000000000000000,0E-24,13.94872851584000000000000000,0.07378530846208070400000000,BASE_E3,permanent,run_dfea4b7ac1475668d5968c97,168
1782691199999999999,2026-06-28,ETHUSDT,-1.716475901000000000000000,1.545507601560000000000000000,-0.1061362705923000000,0E-9,0,0E-26,0E-24,-1.716475901000000000000000,0E-24,1.545507601560000000000000000,-0.277104570032300000000000000,BASE_E3,permanent,run_dfea4b7ac1475668d5968c97,168
1782777599999999999,2026-06-29,BTCUSDT,20.232103008000000000000000,-20.08903529856000000000000000,0.3679103415105409024,0E-10,0,0E-26,0E-24,20.232103008000000000000000,0E-24,-20.08903529856000000000000000,0.51097805095054090240000000,BASE_E3,permanent,run_dfea4b7ac1475668d5968c97,168
1782777599999999999,2026-06-29,ETHUSDT,42.090516419000000000000000,-42.126364437300000000000000000,0.0361921534982060274,0E-9,0,0E-26,0E-24,42.090516419000000000000000,0E-24,-42.126364437300000000000000000,0.000344135198206027400000000,BASE_E3,permanent,run_dfea4b7ac1475668d5968c97,168
1782863999999999999,2026-06-30,BTCUSDT,-50.141333632000000000000000,50.01107547840000000000000000,0.3401027954331728704,0E-10,0,0E-26,0E-24,-50.141333632000000000000000,0E-24,50.01107547840000000000000000,0.20984464183317287040000000,BASE_E3,permanent,run_dfea4b7ac1475668d5968c97,168
1782863999999999999,2026-06-30,ETHUSDT,-41.711417447000000000000000,41.565762832230000000000000000,0.2031539496854081292,0E-9,0,0E-26,0E-24,-41.711417447000000000000000,0E-24,41.565762832230000000000000000,0.057499334915408129200000000,BASE_E3,permanent,run_dfea4b7ac1475668d5968c97,168
1782950399999999999,2026-07-01,BTCUSDT,45.078427392000000000000000,-45.06119628992000000000000000,0.2746536454496645088,0E-10,0,0E-26,0E-24,45.078427392000000000000000,0E-24,-45.06119628992000000000000000,0.29188474752966450880000000,BASE_E3,permanent,run_dfea4b7ac1475668d5968c97,168
1782950399999999999,2026-07-01,ETHUSDT,39.500006777000000000000000,-39.082445996490000000000000000,0.2257516801336813731,0E-9,0,0E-26,0E-24,39.500006777000000000000000,0E-24,-39.082445996490000000000000000,0.643312460643681373100000000,BASE_E3,permanent,run_dfea4b7ac1475668d5968c97,168
1783036799999999999,2026-07-02,BTCUSDT,47.812780800000000000000000,-47.87837240576000000000000000,0.3580765302720000000,0E-10,0,0E-26,0E-24,47.812780800000000000000000,0E-24,-47.87837240576000000000000000,0.29248492451200000000000000,BASE_E3,permanent,run_dfea4b7ac1475668d5968c97,168
1783036799999999999,2026-07-02,ETHUSDT,95.122250391000000000000000,-95.517630000000000000000000000,0.2493761809149000000,0E-9,0,0E-26,0E-24,95.122250391000000000000000,0E-24,-95.517630000000000000000000000,-0.146003428085100000000000000,BASE_E3,permanent,run_dfea4b7ac1475668d5968c97,168
1783123199999999999,2026-07-03,BTCUSDT,33.667046368000000000000000,-33.61756985504000000000000000,0.4685546657613094400,0E-10,0,0E-26,0E-24,33.667046368000000000000000,0E-24,-33.61756985504000000000000000,0.51803117872130944000000000,BASE_E3,permanent,run_dfea4b7ac1475668d5968c97,168
1783123199999999999,2026-07-03,ETHUSDT,61.140239762000000000000000,-60.842340000000000000000000000,0.4165839663212818890,0E-9,0,0E-26,0E-24,61.140239762000000000000000,0E-24,-60.842340000000000000000000000,0.714483728321281889000000000,BASE_E3,permanent,run_dfea4b7ac1475668d5968c97,168
1783209599999999999,2026-07-04,BTCUSDT,17.087788608000000000000000,-16.92003014496000000000000000,0.5912395398627256320,0E-10,0,0E-26,0E-24,17.087788608000000000000000,0E-24,-16.92003014496000000000000000,0.75899800290272563200000000,BASE_E3,permanent,run_dfea4b7ac1475668d5968c97,168
1783209599999999999,2026-07-04,ETHUSDT,23.409361521000000000000000,-23.524020000000000000000000000,0.4192547404100397030,0E-9,0,0E-26,0E-24,23.409361521000000000000000,0E-24,-23.524020000000000000000000000,0.304596261410039703000000000,BASE_E3,permanent,run_dfea4b7ac1475668d5968c97,168
1783295999999999999,2026-07-05,BTCUSDT,14.950294880000000000000000,-15.09440000000000000000000000,0.5441530979646631104,0E-10,0,0E-26,0E-24,14.950294880000000000000000,0E-24,-15.09440000000000000000000000,0.40004797796466311040000000,BASE_E3,permanent,run_dfea4b7ac1475668d5968c97,168
1783295999999999999,2026-07-05,ETHUSDT,4.801920312000000000000000,-4.970160000000000000000000000,0.3500234046064714140,0E-9,0,0E-26,0E-24,4.801920312000000000000000,0E-24,-4.970160000000000000000000000,0.181783716606471414000000000,BASE_E3,permanent,run_dfea4b7ac1475668d5968c97,168
1783382399999999999,2026-07-06,BTCUSDT,13.530952960000000000000000,-13.67680000000000000000000000,0.4835526977966476800,0E-10,0,0E-26,0E-24,13.530952960000000000000000,0E-24,-13.67680000000000000000000000,0.33770565779664768000000000,BASE_E3,permanent,run_dfea4b7ac1475668d5968c97,168
1783382399999999999,2026-07-06,ETHUSDT,14.142497761000000000000000,-13.994370000000000000000000000,0.3749926795614708228,0E-9,0,0E-26,0E-24,14.142497761000000000000000,0E-24,-13.994370000000000000000000000,0.523120440561470822800000000,BASE_E3,permanent,run_dfea4b7ac1475668d5968c97,168
1783468799999999999,2026-07-07,BTCUSDT,-22.782117984000000000000000,22.98542536736000000000000000,0.4613373522880000000,0E-10,0,0E-26,0E-24,-22.782117984000000000000000,0E-24,22.98542536736000000000000000,0.66464473564800000000000000,BASE_E3,permanent,run_dfea4b7ac1475668d5968c97,168
1783468799999999999,2026-07-07,ETHUSDT,-31.644233635000000000000000,31.663710000000000000000000000,0.2826637618077000000,0E-9,0,0E-26,0E-24,-31.644233635000000000000000,0E-24,31.663710000000000000000000000,0.302140126807700000000000000,BASE_E3,permanent,run_dfea4b7ac1475668d5968c97,168
1783555199999999999,2026-07-08,BTCUSDT,-32.899289600000000000000000,33.03693097440000000000000000,0.2543186098282605312,0E-10,0,0E-26,0E-24,-32.899289600000000000000000,0E-24,33.03693097440000000000000000,0.39195998422826053120000000,BASE_E3,permanent,run_dfea4b7ac1475668d5968c97,168
1783555199999999999,2026-07-08,ETHUSDT,-25.844355379000000000000000,25.977444890249999999999999841,0.1657747830309235353,-0.031042140,0,0.00427172393497807105821122,0E-24,-25.844355379000000000000000,0E-24,25.977444890249999999999999841,0.267822154280923535299999841,BASE_E3,permanent,run_dfea4b7ac1475668d5968c97,168
1783641599999999999,2026-07-09,BTCUSDT,30.275027200000000000000000,-30.30824132736000000000000000,0.3547956401312454656,0E-10,0,0E-26,0E-24,30.275027200000000000000000,0E-24,-30.30824132736000000000000000,0.32158151277124546560000000,BASE_E3,permanent,run_dfea4b7ac1475668d5968c97,168
1783641599999999999,2026-07-09,ETHUSDT,1.661463492000000000000000,-1.614294890250000000000000000,0.2840124782469490590,0E-9,0,0E-26,0E-24,1.661463492000000000000000,0E-24,-1.614294890250000000000000000,0.331181079996949059000000000,BASE_E3,permanent,run_dfea4b7ac1475668d5968c97,168
1783727999999999999,2026-07-10,BTCUSDT,29.506630368000000000000000,-29.46131501440000000000000000,0.5262922186989095232,0E-10,0,0E-26,0E-24,29.506630368000000000000000,0E-24,-29.46131501440000000000000000,0.57160757229890952320000000,BASE_E3,permanent,run_dfea4b7ac1475668d5968c97,168
1783727999999999999,2026-07-10,ETHUSDT,55.009352155000000000000000,-54.967217555250000000000000000,0.2001990543598102530,0E-9,0,0E-26,0E-24,55.009352155000000000000000,0E-24,-54.967217555250000000000000000,0.242333654109810253000000000,BASE_E3,permanent,run_dfea4b7ac1475668d5968c97,168
1783814399999999999,2026-07-11,BTCUSDT,-10.935173408000000000000000,10.84778805792000000000000000,0.3098506154821132288,0E-10,0,0E-26,0E-24,-10.935173408000000000000000,0E-24,10.84778805792000000000000000,0.22246526540211322880000000,BASE_E3,permanent,run_dfea4b7ac1475668d5968c97,168
1783814399999999999,2026-07-11,ETHUSDT,-8.626829670000000000000000,8.863367555250000000000000000,0.2602158264465142500,0E-9,0,0E-26,0E-24,-8.626829670000000000000000,0E-24,8.863367555250000000000000000,0.496753711696514250000000000,BASE_E3,permanent,run_dfea4b7ac1475668d5968c97,168
1783900799999999999,2026-07-12,BTCUSDT,-0.841684160000000000000000,0.89865113056000000000000000,0.3795396889911682912,0E-10,0,0E-26,0E-24,-0.841684160000000000000000,0E-24,0.89865113056000000000000000,0.43650665955116829120000000,BASE_E3,permanent,run_dfea4b7ac1475668d5968c97,168
1783900799999999999,2026-07-12,ETHUSDT,19.096179751000000000000000,-19.286745470400000000000000000,0.0898250008169124720,0E-9,0,0E-26,0E-24,19.096179751000000000000000,0E-24,-19.286745470400000000000000000,-0.100740718583087528000000000,BASE_E3,permanent,run_dfea4b7ac1475668d5968c97,168
1783987199999999999,2026-07-13,BTCUSDT,-47.237043232000000000000000,47.22956081152000000000000000,0.3291841728194880000,0E-10,0,0E-26,0E-24,-47.237043232000000000000000,0E-24,47.22956081152000000000000000,0.32170175233948800000000000,BASE_E3,permanent,run_dfea4b7ac1475668d5968c97,168
1783987199999999999,2026-07-13,ETHUSDT,-33.048212921000000000000000,32.599245470400000000000000000,0.0907925657795059425,0E-9,0,0E-26,0E-24,-33.048212921000000000000000,0E-24,32.599245470400000000000000000,-0.358174884820494057500000000,BASE_E3,permanent,run_dfea4b7ac1475668d5968c97,168
1784073599999999999,2026-07-14,BTCUSDT,86.216620800000000000000000,-86.39680000000000000000000000,0.3502078208960000000,0E-10,0,0E-26,0E-24,86.216620800000000000000000,0E-24,-86.39680000000000000000000000,0.17002862089600000000000000,BASE_E3,permanent,run_dfea4b7ac1475668d5968c97,168
1784073599999999999,2026-07-14,ETHUSDT,122.330574802000000000000000,-121.884304768350000000000000000,0.2096095682068718970,0E-9,0,0E-26,0E-24,122.330574802000000000000000,0E-24,-121.884304768350000000000000000,0.655879601856871897000000000,BASE_E3,permanent,run_dfea4b7ac1475668d5968c97,168
1784159999999999999,2026-07-15,BTCUSDT,-8.220982016000000000000000,8.43466434784000000000000000,0.5078196955288370112,0E-10,0,0E-26,0E-24,-8.220982016000000000000000,0E-24,8.43466434784000000000000000,0.72150202736883701120000000,BASE_E3,permanent,run_dfea4b7ac1475668d5968c97,168
1784159999999999999,2026-07-15,ETHUSDT,28.830651749000000000000000,-28.834495231650000000000000000,0.3565166838344872680,0E-9,0,0E-26,0E-24,28.830651749000000000000000,0E-24,-28.834495231650000000000000000,0.352673201184487268000000000,BASE_E3,permanent,run_dfea4b7ac1475668d5968c97,168
1784246399999999999,2026-07-16,BTCUSDT,-29.325172224000000000000000,29.31253565216000000000000000,0.3323540306271104128,0E-10,0,0E-26,0E-24,-29.325172224000000000000000,0E-24,29.31253565216000000000000000,0.31971745878711041280000000,BASE_E3,permanent,run_dfea4b7ac1475668d5968c97,168
1784246399999999999,2026-07-16,ETHUSDT,-56.511059542000000000000000,56.566055003550000000000000000,0.2830945615374686145,0E-9,0,0E-26,0E-24,-56.511059542000000000000000,0E-24,56.566055003550000000000000000,0.338090023087468614500000000,BASE_E3,permanent,run_dfea4b7ac1475668d5968c97,168
1784332799999999999,2026-07-17,BTCUSDT,2.854685440000000000000000,-2.96320000000000000000000000,0.3092136265968375200,0E-10,0,0E-26,0E-24,2.854685440000000000000000,0E-24,-2.96320000000000000000000000,0.20069906659683752000000000,BASE_E3,permanent,run_dfea4b7ac1475668d5968c97,168
1784332799999999999,2026-07-17,ETHUSDT,-24.027318192000000000000000,23.952692084850000000000000000,0.2773108858228118760,0E-9,0,0E-26,0E-24,-24.027318192000000000000000,0E-24,23.952692084850000000000000000,0.202684778672811876000000000,BASE_E3,permanent,run_dfea4b7ac1475668d5968c97,168
1784419199999999999,2026-07-18,BTCUSDT,29.228202528000000000000000,-29.07438539136000000000000000,0.2734888086954386400,0E-10,0,0E-26,0E-24,29.228202528000000000000000,0E-24,-29.07438539136000000000000000,0.42730594533543864000000000,BASE_E3,permanent,run_dfea4b7ac1475668d5968c97,168
1784419199999999999,2026-07-18,ETHUSDT,21.865285571000000000000000,-21.826597088400000000000000000,0.1870838191358645280,0E-9,0,0E-26,0E-24,21.865285571000000000000000,0E-24,-21.826597088400000000000000000,0.225772301735864528000000000,BASE_E3,permanent,run_dfea4b7ac1475668d5968c97,168
1784505599999999999,2026-07-19,BTCUSDT,-3.570276992000000000000000,3.41700614496000000000000000,0.2595015572188244320,0E-10,0,0E-26,0E-24,-3.570276992000000000000000,0E-24,3.41700614496000000000000000,0.10623071017882443200000000,BASE_E3,permanent,run_dfea4b7ac1475668d5968c97,168
1784505599999999999,2026-07-19,ETHUSDT,10.235041127000000000000000,-10.483703136150000000000000000,0.2080305886795290120,0E-9,0,0E-26,0E-24,10.235041127000000000000000,0E-24,-10.483703136150000000000000000,-0.040631420470470988000000000,BASE_E3,permanent,run_dfea4b7ac1475668d5968c97,168
1784591999999999999,2026-07-20,BTCUSDT,17.045864416000000000000000,-17.30081298560000000000000000,0.3465211452218555776,0E-10,0,0E-26,0E-24,17.045864416000000000000000,0E-24,-17.30081298560000000000000000,0.09157257562185557760000000,BASE_E3,permanent,run_dfea4b7ac1475668d5968c97,168
1784591999999999999,2026-07-20,ETHUSDT,34.709676413000000000000000,-34.321045007100000000000000000,0.1500372132631951860,0E-9,0,0E-26,0E-24,34.709676413000000000000000,0E-24,-34.321045007100000000000000000,0.538668619163195186000000000,BASE_E3,permanent,run_dfea4b7ac1475668d5968c97,168
1784678399999999999,2026-07-21,BTCUSDT,41.221721760000000000000000,-40.66740776800000000000000000,0.3421060822114114112,0E-10,0,0E-26,0E-24,41.221721760000000000000000,0E-24,-40.66740776800000000000000000,0.89642007421141141120000000,BASE_E3,permanent,run_dfea4b7ac1475668d5968c97,168
1784678399999999999,2026-07-21,ETHUSDT,25.944391452000000000000000,-26.269215694950000000000000000,0.2113531406906310675,0E-9,0,0E-26,0E-24,25.944391452000000000000000,0E-24,-26.269215694950000000000000000,-0.113471102259368932500000000,BASE_E3,permanent,run_dfea4b7ac1475668d5968c97,168
1784764799999999999,2026-07-22,BTCUSDT,-13.454465312000000000000000,13.34167281152000000000000000,0.2288361436485282272,0E-10,0,0E-26,0E-24,-13.454465312000000000000000,0E-24,13.34167281152000000000000000,0.11604364316852822720000000,BASE_E3,permanent,run_dfea4b7ac1475668d5968c97,168
1784764799999999999,2026-07-22,ETHUSDT,5.325203500000000000000000,-5.131442437650000000000000000,0.1843026833185610385,0E-9,0,0E-26,0E-24,5.325203500000000000000000,0E-24,-5.131442437650000000000000000,0.378063745668561038500000000,BASE_E3,permanent,run_dfea4b7ac1475668d5968c97,168
1784851199999999999,2026-07-23,BTCUSDT,-33.044584128000000000000000,32.98251339136000000000000000,0.1741836203085819296,0E-10,0,0E-26,0E-24,-33.044584128000000000000000,0E-24,32.98251339136000000000000000,0.11211288366858192960000000,BASE_E3,permanent,run_dfea4b7ac1475668d5968c97,168
1784851199999999999,2026-07-23,ETHUSDT,-59.333417397000000000000000,59.341973371350000000000000000,-0.1246432768455000000,0E-9,0,0E-26,0E-24,-59.333417397000000000000000,0E-24,59.341973371350000000000000000,-0.116087302495500000000000000,BASE_E3,permanent,run_dfea4b7ac1475668d5968c97,168
1784937599999999999,2026-07-24,BTCUSDT,-30.325912288000000000000000,30.17501379712000000000000000,0.3866125420736000000,0E-10,0,0E-26,0E-24,-30.325912288000000000000000,0E-24,30.17501379712000000000000000,0.23571405119360000000000000,BASE_E3,permanent,run_dfea4b7ac1475668d5968c97,168
1784937599999999999,2026-07-24,ETHUSDT,-17.850082132000000000000000,17.736732904500000000000000000,0.0470846013645000000,0E-9,0,0E-26,0E-24,-17.850082132000000000000000,0E-24,17.736732904500000000000000000,-0.066264626135500000000000000,BASE_E3,permanent,run_dfea4b7ac1475668d5968c97,168
1785023999999999999,2026-07-25,BTCUSDT,6.980858016000000000000000,-7.04447904032000000000000000,0.2506442740513394496,0E-10,0,0E-26,0E-24,6.980858016000000000000000,0E-24,-7.04447904032000000000000000,0.18702324973133944960000000,BASE_E3,permanent,run_dfea4b7ac1475668d5968c97,168
1785023999999999999,2026-07-25,ETHUSDT,14.005285205000000000000000,-14.047350000000000000000000000,0.2205328396508792250,0E-9,0,0E-26,0E-24,14.005285205000000000000000,0E-24,-14.047350000000000000000000000,0.178468044650879225000000000,BASE_E3,permanent,run_dfea4b7ac1475668d5968c97,168
1785110399999999999,2026-07-26,BTCUSDT,32.777357408000000000000000,-32.75707458272000000000000000,0.3215356495471309184,0E-10,0,0E-26,0E-24,32.777357408000000000000000,0E-24,-32.75707458272000000000000000,0.34181847482713091840000000,BASE_E3,permanent,run_dfea4b7ac1475668d5968c97,168
1785110399999999999,2026-07-26,ETHUSDT,84.883743790000000000000000,-85.530438955800000000000000000,0.0492386910975413925,0E-9,0,0E-26,0E-24,84.883743790000000000000000,0E-24,-85.530438955800000000000000000,-0.597456474702458607500000000,BASE_E3,permanent,run_dfea4b7ac1475668d5968c97,168
1785196799999999999,2026-07-27,BTCUSDT,-52.028242304000000000000000,51.96992039968000000000000000,0.3672587936260591488,0E-10,0,0E-26,0E-24,-52.028242304000000000000000,0E-24,51.96992039968000000000000000,0.30893688930605914880000000,BASE_E3,permanent,run_dfea4b7ac1475668d5968c97,168
1785196799999999999,2026-07-27,ETHUSDT,-66.426588459000000000000000,66.974060868450000000000000000,0.4117091276378250000,0E-9,0,0E-26,0E-24,-66.426588459000000000000000,0E-24,66.974060868450000000000000000,0.959181537087825000000000000,BASE_E3,permanent,run_dfea4b7ac1475668d5968c97,168
1785283199999999999,2026-07-28,BTCUSDT,5.989398880000000000000000,-5.82361245792000000000000000,0.2251286977565116128,0E-10,0,0E-26,0E-24,5.989398880000000000000000,0E-24,-5.82361245792000000000000000,0.39091511983651161280000000,BASE_E3,permanent,run_dfea4b7ac1475668d5968c97,168
1785283199999999999,2026-07-28,ETHUSDT,31.823416116000000000000000,-31.624762493550000000000000000,0.0135668132613661500,0E-9,0,0E-26,0E-24,31.823416116000000000000000,0E-24,-31.624762493550000000000000000,0.212220435711366150000000000,BASE_E3,permanent,run_dfea4b7ac1475668d5968c97,168
1785369599999999999,2026-07-29,BTCUSDT,0.876567648000000000000000,-1.16715431872000000000000000,0.4860022452281736800,0E-10,0,0E-26,0E-24,0.876567648000000000000000,0E-24,-1.16715431872000000000000000,0.19541557450817368000000000,BASE_E3,permanent,run_dfea4b7ac1475668d5968c97,168
1785369599999999999,2026-07-29,ETHUSDT,-12.269268864000000000000000,12.181940580900000000000000000,0.3012879794919643260,0E-9,0,0E-26,0E-24,-12.269268864000000000000000,0E-24,12.181940580900000000000000000,0.213959696391964326000000000,BASE_E3,permanent,run_dfea4b7ac1475668d5968c97,168
1785455999999999999,2026-07-30,BTCUSDT,25.506870432000000000000000,-25.08821147840000000000000000,0.5091383961273067360,0E-10,0,0E-26,0E-24,25.506870432000000000000000,0E-24,-25.08821147840000000000000000,0.92779734972730673600000000,BASE_E3,permanent,run_dfea4b7ac1475668d5968c97,168
1785455999999999999,2026-07-30,ETHUSDT,8.701382519000000000000000,-8.711700000000000000000000000,0.2134711137432831540,0E-9,0,0E-26,0E-24,8.701382519000000000000000,0E-24,-8.711700000000000000000000000,0.203153632743283154000000000,BASE_E3,permanent,run_dfea4b7ac1475668d5968c97,168
1785542399999999999,2026-07-31,BTCUSDT,-60.883847776000000000000000,60.76501147840000000000000000,0.5131891682400353920,0E-10,0,0E-26,0E-24,-60.883847776000000000000000,0E-24,60.76501147840000000000000000,0.39435287064003539200000000,BASE_E3,permanent,run_dfea4b7ac1475668d5968c97,168
1785542399999999999,2026-07-31,ETHUSDT,-60.185449957000000000000000,60.023400000000000000000000000,0.1007350319062440525,0E-9,0,0E-26,0E-24,-60.185449957000000000000000,0E-24,60.023400000000000000000000000,-0.061314925093755947500000000,BASE_E3,permanent,run_dfea4b7ac1475668d5968c97,168
1785628799999999999,2026-08-01,BTCUSDT,-1.726252608000000000000000,1.81556707232000000000000000,0.2181611841600000000,0E-10,0,0E-26,0E-24,-1.726252608000000000000000,0E-24,1.81556707232000000000000000,0.30747564848000000000000000,BASE_E3,permanent,run_dfea4b7ac1475668d5968c97,168
1785628799999999999,2026-08-01,ETHUSDT,-18.297399226000000000000000,18.445800000000000000000000000,0.2946548502089053995,0E-9,0,0E-26,0E-24,-18.297399226000000000000000,0E-24,18.445800000000000000000000000,0.443055624208905399500000000,BASE_E3,permanent,run_dfea4b7ac1475668d5968c97,168
1785715199999999999,2026-08-02,BTCUSDT,23.802380000000000000000000,-24.06196707232000000000000000,0.4282285531200000000,0E-10,0,0E-26,0E-24,23.802380000000000000000000,0E-24,-24.06196707232000000000000000,0.16864148080000000000000000,BASE_E3,permanent,run_dfea4b7ac1475668d5968c97,168
1785715199999999999,2026-08-02,ETHUSDT,42.505774337000000000000000,-42.227250000000000000000000000,0.1948577827230000000,0E-9,0,0E-26,0E-24,42.505774337000000000000000,0E-24,-42.227250000000000000000000000,0.473382119723000000000000000,BASE_E3,permanent,run_dfea4b7ac1475668d5968c97,168
1785801599999999999,2026-08-03,BTCUSDT,-1.517271712000000000000000,1.62880000000000000000000000,0.3812272253771140096,0E-10,0,0E-26,0E-24,-1.517271712000000000000000,0E-24,1.62880000000000000000000000,0.49275551337711400960000000,BASE_E3,permanent,run_dfea4b7ac1475668d5968c97,168
1785801599999999999,2026-08-03,ETHUSDT,-26.391708546000000000000000,26.042956860300000000000000000,0.2563097045101563360,0E-9,0,0E-26,0E-24,-26.391708546000000000000000,0E-24,26.042956860300000000000000000,-0.092441981189843664000000000,BASE_E3,permanent,run_dfea4b7ac1475668d5968c97,168
1785887999999999999,2026-08-04,BTCUSDT,18.882208032000000000000000,-18.63040000000000000000000000,0.3474935486259735040,0E-10,0,0E-26,0E-24,18.882208032000000000000000,0E-24,-18.63040000000000000000000000,0.59930158062597350400000000,BASE_E3,permanent,run_dfea4b7ac1475668d5968c97,168
1785887999999999999,2026-08-04,ETHUSDT,10.362846011000000000000000,-10.249006860300000000000000000,0.3586191450106380990,0E-9,0,0E-26,0E-24,10.362846011000000000000000,0E-24,-10.249006860300000000000000000,0.472458295710638099000000000,BASE_E3,permanent,run_dfea4b7ac1475668d5968c97,168
1785974399999999999,2026-08-05,BTCUSDT,17.769136736000000000000000,-17.74400000000000000000000000,0.1102641497600000000,0E-10,0,0E-26,0E-24,17.769136736000000000000000,0E-24,-17.74400000000000000000000000,0.13540088576000000000000000,BASE_E3,permanent,run_dfea4b7ac1475668d5968c97,168
1785974399999999999,2026-08-05,ETHUSDT,40.695205147000000000000000,-40.615211514600000000000000000,0.1421517449210298765,0E-9,0,0E-26,0E-24,40.695205147000000000000000,0E-24,-40.615211514600000000000000000,0.222145377321029876500000000,BASE_E3,permanent,run_dfea4b7ac1475668d5968c97,168
1786060799999999999,2026-08-06,BTCUSDT,-11.266726560000000000000000,11.20320000000000000000000000,0.3137505968320000000,0E-10,0,0E-26,0E-24,-11.266726560000000000000000,0E-24,11.20320000000000000000000000,0.25022403683200000000000000,BASE_E3,permanent,run_dfea4b7ac1475668d5968c97,168
1786060799999999999,2026-08-06,ETHUSDT,-4.505122161000000000000000,4.479761514600000000000000000,0.0481433842435535370,0E-9,0,0E-26,0E-24,-4.505122161000000000000000,0E-24,4.479761514600000000000000000,0.022782737843553537000000000,BASE_E3,permanent,run_dfea4b7ac1475668d5968c97,168
1786147199999999999,2026-08-07,BTCUSDT,19.345934400000000000000000,-19.37600000000000000000000000,0.2415163421206688576,0E-10,0,0E-26,0E-24,19.345934400000000000000000,0E-24,-19.37600000000000000000000000,0.21145074212066885760000000,BASE_E3,permanent,run_dfea4b7ac1475668d5968c97,168
1786147199999999999,2026-08-07,ETHUSDT,10.799512698000000000000000,-10.622863139700000000000000000,0.1659458817200255700,0E-9,0,0E-26,0E-24,10.799512698000000000000000,0E-24,-10.622863139700000000000000000,0.342595440020025570000000000,BASE_E3,permanent,run_dfea4b7ac1475668d5968c97,168
1786233599999999999,2026-08-08,BTCUSDT,1.284928480000000000000000,-1.38240000000000000000000000,0.3486981856569248320,0E-10,0,0E-26,0E-24,1.284928480000000000000000,0E-24,-1.38240000000000000000000000,0.25122666565692483200000000,BASE_E3,permanent,run_dfea4b7ac1475668d5968c97,168
1786233599999999999,2026-08-08,ETHUSDT,2.769105820000000000000000,-3.115636860300000000000000000,0.2033073170909363730,0E-9,0,0E-26,0E-24,2.769105820000000000000000,0E-24,-3.115636860300000000000000000,-0.143223723209063627000000000,BASE_E3,permanent,run_dfea4b7ac1475668d5968c97,168
1786319999999999999,2026-08-09,BTCUSDT,-1.881788160000000000000000,1.92640000000000000000000000,0.3773232682676219488,0E-10,0,0E-26,0E-24,-1.881788160000000000000000,0E-24,1.92640000000000000000000000,0.42193510826762194880000000,BASE_E3,permanent,run_dfea4b7ac1475668d5968c97,168
1786319999999999999,2026-08-09,ETHUSDT,-6.741707631000000000000000,7.060950000000000000000000000,0.3143155650265279170,0E-9,0,0E-26,0E-24,-6.741707631000000000000000,0E-24,7.060950000000000000000000000,0.633557934026527917000000000,BASE_E3,permanent,run_dfea4b7ac1475668d5968c97,168
1786406399999999999,2026-08-10,BTCUSDT,-29.731932896000000000000000,29.73120000000000000000000000,0.4245834577007613984,0E-10,0,0E-26,0E-24,-29.731932896000000000000000,0E-24,29.73120000000000000000000000,0.42385056170076139840000000,BASE_E3,permanent,run_dfea4b7ac1475668d5968c97,168
1786406399999999999,2026-08-10,ETHUSDT,-39.917725436000000000000000,39.596700000000000000000000000,0.1970711631108738450,0E-9,0,0E-26,0E-24,-39.917725436000000000000000,0E-24,39.596700000000000000000000000,-0.123954272889126155000000000,BASE_E3,permanent,run_dfea4b7ac1475668d5968c97,168
1786492799999999999,2026-08-11,BTCUSDT,-11.713171200000000000000000,11.57254284064000000000000000,0.2557993577782724416,0E-10,0,0E-26,0E-24,-11.713171200000000000000000,0E-24,11.57254284064000000000000000,0.11517099841827244160000000,BASE_E3,permanent,run_dfea4b7ac1475668d5968c97,168
1786492799999999999,2026-08-11,ETHUSDT,10.554553337000000000000000,-10.479426628650000000000000000,0.2549701120136264610,0E-9,0,0E-26,0E-24,10.554553337000000000000000,0E-24,-10.479426628650000000000000000,0.330096820363626461000000000,BASE_E3,permanent,run_dfea4b7ac1475668d5968c97,168
1786579199999999999,2026-08-12,BTCUSDT,-3.876227584000000000000000,3.69408695648000000000000000,0.5123530461039340832,0E-10,0,0E-26,0E-24,-3.876227584000000000000000,0E-24,3.69408695648000000000000000,0.33021241858393408320000000,BASE_E3,permanent,run_dfea4b7ac1475668d5968c97,168
1786579199999999999,2026-08-12,ETHUSDT,-2.918211518000000000000000,2.822076628650000000000000000,0.4625785898661533400,0E-9,0,0E-26,0E-24,-2.918211518000000000000000,0E-24,2.822076628650000000000000000,0.366443700516153340000000000,BASE_E3,permanent,run_dfea4b7ac1475668d5968c97,168
1786665599999999999,2026-08-13,BTCUSDT,-0.362276224000000000000000,0.65895365120000000000000000,0.4400146596960856512,0E-10,0,0E-26,0E-24,-0.362276224000000000000000,0E-24,0.65895365120000000000000000,0.73669208689608565120000000,BASE_E3,permanent,run_dfea4b7ac1475668d5968c97,168
1786665599999999999,2026-08-13,ETHUSDT,5.985528734000000000000000,-5.831302022400000000000000000,0.3949173122698188870,0E-9,0,0E-26,0E-24,5.985528734000000000000000,0E-24,-5.831302022400000000000000000,0.549144023869818887000000000,BASE_E3,permanent,run_dfea4b7ac1475668d5968c97,168
1786751999999999999,2026-08-14,BTCUSDT,-13.810660928000000000000000,13.66010410784000000000000000,0.3069120914255847264,0E-10,0,0E-26,0E-24,-13.810660928000000000000000,0E-24,13.66010410784000000000000000,0.15635527126558472640000000,BASE_E3,permanent,run_dfea4b7ac1475668d5968c97,168
1786751999999999999,2026-08-14,ETHUSDT,-3.472032682000000000000000,3.413752022400000000000000000,0.0544353587576598825,0E-9,0,0E-26,0E-24,-3.472032682000000000000000,0E-24,3.413752022400000000000000000,-0.003845300842340117500000000,BASE_E3,permanent,run_dfea4b7ac1475668d5968c97,168
1786838399999999999,2026-08-15,BTCUSDT,1.471827168000000000000000,-1.25466772992000000000000000,0.3759344938642919680,0E-10,0,0E-26,0E-24,1.471827168000000000000000,0E-24,-1.25466772992000000000000000,0.59309393194429196800000000,BASE_E3,permanent,run_dfea4b7ac1475668d5968c97,168
1786838399999999999,2026-08-15,ETHUSDT,0.234308954000000000000000,-0.106500000000000000000000000,0.3095352899686340520,0E-9,0,0E-26,0E-24,0.234308954000000000000000,0E-24,-0.106500000000000000000000000,0.437344243968634052000000000,BASE_E3,permanent,run_dfea4b7ac1475668d5968c97,168
1786924799999999999,2026-08-16,BTCUSDT,-6.324472384000000000000000,6.19698017376000000000000000,0.1575688164481650080,0E-10,0,0E-26,0E-24,-6.324472384000000000000000,0E-24,6.19698017376000000000000000,0.03007660620816500800000000,BASE_E3,permanent,run_dfea4b7ac1475668d5968c97,168
1786924799999999999,2026-08-16,ETHUSDT,-7.103821469000000000000000,6.975750000000000000000000000,0.1101907146318495075,0E-9,0,0E-26,0E-24,-7.103821469000000000000000,0E-24,6.975750000000000000000000000,-0.017880754368150492500000000,BASE_E3,permanent,run_dfea4b7ac1475668d5968c97,168
1787011199999999999,2026-08-17,BTCUSDT,53.529512416000000000000000,-53.68640000000000000000000000,0.4106690852003309056,0E-10,0,0E-26,0E-24,53.529512416000000000000000,0E-24,-53.68640000000000000000000000,0.25378150120033090560000000,BASE_E3,permanent,run_dfea4b7ac1475668d5968c97,168
1787011199999999999,2026-08-17,ETHUSDT,40.034879913000000000000000,-40.132337213100000000000000000,0.3223875248085000000,0E-9,0,0E-26,0E-24,40.034879913000000000000000,0E-24,-40.132337213100000000000000000,0.224930224708500000000000000,BASE_E3,permanent,run_dfea4b7ac1475668d5968c97,168
1787097599999999999,2026-08-18,BTCUSDT,5.261006048000000000000000,-5.06059478272000000000000000,0.2853902311691536000,0E-10,0,0E-26,0E-24,5.261006048000000000000000,0E-24,-5.06059478272000000000000000,0.48580149644915360000000000,BASE_E3,permanent,run_dfea4b7ac1475668d5968c97,168
1787097599999999999,2026-08-18,ETHUSDT,3.855447334000000000000000,-3.834231158250000000000000000,0.2296636045592777250,0E-9,0,0E-26,0E-24,3.855447334000000000000000,0E-24,-3.834231158250000000000000000,0.250879780309277725000000000,BASE_E3,permanent,run_dfea4b7ac1475668d5968c97,168
1787183999999999999,2026-08-19,BTCUSDT,146.721230656000000000000000,-147.09620521728000000000000000,0.3312743843504548640,0E-10,0,0E-26,0E-24,146.721230656000000000000000,0E-24,-147.09620521728000000000000000,-0.04370017692954513600000000,BASE_E3,permanent,run_dfea4b7ac1475668d5968c97,168
1787183999999999999,2026-08-19,ETHUSDT,357.054894675000000000000000,-357.229581628650000000000000000,0.3493525333282581600,0E-9,0,0E-26,0E-24,357.054894675000000000000000,0E-24,-357.229581628650000000000000000,0.174665579678258160000000000,BASE_E3,permanent,run_dfea4b7ac1475668d5968c97,168
1787270399999999999,2026-08-20,BTCUSDT,119.773256128000000000000000,-119.38321971008000000000000000,0.6559850846254669440,0E-10,0,0E-26,0E-24,119.773256128000000000000000,0E-24,-119.38321971008000000000000000,1.04602150254546694400000000,BASE_E3,permanent,run_dfea4b7ac1475668d5968c97,168
1787270399999999999,2026-08-20,ETHUSDT,79.846101279000000000000000,-79.522906047750000000000000000,0.7273243530641850000,0E-9,0,0E-26,0E-24,79.846101279000000000000000,0E-24,-79.522906047750000000000000000,1.050519584314185000000000000,BASE_E3,permanent,run_dfea4b7ac1475668d5968c97,168
1787356799999999999,2026-08-21,BTCUSDT,169.744972800000000000000000,-169.80078028992000000000000000,0.5050570824705291648,0E-10,0,0E-26,0E-24,169.744972800000000000000000,0E-24,-169.80078028992000000000000000,0.44924959255052916480000000,BASE_E3,permanent,run_dfea4b7ac1475668d5968c97,168
1787356799999999999,2026-08-21,ETHUSDT,200.653667880000000000000000,-201.488313761100000000000000000,0.7311197156288550000,0E-9,0,0E-26,0E-24,200.653667880000000000000000,0E-24,-201.488313761100000000000000000,-0.103526165471145000000000000,BASE_E3,permanent,run_dfea4b7ac1475668d5968c97,168
1787443199999999999,2026-08-22,BTCUSDT,-40.132652864000000000000000,39.05330110944000000000000000,0.7442907686956480000,0E-10,0,0E-26,0E-24,-40.132652864000000000000000,0E-24,39.05330110944000000000000000,-0.33506098586435200000000000,BASE_E3,permanent,run_dfea4b7ac1475668d5968c97,168
1787443199999999999,2026-08-22,ETHUSDT,-97.355370387000000000000000,98.415018302850000000000000000,0.7837099461628650000,0E-9,0,0E-26,0E-24,-97.355370387000000000000000,0E-24,98.415018302850000000000000000,1.843357862012865000000000000,BASE_E3,permanent,run_dfea4b7ac1475668d5968c97,168
1787529599999999999,2026-08-23,BTCUSDT,20.465726368000000000000000,-19.83018992096000000000000000,0.7367309916105920000,0E-10,0,0E-26,0E-24,20.465726368000000000000000,0E-24,-19.83018992096000000000000000,1.37226743865059200000000000,BASE_E3,permanent,run_dfea4b7ac1475668d5968c97,168
1787529599999999999,2026-08-23,ETHUSDT,41.121221427000000000000000,-41.859953960850000000000000000,0.7718738017728000000,0E-9,0,0E-26,0E-24,41.121221427000000000000000,0E-24,-41.859953960850000000000000000,0.033141267922800000000000000,BASE_E3,permanent,run_dfea4b7ac1475668d5968c97,168
1787615999999999999,2026-08-24,BTCUSDT,39.735493152000000000000000,-38.20231118848000000000000000,0.7490195671124480000,0E-10,0,0E-26,0E-24,39.735493152000000000000000,0E-24,-38.20231118848000000000000000,2.28220153063244800000000000,BASE_E3,permanent,run_dfea4b7ac1475668d5968c97,168
1787615999999999999,2026-08-24,ETHUSDT,19.820407427000000000000000,-19.024144533150000000000000000,0.7883673150000000000,0E-9,0,0E-26,0E-24,19.820407427000000000000000,0E-24,-19.024144533150000000000000000,1.584630208850000000000000000,BASE_E3,permanent,run_dfea4b7ac1475668d5968c97,168
1787702399999999999,2026-08-25,BTCUSDT,-14.772677120000000000000000,13.88673159424000000000000000,0.6562146774075200000,0E-10,0,0E-26,0E-24,-14.772677120000000000000000,0E-24,13.88673159424000000000000000,-0.22973084835248000000000000,BASE_E3,permanent,run_dfea4b7ac1475668d5968c97,168
1787702399999999999,2026-08-25,ETHUSDT,-41.983904394000000000000000,41.783962323600000000000000000,0.6190920175414517070,0E-9,0,0E-26,0E-24,-41.983904394000000000000000,0E-24,41.783962323600000000000000000,0.419149947141451707000000000,BASE_E3,permanent,run_dfea4b7ac1475668d5968c97,168
1787788799999999999,2026-08-26,BTCUSDT,15.297209568000000000000000,-16.36893729152000000000000000,0.5208616062177317792,0E-10,0,0E-26,0E-24,15.297209568000000000000000,0E-24,-16.36893729152000000000000000,-0.55086611730226822080000000,BASE_E3,permanent,run_dfea4b7ac1475668d5968c97,168
1787788799999999999,2026-08-26,ETHUSDT,68.429993646000000000000000,-68.760531269339999999999999862,0.5381536332536250000,-0.033080130,0,0.00449973980055412680421547,0E-24,68.429993646000000000000000,0E-24,-68.760531269339999999999999862,0.174535879913625000000000138,BASE_E3,permanent,run_dfea4b7ac1475668d5968c97,168
1787875199999999999,2026-08-27,BTCUSDT,40.245944192000000000000000,-38.96739430272000000000000000,0.5317709412683847520,0E-10,0,0E-26,0E-24,40.245944192000000000000000,0E-24,-38.96739430272000000000000000,1.81032083054838475200000000,BASE_E3,permanent,run_dfea4b7ac1475668d5968c97,168
1787875199999999999,2026-08-27,ETHUSDT,5.316456915000000000000000,-4.824271054260000000000000000,0.4653384090381960012,0E-9,0,0E-26,0E-24,5.316456915000000000000000,0E-24,-4.824271054260000000000000000,0.957524269778196001200000000,BASE_E3,permanent,run_dfea4b7ac1475668d5968c97,168
1787961599999999999,2026-08-28,BTCUSDT,-77.430462272000000000000000,77.32670144928000000000000000,0.5718768038398872320,0E-10,0,0E-26,0E-24,-77.430462272000000000000000,0E-24,77.32670144928000000000000000,0.46811598111988723200000000,BASE_E3,permanent,run_dfea4b7ac1475668d5968c97,168
1787961599999999999,2026-08-28,ETHUSDT,-73.603392401000000000000000,73.418640000000000000000000000,0.2014180368715726614,0E-9,0,0E-26,0E-24,-73.603392401000000000000000,0E-24,73.418640000000000000000000000,0.016665635871572661400000000,BASE_E3,permanent,run_dfea4b7ac1475668d5968c97,168
1788047999999999999,2026-08-29,BTCUSDT,12.542054080000000000000000,-13.01440533344000000000000000,0.7463375512811520000,0E-10,0,0E-26,0E-24,12.542054080000000000000000,0E-24,-13.01440533344000000000000000,0.27398629784115200000000000,BASE_E3,permanent,run_dfea4b7ac1475668d5968c97,168
1788047999999999999,2026-08-29,ETHUSDT,16.056773915000000000000000,-15.744840000000000000000000000,0.2744955620918735556,0E-9,0,0E-26,0E-24,16.056773915000000000000000,0E-24,-15.744840000000000000000000000,0.586429477091873555600000000,BASE_E3,permanent,run_dfea4b7ac1475668d5968c97,168
1788134399999999999,2026-08-30,BTCUSDT,-17.282048032000000000000000,17.94050388416000000000000000,0.6350930834949991744,0E-10,0,0E-26,0E-24,-17.282048032000000000000000,0E-24,17.94050388416000000000000000,1.29354893565499917440000000,BASE_E3,permanent,run_dfea4b7ac1475668d5968c97,168
1788134399999999999,2026-08-30,ETHUSDT,-42.553135954000000000000000,42.680760000000000000000000000,0.2674056838779415308,0E-9,0,0E-26,0E-24,-42.553135954000000000000000,0E-24,42.680760000000000000000000000,0.395029729877941530800000000,BASE_E3,permanent,run_dfea4b7ac1475668d5968c97,168
1788220799999999999,2026-08-31,BTCUSDT,27.971116832000000000000000,-28.16320000000000000000000000,0.6821425195420890240,0E-10,0,0E-26,0E-24,27.971116832000000000000000,0E-24,-28.16320000000000000000000000,0.49005935154208902400000000,BASE_E3,permanent,run_dfea4b7ac1475668d5968c97,168
1788220799999999999,2026-08-31,ETHUSDT,53.186049784000000000000000,-53.245972739940000000000000000,0.3576162371126863848,0E-9,0,0E-26,0E-24,53.186049784000000000000000,0E-24,-53.245972739940000000000000000,0.297693281172686384800000000,BASE_E3,permanent,run_dfea4b7ac1475668d5968c97,168
