period,symbol,market,orders,capacity_population,fraction_weighting,capacity_keys,requested_quantity,executed_quantity,retries,orders_complete,orders_partial,orders_no_fill,terminal_filled,terminal_expired,terminal_cancelled,terminal_pending,terminal_rejected,realized_participation_p50,realized_participation_p90,realized_participation_p95,realized_participation_p99,realized_participation_max,realized_participation_mean,capacity_utilization_p50,capacity_utilization_p90,capacity_utilization_p95,capacity_utilization_p99,capacity_utilization_max,capacity_utilization_mean,scenario,strategy,run_id
full,BTCUSDT,spot,24,instrument-minute keys with executed fills and positive source volume,one per instrument-minute key,24,0.50426,0.50426,0,24,0,0,24,0,0,0,0,0.00023915019391530876,0.0019140342985292226,0.006853118945540228,0.007907596800115695,0.007985126729052213,0.0010094329798711014,0.02391501939153088,0.19140342985292227,0.6853118945540229,0.7907596800115695,0.7985126729052213,0.10094329798711014,BASE_E3,conditional,run_ad71d751b20623006c195ff3
full,BTCUSDT,futures,24,instrument-minute keys with executed fills and positive source volume,one per instrument-minute key,24,0.504,0.504,0,24,0,0,24,0,0,0,0,4.9104993296352494e-05,0.00023751640949166506,0.00027904859064140796,0.0010321127050836331,0.00125501619125827,0.00012154677189589402,0.00491049932963525,0.023751640949166507,0.027904859064140797,0.10321127050836332,0.125501619125827,0.012154677189589402,BASE_E3,conditional,run_ad71d751b20623006c195ff3
full,ETHUSDT,spot,167,instrument-minute keys with executed fills and positive source volume,one per instrument-minute key,47,223.8628,21.1164,122,44,3,120,44,123,0,0,0,0.0007378690192139587,0.005327643119500381,0.009558037725152273,0.009999862598011758,0.009999907015451706,0.001960515524225785,0.07378690192139586,0.532764311950038,0.9558037725152274,0.999986259801176,0.9999907015451708,0.1960515524225785,BASE_E3,conditional,run_ad71d751b20623006c195ff3
full,ETHUSDT,futures,43,instrument-minute keys with executed fills and positive source volume,one per instrument-minute key,43,17.668,17.668,0,43,0,0,43,0,0,0,0,6.819891634763545e-05,0.00038391795541596607,0.0008644613223441792,0.0012354165711398087,0.0013022455314356605,0.00017695693995104856,0.006819891634763545,0.03839179554159661,0.08644613223441792,0.12354165711398088,0.13022455314356607,0.017695693995104855,BASE_E3,conditional,run_ad71d751b20623006c195ff3
full,PORTFOLIO,ALL,258,instrument-minute keys with executed fills and positive source volume,one per instrument-minute key,138,,,122,135,3,120,135,123,0,0,0,0.00018908696023930396,0.0026668695674349754,0.004857024693670595,0.009999757740527079,0.009999907015451706,0.0009195426963689483,0.018908696023930395,0.2666869567434975,0.4857024693670594,0.9999757740527079,0.9999907015451708,0.09195426963689483,BASE_E3,conditional,run_ad71d751b20623006c195ff3
2022-2023,BTCUSDT,spot,4,instrument-minute keys with executed fills and positive source volume,one per instrument-minute key,4,0.09609,0.09609,0,4,0,0,4,0,0,0,0,0.0002632521605673095,0.00570114569523811,0.006843136212145158,0.007756728625670801,0.007985126729052213,0.002144002089206432,0.026325216056730952,0.570114569523811,0.6843136212145158,0.7756728625670801,0.7985126729052213,0.2144002089206432,BASE_E3,conditional,run_ad71d751b20623006c195ff3
2022-2023,BTCUSDT,futures,4,instrument-minute keys with executed fills and positive source volume,one per instrument-minute key,4,0.096,0.096,0,4,0,0,4,0,0,0,0,7.945818486777432e-05,0.0009218138742964936,0.0010884150327773812,0.001221695959562092,0.00125501619125827,0.0003549974712715246,0.007945818486777433,0.09218138742964935,0.10884150327773813,0.1221695959562092,0.125501619125827,0.03549974712715246,BASE_E3,conditional,run_ad71d751b20623006c195ff3
2022-2023,ETHUSDT,spot,132,instrument-minute keys with executed fills and positive source volume,one per instrument-minute key,12,211.0417,9.8294,120,11,1,120,11,121,0,0,0,0.0006793175665647773,0.00797240284718676,0.009190120076050273,0.00983794962757142,0.009999907015451706,0.002359492947050714,0.06793175665647773,0.7972402847186761,0.9190120076050274,0.9837949627571422,0.9999907015451708,0.2359492947050714,BASE_E3,conditional,run_ad71d751b20623006c195ff3
2022-2023,ETHUSDT,futures,10,instrument-minute keys with executed fills and positive source volume,one per instrument-minute key,10,6.386,6.386,0,10,0,0,10,0,0,0,0,8.362208612870098e-05,0.00036029785263432717,0.0003727192530004683,0.0003826563732933812,0.0003851406533666095,0.00014397420874341698,0.008362208612870098,0.03602978526343272,0.03727192530004683,0.038265637329338124,0.03851406533666095,0.014397420874341699,BASE_E3,conditional,run_ad71d751b20623006c195ff3
2022-2023,PORTFOLIO,ALL,150,instrument-minute keys with executed fills and positive source volume,one per instrument-minute key,30,,,120,29,1,120,29,121,0,0,0,0.0003241292774544131,0.0034768445799755856,0.008283468947170502,0.00957292844740368,0.009999907015451706,0.001324988523131819,0.032412927745441314,0.34768445799755854,0.8283468947170501,0.9572928447403681,0.9999907015451708,0.13249885231318187,BASE_E3,conditional,run_ad71d751b20623006c195ff3
2024+,BTCUSDT,spot,20,instrument-minute keys with executed fills and positive source volume,one per instrument-minute key,20,0.40817,0.40817,0,20,0,0,20,0,0,0,0,0.00023915019391530876,0.0010449712120753252,0.0026135395537434753,0.006641139975950394,0.007648040081502133,0.0007825191580040352,0.02391501939153088,0.10449712120753253,0.2613539553743476,0.6641139975950394,0.7648040081502133,0.07825191580040351,BASE_E3,conditional,run_ad71d751b20623006c195ff3
2024+,BTCUSDT,futures,20,instrument-minute keys with executed fills and positive source volume,one per instrument-minute key,20,0.408,0.408,0,20,0,0,20,0,0,0,0,4.9104993296352494e-05,0.00023176814412873424,0.0002426645450242057,0.00027722938836054786,0.0002858705991946335,7.485663202076792e-05,0.00491049932963525,0.023176814412873427,0.024266454502420567,0.027722938836054787,0.02858705991946335,0.007485663202076792,BASE_E3,conditional,run_ad71d751b20623006c195ff3
2024+,ETHUSDT,spot,35,instrument-minute keys with executed fills and positive source volume,one per instrument-minute key,35,12.8211,11.2870,2,33,2,0,33,2,0,0,0,0.0007398699473048182,0.004300508278927878,0.007519889533671324,0.009999762014738367,0.009999810455799646,0.0018237232649715234,0.07398699473048181,0.4300508278927878,0.7519889533671323,0.9999762014738368,0.9999810455799646,0.1823723264971524,BASE_E3,conditional,run_ad71d751b20623006c195ff3
2024+,ETHUSDT,futures,33,instrument-minute keys with executed fills and positive source volume,one per instrument-minute key,33,11.282,11.282,0,33,0,0,33,0,0,0,0,5.8894005732935904e-05,0.0004124219246631575,0.001005507757622152,0.001251328228353107,0.0013022455314356605,0.0001869517069836642,0.00588940057329359,0.04124219246631575,0.1005507757622152,0.12513282283531071,0.13022455314356607,0.018695170698366417,BASE_E3,conditional,run_ad71d751b20623006c195ff3
2024+,PORTFOLIO,ALL,108,instrument-minute keys with executed fills and positive source volume,one per instrument-minute key,108,,,2,106,2,0,106,2,0,0,0,0.00015341724066298383,0.002002285657860482,0.0038272773690932625,0.009835054029048837,0.009999810455799646,0.0008069188556014843,0.015341724066298384,0.20022856578604822,0.38272773690932627,0.9835054029048838,0.9999810455799646,0.08069188556014843,BASE_E3,conditional,run_ad71d751b20623006c195ff3
2022,BTCUSDT,spot,0,instrument-minute keys with executed fills and positive source volume,one per instrument-minute key,0,0,0,0,0,0,0,0,0,0,0,0,,,,,,,,,,,,,BASE_E3,conditional,run_ad71d751b20623006c195ff3
2022,BTCUSDT,futures,0,instrument-minute keys with executed fills and positive source volume,one per instrument-minute key,0,0,0,0,0,0,0,0,0,0,0,0,,,,,,,,,,,,,BASE_E3,conditional,run_ad71d751b20623006c195ff3
2022,ETHUSDT,spot,0,instrument-minute keys with executed fills and positive source volume,one per instrument-minute key,0,0,0,0,0,0,0,0,0,0,0,0,,,,,,,,,,,,,BASE_E3,conditional,run_ad71d751b20623006c195ff3
2022,ETHUSDT,futures,0,instrument-minute keys with executed fills and positive source volume,one per instrument-minute key,0,0,0,0,0,0,0,0,0,0,0,0,,,,,,,,,,,,,BASE_E3,conditional,run_ad71d751b20623006c195ff3
2022,PORTFOLIO,ALL,0,instrument-minute keys with executed fills and positive source volume,one per instrument-minute key,0,,,0,0,0,0,0,0,0,0,0,,,,,,,,,,,,,BASE_E3,conditional,run_ad71d751b20623006c195ff3
2023,BTCUSDT,spot,4,instrument-minute keys with executed fills and positive source volume,one per instrument-minute key,4,0.09609,0.09609,0,4,0,0,4,0,0,0,0,0.0002632521605673095,0.00570114569523811,0.006843136212145158,0.007756728625670801,0.007985126729052213,0.002144002089206432,0.026325216056730952,0.570114569523811,0.6843136212145158,0.7756728625670801,0.7985126729052213,0.2144002089206432,BASE_E3,conditional,run_ad71d751b20623006c195ff3
2023,BTCUSDT,futures,4,instrument-minute keys with executed fills and positive source volume,one per instrument-minute key,4,0.096,0.096,0,4,0,0,4,0,0,0,0,7.945818486777432e-05,0.0009218138742964936,0.0010884150327773812,0.001221695959562092,0.00125501619125827,0.0003549974712715246,0.007945818486777433,0.09218138742964935,0.10884150327773813,0.1221695959562092,0.125501619125827,0.03549974712715246,BASE_E3,conditional,run_ad71d751b20623006c195ff3
2023,ETHUSDT,spot,132,instrument-minute keys with executed fills and positive source volume,one per instrument-minute key,12,211.0417,9.8294,120,11,1,120,11,121,0,0,0,0.0006793175665647773,0.00797240284718676,0.009190120076050273,0.00983794962757142,0.009999907015451706,0.002359492947050714,0.06793175665647773,0.7972402847186761,0.9190120076050274,0.9837949627571422,0.9999907015451708,0.2359492947050714,BASE_E3,conditional,run_ad71d751b20623006c195ff3
2023,ETHUSDT,futures,10,instrument-minute keys with executed fills and positive source volume,one per instrument-minute key,10,6.386,6.386,0,10,0,0,10,0,0,0,0,8.362208612870098e-05,0.00036029785263432717,0.0003727192530004683,0.0003826563732933812,0.0003851406533666095,0.00014397420874341698,0.008362208612870098,0.03602978526343272,0.03727192530004683,0.038265637329338124,0.03851406533666095,0.014397420874341699,BASE_E3,conditional,run_ad71d751b20623006c195ff3
2023,PORTFOLIO,ALL,150,instrument-minute keys with executed fills and positive source volume,one per instrument-minute key,30,,,120,29,1,120,29,121,0,0,0,0.0003241292774544131,0.0034768445799755856,0.008283468947170502,0.00957292844740368,0.009999907015451706,0.001324988523131819,0.032412927745441314,0.34768445799755854,0.8283468947170501,0.9572928447403681,0.9999907015451708,0.13249885231318187,BASE_E3,conditional,run_ad71d751b20623006c195ff3
2024,BTCUSDT,spot,20,instrument-minute keys with executed fills and positive source volume,one per instrument-minute key,20,0.40817,0.40817,0,20,0,0,20,0,0,0,0,0.00023915019391530876,0.0010449712120753252,0.0026135395537434753,0.006641139975950394,0.007648040081502133,0.0007825191580040352,0.02391501939153088,0.10449712120753253,0.2613539553743476,0.6641139975950394,0.7648040081502133,0.07825191580040351,BASE_E3,conditional,run_ad71d751b20623006c195ff3
2024,BTCUSDT,futures,20,instrument-minute keys with executed fills and positive source volume,one per instrument-minute key,20,0.408,0.408,0,20,0,0,20,0,0,0,0,4.9104993296352494e-05,0.00023176814412873424,0.0002426645450242057,0.00027722938836054786,0.0002858705991946335,7.485663202076792e-05,0.00491049932963525,0.023176814412873427,0.024266454502420567,0.027722938836054787,0.02858705991946335,0.007485663202076792,BASE_E3,conditional,run_ad71d751b20623006c195ff3
2024,ETHUSDT,spot,22,instrument-minute keys with executed fills and positive source volume,one per instrument-minute key,22,7.9551,7.6267,1,21,1,0,21,1,0,0,0,0.0008335175356203196,0.003871572276927102,0.0045403854682671,0.008860527524097984,0.009999810455799646,0.0018444846880304123,0.08335175356203195,0.3871572276927102,0.45403854682671,0.8860527524097983,0.9999810455799646,0.18444846880304128,BASE_E3,conditional,run_ad71d751b20623006c195ff3
2024,ETHUSDT,futures,21,instrument-minute keys with executed fills and positive source volume,one per instrument-minute key,21,7.623,7.623,0,21,0,0,21,0,0,0,0,9.877038033753704e-05,0.0004207706149255988,0.0009137602898351333,0.0010972552254091715,0.0011431289593026807,0.00020517370153357216,0.009877038033753704,0.042077061492559874,0.09137602898351334,0.10972552254091714,0.11431289593026807,0.02051737015335721,BASE_E3,conditional,run_ad71d751b20623006c195ff3
2024,PORTFOLIO,ALL,83,instrument-minute keys with executed fills and positive source volume,one per instrument-minute key,83,,,1,82,1,0,82,1,0,0,0,0.00018612171300652869,0.0021816737321285716,0.003672320983566425,0.008071358748875669,0.009999810455799646,0.0007474075502333755,0.018612171300652867,0.21816737321285715,0.3672320983566425,0.8071358748875668,0.9999810455799646,0.07474075502333753,BASE_E3,conditional,run_ad71d751b20623006c195ff3
2025,BTCUSDT,spot,0,instrument-minute keys with executed fills and positive source volume,one per instrument-minute key,0,0,0,0,0,0,0,0,0,0,0,0,,,,,,,,,,,,,BASE_E3,conditional,run_ad71d751b20623006c195ff3
2025,BTCUSDT,futures,0,instrument-minute keys with executed fills and positive source volume,one per instrument-minute key,0,0,0,0,0,0,0,0,0,0,0,0,,,,,,,,,,,,,BASE_E3,conditional,run_ad71d751b20623006c195ff3
2025,ETHUSDT,spot,13,instrument-minute keys with executed fills and positive source volume,one per instrument-minute key,13,4.8660,3.6603,1,12,1,0,12,1,0,0,0,0.0004631845481634733,0.005536477846145992,0.007874143597731139,0.00957456310521823,0.009999667982090005,0.0017885885490257119,0.046318454816347325,0.5536477846145992,0.7874143597731139,0.957456310521823,0.9999667982090006,0.1788588549025712,BASE_E3,conditional,run_ad71d751b20623006c195ff3
2025,ETHUSDT,futures,12,instrument-minute keys with executed fills and positive source volume,one per instrument-minute key,12,3.659,3.659,0,12,0,0,12,0,0,0,0,5.046474541264741e-05,0.00013245231867620218,0.0006618884188377132,0.001174174108916072,0.0013022455314356605,0.00015506321652132527,0.005046474541264741,0.013245231867620218,0.06618884188377133,0.1174174108916072,0.13022455314356607,0.01550632165213253,BASE_E3,conditional,run_ad71d751b20623006c195ff3
2025,PORTFOLIO,ALL,25,instrument-minute keys with executed fills and positive source volume,one per instrument-minute key,25,,,1,24,1,0,24,1,0,0,0,0.00012753098334707322,0.0016332261314316633,0.005536477846145976,0.009149458228346454,0.009999667982090005,0.0010044963894236061,0.012753098334707322,0.16332261314316635,0.5536477846145975,0.9149458228346454,0.9999667982090006,0.10044963894236063,BASE_E3,conditional,run_ad71d751b20623006c195ff3
2026,BTCUSDT,spot,0,instrument-minute keys with executed fills and positive source volume,one per instrument-minute key,0,0,0,0,0,0,0,0,0,0,0,0,,,,,,,,,,,,,BASE_E3,conditional,run_ad71d751b20623006c195ff3
2026,BTCUSDT,futures,0,instrument-minute keys with executed fills and positive source volume,one per instrument-minute key,0,0,0,0,0,0,0,0,0,0,0,0,,,,,,,,,,,,,BASE_E3,conditional,run_ad71d751b20623006c195ff3
2026,ETHUSDT,spot,0,instrument-minute keys with executed fills and positive source volume,one per instrument-minute key,0,0,0,0,0,0,0,0,0,0,0,0,,,,,,,,,,,,,BASE_E3,conditional,run_ad71d751b20623006c195ff3
2026,ETHUSDT,futures,0,instrument-minute keys with executed fills and positive source volume,one per instrument-minute key,0,0,0,0,0,0,0,0,0,0,0,0,,,,,,,,,,,,,BASE_E3,conditional,run_ad71d751b20623006c195ff3
2026,PORTFOLIO,ALL,0,instrument-minute keys with executed fills and positive source volume,one per instrument-minute key,0,,,0,0,0,0,0,0,0,0,0,,,,,,,,,,,,,BASE_E3,conditional,run_ad71d751b20623006c195ff3
full,BTCUSDT,spot,197,instrument-minute keys with executed fills and positive source volume,one per instrument-minute key,77,14.64080,1.56080,120,77,0,120,77,120,0,0,0,0.00020987581123559662,0.001157914776584348,0.0023265992515036243,0.0038505914691144352,0.0049894356337346945,0.0005147780452297359,0.02098758112355966,0.1157914776584348,0.23265992515036243,0.38505914691144355,0.49894356337346946,0.051477804522973576,BASE_E3,permanent,run_dfea4b7ac1475668d5968c97
full,BTCUSDT,futures,191,instrument-minute keys with executed fills and positive source volume,one per instrument-minute key,75,9.757,1.468,115,75,0,116,75,116,0,0,0,2.7218290691344584e-05,0.00014535141486857696,0.0003592544954489732,0.0008927199510262801,0.001501363483163281,8.570908762917374e-05,0.0027218290691344584,0.014535141486857696,0.03592544954489732,0.08927199510262802,0.1501363483163281,0.008570908762917374,BASE_E3,permanent,run_dfea4b7ac1475668d5968c97
full,ETHUSDT,spot,212,instrument-minute keys with executed fills and positive source volume,one per instrument-minute key,92,244.7279,34.6447,122,89,3,120,89,123,0,0,0,0.0003924210392296825,0.004054401082701978,0.007091144060676411,0.0099996510053836,0.009999793757936637,0.0012692679977975763,0.039242103922968244,0.4054401082701978,0.7091144060676411,0.9999651005383601,0.9999793757936637,0.1269267997797576,BASE_E3,permanent,run_dfea4b7ac1475668d5968c97
full,ETHUSDT,futures,135,instrument-minute keys with executed fills and positive source volume,one per instrument-minute key,88,91.219,32.196,47,87,1,47,87,48,0,0,0,4.860717611198051e-05,0.00035008902445514867,0.0006359240496338214,0.0018972894055012339,0.004807063317920328,0.00017771800298617367,0.004860717611198051,0.03500890244551487,0.06359240496338213,0.1897289405501234,0.4807063317920328,0.017771800298617368,BASE_E3,permanent,run_dfea4b7ac1475668d5968c97
full,PORTFOLIO,ALL,735,instrument-minute keys with executed fills and positive source volume,one per instrument-minute key,332,,,404,328,4,403,328,407,0,0,0,0.00011421061462146842,0.0010559405881091265,0.002351223542566972,0.0085414072701905,0.009999793757936637,0.0005375841298645721,0.011421061462146841,0.10559405881091266,0.23512235425669725,0.8541407270190499,0.9999793757936637,0.05375841298645722,BASE_E3,permanent,run_dfea4b7ac1475668d5968c97
2022-2023,BTCUSDT,spot,151,instrument-minute keys with executed fills and positive source volume,one per instrument-minute key,31,13.98249,0.90249,120,31,0,120,31,120,0,0,0,0.0003135447759856952,0.0012178814221932095,0.0023693548096701007,0.003175853750816743,0.0034909564697606795,0.0005888612605033744,0.03135447759856952,0.12178814221932095,0.23693548096701006,0.3175853750816743,0.34909564697606793,0.05888612605033743,BASE_E3,permanent,run_dfea4b7ac1475668d5968c97
2022-2023,BTCUSDT,futures,103,instrument-minute keys with executed fills and positive source volume,one per instrument-minute key,31,7.038,0.902,72,31,0,72,31,72,0,0,0,5.06477281680154e-05,0.00024222283047066318,0.000571537908941688,0.0006738952330999139,0.0006788722235186795,0.00011397731828716638,0.00506477281680154,0.024222283047066317,0.057153790894168804,0.0673895233099914,0.06788722235186796,0.011397731828716638,BASE_E3,permanent,run_dfea4b7ac1475668d5968c97
2022-2023,ETHUSDT,spot,154,instrument-minute keys with executed fills and positive source volume,one per instrument-minute key,34,226.9758,16.9532,122,32,2,120,32,122,0,0,0,0.0004683608988842067,0.005760865476096238,0.008313283563204911,0.009999661908948599,0.009999793757936637,0.0016502742045974889,0.04683608988842067,0.5760865476096239,0.8313283563204912,0.9999661908948599,0.9999793757936637,0.16502742045974886,BASE_E3,permanent,run_dfea4b7ac1475668d5968c97
2022-2023,ETHUSDT,futures,36,instrument-minute keys with executed fills and positive source volume,one per instrument-minute key,32,20.659,16.934,4,31,1,4,31,5,0,0,0,4.7128102104121734e-05,0.000612891213592832,0.0007256434501168695,0.0012677973647888376,0.0014624956024960993,0.00018720497806584154,0.004712810210412173,0.0612891213592832,0.07256434501168695,0.12677973647888374,0.14624956024960994,0.018720497806584156,BASE_E3,permanent,run_dfea4b7ac1475668d5968c97
2022-2023,PORTFOLIO,ALL,444,instrument-minute keys with executed fills and positive source volume,one per instrument-minute key,128,,,318,125,3,316,125,319,0,0,0,0.00013655686163978732,0.0010997442447097249,0.003123336630992746,0.009299009790728952,0.009999793757936637,0.0006553740484135024,0.013655686163978734,0.1099744244709725,0.31233366309927457,0.9299009790728953,0.9999793757936637,0.06553740484135023,BASE_E3,permanent,run_dfea4b7ac1475668d5968c97
2024+,BTCUSDT,spot,46,instrument-minute keys with executed fills and positive source volume,one per instrument-minute key,46,0.65831,0.65831,0,46,0,0,46,0,0,0,0,0.00019366493733387146,0.0009867183497591727,0.002010764727092831,0.004171299065718335,0.0049894356337346945,0.00046485240015402274,0.019366493733387148,0.09867183497591729,0.20107647270928314,0.4171299065718335,0.49894356337346946,0.04648524001540229,BASE_E3,permanent,run_dfea4b7ac1475668d5968c97
2024+,BTCUSDT,futures,88,instrument-minute keys with executed fills and positive source volume,one per instrument-minute key,44,2.719,0.566,43,44,0,44,44,44,0,0,0,1.838604876897334e-05,5.908467586647908e-05,0.00013310140768742516,0.0009878587046744185,0.001501363483163281,6.579283421104255e-05,0.001838604876897334,0.00590846758664791,0.013310140768742516,0.09878587046744186,0.1501363483163281,0.006579283421104257,BASE_E3,permanent,run_dfea4b7ac1475668d5968c97
2024+,ETHUSDT,spot,58,instrument-minute keys with executed fills and positive source volume,one per instrument-minute key,58,17.7521,17.6915,0,57,1,0,57,1,0,0,0,0.0003551511264257501,0.0021089640384973326,0.005344196887773566,0.009459368327960124,0.009999636886999234,0.001045919531742455,0.03551511264257501,0.21089640384973327,0.5344196887773566,0.9459368327960124,0.9999636886999235,0.10459195317424547,BASE_E3,permanent,run_dfea4b7ac1475668d5968c97
2024+,ETHUSDT,futures,99,instrument-minute keys with executed fills and positive source volume,one per instrument-minute key,56,70.560,15.262,43,56,0,43,56,43,0,0,0,4.9299269116417536e-05,0.0001938928412157765,0.000348263575846922,0.002720508818722902,0.004807063317920328,0.0001722968743692206,0.004929926911641754,0.01938928412157765,0.0348263575846922,0.27205088187229015,0.4807063317920328,0.017229687436922058,BASE_E3,permanent,run_dfea4b7ac1475668d5968c97
2024+,PORTFOLIO,ALL,291,instrument-minute keys with executed fills and positive source volume,one per instrument-minute key,204,,,86,203,1,87,203,88,0,0,0,0.00010164245962453144,0.0009908834624297626,0.0020160590391976635,0.006781460877260025,0.009999636886999234,0.0004636767299907337,0.010164245962453144,0.09908834624297626,0.20160590391976638,0.6781460877260024,0.9999636886999235,0.04636767299907337,BASE_E3,permanent,run_dfea4b7ac1475668d5968c97
2022,BTCUSDT,spot,14,instrument-minute keys with executed fills and positive source volume,one per instrument-minute key,14,0.38027,0.38027,0,14,0,0,14,0,0,0,0,0.00016428960306481906,0.0017657632219640318,0.0023479770305868623,0.002422086664742088,0.0024406140732808946,0.0005066160029417596,0.016428960306481905,0.17657632219640318,0.23479770305868622,0.2422086664742088,0.24406140732808945,0.050661600294175935,BASE_E3,permanent,run_dfea4b7ac1475668d5968c97
2022,BTCUSDT,futures,18,instrument-minute keys with executed fills and positive source volume,one per instrument-minute key,14,0.668,0.380,4,14,0,4,14,4,0,0,0,3.870416226395264e-05,0.00035389449253243795,0.0005501210938092492,0.0006531219975767933,0.0006788722235186795,0.00011188946655841698,0.0038704162263952643,0.0353894492532438,0.05501210938092492,0.06531219975767934,0.06788722235186796,0.011188946655841697,BASE_E3,permanent,run_dfea4b7ac1475668d5968c97
2022,ETHUSDT,spot,11,instrument-minute keys with executed fills and positive source volume,one per instrument-minute key,11,4.7163,4.7163,0,11,0,0,11,0,0,0,0,0.0003470418005211316,0.001059001173049181,0.003268050291306284,0.0050352895859119675,0.005477099409563387,0.0008083016609154538,0.03470418005211316,0.1059001173049181,0.32680502913062837,0.5035289585911967,0.5477099409563386,0.08083016609154538,BASE_E3,permanent,run_dfea4b7ac1475668d5968c97
2022,ETHUSDT,futures,15,instrument-minute keys with executed fills and positive source volume,one per instrument-minute key,11,8.433,4.713,4,11,0,4,11,4,0,0,0,6.578103940764414e-05,0.00041740739493474795,0.000526009516411461,0.0006128912135928315,0.0006346116378881741,0.00016183913769450447,0.006578103940764414,0.041740739493474795,0.0526009516411461,0.06128912135928316,0.06346116378881742,0.016183913769450445,BASE_E3,permanent,run_dfea4b7ac1475668d5968c97
2022,PORTFOLIO,ALL,58,instrument-minute keys with executed fills and positive source volume,one per instrument-minute key,50,,,8,50,0,8,50,8,0,0,0,8.263514553766814e-05,0.0006390376964512248,0.0017405030782047465,0.003989221594784959,0.005477099409563387,0.00038661250715424025,0.008263514553766813,0.06390376964512248,0.17405030782047465,0.39892215947849596,0.5477099409563386,0.03866125071542403,BASE_E3,permanent,run_dfea4b7ac1475668d5968c97
2023,BTCUSDT,spot,137,instrument-minute keys with executed fills and positive source volume,one per instrument-minute key,17,13.60222,0.52222,120,17,0,120,17,120,0,0,0,0.0003898732203173568,0.0011488236503569467,0.001672496431706702,0.0031272644621498837,0.0034909564697606795,0.0006565926490835278,0.03898732203173568,0.11488236503569466,0.1672496431706702,0.31272644621498835,0.34909564697606793,0.06565926490835278,BASE_E3,permanent,run_dfea4b7ac1475668d5968c97
2023,BTCUSDT,futures,85,instrument-minute keys with executed fills and positive source volume,one per instrument-minute key,17,6.370,0.522,68,17,0,68,17,68,0,0,0,5.459488773471252e-05,0.00019421743174314284,0.0003262347154677558,0.0005950727474584533,0.0006622822554561276,0.00011569672559319531,0.0054594887734712525,0.01942174317431428,0.03262347154677558,0.05950727474584533,0.06622822554561276,0.011569672559319533,BASE_E3,permanent,run_dfea4b7ac1475668d5968c97
2023,ETHUSDT,spot,143,instrument-minute keys with executed fills and positive source volume,one per instrument-minute key,23,222.2595,12.2369,122,21,2,120,21,122,0,0,0,0.0005247784829288406,0.007100798162784086,0.009739992576726527,0.009999705858611279,0.009999793757936637,0.0020529567254888967,0.052477848292884065,0.7100798162784085,0.9739992576726528,0.9999705858611279,0.9999793757936637,0.20529567254888964,BASE_E3,permanent,run_dfea4b7ac1475668d5968c97
2023,ETHUSDT,futures,21,instrument-minute keys with executed fills and positive source volume,one per instrument-minute key,21,12.226,12.221,0,20,1,0,20,1,0,0,0,4.247142191851314e-05,0.0006366307328814776,0.0008344367711823489,0.0013368838362333496,0.0014624956024960993,0.00020049184683178003,0.004247142191851314,0.06366307328814776,0.08344367711823489,0.133688383623335,0.14624956024960994,0.020049184683178005,BASE_E3,permanent,run_dfea4b7ac1475668d5968c97
2023,PORTFOLIO,ALL,386,instrument-minute keys with executed fills and positive source volume,one per instrument-minute key,78,,,310,75,3,308,75,311,0,0,0,0.00015719574746983267,0.0012912656762840758,0.0044471749969608575,0.009999486110297882,0.009999793757936637,0.0008276570876822603,0.015719574746983267,0.12912656762840757,0.4447174996960857,0.9999486110297883,0.9999793757936637,0.08276570876822603,BASE_E3,permanent,run_dfea4b7ac1475668d5968c97
2024,BTCUSDT,spot,35,instrument-minute keys with executed fills and positive source volume,one per instrument-minute key,35,0.63630,0.63630,0,35,0,0,35,0,0,0,0,0.00020987581123559662,0.0014328626884983103,0.0024447969909782634,0.004371288004566776,0.0049894356337346945,0.0005442425583408303,0.02098758112355966,0.14328626884983103,0.24447969909782635,0.4371288004566776,0.49894356337346946,0.05442425583408302,BASE_E3,permanent,run_dfea4b7ac1475668d5968c97
2024,BTCUSDT,futures,77,instrument-minute keys with executed fills and positive source volume,one per instrument-minute key,33,2.697,0.544,43,33,0,44,33,44,0,0,0,2.3494921833700332e-05,0.00010991173156266483,0.00020393375574422485,0.0011192203921948246,0.001501363483163281,8.261549161579807e-05,0.0023494921833700335,0.010991173156266482,0.020393375574422487,0.11192203921948246,0.1501363483163281,0.008261549161579809,BASE_E3,permanent,run_dfea4b7ac1475668d5968c97
2024,ETHUSDT,spot,35,instrument-minute keys with executed fills and positive source volume,one per instrument-minute key,35,14.3924,14.3318,0,34,1,0,34,1,0,0,0,0.0006688913041403076,0.004168384498503935,0.0074993697872218585,0.009677371430730287,0.009999636886999234,0.0015283688351678886,0.06688913041403076,0.41683844985039353,0.7499369787221858,0.9677371430730288,0.9999636886999235,0.1528368835167889,BASE_E3,permanent,run_dfea4b7ac1475668d5968c97
2024,ETHUSDT,futures,76,instrument-minute keys with executed fills and positive source volume,one per instrument-minute key,33,67.202,11.904,43,33,0,43,33,43,0,0,0,8.998814461364558e-05,0.0003251896892995441,0.0006307183289158249,0.0035930679729327276,0.004807063317920328,0.00027160078698617966,0.008998814461364558,0.032518968929954414,0.0630718328915825,0.35930679729327275,0.4807063317920328,0.02716007869861796,BASE_E3,permanent,run_dfea4b7ac1475668d5968c97
2024,PORTFOLIO,ALL,223,instrument-minute keys with executed fills and positive source volume,one per instrument-minute key,136,,,86,135,1,87,135,88,0,0,0,0.00012107874538265647,0.0014372078558725042,0.0028921164412891755,0.008275583548479763,0.009999636886999234,0.0006193421762255178,0.012107874538265647,0.14372078558725043,0.2892116441289176,0.8275583548479764,0.9999636886999235,0.06193421762255178,BASE_E3,permanent,run_dfea4b7ac1475668d5968c97
2025,BTCUSDT,spot,11,instrument-minute keys with executed fills and positive source volume,one per instrument-minute key,11,0.02201,0.02201,0,11,0,0,11,0,0,0,0,8.104778577449264e-05,0.0005027083411881511,0.0006791040139306954,0.000820220552124731,0.0008554996866732398,0.00021224735137781794,0.008104778577449264,0.05027083411881512,0.06791040139306954,0.0820220552124731,0.08554996866732398,0.021224735137781794,BASE_E3,permanent,run_dfea4b7ac1475668d5968c97
2025,BTCUSDT,futures,11,instrument-minute keys with executed fills and positive source volume,one per instrument-minute key,11,0.022,0.022,0,11,0,0,11,0,0,0,0,1.3881562508675977e-05,2.7935887139015958e-05,3.9260387451898114e-05,4.831998770220385e-05,5.058488776478027e-05,1.5324861996776012e-05,0.0013881562508675977,0.002793588713901596,0.0039260387451898115,0.004831998770220385,0.005058488776478028,0.001532486199677601,BASE_E3,permanent,run_dfea4b7ac1475668d5968c97
2025,ETHUSDT,spot,21,instrument-minute keys with executed fills and positive source volume,one per instrument-minute key,21,3.3387,3.3387,0,21,0,0,21,0,0,0,0,0.00021055298904685041,0.0004109872704596576,0.0007315097052974892,0.0017898933259790813,0.002054489231149478,0.00032882397841679507,0.021055298904685042,0.04109872704596577,0.07315097052974892,0.1789893325979081,0.2054489231149478,0.032882397841679505,BASE_E3,permanent,run_dfea4b7ac1475668d5968c97
2025,ETHUSDT,futures,21,instrument-minute keys with executed fills and positive source volume,one per instrument-minute key,21,3.337,3.337,0,21,0,0,21,0,0,0,0,2.237308517853023e-05,6.371455877668048e-05,0.0001158767571068832,0.00011778731833087322,0.00011826495863687072,3.249280446037136e-05,0.002237308517853023,0.0063714558776680474,0.01158767571068832,0.011778731833087322,0.011826495863687073,0.003249280446037136,BASE_E3,permanent,run_dfea4b7ac1475668d5968c97
2025,PORTFOLIO,ALL,64,instrument-minute keys with executed fills and positive source volume,one per instrument-minute key,64,,,0,64,0,0,64,0,0,0,0,4.289461298036841e-05,0.00035531966935630827,0.0004889501805788765,0.0012991258181294448,0.002054489231149478,0.00015767104355532858,0.004289461298036841,0.03553196693563082,0.048895018057887665,0.1299125818129445,0.2054489231149478,0.015767104355532857,BASE_E3,permanent,run_dfea4b7ac1475668d5968c97
2026,BTCUSDT,spot,0,instrument-minute keys with executed fills and positive source volume,one per instrument-minute key,0,0,0,0,0,0,0,0,0,0,0,0,,,,,,,,,,,,,BASE_E3,permanent,run_dfea4b7ac1475668d5968c97
2026,BTCUSDT,futures,0,instrument-minute keys with executed fills and positive source volume,one per instrument-minute key,0,0,0,0,0,0,0,0,0,0,0,0,,,,,,,,,,,,,BASE_E3,permanent,run_dfea4b7ac1475668d5968c97
2026,ETHUSDT,spot,2,instrument-minute keys with executed fills and positive source volume,one per instrument-minute key,2,0.0210,0.0210,0,2,0,0,2,0,0,0,0,0.00013256003171679205,0.0001572277567743119,0.00016031122240650188,0.00016277799491225386,0.00016339468803869186,0.00013256003171679205,0.013256003171679206,0.01572277567743119,0.01603112224065019,0.016277799491225386,0.016339468803869186,0.013256003171679206,BASE_E3,permanent,run_dfea4b7ac1475668d5968c97
2026,ETHUSDT,futures,2,instrument-minute keys with executed fills and positive source volume,one per instrument-minute key,2,0.021,0.021,0,2,0,0,2,0,0,0,0,1.7250502323137578e-06,1.7778063050735212e-06,1.7844008141684918e-06,1.7896764214444682e-06,1.7909953232634621e-06,1.7250502323137578e-06,0.0001725050232313758,0.00017778063050735213,0.00017844008141684918,0.0001789676421444468,0.00017909953232634623,0.0001725050232313758,BASE_E3,permanent,run_dfea4b7ac1475668d5968c97
2026,PORTFOLIO,ALL,4,instrument-minute keys with executed fills and positive source volume,one per instrument-minute key,4,,,0,4,0,0,4,0,0,0,0,5.175818535907786e-05,0.00014489389424555198,0.0001541442911421219,0.00016154460865937785,0.00016339468803869186,6.71425409745529e-05,0.0051758185359077865,0.014489389424555198,0.01541442911421219,0.016154460865937786,0.016339468803869186,0.006714254097455291,BASE_E3,permanent,run_dfea4b7ac1475668d5968c97
full,BTCUSDT,spot,24,instrument-minute keys with executed fills and positive source volume,one per instrument-minute key,24,0.50426,0.50426,0,24,0,0,24,0,0,0,0,0.0002405853314814351,0.0019140342985292226,0.006853118945540228,0.007907596800115695,0.007985126729052213,0.0010115299728834278,0.02405853314814351,0.19140342985292227,0.6853118945540229,0.7907596800115695,0.7985126729052213,0.10115299728834277,E_OHLC4,conditional,run_877714c21697899d1a109f52
full,BTCUSDT,futures,24,instrument-minute keys with executed fills and positive source volume,one per instrument-minute key,24,0.504,0.504,0,24,0,0,24,0,0,0,0,4.9104993296352494e-05,0.00023751640949166506,0.00027904859064140796,0.0010321127050836331,0.00125501619125827,0.00012214566396983318,0.00491049932963525,0.023751640949166507,0.027904859064140797,0.10321127050836332,0.125501619125827,0.012214566396983319,E_OHLC4,conditional,run_877714c21697899d1a109f52
full,ETHUSDT,spot,167,instrument-minute keys with executed fills and positive source volume,one per instrument-minute key,47,223.8708,21.1224,122,44,3,120,44,123,0,0,0,0.0007359867002873924,0.005332476292557653,0.009558037725152273,0.009999862598011758,0.009999907015451706,0.0019606040764618008,0.07359867002873925,0.5332476292557653,0.9558037725152274,0.999986259801176,0.9999907015451708,0.19606040764618002,E_OHLC4,conditional,run_877714c21697899d1a109f52
full,ETHUSDT,futures,43,instrument-minute keys with executed fills and positive source volume,one per instrument-minute key,43,17.674,17.674,0,43,0,0,43,0,0,0,0,6.819891634763545e-05,0.00038391795541596607,0.0008654931721068538,0.0012362351575668088,0.001302881083183555,0.00017696655372330817,0.006819891634763545,0.03839179554159661,0.08654931721068537,0.12362351575668087,0.1302881083183555,0.017696655372330818,E_OHLC4,conditional,run_877714c21697899d1a109f52
full,PORTFOLIO,ALL,258,instrument-minute keys with executed fills and positive source volume,one per instrument-minute key,138,,,122,135,3,120,135,123,0,0,0,0.0001891782859081001,0.0026668695674349754,0.004861640230159089,0.009999757740527079,0.009999907015451706,0.0009200447006397474,0.01891782859081001,0.2666869567434975,0.4861640230159089,0.9999757740527079,0.9999907015451708,0.09200447006397473,E_OHLC4,conditional,run_877714c21697899d1a109f52
2022-2023,BTCUSDT,spot,4,instrument-minute keys with executed fills and positive source volume,one per instrument-minute key,4,0.09609,0.09609,0,4,0,0,4,0,0,0,0,0.0002632521605673095,0.00570114569523811,0.006843136212145158,0.007756728625670801,0.007985126729052213,0.002144002089206432,0.026325216056730952,0.570114569523811,0.6843136212145158,0.7756728625670801,0.7985126729052213,0.2144002089206432,E_OHLC4,conditional,run_877714c21697899d1a109f52
2022-2023,BTCUSDT,futures,4,instrument-minute keys with executed fills and positive source volume,one per instrument-minute key,4,0.096,0.096,0,4,0,0,4,0,0,0,0,7.945818486777432e-05,0.0009218138742964936,0.0010884150327773812,0.001221695959562092,0.00125501619125827,0.0003549974712715246,0.007945818486777433,0.09218138742964935,0.10884150327773813,0.1221695959562092,0.125501619125827,0.03549974712715246,E_OHLC4,conditional,run_877714c21697899d1a109f52
2022-2023,ETHUSDT,spot,132,instrument-minute keys with executed fills and positive source volume,one per instrument-minute key,12,211.0417,9.8294,120,11,1,120,11,121,0,0,0,0.0006787959854143807,0.00797240284718676,0.009190120076050273,0.00983794962757142,0.009999907015451706,0.002359199683565841,0.06787959854143807,0.7972402847186761,0.9190120076050274,0.9837949627571422,0.9999907015451708,0.23591996835658413,E_OHLC4,conditional,run_877714c21697899d1a109f52
2022-2023,ETHUSDT,futures,10,instrument-minute keys with executed fills and positive source volume,one per instrument-minute key,10,6.386,6.386,0,10,0,0,10,0,0,0,0,8.368535713734905e-05,0.00036029785263432717,0.0003727192530004683,0.0003826563732933812,0.0003851406533666095,0.0001438787455731526,0.008368535713734906,0.03602978526343272,0.03727192530004683,0.038265637329338124,0.03851406533666095,0.014387874557315258,E_OHLC4,conditional,run_877714c21697899d1a109f52
2022-2023,PORTFOLIO,ALL,150,instrument-minute keys with executed fills and positive source volume,one per instrument-minute key,30,,,120,29,1,120,29,121,0,0,0,0.0003241292774544131,0.0034768445799755856,0.008283468947170502,0.00957292844740368,0.009999907015451706,0.0013248393966811152,0.032412927745441314,0.34768445799755854,0.8283468947170501,0.9572928447403681,0.9999907015451708,0.13248393966811148,E_OHLC4,conditional,run_877714c21697899d1a109f52
2024+,BTCUSDT,spot,20,instrument-minute keys with executed fills and positive source volume,one per instrument-minute key,20,0.40817,0.40817,0,20,0,0,20,0,0,0,0,0.0002405853314814351,0.0010449712120753252,0.0026135395537434753,0.006641139975950394,0.007648040081502133,0.0007850355496188271,0.02405853314814351,0.10449712120753253,0.2613539553743476,0.6641139975950394,0.7648040081502133,0.0785035549618827,E_OHLC4,conditional,run_877714c21697899d1a109f52
2024+,BTCUSDT,futures,20,instrument-minute keys with executed fills and positive source volume,one per instrument-minute key,20,0.408,0.408,0,20,0,0,20,0,0,0,0,4.9104993296352494e-05,0.00023176814412873424,0.0002426645450242057,0.00027722938836054786,0.0002858705991946335,7.557530250949493e-05,0.00491049932963525,0.023176814412873427,0.024266454502420567,0.027722938836054787,0.02858705991946335,0.007557530250949493,E_OHLC4,conditional,run_877714c21697899d1a109f52
2024+,ETHUSDT,spot,35,instrument-minute keys with executed fills and positive source volume,one per instrument-minute key,35,12.8291,11.2930,2,33,2,0,33,2,0,0,0,0.0007398699473048182,0.004307936511388323,0.00752363838424696,0.009999762014738367,0.009999810455799646,0.001823942725454701,0.07398699473048181,0.4307936511388323,0.752363838424696,0.9999762014738368,0.9999810455799646,0.18239427254547008,E_OHLC4,conditional,run_877714c21697899d1a109f52
2024+,ETHUSDT,futures,33,instrument-minute keys with executed fills and positive source volume,one per instrument-minute key,33,11.288,11.288,0,33,0,0,33,0,0,0,0,5.8894005732935904e-05,0.0004124219246631575,0.0010066241969050981,0.0012521032350946057,0.001302881083183555,0.0001869931622536584,0.00588940057329359,0.04124219246631575,0.10066241969050982,0.12521032350946057,0.1302881083183555,0.018699316225365838,E_OHLC4,conditional,run_877714c21697899d1a109f52
2024+,PORTFOLIO,ALL,108,instrument-minute keys with executed fills and positive source volume,one per instrument-minute key,108,,,2,106,2,0,106,2,0,0,0,0.00015341724066298383,0.002002285657860482,0.003834975416157938,0.009835054029048837,0.009999810455799646,0.0008076017295171453,0.015341724066298384,0.20022856578604822,0.38349754161579375,0.9835054029048838,0.9999810455799646,0.08076017295171453,E_OHLC4,conditional,run_877714c21697899d1a109f52
2022,BTCUSDT,spot,0,instrument-minute keys with executed fills and positive source volume,one per instrument-minute key,0,0,0,0,0,0,0,0,0,0,0,0,,,,,,,,,,,,,E_OHLC4,conditional,run_877714c21697899d1a109f52
2022,BTCUSDT,futures,0,instrument-minute keys with executed fills and positive source volume,one per instrument-minute key,0,0,0,0,0,0,0,0,0,0,0,0,,,,,,,,,,,,,E_OHLC4,conditional,run_877714c21697899d1a109f52
2022,ETHUSDT,spot,0,instrument-minute keys with executed fills and positive source volume,one per instrument-minute key,0,0,0,0,0,0,0,0,0,0,0,0,,,,,,,,,,,,,E_OHLC4,conditional,run_877714c21697899d1a109f52
2022,ETHUSDT,futures,0,instrument-minute keys with executed fills and positive source volume,one per instrument-minute key,0,0,0,0,0,0,0,0,0,0,0,0,,,,,,,,,,,,,E_OHLC4,conditional,run_877714c21697899d1a109f52
2022,PORTFOLIO,ALL,0,instrument-minute keys with executed fills and positive source volume,one per instrument-minute key,0,,,0,0,0,0,0,0,0,0,0,,,,,,,,,,,,,E_OHLC4,conditional,run_877714c21697899d1a109f52
2023,BTCUSDT,spot,4,instrument-minute keys with executed fills and positive source volume,one per instrument-minute key,4,0.09609,0.09609,0,4,0,0,4,0,0,0,0,0.0002632521605673095,0.00570114569523811,0.006843136212145158,0.007756728625670801,0.007985126729052213,0.002144002089206432,0.026325216056730952,0.570114569523811,0.6843136212145158,0.7756728625670801,0.7985126729052213,0.2144002089206432,E_OHLC4,conditional,run_877714c21697899d1a109f52
2023,BTCUSDT,futures,4,instrument-minute keys with executed fills and positive source volume,one per instrument-minute key,4,0.096,0.096,0,4,0,0,4,0,0,0,0,7.945818486777432e-05,0.0009218138742964936,0.0010884150327773812,0.001221695959562092,0.00125501619125827,0.0003549974712715246,0.007945818486777433,0.09218138742964935,0.10884150327773813,0.1221695959562092,0.125501619125827,0.03549974712715246,E_OHLC4,conditional,run_877714c21697899d1a109f52
2023,ETHUSDT,spot,132,instrument-minute keys with executed fills and positive source volume,one per instrument-minute key,12,211.0417,9.8294,120,11,1,120,11,121,0,0,0,0.0006787959854143807,0.00797240284718676,0.009190120076050273,0.00983794962757142,0.009999907015451706,0.002359199683565841,0.06787959854143807,0.7972402847186761,0.9190120076050274,0.9837949627571422,0.9999907015451708,0.23591996835658413,E_OHLC4,conditional,run_877714c21697899d1a109f52
2023,ETHUSDT,futures,10,instrument-minute keys with executed fills and positive source volume,one per instrument-minute key,10,6.386,6.386,0,10,0,0,10,0,0,0,0,8.368535713734905e-05,0.00036029785263432717,0.0003727192530004683,0.0003826563732933812,0.0003851406533666095,0.0001438787455731526,0.008368535713734906,0.03602978526343272,0.03727192530004683,0.038265637329338124,0.03851406533666095,0.014387874557315258,E_OHLC4,conditional,run_877714c21697899d1a109f52
2023,PORTFOLIO,ALL,150,instrument-minute keys with executed fills and positive source volume,one per instrument-minute key,30,,,120,29,1,120,29,121,0,0,0,0.0003241292774544131,0.0034768445799755856,0.008283468947170502,0.00957292844740368,0.009999907015451706,0.0013248393966811152,0.032412927745441314,0.34768445799755854,0.8283468947170501,0.9572928447403681,0.9999907015451708,0.13248393966811148,E_OHLC4,conditional,run_877714c21697899d1a109f52
2024,BTCUSDT,spot,20,instrument-minute keys with executed fills and positive source volume,one per instrument-minute key,20,0.40817,0.40817,0,20,0,0,20,0,0,0,0,0.0002405853314814351,0.0010449712120753252,0.0026135395537434753,0.006641139975950394,0.007648040081502133,0.0007850355496188271,0.02405853314814351,0.10449712120753253,0.2613539553743476,0.6641139975950394,0.7648040081502133,0.0785035549618827,E_OHLC4,conditional,run_877714c21697899d1a109f52
2024,BTCUSDT,futures,20,instrument-minute keys with executed fills and positive source volume,one per instrument-minute key,20,0.408,0.408,0,20,0,0,20,0,0,0,0,4.9104993296352494e-05,0.00023176814412873424,0.0002426645450242057,0.00027722938836054786,0.0002858705991946335,7.557530250949493e-05,0.00491049932963525,0.023176814412873427,0.024266454502420567,0.027722938836054787,0.02858705991946335,0.007557530250949493,E_OHLC4,conditional,run_877714c21697899d1a109f52
2024,ETHUSDT,spot,22,instrument-minute keys with executed fills and positive source volume,one per instrument-minute key,22,7.9621,7.6327,1,21,1,0,21,1,0,0,0,0.0008335175356203196,0.003882231111324345,0.0045452383325534805,0.008861469364552902,0.009999810455799646,0.001844738839184007,0.08335175356203195,0.3882231111324345,0.454523833255348,0.8861469364552902,0.9999810455799646,0.1844738839184007,E_OHLC4,conditional,run_877714c21697899d1a109f52
2024,ETHUSDT,futures,21,instrument-minute keys with executed fills and positive source volume,one per instrument-minute key,21,7.629,7.629,0,21,0,0,21,0,0,0,0,9.877038033753704e-05,0.0004207706149255988,0.0009149067895714384,0.0010983416042387587,0.0011442003079055886,0.0002052333852622017,0.009877038033753704,0.042077061492559874,0.09149067895714384,0.10983416042387587,0.11442003079055885,0.020523338526220167,E_OHLC4,conditional,run_877714c21697899d1a109f52
2024,PORTFOLIO,ALL,83,instrument-minute keys with executed fills and positive source volume,one per instrument-minute key,83,,,1,82,1,0,82,1,0,0,0,0.00018630436434412096,0.0021821374703502004,0.0036727364027638603,0.008071358748875669,0.009999810455799646,0.0007482695493388051,0.018630436434412097,0.21821374703502003,0.367273640276386,0.8071358748875668,0.9999810455799646,0.07482695493388052,E_OHLC4,conditional,run_877714c21697899d1a109f52
2025,BTCUSDT,spot,0,instrument-minute keys with executed fills and positive source volume,one per instrument-minute key,0,0,0,0,0,0,0,0,0,0,0,0,,,,,,,,,,,,,E_OHLC4,conditional,run_877714c21697899d1a109f52
2025,BTCUSDT,futures,0,instrument-minute keys with executed fills and positive source volume,one per instrument-minute key,0,0,0,0,0,0,0,0,0,0,0,0,,,,,,,,,,,,,E_OHLC4,conditional,run_877714c21697899d1a109f52
2025,ETHUSDT,spot,13,instrument-minute keys with executed fills and positive source volume,one per instrument-minute key,13,4.8670,3.6603,1,12,1,0,12,1,0,0,0,0.0004631845481634733,0.0055407622468038615,0.007877356898224542,0.00957520576531691,0.009999667982090005,0.0017887493022204907,0.046318454816347325,0.5540762246803861,0.7877356898224541,0.9575205765316911,0.9999667982090006,0.1788749302220491,E_OHLC4,conditional,run_877714c21697899d1a109f52
2025,ETHUSDT,futures,12,instrument-minute keys with executed fills and positive source volume,one per instrument-minute key,12,3.659,3.659,0,12,0,0,12,0,0,0,0,5.046474541264741e-05,0.00013245231867620218,0.0006621744171242658,0.001174739749971698,0.001302881083183555,0.00015507277198870755,0.005046474541264741,0.013245231867620218,0.06621744171242656,0.1174739749971698,0.1302881083183555,0.015507277198870753,E_OHLC4,conditional,run_877714c21697899d1a109f52
2025,PORTFOLIO,ALL,25,instrument-minute keys with executed fills and positive source volume,one per instrument-minute key,25,,,1,24,1,0,24,1,0,0,0,0.0001284160005805713,0.0016334803521308211,0.005540762246803845,0.009150743548543814,0.009999667982090005,0.0010045845677092346,0.01284160005805713,0.1633480352130821,0.5540762246803845,0.9150743548543815,0.9999667982090006,0.10045845677092347,E_OHLC4,conditional,run_877714c21697899d1a109f52
2026,BTCUSDT,spot,0,instrument-minute keys with executed fills and positive source volume,one per instrument-minute key,0,0,0,0,0,0,0,0,0,0,0,0,,,,,,,,,,,,,E_OHLC4,conditional,run_877714c21697899d1a109f52
2026,BTCUSDT,futures,0,instrument-minute keys with executed fills and positive source volume,one per instrument-minute key,0,0,0,0,0,0,0,0,0,0,0,0,,,,,,,,,,,,,E_OHLC4,conditional,run_877714c21697899d1a109f52
2026,ETHUSDT,spot,0,instrument-minute keys with executed fills and positive source volume,one per instrument-minute key,0,0,0,0,0,0,0,0,0,0,0,0,,,,,,,,,,,,,E_OHLC4,conditional,run_877714c21697899d1a109f52
2026,ETHUSDT,futures,0,instrument-minute keys with executed fills and positive source volume,one per instrument-minute key,0,0,0,0,0,0,0,0,0,0,0,0,,,,,,,,,,,,,E_OHLC4,conditional,run_877714c21697899d1a109f52
2026,PORTFOLIO,ALL,0,instrument-minute keys with executed fills and positive source volume,one per instrument-minute key,0,,,0,0,0,0,0,0,0,0,0,,,,,,,,,,,,,E_OHLC4,conditional,run_877714c21697899d1a109f52
full,BTCUSDT,spot,197,instrument-minute keys with executed fills and positive source volume,one per instrument-minute key,77,14.51480,1.55480,120,77,0,120,77,120,0,0,0,0.00021160317797408413,0.0011255836298424506,0.0023072651844424463,0.0038505914691144352,0.0049894356337346945,0.000513027551334102,0.021160317797408415,0.11255836298424506,0.2307265184442446,0.38505914691144355,0.49894356337346946,0.05130275513341019,E_OHLC4,permanent,run_19ae8a8e67fb24f8a9d68298
full,BTCUSDT,futures,191,instrument-minute keys with executed fills and positive source volume,one per instrument-minute key,75,9.683,1.462,115,75,0,116,75,116,0,0,0,2.6911380822950025e-05,0.00014535141486857696,0.00035773619998867665,0.0008927199510262801,0.001501363483163281,8.635695110672361e-05,0.0026911380822950024,0.014535141486857696,0.03577361999886766,0.08927199510262802,0.1501363483163281,0.008635695110672362,E_OHLC4,permanent,run_19ae8a8e67fb24f8a9d68298
full,ETHUSDT,spot,212,instrument-minute keys with executed fills and positive source volume,one per instrument-minute key,92,243.9231,34.5759,122,89,3,120,89,123,0,0,0,0.0003734531943245396,0.004000971197371012,0.007025981211907156,0.0099996510053836,0.009999793757936637,0.0012239805475175757,0.037345319432453956,0.4000971197371012,0.7025981211907155,0.9999651005383601,0.9999793757936637,0.12239805475175757,E_OHLC4,permanent,run_19ae8a8e67fb24f8a9d68298
full,ETHUSDT,futures,135,instrument-minute keys with executed fills and positive source volume,one per instrument-minute key,88,91.066,32.131,47,87,1,47,87,48,0,0,0,4.860717611198051e-05,0.0002994559912651945,0.0006350766571907368,0.001892831578025456,0.004799587325201945,0.0001742517235813716,0.004860717611198051,0.02994559912651945,0.06350766571907368,0.18928315780254562,0.4799587325201945,0.01742517235813716,E_OHLC4,permanent,run_19ae8a8e67fb24f8a9d68298
full,PORTFOLIO,ALL,735,instrument-minute keys with executed fills and positive source volume,one per instrument-minute key,332,,,404,328,4,403,328,407,0,0,0,0.00010968330507559959,0.0010115872727469192,0.0021989927308504508,0.008500918760315683,0.009999793757936637,0.0005238561892545415,0.01096833050755996,0.10115872727469191,0.2198992730850451,0.8500918760315683,0.9999793757936637,0.052385618925454146,E_OHLC4,permanent,run_19ae8a8e67fb24f8a9d68298
2022-2023,BTCUSDT,spot,152,instrument-minute keys with executed fills and positive source volume,one per instrument-minute key,32,13.85849,0.89849,120,32,0,120,32,120,0,0,0,0.00031710531155407576,0.0011332989082222399,0.002348936712204461,0.0031653503268519474,0.0034909564697606795,0.0005699166486415161,0.031710531155407576,0.113329890822224,0.23489367122044608,0.31653503268519473,0.34909564697606793,0.056991664864151616,E_OHLC4,permanent,run_19ae8a8e67fb24f8a9d68298
2022-2023,BTCUSDT,futures,104,instrument-minute keys with executed fills and positive source volume,one per instrument-minute key,32,6.966,0.898,72,32,0,72,32,72,0,0,0,5.095031481913159e-05,0.00023422193068274328,0.0005562145022065771,0.000671342036917063,0.0006788722235186795,0.0001116900468773687,0.005095031481913159,0.023422193068274328,0.0556214502206577,0.06713420369170629,0.06788722235186796,0.011169004687736867,E_OHLC4,permanent,run_19ae8a8e67fb24f8a9d68298
2022-2023,ETHUSDT,spot,155,instrument-minute keys with executed fills and positive source volume,one per instrument-minute key,35,226.1868,16.8982,122,33,2,120,33,122,0,0,0,0.00044011005008226674,0.005706839960357589,0.008090991900839261,0.00999965791352472,0.009999793757936637,0.001595423509843949,0.044011005008226675,0.5706839960357588,0.8090991900839261,0.9999657913524719,0.9999793757936637,0.15954235098439493,E_OHLC4,permanent,run_19ae8a8e67fb24f8a9d68298
2022-2023,ETHUSDT,futures,37,instrument-minute keys with executed fills and positive source volume,one per instrument-minute key,33,20.606,16.883,4,32,1,4,32,5,0,0,0,4.4604130650112896e-05,0.0005910821677699021,0.0007140564885367344,0.0012580605661291903,0.0014584887652289867,0.00017994313338877098,0.00446041306501129,0.059108216776990206,0.07140564885367344,0.12580605661291905,0.14584887652289868,0.017994313338877098,E_OHLC4,permanent,run_19ae8a8e67fb24f8a9d68298
2022-2023,PORTFOLIO,ALL,448,instrument-minute keys with executed fills and positive source volume,one per instrument-minute key,132,,,318,129,3,316,129,319,0,0,0,0.00013355933588604646,0.0010828894023133485,0.002913268151696786,0.009154244619034486,0.009999793757936637,0.000633252731083121,0.013355933588604645,0.10828894023133484,0.29132681516967857,0.9154244619034486,0.9999793757936637,0.06332527310831211,E_OHLC4,permanent,run_19ae8a8e67fb24f8a9d68298
2024+,BTCUSDT,spot,45,instrument-minute keys with executed fills and positive source volume,one per instrument-minute key,45,0.65631,0.65631,0,45,0,0,45,0,0,0,0,0.00020368631492755895,0.001013107773559615,0.002038708297380467,0.004189176860767977,0.0049894356337346945,0.00047257308213771834,0.020368631492755897,0.1013107773559615,0.20387082973804668,0.4189176860767977,0.49894356337346946,0.04725730821377185,E_OHLC4,permanent,run_19ae8a8e67fb24f8a9d68298
2024+,BTCUSDT,futures,87,instrument-minute keys with executed fills and positive source volume,one per instrument-minute key,43,2.717,0.564,43,43,0,44,43,44,0,0,0,2.0668203003089896e-05,6.0620040246607525e-05,0.0001337716196746627,0.0009998006762671804,0.001501363483163281,6.750441471926683e-05,0.0020668203003089895,0.006062004024660753,0.01337716196746627,0.09998006762671804,0.1501363483163281,0.006750441471926685,E_OHLC4,permanent,run_19ae8a8e67fb24f8a9d68298
2024+,ETHUSDT,spot,57,instrument-minute keys with executed fills and positive source volume,one per instrument-minute key,57,17.7363,17.6777,0,56,1,0,56,1,0,0,0,0.0003533671066622549,0.0015960233112079505,0.005423461997982501,0.009469265511447002,0.009999636886999234,0.0009959015355627849,0.03533671066622549,0.15960233112079503,0.54234619979825,0.9469265511447003,0.9999636886999235,0.09959015355627851,E_OHLC4,permanent,run_19ae8a8e67fb24f8a9d68298
2024+,ETHUSDT,futures,98,instrument-minute keys with executed fills and positive source volume,one per instrument-minute key,55,70.460,15.248,43,55,0,43,55,43,0,0,0,5.0411883761398687e-05,0.00013175349303817452,0.00029700059523661137,0.002754142082932138,0.004799587325201945,0.00017083687769693195,0.005041188376139869,0.013175349303817451,0.02970005952366114,0.2754142082932138,0.4799587325201945,0.017083687769693198,E_OHLC4,permanent,run_19ae8a8e67fb24f8a9d68298
2024+,PORTFOLIO,ALL,287,instrument-minute keys with executed fills and positive source volume,one per instrument-minute key,200,,,86,199,1,87,199,88,0,0,0,0.0001019586778732294,0.0009586308333756323,0.0016505868795606232,0.00684607642530872,0.009999636886999234,0.000451654471647679,0.010195867787322939,0.09586308333756323,0.16505868795606232,0.684607642530872,0.9999636886999235,0.045165447164767905,E_OHLC4,permanent,run_19ae8a8e67fb24f8a9d68298
2022,BTCUSDT,spot,14,instrument-minute keys with executed fills and positive source volume,one per instrument-minute key,14,0.38027,0.38027,0,14,0,0,14,0,0,0,0,0.00016428960306481906,0.0017488459132855008,0.002332268101099655,0.0024189448788446465,0.0024406140732808946,0.0005057188575168438,0.016428960306481905,0.17488459132855005,0.2332268101099655,0.24189448788446463,0.24406140732808945,0.050571885751684365,E_OHLC4,permanent,run_19ae8a8e67fb24f8a9d68298
2022,BTCUSDT,futures,18,instrument-minute keys with executed fills and positive source volume,one per instrument-minute key,14,0.668,0.380,4,14,0,4,14,4,0,0,0,3.870416226395264e-05,0.0003503518031250793,0.0005468314536452733,0.0006524640695439981,0.0006788722235186795,0.00011162201571291207,0.0038704162263952643,0.03503518031250793,0.05468314536452733,0.06524640695439982,0.06788722235186796,0.011162201571291205,E_OHLC4,permanent,run_19ae8a8e67fb24f8a9d68298
2022,ETHUSDT,spot,12,instrument-minute keys with executed fills and positive source volume,one per instrument-minute key,12,4.7253,4.7253,0,12,0,0,12,0,0,0,0,0.0003739511529339564,0.001007394744580375,0.0030465276896293834,0.004990985065576589,0.005477099409563387,0.00078621917700604,0.037395115293395634,0.10073947445803749,0.3046527689629383,0.49909850655765886,0.5477099409563386,0.07862191770060402,E_OHLC4,permanent,run_19ae8a8e67fb24f8a9d68298
2022,ETHUSDT,futures,16,instrument-minute keys with executed fills and positive source volume,one per instrument-minute key,12,8.442,4.722,4,12,0,4,12,4,0,0,0,6.205384243253451e-05,0.0004035128716276258,0.0005149055950629253,0.0006106704293231245,0.0006346116378881741,0.0001493791382316392,0.006205384243253451,0.04035128716276258,0.05149055950629254,0.06106704293231246,0.06346116378881742,0.014937913823163923,E_OHLC4,permanent,run_19ae8a8e67fb24f8a9d68298
2022,PORTFOLIO,ALL,60,instrument-minute keys with executed fills and positive source volume,one per instrument-minute key,52,,,8,52,0,8,52,8,0,0,0,8.263514553766814e-05,0.0006264549281465023,0.0016051005383306322,0.0039284918880593215,0.005477099409563387,0.00038211446169362953,0.008263514553766813,0.06264549281465022,0.16051005383306322,0.3928491888059321,0.5477099409563386,0.03821144616936294,E_OHLC4,permanent,run_19ae8a8e67fb24f8a9d68298
2023,BTCUSDT,spot,138,instrument-minute keys with executed fills and positive source volume,one per instrument-minute key,18,13.47822,0.51822,120,18,0,120,18,120,0,0,0,0.000379044756374777,0.0011129563932737053,0.0014898293987373782,0.0030907310555560157,0.0034909564697606795,0.0006198482639607058,0.0379044756374777,0.11129563932737054,0.1489829398737378,0.3090731055556016,0.34909564697606793,0.06198482639607058,E_OHLC4,permanent,run_19ae8a8e67fb24f8a9d68298
2023,BTCUSDT,futures,86,instrument-minute keys with executed fills and positive source volume,one per instrument-minute key,18,6.298,0.518,68,18,0,68,18,68,0,0,0,6.23589302015514e-05,0.0001862165319552228,0.00030407660074966347,0.0005844803593478005,0.0006545812989973355,0.00011174296000527939,0.006235893020155139,0.018621653195522277,0.03040766007496634,0.05844803593478004,0.06545812989973354,0.011174296000527943,E_OHLC4,permanent,run_19ae8a8e67fb24f8a9d68298
2023,ETHUSDT,spot,143,instrument-minute keys with executed fills and positive source volume,one per instrument-minute key,23,221.4615,12.1729,122,21,2,120,21,122,0,0,0,0.00047637427032155014,0.0069904842211389465,0.0097267653134473,0.009999705858611279,0.009999793757936637,0.0020176170748028577,0.04763742703215502,0.6990484221138946,0.9726765313447301,0.9999705858611279,0.9999793757936637,0.20176170748028582,E_OHLC4,permanent,run_19ae8a8e67fb24f8a9d68298
2023,ETHUSDT,futures,21,instrument-minute keys with executed fills and positive source volume,one per instrument-minute key,21,12.164,12.161,0,20,1,0,20,1,0,0,0,4.247142191851314e-05,0.000635327052199809,0.0008321506430421233,0.0013332211407916144,0.0014584887652289867,0.00019740827347856053,0.004247142191851314,0.0635327052199809,0.08321506430421233,0.13332211407916145,0.14584887652289868,0.019740827347856055,E_OHLC4,permanent,run_19ae8a8e67fb24f8a9d68298
2023,PORTFOLIO,ALL,388,instrument-minute keys with executed fills and positive source volume,one per instrument-minute key,80,,,310,77,3,308,77,311,0,0,0,0.00015719574746983267,0.0011688692711651974,0.0042617302463718015,0.009999478119450123,0.009999793757936637,0.0007964926061862904,0.015719574746983267,0.11688692711651975,0.42617302463718015,0.9999478119450123,0.9999793757936637,0.07964926061862906,E_OHLC4,permanent,run_19ae8a8e67fb24f8a9d68298
2024,BTCUSDT,spot,34,instrument-minute keys with executed fills and positive source volume,one per instrument-minute key,34,0.63430,0.63430,0,34,0,0,34,0,0,0,0,0.00021073949460484036,0.001485423146698804,0.0024992263498557765,0.004389241554009656,0.0049894356337346945,0.0005568838989950212,0.021073949460484038,0.1485423146698804,0.24992263498557762,0.43892415540096563,0.49894356337346946,0.05568838989950213,E_OHLC4,permanent,run_19ae8a8e67fb24f8a9d68298
2024,BTCUSDT,futures,76,instrument-minute keys with executed fills and positive source volume,one per instrument-minute key,32,2.695,0.542,43,32,0,44,32,44,0,0,0,2.3151009701231865e-05,0.00011580976773352568,0.0002125364697561109,0.0011311623637875908,0.001501363483163281,8.544113596762306e-05,0.0023151009701231867,0.01158097677335257,0.021253646975611086,0.11311623637875909,0.1501363483163281,0.008544113596762305,E_OHLC4,permanent,run_19ae8a8e67fb24f8a9d68298
2024,ETHUSDT,spot,35,instrument-minute keys with executed fills and positive source volume,one per instrument-minute key,35,14.3996,14.3410,0,34,1,0,34,1,0,0,0,0.0006688913041403076,0.0037633433497025514,0.007492415747221414,0.009677625694699663,0.009999636886999234,0.0014253710352178982,0.06688913041403076,0.3763343349702551,0.7492415747221414,0.9677625694699663,0.9999636886999235,0.1425371035217899,E_OHLC4,permanent,run_19ae8a8e67fb24f8a9d68298
2024,ETHUSDT,futures,76,instrument-minute keys with executed fills and positive source volume,one per instrument-minute key,33,67.125,11.913,43,33,0,43,33,43,0,0,0,9.09117769388641e-05,0.0002769785516853822,0.0006081721058606865,0.0035874716260790936,0.004799587325201945,0.00026408259917050494,0.00909117769388641,0.027697855168538222,0.06081721058606865,0.35874716260790934,0.4799587325201945,0.026408259917050494,E_OHLC4,permanent,run_19ae8a8e67fb24f8a9d68298
2024,PORTFOLIO,ALL,221,instrument-minute keys with executed fills and positive source volume,one per instrument-minute key,134,,,86,133,1,87,133,88,0,0,0,0.00011970758153986394,0.0011099682300218018,0.0024992263498557726,0.008317055571730674,0.009999636886999234,0.0005990364247914013,0.011970758153986395,0.11099682300218017,0.24992263498557726,0.8317055571730673,0.9999636886999235,0.05990364247914014,E_OHLC4,permanent,run_19ae8a8e67fb24f8a9d68298
2025,BTCUSDT,spot,11,instrument-minute keys with executed fills and positive source volume,one per instrument-minute key,11,0.02201,0.02201,0,11,0,0,11,0,0,0,0,8.104778577449264e-05,0.0005027083411881511,0.0006791040139306954,0.000820220552124731,0.0008554996866732398,0.00021197601185151007,0.008104778577449264,0.05027083411881512,0.06791040139306954,0.0820220552124731,0.08554996866732398,0.021197601185151006,E_OHLC4,permanent,run_19ae8a8e67fb24f8a9d68298
2025,BTCUSDT,futures,11,instrument-minute keys with executed fills and positive source volume,one per instrument-minute key,11,0.022,0.022,0,11,0,0,11,0,0,0,0,1.3881562508675977e-05,2.7935887139015958e-05,3.9260387451898114e-05,4.831998770220385e-05,5.058488776478027e-05,1.5324861996776012e-05,0.0013881562508675977,0.002793588713901596,0.0039260387451898115,0.004831998770220385,0.005058488776478028,0.001532486199677601,E_OHLC4,permanent,run_19ae8a8e67fb24f8a9d68298
2025,ETHUSDT,spot,21,instrument-minute keys with executed fills and positive source volume,one per instrument-minute key,21,3.3247,3.3247,0,21,0,0,21,0,0,0,0,0.00021055298904685041,0.00040308366910466424,0.0007276392835763385,0.0017866754047554088,0.002051434435050175,0.00032704736753285096,0.021055298904685042,0.04030836691046642,0.07276392835763384,0.17866754047554087,0.2051434435050175,0.0327047367532851,E_OHLC4,permanent,run_19ae8a8e67fb24f8a9d68298
2025,ETHUSDT,futures,21,instrument-minute keys with executed fills and positive source volume,one per instrument-minute key,21,3.323,3.323,0,21,0,0,21,0,0,0,0,2.237308517853023e-05,6.371455877668048e-05,0.00011563177453371854,0.00011761029479741824,0.00011810492486334316,3.2366036716081525e-05,0.002237308517853023,0.0063714558776680474,0.011563177453371855,0.011761029479741824,0.011810492486334315,0.0032366036716081526,E_OHLC4,permanent,run_19ae8a8e67fb24f8a9d68298
2025,PORTFOLIO,ALL,64,instrument-minute keys with executed fills and positive source volume,one per instrument-minute key,64,,,0,64,0,0,64,0,0,0,0,4.2623972298094076e-05,0.0003553167950022053,0.00048776464037562754,0.0012979955435727028,0.002051434435050175,0.00015699986096185515,0.004262397229809407,0.03553167950022053,0.04877646403756276,0.12979955435727028,0.2051434435050175,0.015699986096185514,E_OHLC4,permanent,run_19ae8a8e67fb24f8a9d68298
2026,BTCUSDT,spot,0,instrument-minute keys with executed fills and positive source volume,one per instrument-minute key,0,0,0,0,0,0,0,0,0,0,0,0,,,,,,,,,,,,,E_OHLC4,permanent,run_19ae8a8e67fb24f8a9d68298
2026,BTCUSDT,futures,0,instrument-minute keys with executed fills and positive source volume,one per instrument-minute key,0,0,0,0,0,0,0,0,0,0,0,0,,,,,,,,,,,,,E_OHLC4,permanent,run_19ae8a8e67fb24f8a9d68298
2026,ETHUSDT,spot,1,instrument-minute keys with executed fills and positive source volume,one per instrument-minute key,1,0.0120,0.0120,0,1,0,0,1,0,0,0,0,1.0406576262426102e-05,1.0406576262426102e-05,1.0406576262426102e-05,1.0406576262426102e-05,1.0406576262426102e-05,1.0406576262426102e-05,0.0010406576262426102,0.0010406576262426102,0.0010406576262426102,0.0010406576262426102,0.0010406576262426102,0.0010406576262426102,E_OHLC4,permanent,run_19ae8a8e67fb24f8a9d68298
2026,ETHUSDT,futures,1,instrument-minute keys with executed fills and positive source volume,one per instrument-minute key,1,0.012,0.012,0,1,0,0,1,0,0,0,0,1.615729666883668e-06,1.615729666883668e-06,1.615729666883668e-06,1.615729666883668e-06,1.615729666883668e-06,1.615729666883668e-06,0.00016157296668836682,0.00016157296668836682,0.00016157296668836682,0.00016157296668836682,0.00016157296668836682,0.00016157296668836682,E_OHLC4,permanent,run_19ae8a8e67fb24f8a9d68298
2026,PORTFOLIO,ALL,2,instrument-minute keys with executed fills and positive source volume,one per instrument-minute key,2,,,0,2,0,0,2,0,0,0,0,6.0111529646548846e-06,9.527491602871858e-06,9.96703393264898e-06,1.0318667796470677e-05,1.0406576262426102e-05,6.0111529646548846e-06,0.0006011152964654886,0.0009527491602871859,0.0009967033932648981,0.0010318667796470678,0.0010406576262426102,0.0006011152964654885,E_OHLC4,permanent,run_19ae8a8e67fb24f8a9d68298
full,BTCUSDT,spot,24,instrument-minute keys with executed fills and positive source volume,one per instrument-minute key,24,0.50626,0.50626,0,24,0,0,24,0,0,0,0,0.00038032796416504616,0.0034112452290241445,0.007222417065477709,0.009057097069166138,0.009428306622762778,0.0013293648698956655,0.038032796416504616,0.34112452290241446,0.722241706547771,0.9057097069166138,0.9428306622762779,0.13293648698956653,L01,conditional,run_8db4ad88c779d7e7f81be824
full,BTCUSDT,futures,24,instrument-minute keys with executed fills and positive source volume,one per instrument-minute key,24,0.506,0.506,0,24,0,0,24,0,0,0,0,4.33217142982009e-05,0.00036974542115957834,0.0007468320416198551,0.000851155346662147,0.0008646426415648401,0.00014306261300927497,0.004332171429820089,0.03697454211595783,0.07468320416198551,0.0851155346662147,0.086464264156484,0.014306261300927497,L01,conditional,run_8db4ad88c779d7e7f81be824
full,ETHUSDT,spot,103,instrument-minute keys with executed fills and positive source volume,one per instrument-minute key,44,116.2122,17.8310,60,43,1,59,43,60,0,0,0,0.0006626703037085401,0.0025302292678578996,0.005963887542486766,0.009823529164531056,0.009999903816250565,0.0013361110590610315,0.066267030370854,0.25302292678578997,0.5963887542486765,0.9823529164531055,0.9999903816250565,0.13361110590610317,L01,conditional,run_8db4ad88c779d7e7f81be824
full,ETHUSDT,futures,43,instrument-minute keys with executed fills and positive source volume,one per instrument-minute key,43,17.822,17.822,0,43,0,0,43,0,0,0,0,8.363479661151496e-05,0.000542148189741307,0.0009832500797003908,0.00201852289915099,0.0023679081596273146,0.00023075829483606796,0.008363479661151495,0.0542148189741307,0.09832500797003908,0.20185228991509896,0.23679081596273144,0.023075829483606793,L01,conditional,run_8db4ad88c779d7e7f81be824
full,PORTFOLIO,ALL,194,instrument-minute keys with executed fills and positive source volume,one per instrument-minute key,135,,,60,134,1,59,134,60,0,0,0,0.0001851963734299674,0.0015817554118421789,0.002597569441603976,0.009534846188755703,0.009999903816250565,0.0007707389101211474,0.018519637342996737,0.15817554118421787,0.25975694416039763,0.9534846188755702,0.9999903816250565,0.07707389101211473,L01,conditional,run_8db4ad88c779d7e7f81be824
2022-2023,BTCUSDT,spot,4,instrument-minute keys with executed fills and positive source volume,one per instrument-minute key,4,0.09609,0.09609,0,4,0,0,4,0,0,0,0,0.0008007141594974356,0.0058366966258425225,0.00682552433387517,0.007616586500301291,0.007814352041907823,0.0024268709333942727,0.08007141594974357,0.5836696625842523,0.682552433387517,0.7616586500301292,0.7814352041907824,0.24268709333942726,L01,conditional,run_8db4ad88c779d7e7f81be824
2022-2023,BTCUSDT,futures,4,instrument-minute keys with executed fills and positive source volume,one per instrument-minute key,4,0.096,0.096,0,4,0,0,4,0,0,0,0,0.00014431221631271374,0.0006369263143821744,0.0007214642716633047,0.0007890946374882093,0.0008060022289444356,0.0002764500738424146,0.014431221631271375,0.06369263143821743,0.07214642716633048,0.07890946374882093,0.08060022289444356,0.02764500738424146,L01,conditional,run_8db4ad88c779d7e7f81be824
2022-2023,ETHUSDT,spot,69,instrument-minute keys with executed fills and positive source volume,one per instrument-minute key,10,104.4860,6.5460,59,10,0,59,10,59,0,0,0,0.0007044070266128131,0.002409983043427392,0.005999856625513961,0.00887175549118323,0.009589730207600544,0.0016009941505650833,0.07044070266128132,0.2409983043427392,0.599985662551396,0.887175549118323,0.9589730207600543,0.16009941505650835,L01,conditional,run_8db4ad88c779d7e7f81be824
2022-2023,ETHUSDT,futures,10,instrument-minute keys with executed fills and positive source volume,one per instrument-minute key,10,6.542,6.542,0,10,0,0,10,0,0,0,0,9.989331589872218e-05,0.00035153558041624094,0.0006841611513438038,0.0009502616080858552,0.0010167867222713677,0.0001895553896111663,0.009989331589872218,0.0351535580416241,0.06841611513438037,0.09502616080858553,0.10167867222713678,0.018955538961116628,L01,conditional,run_8db4ad88c779d7e7f81be824
2022-2023,PORTFOLIO,ALL,87,instrument-minute keys with executed fills and positive source volume,one per instrument-minute key,28,,,59,28,0,59,28,59,0,0,0,0.00026562225578884103,0.0014525292803046843,0.005643610502721819,0.00911037810286351,0.009589730207600544,0.0010256706939539017,0.026562225578884102,0.14525292803046844,0.5643610502721821,0.911037810286351,0.9589730207600543,0.10256706939539018,L01,conditional,run_8db4ad88c779d7e7f81be824
2024+,BTCUSDT,spot,20,instrument-minute keys with executed fills and positive source volume,one per instrument-minute key,20,0.41017,0.41017,0,20,0,0,20,0,0,0,0,0.00029960542902634097,0.002497497955658198,0.004146128253559907,0.008371870948922196,0.009428306622762778,0.0011098636571959441,0.029960542902634096,0.2497497955658198,0.41461282535599076,0.8371870948922197,0.9428306622762779,0.11098636571959442,L01,conditional,run_8db4ad88c779d7e7f81be824
2024+,BTCUSDT,futures,20,instrument-minute keys with executed fills and positive source volume,one per instrument-minute key,20,0.410,0.410,0,20,0,0,20,0,0,0,0,3.802368932687062e-05,0.0002861676365842586,0.0004341897298531189,0.0007785520592224952,0.0008646426415648401,0.00011638512084264704,0.003802368932687062,0.02861676365842586,0.04341897298531189,0.07785520592224951,0.086464264156484,0.011638512084264701,L01,conditional,run_8db4ad88c779d7e7f81be824
2024+,ETHUSDT,spot,34,instrument-minute keys with executed fills and positive source volume,one per instrument-minute key,34,11.7262,11.2850,1,33,1,0,33,1,0,0,0,0.0006245461538257534,0.002530229267857899,0.004031202373837576,0.008859354277604783,0.009999903816250565,0.001258204267442193,0.06245461538257534,0.25302292678578997,0.4031202373837576,0.8859354277604784,0.9999903816250565,0.1258204267442193,L01,conditional,run_8db4ad88c779d7e7f81be824
2024+,ETHUSDT,futures,33,instrument-minute keys with executed fills and positive source volume,one per instrument-minute key,33,11.280,11.280,0,33,0,0,33,0,0,0,0,8.262104338981795e-05,0.0005421481897413065,0.0010232675746675783,0.002101709865931068,0.0023679081596273146,0.00024324402369209878,0.008262104338981795,0.054214818974130656,0.10232675746675782,0.21017098659310676,0.23679081596273144,0.02432440236920988,L01,conditional,run_8db4ad88c779d7e7f81be824
2024+,PORTFOLIO,ALL,107,instrument-minute keys with executed fills and positive source volume,one per instrument-minute key,107,,,1,106,1,0,106,1,0,0,0,0.00014733768175944766,0.0016351036455811473,0.002530229267857898,0.009255229810981895,0.009999903816250565,0.0007040277891181835,0.014733768175944765,0.1635103645581147,0.2530229267857898,0.9255229810981896,0.9999903816250565,0.07040277891181836,L01,conditional,run_8db4ad88c779d7e7f81be824
2022,BTCUSDT,spot,0,instrument-minute keys with executed fills and positive source volume,one per instrument-minute key,0,0,0,0,0,0,0,0,0,0,0,0,,,,,,,,,,,,,L01,conditional,run_8db4ad88c779d7e7f81be824
2022,BTCUSDT,futures,0,instrument-minute keys with executed fills and positive source volume,one per instrument-minute key,0,0,0,0,0,0,0,0,0,0,0,0,,,,,,,,,,,,,L01,conditional,run_8db4ad88c779d7e7f81be824
2022,ETHUSDT,spot,0,instrument-minute keys with executed fills and positive source volume,one per instrument-minute key,0,0,0,0,0,0,0,0,0,0,0,0,,,,,,,,,,,,,L01,conditional,run_8db4ad88c779d7e7f81be824
2022,ETHUSDT,futures,0,instrument-minute keys with executed fills and positive source volume,one per instrument-minute key,0,0,0,0,0,0,0,0,0,0,0,0,,,,,,,,,,,,,L01,conditional,run_8db4ad88c779d7e7f81be824
2022,PORTFOLIO,ALL,0,instrument-minute keys with executed fills and positive source volume,one per instrument-minute key,0,,,0,0,0,0,0,0,0,0,0,,,,,,,,,,,,,L01,conditional,run_8db4ad88c779d7e7f81be824
2023,BTCUSDT,spot,4,instrument-minute keys with executed fills and positive source volume,one per instrument-minute key,4,0.09609,0.09609,0,4,0,0,4,0,0,0,0,0.0008007141594974356,0.0058366966258425225,0.00682552433387517,0.007616586500301291,0.007814352041907823,0.0024268709333942727,0.08007141594974357,0.5836696625842523,0.682552433387517,0.7616586500301292,0.7814352041907824,0.24268709333942726,L01,conditional,run_8db4ad88c779d7e7f81be824
2023,BTCUSDT,futures,4,instrument-minute keys with executed fills and positive source volume,one per instrument-minute key,4,0.096,0.096,0,4,0,0,4,0,0,0,0,0.00014431221631271374,0.0006369263143821744,0.0007214642716633047,0.0007890946374882093,0.0008060022289444356,0.0002764500738424146,0.014431221631271375,0.06369263143821743,0.07214642716633048,0.07890946374882093,0.08060022289444356,0.02764500738424146,L01,conditional,run_8db4ad88c779d7e7f81be824
2023,ETHUSDT,spot,69,instrument-minute keys with executed fills and positive source volume,one per instrument-minute key,10,104.4860,6.5460,59,10,0,59,10,59,0,0,0,0.0007044070266128131,0.002409983043427392,0.005999856625513961,0.00887175549118323,0.009589730207600544,0.0016009941505650833,0.07044070266128132,0.2409983043427392,0.599985662551396,0.887175549118323,0.9589730207600543,0.16009941505650835,L01,conditional,run_8db4ad88c779d7e7f81be824
2023,ETHUSDT,futures,10,instrument-minute keys with executed fills and positive source volume,one per instrument-minute key,10,6.542,6.542,0,10,0,0,10,0,0,0,0,9.989331589872218e-05,0.00035153558041624094,0.0006841611513438038,0.0009502616080858552,0.0010167867222713677,0.0001895553896111663,0.009989331589872218,0.0351535580416241,0.06841611513438037,0.09502616080858553,0.10167867222713678,0.018955538961116628,L01,conditional,run_8db4ad88c779d7e7f81be824
2023,PORTFOLIO,ALL,87,instrument-minute keys with executed fills and positive source volume,one per instrument-minute key,28,,,59,28,0,59,28,59,0,0,0,0.00026562225578884103,0.0014525292803046843,0.005643610502721819,0.00911037810286351,0.009589730207600544,0.0010256706939539017,0.026562225578884102,0.14525292803046844,0.5643610502721821,0.911037810286351,0.9589730207600543,0.10256706939539018,L01,conditional,run_8db4ad88c779d7e7f81be824
2024,BTCUSDT,spot,20,instrument-minute keys with executed fills and positive source volume,one per instrument-minute key,20,0.41017,0.41017,0,20,0,0,20,0,0,0,0,0.00029960542902634097,0.002497497955658198,0.004146128253559907,0.008371870948922196,0.009428306622762778,0.0011098636571959441,0.029960542902634096,0.2497497955658198,0.41461282535599076,0.8371870948922197,0.9428306622762779,0.11098636571959442,L01,conditional,run_8db4ad88c779d7e7f81be824
2024,BTCUSDT,futures,20,instrument-minute keys with executed fills and positive source volume,one per instrument-minute key,20,0.410,0.410,0,20,0,0,20,0,0,0,0,3.802368932687062e-05,0.0002861676365842586,0.0004341897298531189,0.0007785520592224952,0.0008646426415648401,0.00011638512084264704,0.003802368932687062,0.02861676365842586,0.04341897298531189,0.07785520592224951,0.086464264156484,0.011638512084264701,L01,conditional,run_8db4ad88c779d7e7f81be824
2024,ETHUSDT,spot,22,instrument-minute keys with executed fills and positive source volume,one per instrument-minute key,22,8.0668,7.6256,1,21,1,0,21,1,0,0,0,0.0008578902485982403,0.0026667865680432778,0.006350424576216592,0.00927409956438506,0.009999903816250565,0.0016015926800327415,0.08578902485982404,0.2666786568043278,0.6350424576216592,0.9274099564385061,0.9999903816250565,0.16015926800327415,L01,conditional,run_8db4ad88c779d7e7f81be824
2024,ETHUSDT,futures,21,instrument-minute keys with executed fills and positive source volume,one per instrument-minute key,21,7.622,7.622,0,21,0,0,21,0,0,0,0,0.00010528882815856808,0.0006814202965616027,0.0015360384918265445,0.0022015342260671613,0.0023679081596273146,0.0003506835675313818,0.010528882815856807,0.06814202965616027,0.15360384918265443,0.2201534226067161,0.23679081596273144,0.035068356753138186,L01,conditional,run_8db4ad88c779d7e7f81be824
2024,PORTFOLIO,ALL,83,instrument-minute keys with executed fills and positive source volume,one per instrument-minute key,83,,,1,82,1,0,82,1,0,0,0,0.0001881052552057371,0.0018913750641344112,0.002666786568043277,0.009531194117590576,0.009999903816250565,0.0008087273426463993,0.018810525520573707,0.18913750641344113,0.2666786568043277,0.9531194117590576,0.9999903816250565,0.08087273426463994,L01,conditional,run_8db4ad88c779d7e7f81be824
2025,BTCUSDT,spot,0,instrument-minute keys with executed fills and positive source volume,one per instrument-minute key,0,0,0,0,0,0,0,0,0,0,0,0,,,,,,,,,,,,,L01,conditional,run_8db4ad88c779d7e7f81be824
2025,BTCUSDT,futures,0,instrument-minute keys with executed fills and positive source volume,one per instrument-minute key,0,0,0,0,0,0,0,0,0,0,0,0,,,,,,,,,,,,,L01,conditional,run_8db4ad88c779d7e7f81be824
2025,ETHUSDT,spot,12,instrument-minute keys with executed fills and positive source volume,one per instrument-minute key,12,3.6594,3.6594,0,12,0,0,12,0,0,0,0,0.0004619575374437524,0.0011001921404424232,0.001711377302504894,0.0023053598684713034,0.0024538555099629044,0.0006286588443595204,0.04619575374437524,0.11001921404424232,0.1711377302504894,0.2305359868471303,0.24538555099629042,0.06286588443595204,L01,conditional,run_8db4ad88c779d7e7f81be824
2025,ETHUSDT,futures,12,instrument-minute keys with executed fills and positive source volume,one per instrument-minute key,12,3.658,3.658,0,12,0,0,12,0,0,0,0,4.6724888010222886e-05,8.084975592013916e-05,0.00012885115236010904,0.00017405392557550496,0.00018535461887935387,5.522482197335347e-05,0.004672488801022288,0.008084975592013917,0.012885115236010903,0.017405392557550494,0.018535461887935385,0.005522482197335348,L01,conditional,run_8db4ad88c779d7e7f81be824
2025,PORTFOLIO,ALL,24,instrument-minute keys with executed fills and positive source volume,one per instrument-minute key,24,,,0,24,0,0,24,0,0,0,0,8.69700946325056e-05,0.0009548102453667228,0.0010983406442803727,0.0021433646232077363,0.0024538555099629044,0.00034194183316643684,0.008697009463250562,0.09548102453667229,0.10983406442803728,0.2143364623207736,0.24538555099629042,0.03419418331664369,L01,conditional,run_8db4ad88c779d7e7f81be824
2026,BTCUSDT,spot,0,instrument-minute keys with executed fills and positive source volume,one per instrument-minute key,0,0,0,0,0,0,0,0,0,0,0,0,,,,,,,,,,,,,L01,conditional,run_8db4ad88c779d7e7f81be824
2026,BTCUSDT,futures,0,instrument-minute keys with executed fills and positive source volume,one per instrument-minute key,0,0,0,0,0,0,0,0,0,0,0,0,,,,,,,,,,,,,L01,conditional,run_8db4ad88c779d7e7f81be824
2026,ETHUSDT,spot,0,instrument-minute keys with executed fills and positive source volume,one per instrument-minute key,0,0,0,0,0,0,0,0,0,0,0,0,,,,,,,,,,,,,L01,conditional,run_8db4ad88c779d7e7f81be824
2026,ETHUSDT,futures,0,instrument-minute keys with executed fills and positive source volume,one per instrument-minute key,0,0,0,0,0,0,0,0,0,0,0,0,,,,,,,,,,,,,L01,conditional,run_8db4ad88c779d7e7f81be824
2026,PORTFOLIO,ALL,0,instrument-minute keys with executed fills and positive source volume,one per instrument-minute key,0,,,0,0,0,0,0,0,0,0,0,,,,,,,,,,,,,L01,conditional,run_8db4ad88c779d7e7f81be824
full,BTCUSDT,spot,127,instrument-minute keys with executed fills and positive source volume,one per instrument-minute key,68,7.73773,1.42473,59,68,0,59,68,59,0,0,0,0.00027698984705010513,0.0015171635811203064,0.0017293939859156272,0.0026168053610067478,0.004102877393318464,0.0005151516881795713,0.027698984705010518,0.15171635811203066,0.1729393985915627,0.26168053610067477,0.41028773933184637,0.05151516881795711,L01,permanent,run_f5dfd5bbc3e6c8ac366067c9
full,BTCUSDT,futures,125,instrument-minute keys with executed fills and positive source volume,one per instrument-minute key,68,5.432,1.424,57,68,0,57,68,57,0,0,0,3.381052814910114e-05,0.00013257656680491282,0.000506102811956198,0.0014083119366078032,0.001470723412078316,0.0001096092662981831,0.0033810528149101136,0.013257656680491281,0.050610281195619805,0.1408311936607803,0.1470723412078316,0.01096092662981831,L01,permanent,run_f5dfd5bbc3e6c8ac366067c9
full,ETHUSDT,spot,145,instrument-minute keys with executed fills and positive source volume,one per instrument-minute key,86,132.3802,30.5268,60,84,2,59,84,61,0,0,0,0.00040904838869276316,0.0022186566691629545,0.00709364716887327,0.009999430295700596,0.00999963474989499,0.0011989220745456755,0.040904838869276317,0.22186566691629547,0.7093647168873269,0.9999430295700595,0.9999634749894991,0.11989220745456755,L01,permanent,run_f5dfd5bbc3e6c8ac366067c9
full,ETHUSDT,futures,106,instrument-minute keys with executed fills and positive source volume,one per instrument-minute key,83,58.031,28.323,23,83,0,23,83,23,0,0,0,4.555265701762517e-05,0.0002178716476180761,0.0007614979560933686,0.002458602178360304,0.00495658317228799,0.00019283034986771627,0.004555265701762517,0.02178716476180761,0.07614979560933686,0.24586021783603038,0.495658317228799,0.01928303498677163,L01,permanent,run_f5dfd5bbc3e6c8ac366067c9
full,PORTFOLIO,ALL,503,instrument-minute keys with executed fills and positive source volume,one per instrument-minute key,305,,,199,303,2,198,303,200,0,0,0,9.883093835215006e-05,0.0011269238803301683,0.0017901511645147404,0.009167244496298424,0.00999963474989499,0.000529822827391593,0.009883093835215007,0.11269238803301683,0.17901511645147405,0.9167244496298423,0.9999634749894991,0.0529822827391593,L01,permanent,run_f5dfd5bbc3e6c8ac366067c9
2022-2023,BTCUSDT,spot,92,instrument-minute keys with executed fills and positive source volume,one per instrument-minute key,33,7.20649,0.89349,59,33,0,59,33,59,0,0,0,0.00028067120335283584,0.0016045322136268966,0.001787945942681302,0.003363157835594622,0.004102877393318464,0.0005939744409526929,0.028067120335283583,0.16045322136268966,0.17879459426813019,0.3363157835594622,0.41028773933184637,0.05939744409526929,L01,permanent,run_f5dfd5bbc3e6c8ac366067c9
2022-2023,BTCUSDT,futures,69,instrument-minute keys with executed fills and positive source volume,one per instrument-minute key,33,3.893,0.893,36,33,0,36,33,36,0,0,0,5.7390867678180706e-05,0.00028584264559216915,0.0004410919588211412,0.0011278266922139697,0.0013775719561521778,0.00012468218948246052,0.005739086767818071,0.028584264559216914,0.04410919588211412,0.11278266922139696,0.13775719561521776,0.012468218948246049,L01,permanent,run_f5dfd5bbc3e6c8ac366067c9
2022-2023,ETHUSDT,spot,92,instrument-minute keys with executed fills and positive source volume,one per instrument-minute key,33,117.2178,15.3644,60,31,2,59,31,61,0,0,0,0.0005624682459012816,0.006697390967540357,0.008316553752258513,0.009999557778904159,0.00999963474989499,0.001885306871968027,0.05624682459012816,0.6697390967540356,0.8316553752258513,0.999955777890416,0.9999634749894991,0.18853068719680272,L01,permanent,run_f5dfd5bbc3e6c8ac366067c9
2022-2023,ETHUSDT,futures,32,instrument-minute keys with executed fills and positive source volume,one per instrument-minute key,30,15.030,13.168,2,30,0,2,30,2,0,0,0,4.9739672453294775e-05,0.000528507076504038,0.0007143375874711052,0.0010759337022125108,0.0011988615796412715,0.0001589295589585803,0.004973967245329477,0.052850707650403804,0.07143375874711051,0.10759337022125107,0.11988615796412713,0.015892955895858027,L01,permanent,run_f5dfd5bbc3e6c8ac366067c9
2022-2023,PORTFOLIO,ALL,285,instrument-minute keys with executed fills and positive source volume,one per instrument-minute key,129,,,157,127,2,156,127,158,0,0,0,0.00010120347151083649,0.0014067897388583166,0.0034342043639649018,0.009214068666013247,0.00999963474989499,0.0007030905608376927,0.010120347151083649,0.14067897388583164,0.3434204363964901,0.9214068666013248,0.9999634749894991,0.07030905608376928,L01,permanent,run_f5dfd5bbc3e6c8ac366067c9
2024+,BTCUSDT,spot,35,instrument-minute keys with executed fills and positive source volume,one per instrument-minute key,35,0.53124,0.53124,0,35,0,0,35,0,0,0,0,0.0002660855358563564,0.0010444628375102895,0.0015453754860180816,0.001794025414774869,0.0018848594346442661,0.0004408330927077708,0.026608553585635637,0.10444628375102896,0.15453754860180816,0.1794025414774869,0.18848594346442663,0.044083309270777075,L01,permanent,run_f5dfd5bbc3e6c8ac366067c9
2024+,BTCUSDT,futures,56,instrument-minute keys with executed fills and positive source volume,one per instrument-minute key,35,1.539,0.531,21,35,0,21,35,21,0,0,0,3.180813333969496e-05,9.465642822989796e-05,0.000324700128667403,0.0012049555538596918,0.001470723412078316,9.539765301015015e-05,0.003180813333969496,0.009465642822989796,0.0324700128667403,0.12049555538596918,0.1470723412078316,0.009539765301015017,L01,permanent,run_f5dfd5bbc3e6c8ac366067c9
2024+,ETHUSDT,spot,53,instrument-minute keys with executed fills and positive source volume,one per instrument-minute key,53,15.1624,15.1624,0,53,0,0,53,0,0,0,0,0.0003416452911603967,0.0010520758071709843,0.0015066954009989128,0.009304614830456864,0.009364392425027651,0.000771550408226098,0.03416452911603967,0.10520758071709845,0.15066954009989128,0.9304614830456864,0.9364392425027651,0.07715504082260982,L01,permanent,run_f5dfd5bbc3e6c8ac366067c9
2024+,ETHUSDT,futures,74,instrument-minute keys with executed fills and positive source volume,one per instrument-minute key,53,43.001,15.155,21,53,0,21,53,21,0,0,0,4.2953574966905515e-05,0.00019652213982258193,0.0006784192035318107,0.0033724976639436083,0.00495658317228799,0.00021201947679741598,0.004295357496690551,0.019652213982258193,0.06784192035318108,0.33724976639436083,0.495658317228799,0.021201947679741595,L01,permanent,run_f5dfd5bbc3e6c8ac366067c9
2024+,PORTFOLIO,ALL,218,instrument-minute keys with executed fills and positive source volume,one per instrument-minute key,176,,,42,176,0,42,176,42,0,0,0,9.862501647195536e-05,0.0008866631687839132,0.0013931334454185967,0.006029796257313874,0.009364392425027651,0.0004028254545816674,0.009862501647195536,0.08866631687839133,0.13931334454185967,0.6029796257313873,0.9364392425027651,0.040282545458166744,L01,permanent,run_f5dfd5bbc3e6c8ac366067c9
2022,BTCUSDT,spot,14,instrument-minute keys with executed fills and positive source volume,one per instrument-minute key,14,0.37927,0.37927,0,14,0,0,14,0,0,0,0,0.00027698984705010513,0.0017895998590563807,0.0026003220416919103,0.003802366322993152,0.004102877393318464,0.0007363815056477106,0.027698984705010518,0.17895998590563808,0.26003220416919104,0.38023663229931515,0.41028773933184637,0.07363815056477106,L01,permanent,run_f5dfd5bbc3e6c8ac366067c9
2022,BTCUSDT,futures,16,instrument-minute keys with executed fills and positive source volume,one per instrument-minute key,14,0.523,0.379,2,14,0,2,14,2,0,0,0,5.485785589664462e-05,0.00010848025355367036,0.0005583041181137624,0.0012137183885444938,0.0013775719561521778,0.00014815687085374573,0.005485785589664463,0.010848025355367035,0.05583041181137624,0.12137183885444937,0.13775719561521776,0.014815687085374573,L01,permanent,run_f5dfd5bbc3e6c8ac366067c9
2022,ETHUSDT,spot,12,instrument-minute keys with executed fills and positive source volume,one per instrument-minute key,12,4.7333,4.7333,0,12,0,0,12,0,0,0,0,0.0005162424227239865,0.002316699700384789,0.0045747542004933115,0.006670678928150745,0.007194660110065099,0.0012719089259931626,0.051624242272398646,0.2316699700384789,0.45747542004933106,0.6670678928150744,0.7194660110065099,0.1271908925993163,L01,permanent,run_f5dfd5bbc3e6c8ac366067c9
2022,ETHUSDT,futures,14,instrument-minute keys with executed fills and positive source volume,one per instrument-minute key,12,6.592,4.730,2,12,0,2,12,2,0,0,0,8.130407221765775e-05,0.0006151057599679145,0.0007008631964361728,0.0007601505169898766,0.0007749723471283024,0.00019030569039265796,0.008130407221765775,0.061510575996791446,0.07008631964361728,0.07601505169898766,0.07749723471283024,0.019030569039265793,L01,permanent,run_f5dfd5bbc3e6c8ac366067c9
2022,PORTFOLIO,ALL,56,instrument-minute keys with executed fills and positive source volume,one per instrument-minute key,52,,,4,52,0,4,52,4,0,0,0,0.00010378451937358965,0.001368439122980625,0.002079227245457862,0.0056178509245243214,0.007194660110065099,0.0005755790897625046,0.010378451937358965,0.13684391229806248,0.2079227245457862,0.5617850924524321,0.7194660110065099,0.05755790897625045,L01,permanent,run_f5dfd5bbc3e6c8ac366067c9
2023,BTCUSDT,spot,78,instrument-minute keys with executed fills and positive source volume,one per instrument-minute key,19,6.82722,0.51422,59,19,0,59,19,59,0,0,0,0.0003335597765760006,0.0013715084878474968,0.0015337697876758726,0.0016065539972254972,0.0016247500496129033,0.0004890429195984696,0.03335597765760006,0.13715084878474967,0.15337697876758724,0.16065539972254972,0.16247500496129033,0.04890429195984695,L01,permanent,run_f5dfd5bbc3e6c8ac366067c9
2023,BTCUSDT,futures,53,instrument-minute keys with executed fills and positive source volume,one per instrument-minute key,19,3.370,0.514,34,19,0,34,19,34,0,0,0,5.7390867678180706e-05,0.0003298255848268712,0.00036307893505907273,0.0005503101920880372,0.0005971180063452781,0.00010738505584046084,0.005739086767818071,0.03298255848268712,0.036307893505907275,0.05503101920880372,0.05971180063452781,0.010738505584046085,L01,permanent,run_f5dfd5bbc3e6c8ac366067c9
2023,ETHUSDT,spot,80,instrument-minute keys with executed fills and positive source volume,one per instrument-minute key,21,112.4845,10.6311,60,19,2,59,19,61,0,0,0,0.000738243794066087,0.0067906083452977835,0.009999394215548643,0.00999958664302572,0.00999963474989499,0.002235819983953664,0.0738243794066087,0.6790608345297783,0.9999394215548644,0.9999586643025722,0.9999634749894991,0.22358199839536638,L01,permanent,run_f5dfd5bbc3e6c8ac366067c9
2023,ETHUSDT,futures,18,instrument-minute keys with executed fills and positive source volume,one per instrument-minute key,18,8.438,8.438,0,18,0,0,18,0,0,0,0,4.744735315601693e-05,0.00024180775186281736,0.0006185087901708778,0.0010827910217471918,0.0011988615796412715,0.0001380121380025285,0.004744735315601693,0.024180775186281735,0.06185087901708777,0.10827910217471916,0.11988615796412713,0.013801213800252848,L01,permanent,run_f5dfd5bbc3e6c8ac366067c9
2023,PORTFOLIO,ALL,229,instrument-minute keys with executed fills and positive source volume,one per instrument-minute key,77,,,153,75,2,152,75,154,0,0,0,0.00010120347151083649,0.001409546583306341,0.005409631160360545,0.009999451943791766,0.00999963474989499,0.0007892022036417159,0.010120347151083649,0.1409546583306341,0.5409631160360545,0.9999451943791767,0.9999634749894991,0.07892022036417162,L01,permanent,run_f5dfd5bbc3e6c8ac366067c9
2024,BTCUSDT,spot,26,instrument-minute keys with executed fills and positive source volume,one per instrument-minute key,26,0.50923,0.50923,0,26,0,0,26,0,0,0,0,0.0003863773265229273,0.0013260186527934775,0.0015918701717263927,0.001818069714152063,0.0018848594346442661,0.0005358541016384404,0.038637732652292735,0.13260186527934775,0.15918701717263925,0.18180697141520633,0.18848594346442663,0.05358541016384403,L01,permanent,run_f5dfd5bbc3e6c8ac366067c9
2024,BTCUSDT,futures,47,instrument-minute keys with executed fills and positive source volume,one per instrument-minute key,26,1.517,0.509,21,26,0,21,26,21,0,0,0,3.2874849987851056e-05,0.00013411824378799345,0.0005589271293543362,0.001275305869270506,0.001470723412078316,0.0001216439329767226,0.0032874849987851056,0.013411824378799345,0.05589271293543362,0.1275305869270506,0.1470723412078316,0.012164393297672261,L01,permanent,run_f5dfd5bbc3e6c8ac366067c9
2024,ETHUSDT,spot,31,instrument-minute keys with executed fills and positive source volume,one per instrument-minute key,31,11.9128,11.9128,0,31,0,0,31,0,0,0,0,0.0005980568854761804,0.0012570452694914717,0.0055653030553258,0.009329905351236813,0.009364392425027651,0.0011348330681525854,0.05980568854761804,0.12570452694914716,0.55653030553258,0.9329905351236812,0.9364392425027651,0.11348330681525855,L01,permanent,run_f5dfd5bbc3e6c8ac366067c9
2024,ETHUSDT,futures,52,instrument-minute keys with executed fills and positive source volume,one per instrument-minute key,31,39.753,11.907,21,31,0,21,31,21,0,0,0,9.454463238607067e-05,0.00021918525708722718,0.0016387675051045209,0.004042687686704696,0.00495658317228799,0.00034277093214069834,0.009454463238607066,0.02191852570872272,0.16387675051045208,0.4042687686704696,0.495658317228799,0.03427709321406983,L01,permanent,run_f5dfd5bbc3e6c8ac366067c9
2024,PORTFOLIO,ALL,156,instrument-minute keys with executed fills and positive source volume,one per instrument-minute key,114,,,42,114,0,42,114,42,0,0,0,0.00015205071908849885,0.0011501667012870998,0.0017099150686300706,0.008691364708178084,0.009364392425027651,0.0005517602886761934,0.015205071908849885,0.11501667012870999,0.17099150686300704,0.8691364708178083,0.9364392425027651,0.05517602886761932,L01,permanent,run_f5dfd5bbc3e6c8ac366067c9
2025,BTCUSDT,spot,9,instrument-minute keys with executed fills and positive source volume,one per instrument-minute key,9,0.02201,0.02201,0,9,0,0,9,0,0,0,0,9.883093835215006e-05,0.00038868417707082754,0.0004560084848134709,0.0005098679310075856,0.0005233327925561143,0.0001663279557969474,0.009883093835215007,0.038868417707082756,0.04560084848134709,0.05098679310075857,0.05233327925561144,0.016632795579694735,L01,permanent,run_f5dfd5bbc3e6c8ac366067c9
2025,BTCUSDT,futures,9,instrument-minute keys with executed fills and positive source volume,one per instrument-minute key,9,0.022,0.022,0,9,0,0,9,0,0,0,0,1.3596193065941537e-05,3.383432264476862e-05,3.393882422537218e-05,3.4022425489855027e-05,3.404332580597574e-05,1.9575066440051945e-05,0.0013596193065941536,0.0033834322644768614,0.003393882422537218,0.0034022425489855027,0.003404332580597574,0.001957506644005194,L01,permanent,run_f5dfd5bbc3e6c8ac366067c9
2025,ETHUSDT,spot,21,instrument-minute keys with executed fills and positive source volume,one per instrument-minute key,21,3.2376,3.2376,0,21,0,0,21,0,0,0,0,0.00017731319843457776,0.0005774010793311292,0.0007685695504879406,0.0009008217085791585,0.0009338847481019627,0.0002712862973154419,0.017731319843457775,0.05774010793311292,0.07685695504879406,0.09008217085791584,0.09338847481019627,0.02712862973154419,L01,permanent,run_f5dfd5bbc3e6c8ac366067c9
2025,ETHUSDT,futures,21,instrument-minute keys with executed fills and positive source volume,one per instrument-minute key,21,3.236,3.236,0,21,0,0,21,0,0,0,0,2.6258224224058888e-05,5.796479697222445e-05,6.628877795713208e-05,9.18196949182239e-05,9.820242415849682e-05,2.893152662187326e-05,0.002625822422405889,0.005796479697222445,0.006628877795713207,0.00918196949182239,0.009820242415849683,0.0028931526621873266,L01,permanent,run_f5dfd5bbc3e6c8ac366067c9
2025,PORTFOLIO,ALL,60,instrument-minute keys with executed fills and positive source volume,one per instrument-minute key,60,,,0,60,0,0,60,0,0,0,0,3.934347877547002e-05,0.0003609944140967451,0.0005260362068948649,0.0008363487815096891,0.0009338847481019627,0.00013296169171361026,0.003934347877547002,0.036099441409674506,0.0526036206894865,0.08363487815096891,0.09338847481019627,0.013296169171361017,L01,permanent,run_f5dfd5bbc3e6c8ac366067c9
2026,BTCUSDT,spot,0,instrument-minute keys with executed fills and positive source volume,one per instrument-minute key,0,0,0,0,0,0,0,0,0,0,0,0,,,,,,,,,,,,,L01,permanent,run_f5dfd5bbc3e6c8ac366067c9
2026,BTCUSDT,futures,0,instrument-minute keys with executed fills and positive source volume,one per instrument-minute key,0,0,0,0,0,0,0,0,0,0,0,0,,,,,,,,,,,,,L01,permanent,run_f5dfd5bbc3e6c8ac366067c9
2026,ETHUSDT,spot,1,instrument-minute keys with executed fills and positive source volume,one per instrument-minute key,1,0.0120,0.0120,0,1,0,0,1,0,0,0,0,1.5334279628767315e-05,1.5334279628767315e-05,1.5334279628767315e-05,1.5334279628767315e-05,1.5334279628767315e-05,1.5334279628767315e-05,0.0015334279628767312,0.0015334279628767312,0.0015334279628767312,0.0015334279628767312,0.0015334279628767312,0.0015334279628767312,L01,permanent,run_f5dfd5bbc3e6c8ac366067c9
2026,ETHUSDT,futures,1,instrument-minute keys with executed fills and positive source volume,one per instrument-minute key,1,0.012,0.012,0,1,0,0,1,0,0,0,0,3.571314842057113e-06,3.571314842057113e-06,3.571314842057113e-06,3.571314842057113e-06,3.571314842057113e-06,3.571314842057113e-06,0.0003571314842057113,0.0003571314842057113,0.0003571314842057113,0.0003571314842057113,0.0003571314842057113,0.0003571314842057113,L01,permanent,run_f5dfd5bbc3e6c8ac366067c9
2026,PORTFOLIO,ALL,2,instrument-minute keys with executed fills and positive source volume,one per instrument-minute key,2,,,0,2,0,0,2,0,0,0,0,9.452797235412213e-06,1.4157983150096294e-05,1.4746131389431804e-05,1.5216649980900213e-05,1.5334279628767315e-05,9.452797235412213e-06,0.0009452797235412212,0.0014157983150096293,0.0014746131389431801,0.001521664998090021,0.0015334279628767312,0.0009452797235412212,L01,permanent,run_f5dfd5bbc3e6c8ac366067c9
full,BTCUSDT,spot,27,instrument-minute keys with executed fills and positive source volume,one per instrument-minute key,27,0.54608,0.51626,1,26,1,0,26,1,0,0,0,0.0004992546128629956,0.003027304599384044,0.004822270762260413,0.008797694275018048,0.009997451074796795,0.0012577633430137954,0.04992546128629956,0.3027304599384044,0.4822270762260413,0.8797694275018048,0.9997451074796794,0.1257763343013795,L05,conditional,run_6aace4d2a522105d78ad6551
full,BTCUSDT,futures,26,instrument-minute keys with executed fills and positive source volume,one per instrument-minute key,26,0.516,0.516,0,26,0,0,26,0,0,0,0,4.25175995782398e-05,0.00038166043631708503,0.001138443026284634,0.0029120618205750338,0.003421288970619681,0.000266826813227353,0.004251759957823981,0.0381660436317085,0.1138443026284634,0.29120618205750337,0.3421288970619681,0.0266826813227353,L05,conditional,run_6aace4d2a522105d78ad6551
full,ETHUSDT,spot,67,instrument-minute keys with executed fills and positive source volume,one per instrument-minute key,48,54.7033,22.2742,19,46,2,19,46,21,0,0,0,0.0004671483245474062,0.004082993673354833,0.006389049426403737,0.009999917056830536,0.00999999345978191,0.0013665917928939945,0.046714832454740625,0.4082993673354833,0.6389049426403737,0.9999917056830536,0.999999345978191,0.13665917928939944,L05,conditional,run_6aace4d2a522105d78ad6551
full,ETHUSDT,futures,44,instrument-minute keys with executed fills and positive source volume,one per instrument-minute key,44,17.554,17.554,0,44,0,0,44,0,0,0,0,5.6655463463671126e-05,0.00045790530402792305,0.0006695675387519875,0.001938291224170506,0.002738973319540346,0.0001813761191556999,0.0056655463463671125,0.0457905304027923,0.06695675387519874,0.19382912241705058,0.2738973319540346,0.01813761191556999,L05,conditional,run_6aace4d2a522105d78ad6551
full,PORTFOLIO,ALL,164,instrument-minute keys with executed fills and positive source volume,one per instrument-minute key,145,,,20,142,3,19,142,22,0,0,0,0.00021575431299436992,0.0018573121616042923,0.0035832967265538415,0.009998783777084694,0.00999999345978191,0.0007894762945313529,0.02157543129943699,0.18573121616042923,0.3583296726553841,0.9998783777084694,0.999999345978191,0.07894762945313528,L05,conditional,run_6aace4d2a522105d78ad6551
2022-2023,BTCUSDT,spot,4,instrument-minute keys with executed fills and positive source volume,one per instrument-minute key,4,0.09609,0.09609,0,4,0,0,4,0,0,0,0,0.0009045576218459377,0.002284994378326064,0.0024939516099326026,0.0026611173952178343,0.0027029088415391426,0.0012013399657572917,0.09045576218459378,0.2284994378326064,0.24939516099326028,0.26611173952178346,0.2702908841539143,0.12013399657572915,L05,conditional,run_6aace4d2a522105d78ad6551
2022-2023,BTCUSDT,futures,4,instrument-minute keys with executed fills and positive source volume,one per instrument-minute key,4,0.096,0.096,0,4,0,0,4,0,0,0,0,3.559184275940119e-05,0.0024105652715127783,0.0029159271210662282,0.00332021660070899,0.003421288970619681,0.0008774454149840197,0.003559184275940119,0.24105652715127784,0.2915927121066228,0.33202166007089895,0.3421288970619681,0.08774454149840195,L05,conditional,run_6aace4d2a522105d78ad6551
2022-2023,ETHUSDT,spot,31,instrument-minute keys with executed fills and positive source volume,one per instrument-minute key,12,41.6982,9.4502,19,11,1,19,11,20,0,0,0,0.000822736836180124,0.002618705814714623,0.006014267482440484,0.00920284826431363,0.00999999345978191,0.0016308343353587124,0.0822736836180124,0.26187058147146225,0.6014267482440484,0.920284826431363,0.999999345978191,0.1630834335358712,L05,conditional,run_6aace4d2a522105d78ad6551
2022-2023,ETHUSDT,futures,10,instrument-minute keys with executed fills and positive source volume,one per instrument-minute key,10,6.390,6.390,0,10,0,0,10,0,0,0,0,3.406789172320336e-05,0.0002496670377393821,0.0004022742990919373,0.000524360108173982,0.000554881560444493,0.00010308876947756397,0.0034067891723203363,0.024966703773938212,0.04022742990919372,0.052436010817398196,0.055488156044449295,0.010308876947756397,L05,conditional,run_6aace4d2a522105d78ad6551
2022-2023,PORTFOLIO,ALL,49,instrument-minute keys with executed fills and positive source volume,one per instrument-minute key,30,,,19,29,1,19,29,20,0,0,0,0.0003178761158387236,0.0027079398529377065,0.0031206574638269744,0.008092169157924869,0.00999999345978191,0.0009638680414015142,0.03178761158387236,0.2707939852937707,0.3120657463826974,0.8092169157924869,0.999999345978191,0.09638680414015142,L05,conditional,run_6aace4d2a522105d78ad6551
2024+,BTCUSDT,spot,23,instrument-minute keys with executed fills and positive source volume,one per instrument-minute key,23,0.44999,0.42017,1,22,1,0,22,1,0,0,0,0.00041573386380974357,0.003304839580915853,0.005196091484005847,0.00898227224421479,0.009997451074796795,0.0012675761042757958,0.04157338638097435,0.3304839580915853,0.5196091484005847,0.8982272244214788,0.9997451074796794,0.12675761042757958,L05,conditional,run_6aace4d2a522105d78ad6551
2024+,BTCUSDT,futures,22,instrument-minute keys with executed fills and positive source volume,one per instrument-minute key,22,0.420,0.420,0,22,0,0,22,0,0,0,0,4.25175995782398e-05,0.00035751393087961753,0.00039873393806544164,0.0011777930013496664,0.0013843803704410922,0.00015580524927159538,0.004251759957823981,0.03575139308796175,0.039873393806544165,0.11777930013496665,0.13843803704410923,0.015580524927159545,L05,conditional,run_6aace4d2a522105d78ad6551
2024+,ETHUSDT,spot,36,instrument-minute keys with executed fills and positive source volume,one per instrument-minute key,36,13.0051,12.8240,0,35,1,0,35,1,0,0,0,0.00038415978005628835,0.004404558556155074,0.006279508155571242,0.008769604398635842,0.009999830900310902,0.0012785109454057548,0.038415978005628834,0.44045585561550726,0.6279508155571243,0.8769604398635841,0.9999830900310902,0.12785109454057553,L05,conditional,run_6aace4d2a522105d78ad6551
2024+,ETHUSDT,futures,34,instrument-minute keys with executed fills and positive source volume,one per instrument-minute key,34,11.164,11.164,0,34,0,0,34,0,0,0,0,6.603507008064196e-05,0.0005048009086098551,0.0007476121598997607,0.002124496362628611,0.002738973319540346,0.00020440181023750458,0.006603507008064197,0.05048009086098551,0.07476121598997607,0.21244963626286112,0.2738973319540346,0.020440181023750455,L05,conditional,run_6aace4d2a522105d78ad6551
2024+,PORTFOLIO,ALL,115,instrument-minute keys with executed fills and positive source volume,one per instrument-minute key,115,,,1,113,2,0,113,2,0,0,0,0.00017387934311142726,0.001365498305392555,0.004082993673354822,0.009505693649698745,0.009999830900310902,0.0007439827953478325,0.017387934311142727,0.13654983053925548,0.4082993673354821,0.9505693649698744,0.9999830900310902,0.07439827953478326,L05,conditional,run_6aace4d2a522105d78ad6551
2022,BTCUSDT,spot,0,instrument-minute keys with executed fills and positive source volume,one per instrument-minute key,0,0,0,0,0,0,0,0,0,0,0,0,,,,,,,,,,,,,L05,conditional,run_6aace4d2a522105d78ad6551
2022,BTCUSDT,futures,0,instrument-minute keys with executed fills and positive source volume,one per instrument-minute key,0,0,0,0,0,0,0,0,0,0,0,0,,,,,,,,,,,,,L05,conditional,run_6aace4d2a522105d78ad6551
2022,ETHUSDT,spot,0,instrument-minute keys with executed fills and positive source volume,one per instrument-minute key,0,0,0,0,0,0,0,0,0,0,0,0,,,,,,,,,,,,,L05,conditional,run_6aace4d2a522105d78ad6551
2022,ETHUSDT,futures,0,instrument-minute keys with executed fills and positive source volume,one per instrument-minute key,0,0,0,0,0,0,0,0,0,0,0,0,,,,,,,,,,,,,L05,conditional,run_6aace4d2a522105d78ad6551
2022,PORTFOLIO,ALL,0,instrument-minute keys with executed fills and positive source volume,one per instrument-minute key,0,,,0,0,0,0,0,0,0,0,0,,,,,,,,,,,,,L05,conditional,run_6aace4d2a522105d78ad6551
2023,BTCUSDT,spot,4,instrument-minute keys with executed fills and positive source volume,one per instrument-minute key,4,0.09609,0.09609,0,4,0,0,4,0,0,0,0,0.0009045576218459377,0.002284994378326064,0.0024939516099326026,0.0026611173952178343,0.0027029088415391426,0.0012013399657572917,0.09045576218459378,0.2284994378326064,0.24939516099326028,0.26611173952178346,0.2702908841539143,0.12013399657572915,L05,conditional,run_6aace4d2a522105d78ad6551
2023,BTCUSDT,futures,4,instrument-minute keys with executed fills and positive source volume,one per instrument-minute key,4,0.096,0.096,0,4,0,0,4,0,0,0,0,3.559184275940119e-05,0.0024105652715127783,0.0029159271210662282,0.00332021660070899,0.003421288970619681,0.0008774454149840197,0.003559184275940119,0.24105652715127784,0.2915927121066228,0.33202166007089895,0.3421288970619681,0.08774454149840195,L05,conditional,run_6aace4d2a522105d78ad6551
2023,ETHUSDT,spot,31,instrument-minute keys with executed fills and positive source volume,one per instrument-minute key,12,41.6982,9.4502,19,11,1,19,11,20,0,0,0,0.000822736836180124,0.002618705814714623,0.006014267482440484,0.00920284826431363,0.00999999345978191,0.0016308343353587124,0.0822736836180124,0.26187058147146225,0.6014267482440484,0.920284826431363,0.999999345978191,0.1630834335358712,L05,conditional,run_6aace4d2a522105d78ad6551
2023,ETHUSDT,futures,10,instrument-minute keys with executed fills and positive source volume,one per instrument-minute key,10,6.390,6.390,0,10,0,0,10,0,0,0,0,3.406789172320336e-05,0.0002496670377393821,0.0004022742990919373,0.000524360108173982,0.000554881560444493,0.00010308876947756397,0.0034067891723203363,0.024966703773938212,0.04022742990919372,0.052436010817398196,0.055488156044449295,0.010308876947756397,L05,conditional,run_6aace4d2a522105d78ad6551
2023,PORTFOLIO,ALL,49,instrument-minute keys with executed fills and positive source volume,one per instrument-minute key,30,,,19,29,1,19,29,20,0,0,0,0.0003178761158387236,0.0027079398529377065,0.0031206574638269744,0.008092169157924869,0.00999999345978191,0.0009638680414015142,0.03178761158387236,0.2707939852937707,0.3120657463826974,0.8092169157924869,0.999999345978191,0.09638680414015142,L05,conditional,run_6aace4d2a522105d78ad6551
2024,BTCUSDT,spot,23,instrument-minute keys with executed fills and positive source volume,one per instrument-minute key,23,0.44999,0.42017,1,22,1,0,22,1,0,0,0,0.00041573386380974357,0.003304839580915853,0.005196091484005847,0.00898227224421479,0.009997451074796795,0.0012675761042757958,0.04157338638097435,0.3304839580915853,0.5196091484005847,0.8982272244214788,0.9997451074796794,0.12675761042757958,L05,conditional,run_6aace4d2a522105d78ad6551
2024,BTCUSDT,futures,22,instrument-minute keys with executed fills and positive source volume,one per instrument-minute key,22,0.420,0.420,0,22,0,0,22,0,0,0,0,4.25175995782398e-05,0.00035751393087961753,0.00039873393806544164,0.0011777930013496664,0.0013843803704410922,0.00015580524927159538,0.004251759957823981,0.03575139308796175,0.039873393806544165,0.11777930013496665,0.13843803704410923,0.015580524927159545,L05,conditional,run_6aace4d2a522105d78ad6551
2024,ETHUSDT,spot,24,instrument-minute keys with executed fills and positive source volume,one per instrument-minute key,24,9.3648,9.1837,0,23,1,0,23,1,0,0,0,0.00035133882971868306,0.00472612343895532,0.006060658746579144,0.009128410111338607,0.009999830900310902,0.0013811386504997078,0.035133882971868306,0.47261234389553186,0.6060658746579144,0.9128410111338607,0.9999830900310902,0.13811386504997078,L05,conditional,run_6aace4d2a522105d78ad6551
2024,ETHUSDT,futures,22,instrument-minute keys with executed fills and positive source volume,one per instrument-minute key,22,7.525,7.525,0,22,0,0,22,0,0,0,0,5.995720999488758e-05,0.0005828504903871701,0.0006751783925727122,0.0023061655245283173,0.002738973319540346,0.00023751804794432246,0.005995720999488757,0.058285049038717014,0.06751783925727121,0.23061655245283172,0.2738973319540346,0.023751804794432244,L05,conditional,run_6aace4d2a522105d78ad6551
2024,PORTFOLIO,ALL,91,instrument-minute keys with executed fills and positive source volume,one per instrument-minute key,91,,,1,89,2,0,89,2,0,0,0,0.0002257745081615227,0.0013843803704410922,0.004404558556155074,0.009997689057348205,0.009999830900310902,0.0007797218741657854,0.02257745081615227,0.13843803704410923,0.44045585561550726,0.9997689057348205,0.9999830900310902,0.07797218741657855,L05,conditional,run_6aace4d2a522105d78ad6551
2025,BTCUSDT,spot,0,instrument-minute keys with executed fills and positive source volume,one per instrument-minute key,0,0,0,0,0,0,0,0,0,0,0,0,,,,,,,,,,,,,L05,conditional,run_6aace4d2a522105d78ad6551
2025,BTCUSDT,futures,0,instrument-minute keys with executed fills and positive source volume,one per instrument-minute key,0,0,0,0,0,0,0,0,0,0,0,0,,,,,,,,,,,,,L05,conditional,run_6aace4d2a522105d78ad6551
2025,ETHUSDT,spot,12,instrument-minute keys with executed fills and positive source volume,one per instrument-minute key,12,3.6403,3.6403,0,12,0,0,12,0,0,0,0,0.0004869564690685887,0.002035735271447288,0.004104441498020744,0.006008806730309888,0.006484898038382171,0.0010732555352178498,0.048695646906858875,0.20357352714472882,0.41044414980207433,0.6008806730309888,0.6484898038382171,0.10732555352178497,L05,conditional,run_6aace4d2a522105d78ad6551
2025,ETHUSDT,futures,12,instrument-minute keys with executed fills and positive source volume,one per instrument-minute key,12,3.639,3.639,0,12,0,0,12,0,0,0,0,7.802520727674905e-05,0.0001482718952607349,0.00047722135565366386,0.0007969818190981905,0.0008769219349593216,0.00014368870777500513,0.007802520727674907,0.014827189526073493,0.047722135565366385,0.07969818190981906,0.08769219349593216,0.014368870777500514,L05,conditional,run_6aace4d2a522105d78ad6551
2025,PORTFOLIO,ALL,24,instrument-minute keys with executed fills and positive source volume,one per instrument-minute key,24,,,0,24,0,0,24,0,0,0,0,0.00013816569475833058,0.0009339116046650994,0.001975205288308411,0.005489434394231028,0.006484898038382171,0.0006084721214964275,0.013816569475833058,0.09339116046650994,0.19752052883084106,0.5489434394231028,0.6484898038382171,0.06084721214964275,L05,conditional,run_6aace4d2a522105d78ad6551
2026,BTCUSDT,spot,0,instrument-minute keys with executed fills and positive source volume,one per instrument-minute key,0,0,0,0,0,0,0,0,0,0,0,0,,,,,,,,,,,,,L05,conditional,run_6aace4d2a522105d78ad6551
2026,BTCUSDT,futures,0,instrument-minute keys with executed fills and positive source volume,one per instrument-minute key,0,0,0,0,0,0,0,0,0,0,0,0,,,,,,,,,,,,,L05,conditional,run_6aace4d2a522105d78ad6551
2026,ETHUSDT,spot,0,instrument-minute keys with executed fills and positive source volume,one per instrument-minute key,0,0,0,0,0,0,0,0,0,0,0,0,,,,,,,,,,,,,L05,conditional,run_6aace4d2a522105d78ad6551
2026,ETHUSDT,futures,0,instrument-minute keys with executed fills and positive source volume,one per instrument-minute key,0,0,0,0,0,0,0,0,0,0,0,0,,,,,,,,,,,,,L05,conditional,run_6aace4d2a522105d78ad6551
2026,PORTFOLIO,ALL,0,instrument-minute keys with executed fills and positive source volume,one per instrument-minute key,0,,,0,0,0,0,0,0,0,0,0,,,,,,,,,,,,,L05,conditional,run_6aace4d2a522105d78ad6551
full,BTCUSDT,spot,92,instrument-minute keys with executed fills and positive source volume,one per instrument-minute key,73,3.48575,1.45275,19,73,0,19,73,19,0,0,0,0.00020768160250447397,0.0024632300585695375,0.0033433245242922498,0.006746302305852289,0.009556960868160866,0.0007648784700021627,0.0207681602504474,0.24632300585695371,0.334332452429225,0.6746302305852289,0.9556960868160866,0.07648784700021626,L05,permanent,run_c89a516fe95ffc8c2b205f86
full,BTCUSDT,futures,91,instrument-minute keys with executed fills and positive source volume,one per instrument-minute key,73,2.733,1.452,18,73,0,18,73,18,0,0,0,3.0629747610879685e-05,0.0002674919085165287,0.000398697931605968,0.000897566020069013,0.001054369918699187,9.945344809444597e-05,0.0030629747610879687,0.026749190851652865,0.0398697931605968,0.0897566020069013,0.1054369918699187,0.009945344809444598,L05,permanent,run_c89a516fe95ffc8c2b205f86
full,ETHUSDT,spot,104,instrument-minute keys with executed fills and positive source volume,one per instrument-minute key,85,65.1890,30.8426,19,83,2,19,83,21,0,0,0,0.0004579711981526266,0.003075866160221397,0.007354886204274198,0.009999443902763605,0.00999981103909601,0.0012830915251278972,0.04579711981526265,0.30758661602213966,0.7354886204274198,0.9999443902763606,0.9999811039096012,0.1283091525127897,L05,permanent,run_c89a516fe95ffc8c2b205f86
full,ETHUSDT,futures,81,instrument-minute keys with executed fills and positive source volume,one per instrument-minute key,81,28.013,28.012,0,80,1,0,80,1,0,0,0,5.578025987755137e-05,0.00022958859677403597,0.0008298029545881808,0.0021108004517592913,0.0027832357335042133,0.0001775344104839196,0.005578025987755137,0.022958859677403597,0.08298029545881808,0.21108004517592913,0.27832357335042135,0.017753441048391966,L05,permanent,run_c89a516fe95ffc8c2b205f86
full,PORTFOLIO,ALL,368,instrument-minute keys with executed fills and positive source volume,one per instrument-minute key,312,,,56,309,3,56,309,59,0,0,0,0.00010195949544381769,0.0013164133036978462,0.002828099730164482,0.009433996140863057,0.00999981103909601,0.0005978823618785936,0.01019594954438177,0.13164133036978462,0.2828099730164482,0.9433996140863057,0.9999811039096012,0.05978823618785935,L05,permanent,run_c89a516fe95ffc8c2b205f86
2022-2023,BTCUSDT,spot,51,instrument-minute keys with executed fills and positive source volume,one per instrument-minute key,32,2.92849,0.89549,19,32,0,19,32,19,0,0,0,0.00021532943273297532,0.0030106809196460923,0.0034248880451776503,0.007802072362296429,0.009556960868160866,0.0010810114460629294,0.021532943273297533,0.30106809196460926,0.34248880451776503,0.7802072362296429,0.9556960868160866,0.10810114460629294,L05,permanent,run_c89a516fe95ffc8c2b205f86
2022-2023,BTCUSDT,futures,43,instrument-minute keys with executed fills and positive source volume,one per instrument-minute key,32,1.819,0.895,11,32,0,11,32,11,0,0,0,6.851366037055091e-05,0.0003653268756910385,0.0005478477849788628,0.0009376890973895406,0.001054369918699187,0.00014791295192537125,0.006851366037055093,0.036532687569103856,0.05478477849788628,0.09376890973895406,0.1054369918699187,0.014791295192537125,L05,permanent,run_c89a516fe95ffc8c2b205f86
2022-2023,ETHUSDT,spot,51,instrument-minute keys with executed fills and positive source volume,one per instrument-minute key,32,48.2348,14.2232,19,31,1,19,31,20,0,0,0,0.0005659991978707434,0.004699468630506141,0.005968096697253303,0.008879961262483874,0.00999981103909601,0.0014375848675587393,0.05659991978707435,0.4699468630506142,0.5968096697253302,0.8879961262483874,0.9999811039096012,0.14375848675587394,L05,permanent,run_c89a516fe95ffc8c2b205f86
2022-2023,ETHUSDT,futures,30,instrument-minute keys with executed fills and positive source volume,one per instrument-minute key,30,13.158,13.158,0,30,0,0,30,0,0,0,0,6.482682077273216e-05,0.0004086987577770863,0.0019367962700172557,0.002539477943871679,0.0027832357335042133,0.00028662648911331127,0.006482682077273216,0.04086987577770863,0.19367962700172556,0.2539477943871679,0.27832357335042135,0.028662648911331117,L05,permanent,run_c89a516fe95ffc8c2b205f86
2022-2023,PORTFOLIO,ALL,175,instrument-minute keys with executed fills and positive source volume,one per instrument-minute key,126,,,49,125,1,49,125,50,0,0,0,0.0001299611646652478,0.0020565964074967815,0.0030357748419762823,0.008764568752336473,0.00999981103909601,0.000745453104530989,0.01299611646652478,0.20565964074967813,0.3035774841976282,0.8764568752336473,0.9999811039096012,0.07454531045309891,L05,permanent,run_c89a516fe95ffc8c2b205f86
2024+,BTCUSDT,spot,41,instrument-minute keys with executed fills and positive source volume,one per instrument-minute key,41,0.55726,0.55726,0,41,0,0,41,0,0,0,0,0.00018214394350137732,0.0008682346044991918,0.0014751510800564492,0.004911640718408391,0.005653268420510058,0.0005181405374669302,0.01821439435013773,0.08682346044991918,0.1475151080056449,0.49116407184083916,0.5653268420510058,0.05181405374669301,L05,permanent,run_c89a516fe95ffc8c2b205f86
2024+,BTCUSDT,futures,48,instrument-minute keys with executed fills and positive source volume,one per instrument-minute key,41,0.914,0.557,7,41,0,7,41,7,0,0,0,1.722012983977899e-05,0.00012075763339190079,0.0002149151085321298,0.0006142064790994193,0.0008365867261572784,6.163139632396771e-05,0.0017220129839778991,0.012075763339190079,0.02149151085321298,0.06142064790994192,0.08365867261572783,0.006163139632396771,L05,permanent,run_c89a516fe95ffc8c2b205f86
2024+,ETHUSDT,spot,53,instrument-minute keys with executed fills and positive source volume,one per instrument-minute key,53,16.9542,16.6194,0,52,1,0,52,1,0,0,0,0.00041356309258127336,0.002249045750045577,0.007933695676839433,0.009968103690207427,0.009999373972033623,0.0011898125259243695,0.04135630925812734,0.22490457500455768,0.7933695676839434,0.9968103690207427,0.9999373972033624,0.11898125259243698,L05,permanent,run_c89a516fe95ffc8c2b205f86
2024+,ETHUSDT,futures,51,instrument-minute keys with executed fills and positive source volume,one per instrument-minute key,51,14.855,14.854,0,50,1,0,50,1,0,0,0,4.9771298981512055e-05,0.00018994598626863196,0.00048444633636429707,0.0009605116054928443,0.0010912202563975078,0.000113362599525454,0.004977129898151206,0.018994598626863198,0.0484446336364297,0.09605116054928442,0.10912202563975078,0.011336259952545402,L05,permanent,run_c89a516fe95ffc8c2b205f86
2024+,PORTFOLIO,ALL,193,instrument-minute keys with executed fills and positive source volume,one per instrument-minute key,186,,,7,184,2,7,184,9,0,0,0,0.000100438683244139,0.0008524106653282351,0.0014453418519880642,0.008664120576473307,0.009999373972033623,0.0004979150845979386,0.0100438683244139,0.08524106653282351,0.1445341851988064,0.8664120576473308,0.9999373972033624,0.049791508459793854,L05,permanent,run_c89a516fe95ffc8c2b205f86
2022,BTCUSDT,spot,14,instrument-minute keys with executed fills and positive source volume,one per instrument-minute key,14,0.38127,0.38127,0,14,0,0,14,0,0,0,0,0.0001838943205220349,0.002599026268981711,0.005311105103877452,0.008707789715304178,0.009556960868160866,0.0011792064992616799,0.01838943205220349,0.25990262689817106,0.5311105103877451,0.870778971530418,0.9556960868160866,0.11792064992616802,L05,permanent,run_c89a516fe95ffc8c2b205f86
2022,BTCUSDT,futures,14,instrument-minute keys with executed fills and positive source volume,one per instrument-minute key,14,0.381,0.381,0,14,0,0,14,0,0,0,0,6.68769514326475e-05,0.000282141726441396,0.0003330399237114593,0.0003628047834059621,0.00037024599832958784,0.00010054725346579008,0.00668769514326475,0.0282141726441396,0.033303992371145924,0.03628047834059621,0.037024599832958784,0.010054725346579007,L05,permanent,run_c89a516fe95ffc8c2b205f86
2022,ETHUSDT,spot,12,instrument-minute keys with executed fills and positive source volume,one per instrument-minute key,12,4.7083,4.7083,0,12,0,0,12,0,0,0,0,0.0006121454471190046,0.0021389761182692337,0.003452311209712897,0.004671754021155177,0.004976614724015744,0.001069263553381844,0.061214544711900465,0.21389761182692338,0.3452311209712897,0.46717540211551767,0.49766147240157443,0.1069263553381844,L05,permanent,run_c89a516fe95ffc8c2b205f86
2022,ETHUSDT,futures,12,instrument-minute keys with executed fills and positive source volume,one per instrument-minute key,12,4.705,4.705,0,12,0,0,12,0,0,0,0,8.519295489425157e-05,0.0017604951573758766,0.0019354861897270773,0.0019412505430038618,0.001942691631323058,0.0003873042331495346,0.008519295489425156,0.17604951573758768,0.19354861897270773,0.19412505430038615,0.19426916313230577,0.03873042331495346,L05,permanent,run_c89a516fe95ffc8c2b205f86
2022,PORTFOLIO,ALL,52,instrument-minute keys with executed fills and positive source volume,one per instrument-minute key,52,,,0,52,0,0,52,0,0,0,0,0.00011841519362463795,0.0018971696506167395,0.0025740283685358385,0.007220984334646863,0.009556960868160866,0.0006806801149338677,0.011841519362463795,0.18971696506167396,0.25740283685358384,0.7220984334646863,0.9556960868160866,0.06806801149338676,L05,permanent,run_c89a516fe95ffc8c2b205f86
2023,BTCUSDT,spot,37,instrument-minute keys with executed fills and positive source volume,one per instrument-minute key,18,2.54722,0.51422,19,18,0,19,18,19,0,0,0,0.00032413320803677574,0.0029298758817972092,0.0031679014130479963,0.0037504044458752106,0.0038960302040820156,0.0010046375157972346,0.03241332080367758,0.2929875881797209,0.3167901413047996,0.37504044458752106,0.38960302040820155,0.10046375157972344,L05,permanent,run_c89a516fe95ffc8c2b205f86
2023,BTCUSDT,futures,29,instrument-minute keys with executed fills and positive source volume,one per instrument-minute key,18,1.438,0.514,11,18,0,11,18,11,0,0,0,8.184230595637331e-05,0.0005123571338260887,0.0007344386344630578,0.0009903836618519605,0.001054369918699187,0.00018475293961615663,0.00818423059563733,0.05123571338260887,0.0734438634463058,0.09903836618519607,0.1054369918699187,0.018475293961615666,L05,permanent,run_c89a516fe95ffc8c2b205f86
2023,ETHUSDT,spot,39,instrument-minute keys with executed fills and positive source volume,one per instrument-minute key,20,43.5265,9.5149,19,19,1,19,19,20,0,0,0,0.000530996669838447,0.005701272156046946,0.006568013336574934,0.00931345149859179,0.00999981103909601,0.0016585776560648767,0.0530996669838447,0.5701272156046946,0.6568013336574933,0.931345149859179,0.9999811039096012,0.16585776560648763,L05,permanent,run_c89a516fe95ffc8c2b205f86
2023,ETHUSDT,futures,18,instrument-minute keys with executed fills and positive source volume,one per instrument-minute key,18,8.453,8.453,0,18,0,0,18,0,0,0,0,4.670739371733529e-05,0.00022717651668626007,0.0006212394974641983,0.0023508364862962067,0.0027832357335042133,0.00021950799308916223,0.0046707393717335295,0.022717651668626007,0.062123949746419826,0.2350836486296207,0.27832357335042135,0.021950799308916222,L05,permanent,run_c89a516fe95ffc8c2b205f86
2023,PORTFOLIO,ALL,123,instrument-minute keys with executed fills and positive source volume,one per instrument-minute key,74,,,49,73,1,49,73,50,0,0,0,0.0001323016851904943,0.002525535322533714,0.0033392258344677613,0.007362745436106113,0.00999981103909601,0.0007909692593830201,0.01323016851904943,0.2525535322533714,0.33392258344677617,0.7362745436106114,0.9999811039096012,0.07909692593830202,L05,permanent,run_c89a516fe95ffc8c2b205f86
2024,BTCUSDT,spot,32,instrument-minute keys with executed fills and positive source volume,one per instrument-minute key,32,0.53525,0.53525,0,32,0,0,32,0,0,0,0,0.00021081418199617267,0.0011076135519807646,0.0025209727183961935,0.005078506951381266,0.005653268420510058,0.0006089203037624666,0.021081418199617268,0.11076135519807646,0.2520972718396194,0.5078506951381266,0.5653268420510058,0.060892030376246666,L05,permanent,run_c89a516fe95ffc8c2b205f86
2024,BTCUSDT,futures,39,instrument-minute keys with executed fills and positive source volume,one per instrument-minute key,32,0.892,0.535,7,32,0,7,32,7,0,0,0,1.8633656643389724e-05,0.00018743057986609518,0.0002444895585233542,0.0006642420346874376,0.0008365867261572784,7.413326901233418e-05,0.0018633656643389724,0.018743057986609517,0.024448955852335422,0.06642420346874377,0.08365867261572783,0.007413326901233418,L05,permanent,run_c89a516fe95ffc8c2b205f86
2024,ETHUSDT,spot,31,instrument-minute keys with executed fills and positive source volume,one per instrument-minute key,31,13.6965,13.3617,0,30,1,0,30,1,0,0,0,0.0005244865718799369,0.007596759654126928,0.009189169262791876,0.009981333424826202,0.009999373972033623,0.0017968350778493907,0.05244865718799368,0.7596759654126928,0.9189169262791874,0.9981333424826203,0.9999373972033624,0.1796835077849391,L05,permanent,run_c89a516fe95ffc8c2b205f86
2024,ETHUSDT,futures,29,instrument-minute keys with executed fills and positive source volume,one per instrument-minute key,29,11.599,11.598,0,28,1,0,28,1,0,0,0,8.517834313275005e-05,0.00033153169261014007,0.0007936034031347316,0.001018023411890896,0.0010912202563975078,0.00017198104775461564,0.008517834313275005,0.033153169261014005,0.07936034031347315,0.1018023411890896,0.10912202563975078,0.01719810477546157,L05,permanent,run_c89a516fe95ffc8c2b205f86
2024,PORTFOLIO,ALL,131,instrument-minute keys with executed fills and positive source volume,one per instrument-minute key,124,,,7,122,2,7,122,9,0,0,0,0.0001348298714942015,0.0011213139258876874,0.0033993891517532723,0.009594206820809055,0.009999373972033623,0.0006657020332823275,0.013482987149420152,0.11213139258876874,0.3399389151753272,0.9594206820809056,0.9999373972033624,0.06657020332823274,L05,permanent,run_c89a516fe95ffc8c2b205f86
2025,BTCUSDT,spot,9,instrument-minute keys with executed fills and positive source volume,one per instrument-minute key,9,0.02201,0.02201,0,9,0,0,9,0,0,0,0,0.0001526043069513551,0.0004108574584667299,0.0004358442721442275,0.00045583372308622566,0.0004608310858217252,0.00019536803508280042,0.015260430695135508,0.04108574584667299,0.04358442721442275,0.04558337230862256,0.046083108582172516,0.01953680350828004,L05,permanent,run_c89a516fe95ffc8c2b205f86
2025,BTCUSDT,futures,9,instrument-minute keys with executed fills and positive source volume,one per instrument-minute key,9,0.022,0.022,0,9,0,0,9,0,0,0,0,1.3074459044257044e-05,4.134658806236163e-05,4.209941676001181e-05,4.270167971813195e-05,4.2852245457661984e-05,1.7180293431998048e-05,0.0013074459044257044,0.004134658806236164,0.004209941676001181,0.004270167971813195,0.0042852245457661985,0.0017180293431998048,L05,permanent,run_c89a516fe95ffc8c2b205f86
2025,ETHUSDT,spot,20,instrument-minute keys with executed fills and positive source volume,one per instrument-minute key,20,3.2397,3.2397,0,20,0,0,20,0,0,0,0,0.00019597060027591386,0.0006411407640906717,0.0009295421574333917,0.0018239762939254935,0.002047584828048521,0.0003578739414514067,0.019597060027591387,0.06411407640906717,0.09295421574333917,0.18239762939254936,0.20475848280485212,0.035787394145140664,L05,permanent,run_c89a516fe95ffc8c2b205f86
2025,ETHUSDT,futures,20,instrument-minute keys with executed fills and positive source volume,one per instrument-minute key,20,3.238,3.238,0,20,0,0,20,0,0,0,0,2.2958783177845272e-05,9.015000097445557e-05,0.0001368658893234234,0.00020144851426497448,0.0002175941705003624,3.940057733718119e-05,0.0022958783177845273,0.009015000097445556,0.01368658893234234,0.02014485142649745,0.021759417050036242,0.0039400577337181195,L05,permanent,run_c89a516fe95ffc8c2b205f86
2025,PORTFOLIO,ALL,58,instrument-minute keys with executed fills and positive source volume,one per instrument-minute key,58,,,0,58,0,0,58,0,0,0,0,4.191120958559927e-05,0.0004487695904810582,0.0006112203451281723,0.0013767592256794426,0.002047584828048521,0.00016997285055870594,0.004191120958559927,0.04487695904810582,0.061122034512817246,0.13767592256794425,0.20475848280485212,0.016997285055870594,L05,permanent,run_c89a516fe95ffc8c2b205f86
2026,BTCUSDT,spot,0,instrument-minute keys with executed fills and positive source volume,one per instrument-minute key,0,0,0,0,0,0,0,0,0,0,0,0,,,,,,,,,,,,,L05,permanent,run_c89a516fe95ffc8c2b205f86
2026,BTCUSDT,futures,0,instrument-minute keys with executed fills and positive source volume,one per instrument-minute key,0,0,0,0,0,0,0,0,0,0,0,0,,,,,,,,,,,,,L05,permanent,run_c89a516fe95ffc8c2b205f86
2026,ETHUSDT,spot,2,instrument-minute keys with executed fills and positive source volume,one per instrument-minute key,2,0.0180,0.0180,0,2,0,0,2,0,0,0,0,0.00010034881581617405,0.00010839878878367094,0.00010940503540460804,0.00011021003270135773,0.00011041128202554515,0.00010034881581617405,0.010034881581617406,0.010839878878367093,0.010940503540460805,0.011021003270135773,0.011041128202554516,0.010034881581617406,L05,permanent,run_c89a516fe95ffc8c2b205f86
2026,ETHUSDT,futures,2,instrument-minute keys with executed fills and positive source volume,one per instrument-minute key,2,0.018,0.018,0,2,0,0,2,0,0,0,0,3.0153220853381154e-06,3.3535517690453017e-06,3.3958304795087e-06,3.4296534478794186e-06,3.438109189972098e-06,3.0153220853381154e-06,0.0003015322085338115,0.00033535517690453016,0.00033958304795086996,0.00034296534478794183,0.0003438109189972098,0.0003015322085338115,L05,permanent,run_c89a516fe95ffc8c2b205f86
2026,PORTFOLIO,ALL,4,instrument-minute keys with executed fills and positive source volume,one per instrument-minute key,4,,,0,4,0,0,4,0,0,0,0,4.6862229398387526e-05,0.0001043738022999225,0.00010739254216273382,0.00010980753405298288,0.00011041128202554515,5.1682068950756086e-05,0.004686222939838752,0.01043738022999225,0.010739254216273381,0.010980753405298289,0.011041128202554516,0.005168206895075608,L05,permanent,run_c89a516fe95ffc8c2b205f86
full,BTCUSDT,spot,24,instrument-minute keys with executed fills and positive source volume,one per instrument-minute key,24,0.50426,0.50426,0,24,0,0,24,0,0,0,0,0.0002448284531450757,0.0019140342985292226,0.007139642595957795,0.00893819935998569,0.009222883392602183,0.0010625427409521055,0.024482845314507572,0.19140342985292227,0.7139642595957796,0.893819935998569,0.9222883392602184,0.10625427409521053,LC01,conditional,run_0ce7dbd6aa97e1cb2edb23e6
full,BTCUSDT,futures,24,instrument-minute keys with executed fills and positive source volume,one per instrument-minute key,24,0.504,0.504,0,24,0,0,24,0,0,0,0,6.790506435285041e-05,0.00027222658208818254,0.0006264559793695559,0.001124271102072142,0.00125501619125827,0.00014572978829224231,0.006790506435285042,0.027222658208818258,0.0626455979369556,0.1124271102072142,0.125501619125827,0.014572978829224231,LC01,conditional,run_0ce7dbd6aa97e1cb2edb23e6
full,ETHUSDT,spot,106,instrument-minute keys with executed fills and positive source volume,one per instrument-minute key,47,120.7594,21.0964,61,44,3,59,44,62,0,0,0,0.0006855288510293074,0.003858542755651422,0.008369248026838126,0.009999809840093608,0.009999907015451706,0.001674025836152508,0.06855288510293074,0.3858542755651422,0.8369248026838125,0.999980984009361,0.9999907015451708,0.16740258361525076,LC01,conditional,run_0ce7dbd6aa97e1cb2edb23e6
full,ETHUSDT,futures,43,instrument-minute keys with executed fills and positive source volume,one per instrument-minute key,43,17.648,17.648,0,43,0,0,43,0,0,0,0,6.819891634763545e-05,0.00041334869262440283,0.0008646693412144612,0.0018738296955724564,0.002066131720742722,0.0002071470839545151,0.006819891634763545,0.04133486926244028,0.08646693412144611,0.18738296955724565,0.2066131720742722,0.020714708395451514,LC01,conditional,run_0ce7dbd6aa97e1cb2edb23e6
full,PORTFOLIO,ALL,197,instrument-minute keys with executed fills and positive source volume,one per instrument-minute key,138,,,61,135,3,59,135,62,0,0,0,0.00018890430890171166,0.002150861957046757,0.003767022663822589,0.009999566726033322,0.009999907015451706,0.0008448194174715677,0.018890430890171166,0.2150861957046757,0.3767022663822589,0.9999566726033322,0.9999907015451708,0.08448194174715677,LC01,conditional,run_0ce7dbd6aa97e1cb2edb23e6
2022-2023,BTCUSDT,spot,4,instrument-minute keys with executed fills and positive source volume,one per instrument-minute key,4,0.09609,0.09609,0,4,0,0,4,0,0,0,0,0.0002632521605673095,0.00570114569523811,0.006843136212145158,0.007756728625670801,0.007985126729052213,0.002144002089206432,0.026325216056730952,0.570114569523811,0.6843136212145158,0.7756728625670801,0.7985126729052213,0.2144002089206432,LC01,conditional,run_0ce7dbd6aa97e1cb2edb23e6
2022-2023,BTCUSDT,futures,4,instrument-minute keys with executed fills and positive source volume,one per instrument-minute key,4,0.096,0.096,0,4,0,0,4,0,0,0,0,7.945818486777432e-05,0.0009218138742964936,0.0010884150327773812,0.001221695959562092,0.00125501619125827,0.0003549974712715246,0.007945818486777433,0.09218138742964935,0.10884150327773813,0.1221695959562092,0.125501619125827,0.03549974712715246,LC01,conditional,run_0ce7dbd6aa97e1cb2edb23e6
2022-2023,ETHUSDT,spot,72,instrument-minute keys with executed fills and positive source volume,one per instrument-minute key,13,109.2290,9.8204,60,11,2,59,11,61,0,0,0,0.0007378690192139587,0.00859525036205037,0.009999780264984623,0.00999988166535829,0.009999907015451706,0.0023759624004734167,0.07378690192139586,0.859525036205037,0.9999780264984623,0.9999881665358291,0.9999907015451708,0.23759624004734173,LC01,conditional,run_0ce7dbd6aa97e1cb2edb23e6
2022-2023,ETHUSDT,futures,10,instrument-minute keys with executed fills and positive source volume,one per instrument-minute key,10,6.377,6.377,0,10,0,0,10,0,0,0,0,8.193907927312846e-05,0.00036031785994099555,0.00037282929318714446,0.00038283843978406364,0.0003853407264332934,0.0001349962951969281,0.008193907927312845,0.03603178599409956,0.03728292931871445,0.03828384397840637,0.038534072643329344,0.01349962951969281,LC01,conditional,run_0ce7dbd6aa97e1cb2edb23e6
2022-2023,PORTFOLIO,ALL,90,instrument-minute keys with executed fills and positive source volume,one per instrument-minute key,31,,,60,29,2,59,29,61,0,0,0,0.00037185661633852975,0.0029774687515588894,0.008992411246862723,0.009999843640218165,0.009999907015451706,0.0013623700774205011,0.03718566163385298,0.29774687515588893,0.8992411246862724,0.9999843640218166,0.9999907015451708,0.13623700774205008,LC01,conditional,run_0ce7dbd6aa97e1cb2edb23e6
2024+,BTCUSDT,spot,20,instrument-minute keys with executed fills and positive source volume,one per instrument-minute key,20,0.40817,0.40817,0,20,0,0,20,0,0,0,0,0.0002448284531450757,0.0010449712120753252,0.002692281719298479,0.007916763057941433,0.009222883392602183,0.0008462508713012399,0.024482845314507572,0.10449712120753253,0.26922817192984794,0.7916763057941433,0.9222883392602184,0.084625087130124,LC01,conditional,run_0ce7dbd6aa97e1cb2edb23e6
2024+,BTCUSDT,futures,20,instrument-minute keys with executed fills and positive source volume,one per instrument-minute key,20,0.408,0.408,0,20,0,0,20,0,0,0,0,6.790506435285041e-05,0.00024493854787528083,0.00030590503332257043,0.0006104284320672069,0.0006865592817533667,0.00010387625169638585,0.006790506435285042,0.024493854787528087,0.030590503332257046,0.061042843206720696,0.06865592817533668,0.010387625169638587,LC01,conditional,run_0ce7dbd6aa97e1cb2edb23e6
2024+,ETHUSDT,spot,34,instrument-minute keys with executed fills and positive source volume,one per instrument-minute key,34,11.5304,11.2760,1,33,1,0,33,1,0,0,0,0.0006569604865889037,0.003591495475656409,0.004248813439603794,0.008206238128362735,0.009999347011592392,0.0014056383262651012,0.06569604865889037,0.3591495475656409,0.4248813439603794,0.8206238128362734,0.9999347011592392,0.14056383262651012,LC01,conditional,run_0ce7dbd6aa97e1cb2edb23e6
2024+,ETHUSDT,futures,33,instrument-minute keys with executed fills and positive source volume,one per instrument-minute key,33,11.271,11.271,0,33,0,0,33,0,0,0,0,5.8894005732935904e-05,0.00043060557783856685,0.0011908761764799422,0.0019196158920415677,0.002066131720742722,0.00022901095933560206,0.00588940057329359,0.04306055778385669,0.11908761764799422,0.1919615892041568,0.2066131720742722,0.02290109593356021,LC01,conditional,run_0ce7dbd6aa97e1cb2edb23e6
2024+,PORTFOLIO,ALL,107,instrument-minute keys with executed fills and positive source volume,one per instrument-minute key,107,,,1,106,1,0,106,1,0,0,0,0.0001553388406130292,0.0018929990511381504,0.0031184836627625064,0.008943451412790735,0.009999347011592392,0.0006948748337480452,0.01553388406130292,0.18929990511381503,0.3118483662762507,0.8943451412790737,0.9999347011592392,0.06948748337480451,LC01,conditional,run_0ce7dbd6aa97e1cb2edb23e6
2022,BTCUSDT,spot,0,instrument-minute keys with executed fills and positive source volume,one per instrument-minute key,0,0,0,0,0,0,0,0,0,0,0,0,,,,,,,,,,,,,LC01,conditional,run_0ce7dbd6aa97e1cb2edb23e6
2022,BTCUSDT,futures,0,instrument-minute keys with executed fills and positive source volume,one per instrument-minute key,0,0,0,0,0,0,0,0,0,0,0,0,,,,,,,,,,,,,LC01,conditional,run_0ce7dbd6aa97e1cb2edb23e6
2022,ETHUSDT,spot,0,instrument-minute keys with executed fills and positive source volume,one per instrument-minute key,0,0,0,0,0,0,0,0,0,0,0,0,,,,,,,,,,,,,LC01,conditional,run_0ce7dbd6aa97e1cb2edb23e6
2022,ETHUSDT,futures,0,instrument-minute keys with executed fills and positive source volume,one per instrument-minute key,0,0,0,0,0,0,0,0,0,0,0,0,,,,,,,,,,,,,LC01,conditional,run_0ce7dbd6aa97e1cb2edb23e6
2022,PORTFOLIO,ALL,0,instrument-minute keys with executed fills and positive source volume,one per instrument-minute key,0,,,0,0,0,0,0,0,0,0,0,,,,,,,,,,,,,LC01,conditional,run_0ce7dbd6aa97e1cb2edb23e6
2023,BTCUSDT,spot,4,instrument-minute keys with executed fills and positive source volume,one per instrument-minute key,4,0.09609,0.09609,0,4,0,0,4,0,0,0,0,0.0002632521605673095,0.00570114569523811,0.006843136212145158,0.007756728625670801,0.007985126729052213,0.002144002089206432,0.026325216056730952,0.570114569523811,0.6843136212145158,0.7756728625670801,0.7985126729052213,0.2144002089206432,LC01,conditional,run_0ce7dbd6aa97e1cb2edb23e6
2023,BTCUSDT,futures,4,instrument-minute keys with executed fills and positive source volume,one per instrument-minute key,4,0.096,0.096,0,4,0,0,4,0,0,0,0,7.945818486777432e-05,0.0009218138742964936,0.0010884150327773812,0.001221695959562092,0.00125501619125827,0.0003549974712715246,0.007945818486777433,0.09218138742964935,0.10884150327773813,0.1221695959562092,0.125501619125827,0.03549974712715246,LC01,conditional,run_0ce7dbd6aa97e1cb2edb23e6
2023,ETHUSDT,spot,72,instrument-minute keys with executed fills and positive source volume,one per instrument-minute key,13,109.2290,9.8204,60,11,2,59,11,61,0,0,0,0.0007378690192139587,0.00859525036205037,0.009999780264984623,0.00999988166535829,0.009999907015451706,0.0023759624004734167,0.07378690192139586,0.859525036205037,0.9999780264984623,0.9999881665358291,0.9999907015451708,0.23759624004734173,LC01,conditional,run_0ce7dbd6aa97e1cb2edb23e6
2023,ETHUSDT,futures,10,instrument-minute keys with executed fills and positive source volume,one per instrument-minute key,10,6.377,6.377,0,10,0,0,10,0,0,0,0,8.193907927312846e-05,0.00036031785994099555,0.00037282929318714446,0.00038283843978406364,0.0003853407264332934,0.0001349962951969281,0.008193907927312845,0.03603178599409956,0.03728292931871445,0.03828384397840637,0.038534072643329344,0.01349962951969281,LC01,conditional,run_0ce7dbd6aa97e1cb2edb23e6
2023,PORTFOLIO,ALL,90,instrument-minute keys with executed fills and positive source volume,one per instrument-minute key,31,,,60,29,2,59,29,61,0,0,0,0.00037185661633852975,0.0029774687515588894,0.008992411246862723,0.009999843640218165,0.009999907015451706,0.0013623700774205011,0.03718566163385298,0.29774687515588893,0.8992411246862724,0.9999843640218166,0.9999907015451708,0.13623700774205008,LC01,conditional,run_0ce7dbd6aa97e1cb2edb23e6
2024,BTCUSDT,spot,20,instrument-minute keys with executed fills and positive source volume,one per instrument-minute key,20,0.40817,0.40817,0,20,0,0,20,0,0,0,0,0.0002448284531450757,0.0010449712120753252,0.002692281719298479,0.007916763057941433,0.009222883392602183,0.0008462508713012399,0.024482845314507572,0.10449712120753253,0.26922817192984794,0.7916763057941433,0.9222883392602184,0.084625087130124,LC01,conditional,run_0ce7dbd6aa97e1cb2edb23e6
2024,BTCUSDT,futures,20,instrument-minute keys with executed fills and positive source volume,one per instrument-minute key,20,0.408,0.408,0,20,0,0,20,0,0,0,0,6.790506435285041e-05,0.00024493854787528083,0.00030590503332257043,0.0006104284320672069,0.0006865592817533667,0.00010387625169638585,0.006790506435285042,0.024493854787528087,0.030590503332257046,0.061042843206720696,0.06865592817533668,0.010387625169638587,LC01,conditional,run_0ce7dbd6aa97e1cb2edb23e6
2024,ETHUSDT,spot,22,instrument-minute keys with executed fills and positive source volume,one per instrument-minute key,22,7.8701,7.6157,1,21,1,0,21,1,0,0,0,0.0008335175356203196,0.004041582939309095,0.004541309091426366,0.008858277722264418,0.009999347011592392,0.0018557376512531984,0.08335175356203195,0.40415829393090946,0.45413090914263665,0.8858277722264417,0.9999347011592392,0.18557376512531978,LC01,conditional,run_0ce7dbd6aa97e1cb2edb23e6
2024,ETHUSDT,futures,21,instrument-minute keys with executed fills and positive source volume,one per instrument-minute key,21,7.612,7.612,0,21,0,0,21,0,0,0,0,9.877038033753704e-05,0.00043316930125516357,0.0009126137900988283,0.0018354281346139442,0.002066131720742722,0.00025669168461761203,0.009877038033753704,0.04331693012551636,0.09126137900988283,0.18354281346139442,0.2066131720742722,0.02566916846176121,LC01,conditional,run_0ce7dbd6aa97e1cb2edb23e6
2024,PORTFOLIO,ALL,83,instrument-minute keys with executed fills and positive source volume,one per instrument-minute key,83,,,1,82,1,0,82,1,0,0,0,0.0002001939078191136,0.002292079017553483,0.00367190556436899,0.009362646844020415,0.009999347011592392,0.0007857746525842498,0.02001939078191136,0.22920790175534828,0.36719055643689896,0.9362646844020416,0.9999347011592392,0.07857746525842497,LC01,conditional,run_0ce7dbd6aa97e1cb2edb23e6
2025,BTCUSDT,spot,0,instrument-minute keys with executed fills and positive source volume,one per instrument-minute key,0,0,0,0,0,0,0,0,0,0,0,0,,,,,,,,,,,,,LC01,conditional,run_0ce7dbd6aa97e1cb2edb23e6
2025,BTCUSDT,futures,0,instrument-minute keys with executed fills and positive source volume,one per instrument-minute key,0,0,0,0,0,0,0,0,0,0,0,0,,,,,,,,,,,,,LC01,conditional,run_0ce7dbd6aa97e1cb2edb23e6
2025,ETHUSDT,spot,12,instrument-minute keys with executed fills and positive source volume,one per instrument-minute key,12,3.6603,3.6603,0,12,0,0,12,0,0,0,0,0.0002998989163055842,0.001246909730979122,0.0015253854688593491,0.0017881809855817348,0.0018538798647623307,0.0005804562304535898,0.029989891630558423,0.12469097309791223,0.1525385468859349,0.17881809855817346,0.18538798647623306,0.058045623045358985,LC01,conditional,run_0ce7dbd6aa97e1cb2edb23e6
2025,ETHUSDT,futures,12,instrument-minute keys with executed fills and positive source volume,one per instrument-minute key,12,3.659,3.659,0,12,0,0,12,0,0,0,0,5.054739416635379e-05,0.00013249941204964653,0.0007995993199148925,0.0014465356688242717,0.0016082697560516153,0.0001805696900920847,0.00505473941663538,0.013249941204964652,0.07995993199148928,0.1446535668824272,0.16082697560516154,0.018056969009208473,LC01,conditional,run_0ce7dbd6aa97e1cb2edb23e6
2025,PORTFOLIO,ALL,24,instrument-minute keys with executed fills and positive source volume,one per instrument-minute key,24,,,0,24,0,0,24,0,0,0,0,0.00010544312717176803,0.0012274945394235455,0.0015555218916574087,0.001797389539758866,0.0018538798647623307,0.00038051296027283716,0.0105443127171768,0.12274945394235455,0.1555521891657409,0.1797389539758866,0.18538798647623306,0.03805129602728372,LC01,conditional,run_0ce7dbd6aa97e1cb2edb23e6
2026,BTCUSDT,spot,0,instrument-minute keys with executed fills and positive source volume,one per instrument-minute key,0,0,0,0,0,0,0,0,0,0,0,0,,,,,,,,,,,,,LC01,conditional,run_0ce7dbd6aa97e1cb2edb23e6
2026,BTCUSDT,futures,0,instrument-minute keys with executed fills and positive source volume,one per instrument-minute key,0,0,0,0,0,0,0,0,0,0,0,0,,,,,,,,,,,,,LC01,conditional,run_0ce7dbd6aa97e1cb2edb23e6
2026,ETHUSDT,spot,0,instrument-minute keys with executed fills and positive source volume,one per instrument-minute key,0,0,0,0,0,0,0,0,0,0,0,0,,,,,,,,,,,,,LC01,conditional,run_0ce7dbd6aa97e1cb2edb23e6
2026,ETHUSDT,futures,0,instrument-minute keys with executed fills and positive source volume,one per instrument-minute key,0,0,0,0,0,0,0,0,0,0,0,0,,,,,,,,,,,,,LC01,conditional,run_0ce7dbd6aa97e1cb2edb23e6
2026,PORTFOLIO,ALL,0,instrument-minute keys with executed fills and positive source volume,one per instrument-minute key,0,,,0,0,0,0,0,0,0,0,0,,,,,,,,,,,,,LC01,conditional,run_0ce7dbd6aa97e1cb2edb23e6
full,BTCUSDT,spot,135,instrument-minute keys with executed fills and positive source volume,one per instrument-minute key,76,7.84179,1.52879,59,76,0,59,76,59,0,0,0,0.0001730030819884756,0.0013807196884966161,0.0023155994899948487,0.0031903689936562648,0.0034560817797530804,0.0004918799913183011,0.01730030819884756,0.1380719688496616,0.23155994899948487,0.31903689936562646,0.345608177975308,0.04918799913183011,LC01,permanent,run_a776bbe88682a750aaa9ca64
full,BTCUSDT,futures,132,instrument-minute keys with executed fills and positive source volume,one per instrument-minute key,74,5.491,1.438,57,74,0,58,74,58,0,0,0,2.9431120227229278e-05,0.00014705797673848336,0.000313293824651127,0.0008926720444297783,0.001470723412078316,8.238827931539063e-05,0.002943112022722928,0.014705797673848336,0.031329382465112694,0.08926720444297784,0.1470723412078316,0.008238827931539062,LC01,permanent,run_a776bbe88682a750aaa9ca64
full,ETHUSDT,spot,157,instrument-minute keys with executed fills and positive source volume,one per instrument-minute key,98,137.3271,34.9481,61,95,3,59,95,62,0,0,0,0.0003832498792471804,0.002447013219072613,0.006858303934994168,0.009999642111562138,0.00999981103909601,0.0011834450311608256,0.03832498792471804,0.2447013219072613,0.6858303934994168,0.9999642111562138,0.9999811039096012,0.11834450311608256,LC01,permanent,run_a776bbe88682a750aaa9ca64
full,ETHUSDT,futures,117,instrument-minute keys with executed fills and positive source volume,one per instrument-minute key,94,60.932,32.505,23,93,1,23,93,24,0,0,0,4.810480630240078e-05,0.0003695000193014515,0.0006302747666799243,0.0016523663578802482,0.004728565394377306,0.00017711152229825814,0.004810480630240078,0.036950001930145145,0.06302747666799242,0.16523663578802483,0.4728565394377306,0.017711152229825822,LC01,permanent,run_a776bbe88682a750aaa9ca64
full,PORTFOLIO,ALL,541,instrument-minute keys with executed fills and positive source volume,one per instrument-minute key,342,,,200,338,4,199,338,203,0,0,0,0.00010341583091657276,0.0010305783249358635,0.0021290702733563456,0.008300104528404817,0.00999981103909601,0.0005149289712261023,0.010341583091657277,0.10305783249358634,0.21290702733563455,0.8300104528404817,0.9999811039096012,0.05149289712261022,LC01,permanent,run_a776bbe88682a750aaa9ca64
2022-2023,BTCUSDT,spot,92,instrument-minute keys with executed fills and positive source volume,one per instrument-minute key,33,7.20249,0.88949,59,33,0,59,33,59,0,0,0,0.0002493287654087255,0.0015271379051663887,0.0023406024066520577,0.0031311321136819805,0.0034560817797530804,0.0005653189158029622,0.024932876540872548,0.1527137905166389,0.23406024066520575,0.31311321136819803,0.345608177975308,0.056531891580296235,LC01,permanent,run_a776bbe88682a750aaa9ca64
2022-2023,BTCUSDT,futures,69,instrument-minute keys with executed fills and positive source volume,one per instrument-minute key,33,3.889,0.889,36,33,0,36,33,36,0,0,0,5.118231139318252e-05,0.00022389702484012575,0.00039253778730686736,0.0006138675368117718,0.0006788722235186795,9.72223027368328e-05,0.005118231139318251,0.022389702484012574,0.039253778730686736,0.061386753681177186,0.06788722235186796,0.00972223027368328,LC01,permanent,run_a776bbe88682a750aaa9ca64
2022-2023,ETHUSDT,spot,93,instrument-minute keys with executed fills and positive source volume,one per instrument-minute key,34,118.9685,16.6330,61,32,2,59,32,61,0,0,0,0.00041766405944476583,0.005053702659500537,0.007208601287737079,0.009999679147143498,0.00999981103909601,0.0014228959579868107,0.04176640594447658,0.5053702659500536,0.7208601287737079,0.9999679147143499,0.9999811039096012,0.14228959579868108,LC01,permanent,run_a776bbe88682a750aaa9ca64
2022-2023,ETHUSDT,futures,34,instrument-minute keys with executed fills and positive source volume,one per instrument-minute key,32,18.482,16.620,2,31,1,2,31,3,0,0,0,5.123774950991798e-05,0.0006067755380873101,0.0009492467396374276,0.0013938471348883287,0.0014208244949181284,0.00019622591276843507,0.005123774950991798,0.060677553808730994,0.09492467396374277,0.13938471348883288,0.14208244949181284,0.019622591276843508,LC01,permanent,run_a776bbe88682a750aaa9ca64
2022-2023,PORTFOLIO,ALL,288,instrument-minute keys with executed fills and positive source volume,one per instrument-minute key,132,,,158,129,3,156,129,159,0,0,0,0.00011625485985070262,0.0011320004338116294,0.002409039858599537,0.00866840963663506,0.00999981103909601,0.0005797087272117783,0.01162548598507026,0.11320004338116295,0.24090398585995368,0.8668409636635059,0.9999811039096012,0.05797087272117782,LC01,permanent,run_a776bbe88682a750aaa9ca64
2024+,BTCUSDT,spot,43,instrument-minute keys with executed fills and positive source volume,one per instrument-minute key,43,0.63930,0.63930,0,43,0,0,43,0,0,0,0,0.00015740685842669747,0.001053597584915695,0.0021085596742956903,0.0028420357042023632,0.003101798064957326,0.0004355198864812354,0.015740685842669747,0.1053597584915695,0.21085596742956902,0.28420357042023636,0.3101798064957326,0.043551988648123555,LC01,permanent,run_a776bbe88682a750aaa9ca64
2024+,BTCUSDT,futures,63,instrument-minute keys with executed fills and positive source volume,one per instrument-minute key,41,1.602,0.549,21,41,0,22,41,22,0,0,0,2.5292443882390135e-05,6.184395709442953e-05,0.00013511204364913786,0.0010026295652896741,0.001470723412078316,7.044869948837621e-05,0.002529244388239014,0.006184395709442954,0.013511204364913787,0.10026295652896741,0.1470723412078316,0.007044869948837621,LC01,permanent,run_a776bbe88682a750aaa9ca64
2024+,ETHUSDT,spot,64,instrument-minute keys with executed fills and positive source volume,one per instrument-minute key,64,18.3586,18.3151,0,63,1,0,63,1,0,0,0,0.00036298421156559697,0.0020166406681960017,0.006115743038290302,0.009258943801734528,0.009999636886999234,0.0010562367262845211,0.0362984211565597,0.2016640668196002,0.6115743038290302,0.9258943801734529,0.9999636886999235,0.10562367262845213,LC01,permanent,run_a776bbe88682a750aaa9ca64
2024+,ETHUSDT,futures,83,instrument-minute keys with executed fills and positive source volume,one per instrument-minute key,62,42.450,15.885,21,62,0,21,62,21,0,0,0,4.810480630240078e-05,0.00017847764784022184,0.00038773004589239473,0.0024534749756991185,0.004728565394377306,0.000167246030442683,0.004810480630240078,0.017847764784022186,0.038773004589239476,0.24534749756991187,0.4728565394377306,0.016724603044268302,LC01,permanent,run_a776bbe88682a750aaa9ca64
2024+,PORTFOLIO,ALL,253,instrument-minute keys with executed fills and positive source volume,one per instrument-minute key,210,,,42,209,1,43,209,44,0,0,0,0.000100515423374986,0.0009996243910473357,0.002011740677902427,0.007473454923493227,0.009999636886999234,0.0004742102674636774,0.0100515423374986,0.09996243910473358,0.20117406779024272,0.7473454923493227,0.9999636886999235,0.047421026746367737,LC01,permanent,run_a776bbe88682a750aaa9ca64
2022,BTCUSDT,spot,14,instrument-minute keys with executed fills and positive source volume,one per instrument-minute key,14,0.38227,0.38227,0,14,0,0,14,0,0,0,0,0.00015383532714051472,0.0017754967449411648,0.002332268101099655,0.0024189448788446465,0.0024406140732808946,0.0005183185150914293,0.01538353271405147,0.17754967449411646,0.2332268101099655,0.24189448788446463,0.24406140732808945,0.051831851509142914,LC01,permanent,run_a776bbe88682a750aaa9ca64
2022,BTCUSDT,futures,16,instrument-minute keys with executed fills and positive source volume,one per instrument-minute key,14,0.526,0.382,2,14,0,2,14,2,0,0,0,5.139513393277876e-05,0.0003568632619223714,0.0005468314536452733,0.0006524640695439981,0.0006788722235186795,0.000116276515211782,0.005139513393277876,0.03568632619223713,0.05468314536452733,0.06524640695439982,0.06788722235186796,0.011627651521178199,LC01,permanent,run_a776bbe88682a750aaa9ca64
2022,ETHUSDT,spot,12,instrument-minute keys with executed fills and positive source volume,one per instrument-minute key,12,4.7253,4.7253,0,12,0,0,12,0,0,0,0,0.0003731077679442102,0.001343347125482907,0.003221083930926511,0.005025896313836015,0.005477099409563387,0.0008687737389861888,0.03731077679442102,0.1343347125482907,0.32210839309265105,0.5025896313836014,0.5477099409563386,0.08687737389861887,LC01,permanent,run_a776bbe88682a750aaa9ca64
2022,ETHUSDT,futures,14,instrument-minute keys with executed fills and positive source volume,one per instrument-minute key,12,6.582,4.722,2,12,0,2,12,2,0,0,0,7.32547356782752e-05,0.00040291467631641356,0.000514540031261629,0.0006105973165628653,0.0006346116378881741,0.00015543081466266577,0.007325473567827521,0.040291467631641355,0.0514540031261629,0.061059731656286524,0.06346116378881742,0.01554308146626658,LC01,permanent,run_a776bbe88682a750aaa9ca64
2022,PORTFOLIO,ALL,56,instrument-minute keys with executed fills and positive source volume,one per instrument-minute key,52,,,4,52,0,4,52,4,0,0,0,8.676554966549488e-05,0.0006744461649556289,0.001779656779627761,0.0039284918880593215,0.005477099409563387,0.0004072074051544465,0.00867655496654949,0.0674446164955629,0.1779656779627761,0.3928491888059321,0.5477099409563386,0.040720740515444644,LC01,permanent,run_a776bbe88682a750aaa9ca64
2023,BTCUSDT,spot,78,instrument-minute keys with executed fills and positive source volume,one per instrument-minute key,19,6.82022,0.50722,59,19,0,59,19,59,0,0,0,0.00029399817844485244,0.0012343014718268436,0.001807883222626917,0.003126442068327849,0.0034560817797530804,0.0005999507900114604,0.029399817844485244,0.12343014718268436,0.1807883222626917,0.3126442068327849,0.345608177975308,0.05999507900114604,LC01,permanent,run_a776bbe88682a750aaa9ca64
2023,BTCUSDT,futures,53,instrument-minute keys with executed fills and positive source volume,one per instrument-minute key,19,3.363,0.507,34,19,0,34,19,34,0,0,0,5.094540108586483e-05,0.00017618629286263307,0.00024952800132986574,0.0003195652753100136,0.0003370745938050505,8.318235670265968e-05,0.005094540108586483,0.01761862928626331,0.024952800132986574,0.031956527531001366,0.03370745938050505,0.008318235670265968,LC01,permanent,run_a776bbe88682a750aaa9ca64
2023,ETHUSDT,spot,81,instrument-minute keys with executed fills and positive source volume,one per instrument-minute key,22,114.2432,11.9077,61,20,2,59,20,61,0,0,0,0.00044408157762113997,0.005541849350184466,0.009784733668145288,0.009999727107853502,0.00999981103909601,0.001725144441078059,0.044408157762114,0.5541849350184466,0.9784733668145287,0.9999727107853503,0.9999811039096012,0.17251444410780592,LC01,permanent,run_a776bbe88682a750aaa9ca64
2023,ETHUSDT,futures,20,instrument-minute keys with executed fills and positive source volume,one per instrument-minute key,20,11.900,11.898,0,19,1,0,19,1,0,0,0,3.994929955427251e-05,0.0006985256507919712,0.001338151939988097,0.001404289983932122,0.0014208244949181284,0.00022070297163189666,0.003994929955427251,0.06985256507919711,0.1338151939988097,0.1404289983932122,0.14208244949181284,0.022070297163189666,LC01,permanent,run_a776bbe88682a750aaa9ca64
2023,PORTFOLIO,ALL,232,instrument-minute keys with executed fills and positive source volume,one per instrument-minute key,80,,,154,77,3,152,77,155,0,0,0,0.00014445281600762805,0.0013425031270896783,0.003486566536233119,0.00999949529775515,0.00999981103909601,0.0006918345865490439,0.014445281600762805,0.13425031270896784,0.3486566536233119,0.9999495297755149,0.9999811039096012,0.06918345865490438,LC01,permanent,run_a776bbe88682a750aaa9ca64
2024,BTCUSDT,spot,33,instrument-minute keys with executed fills and positive source volume,one per instrument-minute key,33,0.61528,0.61528,0,33,0,0,33,0,0,0,0,0.0001631399879765829,0.0017266671412370122,0.0022733756553419042,0.002903883885334498,0.003101798064957326,0.0005052762002908476,0.01631399879765829,0.17266671412370121,0.22733756553419043,0.29038838853344984,0.3101798064957326,0.050527620029084765,LC01,permanent,run_a776bbe88682a750aaa9ca64
2024,BTCUSDT,futures,53,instrument-minute keys with executed fills and positive source volume,one per instrument-minute key,31,1.578,0.525,21,31,0,22,31,22,0,0,0,2.7218290691344584e-05,0.00012170780390438634,0.00021780041937792237,0.0011196530269868324,0.001470723412078316,8.691326021052645e-05,0.0027218290691344584,0.012170780390438635,0.02178004193779224,0.11196530269868324,0.1470723412078316,0.008691326021052647,LC01,permanent,run_a776bbe88682a750aaa9ca64
2024,ETHUSDT,spot,42,instrument-minute keys with executed fills and positive source volume,one per instrument-minute key,42,15.1079,15.0644,0,41,1,0,41,1,0,0,0,0.0007873542408228291,0.0025409577551499356,0.007505831291308967,0.0095175985299222,0.009999636886999234,0.0014402116956978052,0.0787354240822829,0.25409577551499357,0.7505831291308966,0.9517598529922201,0.9999636886999235,0.14402116956978053,LC01,permanent,run_a776bbe88682a750aaa9ca64
2024,ETHUSDT,futures,61,instrument-minute keys with executed fills and positive source volume,one per instrument-minute key,40,39.201,12.636,21,40,0,21,40,21,0,0,0,8.660003653787054e-05,0.0003553420021399833,0.0005551982849867943,0.0032739993889928875,0.004728565394377306,0.00024387652571822893,0.008660003653787055,0.03553420021399833,0.055519828498679424,0.32739993889928876,0.4728565394377306,0.024387652571822894,LC01,permanent,run_a776bbe88682a750aaa9ca64
2024,PORTFOLIO,ALL,189,instrument-minute keys with executed fills and positive source volume,one per instrument-minute key,146,,,42,145,1,43,145,44,0,0,0,0.0001278910385337569,0.0011678941323754726,0.002395841004346787,0.008248999255365798,0.009999636886999234,0.0006137834104394608,0.012789103853375693,0.11678941323754727,0.23958410043467873,0.8248999255365799,0.9999636886999235,0.06137834104394607,LC01,permanent,run_a776bbe88682a750aaa9ca64
2025,BTCUSDT,spot,10,instrument-minute keys with executed fills and positive source volume,one per instrument-minute key,10,0.02402,0.02402,0,10,0,0,10,0,0,0,0,8.731147734180217e-05,0.0005147797033849122,0.000569100833270337,0.0006125577371786769,0.0006234219631557619,0.00020532405090951532,0.008731147734180218,0.05147797033849122,0.0569100833270337,0.0612557737178677,0.0623421963155762,0.02053240509095153,LC01,permanent,run_a776bbe88682a750aaa9ca64
2025,BTCUSDT,futures,10,instrument-minute keys with executed fills and positive source volume,one per instrument-minute key,10,0.024,0.024,0,10,0,0,10,0,0,0,0,1.922796943903406e-05,3.738629624347876e-05,3.99367484871293e-05,4.197711028204974e-05,4.248720073077985e-05,1.940856124971041e-05,0.0019227969439034062,0.0037386296243478766,0.003993674848712931,0.004197711028204975,0.004248720073077986,0.0019408561249710406,LC01,permanent,run_a776bbe88682a750aaa9ca64
2025,ETHUSDT,spot,21,instrument-minute keys with executed fills and positive source volume,one per instrument-minute key,21,3.2386,3.2386,0,21,0,0,21,0,0,0,0,0.00020689119793299216,0.0007190383464182258,0.0007376210117472274,0.0017686767213759662,0.0020264406487831496,0.0003380840935795363,0.020689119793299217,0.07190383464182257,0.07376210117472273,0.1768676721375966,0.20264406487831496,0.03380840935795362,LC01,permanent,run_a776bbe88682a750aaa9ca64
2025,ETHUSDT,futures,21,instrument-minute keys with executed fills and positive source volume,one per instrument-minute key,21,3.237,3.237,0,21,0,0,21,0,0,0,0,2.2023505722615693e-05,6.371455877668048e-05,6.401762687274716e-05,0.00010613522209582554,0.00011666462090159508,2.9170339478586017e-05,0.0022023505722615693,0.0063714558776680474,0.006401762687274716,0.010613522209582553,0.011666462090159507,0.002917033947858602,LC01,permanent,run_a776bbe88682a750aaa9ca64
2025,PORTFOLIO,ALL,62,instrument-minute keys with executed fills and positive source volume,one per instrument-minute key,62,,,0,62,0,0,62,0,0,0,0,4.3236298789513114e-05,0.00039839281709208216,0.0006173862820573809,0.0012402606701912378,0.0020264406487831496,0.0001606398260614972,0.004323629878951312,0.03983928170920822,0.0617386282057381,0.12402606701912378,0.20264406487831496,0.016063982606149715,LC01,permanent,run_a776bbe88682a750aaa9ca64
2026,BTCUSDT,spot,0,instrument-minute keys with executed fills and positive source volume,one per instrument-minute key,0,0,0,0,0,0,0,0,0,0,0,0,,,,,,,,,,,,,LC01,permanent,run_a776bbe88682a750aaa9ca64
2026,BTCUSDT,futures,0,instrument-minute keys with executed fills and positive source volume,one per instrument-minute key,0,0,0,0,0,0,0,0,0,0,0,0,,,,,,,,,,,,,LC01,permanent,run_a776bbe88682a750aaa9ca64
2026,ETHUSDT,spot,1,instrument-minute keys with executed fills and positive source volume,one per instrument-minute key,1,0.0121,0.0121,0,1,0,0,1,0,0,0,0,1.0493297731279652e-05,1.0493297731279652e-05,1.0493297731279652e-05,1.0493297731279652e-05,1.0493297731279652e-05,1.0493297731279652e-05,0.0010493297731279654,0.0010493297731279654,0.0010493297731279654,0.0010493297731279654,0.0010493297731279654,0.0010493297731279654,LC01,permanent,run_a776bbe88682a750aaa9ca64
2026,ETHUSDT,futures,1,instrument-minute keys with executed fills and positive source volume,one per instrument-minute key,1,0.012,0.012,0,1,0,0,1,0,0,0,0,1.615729666883668e-06,1.615729666883668e-06,1.615729666883668e-06,1.615729666883668e-06,1.615729666883668e-06,1.615729666883668e-06,0.00016157296668836682,0.00016157296668836682,0.00016157296668836682,0.00016157296668836682,0.00016157296668836682,0.00016157296668836682,LC01,permanent,run_a776bbe88682a750aaa9ca64
2026,PORTFOLIO,ALL,2,instrument-minute keys with executed fills and positive source volume,one per instrument-minute key,2,,,0,2,0,0,2,0,0,0,0,6.05451369908166e-06,9.605540924840055e-06,1.0049419328059853e-05,1.0404522050635693e-05,1.0493297731279652e-05,6.05451369908166e-06,0.0006054513699081661,0.0009605540924840056,0.0010049419328059855,0.0010404522050635695,0.0010493297731279654,0.0006054513699081661,LC01,permanent,run_a776bbe88682a750aaa9ca64
full,BTCUSDT,spot,25,instrument-minute keys with executed fills and positive source volume,one per instrument-minute key,25,0.50226,0.50226,0,25,0,0,25,0,0,0,0,0.000259144563794913,0.001769190450786909,0.0068578145515929894,0.00859493768748165,0.008787509569090949,0.0010298666962939753,0.0259144563794913,0.17691904507869088,0.6857814551592989,0.8594937687481651,0.8787509569090949,0.10298666962939754,LC05,conditional,run_1aebb0ffdd49eb09f6c1784e
full,BTCUSDT,futures,25,instrument-minute keys with executed fills and positive source volume,one per instrument-minute key,25,0.502,0.502,0,25,0,0,25,0,0,0,0,5.315854017788915e-05,0.00026767857638603236,0.00048598263003858997,0.0010824548584161828,0.00125501619125827,0.00013382001924959868,0.0053158540177889145,0.026767857638603235,0.048598263003859,0.10824548584161829,0.125501619125827,0.013382001924959868,LC05,conditional,run_1aebb0ffdd49eb09f6c1784e
full,ETHUSDT,spot,64,instrument-minute keys with executed fills and positive source volume,one per instrument-minute key,45,53.0797,21.0424,19,44,1,19,44,20,0,0,0,0.0007386370872228519,0.0042053766870538255,0.007356363783908035,0.009355750059416409,0.009999907015451706,0.0017254305618478421,0.07386370872228519,0.4205376687053825,0.7356363783908035,0.935575005941641,0.9999907015451708,0.17254305618478424,LC05,conditional,run_1aebb0ffdd49eb09f6c1784e
full,ETHUSDT,futures,43,instrument-minute keys with executed fills and positive source volume,one per instrument-minute key,43,17.594,17.594,0,43,0,0,43,0,0,0,0,6.819891634763545e-05,0.00037970462351992804,0.0005314676251699906,0.0014116266205915194,0.0017754714110650989,0.00017664173710266423,0.006819891634763545,0.037970462351992806,0.05314676251699907,0.14116266205915196,0.1775471411065099,0.01766417371026642,LC05,conditional,run_1aebb0ffdd49eb09f6c1784e
full,PORTFOLIO,ALL,157,instrument-minute keys with executed fills and positive source volume,one per instrument-minute key,138,,,19,137,1,19,137,20,0,0,0,0.00018853900622652713,0.0024140085560978323,0.0038202135602388785,0.008694419183942016,0.009999907015451706,0.0008284937526605565,0.018853900622652714,0.24140085560978322,0.38202135602388787,0.8694419183942016,0.9999907015451708,0.08284937526605568,LC05,conditional,run_1aebb0ffdd49eb09f6c1784e
2022-2023,BTCUSDT,spot,4,instrument-minute keys with executed fills and positive source volume,one per instrument-minute key,4,0.09609,0.09609,0,4,0,0,4,0,0,0,0,0.0002632521605673095,0.00570114569523811,0.006843136212145158,0.007756728625670801,0.007985126729052213,0.002144002089206432,0.026325216056730952,0.570114569523811,0.6843136212145158,0.7756728625670801,0.7985126729052213,0.2144002089206432,LC05,conditional,run_1aebb0ffdd49eb09f6c1784e
2022-2023,BTCUSDT,futures,4,instrument-minute keys with executed fills and positive source volume,one per instrument-minute key,4,0.096,0.096,0,4,0,0,4,0,0,0,0,7.945818486777432e-05,0.0009218138742964936,0.0010884150327773812,0.001221695959562092,0.00125501619125827,0.0003549974712715246,0.007945818486777433,0.09218138742964935,0.10884150327773813,0.1221695959562092,0.125501619125827,0.03549974712715246,LC05,conditional,run_1aebb0ffdd49eb09f6c1784e
2022-2023,ETHUSDT,spot,31,instrument-minute keys with executed fills and positive source volume,one per instrument-minute key,12,41.8617,9.8244,19,11,1,19,11,20,0,0,0,0.0007382530532184053,0.007465557820383419,0.008880287067925645,0.009775983025946495,0.009999907015451706,0.002388918459794131,0.07382530532184053,0.7465557820383419,0.8880287067925645,0.9775983025946496,0.9999907015451708,0.23889184597941313,LC05,conditional,run_1aebb0ffdd49eb09f6c1784e
2022-2023,ETHUSDT,futures,10,instrument-minute keys with executed fills and positive source volume,one per instrument-minute key,10,6.381,6.381,0,10,0,0,10,0,0,0,0,8.324140588907945e-05,0.00035765848979803965,0.0003714996081156665,0.00038257250276976806,0.0003853407264332934,0.00014507051627309886,0.008324140588907944,0.03576584897980397,0.03714996081156666,0.03825725027697681,0.038534072643329344,0.014507051627309888,LC05,conditional,run_1aebb0ffdd49eb09f6c1784e
2022-2023,PORTFOLIO,ALL,49,instrument-minute keys with executed fills and positive source volume,one per instrument-minute key,30,,,19,29,1,19,29,20,0,0,0,0.00032265184959721536,0.0034761453147616216,0.007975725173592482,0.009415620732395855,0.009999907015451706,0.0013371241640724133,0.03226518495972154,0.34761453147616217,0.7975725173592482,0.9415620732395856,0.9999907015451708,0.13371241640724132,LC05,conditional,run_1aebb0ffdd49eb09f6c1784e
2024+,BTCUSDT,spot,21,instrument-minute keys with executed fills and positive source volume,one per instrument-minute key,21,0.40617,0.40617,0,21,0,0,21,0,0,0,0,0.000259144563794913,0.0009001273643330065,0.002348565841756174,0.0074997208236239985,0.008787509569090949,0.0008176504309773168,0.0259144563794913,0.09001273643330066,0.2348565841756174,0.7499720823623999,0.8787509569090949,0.0817650430977317,LC05,conditional,run_1aebb0ffdd49eb09f6c1784e
2024+,BTCUSDT,futures,21,instrument-minute keys with executed fills and positive source volume,one per instrument-minute key,21,0.406,0.406,0,21,0,0,21,0,0,0,0,5.315854017788915e-05,0.0002403905421731305,0.0002858705991946335,0.0004859826300385909,0.00053601063774958,9.169098076923182e-05,0.0053158540177889145,0.02403905421731305,0.02858705991946335,0.04859826300385908,0.053601063774958,0.009169098076923182,LC05,conditional,run_1aebb0ffdd49eb09f6c1784e
2024+,ETHUSDT,spot,33,instrument-minute keys with executed fills and positive source volume,one per instrument-minute key,33,11.2180,11.2180,0,33,0,0,33,0,0,0,0,0.0007398699473048182,0.0036129801988883086,0.004698598900611859,0.007380383518078846,0.008535913933553295,0.001484162235321919,0.07398699473048181,0.36129801988883087,0.469859890061186,0.7380383518078847,0.8535913933553295,0.1484162235321919,LC05,conditional,run_1aebb0ffdd49eb09f6c1784e
2024+,ETHUSDT,futures,33,instrument-minute keys with executed fills and positive source volume,one per instrument-minute key,33,11.213,11.213,0,33,0,0,33,0,0,0,0,5.8894005732935904e-05,0.00040636881130009714,0.000690070069058725,0.0014982563326090392,0.0017754714110650989,0.00018620877371768401,0.00588940057329359,0.04063688113000972,0.0690070069058725,0.14982563326090392,0.1775471411065099,0.018620877371768402,LC05,conditional,run_1aebb0ffdd49eb09f6c1784e
2024+,PORTFOLIO,ALL,108,instrument-minute keys with executed fills and positive source volume,one per instrument-minute key,108,,,0,108,0,0,108,0,0,0,0,0.00016411154874222903,0.001793260298107993,0.0032864082720485068,0.008283141655168233,0.008787509569090949,0.0006872075272683743,0.016411154874222903,0.17932602981079931,0.32864082720485066,0.8283141655168234,0.8787509569090949,0.06872075272683743,LC05,conditional,run_1aebb0ffdd49eb09f6c1784e
2022,BTCUSDT,spot,0,instrument-minute keys with executed fills and positive source volume,one per instrument-minute key,0,0,0,0,0,0,0,0,0,0,0,0,,,,,,,,,,,,,LC05,conditional,run_1aebb0ffdd49eb09f6c1784e
2022,BTCUSDT,futures,0,instrument-minute keys with executed fills and positive source volume,one per instrument-minute key,0,0,0,0,0,0,0,0,0,0,0,0,,,,,,,,,,,,,LC05,conditional,run_1aebb0ffdd49eb09f6c1784e
2022,ETHUSDT,spot,0,instrument-minute keys with executed fills and positive source volume,one per instrument-minute key,0,0,0,0,0,0,0,0,0,0,0,0,,,,,,,,,,,,,LC05,conditional,run_1aebb0ffdd49eb09f6c1784e
2022,ETHUSDT,futures,0,instrument-minute keys with executed fills and positive source volume,one per instrument-minute key,0,0,0,0,0,0,0,0,0,0,0,0,,,,,,,,,,,,,LC05,conditional,run_1aebb0ffdd49eb09f6c1784e
2022,PORTFOLIO,ALL,0,instrument-minute keys with executed fills and positive source volume,one per instrument-minute key,0,,,0,0,0,0,0,0,0,0,0,,,,,,,,,,,,,LC05,conditional,run_1aebb0ffdd49eb09f6c1784e
2023,BTCUSDT,spot,4,instrument-minute keys with executed fills and positive source volume,one per instrument-minute key,4,0.09609,0.09609,0,4,0,0,4,0,0,0,0,0.0002632521605673095,0.00570114569523811,0.006843136212145158,0.007756728625670801,0.007985126729052213,0.002144002089206432,0.026325216056730952,0.570114569523811,0.6843136212145158,0.7756728625670801,0.7985126729052213,0.2144002089206432,LC05,conditional,run_1aebb0ffdd49eb09f6c1784e
2023,BTCUSDT,futures,4,instrument-minute keys with executed fills and positive source volume,one per instrument-minute key,4,0.096,0.096,0,4,0,0,4,0,0,0,0,7.945818486777432e-05,0.0009218138742964936,0.0010884150327773812,0.001221695959562092,0.00125501619125827,0.0003549974712715246,0.007945818486777433,0.09218138742964935,0.10884150327773813,0.1221695959562092,0.125501619125827,0.03549974712715246,LC05,conditional,run_1aebb0ffdd49eb09f6c1784e
2023,ETHUSDT,spot,31,instrument-minute keys with executed fills and positive source volume,one per instrument-minute key,12,41.8617,9.8244,19,11,1,19,11,20,0,0,0,0.0007382530532184053,0.007465557820383419,0.008880287067925645,0.009775983025946495,0.009999907015451706,0.002388918459794131,0.07382530532184053,0.7465557820383419,0.8880287067925645,0.9775983025946496,0.9999907015451708,0.23889184597941313,LC05,conditional,run_1aebb0ffdd49eb09f6c1784e
2023,ETHUSDT,futures,10,instrument-minute keys with executed fills and positive source volume,one per instrument-minute key,10,6.381,6.381,0,10,0,0,10,0,0,0,0,8.324140588907945e-05,0.00035765848979803965,0.0003714996081156665,0.00038257250276976806,0.0003853407264332934,0.00014507051627309886,0.008324140588907944,0.03576584897980397,0.03714996081156666,0.03825725027697681,0.038534072643329344,0.014507051627309888,LC05,conditional,run_1aebb0ffdd49eb09f6c1784e
2023,PORTFOLIO,ALL,49,instrument-minute keys with executed fills and positive source volume,one per instrument-minute key,30,,,19,29,1,19,29,20,0,0,0,0.00032265184959721536,0.0034761453147616216,0.007975725173592482,0.009415620732395855,0.009999907015451706,0.0013371241640724133,0.03226518495972154,0.34761453147616217,0.7975725173592482,0.9415620732395856,0.9999907015451708,0.13371241640724132,LC05,conditional,run_1aebb0ffdd49eb09f6c1784e
2024,BTCUSDT,spot,21,instrument-minute keys with executed fills and positive source volume,one per instrument-minute key,21,0.40617,0.40617,0,21,0,0,21,0,0,0,0,0.000259144563794913,0.0009001273643330065,0.002348565841756174,0.0074997208236239985,0.008787509569090949,0.0008176504309773168,0.0259144563794913,0.09001273643330066,0.2348565841756174,0.7499720823623999,0.8787509569090949,0.0817650430977317,LC05,conditional,run_1aebb0ffdd49eb09f6c1784e
2024,BTCUSDT,futures,21,instrument-minute keys with executed fills and positive source volume,one per instrument-minute key,21,0.406,0.406,0,21,0,0,21,0,0,0,0,5.315854017788915e-05,0.0002403905421731305,0.0002858705991946335,0.0004859826300385909,0.00053601063774958,9.169098076923182e-05,0.0053158540177889145,0.02403905421731305,0.02858705991946335,0.04859826300385908,0.053601063774958,0.009169098076923182,LC05,conditional,run_1aebb0ffdd49eb09f6c1784e
2024,ETHUSDT,spot,21,instrument-minute keys with executed fills and positive source volume,one per instrument-minute key,21,7.5746,7.5746,0,21,0,0,21,0,0,0,0,0.000927165123935821,0.004547743910889335,0.004924881385195648,0.007813707423881768,0.008535913933553295,0.0018554268602727967,0.0927165123935821,0.4547743910889335,0.4924881385195648,0.7813707423881768,0.8535913933553295,0.18554268602727964,LC05,conditional,run_1aebb0ffdd49eb09f6c1784e
2024,ETHUSDT,futures,21,instrument-minute keys with executed fills and positive source volume,one per instrument-minute key,21,7.571,7.571,0,21,0,0,21,0,0,0,0,9.805465294378677e-05,0.0005440005878379337,0.0009091742908899131,0.0016022119870300624,0.0017754714110650989,0.00025043011649989773,0.009805465294378677,0.05440005878379337,0.09091742908899131,0.16022119870300625,0.1775471411065099,0.02504301164998977,LC05,conditional,run_1aebb0ffdd49eb09f6c1784e
2024,PORTFOLIO,ALL,84,instrument-minute keys with executed fills and positive source volume,one per instrument-minute key,84,,,0,84,0,0,84,0,0,0,0,0.00018853900622652713,0.002176637512548853,0.003632691611991368,0.008578685191594696,0.008787509569090949,0.000753799597129811,0.018853900622652714,0.2176637512548853,0.3632691611991368,0.8578685191594697,0.8787509569090949,0.07537995971298106,LC05,conditional,run_1aebb0ffdd49eb09f6c1784e
2025,BTCUSDT,spot,0,instrument-minute keys with executed fills and positive source volume,one per instrument-minute key,0,0,0,0,0,0,0,0,0,0,0,0,,,,,,,,,,,,,LC05,conditional,run_1aebb0ffdd49eb09f6c1784e
2025,BTCUSDT,futures,0,instrument-minute keys with executed fills and positive source volume,one per instrument-minute key,0,0,0,0,0,0,0,0,0,0,0,0,,,,,,,,,,,,,LC05,conditional,run_1aebb0ffdd49eb09f6c1784e
2025,ETHUSDT,spot,12,instrument-minute keys with executed fills and positive source volume,one per instrument-minute key,12,3.6434,3.6434,0,12,0,0,12,0,0,0,0,0.0003871676428846126,0.001775697301798171,0.002478654885862526,0.003108233466413542,0.003265628111551295,0.0008344491416578838,0.03871676428846126,0.1775697301798171,0.24786548858625257,0.31082334664135425,0.32656281115512953,0.08344491416578838,LC05,conditional,run_1aebb0ffdd49eb09f6c1784e
2025,ETHUSDT,futures,12,instrument-minute keys with executed fills and positive source volume,one per instrument-minute key,12,3.642,3.642,0,12,0,0,12,0,0,0,0,5.012870141608195e-05,0.00013117227862517126,0.00022395042573617282,0.0003094207389114274,0.00033078831720524085,7.382142384881005e-05,0.005012870141608196,0.013117227862517126,0.022395042573617283,0.03094207389114274,0.03307883172052409,0.007382142384881006,LC05,conditional,run_1aebb0ffdd49eb09f6c1784e
2025,PORTFOLIO,ALL,24,instrument-minute keys with executed fills and positive source volume,one per instrument-minute key,24,,,0,24,0,0,24,0,0,0,0,0.00010525191116622128,0.00121693921250442,0.001746162102093215,0.002936530217172355,0.003265628111551295,0.0004541352827533469,0.010525191116622128,0.121693921250442,0.1746162102093215,0.2936530217172355,0.32656281115512953,0.04541352827533469,LC05,conditional,run_1aebb0ffdd49eb09f6c1784e
2026,BTCUSDT,spot,0,instrument-minute keys with executed fills and positive source volume,one per instrument-minute key,0,0,0,0,0,0,0,0,0,0,0,0,,,,,,,,,,,,,LC05,conditional,run_1aebb0ffdd49eb09f6c1784e
2026,BTCUSDT,futures,0,instrument-minute keys with executed fills and positive source volume,one per instrument-minute key,0,0,0,0,0,0,0,0,0,0,0,0,,,,,,,,,,,,,LC05,conditional,run_1aebb0ffdd49eb09f6c1784e
2026,ETHUSDT,spot,0,instrument-minute keys with executed fills and positive source volume,one per instrument-minute key,0,0,0,0,0,0,0,0,0,0,0,0,,,,,,,,,,,,,LC05,conditional,run_1aebb0ffdd49eb09f6c1784e
2026,ETHUSDT,futures,0,instrument-minute keys with executed fills and positive source volume,one per instrument-minute key,0,0,0,0,0,0,0,0,0,0,0,0,,,,,,,,,,,,,LC05,conditional,run_1aebb0ffdd49eb09f6c1784e
2026,PORTFOLIO,ALL,0,instrument-minute keys with executed fills and positive source volume,one per instrument-minute key,0,,,0,0,0,0,0,0,0,0,0,,,,,,,,,,,,,LC05,conditional,run_1aebb0ffdd49eb09f6c1784e
full,BTCUSDT,spot,98,instrument-minute keys with executed fills and positive source volume,one per instrument-minute key,79,3.57979,1.54679,19,79,0,19,79,19,0,0,0,0.00022426286690826412,0.001626472596408417,0.0027201722036820967,0.00451023878444058,0.005320723219303584,0.000584873109972925,0.02242628669082641,0.1626472596408417,0.2720172203682097,0.451023878444058,0.5320723219303584,0.05848731099729251,LC05,permanent,run_60bc48530980377859d86882
full,BTCUSDT,futures,96,instrument-minute keys with executed fills and positive source volume,one per instrument-minute key,77,2.761,1.456,18,77,0,19,77,19,0,0,0,2.7198025423354265e-05,0.00013955396094672033,0.00032866620238947386,0.0007049130680179576,0.0007873757422656737,7.372738015726948e-05,0.0027198025423354265,0.013955396094672034,0.03286662023894739,0.07049130680179576,0.07873757422656737,0.007372738015726949,LC05,permanent,run_60bc48530980377859d86882
full,ETHUSDT,spot,109,instrument-minute keys with executed fills and positive source volume,one per instrument-minute key,90,68.7949,35.6214,19,87,3,19,87,22,0,0,0,0.00039802028654822597,0.004150056988281945,0.006276870367773056,0.009999658185677517,0.009999830511347266,0.0012496581495919311,0.0398020286548226,0.4150056988281945,0.6276870367773056,0.9999658185677518,0.9999830511347265,0.12496581495919315,LC05,permanent,run_60bc48530980377859d86882
full,ETHUSDT,futures,86,instrument-minute keys with executed fills and positive source volume,one per instrument-minute key,86,31.705,31.701,0,84,2,0,84,2,0,0,0,5.1979524495568035e-05,0.00030833572204735124,0.0006326176903299686,0.001477792643389723,0.0017461191645626827,0.00014291571075201385,0.005197952449556804,0.03083357220473512,0.06326176903299686,0.1477792643389723,0.17461191645626828,0.014291571075201388,LC05,permanent,run_60bc48530980377859d86882
full,PORTFOLIO,ALL,389,instrument-minute keys with executed fills and positive source volume,one per instrument-minute key,332,,,56,327,5,57,327,62,0,0,0,0.000106477865851615,0.0010098014116677436,0.0023208049071455944,0.008909888094487159,0.009999830511347266,0.0005320541221322826,0.010647786585161502,0.10098014116677435,0.23208049071455944,0.8909888094487158,0.9999830511347265,0.05320541221322826,LC05,permanent,run_60bc48530980377859d86882
2022-2023,BTCUSDT,spot,52,instrument-minute keys with executed fills and positive source volume,one per instrument-minute key,33,2.92849,0.89549,19,33,0,19,33,19,0,0,0,0.0003139926970942462,0.0020670099843882648,0.0025354455682157144,0.003183282520424669,0.003421207089745481,0.0006340472420856111,0.03139926970942462,0.20670099843882644,0.2535445568215714,0.3183282520424669,0.3421207089745481,0.06340472420856111,LC05,permanent,run_60bc48530980377859d86882
2022-2023,BTCUSDT,futures,44,instrument-minute keys with executed fills and positive source volume,one per instrument-minute key,33,1.819,0.895,11,33,0,11,33,11,0,0,0,5.095522855239835e-05,0.00022195924219636044,0.00045511852993616105,0.0006138675368117718,0.0006788722235186795,0.00010211521816466166,0.0050955228552398354,0.022195924219636044,0.045511852993616105,0.061386753681177186,0.06788722235186796,0.010211521816466167,LC05,permanent,run_60bc48530980377859d86882
2022-2023,ETHUSDT,spot,51,instrument-minute keys with executed fills and positive source volume,one per instrument-minute key,32,49.4421,16.7811,19,32,0,19,32,19,0,0,0,0.0004381129238012459,0.003924211944093691,0.005200022941701148,0.005663747882131464,0.005747604442270743,0.001086103728481301,0.043811292380124586,0.392421194409369,0.5200022941701148,0.5663747882131464,0.5747604442270744,0.10861037284813012,LC05,permanent,run_60bc48530980377859d86882
2022-2023,ETHUSDT,futures,32,instrument-minute keys with executed fills and positive source volume,one per instrument-minute key,32,16.769,16.766,0,31,1,0,31,1,0,0,0,5.6403682045075564e-05,0.0006056243808557051,0.0009927348078001344,0.001648258903899603,0.0017461191645626827,0.00021624216649617542,0.0056403682045075565,0.060562438085570505,0.09927348078001344,0.16482589038996032,0.17461191645626828,0.021624216649617542,LC05,permanent,run_60bc48530980377859d86882
2022-2023,PORTFOLIO,ALL,179,instrument-minute keys with executed fills and positive source volume,one per instrument-minute key,130,,,49,129,1,49,129,50,0,0,0,0.00013355933588604646,0.0012200270872748872,0.0024124822682220293,0.005331004544690567,0.005747604442270743,0.0005074494602118326,0.013355933588604645,0.12200270872748872,0.2412482268222029,0.5331004544690567,0.5747604442270744,0.05074494602118327,LC05,permanent,run_60bc48530980377859d86882
2024+,BTCUSDT,spot,46,instrument-minute keys with executed fills and positive source volume,one per instrument-minute key,46,0.65130,0.65130,0,46,0,0,46,0,0,0,0,0.00016740475246473135,0.001296696040179979,0.002860218870064415,0.0048531360453441565,0.005320723219303584,0.0005495960151964328,0.016740475246473135,0.1296696040179979,0.2860218870064415,0.48531360453441563,0.5320723219303584,0.054959601519643284,LC05,permanent,run_60bc48530980377859d86882
2024+,BTCUSDT,futures,52,instrument-minute keys with executed fills and positive source volume,one per instrument-minute key,44,0.942,0.561,7,44,0,8,44,8,0,0,0,1.9725385352180062e-05,0.00010374864986139947,0.0001298829751028036,0.0005780143549873181,0.0007873757422656737,5.243650165172536e-05,0.0019725385352180064,0.010374864986139948,0.012988297510280362,0.057801435498731804,0.07873757422656737,0.005243650165172535,LC05,permanent,run_60bc48530980377859d86882
2024+,ETHUSDT,spot,58,instrument-minute keys with executed fills and positive source volume,one per instrument-minute key,58,19.3528,18.8403,0,55,3,0,55,3,0,0,0,0.00036736324425663553,0.0027984076800102405,0.00991339035405216,0.009999720145468887,0.009999830511347266,0.001339895071584003,0.036736324425663554,0.27984076800102403,0.991339035405216,0.9999720145468888,0.9999830511347265,0.13398950715840027,LC05,permanent,run_60bc48530980377859d86882
2024+,ETHUSDT,futures,54,instrument-minute keys with executed fills and positive source volume,one per instrument-minute key,54,14.936,14.935,0,53,1,0,53,1,0,0,0,4.815603942022879e-05,0.00022085161285137175,0.0002946277049185178,0.000827847961231033,0.0009949037218370954,9.946299623695517e-05,0.004815603942022879,0.022085161285137173,0.029462770491851777,0.08278479612310329,0.09949037218370953,0.009946299623695518,LC05,permanent,run_60bc48530980377859d86882
2024+,PORTFOLIO,ALL,210,instrument-minute keys with executed fills and positive source volume,one per instrument-minute key,202,,,7,198,4,8,198,12,0,0,0,9.893188128067286e-05,0.0009689796947111273,0.0020106038188938634,0.00999797590757866,0.009999830511347266,0.0005478888055464337,0.009893188128067287,0.09689796947111272,0.20106038188938635,0.999797590757866,0.9999830511347265,0.054788880554643364,LC05,permanent,run_60bc48530980377859d86882
2022,BTCUSDT,spot,14,instrument-minute keys with executed fills and positive source volume,one per instrument-minute key,14,0.38027,0.38027,0,14,0,0,14,0,0,0,0,0.00015383532714051472,0.0018017362889867525,0.002332268101099655,0.0024189448788446465,0.0024406140732808946,0.0005234543911952366,0.01538353271405147,0.18017362889867525,0.2332268101099655,0.24189448788446463,0.24406140732808945,0.05234543911952365,LC05,permanent,run_60bc48530980377859d86882
2022,BTCUSDT,futures,14,instrument-minute keys with executed fills and positive source volume,one per instrument-minute key,14,0.380,0.380,0,14,0,0,14,0,0,0,0,5.091501978059896e-05,0.0003568632619223714,0.0005468314536452733,0.0006524640695439981,0.0006788722235186795,0.00011565846623964869,0.005091501978059895,0.03568632619223713,0.05468314536452733,0.06524640695439982,0.06788722235186796,0.011565846623964869,LC05,permanent,run_60bc48530980377859d86882
2022,ETHUSDT,spot,11,instrument-minute keys with executed fills and positive source volume,one per instrument-minute key,11,4.7143,4.7143,0,11,0,0,11,0,0,0,0,0.0003470418005211316,0.0010567550281357727,0.0032669272188495797,0.005035064971420627,0.005477099409563387,0.0008163850834504331,0.03470418005211316,0.10567550281357727,0.32669272188495796,0.5035064971420626,0.5477099409563386,0.08163850834504333,LC05,permanent,run_60bc48530980377859d86882
2022,ETHUSDT,futures,11,instrument-minute keys with executed fills and positive source volume,one per instrument-minute key,11,4.711,4.711,0,11,0,0,11,0,0,0,0,8.096850873506555e-05,0.000416521179658878,0.0005255664087735261,0.0006128025920652446,0.0006346116378881741,0.0001677928409044,0.008096850873506556,0.0416521179658878,0.05255664087735261,0.06128025920652446,0.06346116378881742,0.01677928409044,LC05,permanent,run_60bc48530980377859d86882
2022,PORTFOLIO,ALL,50,instrument-minute keys with executed fills and positive source volume,one per instrument-minute key,50,,,0,50,0,0,50,0,0,0,0,8.590445871348184e-05,0.000680980572974734,0.0017262001418891528,0.003989221594784959,0.005477099409563387,0.0003954707434398312,0.008590445871348183,0.06809805729747341,0.17262001418891526,0.39892215947849596,0.5477099409563386,0.039547074343983114,LC05,permanent,run_60bc48530980377859d86882
2023,BTCUSDT,spot,38,instrument-minute keys with executed fills and positive source volume,one per instrument-minute key,19,2.54822,0.51522,19,19,0,19,19,19,0,0,0,0.0003898732203173568,0.0015270090205315758,0.0027520442385306964,0.0032873745195025244,0.003421207089745481,0.0007155367111627292,0.03898732203173568,0.1527009020531576,0.27520442385306965,0.32873745195025245,0.3421207089745481,0.07155367111627293,LC05,permanent,run_60bc48530980377859d86882
2023,BTCUSDT,futures,30,instrument-minute keys with executed fills and positive source volume,one per instrument-minute key,19,1.439,0.515,11,19,0,11,19,11,0,0,0,5.095522855239835e-05,0.00017570184720169175,0.00025777811962717845,0.00040465628914186766,0.00044137583152053974,9.213598274098699e-05,0.0050955228552398354,0.017570184720169173,0.025777811962717848,0.040465628914186764,0.044137583152053975,0.0092135982740987,LC05,permanent,run_60bc48530980377859d86882
2023,ETHUSDT,spot,40,instrument-minute keys with executed fills and positive source volume,one per instrument-minute key,21,44.7278,12.0668,19,21,0,19,21,19,0,0,0,0.0004693712794158248,0.004096002276667668,0.0049733240134502265,0.005592748356506641,0.005747604442270743,0.0012273849234974699,0.04693712794158248,0.40960022766676674,0.4973324013450227,0.5592748356506642,0.5747604442270744,0.12273849234974697,LC05,permanent,run_60bc48530980377859d86882
2023,ETHUSDT,futures,21,instrument-minute keys with executed fills and positive source volume,one per instrument-minute key,21,12.058,12.055,0,20,1,0,20,1,0,0,0,4.3288609754318986e-05,0.000626635847655352,0.0014304409043591985,0.001682983512521986,0.0017461191645626827,0.0002416203846632959,0.004328860975431899,0.0626635847655352,0.14304409043591984,0.1682983512521986,0.17461191645626828,0.024162038466329583,LC05,permanent,run_60bc48530980377859d86882
2023,PORTFOLIO,ALL,129,instrument-minute keys with executed fills and positive source volume,one per instrument-minute key,80,,,49,79,1,49,79,50,0,0,0,0.00015623018894250253,0.0014318182037813014,0.0027148685245743194,0.00513592290350253,0.005747604442270743,0.0005774361581943336,0.015623018894250253,0.14318182037813013,0.2714868524574319,0.5135922903502531,0.5747604442270744,0.057743615819433367,LC05,permanent,run_60bc48530980377859d86882
2024,BTCUSDT,spot,34,instrument-minute keys with executed fills and positive source volume,one per instrument-minute key,34,0.62429,0.62429,0,34,0,0,34,0,0,0,0,0.00022900079042548676,0.001943311758952644,0.0035151905954953697,0.004977825958400008,0.005320723219303584,0.0006803403798979012,0.022900079042548677,0.1943311758952644,0.35151905954953694,0.49778259584000073,0.5320723219303584,0.06803403798979012,LC05,permanent,run_60bc48530980377859d86882
2024,BTCUSDT,futures,40,instrument-minute keys with executed fills and positive source volume,one per instrument-minute key,32,0.915,0.534,7,32,0,8,32,8,0,0,0,2.478855584178153e-05,0.00012266401494402784,0.00020734594580483717,0.0006364407886463947,0.0007873757422656737,6.590993500746094e-05,0.002478855584178153,0.012266401494402786,0.02073459458048372,0.06364407886463946,0.07873757422656737,0.006590993500746094,LC05,permanent,run_60bc48530980377859d86882
2024,ETHUSDT,spot,36,instrument-minute keys with executed fills and positive source volume,one per instrument-minute key,36,16.1441,15.6316,0,33,3,0,33,3,0,0,0,0.0006614382256941115,0.008304095957962327,0.009999146380590289,0.009999762742825455,0.009999830511347266,0.001927120612364045,0.06614382256941115,0.8304095957962327,0.9999146380590289,0.9999762742825454,0.9999830511347265,0.19271206123640452,LC05,permanent,run_60bc48530980377859d86882
2024,ETHUSDT,futures,32,instrument-minute keys with executed fills and positive source volume,one per instrument-minute key,32,11.729,11.728,0,31,1,0,31,1,0,0,0,9.178692865284227e-05,0.00027255351584417426,0.0004896886005050657,0.0008971918618599651,0.0009949037218370954,0.000146741337707394,0.009178692865284225,0.027255351584417428,0.04896886005050657,0.0897191861859965,0.09949037218370953,0.014674133770739398,LC05,permanent,run_60bc48530980377859d86882
2024,PORTFOLIO,ALL,142,instrument-minute keys with executed fills and positive source volume,one per instrument-minute key,134,,,7,130,4,8,130,12,0,0,0,0.00012461417084197552,0.0013168499842030825,0.004405858684311798,0.009999421064179299,0.009999830511347266,0.0007411399678246986,0.012461417084197552,0.13168499842030823,0.4405858684311798,0.9999421064179299,0.9999830511347265,0.07411399678246985,LC05,permanent,run_60bc48530980377859d86882
2025,BTCUSDT,spot,12,instrument-minute keys with executed fills and positive source volume,one per instrument-minute key,12,0.02701,0.02701,0,12,0,0,12,0,0,0,0,8.19764742431188e-05,0.000495212491402998,0.0005570294710735759,0.0006101434647393248,0.0006234219631557619,0.00017915364854227285,0.00819764742431188,0.04952124914029981,0.0557029471073576,0.06101434647393249,0.0623421963155762,0.017915364854227286,LC05,permanent,run_60bc48530980377859d86882
2025,BTCUSDT,futures,12,instrument-minute keys with executed fills and positive source volume,one per instrument-minute key,12,0.027,0.027,0,12,0,0,12,0,0,0,0,1.2321484847457873e-05,3.593116488430238e-05,3.936998132187363e-05,4.186375684899861e-05,4.248720073077985e-05,1.6507346036430466e-05,0.0012321484847457875,0.003593116488430238,0.003936998132187363,0.004186375684899862,0.004248720073077986,0.0016507346036430468,LC05,permanent,run_60bc48530980377859d86882
2025,ETHUSDT,spot,20,instrument-minute keys with executed fills and positive source volume,one per instrument-minute key,20,3.1907,3.1907,0,20,0,0,20,0,0,0,0,0.00022130346044997416,0.0008438826312172824,0.0020100846746862982,0.0020105230631282424,0.0020106326602387283,0.0004122997656624041,0.022130346044997418,0.08438826312172824,0.2010084674686298,0.20105230631282422,0.20106326602387284,0.0412299765662404,LC05,permanent,run_60bc48530980377859d86882
2025,ETHUSDT,futures,20,instrument-minute keys with executed fills and positive source volume,one per instrument-minute key,20,3.189,3.189,0,20,0,0,20,0,0,0,0,2.4208596988306154e-05,6.794162772676712e-05,0.00011643038391789233,0.0001274650619113244,0.00013022373140968244,3.331990885374879e-05,0.0024208596988306154,0.006794162772676712,0.011643038391789233,0.01274650619113244,0.013022373140968244,0.003331990885374879,LC05,permanent,run_60bc48530980377859d86882
2025,PORTFOLIO,ALL,64,instrument-minute keys with executed fills and positive source volume,one per instrument-minute key,64,,,0,64,0,0,64,0,0,0,0,4.5242961313449164e-05,0.00038167059643832724,0.0006053149198606197,0.0020102692592934325,0.0020106326602387283,0.00017594258476980463,0.004524296131344916,0.038167059643832726,0.06053149198606197,0.20102692592934324,0.20106326602387284,0.017594258476980464,LC05,permanent,run_60bc48530980377859d86882
2026,BTCUSDT,spot,0,instrument-minute keys with executed fills and positive source volume,one per instrument-minute key,0,0,0,0,0,0,0,0,0,0,0,0,,,,,,,,,,,,,LC05,permanent,run_60bc48530980377859d86882
2026,BTCUSDT,futures,0,instrument-minute keys with executed fills and positive source volume,one per instrument-minute key,0,0,0,0,0,0,0,0,0,0,0,0,,,,,,,,,,,,,LC05,permanent,run_60bc48530980377859d86882
2026,ETHUSDT,spot,2,instrument-minute keys with executed fills and positive source volume,one per instrument-minute key,2,0.0180,0.0180,0,2,0,0,2,0,0,0,0,4.5788396759226747e-05,7.385371458765873e-05,7.736187931621272e-05,8.016841109905592e-05,8.087004404476671e-05,4.5788396759226747e-05,0.004578839675922675,0.007385371458765872,0.007736187931621271,0.008016841109905592,0.008087004404476671,0.004578839675922675,LC05,permanent,run_60bc48530980377859d86882
2026,ETHUSDT,futures,2,instrument-minute keys with executed fills and positive source volume,one per instrument-minute key,2,0.018,0.018,0,2,0,0,2,0,0,0,0,4.4404065419980875e-06,6.923982574772857e-06,7.234429578869703e-06,7.4827871821471805e-06,7.54487658296655e-06,4.4404065419980875e-06,0.00044404065419980873,0.0006923982574772857,0.0007234429578869703,0.000748278718214718,0.0007544876582966549,0.00044404065419980873,LC05,permanent,run_60bc48530980377859d86882
2026,PORTFOLIO,ALL,4,instrument-minute keys with executed fills and positive source volume,one per instrument-minute key,4,,,0,4,0,0,4,0,0,0,0,9.125813028326668e-06,5.9821055673442746e-05,7.034554985910469e-05,7.87651452076343e-05,8.087004404476671e-05,2.511440165061242e-05,0.0009125813028326668,0.005982105567344275,0.00703455498591047,0.00787651452076343,0.008087004404476671,0.002511440165061242,LC05,permanent,run_60bc48530980377859d86882
full,BTCUSDT,spot,24,instrument-minute keys with executed fills and positive source volume,one per instrument-minute key,24,0.50226,0.50226,0,24,0,0,24,0,0,0,0,0.0002793326964342839,0.0021811374564443386,0.004315472067816273,0.007220939409672739,0.007985126729052213,0.0009609657474891777,0.02793326964342839,0.21811374564443384,0.4315472067816273,0.722093940967274,0.7985126729052213,0.09609657474891777,LC15,conditional,run_3b854753f9373b92e1e7b20c
full,BTCUSDT,futures,24,instrument-minute keys with executed fills and positive source volume,one per instrument-minute key,24,0.502,0.502,0,24,0,0,24,0,0,0,0,6.84549745365751e-05,0.00027222658208818254,0.0003572118181889178,0.0010514167996350278,0.00125501619125827,0.00013989182928377488,0.00684549745365751,0.027222658208818258,0.03572118181889178,0.10514167996350278,0.125501619125827,0.013989182928377489,LC15,conditional,run_3b854753f9373b92e1e7b20c
full,ETHUSDT,spot,51,instrument-minute keys with executed fills and positive source volume,one per instrument-minute key,45,31.2326,20.9643,6,44,1,6,44,7,0,0,0,0.0007398699473048182,0.0035119936312827827,0.005245915498193798,0.008489771669563948,0.009999907015451706,0.0015168142778083115,0.07398699473048181,0.3511993631282782,0.5245915498193797,0.8489771669563948,0.9999907015451708,0.15168142778083116,LC15,conditional,run_3b854753f9373b92e1e7b20c
full,ETHUSDT,futures,43,instrument-minute keys with executed fills and positive source volume,one per instrument-minute key,43,17.516,17.516,0,43,0,0,43,0,0,0,0,6.677810559039304e-05,0.0003975568372345536,0.000481650447587221,0.0008887384255239441,0.0009022952924720827,0.0001614695145798455,0.006677810559039305,0.03975568372345536,0.048165044758722096,0.08887384255239442,0.09022952924720827,0.01614695145798455,LC15,conditional,run_3b854753f9373b92e1e7b20c
full,PORTFOLIO,ALL,142,instrument-minute keys with executed fills and positive source volume,one per instrument-minute key,136,,,6,135,1,6,135,7,0,0,0,0.0002149030495441641,0.0020821106897050013,0.0033723896015138656,0.007489055804154048,0.009999907015451706,0.00074720892257984,0.02149030495441641,0.20821106897050015,0.33723896015138655,0.7489055804154048,0.9999907015451708,0.07472089225798399,LC15,conditional,run_3b854753f9373b92e1e7b20c
2022-2023,BTCUSDT,spot,4,instrument-minute keys with executed fills and positive source volume,one per instrument-minute key,4,0.09609,0.09609,0,4,0,0,4,0,0,0,0,0.0002632521605673095,0.00570114569523811,0.006843136212145158,0.007756728625670801,0.007985126729052213,0.002144002089206432,0.026325216056730952,0.570114569523811,0.6843136212145158,0.7756728625670801,0.7985126729052213,0.2144002089206432,LC15,conditional,run_3b854753f9373b92e1e7b20c
2022-2023,BTCUSDT,futures,4,instrument-minute keys with executed fills and positive source volume,one per instrument-minute key,4,0.096,0.096,0,4,0,0,4,0,0,0,0,7.945818486777432e-05,0.0009218138742964936,0.0010884150327773812,0.001221695959562092,0.00125501619125827,0.0003549974712715246,0.007945818486777433,0.09218138742964935,0.10884150327773813,0.1221695959562092,0.125501619125827,0.03549974712715246,LC15,conditional,run_3b854753f9373b92e1e7b20c
2022-2023,ETHUSDT,spot,18,instrument-minute keys with executed fills and positive source volume,one per instrument-minute key,12,20.0887,9.8204,6,11,1,6,11,7,0,0,0,0.000740072356388905,0.006208904422601681,0.008112237833091996,0.009622373178979767,0.009999907015451706,0.002294546423507396,0.0740072356388905,0.6208904422601682,0.8112237833091996,0.9622373178979768,0.9999907015451708,0.22945464235073965,LC15,conditional,run_3b854753f9373b92e1e7b20c
2022-2023,ETHUSDT,futures,10,instrument-minute keys with executed fills and positive source volume,one per instrument-minute key,10,6.377,6.377,0,10,0,0,10,0,0,0,0,8.209831098248174e-05,0.0003838324486172905,0.00038468662405863395,0.0003853699644117087,0.00038554079949997737,0.00016124965314987463,0.008209831098248174,0.03838324486172905,0.03846866240586339,0.03853699644117087,0.03855407994999774,0.016124965314987465,LC15,conditional,run_3b854753f9373b92e1e7b20c
2022-2023,PORTFOLIO,ALL,36,instrument-minute keys with executed fills and positive source volume,one per instrument-minute key,30,,,6,29,1,6,29,7,0,0,0,0.0003777496240955386,0.003337889968669963,0.007347321254183128,0.009415620732395855,0.009999907015451706,0.0013047683951833112,0.037774962409553865,0.3337889968669963,0.7347321254183129,0.9415620732395856,0.9999907015451708,0.13047683951833108,LC15,conditional,run_3b854753f9373b92e1e7b20c
2024+,BTCUSDT,spot,20,instrument-minute keys with executed fills and positive source volume,one per instrument-minute key,20,0.40617,0.40617,0,20,0,0,20,0,0,0,0,0.0002793326964342839,0.0018462806858206694,0.002464266207995005,0.004222911774825212,0.004662573166532767,0.0007243584791457268,0.02793326964342839,0.18462806858206696,0.2464266207995005,0.4222911774825211,0.4662573166532767,0.07243584791457268,LC15,conditional,run_3b854753f9373b92e1e7b20c
2024+,BTCUSDT,futures,20,instrument-minute keys with executed fills and positive source volume,one per instrument-minute key,20,0.406,0.406,0,20,0,0,20,0,0,0,0,6.84549745365751e-05,0.00024493854787528083,0.000290067141488415,0.0003538545843538927,0.0003698014450702623,9.687070088622495e-05,0.00684549745365751,0.024493854787528087,0.0290067141488415,0.03538545843538927,0.036980144507026226,0.009687070088622496,LC15,conditional,run_3b854753f9373b92e1e7b20c
2024+,ETHUSDT,spot,33,instrument-minute keys with executed fills and positive source volume,one per instrument-minute key,33,11.1439,11.1439,0,33,0,0,33,0,0,0,0,0.0007398699473048182,0.0031594165547427747,0.004013052311586774,0.00513782604418771,0.005426064588203952,0.0012340025884631897,0.07398699473048181,0.3159416554742775,0.4013052311586774,0.5137826044187709,0.5426064588203952,0.12340025884631897,LC15,conditional,run_3b854753f9373b92e1e7b20c
2024+,ETHUSDT,futures,33,instrument-minute keys with executed fills and positive source volume,one per instrument-minute key,33,11.139,11.139,0,33,0,0,33,0,0,0,0,5.801499072199656e-05,0.0004116894922330934,0.0006414756699499888,0.0008919662509877867,0.0009022952924720827,0.00016153613925559427,0.005801499072199656,0.04116894922330934,0.06414756699499888,0.08919662509877867,0.09022952924720827,0.016153613925559425,LC15,conditional,run_3b854753f9373b92e1e7b20c
2024+,PORTFOLIO,ALL,106,instrument-minute keys with executed fills and positive source volume,one per instrument-minute key,106,,,0,106,0,0,106,0,0,0,0,0.000195958050080579,0.0016056691904260463,0.002680461320960127,0.004655710465113789,0.005426064588203952,0.0005894090718430086,0.0195958050080579,0.16056691904260462,0.2680461320960127,0.46557104651137887,0.5426064588203952,0.05894090718430086,LC15,conditional,run_3b854753f9373b92e1e7b20c
2022,BTCUSDT,spot,0,instrument-minute keys with executed fills and positive source volume,one per instrument-minute key,0,0,0,0,0,0,0,0,0,0,0,0,,,,,,,,,,,,,LC15,conditional,run_3b854753f9373b92e1e7b20c
2022,BTCUSDT,futures,0,instrument-minute keys with executed fills and positive source volume,one per instrument-minute key,0,0,0,0,0,0,0,0,0,0,0,0,,,,,,,,,,,,,LC15,conditional,run_3b854753f9373b92e1e7b20c
2022,ETHUSDT,spot,0,instrument-minute keys with executed fills and positive source volume,one per instrument-minute key,0,0,0,0,0,0,0,0,0,0,0,0,,,,,,,,,,,,,LC15,conditional,run_3b854753f9373b92e1e7b20c
2022,ETHUSDT,futures,0,instrument-minute keys with executed fills and positive source volume,one per instrument-minute key,0,0,0,0,0,0,0,0,0,0,0,0,,,,,,,,,,,,,LC15,conditional,run_3b854753f9373b92e1e7b20c
2022,PORTFOLIO,ALL,0,instrument-minute keys with executed fills and positive source volume,one per instrument-minute key,0,,,0,0,0,0,0,0,0,0,0,,,,,,,,,,,,,LC15,conditional,run_3b854753f9373b92e1e7b20c
2023,BTCUSDT,spot,4,instrument-minute keys with executed fills and positive source volume,one per instrument-minute key,4,0.09609,0.09609,0,4,0,0,4,0,0,0,0,0.0002632521605673095,0.00570114569523811,0.006843136212145158,0.007756728625670801,0.007985126729052213,0.002144002089206432,0.026325216056730952,0.570114569523811,0.6843136212145158,0.7756728625670801,0.7985126729052213,0.2144002089206432,LC15,conditional,run_3b854753f9373b92e1e7b20c
2023,BTCUSDT,futures,4,instrument-minute keys with executed fills and positive source volume,one per instrument-minute key,4,0.096,0.096,0,4,0,0,4,0,0,0,0,7.945818486777432e-05,0.0009218138742964936,0.0010884150327773812,0.001221695959562092,0.00125501619125827,0.0003549974712715246,0.007945818486777433,0.09218138742964935,0.10884150327773813,0.1221695959562092,0.125501619125827,0.03549974712715246,LC15,conditional,run_3b854753f9373b92e1e7b20c
2023,ETHUSDT,spot,18,instrument-minute keys with executed fills and positive source volume,one per instrument-minute key,12,20.0887,9.8204,6,11,1,6,11,7,0,0,0,0.000740072356388905,0.006208904422601681,0.008112237833091996,0.009622373178979767,0.009999907015451706,0.002294546423507396,0.0740072356388905,0.6208904422601682,0.8112237833091996,0.9622373178979768,0.9999907015451708,0.22945464235073965,LC15,conditional,run_3b854753f9373b92e1e7b20c
2023,ETHUSDT,futures,10,instrument-minute keys with executed fills and positive source volume,one per instrument-minute key,10,6.377,6.377,0,10,0,0,10,0,0,0,0,8.209831098248174e-05,0.0003838324486172905,0.00038468662405863395,0.0003853699644117087,0.00038554079949997737,0.00016124965314987463,0.008209831098248174,0.03838324486172905,0.03846866240586339,0.03853699644117087,0.03855407994999774,0.016124965314987465,LC15,conditional,run_3b854753f9373b92e1e7b20c
2023,PORTFOLIO,ALL,36,instrument-minute keys with executed fills and positive source volume,one per instrument-minute key,30,,,6,29,1,6,29,7,0,0,0,0.0003777496240955386,0.003337889968669963,0.007347321254183128,0.009415620732395855,0.009999907015451706,0.0013047683951833112,0.037774962409553865,0.3337889968669963,0.7347321254183129,0.9415620732395856,0.9999907015451708,0.13047683951833108,LC15,conditional,run_3b854753f9373b92e1e7b20c
2024,BTCUSDT,spot,20,instrument-minute keys with executed fills and positive source volume,one per instrument-minute key,20,0.40617,0.40617,0,20,0,0,20,0,0,0,0,0.0002793326964342839,0.0018462806858206694,0.002464266207995005,0.004222911774825212,0.004662573166532767,0.0007243584791457268,0.02793326964342839,0.18462806858206696,0.2464266207995005,0.4222911774825211,0.4662573166532767,0.07243584791457268,LC15,conditional,run_3b854753f9373b92e1e7b20c
2024,BTCUSDT,futures,20,instrument-minute keys with executed fills and positive source volume,one per instrument-minute key,20,0.406,0.406,0,20,0,0,20,0,0,0,0,6.84549745365751e-05,0.00024493854787528083,0.000290067141488415,0.0003538545843538927,0.0003698014450702623,9.687070088622495e-05,0.00684549745365751,0.024493854787528087,0.0290067141488415,0.03538545843538927,0.036980144507026226,0.009687070088622496,LC15,conditional,run_3b854753f9373b92e1e7b20c
2024,ETHUSDT,spot,21,instrument-minute keys with executed fills and positive source volume,one per instrument-minute key,21,7.5456,7.5456,0,21,0,0,21,0,0,0,0,0.0008420384916722688,0.003671541093875829,0.0045253191381531945,0.005245915498193802,0.005426064588203952,0.0015631345122878928,0.08420384916722688,0.36715410938758286,0.45253191381531943,0.52459154981938,0.5426064588203952,0.15631345122878926,LC15,conditional,run_3b854753f9373b92e1e7b20c
2024,ETHUSDT,futures,21,instrument-minute keys with executed fills and positive source volume,one per instrument-minute key,21,7.542,7.542,0,21,0,0,21,0,0,0,0,9.73389255500365e-05,0.00041447165362431735,0.0004891147580275437,0.0008196591855831752,0.0009022952924720827,0.0001863280296238436,0.00973389255500365,0.04144716536243173,0.04891147580275437,0.08196591855831752,0.09022952924720827,0.01863280296238436,LC15,conditional,run_3b854753f9373b92e1e7b20c
2024,PORTFOLIO,ALL,82,instrument-minute keys with executed fills and positive source volume,one per instrument-minute key,82,,,0,82,0,0,82,0,0,0,0,0.0002149030495441641,0.002292756379985565,0.0032443584667306035,0.004807636536650291,0.005426064588203952,0.0006483328900095792,0.02149030495441641,0.22927563799855655,0.32443584667306036,0.48076365366502904,0.5426064588203952,0.06483328900095792,LC15,conditional,run_3b854753f9373b92e1e7b20c
2025,BTCUSDT,spot,0,instrument-minute keys with executed fills and positive source volume,one per instrument-minute key,0,0,0,0,0,0,0,0,0,0,0,0,,,,,,,,,,,,,LC15,conditional,run_3b854753f9373b92e1e7b20c
2025,BTCUSDT,futures,0,instrument-minute keys with executed fills and positive source volume,one per instrument-minute key,0,0,0,0,0,0,0,0,0,0,0,0,,,,,,,,,,,,,LC15,conditional,run_3b854753f9373b92e1e7b20c
2025,ETHUSDT,spot,12,instrument-minute keys with executed fills and positive source volume,one per instrument-minute key,12,3.5983,3.5983,0,12,0,0,12,0,0,0,0,0.0003802910350472718,0.0012340742855460746,0.0014959425499886474,0.0017517129401207932,0.001815655537653829,0.0006580217217699598,0.03802910350472718,0.12340742855460747,0.14959425499886475,0.17517129401207931,0.18156555376538291,0.065802172176996,LC15,conditional,run_3b854753f9373b92e1e7b20c
2025,ETHUSDT,futures,12,instrument-minute keys with executed fills and positive source volume,one per instrument-minute key,12,3.597,3.597,0,12,0,0,12,0,0,0,0,4.9544711158397354e-05,0.00012979805182725167,0.00046582110332110774,0.0007891778509311481,0.0008700170378336576,0.00011815033111115795,0.004954471115839736,0.012979805182725167,0.04658211033211077,0.07891778509311481,0.08700170378336576,0.011815033111115798,LC15,conditional,run_3b854753f9373b92e1e7b20c
2025,PORTFOLIO,ALL,24,instrument-minute keys with executed fills and positive source volume,one per instrument-minute key,24,,,0,24,0,0,24,0,0,0,0,0.0001038959601982799,0.001204223249494029,0.0012339318300969076,0.0016819573791756622,0.001815655537653829,0.00038808602644055894,0.010389596019827991,0.12042232494940291,0.12339318300969077,0.16819573791756623,0.18156555376538291,0.038808602644055896,LC15,conditional,run_3b854753f9373b92e1e7b20c
2026,BTCUSDT,spot,0,instrument-minute keys with executed fills and positive source volume,one per instrument-minute key,0,0,0,0,0,0,0,0,0,0,0,0,,,,,,,,,,,,,LC15,conditional,run_3b854753f9373b92e1e7b20c
2026,BTCUSDT,futures,0,instrument-minute keys with executed fills and positive source volume,one per instrument-minute key,0,0,0,0,0,0,0,0,0,0,0,0,,,,,,,,,,,,,LC15,conditional,run_3b854753f9373b92e1e7b20c
2026,ETHUSDT,spot,0,instrument-minute keys with executed fills and positive source volume,one per instrument-minute key,0,0,0,0,0,0,0,0,0,0,0,0,,,,,,,,,,,,,LC15,conditional,run_3b854753f9373b92e1e7b20c
2026,ETHUSDT,futures,0,instrument-minute keys with executed fills and positive source volume,one per instrument-minute key,0,0,0,0,0,0,0,0,0,0,0,0,,,,,,,,,,,,,LC15,conditional,run_3b854753f9373b92e1e7b20c
2026,PORTFOLIO,ALL,0,instrument-minute keys with executed fills and positive source volume,one per instrument-minute key,0,,,0,0,0,0,0,0,0,0,0,,,,,,,,,,,,,LC15,conditional,run_3b854753f9373b92e1e7b20c
full,BTCUSDT,spot,80,instrument-minute keys with executed fills and positive source volume,one per instrument-minute key,74,2.23078,1.53079,8,72,2,6,72,8,0,0,0,0.00022929883026662004,0.002103769235117989,0.0034726237169583354,0.009997095324752124,0.009999182223015218,0.0008509958203002538,0.022929883026662004,0.21037692351179887,0.3472623716958335,0.9997095324752122,0.9999182223015218,0.08509958203002535,LC15,permanent,run_80c68eaa1473bcf72d058da6
full,BTCUSDT,futures,77,instrument-minute keys with executed fills and positive source volume,one per instrument-minute key,70,1.927,1.440,6,70,0,7,70,7,0,0,0,3.4082757740689046e-05,0.0001682345041997178,0.00040992513446470614,0.0007965134228023535,0.0008365867261572784,8.755873403815376e-05,0.003408275774068904,0.01682345041997178,0.04099251344647062,0.07965134228023535,0.08365867261572783,0.008755873403815376,LC15,permanent,run_80c68eaa1473bcf72d058da6
full,ETHUSDT,spot,102,instrument-minute keys with executed fills and positive source volume,one per instrument-minute key,96,46.1497,35.0331,8,93,3,6,93,9,0,0,0,0.0004215968595934655,0.002489214149346791,0.006064327097579154,0.00999934017646375,0.009999636886999234,0.001227965772427642,0.04215968595934655,0.24892141493467912,0.6064327097579154,0.999934017646375,0.9999636886999235,0.1227965772427642,LC15,permanent,run_80c68eaa1473bcf72d058da6
full,ETHUSDT,futures,94,instrument-minute keys with executed fills and positive source volume,one per instrument-minute key,92,35.116,32.586,2,91,1,2,91,3,0,0,0,5.8576641079261565e-05,0.0003953335852009706,0.0006323760263848751,0.0014962498015761874,0.0019185694125653384,0.0001595311523012151,0.005857664107926156,0.03953335852009707,0.06323760263848752,0.14962498015761877,0.19185694125653385,0.015953115230121516,LC15,permanent,run_80c68eaa1473bcf72d058da6
full,PORTFOLIO,ALL,353,instrument-minute keys with executed fills and positive source volume,one per instrument-minute key,332,,,24,326,6,21,326,27,0,0,0,0.00012898295646716852,0.001345265466208044,0.0024144768313985264,0.009998078068939594,0.009999636886999234,0.0006074228381013702,0.01289829564671685,0.13452654662080438,0.24144768313985265,0.9998078068939594,0.9999636886999235,0.060742283810137035,LC15,permanent,run_80c68eaa1473bcf72d058da6
2022-2023,BTCUSDT,spot,40,instrument-minute keys with executed fills and positive source volume,one per instrument-minute key,34,1.59448,0.89449,8,32,2,6,32,8,0,0,0,0.00028279770900034443,0.0031514414678114238,0.005775887107758473,0.00999823883064971,0.009999182223015218,0.0012131800403042117,0.028279770900034442,0.3151441467811424,0.5775887107758472,0.9998238830649709,0.9999182223015218,0.12131800403042116,LC15,permanent,run_80c68eaa1473bcf72d058da6
2022-2023,BTCUSDT,futures,36,instrument-minute keys with executed fills and positive source volume,one per instrument-minute key,32,1.234,0.894,4,32,0,4,32,4,0,0,0,5.091501978059896e-05,0.00032052449383045654,0.0005671454182411818,0.0007476219269843879,0.0007785094749182566,0.00012340342511435345,0.005091501978059895,0.032052449383045654,0.05671454182411819,0.07476219269843878,0.07785094749182565,0.012340342511435344,LC15,permanent,run_80c68eaa1473bcf72d058da6
2022-2023,ETHUSDT,spot,38,instrument-minute keys with executed fills and positive source volume,one per instrument-minute key,32,27.3322,16.7571,7,31,1,6,31,7,0,0,0,0.0005009579468964943,0.005345755528495593,0.00706983050558103,0.009554123385741561,0.009998866372283342,0.00155938362663949,0.050095794689649434,0.5345755528495594,0.7069830505581031,0.9554123385741562,0.9998866372283343,0.15593836266394898,LC15,permanent,run_80c68eaa1473bcf72d058da6
2022-2023,ETHUSDT,futures,31,instrument-minute keys with executed fills and positive source volume,one per instrument-minute key,31,16.744,16.740,0,30,1,0,30,1,0,0,0,6.554096262148486e-05,0.0006305468897003577,0.0007054379985874845,0.0012510166573593499,0.001454481927961874,0.0002111301038874916,0.006554096262148486,0.06305468897003577,0.07054379985874845,0.125101665735935,0.14544819279618743,0.021113010388749152,LC15,permanent,run_80c68eaa1473bcf72d058da6
2022-2023,PORTFOLIO,ALL,145,instrument-minute keys with executed fills and positive source volume,one per instrument-minute key,129,,,19,125,4,16,125,20,0,0,0,0.0001521776623482028,0.0014637887648629238,0.0038995341423242054,0.009998154356359956,0.009999182223015218,0.0007879251181936312,0.015217766234820278,0.14637887648629241,0.3899534142324206,0.9998154356359957,0.9999182223015218,0.07879251181936313,LC15,permanent,run_80c68eaa1473bcf72d058da6
2024+,BTCUSDT,spot,40,instrument-minute keys with executed fills and positive source volume,one per instrument-minute key,40,0.63630,0.63630,0,40,0,0,40,0,0,0,0,0.00017205882098550636,0.0013642474934695587,0.0017764854981720407,0.005011003243197979,0.006231642619450203,0.0005431392332968892,0.01720588209855063,0.13642474934695584,0.1776485498172041,0.5011003243197979,0.6231642619450203,0.054313923329688915,LC15,permanent,run_80c68eaa1473bcf72d058da6
2024+,BTCUSDT,futures,41,instrument-minute keys with executed fills and positive source volume,one per instrument-minute key,38,0.693,0.546,2,38,0,3,38,3,0,0,0,2.4387169670495775e-05,7.250064290315355e-05,0.00015991855636777297,0.0006382304916685683,0.0008365867261572784,5.737373102661722e-05,0.002438716967049578,0.007250064290315356,0.0159918556367773,0.06382304916685683,0.08365867261572783,0.005737373102661721,LC15,permanent,run_80c68eaa1473bcf72d058da6
2024+,ETHUSDT,spot,64,instrument-minute keys with executed fills and positive source volume,one per instrument-minute key,64,18.8175,18.2760,1,62,2,0,62,2,0,0,0,0.00036911174280908896,0.002168153936370886,0.0027399864288108295,0.009999440121065177,0.009999636886999234,0.001062256845321718,0.0369111742809089,0.21681539363708863,0.273998642881083,0.9999440121065177,0.9999636886999235,0.10622568453217181,LC15,permanent,run_80c68eaa1473bcf72d058da6
2024+,ETHUSDT,futures,63,instrument-minute keys with executed fills and positive source volume,one per instrument-minute key,61,18.372,15.846,2,61,0,2,61,2,0,0,0,4.8658532906306046e-05,0.00031418178905769903,0.0003872448247836688,0.0013648506279457038,0.0019185694125653384,0.00013330873428195987,0.0048658532906306045,0.0314181789057699,0.03872448247836688,0.1364850627945704,0.19185694125653385,0.013330873428195987,LC15,permanent,run_80c68eaa1473bcf72d058da6
2024+,PORTFOLIO,ALL,208,instrument-minute keys with executed fills and positive source volume,one per instrument-minute key,203,,,5,201,2,5,201,7,0,0,0,0.0001216687050750589,0.001072655852690283,0.002013404084397334,0.00670615912934642,0.009999636886999234,0.0004927194187323967,0.01216687050750589,0.1072655852690283,0.2013404084397334,0.670615912934642,0.9999636886999235,0.04927194187323967,LC15,permanent,run_80c68eaa1473bcf72d058da6
2022,BTCUSDT,spot,16,instrument-minute keys with executed fills and positive source volume,one per instrument-minute key,16,0.43226,0.38027,2,14,2,0,14,2,0,0,0,0.0002165259766111245,0.006218468765776073,0.009997038149457243,0.009998753408303623,0.009999182223015218,0.0017144177359741896,0.021652597661112452,0.6218468765776073,0.9997038149457242,0.9998753408303623,0.9999182223015218,0.17144177359741897,LC15,permanent,run_80c68eaa1473bcf72d058da6
2022,BTCUSDT,futures,14,instrument-minute keys with executed fills and positive source volume,one per instrument-minute key,14,0.380,0.380,0,14,0,0,14,0,0,0,0,5.091501978059896e-05,0.0004318609488296689,0.0005468314536452733,0.0006524640695439981,0.0006788722235186795,0.00013352583518506903,0.005091501978059895,0.04318609488296689,0.05468314536452733,0.06524640695439982,0.06788722235186796,0.013352583518506904,LC15,permanent,run_80c68eaa1473bcf72d058da6
2022,ETHUSDT,spot,13,instrument-minute keys with executed fills and positive source volume,one per instrument-minute key,13,4.9214,4.7323,1,12,1,0,12,1,0,0,0,0.0004790596763693819,0.004656730144604527,0.0072858061946513624,0.009456254336756943,0.009998866372283342,0.001648386446057012,0.04790596763693819,0.4656730144604526,0.7285806194651363,0.9456254336756943,0.9998866372283343,0.16483864460570125,LC15,permanent,run_80c68eaa1473bcf72d058da6
2022,ETHUSDT,futures,12,instrument-minute keys with executed fills and positive source volume,one per instrument-minute key,12,4.729,4.729,0,12,0,0,12,0,0,0,0,7.864039065021573e-05,0.00045131117405801293,0.0005358818197947218,0.0006148656742694838,0.0006346116378881741,0.0001868551885135424,0.007864039065021575,0.045131117405801294,0.05358818197947218,0.06148656742694838,0.06346116378881742,0.01868551885135424,LC15,permanent,run_80c68eaa1473bcf72d058da6
2022,PORTFOLIO,ALL,55,instrument-minute keys with executed fills and positive source volume,one per instrument-minute key,55,,,3,52,3,0,52,3,0,0,0,0.0001401931539736737,0.0019144580112473303,0.006832866624175734,0.009999011663620005,0.009999182223015218,0.0009631151187105757,0.014019315397367369,0.19144580112473303,0.6832866624175733,0.9999011663620005,0.9999182223015218,0.09631151187105756,LC15,permanent,run_80c68eaa1473bcf72d058da6
2023,BTCUSDT,spot,24,instrument-minute keys with executed fills and positive source volume,one per instrument-minute key,18,1.16222,0.51422,6,18,0,6,18,6,0,0,0,0.00031845670091381793,0.0018893415294611723,0.0034631711814124755,0.0034953098022684,0.0035033444574823812,0.000767635421930898,0.03184567009138179,0.18893415294611723,0.34631711814124755,0.34953098022684,0.35033444574823813,0.07676354219308981,LC15,permanent,run_80c68eaa1473bcf72d058da6
2023,BTCUSDT,futures,22,instrument-minute keys with executed fills and positive source volume,one per instrument-minute key,18,0.854,0.514,4,18,0,4,18,4,0,0,0,5.203155538966127e-05,0.0001841380815255486,0.00032060693307880083,0.0006869289665503647,0.0007785094749182566,0.00011553043950379688,0.005203155538966126,0.01841380815255486,0.03206069330788008,0.06869289665503646,0.07785094749182565,0.011553043950379689,LC15,permanent,run_80c68eaa1473bcf72d058da6
2023,ETHUSDT,spot,25,instrument-minute keys with executed fills and positive source volume,one per instrument-minute key,19,22.4108,12.0248,6,19,0,6,19,6,0,0,0,0.0005228562174236067,0.004500359495812617,0.006118860732867965,0.008075141408163412,0.00856421157698727,0.0014984869607222377,0.05228562174236068,0.4500359495812618,0.6118860732867966,0.8075141408163412,0.8564211576987272,0.14984869607222376,LC15,permanent,run_80c68eaa1473bcf72d058da6
2023,ETHUSDT,futures,19,instrument-minute keys with executed fills and positive source volume,one per instrument-minute key,19,12.015,12.011,0,18,1,0,18,1,0,0,0,5.1400477983324866e-05,0.000659690383617645,0.0008440861161543013,0.00133240276560036,0.001454481927961874,0.00022646162938682788,0.005140047798332486,0.0659690383617645,0.08440861161543013,0.133240276560036,0.14544819279618743,0.02264616293868279,LC15,permanent,run_80c68eaa1473bcf72d058da6
2023,PORTFOLIO,ALL,90,instrument-minute keys with executed fills and positive source volume,one per instrument-minute key,74,,,16,73,1,16,73,17,0,0,0,0.00015623018894250253,0.0013835017762312753,0.0034726237169583354,0.006580760336757162,0.00856421157698727,0.0006577163340256318,0.015623018894250253,0.13835017762312754,0.3472623716958335,0.6580760336757162,0.8564211576987272,0.06577163340256317,LC15,permanent,run_80c68eaa1473bcf72d058da6
2024,BTCUSDT,spot,30,instrument-minute keys with executed fills and positive source volume,one per instrument-minute key,30,0.61229,0.61229,0,30,0,0,30,0,0,0,0,0.00020458334898613626,0.0015502026221644882,0.002474018428059031,0.005323987698647272,0.006231642619450203,0.0006557579454187139,0.020458334898613623,0.15502026221644882,0.2474018428059031,0.5323987698647271,0.6231642619450203,0.06557579454187139,LC15,permanent,run_80c68eaa1473bcf72d058da6
2024,BTCUSDT,futures,31,instrument-minute keys with executed fills and positive source volume,one per instrument-minute key,28,0.669,0.522,2,28,0,3,28,3,0,0,0,2.5516570387444858e-05,0.00010868998328119775,0.0002426069320965575,0.0006918402847736243,0.0008365867261572784,7.093272023265538e-05,0.0025516570387444856,0.010868998328119776,0.02426069320965575,0.06918402847736242,0.08365867261572783,0.007093272023265537,LC15,permanent,run_80c68eaa1473bcf72d058da6
2024,ETHUSDT,spot,42,instrument-minute keys with executed fills and positive source volume,one per instrument-minute key,42,15.5748,15.0333,1,40,2,0,40,2,0,0,0,0.0008371617168640194,0.002291472165956193,0.006509317806933861,0.009999508832978657,0.009999636886999234,0.001397817559098311,0.08371617168640194,0.2291472165956193,0.650931780693386,0.9999508832978657,0.9999636886999235,0.1397817559098311,LC15,permanent,run_80c68eaa1473bcf72d058da6
2024,ETHUSDT,futures,41,instrument-minute keys with executed fills and positive source volume,one per instrument-minute key,39,15.131,12.605,2,39,0,2,39,2,0,0,0,9.570787134038463e-05,0.0003388230814749991,0.0005762821153357553,0.0015678808489729018,0.0019185694125653384,0.0001852843539195357,0.009570787134038463,0.033882308147499915,0.05762821153357554,0.15678808489729018,0.19185694125653385,0.018528435391953573,LC15,permanent,run_80c68eaa1473bcf72d058da6
2024,PORTFOLIO,ALL,144,instrument-minute keys with executed fills and positive source volume,one per instrument-minute key,139,,,5,137,2,5,137,7,0,0,0,0.00015004376276413954,0.0014776241093947045,0.002232971491911372,0.008751601620380215,0.009999636886999234,0.0006301674950652282,0.015004376276413954,0.14776241093947043,0.22329714919113725,0.8751601620380216,0.9999636886999235,0.06301674950652282,LC15,permanent,run_80c68eaa1473bcf72d058da6
2025,BTCUSDT,spot,10,instrument-minute keys with executed fills and positive source volume,one per instrument-minute key,10,0.02401,0.02401,0,10,0,0,10,0,0,0,0,8.71591222056363e-05,0.0005147797033849122,0.000569100833270337,0.0006125577371786769,0.0006234219631557619,0.00020528309693141475,0.00871591222056363,0.05147797033849122,0.0569100833270337,0.0612557737178677,0.0623421963155762,0.020528309693141476,LC15,permanent,run_80c68eaa1473bcf72d058da6
2025,BTCUSDT,futures,10,instrument-minute keys with executed fills and positive source volume,one per instrument-minute key,10,0.024,0.024,0,10,0,0,10,0,0,0,0,1.922796943903406e-05,3.738629624347876e-05,3.99367484871293e-05,4.197711028204974e-05,4.248720073077985e-05,1.940856124971041e-05,0.0019227969439034062,0.0037386296243478766,0.003993674848712931,0.004197711028204975,0.004248720073077986,0.0019408561249710406,LC15,permanent,run_80c68eaa1473bcf72d058da6
2025,ETHUSDT,spot,21,instrument-minute keys with executed fills and positive source volume,one per instrument-minute key,21,3.2307,3.2307,0,21,0,0,21,0,0,0,0,0.00020689119793299216,0.00071860829956032,0.002023941270156447,0.002618610330552454,0.0027672775956514547,0.0004339383776391518,0.020689119793299217,0.071860829956032,0.20239412701564471,0.2618610330552454,0.2767277595651455,0.04339383776391519,LC15,permanent,run_80c68eaa1473bcf72d058da6
2025,ETHUSDT,futures,21,instrument-minute keys with executed fills and positive source volume,one per instrument-minute key,21,3.229,3.229,0,21,0,0,21,0,0,0,0,2.2023505722615693e-05,6.263465100080453e-05,0.00011650458712806751,0.00030943295415919545,0.0003576650459169772,4.304533300068554e-05,0.0022023505722615693,0.006263465100080453,0.01165045871280675,0.03094329541591954,0.035766504591697716,0.004304533300068553,LC15,permanent,run_80c68eaa1473bcf72d058da6
2025,PORTFOLIO,ALL,62,instrument-minute keys with executed fills and positive source volume,one per instrument-minute key,62,,,0,62,0,0,62,0,0,0,0,4.234322858994061e-05,0.0003985418067858955,0.0006173862820573809,0.0023138424370995007,0.0027672775956514547,0.00019779958879431994,0.004234322858994061,0.03985418067858955,0.0617386282057381,0.23138424370995006,0.2767277595651455,0.019779958879431993,LC15,permanent,run_80c68eaa1473bcf72d058da6
2026,BTCUSDT,spot,0,instrument-minute keys with executed fills and positive source volume,one per instrument-minute key,0,0,0,0,0,0,0,0,0,0,0,0,,,,,,,,,,,,,LC15,permanent,run_80c68eaa1473bcf72d058da6
2026,BTCUSDT,futures,0,instrument-minute keys with executed fills and positive source volume,one per instrument-minute key,0,0,0,0,0,0,0,0,0,0,0,0,,,,,,,,,,,,,LC15,permanent,run_80c68eaa1473bcf72d058da6
2026,ETHUSDT,spot,1,instrument-minute keys with executed fills and positive source volume,one per instrument-minute key,1,0.0120,0.0120,0,1,0,0,1,0,0,0,0,0.00016339468803869186,0.00016339468803869186,0.00016339468803869186,0.00016339468803869186,0.00016339468803869186,0.00016339468803869186,0.016339468803869186,0.016339468803869186,0.016339468803869186,0.016339468803869186,0.016339468803869186,0.016339468803869186,LC15,permanent,run_80c68eaa1473bcf72d058da6
2026,ETHUSDT,futures,1,instrument-minute keys with executed fills and positive source volume,one per instrument-minute key,1,0.012,0.012,0,1,0,0,1,0,0,0,0,1.7909953232634621e-06,1.7909953232634621e-06,1.7909953232634621e-06,1.7909953232634621e-06,1.7909953232634621e-06,1.7909953232634621e-06,0.00017909953232634623,0.00017909953232634623,0.00017909953232634623,0.00017909953232634623,0.00017909953232634623,0.00017909953232634623,LC15,permanent,run_80c68eaa1473bcf72d058da6
2026,PORTFOLIO,ALL,2,instrument-minute keys with executed fills and positive source volume,one per instrument-minute key,2,,,0,2,0,0,2,0,0,0,0,8.259284168097767e-05,0.000147234318767149,0.00015531450340292043,0.00016177865111153758,0.00016339468803869186,8.259284168097767e-05,0.008259284168097765,0.014723431876714902,0.015531450340292043,0.016177865111153756,0.016339468803869186,0.008259284168097765,LC15,permanent,run_80c68eaa1473bcf72d058da6
