run_id,strategy,scope,period,attributed_usdt,source_usdt,residual_usdt,symbol,field
run_ad71d751b20623006c195ff3,conditional,portfolio_day,2022-01-01,0E-8,0,0E-8,,
run_ad71d751b20623006c195ff3,conditional,portfolio_day,2022-01-02,0E-8,0,0E-8,,
run_ad71d751b20623006c195ff3,conditional,portfolio_day,2022-01-03,0E-8,0,0E-8,,
run_ad71d751b20623006c195ff3,conditional,portfolio_day,2022-01-04,0E-8,0,0E-8,,
run_ad71d751b20623006c195ff3,conditional,portfolio_day,2022-01-05,0E-8,0,0E-8,,
run_ad71d751b20623006c195ff3,conditional,portfolio_day,2022-01-06,0E-8,0,0E-8,,
run_ad71d751b20623006c195ff3,conditional,portfolio_day,2022-01-07,0E-8,0,0E-8,,
run_ad71d751b20623006c195ff3,conditional,portfolio_day,2022-01-08,0E-8,0,0E-8,,
run_ad71d751b20623006c195ff3,conditional,portfolio_day,2022-01-09,0E-8,0,0E-8,,
run_ad71d751b20623006c195ff3,conditional,portfolio_day,2022-01-10,0E-8,0,0E-8,,
run_ad71d751b20623006c195ff3,conditional,portfolio_day,2022-01-11,0E-8,0,0E-8,,
run_ad71d751b20623006c195ff3,conditional,portfolio_day,2022-01-12,0E-8,0,0E-8,,
run_ad71d751b20623006c195ff3,conditional,portfolio_day,2022-01-13,0E-8,0,0E-8,,
run_ad71d751b20623006c195ff3,conditional,portfolio_day,2022-01-14,0E-8,0,0E-8,,
run_ad71d751b20623006c195ff3,conditional,portfolio_day,2022-01-15,0E-8,0,0E-8,,
run_ad71d751b20623006c195ff3,conditional,portfolio_day,2022-01-16,0E-8,0,0E-8,,
run_ad71d751b20623006c195ff3,conditional,portfolio_day,2022-01-17,0E-8,0,0E-8,,
run_ad71d751b20623006c195ff3,conditional,portfolio_day,2022-01-18,0E-8,0,0E-8,,
run_ad71d751b20623006c195ff3,conditional,portfolio_day,2022-01-19,0E-8,0,0E-8,,
run_ad71d751b20623006c195ff3,conditional,portfolio_day,2022-01-20,0E-8,0,0E-8,,
run_ad71d751b20623006c195ff3,conditional,portfolio_day,2022-01-21,0E-8,0,0E-8,,
run_ad71d751b20623006c195ff3,conditional,portfolio_day,2022-01-22,0E-8,0,0E-8,,
run_ad71d751b20623006c195ff3,conditional,portfolio_day,2022-01-23,0E-8,0,0E-8,,
run_ad71d751b20623006c195ff3,conditional,portfolio_day,2022-01-24,0E-8,0,0E-8,,
run_ad71d751b20623006c195ff3,conditional,portfolio_day,2022-01-25,0E-8,0,0E-8,,
run_ad71d751b20623006c195ff3,conditional,portfolio_day,2022-01-26,0E-8,0,0E-8,,
run_ad71d751b20623006c195ff3,conditional,portfolio_day,2022-01-27,0E-8,0,0E-8,,
run_ad71d751b20623006c195ff3,conditional,portfolio_day,2022-01-28,0E-8,0,0E-8,,
run_ad71d751b20623006c195ff3,conditional,portfolio_day,2022-01-29,0E-8,0,0E-8,,
run_ad71d751b20623006c195ff3,conditional,portfolio_day,2022-01-30,0E-8,0,0E-8,,
run_ad71d751b20623006c195ff3,conditional,portfolio_day,2022-01-31,0E-8,0,0E-8,,
run_ad71d751b20623006c195ff3,conditional,portfolio_day,2022-02-01,0E-8,0,0E-8,,
run_ad71d751b20623006c195ff3,conditional,portfolio_day,2022-02-02,0E-8,0,0E-8,,
run_ad71d751b20623006c195ff3,conditional,portfolio_day,2022-02-03,0E-8,0,0E-8,,
run_ad71d751b20623006c195ff3,conditional,portfolio_day,2022-02-04,0E-8,0,0E-8,,
run_ad71d751b20623006c195ff3,conditional,portfolio_day,2022-02-05,0E-8,0,0E-8,,
run_ad71d751b20623006c195ff3,conditional,portfolio_day,2022-02-06,0E-8,0,0E-8,,
run_ad71d751b20623006c195ff3,conditional,portfolio_day,2022-02-07,0E-8,0,0E-8,,
run_ad71d751b20623006c195ff3,conditional,portfolio_day,2022-02-08,0E-8,0,0E-8,,
run_ad71d751b20623006c195ff3,conditional,portfolio_day,2022-02-09,0E-8,0,0E-8,,
run_ad71d751b20623006c195ff3,conditional,portfolio_day,2022-02-10,0E-8,0,0E-8,,
run_ad71d751b20623006c195ff3,conditional,portfolio_day,2022-02-11,0E-8,0,0E-8,,
run_ad71d751b20623006c195ff3,conditional,portfolio_day,2022-02-12,0E-8,0,0E-8,,
run_ad71d751b20623006c195ff3,conditional,portfolio_day,2022-02-13,0E-8,0,0E-8,,
run_ad71d751b20623006c195ff3,conditional,portfolio_day,2022-02-14,0E-8,0,0E-8,,
run_ad71d751b20623006c195ff3,conditional,portfolio_day,2022-02-15,0E-8,0,0E-8,,
run_ad71d751b20623006c195ff3,conditional,portfolio_day,2022-02-16,0E-8,0,0E-8,,
run_ad71d751b20623006c195ff3,conditional,portfolio_day,2022-02-17,0E-8,0,0E-8,,
run_ad71d751b20623006c195ff3,conditional,portfolio_day,2022-02-18,0E-8,0,0E-8,,
run_ad71d751b20623006c195ff3,conditional,portfolio_day,2022-02-19,0E-8,0,0E-8,,
run_ad71d751b20623006c195ff3,conditional,portfolio_day,2022-02-20,0E-8,0,0E-8,,
run_ad71d751b20623006c195ff3,conditional,portfolio_day,2022-02-21,0E-8,0,0E-8,,
run_ad71d751b20623006c195ff3,conditional,portfolio_day,2022-02-22,0E-8,0,0E-8,,
run_ad71d751b20623006c195ff3,conditional,portfolio_day,2022-02-23,0E-8,0,0E-8,,
run_ad71d751b20623006c195ff3,conditional,portfolio_day,2022-02-24,0E-8,0,0E-8,,
run_ad71d751b20623006c195ff3,conditional,portfolio_day,2022-02-25,0E-8,0,0E-8,,
run_ad71d751b20623006c195ff3,conditional,portfolio_day,2022-02-26,0E-8,0,0E-8,,
run_ad71d751b20623006c195ff3,conditional,portfolio_day,2022-02-27,0E-8,0,0E-8,,
run_ad71d751b20623006c195ff3,conditional,portfolio_day,2022-02-28,0E-8,0,0E-8,,
run_ad71d751b20623006c195ff3,conditional,portfolio_day,2022-03-01,0E-8,0,0E-8,,
run_ad71d751b20623006c195ff3,conditional,portfolio_day,2022-03-02,0E-8,0,0E-8,,
run_ad71d751b20623006c195ff3,conditional,portfolio_day,2022-03-03,0E-8,0,0E-8,,
run_ad71d751b20623006c195ff3,conditional,portfolio_day,2022-03-04,0E-8,0,0E-8,,
run_ad71d751b20623006c195ff3,conditional,portfolio_day,2022-03-05,0E-8,0,0E-8,,
run_ad71d751b20623006c195ff3,conditional,portfolio_day,2022-03-06,0E-8,0,0E-8,,
run_ad71d751b20623006c195ff3,conditional,portfolio_day,2022-03-07,0E-8,0,0E-8,,
run_ad71d751b20623006c195ff3,conditional,portfolio_day,2022-03-08,0E-8,0,0E-8,,
run_ad71d751b20623006c195ff3,conditional,portfolio_day,2022-03-09,0E-8,0,0E-8,,
run_ad71d751b20623006c195ff3,conditional,portfolio_day,2022-03-10,0E-8,0,0E-8,,
run_ad71d751b20623006c195ff3,conditional,portfolio_day,2022-03-11,0E-8,0,0E-8,,
run_ad71d751b20623006c195ff3,conditional,portfolio_day,2022-03-12,0E-8,0,0E-8,,
run_ad71d751b20623006c195ff3,conditional,portfolio_day,2022-03-13,0E-8,0,0E-8,,
run_ad71d751b20623006c195ff3,conditional,portfolio_day,2022-03-14,0E-8,0,0E-8,,
run_ad71d751b20623006c195ff3,conditional,portfolio_day,2022-03-15,0E-8,0,0E-8,,
run_ad71d751b20623006c195ff3,conditional,portfolio_day,2022-03-16,0E-8,0,0E-8,,
run_ad71d751b20623006c195ff3,conditional,portfolio_day,2022-03-17,0E-8,0,0E-8,,
run_ad71d751b20623006c195ff3,conditional,portfolio_day,2022-03-18,0E-8,0,0E-8,,
run_ad71d751b20623006c195ff3,conditional,portfolio_day,2022-03-19,0E-8,0,0E-8,,
run_ad71d751b20623006c195ff3,conditional,portfolio_day,2022-03-20,0E-8,0,0E-8,,
run_ad71d751b20623006c195ff3,conditional,portfolio_day,2022-03-21,0E-8,0,0E-8,,
run_ad71d751b20623006c195ff3,conditional,portfolio_day,2022-03-22,0E-8,0,0E-8,,
run_ad71d751b20623006c195ff3,conditional,portfolio_day,2022-03-23,0E-8,0,0E-8,,
run_ad71d751b20623006c195ff3,conditional,portfolio_day,2022-03-24,0E-8,0,0E-8,,
run_ad71d751b20623006c195ff3,conditional,portfolio_day,2022-03-25,0E-8,0,0E-8,,
run_ad71d751b20623006c195ff3,conditional,portfolio_day,2022-03-26,0E-8,0,0E-8,,
run_ad71d751b20623006c195ff3,conditional,portfolio_day,2022-03-27,0E-8,0,0E-8,,
run_ad71d751b20623006c195ff3,conditional,portfolio_day,2022-03-28,0E-8,0,0E-8,,
run_ad71d751b20623006c195ff3,conditional,portfolio_day,2022-03-29,0E-8,0,0E-8,,
run_ad71d751b20623006c195ff3,conditional,portfolio_day,2022-03-30,0E-8,0,0E-8,,
run_ad71d751b20623006c195ff3,conditional,portfolio_day,2022-03-31,0E-8,0,0E-8,,
run_ad71d751b20623006c195ff3,conditional,portfolio_day,2022-04-01,0E-8,0,0E-8,,
run_ad71d751b20623006c195ff3,conditional,portfolio_day,2022-04-02,0E-8,0,0E-8,,
run_ad71d751b20623006c195ff3,conditional,portfolio_day,2022-04-03,0E-8,0,0E-8,,
run_ad71d751b20623006c195ff3,conditional,portfolio_day,2022-04-04,0E-8,0,0E-8,,
run_ad71d751b20623006c195ff3,conditional,portfolio_day,2022-04-05,0E-8,0,0E-8,,
run_ad71d751b20623006c195ff3,conditional,portfolio_day,2022-04-06,0E-8,0,0E-8,,
run_ad71d751b20623006c195ff3,conditional,portfolio_day,2022-04-07,0E-8,0,0E-8,,
run_ad71d751b20623006c195ff3,conditional,portfolio_day,2022-04-08,0E-8,0,0E-8,,
run_ad71d751b20623006c195ff3,conditional,portfolio_day,2022-04-09,0E-8,0,0E-8,,
run_ad71d751b20623006c195ff3,conditional,portfolio_day,2022-04-10,0E-8,0,0E-8,,
run_ad71d751b20623006c195ff3,conditional,portfolio_day,2022-04-11,0E-8,0,0E-8,,
run_ad71d751b20623006c195ff3,conditional,portfolio_day,2022-04-12,0E-8,0,0E-8,,
run_ad71d751b20623006c195ff3,conditional,portfolio_day,2022-04-13,0E-8,0,0E-8,,
run_ad71d751b20623006c195ff3,conditional,portfolio_day,2022-04-14,0E-8,0,0E-8,,
run_ad71d751b20623006c195ff3,conditional,portfolio_day,2022-04-15,0E-8,0,0E-8,,
run_ad71d751b20623006c195ff3,conditional,portfolio_day,2022-04-16,0E-8,0,0E-8,,
run_ad71d751b20623006c195ff3,conditional,portfolio_day,2022-04-17,0E-8,0,0E-8,,
run_ad71d751b20623006c195ff3,conditional,portfolio_day,2022-04-18,0E-8,0,0E-8,,
run_ad71d751b20623006c195ff3,conditional,portfolio_day,2022-04-19,0E-8,0,0E-8,,
run_ad71d751b20623006c195ff3,conditional,portfolio_day,2022-04-20,0E-8,0,0E-8,,
run_ad71d751b20623006c195ff3,conditional,portfolio_day,2022-04-21,0E-8,0,0E-8,,
run_ad71d751b20623006c195ff3,conditional,portfolio_day,2022-04-22,0E-8,0,0E-8,,
run_ad71d751b20623006c195ff3,conditional,portfolio_day,2022-04-23,0E-8,0,0E-8,,
run_ad71d751b20623006c195ff3,conditional,portfolio_day,2022-04-24,0E-8,0,0E-8,,
run_ad71d751b20623006c195ff3,conditional,portfolio_day,2022-04-25,0E-8,0,0E-8,,
run_ad71d751b20623006c195ff3,conditional,portfolio_day,2022-04-26,0E-8,0,0E-8,,
run_ad71d751b20623006c195ff3,conditional,portfolio_day,2022-04-27,0E-8,0,0E-8,,
run_ad71d751b20623006c195ff3,conditional,portfolio_day,2022-04-28,0E-8,0,0E-8,,
run_ad71d751b20623006c195ff3,conditional,portfolio_day,2022-04-29,0E-8,0,0E-8,,
run_ad71d751b20623006c195ff3,conditional,portfolio_day,2022-04-30,0E-8,0,0E-8,,
run_ad71d751b20623006c195ff3,conditional,portfolio_day,2022-05-01,0E-8,0,0E-8,,
run_ad71d751b20623006c195ff3,conditional,portfolio_day,2022-05-02,0E-8,0,0E-8,,
run_ad71d751b20623006c195ff3,conditional,portfolio_day,2022-05-03,0E-8,0,0E-8,,
run_ad71d751b20623006c195ff3,conditional,portfolio_day,2022-05-04,0E-8,0,0E-8,,
run_ad71d751b20623006c195ff3,conditional,portfolio_day,2022-05-05,0E-8,0,0E-8,,
run_ad71d751b20623006c195ff3,conditional,portfolio_day,2022-05-06,0E-8,0,0E-8,,
run_ad71d751b20623006c195ff3,conditional,portfolio_day,2022-05-07,0E-8,0,0E-8,,
run_ad71d751b20623006c195ff3,conditional,portfolio_day,2022-05-08,0E-8,0,0E-8,,
run_ad71d751b20623006c195ff3,conditional,portfolio_day,2022-05-09,0E-8,0,0E-8,,
run_ad71d751b20623006c195ff3,conditional,portfolio_day,2022-05-10,0E-8,0,0E-8,,
run_ad71d751b20623006c195ff3,conditional,portfolio_day,2022-05-11,0E-8,0,0E-8,,
run_ad71d751b20623006c195ff3,conditional,portfolio_day,2022-05-12,0E-8,0,0E-8,,
run_ad71d751b20623006c195ff3,conditional,portfolio_day,2022-05-13,0E-8,0,0E-8,,
run_ad71d751b20623006c195ff3,conditional,portfolio_day,2022-05-14,0E-8,0,0E-8,,
run_ad71d751b20623006c195ff3,conditional,portfolio_day,2022-05-15,0E-8,0,0E-8,,
run_ad71d751b20623006c195ff3,conditional,portfolio_day,2022-05-16,0E-8,0,0E-8,,
run_ad71d751b20623006c195ff3,conditional,portfolio_day,2022-05-17,0E-8,0,0E-8,,
run_ad71d751b20623006c195ff3,conditional,portfolio_day,2022-05-18,0E-8,0,0E-8,,
run_ad71d751b20623006c195ff3,conditional,portfolio_day,2022-05-19,0E-8,0,0E-8,,
run_ad71d751b20623006c195ff3,conditional,portfolio_day,2022-05-20,0E-8,0,0E-8,,
run_ad71d751b20623006c195ff3,conditional,portfolio_day,2022-05-21,0E-8,0,0E-8,,
run_ad71d751b20623006c195ff3,conditional,portfolio_day,2022-05-22,0E-8,0,0E-8,,
run_ad71d751b20623006c195ff3,conditional,portfolio_day,2022-05-23,0E-8,0,0E-8,,
run_ad71d751b20623006c195ff3,conditional,portfolio_day,2022-05-24,0E-8,0,0E-8,,
run_ad71d751b20623006c195ff3,conditional,portfolio_day,2022-05-25,0E-8,0,0E-8,,
run_ad71d751b20623006c195ff3,conditional,portfolio_day,2022-05-26,0E-8,0,0E-8,,
run_ad71d751b20623006c195ff3,conditional,portfolio_day,2022-05-27,0E-8,0,0E-8,,
run_ad71d751b20623006c195ff3,conditional,portfolio_day,2022-05-28,0E-8,0,0E-8,,
run_ad71d751b20623006c195ff3,conditional,portfolio_day,2022-05-29,0E-8,0,0E-8,,
run_ad71d751b20623006c195ff3,conditional,portfolio_day,2022-05-30,0E-8,0,0E-8,,
run_ad71d751b20623006c195ff3,conditional,portfolio_day,2022-05-31,0E-8,0,0E-8,,
run_ad71d751b20623006c195ff3,conditional,portfolio_day,2022-06-01,0E-8,0,0E-8,,
run_ad71d751b20623006c195ff3,conditional,portfolio_day,2022-06-02,0E-8,0,0E-8,,
run_ad71d751b20623006c195ff3,conditional,portfolio_day,2022-06-03,0E-8,0,0E-8,,
run_ad71d751b20623006c195ff3,conditional,portfolio_day,2022-06-04,0E-8,0,0E-8,,
run_ad71d751b20623006c195ff3,conditional,portfolio_day,2022-06-05,0E-8,0,0E-8,,
run_ad71d751b20623006c195ff3,conditional,portfolio_day,2022-06-06,0E-8,0,0E-8,,
run_ad71d751b20623006c195ff3,conditional,portfolio_day,2022-06-07,0E-8,0,0E-8,,
run_ad71d751b20623006c195ff3,conditional,portfolio_day,2022-06-08,0E-8,0,0E-8,,
run_ad71d751b20623006c195ff3,conditional,portfolio_day,2022-06-09,0E-8,0,0E-8,,
run_ad71d751b20623006c195ff3,conditional,portfolio_day,2022-06-10,0E-8,0,0E-8,,
run_ad71d751b20623006c195ff3,conditional,portfolio_day,2022-06-11,0E-8,0,0E-8,,
run_ad71d751b20623006c195ff3,conditional,portfolio_day,2022-06-12,0E-8,0,0E-8,,
run_ad71d751b20623006c195ff3,conditional,portfolio_day,2022-06-13,0E-8,0,0E-8,,
run_ad71d751b20623006c195ff3,conditional,portfolio_day,2022-06-14,0E-8,0,0E-8,,
run_ad71d751b20623006c195ff3,conditional,portfolio_day,2022-06-15,0E-8,0,0E-8,,
run_ad71d751b20623006c195ff3,conditional,portfolio_day,2022-06-16,0E-8,0,0E-8,,
run_ad71d751b20623006c195ff3,conditional,portfolio_day,2022-06-17,0E-8,0,0E-8,,
run_ad71d751b20623006c195ff3,conditional,portfolio_day,2022-06-18,0E-8,0,0E-8,,
run_ad71d751b20623006c195ff3,conditional,portfolio_day,2022-06-19,0E-8,0,0E-8,,
run_ad71d751b20623006c195ff3,conditional,portfolio_day,2022-06-20,0E-8,0,0E-8,,
run_ad71d751b20623006c195ff3,conditional,portfolio_day,2022-06-21,0E-8,0,0E-8,,
run_ad71d751b20623006c195ff3,conditional,portfolio_day,2022-06-22,0E-8,0,0E-8,,
run_ad71d751b20623006c195ff3,conditional,portfolio_day,2022-06-23,0E-8,0,0E-8,,
run_ad71d751b20623006c195ff3,conditional,portfolio_day,2022-06-24,0E-8,0,0E-8,,
run_ad71d751b20623006c195ff3,conditional,portfolio_day,2022-06-25,0E-8,0,0E-8,,
run_ad71d751b20623006c195ff3,conditional,portfolio_day,2022-06-26,0E-8,0,0E-8,,
run_ad71d751b20623006c195ff3,conditional,portfolio_day,2022-06-27,0E-8,0,0E-8,,
run_ad71d751b20623006c195ff3,conditional,portfolio_day,2022-06-28,0E-8,0,0E-8,,
run_ad71d751b20623006c195ff3,conditional,portfolio_day,2022-06-29,0E-8,0,0E-8,,
run_ad71d751b20623006c195ff3,conditional,portfolio_day,2022-06-30,0E-8,0,0E-8,,
run_ad71d751b20623006c195ff3,conditional,portfolio_day,2022-07-01,0E-8,0,0E-8,,
run_ad71d751b20623006c195ff3,conditional,portfolio_day,2022-07-02,0E-8,0,0E-8,,
run_ad71d751b20623006c195ff3,conditional,portfolio_day,2022-07-03,0E-8,0,0E-8,,
run_ad71d751b20623006c195ff3,conditional,portfolio_day,2022-07-04,0E-8,0,0E-8,,
run_ad71d751b20623006c195ff3,conditional,portfolio_day,2022-07-05,0E-8,0,0E-8,,
run_ad71d751b20623006c195ff3,conditional,portfolio_day,2022-07-06,0E-8,0,0E-8,,
run_ad71d751b20623006c195ff3,conditional,portfolio_day,2022-07-07,0E-8,0,0E-8,,
run_ad71d751b20623006c195ff3,conditional,portfolio_day,2022-07-08,0E-8,0,0E-8,,
run_ad71d751b20623006c195ff3,conditional,portfolio_day,2022-07-09,0E-8,0,0E-8,,
run_ad71d751b20623006c195ff3,conditional,portfolio_day,2022-07-10,0E-8,0,0E-8,,
run_ad71d751b20623006c195ff3,conditional,portfolio_day,2022-07-11,0E-8,0,0E-8,,
run_ad71d751b20623006c195ff3,conditional,portfolio_day,2022-07-12,0E-8,0,0E-8,,
run_ad71d751b20623006c195ff3,conditional,portfolio_day,2022-07-13,0E-8,0,0E-8,,
run_ad71d751b20623006c195ff3,conditional,portfolio_day,2022-07-14,0E-8,0,0E-8,,
run_ad71d751b20623006c195ff3,conditional,portfolio_day,2022-07-15,0E-8,0,0E-8,,
run_ad71d751b20623006c195ff3,conditional,portfolio_day,2022-07-16,0E-8,0,0E-8,,
run_ad71d751b20623006c195ff3,conditional,portfolio_day,2022-07-17,0E-8,0,0E-8,,
run_ad71d751b20623006c195ff3,conditional,portfolio_day,2022-07-18,0E-8,0,0E-8,,
run_ad71d751b20623006c195ff3,conditional,portfolio_day,2022-07-19,0E-8,0,0E-8,,
run_ad71d751b20623006c195ff3,conditional,portfolio_day,2022-07-20,0E-8,0,0E-8,,
run_ad71d751b20623006c195ff3,conditional,portfolio_day,2022-07-21,0E-8,0,0E-8,,
run_ad71d751b20623006c195ff3,conditional,portfolio_day,2022-07-22,0E-8,0,0E-8,,
run_ad71d751b20623006c195ff3,conditional,portfolio_day,2022-07-23,0E-8,0,0E-8,,
run_ad71d751b20623006c195ff3,conditional,portfolio_day,2022-07-24,0E-8,0,0E-8,,
run_ad71d751b20623006c195ff3,conditional,portfolio_day,2022-07-25,0E-8,0,0E-8,,
run_ad71d751b20623006c195ff3,conditional,portfolio_day,2022-07-26,0E-8,0,0E-8,,
run_ad71d751b20623006c195ff3,conditional,portfolio_day,2022-07-27,0E-8,0,0E-8,,
run_ad71d751b20623006c195ff3,conditional,portfolio_day,2022-07-28,0E-8,0,0E-8,,
run_ad71d751b20623006c195ff3,conditional,portfolio_day,2022-07-29,0E-8,0,0E-8,,
run_ad71d751b20623006c195ff3,conditional,portfolio_day,2022-07-30,0E-8,0,0E-8,,
run_ad71d751b20623006c195ff3,conditional,portfolio_day,2022-07-31,0E-8,0,0E-8,,
run_ad71d751b20623006c195ff3,conditional,portfolio_day,2022-08-01,0E-8,0,0E-8,,
run_ad71d751b20623006c195ff3,conditional,portfolio_day,2022-08-02,0E-8,0,0E-8,,
run_ad71d751b20623006c195ff3,conditional,portfolio_day,2022-08-03,0E-8,0,0E-8,,
run_ad71d751b20623006c195ff3,conditional,portfolio_day,2022-08-04,0E-8,0,0E-8,,
run_ad71d751b20623006c195ff3,conditional,portfolio_day,2022-08-05,0E-8,0,0E-8,,
run_ad71d751b20623006c195ff3,conditional,portfolio_day,2022-08-06,0E-8,0,0E-8,,
run_ad71d751b20623006c195ff3,conditional,portfolio_day,2022-08-07,0E-8,0,0E-8,,
run_ad71d751b20623006c195ff3,conditional,portfolio_day,2022-08-08,0E-8,0,0E-8,,
run_ad71d751b20623006c195ff3,conditional,portfolio_day,2022-08-09,0E-8,0,0E-8,,
run_ad71d751b20623006c195ff3,conditional,portfolio_day,2022-08-10,0E-8,0,0E-8,,
run_ad71d751b20623006c195ff3,conditional,portfolio_day,2022-08-11,0E-8,0,0E-8,,
run_ad71d751b20623006c195ff3,conditional,portfolio_day,2022-08-12,0E-8,0,0E-8,,
run_ad71d751b20623006c195ff3,conditional,portfolio_day,2022-08-13,0E-8,0,0E-8,,
run_ad71d751b20623006c195ff3,conditional,portfolio_day,2022-08-14,0E-8,0,0E-8,,
run_ad71d751b20623006c195ff3,conditional,portfolio_day,2022-08-15,0E-8,0,0E-8,,
run_ad71d751b20623006c195ff3,conditional,portfolio_day,2022-08-16,0E-8,0,0E-8,,
run_ad71d751b20623006c195ff3,conditional,portfolio_day,2022-08-17,0E-8,0,0E-8,,
run_ad71d751b20623006c195ff3,conditional,portfolio_day,2022-08-18,0E-8,0,0E-8,,
run_ad71d751b20623006c195ff3,conditional,portfolio_day,2022-08-19,0E-8,0,0E-8,,
run_ad71d751b20623006c195ff3,conditional,portfolio_day,2022-08-20,0E-8,0,0E-8,,
run_ad71d751b20623006c195ff3,conditional,portfolio_day,2022-08-21,0E-8,0,0E-8,,
run_ad71d751b20623006c195ff3,conditional,portfolio_day,2022-08-22,0E-8,0,0E-8,,
run_ad71d751b20623006c195ff3,conditional,portfolio_day,2022-08-23,0E-8,0,0E-8,,
run_ad71d751b20623006c195ff3,conditional,portfolio_day,2022-08-24,0E-8,0,0E-8,,
run_ad71d751b20623006c195ff3,conditional,portfolio_day,2022-08-25,0E-8,0,0E-8,,
run_ad71d751b20623006c195ff3,conditional,portfolio_day,2022-08-26,0E-8,0,0E-8,,
run_ad71d751b20623006c195ff3,conditional,portfolio_day,2022-08-27,0E-8,0,0E-8,,
run_ad71d751b20623006c195ff3,conditional,portfolio_day,2022-08-28,0E-8,0,0E-8,,
run_ad71d751b20623006c195ff3,conditional,portfolio_day,2022-08-29,0E-8,0,0E-8,,
run_ad71d751b20623006c195ff3,conditional,portfolio_day,2022-08-30,0E-8,0,0E-8,,
run_ad71d751b20623006c195ff3,conditional,portfolio_day,2022-08-31,0E-8,0,0E-8,,
run_ad71d751b20623006c195ff3,conditional,portfolio_day,2022-09-01,0E-8,0,0E-8,,
run_ad71d751b20623006c195ff3,conditional,portfolio_day,2022-09-02,0E-8,0,0E-8,,
run_ad71d751b20623006c195ff3,conditional,portfolio_day,2022-09-03,0E-8,0,0E-8,,
run_ad71d751b20623006c195ff3,conditional,portfolio_day,2022-09-04,0E-8,0,0E-8,,
run_ad71d751b20623006c195ff3,conditional,portfolio_day,2022-09-05,0E-8,0,0E-8,,
run_ad71d751b20623006c195ff3,conditional,portfolio_day,2022-09-06,0E-8,0,0E-8,,
run_ad71d751b20623006c195ff3,conditional,portfolio_day,2022-09-07,0E-8,0,0E-8,,
run_ad71d751b20623006c195ff3,conditional,portfolio_day,2022-09-08,0E-8,0,0E-8,,
run_ad71d751b20623006c195ff3,conditional,portfolio_day,2022-09-09,0E-8,0,0E-8,,
run_ad71d751b20623006c195ff3,conditional,portfolio_day,2022-09-10,0E-8,0,0E-8,,
run_ad71d751b20623006c195ff3,conditional,portfolio_day,2022-09-11,0E-8,0,0E-8,,
run_ad71d751b20623006c195ff3,conditional,portfolio_day,2022-09-12,0E-8,0,0E-8,,
run_ad71d751b20623006c195ff3,conditional,portfolio_day,2022-09-13,0E-8,0,0E-8,,
run_ad71d751b20623006c195ff3,conditional,portfolio_day,2022-09-14,0E-8,0,0E-8,,
run_ad71d751b20623006c195ff3,conditional,portfolio_day,2022-09-15,0E-8,0,0E-8,,
run_ad71d751b20623006c195ff3,conditional,portfolio_day,2022-09-16,0E-8,0,0E-8,,
run_ad71d751b20623006c195ff3,conditional,portfolio_day,2022-09-17,0E-8,0,0E-8,,
run_ad71d751b20623006c195ff3,conditional,portfolio_day,2022-09-18,0E-8,0,0E-8,,
run_ad71d751b20623006c195ff3,conditional,portfolio_day,2022-09-19,0E-8,0,0E-8,,
run_ad71d751b20623006c195ff3,conditional,portfolio_day,2022-09-20,0E-8,0,0E-8,,
run_ad71d751b20623006c195ff3,conditional,portfolio_day,2022-09-21,0E-8,0,0E-8,,
run_ad71d751b20623006c195ff3,conditional,portfolio_day,2022-09-22,0E-8,0,0E-8,,
run_ad71d751b20623006c195ff3,conditional,portfolio_day,2022-09-23,0E-8,0,0E-8,,
run_ad71d751b20623006c195ff3,conditional,portfolio_day,2022-09-24,0E-8,0,0E-8,,
run_ad71d751b20623006c195ff3,conditional,portfolio_day,2022-09-25,0E-8,0,0E-8,,
run_ad71d751b20623006c195ff3,conditional,portfolio_day,2022-09-26,0E-8,0,0E-8,,
run_ad71d751b20623006c195ff3,conditional,portfolio_day,2022-09-27,0E-8,0,0E-8,,
run_ad71d751b20623006c195ff3,conditional,portfolio_day,2022-09-28,0E-8,0,0E-8,,
run_ad71d751b20623006c195ff3,conditional,portfolio_day,2022-09-29,0E-8,0,0E-8,,
run_ad71d751b20623006c195ff3,conditional,portfolio_day,2022-09-30,0E-8,0,0E-8,,
run_ad71d751b20623006c195ff3,conditional,portfolio_day,2022-10-01,0E-8,0,0E-8,,
run_ad71d751b20623006c195ff3,conditional,portfolio_day,2022-10-02,0E-8,0,0E-8,,
run_ad71d751b20623006c195ff3,conditional,portfolio_day,2022-10-03,0E-8,0,0E-8,,
run_ad71d751b20623006c195ff3,conditional,portfolio_day,2022-10-04,0E-8,0,0E-8,,
run_ad71d751b20623006c195ff3,conditional,portfolio_day,2022-10-05,0E-8,0,0E-8,,
run_ad71d751b20623006c195ff3,conditional,portfolio_day,2022-10-06,0E-8,0,0E-8,,
run_ad71d751b20623006c195ff3,conditional,portfolio_day,2022-10-07,0E-8,0,0E-8,,
run_ad71d751b20623006c195ff3,conditional,portfolio_day,2022-10-08,0E-8,0,0E-8,,
run_ad71d751b20623006c195ff3,conditional,portfolio_day,2022-10-09,0E-8,0,0E-8,,
run_ad71d751b20623006c195ff3,conditional,portfolio_day,2022-10-10,0E-8,0,0E-8,,
run_ad71d751b20623006c195ff3,conditional,portfolio_day,2022-10-11,0E-8,0,0E-8,,
run_ad71d751b20623006c195ff3,conditional,portfolio_day,2022-10-12,0E-8,0,0E-8,,
run_ad71d751b20623006c195ff3,conditional,portfolio_day,2022-10-13,0E-8,0,0E-8,,
run_ad71d751b20623006c195ff3,conditional,portfolio_day,2022-10-14,0E-8,0,0E-8,,
run_ad71d751b20623006c195ff3,conditional,portfolio_day,2022-10-15,0E-8,0,0E-8,,
run_ad71d751b20623006c195ff3,conditional,portfolio_day,2022-10-16,0E-8,0,0E-8,,
run_ad71d751b20623006c195ff3,conditional,portfolio_day,2022-10-17,0E-8,0,0E-8,,
run_ad71d751b20623006c195ff3,conditional,portfolio_day,2022-10-18,0E-8,0,0E-8,,
run_ad71d751b20623006c195ff3,conditional,portfolio_day,2022-10-19,0E-8,0,0E-8,,
run_ad71d751b20623006c195ff3,conditional,portfolio_day,2022-10-20,0E-8,0,0E-8,,
run_ad71d751b20623006c195ff3,conditional,portfolio_day,2022-10-21,0E-8,0,0E-8,,
run_ad71d751b20623006c195ff3,conditional,portfolio_day,2022-10-22,0E-8,0,0E-8,,
run_ad71d751b20623006c195ff3,conditional,portfolio_day,2022-10-23,0E-8,0,0E-8,,
run_ad71d751b20623006c195ff3,conditional,portfolio_day,2022-10-24,0E-8,0,0E-8,,
run_ad71d751b20623006c195ff3,conditional,portfolio_day,2022-10-25,0E-8,0,0E-8,,
run_ad71d751b20623006c195ff3,conditional,portfolio_day,2022-10-26,0E-8,0,0E-8,,
run_ad71d751b20623006c195ff3,conditional,portfolio_day,2022-10-27,0E-8,0,0E-8,,
run_ad71d751b20623006c195ff3,conditional,portfolio_day,2022-10-28,0E-8,0,0E-8,,
run_ad71d751b20623006c195ff3,conditional,portfolio_day,2022-10-29,0E-8,0,0E-8,,
run_ad71d751b20623006c195ff3,conditional,portfolio_day,2022-10-30,0E-8,0,0E-8,,
run_ad71d751b20623006c195ff3,conditional,portfolio_day,2022-10-31,0E-8,0,0E-8,,
run_ad71d751b20623006c195ff3,conditional,portfolio_day,2022-11-01,0E-8,0,0E-8,,
run_ad71d751b20623006c195ff3,conditional,portfolio_day,2022-11-02,0E-8,0,0E-8,,
run_ad71d751b20623006c195ff3,conditional,portfolio_day,2022-11-03,0E-8,0,0E-8,,
run_ad71d751b20623006c195ff3,conditional,portfolio_day,2022-11-04,0E-8,0,0E-8,,
run_ad71d751b20623006c195ff3,conditional,portfolio_day,2022-11-05,0E-8,0,0E-8,,
run_ad71d751b20623006c195ff3,conditional,portfolio_day,2022-11-06,0E-8,0,0E-8,,
run_ad71d751b20623006c195ff3,conditional,portfolio_day,2022-11-07,0E-8,0,0E-8,,
run_ad71d751b20623006c195ff3,conditional,portfolio_day,2022-11-08,0E-8,0,0E-8,,
run_ad71d751b20623006c195ff3,conditional,portfolio_day,2022-11-09,0E-8,0,0E-8,,
run_ad71d751b20623006c195ff3,conditional,portfolio_day,2022-11-10,0E-8,0,0E-8,,
run_ad71d751b20623006c195ff3,conditional,portfolio_day,2022-11-11,0E-8,0,0E-8,,
run_ad71d751b20623006c195ff3,conditional,portfolio_day,2022-11-12,0E-8,0,0E-8,,
run_ad71d751b20623006c195ff3,conditional,portfolio_day,2022-11-13,0E-8,0,0E-8,,
run_ad71d751b20623006c195ff3,conditional,portfolio_day,2022-11-14,0E-8,0,0E-8,,
run_ad71d751b20623006c195ff3,conditional,portfolio_day,2022-11-15,0E-8,0,0E-8,,
run_ad71d751b20623006c195ff3,conditional,portfolio_day,2022-11-16,0E-8,0,0E-8,,
run_ad71d751b20623006c195ff3,conditional,portfolio_day,2022-11-17,0E-8,0,0E-8,,
run_ad71d751b20623006c195ff3,conditional,portfolio_day,2022-11-18,0E-8,0,0E-8,,
run_ad71d751b20623006c195ff3,conditional,portfolio_day,2022-11-19,0E-8,0,0E-8,,
run_ad71d751b20623006c195ff3,conditional,portfolio_day,2022-11-20,0E-8,0,0E-8,,
run_ad71d751b20623006c195ff3,conditional,portfolio_day,2022-11-21,0E-8,0,0E-8,,
run_ad71d751b20623006c195ff3,conditional,portfolio_day,2022-11-22,0E-8,0,0E-8,,
run_ad71d751b20623006c195ff3,conditional,portfolio_day,2022-11-23,0E-8,0,0E-8,,
run_ad71d751b20623006c195ff3,conditional,portfolio_day,2022-11-24,0E-8,0,0E-8,,
run_ad71d751b20623006c195ff3,conditional,portfolio_day,2022-11-25,0E-8,0,0E-8,,
run_ad71d751b20623006c195ff3,conditional,portfolio_day,2022-11-26,0E-8,0,0E-8,,
run_ad71d751b20623006c195ff3,conditional,portfolio_day,2022-11-27,0E-8,0,0E-8,,
run_ad71d751b20623006c195ff3,conditional,portfolio_day,2022-11-28,0E-8,0,0E-8,,
run_ad71d751b20623006c195ff3,conditional,portfolio_day,2022-11-29,0E-8,0,0E-8,,
run_ad71d751b20623006c195ff3,conditional,portfolio_day,2022-11-30,0E-8,0,0E-8,,
run_ad71d751b20623006c195ff3,conditional,portfolio_day,2022-12-01,0E-8,0,0E-8,,
run_ad71d751b20623006c195ff3,conditional,portfolio_day,2022-12-02,0E-8,0,0E-8,,
run_ad71d751b20623006c195ff3,conditional,portfolio_day,2022-12-03,0E-8,0,0E-8,,
run_ad71d751b20623006c195ff3,conditional,portfolio_day,2022-12-04,0E-8,0,0E-8,,
run_ad71d751b20623006c195ff3,conditional,portfolio_day,2022-12-05,0E-8,0,0E-8,,
run_ad71d751b20623006c195ff3,conditional,portfolio_day,2022-12-06,0E-8,0,0E-8,,
run_ad71d751b20623006c195ff3,conditional,portfolio_day,2022-12-07,0E-8,0,0E-8,,
run_ad71d751b20623006c195ff3,conditional,portfolio_day,2022-12-08,0E-8,0,0E-8,,
run_ad71d751b20623006c195ff3,conditional,portfolio_day,2022-12-09,0E-8,0,0E-8,,
run_ad71d751b20623006c195ff3,conditional,portfolio_day,2022-12-10,0E-8,0,0E-8,,
run_ad71d751b20623006c195ff3,conditional,portfolio_day,2022-12-11,0E-8,0,0E-8,,
run_ad71d751b20623006c195ff3,conditional,portfolio_day,2022-12-12,0E-8,0,0E-8,,
run_ad71d751b20623006c195ff3,conditional,portfolio_day,2022-12-13,0E-8,0,0E-8,,
run_ad71d751b20623006c195ff3,conditional,portfolio_day,2022-12-14,0E-8,0,0E-8,,
run_ad71d751b20623006c195ff3,conditional,portfolio_day,2022-12-15,0E-8,0,0E-8,,
run_ad71d751b20623006c195ff3,conditional,portfolio_day,2022-12-16,0E-8,0,0E-8,,
run_ad71d751b20623006c195ff3,conditional,portfolio_day,2022-12-17,0E-8,0,0E-8,,
run_ad71d751b20623006c195ff3,conditional,portfolio_day,2022-12-18,0E-8,0,0E-8,,
run_ad71d751b20623006c195ff3,conditional,portfolio_day,2022-12-19,0E-8,0,0E-8,,
run_ad71d751b20623006c195ff3,conditional,portfolio_day,2022-12-20,0E-8,0,0E-8,,
run_ad71d751b20623006c195ff3,conditional,portfolio_day,2022-12-21,0E-8,0,0E-8,,
run_ad71d751b20623006c195ff3,conditional,portfolio_day,2022-12-22,0E-8,0,0E-8,,
run_ad71d751b20623006c195ff3,conditional,portfolio_day,2022-12-23,0E-8,0,0E-8,,
run_ad71d751b20623006c195ff3,conditional,portfolio_day,2022-12-24,0E-8,0,0E-8,,
run_ad71d751b20623006c195ff3,conditional,portfolio_day,2022-12-25,0E-8,0,0E-8,,
run_ad71d751b20623006c195ff3,conditional,portfolio_day,2022-12-26,0E-8,0,0E-8,,
run_ad71d751b20623006c195ff3,conditional,portfolio_day,2022-12-27,0E-8,0,0E-8,,
run_ad71d751b20623006c195ff3,conditional,portfolio_day,2022-12-28,0E-8,0,0E-8,,
run_ad71d751b20623006c195ff3,conditional,portfolio_day,2022-12-29,0E-8,0,0E-8,,
run_ad71d751b20623006c195ff3,conditional,portfolio_day,2022-12-30,0E-8,0,0E-8,,
run_ad71d751b20623006c195ff3,conditional,portfolio_day,2022-12-31,0E-8,0,0E-8,,
run_ad71d751b20623006c195ff3,conditional,portfolio_day,2023-01-01,0E-8,0,0E-8,,
run_ad71d751b20623006c195ff3,conditional,portfolio_day,2023-01-02,0E-8,0,0E-8,,
run_ad71d751b20623006c195ff3,conditional,portfolio_day,2023-01-03,0E-8,0,0E-8,,
run_ad71d751b20623006c195ff3,conditional,portfolio_day,2023-01-04,0E-8,0,0E-8,,
run_ad71d751b20623006c195ff3,conditional,portfolio_day,2023-01-05,0E-8,0,0E-8,,
run_ad71d751b20623006c195ff3,conditional,portfolio_day,2023-01-06,0E-8,0,0E-8,,
run_ad71d751b20623006c195ff3,conditional,portfolio_day,2023-01-07,0E-8,0,0E-8,,
run_ad71d751b20623006c195ff3,conditional,portfolio_day,2023-01-08,0E-8,0,0E-8,,
run_ad71d751b20623006c195ff3,conditional,portfolio_day,2023-01-09,0E-8,0,0E-8,,
run_ad71d751b20623006c195ff3,conditional,portfolio_day,2023-01-10,0E-8,0,0E-8,,
run_ad71d751b20623006c195ff3,conditional,portfolio_day,2023-01-11,0E-8,0,0E-8,,
run_ad71d751b20623006c195ff3,conditional,portfolio_day,2023-01-12,0E-8,0,0E-8,,
run_ad71d751b20623006c195ff3,conditional,portfolio_day,2023-01-13,0E-8,0,0E-8,,
run_ad71d751b20623006c195ff3,conditional,portfolio_day,2023-01-14,-4.998134910000000,-4.998134910000000,0E-15,,
run_ad71d751b20623006c195ff3,conditional,portfolio_day,2023-01-15,-7.240065594500000,-7.240065594500000,0E-15,,
run_ad71d751b20623006c195ff3,conditional,portfolio_day,2023-01-16,2.9805327651930500000,2.9805327651930500000,0E-19,,
run_ad71d751b20623006c195ff3,conditional,portfolio_day,2023-01-17,1.1579076634283000000,1.1579076634283000000,0E-19,,
run_ad71d751b20623006c195ff3,conditional,portfolio_day,2023-01-18,0.8138132695441250000,0.8138132695441250000,0E-19,,
run_ad71d751b20623006c195ff3,conditional,portfolio_day,2023-01-19,0.3913358859086000000,0.3913358859086000000,0E-19,,
run_ad71d751b20623006c195ff3,conditional,portfolio_day,2023-01-20,0.1336301715996500000,0.1336301715996500000,0E-19,,
run_ad71d751b20623006c195ff3,conditional,portfolio_day,2023-01-21,0.6804005035613250000,0.6804005035613250000,0E-19,,
run_ad71d751b20623006c195ff3,conditional,portfolio_day,2023-01-22,1.1946003134721750000,1.1946003134721750000,0E-19,,
run_ad71d751b20623006c195ff3,conditional,portfolio_day,2023-01-23,1.4515208860253293800,1.4515208860253293800,0E-19,,
run_ad71d751b20623006c195ff3,conditional,portfolio_day,2023-01-24,1.7655482173352250000,1.7655482173352250000,0E-19,,
run_ad71d751b20623006c195ff3,conditional,portfolio_day,2023-01-25,1.3014682428282750000,1.3014682428282750000,0E-19,,
run_ad71d751b20623006c195ff3,conditional,portfolio_day,2023-01-26,0.7513058744424500000,0.7513058744424500000,0E-19,,
run_ad71d751b20623006c195ff3,conditional,portfolio_day,2023-01-27,1.7356537057862250000,1.7356537057862250000,0E-19,,
run_ad71d751b20623006c195ff3,conditional,portfolio_day,2023-01-28,-0.0759746256667500000,-0.0759746256667500000,0E-19,,
run_ad71d751b20623006c195ff3,conditional,portfolio_day,2023-01-29,-0.9827995980564250000,-0.9827995980564250000,0E-19,,
run_ad71d751b20623006c195ff3,conditional,portfolio_day,2023-01-30,2.7276956075950500000,2.7276956075950500000,0E-19,,
run_ad71d751b20623006c195ff3,conditional,portfolio_day,2023-01-31,0.8948899766324500000,0.8948899766324500000,0E-19,,
run_ad71d751b20623006c195ff3,conditional,portfolio_day,2023-02-01,0.5766093113591500000,0.5766093113591500000,0E-19,,
run_ad71d751b20623006c195ff3,conditional,portfolio_day,2023-02-02,0.0743112795355250000,0.0743112795355250000,0E-19,,
run_ad71d751b20623006c195ff3,conditional,portfolio_day,2023-02-03,1.5715811877147500000,1.5715811877147500000,0E-19,,
run_ad71d751b20623006c195ff3,conditional,portfolio_day,2023-02-04,1.3431028973042000000,1.3431028973042000000,0E-19,,
run_ad71d751b20623006c195ff3,conditional,portfolio_day,2023-02-05,1.0548004901907249999999998,1.05480049019072500000000,-2E-25,,
run_ad71d751b20623006c195ff3,conditional,portfolio_day,2023-02-06,1.6612976156000000000000000,1.66129761560000000000000,0E-25,,
run_ad71d751b20623006c195ff3,conditional,portfolio_day,2023-02-07,0.6015055658574240000000000,0.60150556585742400000000,0E-25,,
run_ad71d751b20623006c195ff3,conditional,portfolio_day,2023-02-08,0.4298299597131440000000000,0.42982995971314400000000,0E-25,,
run_ad71d751b20623006c195ff3,conditional,portfolio_day,2023-02-09,2.0562523738626160000000000,2.05625237386261600000000,0E-25,,
run_ad71d751b20623006c195ff3,conditional,portfolio_day,2023-02-10,0.6975733266652046704000000,0.69757332666520467040000,0E-25,,
run_ad71d751b20623006c195ff3,conditional,portfolio_day,2023-02-11,0.1290142424001713808000000,0.12901424240017138080000,0E-25,,
run_ad71d751b20623006c195ff3,conditional,portfolio_day,2023-02-12,-0.62770971315387403600000006,-0.62770971315387403600000,-6E-26,,
run_ad71d751b20623006c195ff3,conditional,portfolio_day,2023-02-13,0.31401581066484564620000000,0.31401581066484564620000,0E-26,,
run_ad71d751b20623006c195ff3,conditional,portfolio_day,2023-02-14,1.96047514833899337040000000,1.96047514833899337040000,0E-26,,
run_ad71d751b20623006c195ff3,conditional,portfolio_day,2023-02-15,-1.87997927214105963350000004,-1.87997927214105963350000,-4E-26,,
run_ad71d751b20623006c195ff3,conditional,portfolio_day,2023-02-16,-0.6520014580544800000000000,-0.65200145805448000000000,0E-25,,
run_ad71d751b20623006c195ff3,conditional,portfolio_day,2023-02-17,2.5582727086440380000000000,2.55827270864403800000000,0E-25,,
run_ad71d751b20623006c195ff3,conditional,portfolio_day,2023-02-18,1.1246637936366570000000000,1.12466379363665700000000,0E-25,,
run_ad71d751b20623006c195ff3,conditional,portfolio_day,2023-02-19,0.3441056909746800000000004,0.34410569097468000000000,4E-25,,
run_ad71d751b20623006c195ff3,conditional,portfolio_day,2023-02-20,0.3334865612744680000000000,0.33348656127446800000000,0E-25,,
run_ad71d751b20623006c195ff3,conditional,portfolio_day,2023-02-21,2.2041660471629900000000000,2.20416604716299000000000,0E-25,,
run_ad71d751b20623006c195ff3,conditional,portfolio_day,2023-02-22,1.5399338718272290000000000,1.53993387182722900000000,0E-25,,
run_ad71d751b20623006c195ff3,conditional,portfolio_day,2023-02-23,0.7518147882845832664000000,0.75181478828458326640000,0E-25,,
run_ad71d751b20623006c195ff3,conditional,portfolio_day,2023-02-24,-0.01966394358690233599999995,-0.01966394358690233600000,5E-26,,
run_ad71d751b20623006c195ff3,conditional,portfolio_day,2023-02-25,0.72942356642300000000000000,0.72942356642300000000000,0E-26,,
run_ad71d751b20623006c195ff3,conditional,portfolio_day,2023-02-26,-0.02289022202843997359999945,-0.02289022202843997360000,5.5E-25,,
run_ad71d751b20623006c195ff3,conditional,portfolio_day,2023-02-27,0.9293956521258589406000000,0.92939565212585894060000,0E-25,,
run_ad71d751b20623006c195ff3,conditional,portfolio_day,2023-02-28,0.16032076713678559099999996,0.16032076713678559100000,-4E-26,,
run_ad71d751b20623006c195ff3,conditional,portfolio_day,2023-03-01,0.81763219124787600000000004,0.81763219124787600000000,4E-26,,
run_ad71d751b20623006c195ff3,conditional,portfolio_day,2023-03-02,0.3689367923523362576000000,0.36893679235233625760000,0E-25,,
run_ad71d751b20623006c195ff3,conditional,portfolio_day,2023-03-03,0.76594779484115248539999996,0.76594779484115248540000,-4E-26,,
run_ad71d751b20623006c195ff3,conditional,portfolio_day,2023-03-04,0.26890480833285805280000000,0.26890480833285805280000,0E-26,,
run_ad71d751b20623006c195ff3,conditional,portfolio_day,2023-03-05,0.42987133517786141320000000,0.42987133517786141320000,0E-26,,
run_ad71d751b20623006c195ff3,conditional,portfolio_day,2023-03-06,0.42880180986451771200000000,0.42880180986451771200000,0E-26,,
run_ad71d751b20623006c195ff3,conditional,portfolio_day,2023-03-07,0.38868282579724474980000000,0.38868282579724474980000,0E-26,,
run_ad71d751b20623006c195ff3,conditional,portfolio_day,2023-03-08,0.79060403933843125960000000,0.79060403933843125960000,0E-26,,
run_ad71d751b20623006c195ff3,conditional,portfolio_day,2023-03-09,0.85876501440099381740000004,0.85876501440099381740000,4E-26,,
run_ad71d751b20623006c195ff3,conditional,portfolio_day,2023-03-10,-1.1955386170677646258000000,-1.19553861706776462580000,0E-25,,
run_ad71d751b20623006c195ff3,conditional,portfolio_day,2023-03-11,0.4628003565555125742000000,0.46280035655551257420000,0E-25,,
run_ad71d751b20623006c195ff3,conditional,portfolio_day,2023-03-12,1.59299622807454992920000064,1.59299622807454992920000,6.4E-25,,
run_ad71d751b20623006c195ff3,conditional,portfolio_day,2023-03-13,-3.65167458448290900000000004,-3.65167458448290900000000,-4E-26,,
run_ad71d751b20623006c195ff3,conditional,portfolio_day,2023-03-14,1.1845917231694380000000000,1.18459172316943800000000,0E-25,,
run_ad71d751b20623006c195ff3,conditional,portfolio_day,2023-03-15,4.0111358202738000000000000,4.01113582027380000000000,0E-25,,
run_ad71d751b20623006c195ff3,conditional,portfolio_day,2023-03-16,2.1342313721746470000000000,2.13423137217464700000000,0E-25,,
run_ad71d751b20623006c195ff3,conditional,portfolio_day,2023-03-17,-0.5087830396494000000000000,-0.50878303964940000000000,0E-25,,
run_ad71d751b20623006c195ff3,conditional,portfolio_day,2023-03-18,0.8597559979170120000000000,0.85975599791701200000000,0E-25,,
run_ad71d751b20623006c195ff3,conditional,portfolio_day,2023-03-19,1.5103461040651009999999999,1.51034610406510100000000,-1E-25,,
run_ad71d751b20623006c195ff3,conditional,portfolio_day,2023-03-20,1.1734342767754498200000000,1.17343427677544982000000,0E-25,,
run_ad71d751b20623006c195ff3,conditional,portfolio_day,2023-03-21,0.4624001711937994725000000,0.46240017119379947250000,0E-25,,
run_ad71d751b20623006c195ff3,conditional,portfolio_day,2023-03-22,-0.0921241258677111800000000,-0.09212412586771118000000,0E-25,,
run_ad71d751b20623006c195ff3,conditional,portfolio_day,2023-03-23,0.0396192886207704500000000,0.03961928862077045000000,0E-25,,
run_ad71d751b20623006c195ff3,conditional,portfolio_day,2023-03-24,35.9088755750000000000000000,35.90887557500000000000000,0E-25,,
run_ad71d751b20623006c195ff3,conditional,portfolio_day,2023-03-25,-0.0000654300000000000000000,-0.00006543000000000000000,0E-25,,
run_ad71d751b20623006c195ff3,conditional,portfolio_day,2023-03-26,0.0002880000000000000000000,0.00028800000000000000000,0E-25,,
run_ad71d751b20623006c195ff3,conditional,portfolio_day,2023-03-27,-0.0005348700000000000000000,-0.00053487000000000000000,0E-25,,
run_ad71d751b20623006c195ff3,conditional,portfolio_day,2023-03-28,0.0005194800000000000000000,0.00051948000000000000000,0E-25,,
run_ad71d751b20623006c195ff3,conditional,portfolio_day,2023-03-29,0.0001886400000000000000000,0.00018864000000000000000,0E-25,,
run_ad71d751b20623006c195ff3,conditional,portfolio_day,2023-03-30,-0.0000065700000000000000000,-0.00000657000000000000000,0E-25,,
run_ad71d751b20623006c195ff3,conditional,portfolio_day,2023-03-31,0.0002595600000000000000000,0.00025956000000000000000,0E-25,,
run_ad71d751b20623006c195ff3,conditional,portfolio_day,2023-04-01,-0.0000067500000000000000000,-0.00000675000000000000000,0E-25,,
run_ad71d751b20623006c195ff3,conditional,portfolio_day,2023-04-02,-0.0002296800000000000000000,-0.00022968000000000000000,0E-25,,
run_ad71d751b20623006c195ff3,conditional,portfolio_day,2023-04-03,0.0001307700000000000000000,0.00013077000000000000000,0E-25,,
run_ad71d751b20623006c195ff3,conditional,portfolio_day,2023-04-04,0.0005479200000000000000000,0.00054792000000000000000,0E-25,,
run_ad71d751b20623006c195ff3,conditional,portfolio_day,2023-04-05,0.0003461400000000000000000,0.00034614000000000000000,0E-25,,
run_ad71d751b20623006c195ff3,conditional,portfolio_day,2023-04-06,-0.0003321000000000000000000,-0.00033210000000000000000,0E-25,,
run_ad71d751b20623006c195ff3,conditional,portfolio_day,2023-04-07,-0.0000754200000000000000000,-0.00007542000000000000000,0E-25,,
run_ad71d751b20623006c195ff3,conditional,portfolio_day,2023-04-08,-0.0001365300000000000000000,-0.00013653000000000000000,0E-25,,
run_ad71d751b20623006c195ff3,conditional,portfolio_day,2023-04-09,0.0000918000000000000000000,0.00009180000000000000000,0E-25,,
run_ad71d751b20623006c195ff3,conditional,portfolio_day,2023-04-10,0.0004656600000000000000000,0.00046566000000000000000,0E-25,,
run_ad71d751b20623006c195ff3,conditional,portfolio_day,2023-04-11,-0.0001834200000000000000000,-0.00018342000000000000000,0E-25,,
run_ad71d751b20623006c195ff3,conditional,portfolio_day,2023-04-12,0.0002407500000000000000000,0.00024075000000000000000,0E-25,,
run_ad71d751b20623006c195ff3,conditional,portfolio_day,2023-04-13,0.0008439300000000000000000,0.00084393000000000000000,0E-25,,
run_ad71d751b20623006c195ff3,conditional,portfolio_day,2023-04-14,0.0008016300000000000000000,0.00080163000000000000000,0E-25,,
run_ad71d751b20623006c195ff3,conditional,portfolio_day,2023-04-15,-0.0000801000000000000000000,-0.00008010000000000000000,0E-25,,
run_ad71d751b20623006c195ff3,conditional,portfolio_day,2023-04-16,0.0002484900000000000000000,0.00024849000000000000000,0E-25,,
run_ad71d751b20623006c195ff3,conditional,portfolio_day,2023-04-17,-0.0003909600000000000000000,-0.00039096000000000000000,0E-25,,
run_ad71d751b20623006c195ff3,conditional,portfolio_day,2023-04-18,0.0002540700000000000000000,0.00025407000000000000000,0E-25,,
run_ad71d751b20623006c195ff3,conditional,portfolio_day,2023-04-19,-0.0015140700000000000000000,-0.00151407000000000000000,0E-25,,
run_ad71d751b20623006c195ff3,conditional,portfolio_day,2023-04-20,0.0000693000000000000000000,0.00006930000000000000000,0E-25,,
run_ad71d751b20623006c195ff3,conditional,portfolio_day,2023-04-21,-0.0008361900000000000000000,-0.00083619000000000000000,0E-25,,
run_ad71d751b20623006c195ff3,conditional,portfolio_day,2023-04-22,0.0002169000000000000000000,0.00021690000000000000000,0E-25,,
run_ad71d751b20623006c195ff3,conditional,portfolio_day,2023-04-23,-0.0001066500000000000000000,-0.00010665000000000000000,0E-25,,
run_ad71d751b20623006c195ff3,conditional,portfolio_day,2023-04-24,-0.0001747800000000000000000,-0.00017478000000000000000,0E-25,,
run_ad71d751b20623006c195ff3,conditional,portfolio_day,2023-04-25,0.0002149200000000000000000,0.00021492000000000000000,0E-25,,
run_ad71d751b20623006c195ff3,conditional,portfolio_day,2023-04-26,-0.0000013500000000000000000,-0.00000135000000000000000,0E-25,,
run_ad71d751b20623006c195ff3,conditional,portfolio_day,2023-04-27,0.0003856500000000000000000,0.00038565000000000000000,0E-25,,
run_ad71d751b20623006c195ff3,conditional,portfolio_day,2023-04-28,-0.0001621800000000000000000,-0.00016218000000000000000,0E-25,,
run_ad71d751b20623006c195ff3,conditional,portfolio_day,2023-04-29,0.0001491300000000000000000,0.00014913000000000000000,0E-25,,
run_ad71d751b20623006c195ff3,conditional,portfolio_day,2023-04-30,-0.0002821500000000000000000,-0.00028215000000000000000,0E-25,,
run_ad71d751b20623006c195ff3,conditional,portfolio_day,2023-05-01,-0.0004053600000000000000000,-0.00040536000000000000000,0E-25,,
run_ad71d751b20623006c195ff3,conditional,portfolio_day,2023-05-02,0.0003490200000000000000000,0.00034902000000000000000,0E-25,,
run_ad71d751b20623006c195ff3,conditional,portfolio_day,2023-05-03,0.0003079800000000000000000,0.00030798000000000000000,0E-25,,
run_ad71d751b20623006c195ff3,conditional,portfolio_day,2023-05-04,-0.0002452500000000000000000,-0.00024525000000000000000,0E-25,,
run_ad71d751b20623006c195ff3,conditional,portfolio_day,2023-05-05,0.0010444500000000000000000,0.00104445000000000000000,0E-25,,
run_ad71d751b20623006c195ff3,conditional,portfolio_day,2023-05-06,-0.0008676900000000000000000,-0.00086769000000000000000,0E-25,,
run_ad71d751b20623006c195ff3,conditional,portfolio_day,2023-05-07,-0.0002306700000000000000000,-0.00023067000000000000000,0E-25,,
run_ad71d751b20623006c195ff3,conditional,portfolio_day,2023-05-08,-0.0002129400000000000000000,-0.00021294000000000000000,0E-25,,
run_ad71d751b20623006c195ff3,conditional,portfolio_day,2023-05-09,-0.0000081000000000000000000,-0.00000810000000000000000,0E-25,,
run_ad71d751b20623006c195ff3,conditional,portfolio_day,2023-05-10,-0.0000502200000000000000000,-0.00005022000000000000000,0E-25,,
run_ad71d751b20623006c195ff3,conditional,portfolio_day,2023-05-11,-0.0004151700000000000000000,-0.00041517000000000000000,0E-25,,
run_ad71d751b20623006c195ff3,conditional,portfolio_day,2023-05-12,0.0001106100000000000000000,0.00011061000000000000000,0E-25,,
run_ad71d751b20623006c195ff3,conditional,portfolio_day,2023-05-13,-0.0001078200000000000000000,-0.00010782000000000000000,0E-25,,
run_ad71d751b20623006c195ff3,conditional,portfolio_day,2023-05-14,0.0000394200000000000000000,0.00003942000000000000000,0E-25,,
run_ad71d751b20623006c195ff3,conditional,portfolio_day,2023-05-15,0.0001586700000000000000000,0.00015867000000000000000,0E-25,,
run_ad71d751b20623006c195ff3,conditional,portfolio_day,2023-05-16,0.0000613800000000000000000,0.00006138000000000000000,0E-25,,
run_ad71d751b20623006c195ff3,conditional,portfolio_day,2023-05-17,-0.0000200700000000000000000,-0.00002007000000000000000,0E-25,,
run_ad71d751b20623006c195ff3,conditional,portfolio_day,2023-05-18,-0.0001817100000000000000000,-0.00018171000000000000000,0E-25,,
run_ad71d751b20623006c195ff3,conditional,portfolio_day,2023-05-19,0.0000954900000000000000000,0.00009549000000000000000,0E-25,,
run_ad71d751b20623006c195ff3,conditional,portfolio_day,2023-05-20,0.0000676800000000000000000,0.00006768000000000000000,0E-25,,
run_ad71d751b20623006c195ff3,conditional,portfolio_day,2023-05-21,-0.0001358100000000000000000,-0.00013581000000000000000,0E-25,,
run_ad71d751b20623006c195ff3,conditional,portfolio_day,2023-05-22,0.0001134900000000000000000,0.00011349000000000000000,0E-25,,
run_ad71d751b20623006c195ff3,conditional,portfolio_day,2023-05-23,0.0003318300000000000000000,0.00033183000000000000000,0E-25,,
run_ad71d751b20623006c195ff3,conditional,portfolio_day,2023-05-24,-0.0004863600000000000000000,-0.00048636000000000000000,0E-25,,
run_ad71d751b20623006c195ff3,conditional,portfolio_day,2023-05-25,0.0000508500000000000000000,0.00005085000000000000000,0E-25,,
run_ad71d751b20623006c195ff3,conditional,portfolio_day,2023-05-26,0.0002012400000000000000000,0.00020124000000000000000,0E-25,,
run_ad71d751b20623006c195ff3,conditional,portfolio_day,2023-05-27,0.0000168300000000000000000,0.00001683000000000000000,0E-25,,
run_ad71d751b20623006c195ff3,conditional,portfolio_day,2023-05-28,0.0007174800000000000000000,0.00071748000000000000000,0E-25,,
run_ad71d751b20623006c195ff3,conditional,portfolio_day,2023-05-29,-0.0001531800000000000000000,-0.00015318000000000000000,0E-25,,
run_ad71d751b20623006c195ff3,conditional,portfolio_day,2023-05-30,0.0000719100000000000000000,0.00007191000000000000000,0E-25,,
run_ad71d751b20623006c195ff3,conditional,portfolio_day,2023-05-31,-0.0002425500000000000000000,-0.00024255000000000000000,0E-25,,
run_ad71d751b20623006c195ff3,conditional,portfolio_day,2023-06-01,-0.0001089900000000000000000,-0.00010899000000000000000,0E-25,,
run_ad71d751b20623006c195ff3,conditional,portfolio_day,2023-06-02,0.0004048200000000000000000,0.00040482000000000000000,0E-25,,
run_ad71d751b20623006c195ff3,conditional,portfolio_day,2023-06-03,-0.0001300500000000000000000,-0.00013005000000000000000,0E-25,,
run_ad71d751b20623006c195ff3,conditional,portfolio_day,2023-06-04,-0.0000129600000000000000000,-0.00001296000000000000000,0E-25,,
run_ad71d751b20623006c195ff3,conditional,portfolio_day,2023-06-05,-0.0007128000000000000000000,-0.00071280000000000000000,0E-25,,
run_ad71d751b20623006c195ff3,conditional,portfolio_day,2023-06-06,0.0006559200000000000000000,0.00065592000000000000000,0E-25,,
run_ad71d751b20623006c195ff3,conditional,portfolio_day,2023-06-07,-0.0004688100000000000000000,-0.00046881000000000000000,0E-25,,
run_ad71d751b20623006c195ff3,conditional,portfolio_day,2023-06-08,0.0001210500000000000000000,0.00012105000000000000000,0E-25,,
run_ad71d751b20623006c195ff3,conditional,portfolio_day,2023-06-09,-0.0000474300000000000000000,-0.00004743000000000000000,0E-25,,
run_ad71d751b20623006c195ff3,conditional,portfolio_day,2023-06-10,-0.0007987500000000000000000,-0.00079875000000000000000,0E-25,,
run_ad71d751b20623006c195ff3,conditional,portfolio_day,2023-06-11,0.0000112500000000000000000,0.00001125000000000000000,0E-25,,
run_ad71d751b20623006c195ff3,conditional,portfolio_day,2023-06-12,-0.0000927900000000000000000,-0.00009279000000000000000,0E-25,,
run_ad71d751b20623006c195ff3,conditional,portfolio_day,2023-06-13,-0.0000298800000000000000000,-0.00002988000000000000000,0E-25,,
run_ad71d751b20623006c195ff3,conditional,portfolio_day,2023-06-14,-0.0007942500000000000000000,-0.00079425000000000000000,0E-25,,
run_ad71d751b20623006c195ff3,conditional,portfolio_day,2023-06-15,0.0001435500000000000000000,0.00014355000000000000000,0E-25,,
run_ad71d751b20623006c195ff3,conditional,portfolio_day,2023-06-16,0.0004586400000000000000000,0.00045864000000000000000,0E-25,,
run_ad71d751b20623006c195ff3,conditional,portfolio_day,2023-06-17,0.0000885600000000000000000,0.00008856000000000000000,0E-25,,
run_ad71d751b20623006c195ff3,conditional,portfolio_day,2023-06-18,-0.0000612000000000000000000,-0.00006120000000000000000,0E-25,,
run_ad71d751b20623006c195ff3,conditional,portfolio_day,2023-06-19,0.0001507500000000000000000,0.00015075000000000000000,0E-25,,
run_ad71d751b20623006c195ff3,conditional,portfolio_day,2023-06-20,0.0004845600000000000000000,0.00048456000000000000000,0E-25,,
run_ad71d751b20623006c195ff3,conditional,portfolio_day,2023-06-21,0.0008917200000000000000000,0.00089172000000000000000,0E-25,,
run_ad71d751b20623006c195ff3,conditional,portfolio_day,2023-06-22,-0.0001596600000000000000000,-0.00015966000000000000000,0E-25,,
run_ad71d751b20623006c195ff3,conditional,portfolio_day,2023-06-23,0.0001717200000000000000000,0.00017172000000000000000,0E-25,,
run_ad71d751b20623006c195ff3,conditional,portfolio_day,2023-06-24,-0.0001531800000000000000000,-0.00015318000000000000000,0E-25,,
run_ad71d751b20623006c195ff3,conditional,portfolio_day,2023-06-25,0.0002189700000000000000000,0.00021897000000000000000,0E-25,,
run_ad71d751b20623006c195ff3,conditional,portfolio_day,2023-06-26,-0.0003627000000000000000000,-0.00036270000000000000000,0E-25,,
run_ad71d751b20623006c195ff3,conditional,portfolio_day,2023-06-27,0.0002723400000000000000000,0.00027234000000000000000,0E-25,,
run_ad71d751b20623006c195ff3,conditional,portfolio_day,2023-06-28,-0.0005514300000000000000000,-0.00055143000000000000000,0E-25,,
run_ad71d751b20623006c195ff3,conditional,portfolio_day,2023-06-29,0.0002153700000000000000000,0.00021537000000000000000,0E-25,,
run_ad71d751b20623006c195ff3,conditional,portfolio_day,2023-06-30,0.0007299900000000000000000,0.00072999000000000000000,0E-25,,
run_ad71d751b20623006c195ff3,conditional,portfolio_day,2023-07-01,-0.0000764100000000000000000,-0.00007641000000000000000,0E-25,,
run_ad71d751b20623006c195ff3,conditional,portfolio_day,2023-07-02,0.0001144800000000000000000,0.00011448000000000000000,0E-25,,
run_ad71d751b20623006c195ff3,conditional,portfolio_day,2023-07-03,0.0001666800000000000000000,0.00016668000000000000000,0E-25,,
run_ad71d751b20623006c195ff3,conditional,portfolio_day,2023-07-04,-0.0001778400000000000000000,-0.00017784000000000000000,0E-25,,
run_ad71d751b20623006c195ff3,conditional,portfolio_day,2023-07-05,-0.0002315700000000000000000,-0.00023157000000000000000,0E-25,,
run_ad71d751b20623006c195ff3,conditional,portfolio_day,2023-07-06,-0.0005568300000000000000000,-0.00055683000000000000000,0E-25,,
run_ad71d751b20623006c195ff3,conditional,portfolio_day,2023-07-07,0.0002026800000000000000000,0.00020268000000000000000,0E-25,,
run_ad71d751b20623006c195ff3,conditional,portfolio_day,2023-07-08,-0.0000510300000000000000000,-0.00005103000000000000000,0E-25,,
run_ad71d751b20623006c195ff3,conditional,portfolio_day,2023-07-09,-0.0000211500000000000000000,-0.00002115000000000000000,0E-25,,
run_ad71d751b20623006c195ff3,conditional,portfolio_day,2023-07-10,0.0001576800000000000000000,0.00015768000000000000000,0E-25,,
run_ad71d751b20623006c195ff3,conditional,portfolio_day,2023-07-11,-0.0000208800000000000000000,-0.00002088000000000000000,0E-25,,
run_ad71d751b20623006c195ff3,conditional,portfolio_day,2023-07-12,-0.0000529200000000000000000,-0.00005292000000000000000,0E-25,,
run_ad71d751b20623006c195ff3,conditional,portfolio_day,2023-07-13,0.0012005100000000000000000,0.00120051000000000000000,0E-25,,
run_ad71d751b20623006c195ff3,conditional,portfolio_day,2023-07-14,-0.0006101100000000000000000,-0.00061011000000000000000,0E-25,,
run_ad71d751b20623006c195ff3,conditional,portfolio_day,2023-07-15,-0.0000601200000000000000000,-0.00006012000000000000000,0E-25,,
run_ad71d751b20623006c195ff3,conditional,portfolio_day,2023-07-16,-0.0000789300000000000000000,-0.00007893000000000000000,0E-25,,
run_ad71d751b20623006c195ff3,conditional,portfolio_day,2023-07-17,-0.0001004400000000000000000,-0.00010044000000000000000,0E-25,,
run_ad71d751b20623006c195ff3,conditional,portfolio_day,2023-07-18,-0.0001227600000000000000000,-0.00012276000000000000000,0E-25,,
run_ad71d751b20623006c195ff3,conditional,portfolio_day,2023-07-19,-0.0000837000000000000000000,-0.00008370000000000000000,0E-25,,
run_ad71d751b20623006c195ff3,conditional,portfolio_day,2023-07-20,0.0000235800000000000000000,0.00002358000000000000000,0E-25,,
run_ad71d751b20623006c195ff3,conditional,portfolio_day,2023-07-21,0.0000062100000000000000000,0.00000621000000000000000,0E-25,,
run_ad71d751b20623006c195ff3,conditional,portfolio_day,2023-07-22,-0.0002322900000000000000000,-0.00023229000000000000000,0E-25,,
run_ad71d751b20623006c195ff3,conditional,portfolio_day,2023-07-23,0.0002127600000000000000000,0.00021276000000000000000,0E-25,,
run_ad71d751b20623006c195ff3,conditional,portfolio_day,2023-07-24,-0.0003553200000000000000000,-0.00035532000000000000000,0E-25,,
run_ad71d751b20623006c195ff3,conditional,portfolio_day,2023-07-25,0.0000709200000000000000000,0.00007092000000000000000,0E-25,,
run_ad71d751b20623006c195ff3,conditional,portfolio_day,2023-07-26,0.0001278000000000000000000,0.00012780000000000000000,0E-25,,
run_ad71d751b20623006c195ff3,conditional,portfolio_day,2023-07-27,-0.0000963900000000000000000,-0.00009639000000000000000,0E-25,,
run_ad71d751b20623006c195ff3,conditional,portfolio_day,2023-07-28,0.0001164600000000000000000,0.00011646000000000000000,0E-25,,
run_ad71d751b20623006c195ff3,conditional,portfolio_day,2023-07-29,0.0000560700000000000000000,0.00005607000000000000000,0E-25,,
run_ad71d751b20623006c195ff3,conditional,portfolio_day,2023-07-30,-0.0001681200000000000000000,-0.00016812000000000000000,0E-25,,
run_ad71d751b20623006c195ff3,conditional,portfolio_day,2023-07-31,-0.0000508500000000000000000,-0.00005085000000000000000,0E-25,,
run_ad71d751b20623006c195ff3,conditional,portfolio_day,2023-08-01,0.0001448100000000000000000,0.00014481000000000000000,0E-25,,
run_ad71d751b20623006c195ff3,conditional,portfolio_day,2023-08-02,-0.0002880900000000000000000,-0.00028809000000000000000,0E-25,,
run_ad71d751b20623006c195ff3,conditional,portfolio_day,2023-08-03,-0.0000382500000000000000000,-0.00003825000000000000000,0E-25,,
run_ad71d751b20623006c195ff3,conditional,portfolio_day,2023-08-04,-0.0000514800000000000000000,-0.00005148000000000000000,0E-25,,
run_ad71d751b20623006c195ff3,conditional,portfolio_day,2023-08-05,0.0000560700000000000000000,0.00005607000000000000000,0E-25,,
run_ad71d751b20623006c195ff3,conditional,portfolio_day,2023-08-06,-0.0000557100000000000000000,-0.00005571000000000000000,0E-25,,
run_ad71d751b20623006c195ff3,conditional,portfolio_day,2023-08-07,-0.0000106200000000000000000,-0.00001062000000000000000,0E-25,,
run_ad71d751b20623006c195ff3,conditional,portfolio_day,2023-08-08,0.0002439900000000000000000,0.00024399000000000000000,0E-25,,
run_ad71d751b20623006c195ff3,conditional,portfolio_day,2023-08-09,-0.0000089100000000000000000,-0.00000891000000000000000,0E-25,,
run_ad71d751b20623006c195ff3,conditional,portfolio_day,2023-08-10,-0.0000247500000000000000000,-0.00002475000000000000000,0E-25,,
run_ad71d751b20623006c195ff3,conditional,portfolio_day,2023-08-11,-0.0000315900000000000000000,-0.00003159000000000000000,0E-25,,
run_ad71d751b20623006c195ff3,conditional,portfolio_day,2023-08-12,0.0000088200000000000000000,0.00000882000000000000000,0E-25,,
run_ad71d751b20623006c195ff3,conditional,portfolio_day,2023-08-13,-0.0000828900000000000000000,-0.00008289000000000000000,0E-25,,
run_ad71d751b20623006c195ff3,conditional,portfolio_day,2023-08-14,0.0000429300000000000000000,0.00004293000000000000000,0E-25,,
run_ad71d751b20623006c195ff3,conditional,portfolio_day,2023-08-15,-0.0001506600000000000000000,-0.00015066000000000000000,0E-25,,
run_ad71d751b20623006c195ff3,conditional,portfolio_day,2023-08-16,-0.0001884600000000000000000,-0.00018846000000000000000,0E-25,,
run_ad71d751b20623006c195ff3,conditional,portfolio_day,2023-08-17,-0.0011046600000000000000000,-0.00110466000000000000000,0E-25,,
run_ad71d751b20623006c195ff3,conditional,portfolio_day,2023-08-18,-0.0002151000000000000000000,-0.00021510000000000000000,0E-25,,
run_ad71d751b20623006c195ff3,conditional,portfolio_day,2023-08-19,0.0000756900000000000000000,0.00007569000000000000000,0E-25,,
run_ad71d751b20623006c195ff3,conditional,portfolio_day,2023-08-20,0.0001373400000000000000000,0.00013734000000000000000,0E-25,,
run_ad71d751b20623006c195ff3,conditional,portfolio_day,2023-08-21,-0.0001557000000000000000000,-0.00015570000000000000000,0E-25,,
run_ad71d751b20623006c195ff3,conditional,portfolio_day,2023-08-22,-0.0002947500000000000000000,-0.00029475000000000000000,0E-25,,
run_ad71d751b20623006c195ff3,conditional,portfolio_day,2023-08-23,0.0004050000000000000000000,0.00040500000000000000000,0E-25,,
run_ad71d751b20623006c195ff3,conditional,portfolio_day,2023-08-24,-0.0001705500000000000000000,-0.00017055000000000000000,0E-25,,
run_ad71d751b20623006c195ff3,conditional,portfolio_day,2023-08-25,-0.0000642600000000000000000,-0.00006426000000000000000,0E-25,,
run_ad71d751b20623006c195ff3,conditional,portfolio_day,2023-08-26,-0.0000600300000000000000000,-0.00006003000000000000000,0E-25,,
run_ad71d751b20623006c195ff3,conditional,portfolio_day,2023-08-27,0.0001015200000000000000000,0.00010152000000000000000,0E-25,,
run_ad71d751b20623006c195ff3,conditional,portfolio_day,2023-08-28,-0.0000455400000000000000000,-0.00004554000000000000000,0E-25,,
run_ad71d751b20623006c195ff3,conditional,portfolio_day,2023-08-29,0.0006880500000000000000000,0.00068805000000000000000,0E-25,,
run_ad71d751b20623006c195ff3,conditional,portfolio_day,2023-08-30,-0.0002253600000000000000000,-0.00022536000000000000000,0E-25,,
run_ad71d751b20623006c195ff3,conditional,portfolio_day,2023-08-31,-0.0005301900000000000000000,-0.00053019000000000000000,0E-25,,
run_ad71d751b20623006c195ff3,conditional,portfolio_day,2023-09-01,-0.0001514700000000000000000,-0.00015147000000000000000,0E-25,,
run_ad71d751b20623006c195ff3,conditional,portfolio_day,2023-09-02,0.0000743400000000000000000,0.00007434000000000000000,0E-25,,
run_ad71d751b20623006c195ff3,conditional,portfolio_day,2023-09-03,-0.0000121500000000000000000,-0.00001215000000000000000,0E-25,,
run_ad71d751b20623006c195ff3,conditional,portfolio_day,2023-09-04,-0.0000515700000000000000000,-0.00005157000000000000000,0E-25,,
run_ad71d751b20623006c195ff3,conditional,portfolio_day,2023-09-05,0.0000377100000000000000000,0.00003771000000000000000,0E-25,,
run_ad71d751b20623006c195ff3,conditional,portfolio_day,2023-09-06,-0.0000103500000000000000000,-0.00001035000000000000000,0E-25,,
run_ad71d751b20623006c195ff3,conditional,portfolio_day,2023-09-07,0.0001338300000000000000000,0.00013383000000000000000,0E-25,,
run_ad71d751b20623006c195ff3,conditional,portfolio_day,2023-09-08,-0.0001042200000000000000000,-0.00010422000000000000000,0E-25,,
run_ad71d751b20623006c195ff3,conditional,portfolio_day,2023-09-09,-0.0000081900000000000000000,-0.00000819000000000000000,0E-25,,
run_ad71d751b20623006c195ff3,conditional,portfolio_day,2023-09-10,-0.0001629900000000000000000,-0.00016299000000000000000,0E-25,,
run_ad71d751b20623006c195ff3,conditional,portfolio_day,2023-09-11,-0.0005886000000000000000000,-0.00058860000000000000000,0E-25,,
run_ad71d751b20623006c195ff3,conditional,portfolio_day,2023-09-12,0.0003639600000000000000000,0.00036396000000000000000,0E-25,,
run_ad71d751b20623006c195ff3,conditional,portfolio_day,2023-09-13,0.0001364400000000000000000,0.00013644000000000000000,0E-25,,
run_ad71d751b20623006c195ff3,conditional,portfolio_day,2023-09-14,0.0001715400000000000000000,0.00017154000000000000000,0E-25,,
run_ad71d751b20623006c195ff3,conditional,portfolio_day,2023-09-15,0.0001301400000000000000000,0.00013014000000000000000,0E-25,,
run_ad71d751b20623006c195ff3,conditional,portfolio_day,2023-09-16,-0.0000607500000000000000000,-0.00006075000000000000000,0E-25,,
run_ad71d751b20623006c195ff3,conditional,portfolio_day,2023-09-17,-0.0001085400000000000000000,-0.00010854000000000000000,0E-25,,
run_ad71d751b20623006c195ff3,conditional,portfolio_day,2023-09-18,0.0001292400000000000000000,0.00012924000000000000000,0E-25,,
run_ad71d751b20623006c195ff3,conditional,portfolio_day,2023-09-19,0.0000571500000000000000000,0.00005715000000000000000,0E-25,,
run_ad71d751b20623006c195ff3,conditional,portfolio_day,2023-09-20,-0.0001813500000000000000000,-0.00018135000000000000000,0E-25,,
run_ad71d751b20623006c195ff3,conditional,portfolio_day,2023-09-21,-0.0003474000000000000000000,-0.00034740000000000000000,0E-25,,
run_ad71d751b20623006c195ff3,conditional,portfolio_day,2023-09-22,0.0000790200000000000000000,0.00007902000000000000000,0E-25,,
run_ad71d751b20623006c195ff3,conditional,portfolio_day,2023-09-23,0.0000071100000000000000000,0.00000711000000000000000,0E-25,,
run_ad71d751b20623006c195ff3,conditional,portfolio_day,2023-09-24,-0.0001201500000000000000000,-0.00012015000000000000000,0E-25,,
run_ad71d751b20623006c195ff3,conditional,portfolio_day,2023-09-25,0.0000729900000000000000000,0.00007299000000000000000,0E-25,,
run_ad71d751b20623006c195ff3,conditional,portfolio_day,2023-09-26,0.0000486000000000000000000,0.00004860000000000000000,0E-25,,
run_ad71d751b20623006c195ff3,conditional,portfolio_day,2023-09-27,0.0000402300000000000000000,0.00004023000000000000000,0E-25,,
run_ad71d751b20623006c195ff3,conditional,portfolio_day,2023-09-28,0.0004892400000000000000000,0.00048924000000000000000,0E-25,,
run_ad71d751b20623006c195ff3,conditional,portfolio_day,2023-09-29,0.0001337400000000000000000,0.00013374000000000000000,0E-25,,
run_ad71d751b20623006c195ff3,conditional,portfolio_day,2023-09-30,0.0000288900000000000000000,0.00002889000000000000000,0E-25,,
run_ad71d751b20623006c195ff3,conditional,portfolio_day,2023-10-01,0.0005678100000000000000000,0.00056781000000000000000,0E-25,,
run_ad71d751b20623006c195ff3,conditional,portfolio_day,2023-10-02,-0.0006400800000000000000000,-0.00064008000000000000000,0E-25,,
run_ad71d751b20623006c195ff3,conditional,portfolio_day,2023-10-03,-0.0000532800000000000000000,-0.00005328000000000000000,0E-25,,
run_ad71d751b20623006c195ff3,conditional,portfolio_day,2023-10-04,-0.0000895500000000000000000,-0.00008955000000000000000,0E-25,,
run_ad71d751b20623006c195ff3,conditional,portfolio_day,2023-10-05,-0.0003206700000000000000000,-0.00032067000000000000000,0E-25,,
run_ad71d751b20623006c195ff3,conditional,portfolio_day,2023-10-06,0.0003034800000000000000000,0.00030348000000000000000,0E-25,,
run_ad71d751b20623006c195ff3,conditional,portfolio_day,2023-10-07,-0.0001046700000000000000000,-0.00010467000000000000000,0E-25,,
run_ad71d751b20623006c195ff3,conditional,portfolio_day,2023-10-08,-0.0000057600000000000000000,-0.00000576000000000000000,0E-25,,
run_ad71d751b20623006c195ff3,conditional,portfolio_day,2023-10-09,-0.0004795200000000000000000,-0.00047952000000000000000,0E-25,,
run_ad71d751b20623006c195ff3,conditional,portfolio_day,2023-10-10,-0.0001080000000000000000000,-0.00010800000000000000000,0E-25,,
run_ad71d751b20623006c195ff3,conditional,portfolio_day,2023-10-11,-0.0000075600000000000000000,-0.00000756000000000000000,0E-25,,
run_ad71d751b20623006c195ff3,conditional,portfolio_day,2023-10-12,-0.0002405700000000000000000,-0.00024057000000000000000,0E-25,,
run_ad71d751b20623006c195ff3,conditional,portfolio_day,2023-10-13,0.0001092600000000000000000,0.00010926000000000000000,0E-25,,
run_ad71d751b20623006c195ff3,conditional,portfolio_day,2023-10-14,0.0000264600000000000000000,0.00002646000000000000000,0E-25,,
run_ad71d751b20623006c195ff3,conditional,portfolio_day,2023-10-15,0.0000230400000000000000000,0.00002304000000000000000,0E-25,,
run_ad71d751b20623006c195ff3,conditional,portfolio_day,2023-10-16,0.0003765600000000000000000,0.00037656000000000000000,0E-25,,
run_ad71d751b20623006c195ff3,conditional,portfolio_day,2023-10-17,-0.0003102300000000000000000,-0.00031023000000000000000,0E-25,,
run_ad71d751b20623006c195ff3,conditional,portfolio_day,2023-10-18,-0.0000139500000000000000000,-0.00001395000000000000000,0E-25,,
run_ad71d751b20623006c195ff3,conditional,portfolio_day,2023-10-19,0.0000280800000000000000000,0.00002808000000000000000,0E-25,,
run_ad71d751b20623006c195ff3,conditional,portfolio_day,2023-10-20,0.0003357900000000000000000,0.00033579000000000000000,0E-25,,
run_ad71d751b20623006c195ff3,conditional,portfolio_day,2023-10-21,0.0002255400000000000000000,0.00022554000000000000000,0E-25,,
run_ad71d751b20623006c195ff3,conditional,portfolio_day,2023-10-22,0.0003079800000000000000000,0.00030798000000000000000,0E-25,,
run_ad71d751b20623006c195ff3,conditional,portfolio_day,2023-10-23,0.0009092700000000000000000,0.00090927000000000000000,0E-25,,
run_ad71d751b20623006c195ff3,conditional,portfolio_day,2023-10-24,0.0001809900000000000000000,0.00018099000000000000000,0E-25,,
run_ad71d751b20623006c195ff3,conditional,portfolio_day,2023-10-25,0.0000230400000000000000000,0.00002304000000000000000,0E-25,,
run_ad71d751b20623006c195ff3,conditional,portfolio_day,2023-10-26,0.0001462500000000000000000,0.00014625000000000000000,0E-25,,
run_ad71d751b20623006c195ff3,conditional,portfolio_day,2023-10-27,-0.0002119500000000000000000,-0.00021195000000000000000,0E-25,,
run_ad71d751b20623006c195ff3,conditional,portfolio_day,2023-10-28,-0.0000302400000000000000000,-0.00003024000000000000000,0E-25,,
run_ad71d751b20623006c195ff3,conditional,portfolio_day,2023-10-29,0.0001672200000000000000000,0.00016722000000000000000,0E-25,,
run_ad71d751b20623006c195ff3,conditional,portfolio_day,2023-10-30,0.0001282500000000000000000,0.00012825000000000000000,0E-25,,
run_ad71d751b20623006c195ff3,conditional,portfolio_day,2023-10-31,0.0000620100000000000000000,0.00006201000000000000000,0E-25,,
run_ad71d751b20623006c195ff3,conditional,portfolio_day,2023-11-01,0.0002742300000000000000000,0.00027423000000000000000,0E-25,,
run_ad71d751b20623006c195ff3,conditional,portfolio_day,2023-11-02,-0.0004152600000000000000000,-0.00041526000000000000000,0E-25,,
run_ad71d751b20623006c195ff3,conditional,portfolio_day,2023-11-03,0.0002802600000000000000000,0.00028026000000000000000,0E-25,,
run_ad71d751b20623006c195ff3,conditional,portfolio_day,2023-11-04,0.0002246400000000000000000,0.00022464000000000000000,0E-25,,
run_ad71d751b20623006c195ff3,conditional,portfolio_day,2023-11-05,0.0003260700000000000000000,0.00032607000000000000000,0E-25,,
run_ad71d751b20623006c195ff3,conditional,portfolio_day,2023-11-06,0.0000597600000000000000000,0.00005976000000000000000,0E-25,,
run_ad71d751b20623006c195ff3,conditional,portfolio_day,2023-11-07,-0.0001160100000000000000000,-0.00011601000000000000000,0E-25,,
run_ad71d751b20623006c195ff3,conditional,portfolio_day,2023-11-08,0.0000219600000000000000000,0.00002196000000000000000,0E-25,,
run_ad71d751b20623006c195ff3,conditional,portfolio_day,2023-11-09,2.2756963577000000000000000,2.27569635770000000000000,0E-25,,
run_ad71d751b20623006c195ff3,conditional,portfolio_day,2023-11-10,3.6828380158417074382000000,3.68283801584170743820000,0E-25,,
run_ad71d751b20623006c195ff3,conditional,portfolio_day,2023-11-11,0.8363907383326521656000000,0.83639073833265216560000,0E-25,,
run_ad71d751b20623006c195ff3,conditional,portfolio_day,2023-11-12,-3.4192719353458000000000000,-3.41927193534580000000000,0E-25,,
run_ad71d751b20623006c195ff3,conditional,portfolio_day,2023-11-13,5.7464948893505244654000000,5.74649488935052446540000,0E-25,,
run_ad71d751b20623006c195ff3,conditional,portfolio_day,2023-11-14,2.7219765435363278715000000,2.72197654353632787150000,0E-25,,
run_ad71d751b20623006c195ff3,conditional,portfolio_day,2023-11-15,1.2139743837039530000000000,1.21397438370395300000000,0E-25,,
run_ad71d751b20623006c195ff3,conditional,portfolio_day,2023-11-16,3.3456566677149940000000000,3.34565666771499400000000,0E-25,,
run_ad71d751b20623006c195ff3,conditional,portfolio_day,2023-11-17,1.5452735720773570000000000,1.54527357207735700000000,0E-25,,
run_ad71d751b20623006c195ff3,conditional,portfolio_day,2023-11-18,2.0479861052931130000000000,2.04798610529311300000000,0E-25,,
run_ad71d751b20623006c195ff3,conditional,portfolio_day,2023-11-19,0.7961182854122370000000000,0.79611828541223700000000,0E-25,,
run_ad71d751b20623006c195ff3,conditional,portfolio_day,2023-11-20,1.4363015657129600000000000,1.43630156571296000000000,0E-25,,
run_ad71d751b20623006c195ff3,conditional,portfolio_day,2023-11-21,3.0857897014116360000000000,3.08578970141163600000000,0E-25,,
run_ad71d751b20623006c195ff3,conditional,portfolio_day,2023-11-22,1.3446280232703370000000000,1.34462802327033700000000,0E-25,,
run_ad71d751b20623006c195ff3,conditional,portfolio_day,2023-11-23,3.2900510324007490000000000,3.29005103240074900000000,0E-25,,
run_ad71d751b20623006c195ff3,conditional,portfolio_day,2023-11-24,2.4535936950047740000000000,2.45359369500477400000000,0E-25,,
run_ad71d751b20623006c195ff3,conditional,portfolio_day,2023-11-25,2.6470812117860290000000000,2.64708121178602900000000,0E-25,,
run_ad71d751b20623006c195ff3,conditional,portfolio_day,2023-11-26,1.8634613659398890000000000,1.86346136593988900000000,0E-25,,
run_ad71d751b20623006c195ff3,conditional,portfolio_day,2023-11-27,1.4628350186954490000000000,1.46283501869544900000000,0E-25,,
run_ad71d751b20623006c195ff3,conditional,portfolio_day,2023-11-28,1.4673393187618740000000000,1.46733931876187400000000,0E-25,,
run_ad71d751b20623006c195ff3,conditional,portfolio_day,2023-11-29,2.2357598415950410000000000,2.23575984159504100000000,0E-25,,
run_ad71d751b20623006c195ff3,conditional,portfolio_day,2023-11-30,2.1239622475743680000000000,2.12396224757436800000000,0E-25,,
run_ad71d751b20623006c195ff3,conditional,portfolio_day,2023-12-01,3.2172190767098000000000000,3.21721907670980000000000,0E-25,,
run_ad71d751b20623006c195ff3,conditional,portfolio_day,2023-12-02,-0.3989013731561763476000000,-0.39890137315617634760000,0E-25,,
run_ad71d751b20623006c195ff3,conditional,portfolio_day,2023-12-03,-0.0768310359545610000000000,-0.07683103595456100000000,0E-25,,
run_ad71d751b20623006c195ff3,conditional,portfolio_day,2023-12-04,2.1420693677099180000000000,2.14206936770991800000000,0E-25,,
run_ad71d751b20623006c195ff3,conditional,portfolio_day,2023-12-05,1.7083726647415220000000000,1.70837266474152200000000,0E-25,,
run_ad71d751b20623006c195ff3,conditional,portfolio_day,2023-12-06,3.2652011894601240000000000,3.26520118946012400000000,0E-25,,
run_ad71d751b20623006c195ff3,conditional,portfolio_day,2023-12-07,-2.7156325509703140000000004,-2.71563255097031400000000,-4E-25,,
run_ad71d751b20623006c195ff3,conditional,portfolio_day,2023-12-08,1.4890025030918000000000000,1.48900250309180000000000,0E-25,,
run_ad71d751b20623006c195ff3,conditional,portfolio_day,2023-12-09,6.4541500951108859364000000,6.45415009511088593640000,0E-25,,
run_ad71d751b20623006c195ff3,conditional,portfolio_day,2023-12-10,3.1724914657380349596000000,3.17249146573803495960000,0E-25,,
run_ad71d751b20623006c195ff3,conditional,portfolio_day,2023-12-11,3.4895576425342416816000000,3.48955764253424168160000,0E-25,,
run_ad71d751b20623006c195ff3,conditional,portfolio_day,2023-12-12,1.1745542444284660000000000,1.17455424442846600000000,0E-25,,
run_ad71d751b20623006c195ff3,conditional,portfolio_day,2023-12-13,3.2493034624751456880000000,3.24930346247514568800000,0E-25,,
run_ad71d751b20623006c195ff3,conditional,portfolio_day,2023-12-14,1.5912891498554950000000000,1.59128914985549500000000,0E-25,,
run_ad71d751b20623006c195ff3,conditional,portfolio_day,2023-12-15,0.5494950410336145052000000,0.54949504103361450520000,0E-25,,
run_ad71d751b20623006c195ff3,conditional,portfolio_day,2023-12-16,2.7422993509922040000000000,2.74229935099220400000000,0E-25,,
run_ad71d751b20623006c195ff3,conditional,portfolio_day,2023-12-17,1.6117522993258916360000002,1.61175229932589163600000,2E-25,,
run_ad71d751b20623006c195ff3,conditional,portfolio_day,2023-12-18,1.9430837402509121696000000,1.94308374025091216960000,0E-25,,
run_ad71d751b20623006c195ff3,conditional,portfolio_day,2023-12-19,1.3956134816613200000000000,1.39561348166132000000000,0E-25,,
run_ad71d751b20623006c195ff3,conditional,portfolio_day,2023-12-20,0.8147823991792894408000000,0.81478239917928944080000,0E-25,,
run_ad71d751b20623006c195ff3,conditional,portfolio_day,2023-12-21,5.1050053935504558336000000,5.10500539355045583360000,0E-25,,
run_ad71d751b20623006c195ff3,conditional,portfolio_day,2023-12-22,7.0576732034841663272000000,7.05767320348416632720000,0E-25,,
run_ad71d751b20623006c195ff3,conditional,portfolio_day,2023-12-23,3.4321289371031050632000000,3.43212893710310506320000,0E-25,,
run_ad71d751b20623006c195ff3,conditional,portfolio_day,2023-12-24,4.3989136074439960420000000,4.39891360744399604200000,0E-25,,
run_ad71d751b20623006c195ff3,conditional,portfolio_day,2023-12-25,2.0404337142222965430000000,2.04043371422229654300000,0E-25,,
run_ad71d751b20623006c195ff3,conditional,portfolio_day,2023-12-26,7.1566205422581592128000000,7.15662054225815921280000,0E-25,,
run_ad71d751b20623006c195ff3,conditional,portfolio_day,2023-12-27,7.1280037696766597388000000,7.12800376967665973880000,0E-25,,
run_ad71d751b20623006c195ff3,conditional,portfolio_day,2023-12-28,5.6683676164186463396000000,5.66836761641864633960000,0E-25,,
run_ad71d751b20623006c195ff3,conditional,portfolio_day,2023-12-29,10.0368744568272667590000000,10.03687445682726675900000,0E-25,,
run_ad71d751b20623006c195ff3,conditional,portfolio_day,2023-12-30,5.8040674614433702916000000,5.80406746144337029160000,0E-25,,
run_ad71d751b20623006c195ff3,conditional,portfolio_day,2023-12-31,4.9513087093853119140000000,4.95130870938531191400000,0E-25,,
run_ad71d751b20623006c195ff3,conditional,portfolio_day,2024-01-01,3.1203476510579857764000000,3.12034765105798577640000,0E-25,,
run_ad71d751b20623006c195ff3,conditional,portfolio_day,2024-01-02,13.8036930124702203114000000,13.80369301247022031140000,0E-25,,
run_ad71d751b20623006c195ff3,conditional,portfolio_day,2024-01-03,6.2025743294919099340000000,6.20257432949190993400000,0E-25,,
run_ad71d751b20623006c195ff3,conditional,portfolio_day,2024-01-04,2.7342751966367220000000000,2.73427519663672200000000,0E-25,,
run_ad71d751b20623006c195ff3,conditional,portfolio_day,2024-01-05,1.7371515421660260000000000,1.73715154216602600000000,0E-25,,
run_ad71d751b20623006c195ff3,conditional,portfolio_day,2024-01-06,2.7689292867817360000000000,2.76892928678173600000000,0E-25,,
run_ad71d751b20623006c195ff3,conditional,portfolio_day,2024-01-07,2.9170573283090840000000000,2.91705732830908400000000,0E-25,,
run_ad71d751b20623006c195ff3,conditional,portfolio_day,2024-01-08,-1.9321548738347880000000000,-1.93215487383478800000000,0E-25,,
run_ad71d751b20623006c195ff3,conditional,portfolio_day,2024-01-09,3.6040737538493380000000000,3.60407375384933800000000,0E-25,,
run_ad71d751b20623006c195ff3,conditional,portfolio_day,2024-01-10,0.6038272786977860000000003,0.60382727869778600000000,3E-25,,
run_ad71d751b20623006c195ff3,conditional,portfolio_day,2024-01-11,-0.1247078542313500000000001,-0.12470785423135000000000,-1E-25,,
run_ad71d751b20623006c195ff3,conditional,portfolio_day,2024-01-12,-0.0234732413000000000000000,-0.02347324130000000000000,0E-25,,
run_ad71d751b20623006c195ff3,conditional,portfolio_day,2024-01-13,0.0014704159000000000000000,0.00147041590000000000000,0E-25,,
run_ad71d751b20623006c195ff3,conditional,portfolio_day,2024-01-14,-0.0091186453000000000000000,-0.00911864530000000000000,0E-25,,
run_ad71d751b20623006c195ff3,conditional,portfolio_day,2024-01-15,0.0051501694000000000000000,0.00515016940000000000000,0E-25,,
run_ad71d751b20623006c195ff3,conditional,portfolio_day,2024-01-16,0.0061799233000000000000000,0.00617992330000000000000,0E-25,,
run_ad71d751b20623006c195ff3,conditional,portfolio_day,2024-01-17,-0.0039849016000000000000000,-0.00398490160000000000000,0E-25,,
run_ad71d751b20623006c195ff3,conditional,portfolio_day,2024-01-18,-0.0105363271000000000000000,-0.01053632710000000000000,0E-25,,
run_ad71d751b20623006c195ff3,conditional,portfolio_day,2024-01-19,0.0027496409000000000000000,0.00274964090000000000000,0E-25,,
run_ad71d751b20623006c195ff3,conditional,portfolio_day,2024-01-20,-0.0003355700000000000000000,-0.00033557000000000000000,0E-25,,
run_ad71d751b20623006c195ff3,conditional,portfolio_day,2024-01-21,-0.0011779730000000000000000,-0.00117797300000000000000,0E-25,,
run_ad71d751b20623006c195ff3,conditional,portfolio_day,2024-01-22,-0.0161265334000000000000000,-0.01612653340000000000000,0E-25,,
run_ad71d751b20623006c195ff3,conditional,portfolio_day,2024-01-23,-0.0002119382000000000000000,-0.00021193820000000000000,0E-25,,
run_ad71d751b20623006c195ff3,conditional,portfolio_day,2024-01-24,0.0010057622000000000000000,0.00100576220000000000000,0E-25,,
run_ad71d751b20623006c195ff3,conditional,portfolio_day,2024-01-25,-0.0013590871000000000000000,-0.00135908710000000000000,0E-25,,
run_ad71d751b20623006c195ff3,conditional,portfolio_day,2024-01-26,0.0125085663000000000000000,0.01250856630000000000000,0E-25,,
run_ad71d751b20623006c195ff3,conditional,portfolio_day,2024-01-27,0.0018580169000000000000000,0.00185801690000000000000,0E-25,,
run_ad71d751b20623006c195ff3,conditional,portfolio_day,2024-01-28,-0.0007835592000000000000000,-0.00078355920000000000000,0E-25,,
run_ad71d751b20623006c195ff3,conditional,portfolio_day,2024-01-29,0.0091789869000000000000000,0.00917898690000000000000,0E-25,,
run_ad71d751b20623006c195ff3,conditional,portfolio_day,2024-01-30,-0.0012106928000000000000000,-0.00121069280000000000000,0E-25,,
run_ad71d751b20623006c195ff3,conditional,portfolio_day,2024-01-31,-0.0039593491000000000000000,-0.00395934910000000000000,0E-25,,
run_ad71d751b20623006c195ff3,conditional,portfolio_day,2024-02-01,0.0035410945000000000000000,0.00354109450000000000000,0E-25,,
run_ad71d751b20623006c195ff3,conditional,portfolio_day,2024-02-02,0.0008307105000000000000000,0.00083071050000000000000,0E-25,,
run_ad71d751b20623006c195ff3,conditional,portfolio_day,2024-02-03,-0.0015135170000000000000000,-0.00151351700000000000000,0E-25,,
run_ad71d751b20623006c195ff3,conditional,portfolio_day,2024-02-04,-0.0026250828000000000000000,-0.00262508280000000000000,0E-25,,
run_ad71d751b20623006c195ff3,conditional,portfolio_day,2024-02-05,0.0010237968000000000000000,0.00102379680000000000000,0E-25,,
run_ad71d751b20623006c195ff3,conditional,portfolio_day,2024-02-06,0.0043063400000000000000000,0.00430634000000000000000,0E-25,,
run_ad71d751b20623006c195ff3,conditional,portfolio_day,2024-02-07,0.0088423891000000000000000,0.00884238910000000000000,0E-25,,
run_ad71d751b20623006c195ff3,conditional,portfolio_day,2024-02-08,0.0055714563000000000000000,0.00557145630000000000000,0E-25,,
run_ad71d751b20623006c195ff3,conditional,portfolio_day,2024-02-09,0.0128065264000000000000000,0.01280652640000000000000,0E-25,,
run_ad71d751b20623006c195ff3,conditional,portfolio_day,2024-02-10,0.0041513765000000000000000,0.00415137650000000000000,0E-25,,
run_ad71d751b20623006c195ff3,conditional,portfolio_day,2024-02-11,0.0034058825000000000000000,0.00340588250000000000000,0E-25,,
run_ad71d751b20623006c195ff3,conditional,portfolio_day,2024-02-12,0.0141351886000000000000000,0.01413518860000000000000,0E-25,,
run_ad71d751b20623006c195ff3,conditional,portfolio_day,2024-02-13,-0.0018306905000000000000000,-0.00183069050000000000000,0E-25,,
run_ad71d751b20623006c195ff3,conditional,portfolio_day,2024-02-14,0.0161695360000000000000000,0.01616953600000000000000,0E-25,,
run_ad71d751b20623006c195ff3,conditional,portfolio_day,2024-02-15,0.0020282243000000000000000,0.00202822430000000000000,0E-25,,
run_ad71d751b20623006c195ff3,conditional,portfolio_day,2024-02-16,0.0008076639000000000000000,0.00080766390000000000000,0E-25,,
run_ad71d751b20623006c195ff3,conditional,portfolio_day,2024-02-17,-0.0033256300000000000000000,-0.00332563000000000000000,0E-25,,
run_ad71d751b20623006c195ff3,conditional,portfolio_day,2024-02-18,0.0055173590000000000000000,0.00551735900000000000000,0E-25,,
run_ad71d751b20623006c195ff3,conditional,portfolio_day,2024-02-19,-8.0753584985260000000000000,-8.07535849852600000000000,0E-25,,
run_ad71d751b20623006c195ff3,conditional,portfolio_day,2024-02-20,1.0332487581236092854000000,1.03324875812360928540000,0E-25,,
run_ad71d751b20623006c195ff3,conditional,portfolio_day,2024-02-21,-4.5851361627405683214000000,-4.58513616274056832140000,0E-25,,
run_ad71d751b20623006c195ff3,conditional,portfolio_day,2024-02-22,2.7691993667291969360000000,2.76919936672919693600000,0E-25,,
run_ad71d751b20623006c195ff3,conditional,portfolio_day,2024-02-23,2.6326146971745687182000000,2.63261469717456871820000,0E-25,,
run_ad71d751b20623006c195ff3,conditional,portfolio_day,2024-02-24,-0.2017256744630070000000000,-0.20172567446300700000000,0E-25,,
run_ad71d751b20623006c195ff3,conditional,portfolio_day,2024-02-25,2.9626530768559839260000000,2.96265307685598392600000,0E-25,,
run_ad71d751b20623006c195ff3,conditional,portfolio_day,2024-02-26,4.3627094616590929492000000,4.36270946165909294920000,0E-25,,
run_ad71d751b20623006c195ff3,conditional,portfolio_day,2024-02-27,8.3439862085848297208000000,8.34398620858482972080000,0E-25,,
run_ad71d751b20623006c195ff3,conditional,portfolio_day,2024-02-28,5.5283045283227552401000000,5.52830452832275524010000,0E-25,,
run_ad71d751b20623006c195ff3,conditional,portfolio_day,2024-02-29,15.0962398688308456451000000,15.09623986883084564510000,0E-25,,
run_ad71d751b20623006c195ff3,conditional,portfolio_day,2024-03-01,10.3770184983605886856000000,10.37701849836058868560000,0E-25,,
run_ad71d751b20623006c195ff3,conditional,portfolio_day,2024-03-02,9.7071084756848012148000000,9.70710847568480121480000,0E-25,,
run_ad71d751b20623006c195ff3,conditional,portfolio_day,2024-03-03,7.3495377040314373695000000,7.34953770403143736950000,0E-25,,
run_ad71d751b20623006c195ff3,conditional,portfolio_day,2024-03-04,5.9819800854648285310999998,5.98198008546482853110000,-2E-25,,
run_ad71d751b20623006c195ff3,conditional,portfolio_day,2024-03-05,7.868009051711102472000000,7.86800905171110247200000,0E-24,,
run_ad71d751b20623006c195ff3,conditional,portfolio_day,2024-03-06,-0.092267908341519866200000,-0.09226790834151986620000,0E-24,,
run_ad71d751b20623006c195ff3,conditional,portfolio_day,2024-03-07,1.835845818397277016300000,1.83584581839727701630000,0E-24,,
run_ad71d751b20623006c195ff3,conditional,portfolio_day,2024-03-08,4.510411228836259926400000,4.51041122883625992640000,0E-24,,
run_ad71d751b20623006c195ff3,conditional,portfolio_day,2024-03-09,-1.649308612207296340400000,-1.64930861220729634040000,0E-24,,
run_ad71d751b20623006c195ff3,conditional,portfolio_day,2024-03-10,9.046125329286005763200000,9.04612532928600576320000,0E-24,,
run_ad71d751b20623006c195ff3,conditional,portfolio_day,2024-03-11,7.917353621142761996300000,7.91735362114276199630000,0E-24,,
run_ad71d751b20623006c195ff3,conditional,portfolio_day,2024-03-12,11.634485455171258272600000,11.63448545517125827260000,0E-24,,
run_ad71d751b20623006c195ff3,conditional,portfolio_day,2024-03-13,9.452731541306528170000000,9.45273154130652817000000,0E-24,,
run_ad71d751b20623006c195ff3,conditional,portfolio_day,2024-03-14,7.109621706568189538500000,7.10962170656818953850000,0E-24,,
run_ad71d751b20623006c195ff3,conditional,portfolio_day,2024-03-15,7.199694419226106305300000,7.19969441922610630530000,0E-24,,
run_ad71d751b20623006c195ff3,conditional,portfolio_day,2024-03-16,2.890544887135661605200000,2.89054488713566160520000,0E-24,,
run_ad71d751b20623006c195ff3,conditional,portfolio_day,2024-03-17,2.560885747434867751600000,2.56088574743486775160000,0E-24,,
run_ad71d751b20623006c195ff3,conditional,portfolio_day,2024-03-18,5.238767773793172964000000,5.23876777379317296400000,0E-24,,
run_ad71d751b20623006c195ff3,conditional,portfolio_day,2024-03-19,6.200485989670803869100000,6.20048598967080386910000,0E-24,,
run_ad71d751b20623006c195ff3,conditional,portfolio_day,2024-03-20,-1.090343398483678000000000,-1.09034339848367800000000,0E-24,,
run_ad71d751b20623006c195ff3,conditional,portfolio_day,2024-03-21,2.354251415093506968200000,2.35425141509350696820000,0E-24,,
run_ad71d751b20623006c195ff3,conditional,portfolio_day,2024-03-22,4.066556570684414907900000,4.06655657068441490790000,0E-24,,
run_ad71d751b20623006c195ff3,conditional,portfolio_day,2024-03-23,2.2596905326389648760000000,2.25969053263896487600000,0E-25,,
run_ad71d751b20623006c195ff3,conditional,portfolio_day,2024-03-24,-0.0172361083438035260000000,-0.01723610834380352600000,0E-25,,
run_ad71d751b20623006c195ff3,conditional,portfolio_day,2024-03-25,3.6353435579571395610000000,3.63534355795713956100000,0E-25,,
run_ad71d751b20623006c195ff3,conditional,portfolio_day,2024-03-26,5.1252641181412046684000000,5.12526411814120466840000,0E-25,,
run_ad71d751b20623006c195ff3,conditional,portfolio_day,2024-03-27,4.1141959793952149094000000,4.11419597939521490940000,0E-25,,
run_ad71d751b20623006c195ff3,conditional,portfolio_day,2024-03-28,7.3364124779351983028000000,7.33641247793519830280000,0E-25,,
run_ad71d751b20623006c195ff3,conditional,portfolio_day,2024-03-29,5.9318647020613253470000000,5.93186470206132534700000,0E-25,,
run_ad71d751b20623006c195ff3,conditional,portfolio_day,2024-03-30,4.9153130094438741080000005,4.91531300944387410800000,5E-25,,
run_ad71d751b20623006c195ff3,conditional,portfolio_day,2024-03-31,5.9374318719313326084000000,5.93743187193133260840000,0E-25,,
run_ad71d751b20623006c195ff3,conditional,portfolio_day,2024-04-01,10.6051392598175075136000000,10.60513925981750751360000,0E-25,,
run_ad71d751b20623006c195ff3,conditional,portfolio_day,2024-04-02,3.3715338191243074848000000,3.37153381912430748480000,0E-25,,
run_ad71d751b20623006c195ff3,conditional,portfolio_day,2024-04-03,2.2773061634366689999999999,2.27730616343666900000000,-1E-25,,
run_ad71d751b20623006c195ff3,conditional,portfolio_day,2024-04-04,1.8991813425886450000000000,1.89918134258864500000000,0E-25,,
run_ad71d751b20623006c195ff3,conditional,portfolio_day,2024-04-05,2.2287006851758910000000000,2.22870068517589100000000,0E-25,,
run_ad71d751b20623006c195ff3,conditional,portfolio_day,2024-04-06,3.0472907724960029999999999,3.04729077249600300000000,-1E-25,,
run_ad71d751b20623006c195ff3,conditional,portfolio_day,2024-04-07,0.2403583418034870000000000,0.24035834180348700000000,0E-25,,
run_ad71d751b20623006c195ff3,conditional,portfolio_day,2024-04-08,0.4740571199567396480000000,0.47405711995673964800000,0E-25,,
run_ad71d751b20623006c195ff3,conditional,portfolio_day,2024-04-09,4.8167824765464653506000000,4.81678247654646535060000,0E-25,,
run_ad71d751b20623006c195ff3,conditional,portfolio_day,2024-04-10,3.4918853332954892498000000,3.49188533329548924980000,0E-25,,
run_ad71d751b20623006c195ff3,conditional,portfolio_day,2024-04-11,2.8600845626201356050000000,2.86008456262013560500000,0E-25,,
run_ad71d751b20623006c195ff3,conditional,portfolio_day,2024-04-12,3.9962229362442412978000000,3.99622293624424129780000,0E-25,,
run_ad71d751b20623006c195ff3,conditional,portfolio_day,2024-04-13,5.9069939350700000000000000,5.90699393507000000000000,0E-25,,
run_ad71d751b20623006c195ff3,conditional,portfolio_day,2024-04-14,3.0701996074399880000000000,3.07019960743998800000000,0E-25,,
run_ad71d751b20623006c195ff3,conditional,portfolio_day,2024-04-15,0.5660269022819311221000000,0.56602690228193112210000,0E-25,,
run_ad71d751b20623006c195ff3,conditional,portfolio_day,2024-04-16,1.7060688675948603513000000,1.70606886759486035130000,0E-25,,
run_ad71d751b20623006c195ff3,conditional,portfolio_day,2024-04-17,0.4929857664055604510000000,0.49298576640556045100000,0E-25,,
run_ad71d751b20623006c195ff3,conditional,portfolio_day,2024-04-18,0.7100924469114382314000000,0.71009244691143823140000,0E-25,,
run_ad71d751b20623006c195ff3,conditional,portfolio_day,2024-04-19,0.5013846394500096050000000,0.50138463945000960500000,0E-25,,
run_ad71d751b20623006c195ff3,conditional,portfolio_day,2024-04-20,1.3755714234318659520000000,1.37557142343186595200000,0E-25,,
run_ad71d751b20623006c195ff3,conditional,portfolio_day,2024-04-21,0.4860803859958114211000000,0.48608038599581142110000,0E-25,,
run_ad71d751b20623006c195ff3,conditional,portfolio_day,2024-04-22,0.7895988533305475513000000,0.78959885333054755130000,0E-25,,
run_ad71d751b20623006c195ff3,conditional,portfolio_day,2024-04-23,-0.2085755803315327032000000,-0.20857558033153270320000,0E-25,,
run_ad71d751b20623006c195ff3,conditional,portfolio_day,2024-04-24,1.5203297014685993236000000,1.52032970146859932360000,0E-25,,
run_ad71d751b20623006c195ff3,conditional,portfolio_day,2024-04-25,-0.3824469176053350310000000,-0.38244691760533503100000,0E-25,,
run_ad71d751b20623006c195ff3,conditional,portfolio_day,2024-04-26,0.7949769480511761475000000,0.79497694805117614750000,0E-25,,
run_ad71d751b20623006c195ff3,conditional,portfolio_day,2024-04-27,1.8848152137017142780000000,1.88481521370171427800000,0E-25,,
run_ad71d751b20623006c195ff3,conditional,portfolio_day,2024-04-28,0.0574206102088531518000000,0.05742061020885315180000,0E-25,,
run_ad71d751b20623006c195ff3,conditional,portfolio_day,2024-04-29,1.6342851296580322384000000,1.63428512965803223840000,0E-25,,
run_ad71d751b20623006c195ff3,conditional,portfolio_day,2024-04-30,1.6701531551511808930000000,1.67015315515118089300000,0E-25,,
run_ad71d751b20623006c195ff3,conditional,portfolio_day,2024-05-01,1.7196069487446571462000000,1.71960694874465714620000,0E-25,,
run_ad71d751b20623006c195ff3,conditional,portfolio_day,2024-05-02,0.3651589400091325936000000,0.36515894000913259360000,0E-25,,
run_ad71d751b20623006c195ff3,conditional,portfolio_day,2024-05-03,-0.4649028297669231331000000,-0.46490282976692313310000,0E-25,,
run_ad71d751b20623006c195ff3,conditional,portfolio_day,2024-05-04,1.9259725614864735630000000,1.92597256148647356300000,0E-25,,
run_ad71d751b20623006c195ff3,conditional,portfolio_day,2024-05-05,0.2535573710578677654000000,0.25355737105786776540000,0E-25,,
run_ad71d751b20623006c195ff3,conditional,portfolio_day,2024-05-06,0.9051778128864335036000000,0.90517781288643350360000,0E-25,,
run_ad71d751b20623006c195ff3,conditional,portfolio_day,2024-05-07,0.5840977178641287356000000,0.58409771786412873560000,0E-25,,
run_ad71d751b20623006c195ff3,conditional,portfolio_day,2024-05-08,2.7046093435707333240000000,2.70460934357073332400000,0E-25,,
run_ad71d751b20623006c195ff3,conditional,portfolio_day,2024-05-09,1.3961779935853964234000000,1.39617799358539642340000,0E-25,,
run_ad71d751b20623006c195ff3,conditional,portfolio_day,2024-05-10,0.5532020625061926581000000,0.55320206250619265810000,0E-25,,
run_ad71d751b20623006c195ff3,conditional,portfolio_day,2024-05-11,0.7339638150167897180000000,0.73396381501678971800000,0E-25,,
run_ad71d751b20623006c195ff3,conditional,portfolio_day,2024-05-12,1.7679219269228295500000000,1.76792192692282955000000,0E-25,,
run_ad71d751b20623006c195ff3,conditional,portfolio_day,2024-05-13,1.6079644848841935036000000,1.60796448488419350360000,0E-25,,
run_ad71d751b20623006c195ff3,conditional,portfolio_day,2024-05-14,1.8052827396349675200000000,1.80528273963496752000000,0E-25,,
run_ad71d751b20623006c195ff3,conditional,portfolio_day,2024-05-15,1.6262907215545005960000000,1.62629072155450059600000,0E-25,,
run_ad71d751b20623006c195ff3,conditional,portfolio_day,2024-05-16,0.4813850351179904697000000,0.48138503511799046970000,0E-25,,
run_ad71d751b20623006c195ff3,conditional,portfolio_day,2024-05-17,0.9825789947494795765000000,0.98257899474947957650000,0E-25,,
run_ad71d751b20623006c195ff3,conditional,portfolio_day,2024-05-18,0.3358806082615791208000000,0.33588060826157912080000,0E-25,,
run_ad71d751b20623006c195ff3,conditional,portfolio_day,2024-05-19,1.7058708584356952225000000,1.70587085843569522250000,0E-25,,
run_ad71d751b20623006c195ff3,conditional,portfolio_day,2024-05-20,-5.3587500621788817990000000,-5.35875006217888179900000,0E-25,,
run_ad71d751b20623006c195ff3,conditional,portfolio_day,2024-05-21,3.3880576865820295159000000,3.38805768658202951590000,0E-25,,
run_ad71d751b20623006c195ff3,conditional,portfolio_day,2024-05-22,-0.0803840917177578285000002,-0.08038409171775782850000,-2E-25,,
run_ad71d751b20623006c195ff3,conditional,portfolio_day,2024-05-23,4.2181881817366750000000000,4.21818818173667500000000,0E-25,,
run_ad71d751b20623006c195ff3,conditional,portfolio_day,2024-05-24,1.8687027609785200000000000,1.86870276097852000000000,0E-25,,
run_ad71d751b20623006c195ff3,conditional,portfolio_day,2024-05-25,1.2002786281059889999999996,1.20027862810598900000001,-1.04E-23,,
run_ad71d751b20623006c195ff3,conditional,portfolio_day,2024-05-26,2.1924392240642550000000000,2.19243922406425500000000,0E-25,,
run_ad71d751b20623006c195ff3,conditional,portfolio_day,2024-05-27,0.8860410152131180000000000,0.88604101521311800000000,0E-25,,
run_ad71d751b20623006c195ff3,conditional,portfolio_day,2024-05-28,1.2149937241103330000000000,1.21499372411033300000000,0E-25,,
run_ad71d751b20623006c195ff3,conditional,portfolio_day,2024-05-29,3.3956696799428384500000000,3.39566967994283845000000,0E-25,,
run_ad71d751b20623006c195ff3,conditional,portfolio_day,2024-05-30,2.3372195700146275098000000,2.33721957001462750980000,0E-25,,
run_ad71d751b20623006c195ff3,conditional,portfolio_day,2024-05-31,2.9221657532365369302000000,2.92216575323653693020000,0E-25,,
run_ad71d751b20623006c195ff3,conditional,portfolio_day,2024-06-01,1.2748254401055744572000000,1.27482544010557445720000,0E-25,,
run_ad71d751b20623006c195ff3,conditional,portfolio_day,2024-06-02,1.2339583888966020000000000,1.23395838889660200000000,0E-25,,
run_ad71d751b20623006c195ff3,conditional,portfolio_day,2024-06-03,2.9799011225809038252000000,2.97990112258090382520000,0E-25,,
run_ad71d751b20623006c195ff3,conditional,portfolio_day,2024-06-04,1.5397559971905567600000000,1.53975599719055676000000,0E-25,,
run_ad71d751b20623006c195ff3,conditional,portfolio_day,2024-06-05,3.1955397915805575139000000,3.19553979158055751390000,0E-25,,
run_ad71d751b20623006c195ff3,conditional,portfolio_day,2024-06-06,3.0839142621059008852000000,3.08391426210590088520000,0E-25,,
run_ad71d751b20623006c195ff3,conditional,portfolio_day,2024-06-07,3.5705814372738393946000000,3.57058143727383939460000,0E-25,,
run_ad71d751b20623006c195ff3,conditional,portfolio_day,2024-06-08,1.8617855941565900000000000,1.86178559415659000000000,0E-25,,
run_ad71d751b20623006c195ff3,conditional,portfolio_day,2024-06-09,2.3670174960300000000000000,2.36701749603000000000000,0E-25,,
run_ad71d751b20623006c195ff3,conditional,portfolio_day,2024-06-10,0.8521974596514520000000000,0.85219745965145200000000,0E-25,,
run_ad71d751b20623006c195ff3,conditional,portfolio_day,2024-06-11,4.2372066945872530000000000,4.23720669458725300000000,0E-25,,
run_ad71d751b20623006c195ff3,conditional,portfolio_day,2024-06-12,1.6707336558492890000000000,1.67073365584928900000000,0E-25,,
run_ad71d751b20623006c195ff3,conditional,portfolio_day,2024-06-13,2.1160342668188000000000000,2.11603426681880000000000,0E-25,,
run_ad71d751b20623006c195ff3,conditional,portfolio_day,2024-06-14,3.0684585823393900000000000,3.06845858233939000000000,0E-25,,
run_ad71d751b20623006c195ff3,conditional,portfolio_day,2024-06-15,1.8764138641681330000000004,1.87641386416813300000000,4E-25,,
run_ad71d751b20623006c195ff3,conditional,portfolio_day,2024-06-16,2.3713961338018390000000000,2.37139613380183900000000,0E-25,,
run_ad71d751b20623006c195ff3,conditional,portfolio_day,2024-06-17,2.1800597755471280000000000,2.18005977554712800000000,0E-25,,
run_ad71d751b20623006c195ff3,conditional,portfolio_day,2024-06-18,1.0151838631307451953000000,1.01518386313074519530000,0E-25,,
run_ad71d751b20623006c195ff3,conditional,portfolio_day,2024-06-19,1.5045674649456210544000003,1.50456746494562105440000,3E-25,,
run_ad71d751b20623006c195ff3,conditional,portfolio_day,2024-06-20,1.1482187113889883352000000,1.14821871138898833520000,0E-25,,
run_ad71d751b20623006c195ff3,conditional,portfolio_day,2024-06-21,1.0098998703165201236000000,1.00989987031652012360000,0E-25,,
run_ad71d751b20623006c195ff3,conditional,portfolio_day,2024-06-22,1.2735349310415960000000000,1.27353493104159600000000,0E-25,,
run_ad71d751b20623006c195ff3,conditional,portfolio_day,2024-06-23,0.9165161409277656234000000,0.91651614092776562340000,0E-25,,
run_ad71d751b20623006c195ff3,conditional,portfolio_day,2024-06-24,1.0912776018612344472000000,1.09127760186123444720000,0E-25,,
run_ad71d751b20623006c195ff3,conditional,portfolio_day,2024-06-25,2.6097863502142970000000000,2.60978635021429700000000,0E-25,,
run_ad71d751b20623006c195ff3,conditional,portfolio_day,2024-06-26,-1.0249497745757850000000001,-1.02494977457578500000000,-1E-25,,
run_ad71d751b20623006c195ff3,conditional,portfolio_day,2024-06-27,2.9509960990235330000000000,2.95099609902353300000000,0E-25,,
run_ad71d751b20623006c195ff3,conditional,portfolio_day,2024-06-28,0.6889445361813010000000000,0.68894453618130100000000,0E-25,,
run_ad71d751b20623006c195ff3,conditional,portfolio_day,2024-06-29,2.6640534393333030000000000,2.66405343933330300000000,0E-25,,
run_ad71d751b20623006c195ff3,conditional,portfolio_day,2024-06-30,2.3842970942728480000000000,2.38429709427284800000000,0E-25,,
run_ad71d751b20623006c195ff3,conditional,portfolio_day,2024-07-01,1.4382941594257190000000000,1.43829415942571900000000,0E-25,,
run_ad71d751b20623006c195ff3,conditional,portfolio_day,2024-07-02,2.7256546782227540000000000,2.72565467822275400000000,0E-25,,
run_ad71d751b20623006c195ff3,conditional,portfolio_day,2024-07-03,0.9151918507354730000000000,0.91519185073547300000000,0E-25,,
run_ad71d751b20623006c195ff3,conditional,portfolio_day,2024-07-04,1.7941910446189670000000000,1.79419104461896700000000,0E-25,,
run_ad71d751b20623006c195ff3,conditional,portfolio_day,2024-07-05,2.9556910107927315869000000,2.95569101079273158689999,1.00E-23,,
run_ad71d751b20623006c195ff3,conditional,portfolio_day,2024-07-06,-0.7842473666839924871999999,-0.78424736668399248719999,-9.9E-24,,
run_ad71d751b20623006c195ff3,conditional,portfolio_day,2024-07-07,1.1503659389686271300000000,1.15036593896862712999999,1.00E-23,,
run_ad71d751b20623006c195ff3,conditional,portfolio_day,2024-07-08,2.1234368554135560575000000,2.12343685541355605750001,-1.00E-23,,
run_ad71d751b20623006c195ff3,conditional,portfolio_day,2024-07-09,2.4198112015639478740000000,2.41981120156394787400000,0E-25,,
run_ad71d751b20623006c195ff3,conditional,portfolio_day,2024-07-10,-0.0808662109678492685000000,-0.08086621096784926850000,0E-25,,
run_ad71d751b20623006c195ff3,conditional,portfolio_day,2024-07-11,1.5988211610003289990000000,1.59882116100032899900000,0E-25,,
run_ad71d751b20623006c195ff3,conditional,portfolio_day,2024-07-12,0.8316572197409511604000000,0.83165721974095116040000,0E-25,,
run_ad71d751b20623006c195ff3,conditional,portfolio_day,2024-07-13,2.3843310276521559080000000,2.38433102765215590800000,0E-25,,
run_ad71d751b20623006c195ff3,conditional,portfolio_day,2024-07-14,1.8471037752296307891000000,1.84710377522963078910000,0E-25,,
run_ad71d751b20623006c195ff3,conditional,portfolio_day,2024-07-15,-0.1082843583767063540000000,-0.10828435837670635400000,0E-25,,
run_ad71d751b20623006c195ff3,conditional,portfolio_day,2024-07-16,1.7776269449360459129000000,1.77762694493604591290000,0E-25,,
run_ad71d751b20623006c195ff3,conditional,portfolio_day,2024-07-17,0.0998079713501247298000000,0.09980797135012472980000,0E-25,,
run_ad71d751b20623006c195ff3,conditional,portfolio_day,2024-07-18,1.6918373235321623989000000,1.69183732353216239890000,0E-25,,
run_ad71d751b20623006c195ff3,conditional,portfolio_day,2024-07-19,0.6085774565755000000000000,0.60857745657550000000000,0E-25,,
run_ad71d751b20623006c195ff3,conditional,portfolio_day,2024-07-20,0.0275170659604944713000004,0.02751706596049447129999,1.04E-23,,
run_ad71d751b20623006c195ff3,conditional,portfolio_day,2024-07-21,0.0751764184255367147000000,0.07517641842553671470000,0E-25,,
run_ad71d751b20623006c195ff3,conditional,portfolio_day,2024-07-22,1.7755182975473458531000000,1.77551829754734585310000,0E-25,,
run_ad71d751b20623006c195ff3,conditional,portfolio_day,2024-07-23,0.6039435957490069785000000,0.60394359574900697850000,0E-25,,
run_ad71d751b20623006c195ff3,conditional,portfolio_day,2024-07-24,1.1078064890779510000000002,1.10780648907795100000000,2E-25,,
run_ad71d751b20623006c195ff3,conditional,portfolio_day,2024-07-25,2.0467484652797024460000000,2.04674846527970244600000,0E-25,,
run_ad71d751b20623006c195ff3,conditional,portfolio_day,2024-07-26,0.4681411217052360000000000,0.46814112170523600000000,0E-25,,
run_ad71d751b20623006c195ff3,conditional,portfolio_day,2024-07-27,0.6375606132531879340000003,0.63756061325318793400000,3E-25,,
run_ad71d751b20623006c195ff3,conditional,portfolio_day,2024-07-28,2.5284981216711486560000000,2.52849812167114865600000,0E-25,,
run_ad71d751b20623006c195ff3,conditional,portfolio_day,2024-07-29,1.5341508974891620320000000,1.53415089748916203200000,0E-25,,
run_ad71d751b20623006c195ff3,conditional,portfolio_day,2024-07-30,1.5804300800206400832000000,1.58043008002064008320000,0E-25,,
run_ad71d751b20623006c195ff3,conditional,portfolio_day,2024-07-31,-0.0559422612530880000000000,-0.05594226125308800000000,0E-25,,
run_ad71d751b20623006c195ff3,conditional,portfolio_day,2024-08-01,2.5120492318344463216000000,2.51204923183444632160000,0E-25,,
run_ad71d751b20623006c195ff3,conditional,portfolio_day,2024-08-02,0.9935089481413421056000000,0.99350894814134210560000,0E-25,,
run_ad71d751b20623006c195ff3,conditional,portfolio_day,2024-08-03,1.8887002623753650460000003,1.88870026237536504600000,3E-25,,
run_ad71d751b20623006c195ff3,conditional,portfolio_day,2024-08-04,0.3138707184660183971000000,0.31387071846601839710000,0E-25,,
run_ad71d751b20623006c195ff3,conditional,portfolio_day,2024-08-05,0.0425909229890974153999995,0.04259092298909741540000,-5E-25,,
run_ad71d751b20623006c195ff3,conditional,portfolio_day,2024-08-06,0.7685898571091087121000000,0.76858985710910871210000,0E-25,,
run_ad71d751b20623006c195ff3,conditional,portfolio_day,2024-08-07,-0.6607956323146846759000000,-0.66079563231468467590000,0E-25,,
run_ad71d751b20623006c195ff3,conditional,portfolio_day,2024-08-08,-0.7152493555252999999999995,-0.71524935552530000000000,5E-25,,
run_ad71d751b20623006c195ff3,conditional,portfolio_day,2024-08-09,1.6058208159294415780000000,1.60582081592944157800000,0E-25,,
run_ad71d751b20623006c195ff3,conditional,portfolio_day,2024-08-10,-6.1757904148409447567000005,-6.17579041484094475669999,-1.05E-23,,
run_ad71d751b20623006c195ff3,conditional,portfolio_day,2024-08-11,-0.1529326321889403646000000,-0.15293263218894036460000,0E-25,,
run_ad71d751b20623006c195ff3,conditional,portfolio_day,2024-08-12,0.3906431377870610212000000,0.39064313778706102120000,0E-25,,
run_ad71d751b20623006c195ff3,conditional,portfolio_day,2024-08-13,0.3035382658490385609000000,0.30353826584903856090000,0E-25,,
run_ad71d751b20623006c195ff3,conditional,portfolio_day,2024-08-14,-0.0472199242049526144000000,-0.04721992420495261440000,0E-25,,
run_ad71d751b20623006c195ff3,conditional,portfolio_day,2024-08-15,-0.7833412436497145228000000,-0.78334124364971452280000,0E-25,,
run_ad71d751b20623006c195ff3,conditional,portfolio_day,2024-08-16,-0.7709473072521004761000000,-0.77094730725210047610000,0E-25,,
run_ad71d751b20623006c195ff3,conditional,portfolio_day,2024-08-17,0.4366705673158650462000000,0.43667056731586504620000,0E-25,,
run_ad71d751b20623006c195ff3,conditional,portfolio_day,2024-08-18,0.4193598869030537744000000,0.41935988690305377440000,0E-25,,
run_ad71d751b20623006c195ff3,conditional,portfolio_day,2024-08-19,-0.0163345917302335141000000,-0.01633459173023351410000,0E-25,,
run_ad71d751b20623006c195ff3,conditional,portfolio_day,2024-08-20,-0.5613729146414018014000000,-0.56137291464140180140000,0E-25,,
run_ad71d751b20623006c195ff3,conditional,portfolio_day,2024-08-21,-6.8479178047435319560000001,-6.84791780474353195600001,9.9E-24,,
run_ad71d751b20623006c195ff3,conditional,portfolio_day,2024-08-22,-0.005876792200000000000000,-0.00587679220000000000000,0E-24,,
run_ad71d751b20623006c195ff3,conditional,portfolio_day,2024-08-23,0.032947587600000000000000,0.03294758760000000000000,0E-24,,
run_ad71d751b20623006c195ff3,conditional,portfolio_day,2024-08-24,0.000899672400000000000000,0.00089967240000000000000,0E-24,,
run_ad71d751b20623006c195ff3,conditional,portfolio_day,2024-08-25,0.000072402600000000000000,0.00007240260000000000000,0E-24,,
run_ad71d751b20623006c195ff3,conditional,portfolio_day,2024-08-26,-0.013630529200000000000000,-0.01363052920000000000000,0E-24,,
run_ad71d751b20623006c195ff3,conditional,portfolio_day,2024-08-27,-0.035460865600000000000000,-0.03546086560000000000000,0E-24,,
run_ad71d751b20623006c195ff3,conditional,portfolio_day,2024-08-28,0.000744385000000000000000,0.00074438500000000000000,0E-24,,
run_ad71d751b20623006c195ff3,conditional,portfolio_day,2024-08-29,0.002550435000000000000000,0.00255043500000000000000,0E-24,,
run_ad71d751b20623006c195ff3,conditional,portfolio_day,2024-08-30,-0.001973612400000000000000,-0.00197361240000000000000,0E-24,,
run_ad71d751b20623006c195ff3,conditional,portfolio_day,2024-08-31,-0.001637803200000000000000,-0.00163780320000000000000,0E-24,,
run_ad71d751b20623006c195ff3,conditional,portfolio_day,2024-09-01,-0.015946632200000000000000,-0.01594663220000000000000,0E-24,,
run_ad71d751b20623006c195ff3,conditional,portfolio_day,2024-09-02,0.018323200000000000000000,0.01832320000000000000000,0E-24,,
run_ad71d751b20623006c195ff3,conditional,portfolio_day,2024-09-03,-0.017992740000000000000000,-0.01799274000000000000000,0E-24,,
run_ad71d751b20623006c195ff3,conditional,portfolio_day,2024-09-04,0.005240187800000000000000,0.00524018780000000000000,0E-24,,
run_ad71d751b20623006c195ff3,conditional,portfolio_day,2024-09-05,-0.016726640000000000000000,-0.01672664000000000000000,0E-24,,
run_ad71d751b20623006c195ff3,conditional,portfolio_day,2024-09-06,-0.023096797200000000000000,-0.02309679720000000000000,0E-24,,
run_ad71d751b20623006c195ff3,conditional,portfolio_day,2024-09-07,0.004332543800000000000000,0.00433254380000000000000,0E-24,,
run_ad71d751b20623006c195ff3,conditional,portfolio_day,2024-09-08,0.005870295000000000000000,0.00587029500000000000000,0E-24,,
run_ad71d751b20623006c195ff3,conditional,portfolio_day,2024-09-09,0.017981130600000000000000,0.01798113060000000000000,0E-24,,
run_ad71d751b20623006c195ff3,conditional,portfolio_day,2024-09-10,0.006070288400000000000000,0.00607028840000000000000,0E-24,,
run_ad71d751b20623006c195ff3,conditional,portfolio_day,2024-09-11,-0.004897928400000000000000,-0.00489792840000000000000,0E-24,,
run_ad71d751b20623006c195ff3,conditional,portfolio_day,2024-09-12,0.006603680000000000000000,0.00660368000000000000000,0E-24,,
run_ad71d751b20623006c195ff3,conditional,portfolio_day,2024-09-13,0.020692345400000000000000,0.02069234540000000000000,0E-24,,
run_ad71d751b20623006c195ff3,conditional,portfolio_day,2024-09-14,-0.004922642000000000000000,-0.00492264200000000000000,0E-24,,
run_ad71d751b20623006c195ff3,conditional,portfolio_day,2024-09-15,-0.010905143400000000000000,-0.01090514340000000000000,0E-24,,
run_ad71d751b20623006c195ff3,conditional,portfolio_day,2024-09-16,-0.008122017200000000000000,-0.00812201720000000000000,0E-24,,
run_ad71d751b20623006c195ff3,conditional,portfolio_day,2024-09-17,0.016846523800000000000000,0.01684652380000000000000,0E-24,,
run_ad71d751b20623006c195ff3,conditional,portfolio_day,2024-09-18,0.010794874000000000000000,0.01079487400000000000000,0E-24,,
run_ad71d751b20623006c195ff3,conditional,portfolio_day,2024-09-19,0.013963545600000000000000,0.01396354560000000000000,0E-24,,
run_ad71d751b20623006c195ff3,conditional,portfolio_day,2024-09-20,0.007186246000000000000000,0.00718624600000000000000,0E-24,,
run_ad71d751b20623006c195ff3,conditional,portfolio_day,2024-09-21,0.004174022600000000000000,0.00417402260000000000000,0E-24,,
run_ad71d751b20623006c195ff3,conditional,portfolio_day,2024-09-22,-0.000047727000000000000000,-0.00004772700000000000000,0E-24,,
run_ad71d751b20623006c195ff3,conditional,portfolio_day,2024-09-23,0.001636449200000000000000,0.00163644920000000000000,0E-24,,
run_ad71d751b20623006c195ff3,conditional,portfolio_day,2024-09-24,0.006663630800000000000000,0.00666363080000000000000,0E-24,,
run_ad71d751b20623006c195ff3,conditional,portfolio_day,2024-09-25,-0.011710220000000000000000,-0.01171022000000000000000,0E-24,,
run_ad71d751b20623006c195ff3,conditional,portfolio_day,2024-09-26,0.016632404400000000000000,0.01663240440000000000000,0E-24,,
run_ad71d751b20623006c195ff3,conditional,portfolio_day,2024-09-27,0.007610680000000000000000,0.00761068000000000000000,0E-24,,
run_ad71d751b20623006c195ff3,conditional,portfolio_day,2024-09-28,-0.000427172200000000000000,-0.00042717220000000000000,0E-24,,
run_ad71d751b20623006c195ff3,conditional,portfolio_day,2024-09-29,-0.002593499400000000000000,-0.00259349940000000000000,0E-24,,
run_ad71d751b20623006c195ff3,conditional,portfolio_day,2024-09-30,-0.018516380600000000000000,-0.01851638060000000000000,0E-24,,
run_ad71d751b20623006c195ff3,conditional,portfolio_day,2024-10-01,-0.025637987400000000000000,-0.02563798740000000000000,0E-24,,
run_ad71d751b20623006c195ff3,conditional,portfolio_day,2024-10-02,-0.006134932600000000000000,-0.00613493260000000000000,0E-24,,
run_ad71d751b20623006c195ff3,conditional,portfolio_day,2024-10-03,-0.000019118000000000000000,-0.00001911800000000000000,0E-24,,
run_ad71d751b20623006c195ff3,conditional,portfolio_day,2024-10-04,0.012533652000000000000000,0.01253365200000000000000,0E-24,,
run_ad71d751b20623006c195ff3,conditional,portfolio_day,2024-10-05,0.000142666000000000000000,0.00014266600000000000000,0E-24,,
run_ad71d751b20623006c195ff3,conditional,portfolio_day,2024-10-06,0.006431651200000000000000,0.00643165120000000000000,0E-24,,
run_ad71d751b20623006c195ff3,conditional,portfolio_day,2024-10-07,-0.004982091200000000000000,-0.00498209120000000000000,0E-24,,
run_ad71d751b20623006c195ff3,conditional,portfolio_day,2024-10-08,0.000596920000000000000000,0.00059692000000000000000,0E-24,,
run_ad71d751b20623006c195ff3,conditional,portfolio_day,2024-10-09,-0.014368052200000000000000,-0.01436805220000000000000,0E-24,,
run_ad71d751b20623006c195ff3,conditional,portfolio_day,2024-10-10,-0.001313551600000000000000,-0.00131355160000000000000,0E-24,,
run_ad71d751b20623006c195ff3,conditional,portfolio_day,2024-10-11,0.017433955600000000000000,0.01743395560000000000000,0E-24,,
run_ad71d751b20623006c195ff3,conditional,portfolio_day,2024-10-12,0.007216807600000000000000,0.00721680760000000000000,0E-24,,
run_ad71d751b20623006c195ff3,conditional,portfolio_day,2024-10-13,-0.002648641400000000000000,-0.00264864140000000000000,0E-24,,
run_ad71d751b20623006c195ff3,conditional,portfolio_day,2024-10-14,0.030712683200000000000000,0.03071268320000000000000,0E-24,,
run_ad71d751b20623006c195ff3,conditional,portfolio_day,2024-10-15,0.005296998800000000000000,0.00529699880000000000000,0E-24,,
run_ad71d751b20623006c195ff3,conditional,portfolio_day,2024-10-16,0.004175047400000000000000,0.00417504740000000000000,0E-24,,
run_ad71d751b20623006c195ff3,conditional,portfolio_day,2024-10-17,-0.001575884000000000000000,-0.00157588400000000000000,0E-24,,
run_ad71d751b20623006c195ff3,conditional,portfolio_day,2024-10-18,0.008664063800000000000000,0.00866406380000000000000,0E-24,,
run_ad71d751b20623006c195ff3,conditional,portfolio_day,2024-10-19,-0.000031734200000000000000,-0.00003173420000000000000,0E-24,,
run_ad71d751b20623006c195ff3,conditional,portfolio_day,2024-10-20,0.009999184200000000000000,0.00999918420000000000000,0E-24,,
run_ad71d751b20623006c195ff3,conditional,portfolio_day,2024-10-21,-0.015677825000000000000000,-0.01567782500000000000000,0E-24,,
run_ad71d751b20623006c195ff3,conditional,portfolio_day,2024-10-22,-0.002249394000000000000000,-0.00224939400000000000000,0E-24,,
run_ad71d751b20623006c195ff3,conditional,portfolio_day,2024-10-23,-0.010139298200000000000000,-0.01013929820000000000000,0E-24,,
run_ad71d751b20623006c195ff3,conditional,portfolio_day,2024-10-24,0.010616817800000000000000,0.01061681780000000000000,0E-24,,
run_ad71d751b20623006c195ff3,conditional,portfolio_day,2024-10-25,-0.014958788000000000000000,-0.01495878800000000000000,0E-24,,
run_ad71d751b20623006c195ff3,conditional,portfolio_day,2024-10-26,0.004552902400000000000000,0.00455290240000000000000,0E-24,,
run_ad71d751b20623006c195ff3,conditional,portfolio_day,2024-10-27,0.007492107800000000000000,0.00749210780000000000000,0E-24,,
run_ad71d751b20623006c195ff3,conditional,portfolio_day,2024-10-28,0.016661548400000000000000,0.01666154840000000000000,0E-24,,
run_ad71d751b20623006c195ff3,conditional,portfolio_day,2024-10-29,0.022759599400000000000000,0.02275959940000000000000,0E-24,,
run_ad71d751b20623006c195ff3,conditional,portfolio_day,2024-10-30,-0.001378533000000000000000,-0.00137853300000000000000,0E-24,,
run_ad71d751b20623006c195ff3,conditional,portfolio_day,2024-10-31,-0.021751682000000000000000,-0.02175168200000000000000,0E-24,,
run_ad71d751b20623006c195ff3,conditional,portfolio_day,2024-11-01,-0.005717886400000000000000,-0.00571788640000000000000,0E-24,,
run_ad71d751b20623006c195ff3,conditional,portfolio_day,2024-11-02,-0.002395274200000000000000,-0.00239527420000000000000,0E-24,,
run_ad71d751b20623006c195ff3,conditional,portfolio_day,2024-11-03,-0.005693532200000000000000,-0.00569353220000000000000,0E-24,,
run_ad71d751b20623006c195ff3,conditional,portfolio_day,2024-11-04,-0.009536880000000000000000,-0.00953688000000000000000,0E-24,,
run_ad71d751b20623006c195ff3,conditional,portfolio_day,2024-11-05,0.011546793000000000000000,0.01154679300000000000000,0E-24,,
run_ad71d751b20623006c195ff3,conditional,portfolio_day,2024-11-06,0.058810019200000000000000,0.05881001920000000000000,0E-24,,
run_ad71d751b20623006c195ff3,conditional,portfolio_day,2024-11-07,0.011468215600000000000000,0.01146821560000000000000,0E-24,,
run_ad71d751b20623006c195ff3,conditional,portfolio_day,2024-11-08,0.008400357400000000000000,0.00840035740000000000000,0E-24,,
run_ad71d751b20623006c195ff3,conditional,portfolio_day,2024-11-09,0.010898534800000000000000,0.01089853480000000000000,0E-24,,
run_ad71d751b20623006c195ff3,conditional,portfolio_day,2024-11-10,0.028261381200000000000000,0.02826138120000000000000,0E-24,,
run_ad71d751b20623006c195ff3,conditional,portfolio_day,2024-11-11,-8.304000265754652270400000,-8.30400026575465227040000,0E-24,,
run_ad71d751b20623006c195ff3,conditional,portfolio_day,2024-11-12,11.838119296561893972000000,11.83811929656189397200000,0E-24,,
run_ad71d751b20623006c195ff3,conditional,portfolio_day,2024-11-13,2.728805381609670296000000,2.72880538160967029600000,0E-24,,
run_ad71d751b20623006c195ff3,conditional,portfolio_day,2024-11-14,2.721693411023790000000000,2.72169341102379000000000,0E-24,,
run_ad71d751b20623006c195ff3,conditional,portfolio_day,2024-11-15,1.025611387091213000000000,1.02561138709121300000000,0E-24,,
run_ad71d751b20623006c195ff3,conditional,portfolio_day,2024-11-16,2.032511666302247000000000,2.03251166630224700000000,0E-24,,
run_ad71d751b20623006c195ff3,conditional,portfolio_day,2024-11-17,2.756199904131311998500000,2.75619990413131199850000,0E-24,,
run_ad71d751b20623006c195ff3,conditional,portfolio_day,2024-11-18,2.488641650757406585600000,2.48864165075740658560000,0E-24,,
run_ad71d751b20623006c195ff3,conditional,portfolio_day,2024-11-19,7.426976709777281317000000,7.42697670977728131700000,0E-24,,
run_ad71d751b20623006c195ff3,conditional,portfolio_day,2024-11-20,3.844317612372881982000000,3.84431761237288198200000,0E-24,,
run_ad71d751b20623006c195ff3,conditional,portfolio_day,2024-11-21,-0.717965824533998295200000,-0.71796582453399829520000,0E-24,,
run_ad71d751b20623006c195ff3,conditional,portfolio_day,2024-11-22,5.715766788661878209000000,5.71576678866187820900000,0E-24,,
run_ad71d751b20623006c195ff3,conditional,portfolio_day,2024-11-23,3.089158539807983378200000,3.08915853980798337820000,0E-24,,
run_ad71d751b20623006c195ff3,conditional,portfolio_day,2024-11-24,3.869529775985781681000000,3.86952977598578168100000,0E-24,,
run_ad71d751b20623006c195ff3,conditional,portfolio_day,2024-11-25,3.629320051566684512000000,3.62932005156668451200000,0E-24,,
run_ad71d751b20623006c195ff3,conditional,portfolio_day,2024-11-26,4.173370889748424915200000,4.17337088974842491520000,0E-24,,
run_ad71d751b20623006c195ff3,conditional,portfolio_day,2024-11-27,4.056322143935600000000000,4.05632214393560000000000,0E-24,,
run_ad71d751b20623006c195ff3,conditional,portfolio_day,2024-11-28,2.297210172551070267600000,2.29721017255107026760000,0E-24,,
run_ad71d751b20623006c195ff3,conditional,portfolio_day,2024-11-29,3.029290891954118773600000,3.02929089195411877360000,0E-24,,
run_ad71d751b20623006c195ff3,conditional,portfolio_day,2024-11-30,3.645357591627057416000000,3.64535759162705741600000,0E-24,,
run_ad71d751b20623006c195ff3,conditional,portfolio_day,2024-12-01,0.996947152798126080800000,0.99694715279812608080000,0E-24,,
run_ad71d751b20623006c195ff3,conditional,portfolio_day,2024-12-02,4.206534148009013216000000,4.20653414800901321600000,0E-24,,
run_ad71d751b20623006c195ff3,conditional,portfolio_day,2024-12-03,4.211486988584773043200000,4.21148698858477304320000,0E-24,,
run_ad71d751b20623006c195ff3,conditional,portfolio_day,2024-12-04,2.938301710620509184000000,2.93830171062050918400000,0E-24,,
run_ad71d751b20623006c195ff3,conditional,portfolio_day,2024-12-05,9.279296625605171296000000,9.27929662560517129600000,0E-24,,
run_ad71d751b20623006c195ff3,conditional,portfolio_day,2024-12-06,2.723646945622916736000000,2.72364694562291673600000,0E-24,,
run_ad71d751b20623006c195ff3,conditional,portfolio_day,2024-12-07,3.952277059918779264000000,3.95227705991877926400000,0E-24,,
run_ad71d751b20623006c195ff3,conditional,portfolio_day,2024-12-08,5.147093459490559411200000,5.14709345949055941120000,0E-24,,
run_ad71d751b20623006c195ff3,conditional,portfolio_day,2024-12-09,4.134533380854906748800000,4.13453338085490674880000,0E-24,,
run_ad71d751b20623006c195ff3,conditional,portfolio_day,2024-12-10,4.233428536256962000000000,4.23342853625696200000000,0E-24,,
run_ad71d751b20623006c195ff3,conditional,portfolio_day,2024-12-11,3.647737638770594000000000,3.64773763877059400000000,0E-24,,
run_ad71d751b20623006c195ff3,conditional,portfolio_day,2024-12-12,1.810467016750858000000000,1.81046701675085800000000,0E-24,,
run_ad71d751b20623006c195ff3,conditional,portfolio_day,2024-12-13,2.594937537738910000000000,2.59493753773891000000000,0E-24,,
run_ad71d751b20623006c195ff3,conditional,portfolio_day,2024-12-14,1.498749338515002000000000,1.49874933851500200000000,0E-24,,
run_ad71d751b20623006c195ff3,conditional,portfolio_day,2024-12-15,-4.394813388935576483200000,-4.39481338893557648320000,0E-24,,
run_ad71d751b20623006c195ff3,conditional,portfolio_day,2024-12-16,0.989097644522220000000000,0.98909764452222000000000,0E-24,,
run_ad71d751b20623006c195ff3,conditional,portfolio_day,2024-12-17,1.741856056600948000000000,1.74185605660094800000000,0E-24,,
run_ad71d751b20623006c195ff3,conditional,portfolio_day,2024-12-18,2.192290653339242000000000,2.19229065333924200000000,0E-24,,
run_ad71d751b20623006c195ff3,conditional,portfolio_day,2024-12-19,-2.237807888335922389400000,-2.23780788833592238940000,0E-24,,
run_ad71d751b20623006c195ff3,conditional,portfolio_day,2024-12-20,1.552034591932180000000000,1.55203459193218000000000,0E-24,,
run_ad71d751b20623006c195ff3,conditional,portfolio_day,2024-12-21,1.399145988010050896000000,1.39914598801005089600000,0E-24,,
run_ad71d751b20623006c195ff3,conditional,portfolio_day,2024-12-22,0.008573140490000000000000,0.00857314049000000000000,0E-24,,
run_ad71d751b20623006c195ff3,conditional,portfolio_day,2024-12-23,0.5524820926925999999999997,0.55248209269260000000000,-3E-25,,
run_ad71d751b20623006c195ff3,conditional,portfolio_day,2024-12-24,0.7360904625299687237000000,0.73609046252996872370000,0E-25,,
run_ad71d751b20623006c195ff3,conditional,portfolio_day,2024-12-25,0.5260026919885821900000000,0.52600269198858219000000,0E-25,,
run_ad71d751b20623006c195ff3,conditional,portfolio_day,2024-12-26,0.6795574752924728560000000,0.67955747529247285600000,0E-25,,
run_ad71d751b20623006c195ff3,conditional,portfolio_day,2024-12-27,0.8747507847708539420000000,0.87475078477085394200000,0E-25,,
run_ad71d751b20623006c195ff3,conditional,portfolio_day,2024-12-28,0.6019945652052420000000000,0.60199456520524200000000,0E-25,,
run_ad71d751b20623006c195ff3,conditional,portfolio_day,2024-12-29,0.5041260423395471237000000,0.50412604233954712370000,0E-25,,
run_ad71d751b20623006c195ff3,conditional,portfolio_day,2024-12-30,1.5574567645555840000000000,1.55745676455558400000000,0E-25,,
run_ad71d751b20623006c195ff3,conditional,portfolio_day,2024-12-31,0.4756703354169430000000000,0.47567033541694300000000,0E-25,,
run_ad71d751b20623006c195ff3,conditional,portfolio_day,2025-01-01,0.4785453849042210000000000,0.47854538490422100000000,0E-25,,
run_ad71d751b20623006c195ff3,conditional,portfolio_day,2025-01-02,0.8879008643250570000000000,0.88790086432505700000000,0E-25,,
run_ad71d751b20623006c195ff3,conditional,portfolio_day,2025-01-03,1.8109840866460390000000000,1.81098408664603900000000,0E-25,,
run_ad71d751b20623006c195ff3,conditional,portfolio_day,2025-01-04,0.8110653880548860000000000,0.81106538805488600000000,0E-25,,
run_ad71d751b20623006c195ff3,conditional,portfolio_day,2025-01-05,1.6861413090800000000000000,1.68614130908000000000000,0E-25,,
run_ad71d751b20623006c195ff3,conditional,portfolio_day,2025-01-06,0.2724542327138320000000001,0.27245423271383200000000,1E-25,,
run_ad71d751b20623006c195ff3,conditional,portfolio_day,2025-01-07,0.9347998078812780000000000,0.93479980788127800000000,0E-25,,
run_ad71d751b20623006c195ff3,conditional,portfolio_day,2025-01-08,0.9828758960599691548000000,0.98287589605996915480000,0E-25,,
run_ad71d751b20623006c195ff3,conditional,portfolio_day,2025-01-09,0.6457293687210712454000000,0.64572936872107124540000,0E-25,,
run_ad71d751b20623006c195ff3,conditional,portfolio_day,2025-01-10,0.7921173263222757696000000,0.79211732632227576960000,0E-25,,
run_ad71d751b20623006c195ff3,conditional,portfolio_day,2025-01-11,0.1110264666756008188000000,0.11102646667560081880000,0E-25,,
run_ad71d751b20623006c195ff3,conditional,portfolio_day,2025-01-12,1.3814228612960000000000000,1.38142286129600000000000,0E-25,,
run_ad71d751b20623006c195ff3,conditional,portfolio_day,2025-01-13,-0.3369803659605930240000002,-0.33698036596059302400000,-2E-25,,
run_ad71d751b20623006c195ff3,conditional,portfolio_day,2025-01-14,0.7981766250286000000000000,0.79817662502860000000000,0E-25,,
run_ad71d751b20623006c195ff3,conditional,portfolio_day,2025-01-15,0.7449990360188000000000000,0.74499903601880000000000,0E-25,,
run_ad71d751b20623006c195ff3,conditional,portfolio_day,2025-01-16,-0.0726544138462136838000000,-0.07265441384621368380000,0E-25,,
run_ad71d751b20623006c195ff3,conditional,portfolio_day,2025-01-17,1.3886591608872980000000000,1.38865916088729800000000,0E-25,,
run_ad71d751b20623006c195ff3,conditional,portfolio_day,2025-01-18,0.6654177309633700000000000,0.66541773096337000000000,0E-25,,
run_ad71d751b20623006c195ff3,conditional,portfolio_day,2025-01-19,1.1004868858105020000000000,1.10048688581050200000000,0E-25,,
run_ad71d751b20623006c195ff3,conditional,portfolio_day,2025-01-20,-0.0805823902157300000000000,-0.08058239021573000000000,0E-25,,
run_ad71d751b20623006c195ff3,conditional,portfolio_day,2025-01-21,1.6937387027339780000000000,1.69373870273397800000000,0E-25,,
run_ad71d751b20623006c195ff3,conditional,portfolio_day,2025-01-22,1.0150898351076100000000000,1.01508983510761000000000,0E-25,,
run_ad71d751b20623006c195ff3,conditional,portfolio_day,2025-01-23,0.6015477925000000000000000,0.60154779250000000000000,0E-25,,
run_ad71d751b20623006c195ff3,conditional,portfolio_day,2025-01-24,2.5155431677214420000000000,2.51554316772144200000000,0E-25,,
run_ad71d751b20623006c195ff3,conditional,portfolio_day,2025-01-25,-0.0188075636550214188000000,-0.01880756365502141880000,0E-25,,
run_ad71d751b20623006c195ff3,conditional,portfolio_day,2025-01-26,1.1029991967045640824000000,1.10299919670456408240000,0E-25,,
run_ad71d751b20623006c195ff3,conditional,portfolio_day,2025-01-27,0.0497071277626775208000000,0.04970712776267752080000,0E-25,,
run_ad71d751b20623006c195ff3,conditional,portfolio_day,2025-01-28,0.7114891210093493640000000,0.71148912100934936400000,0E-25,,
run_ad71d751b20623006c195ff3,conditional,portfolio_day,2025-01-29,0.2121341166362915416000000,0.21213411663629154160000,0E-25,,
run_ad71d751b20623006c195ff3,conditional,portfolio_day,2025-01-30,0.7176049167210160000000000,0.71760491672101600000000,0E-25,,
run_ad71d751b20623006c195ff3,conditional,portfolio_day,2025-01-31,1.4322322914126551120000000,1.43223229141265511200000,0E-25,,
run_ad71d751b20623006c195ff3,conditional,portfolio_day,2025-02-01,0.1670383374520000000000000,0.16703833745200000000000,0E-25,,
run_ad71d751b20623006c195ff3,conditional,portfolio_day,2025-02-02,-0.3629458231096774614000000,-0.36294582310967746140000,0E-25,,
run_ad71d751b20623006c195ff3,conditional,portfolio_day,2025-02-03,-0.9845471383289149895999999,-0.98454713832891498960000,1E-25,,
run_ad71d751b20623006c195ff3,conditional,portfolio_day,2025-02-04,-1.7568627418979763920000000,-1.75686274189797639200000,0E-25,,
run_ad71d751b20623006c195ff3,conditional,portfolio_day,2025-02-05,1.3994499353880000000000000,1.39944993538800000000000,0E-25,,
run_ad71d751b20623006c195ff3,conditional,portfolio_day,2025-02-06,-0.0119111057180000000000000,-0.01191110571800000000000,0E-25,,
run_ad71d751b20623006c195ff3,conditional,portfolio_day,2025-02-07,0.3607710423747784170000000,0.36077104237477841700000,0E-25,,
run_ad71d751b20623006c195ff3,conditional,portfolio_day,2025-02-08,-0.0473314149654443500000000,-0.04733141496544435000000,0E-25,,
run_ad71d751b20623006c195ff3,conditional,portfolio_day,2025-02-09,0.7826118415151236400000000,0.78261184151512364000000,0E-25,,
run_ad71d751b20623006c195ff3,conditional,portfolio_day,2025-02-10,-0.2431086154733419399999999,-0.24310861547334194000000,1E-25,,
run_ad71d751b20623006c195ff3,conditional,portfolio_day,2025-02-11,-0.2560453310330258500000000,-0.25604533103302585000000,0E-25,,
run_ad71d751b20623006c195ff3,conditional,portfolio_day,2025-02-12,0.4963091472575316350000000,0.49630914725753163500000,0E-25,,
run_ad71d751b20623006c195ff3,conditional,portfolio_day,2025-02-13,1.0037818174315001475000000,1.00378181743150014750000,0E-25,,
run_ad71d751b20623006c195ff3,conditional,portfolio_day,2025-02-14,-0.3288027620689540650000000,-0.32880276206895406500000,0E-25,,
run_ad71d751b20623006c195ff3,conditional,portfolio_day,2025-02-15,0.8825353635063375950000000,0.88253536350633759500000,0E-25,,
run_ad71d751b20623006c195ff3,conditional,portfolio_day,2025-02-16,0.4495854413024068025000000,0.44958544130240680250000,0E-25,,
run_ad71d751b20623006c195ff3,conditional,portfolio_day,2025-02-17,0.4193185235972014375000000,0.41931852359720143750000,0E-25,,
run_ad71d751b20623006c195ff3,conditional,portfolio_day,2025-02-18,0.8478558603257219900000000,0.84785586032572199000000,0E-25,,
run_ad71d751b20623006c195ff3,conditional,portfolio_day,2025-02-19,0.4227126332980009475000000,0.42271263329800094750000,0E-25,,
run_ad71d751b20623006c195ff3,conditional,portfolio_day,2025-02-20,-0.1838180774435079050000000,-0.18381807744350790500000,0E-25,,
run_ad71d751b20623006c195ff3,conditional,portfolio_day,2025-02-21,2.0219276049550000000000000,2.02192760495500000000000,0E-25,,
run_ad71d751b20623006c195ff3,conditional,portfolio_day,2025-02-22,-1.0213210693604543200000000,-1.02132106936045432000000,0E-25,,
run_ad71d751b20623006c195ff3,conditional,portfolio_day,2025-02-23,0.7650357143525895075000000,0.76503571435258950750000,0E-25,,
run_ad71d751b20623006c195ff3,conditional,portfolio_day,2025-02-24,0.0933996164642035311999999,0.09339961646420353120001,-1.01E-23,,
run_ad71d751b20623006c195ff3,conditional,portfolio_day,2025-02-25,-0.2498040078862582180000000,-0.24980400788625821800000,0E-25,,
run_ad71d751b20623006c195ff3,conditional,portfolio_day,2025-02-26,-0.0059383996250000000000000,-0.00593839962500000000001,1.00E-23,,
run_ad71d751b20623006c195ff3,conditional,portfolio_day,2025-02-27,0.8880291785685391428000000,0.88802917856853914280000,0E-25,,
run_ad71d751b20623006c195ff3,conditional,portfolio_day,2025-02-28,-0.0422069535771324147999997,-0.04220695357713241480000,3E-25,,
run_ad71d751b20623006c195ff3,conditional,portfolio_day,2025-03-01,0.384251755431966616000000,0.38425175543196661600000,0E-24,,
run_ad71d751b20623006c195ff3,conditional,portfolio_day,2025-03-02,-0.7719868031663448296000003,-0.77198680316634482959999,-1.03E-23,,
run_ad71d751b20623006c195ff3,conditional,portfolio_day,2025-03-03,0.6556525391903815592000003,0.65565253919038155919999,1.03E-23,,
run_ad71d751b20623006c195ff3,conditional,portfolio_day,2025-03-04,-0.256021009375000000000000,-0.25602100937500000000000,0E-24,,
run_ad71d751b20623006c195ff3,conditional,portfolio_day,2025-03-05,0.745907858744148971200000,0.74590785874414897120000,0E-24,,
run_ad71d751b20623006c195ff3,conditional,portfolio_day,2025-03-06,0.007820073495530179000000,0.00782007349553017900000,0E-24,,
run_ad71d751b20623006c195ff3,conditional,portfolio_day,2025-03-07,0.025419073010948815000000,0.02541907301094881500000,0E-24,,
run_ad71d751b20623006c195ff3,conditional,portfolio_day,2025-03-08,0.396288252947869312000000,0.39628825294786931200000,0E-24,,
run_ad71d751b20623006c195ff3,conditional,portfolio_day,2025-03-09,0.224724328701668623600000,0.22472432870166862360000,0E-24,,
run_ad71d751b20623006c195ff3,conditional,portfolio_day,2025-03-10,-3.236101790746480984500000,-3.23610179074648098450000,0E-24,,
run_ad71d751b20623006c195ff3,conditional,portfolio_day,2025-03-11,1.634852075121328203000000,1.63485207512132820300000,0E-24,,
run_ad71d751b20623006c195ff3,conditional,portfolio_day,2025-03-12,-0.547313301628483243000000,-0.54731330162848324300000,0E-24,,
run_ad71d751b20623006c195ff3,conditional,portfolio_day,2025-03-13,0.368841871108500000000000,0.36884187110850000000000,0E-24,,
run_ad71d751b20623006c195ff3,conditional,portfolio_day,2025-03-14,0.420775789260362080000000,0.42077578926036208000000,0E-24,,
run_ad71d751b20623006c195ff3,conditional,portfolio_day,2025-03-15,0.841852355109000000000000,0.84185235510900000000000,0E-24,,
run_ad71d751b20623006c195ff3,conditional,portfolio_day,2025-03-16,-0.609064802254500000000000,-0.60906480225450000000000,0E-24,,
run_ad71d751b20623006c195ff3,conditional,portfolio_day,2025-03-17,0.211892396525188989999999,0.21189239652518899000000,-1E-24,,
run_ad71d751b20623006c195ff3,conditional,portfolio_day,2025-03-18,0.175008131143615069000000,0.17500813114361506900000,0E-24,,
run_ad71d751b20623006c195ff3,conditional,portfolio_day,2025-03-19,1.060043068326718960800000,1.06004306832671896080000,0E-24,,
run_ad71d751b20623006c195ff3,conditional,portfolio_day,2025-03-20,-0.420804269141709170800000,-0.42080426914170917080000,0E-24,,
run_ad71d751b20623006c195ff3,conditional,portfolio_day,2025-03-21,0.593649208283167143500000,0.59364920828316714350000,0E-24,,
run_ad71d751b20623006c195ff3,conditional,portfolio_day,2025-03-22,0.193121831424381864300000,0.19312183142438186430000,0E-24,,
run_ad71d751b20623006c195ff3,conditional,portfolio_day,2025-03-23,-0.107242319196586142100000,-0.10724231919658614210000,0E-24,,
run_ad71d751b20623006c195ff3,conditional,portfolio_day,2025-03-24,0.182066931110000000000000,0.18206693111000000000000,0E-24,,
run_ad71d751b20623006c195ff3,conditional,portfolio_day,2025-03-25,0.344242530476692862500000,0.34424253047669286250000,0E-24,,
run_ad71d751b20623006c195ff3,conditional,portfolio_day,2025-03-26,-0.113461770992886187500000,-0.11346177099288618750000,0E-24,,
run_ad71d751b20623006c195ff3,conditional,portfolio_day,2025-03-27,0.316070007582606640500000,0.31607000758260664050000,0E-24,,
run_ad71d751b20623006c195ff3,conditional,portfolio_day,2025-03-28,0.269511340798236898500000,0.26951134079823689850000,0E-24,,
run_ad71d751b20623006c195ff3,conditional,portfolio_day,2025-03-29,0.072775569087084580000000,0.07277556908708458000000,0E-24,,
run_ad71d751b20623006c195ff3,conditional,portfolio_day,2025-03-30,-0.107659572789500000000000,-0.10765957278950000000000,0E-24,,
run_ad71d751b20623006c195ff3,conditional,portfolio_day,2025-03-31,-0.541410930776779309600000,-0.54141093077677930960000,0E-24,,
run_ad71d751b20623006c195ff3,conditional,portfolio_day,2025-04-01,0.200035003540698674300000,0.20003500354069867430000,0E-24,,
run_ad71d751b20623006c195ff3,conditional,portfolio_day,2025-04-02,0.422906330589049104500000,0.42290633058904910450000,0E-24,,
run_ad71d751b20623006c195ff3,conditional,portfolio_day,2025-04-03,0.330988351008848264700000,0.33098835100884826470000,0E-24,,
run_ad71d751b20623006c195ff3,conditional,portfolio_day,2025-04-04,0.297866960050900000000000,0.29786696005090000000000,0E-24,,
run_ad71d751b20623006c195ff3,conditional,portfolio_day,2025-04-05,0.239840793707047467600000,0.23984079370704746760000,0E-24,,
run_ad71d751b20623006c195ff3,conditional,portfolio_day,2025-04-06,0.052889564931231214000000,0.05288956493123121400000,0E-24,,
run_ad71d751b20623006c195ff3,conditional,portfolio_day,2025-04-07,-1.675130864876385130300000,-1.67513086487638513030000,0E-24,,
run_ad71d751b20623006c195ff3,conditional,portfolio_day,2025-04-08,0.640599044371300000000000,0.64059904437130000000000,0E-24,,
run_ad71d751b20623006c195ff3,conditional,portfolio_day,2025-04-09,0.311245216582200000000000,0.31124521658220000000000,0E-24,,
run_ad71d751b20623006c195ff3,conditional,portfolio_day,2025-04-10,-0.377510733665200000000000,-0.37751073366520000000000,0E-24,,
run_ad71d751b20623006c195ff3,conditional,portfolio_day,2025-04-11,0.108011058646809985400000,0.10801105864680998540000,0E-24,,
run_ad71d751b20623006c195ff3,conditional,portfolio_day,2025-04-12,-0.177775322959610793600000,-0.17777532295961079360000,0E-24,,
run_ad71d751b20623006c195ff3,conditional,portfolio_day,2025-04-13,0.599790719378209927900000,0.59979071937820992790000,0E-24,,
run_ad71d751b20623006c195ff3,conditional,portfolio_day,2025-04-14,0.893393386070865492600000,0.89339338607086549260000,0E-24,,
run_ad71d751b20623006c195ff3,conditional,portfolio_day,2025-04-15,-0.128489858377967493600000,-0.12848985837796749360000,0E-24,,
run_ad71d751b20623006c195ff3,conditional,portfolio_day,2025-04-16,0.108854508516470865800000,0.10885450851647086580000,0E-24,,
run_ad71d751b20623006c195ff3,conditional,portfolio_day,2025-04-17,0.202071533906974929400000,0.20207153390697492940000,0E-24,,
run_ad71d751b20623006c195ff3,conditional,portfolio_day,2025-04-18,-0.002091578453533181900000,-0.00209157845353318190000,0E-24,,
run_ad71d751b20623006c195ff3,conditional,portfolio_day,2025-04-19,0.372393747881461313900000,0.37239374788146131390000,0E-24,,
run_ad71d751b20623006c195ff3,conditional,portfolio_day,2025-04-20,0.383377890919962838400000,0.38337789091996283840000,0E-24,,
run_ad71d751b20623006c195ff3,conditional,portfolio_day,2025-04-21,0.875093723389239035200000,0.87509372338923903520000,0E-24,,
run_ad71d751b20623006c195ff3,conditional,portfolio_day,2025-04-22,-0.599635007819365715800000,-0.59963500781936571580000,0E-24,,
run_ad71d751b20623006c195ff3,conditional,portfolio_day,2025-04-23,1.473982544985704276800000,1.47398254498570427680000,0E-24,,
run_ad71d751b20623006c195ff3,conditional,portfolio_day,2025-04-24,0.958411476452100000000000,0.95841147645210000000000,0E-24,,
run_ad71d751b20623006c195ff3,conditional,portfolio_day,2025-04-25,0.651316619392196991500000,0.65131661939219699150000,0E-24,,
run_ad71d751b20623006c195ff3,conditional,portfolio_day,2025-04-26,-0.418110543541800000000000,-0.41811054354180000000000,0E-24,,
run_ad71d751b20623006c195ff3,conditional,portfolio_day,2025-04-27,-0.313105735184800000000000,-0.31310573518480000000000,0E-24,,
run_ad71d751b20623006c195ff3,conditional,portfolio_day,2025-04-28,-5.087985054522108127600000,-5.08798505452210812760000,0E-24,,
run_ad71d751b20623006c195ff3,conditional,portfolio_day,2025-04-29,-0.005299863200000000000000,-0.00529986320000000000000,0E-24,,
run_ad71d751b20623006c195ff3,conditional,portfolio_day,2025-04-30,-0.000753922200000000000000,-0.00075392220000000000000,0E-24,,
run_ad71d751b20623006c195ff3,conditional,portfolio_day,2025-05-01,0.019426184800000000000000,0.01942618480000000000000,0E-24,,
run_ad71d751b20623006c195ff3,conditional,portfolio_day,2025-05-02,0.003187760600000000000000,0.00318776060000000000000,0E-24,,
run_ad71d751b20623006c195ff3,conditional,portfolio_day,2025-05-03,-0.008025846200000000000000,-0.00802584620000000000000,0E-24,,
run_ad71d751b20623006c195ff3,conditional,portfolio_day,2025-05-04,-0.013122124400000000000000,-0.01312212440000000000000,0E-24,,
run_ad71d751b20623006c195ff3,conditional,portfolio_day,2025-05-05,0.003814009000000000000000,0.00381400900000000000000,0E-24,,
run_ad71d751b20623006c195ff3,conditional,portfolio_day,2025-05-06,0.015644678800000000000000,0.01564467880000000000000,0E-24,,
run_ad71d751b20623006c195ff3,conditional,portfolio_day,2025-05-07,0.001603926800000000000000,0.00160392680000000000000,0E-24,,
run_ad71d751b20623006c195ff3,conditional,portfolio_day,2025-05-08,0.062573477000000000000000,0.06257347700000000000000,0E-24,,
run_ad71d751b20623006c195ff3,conditional,portfolio_day,2025-05-09,0.002991555400000000000000,0.00299155540000000000000,0E-24,,
run_ad71d751b20623006c195ff3,conditional,portfolio_day,2025-05-10,0.021887159600000000000000,0.02188715960000000000000,0E-24,,
run_ad71d751b20623006c195ff3,conditional,portfolio_day,2025-05-11,-0.007056402000000000000000,-0.00705640200000000000000,0E-24,,
run_ad71d751b20623006c195ff3,conditional,portfolio_day,2025-05-12,-0.010673089600000000000000,-0.01067308960000000000000,0E-24,,
run_ad71d751b20623006c195ff3,conditional,portfolio_day,2025-05-13,0.016967932400000000000000,0.01696793240000000000000,0E-24,,
run_ad71d751b20623006c195ff3,conditional,portfolio_day,2025-05-14,-0.007352573600000000000000,-0.00735257360000000000000,0E-24,,
run_ad71d751b20623006c195ff3,conditional,portfolio_day,2025-05-15,-0.000545666800000000000000,-0.00054566680000000000000,0E-24,,
run_ad71d751b20623006c195ff3,conditional,portfolio_day,2025-05-16,-0.002503272400000000000000,-0.00250327240000000000000,0E-24,,
run_ad71d751b20623006c195ff3,conditional,portfolio_day,2025-05-17,-0.004737244400000000000000,-0.00473724440000000000000,0E-24,,
run_ad71d751b20623006c195ff3,conditional,portfolio_day,2025-05-18,0.026084286200000000000000,0.02608428620000000000000,0E-24,,
run_ad71d751b20623006c195ff3,conditional,portfolio_day,2025-05-19,-0.005267401200000000000000,-0.00526740120000000000000,0E-24,,
run_ad71d751b20623006c195ff3,conditional,portfolio_day,2025-05-20,0.009103536400000000000000,0.00910353640000000000000,0E-24,,
run_ad71d751b20623006c195ff3,conditional,portfolio_day,2025-05-21,0.023316661000000000000000,0.02331666100000000000000,0E-24,,
run_ad71d751b20623006c195ff3,conditional,portfolio_day,2025-05-22,0.020130446600000000000000,0.02013044660000000000000,0E-24,,
run_ad71d751b20623006c195ff3,conditional,portfolio_day,2025-05-23,-0.039358600600000000000000,-0.03935860060000000000000,0E-24,,
run_ad71d751b20623006c195ff3,conditional,portfolio_day,2025-05-24,0.003777758000000000000000,0.00377775800000000000000,0E-24,,
run_ad71d751b20623006c195ff3,conditional,portfolio_day,2025-05-25,0.010337628400000000000000,0.01033762840000000000000,0E-24,,
run_ad71d751b20623006c195ff3,conditional,portfolio_day,2025-05-26,0.003718051400000000000000,0.00371805140000000000000,0E-24,,
run_ad71d751b20623006c195ff3,conditional,portfolio_day,2025-05-27,-0.000135381000000000000000,-0.00013538100000000000000,0E-24,,
run_ad71d751b20623006c195ff3,conditional,portfolio_day,2025-05-28,-0.008282953000000000000000,-0.00828295300000000000000,0E-24,,
run_ad71d751b20623006c195ff3,conditional,portfolio_day,2025-05-29,-0.018039574600000000000000,-0.01803957460000000000000,0E-24,,
run_ad71d751b20623006c195ff3,conditional,portfolio_day,2025-05-30,-0.016863301200000000000000,-0.01686330120000000000000,0E-24,,
run_ad71d751b20623006c195ff3,conditional,portfolio_day,2025-05-31,0.004713863400000000000000,0.00471386340000000000000,0E-24,,
run_ad71d751b20623006c195ff3,conditional,portfolio_day,2025-06-01,0.008041412600000000000000,0.00804141260000000000000,0E-24,,
run_ad71d751b20623006c195ff3,conditional,portfolio_day,2025-06-02,0.004317462400000000000000,0.00431746240000000000000,0E-24,,
run_ad71d751b20623006c195ff3,conditional,portfolio_day,2025-06-03,-0.004138360000000000000000,-0.00413836000000000000000,0E-24,,
run_ad71d751b20623006c195ff3,conditional,portfolio_day,2025-06-04,-0.004660874000000000000000,-0.00466087400000000000000,0E-24,,
run_ad71d751b20623006c195ff3,conditional,portfolio_day,2025-06-05,-0.031676709400000000000000,-0.03167670940000000000000,0E-24,,
run_ad71d751b20623006c195ff3,conditional,portfolio_day,2025-06-06,0.023836048800000000000000,0.02383604880000000000000,0E-24,,
run_ad71d751b20623006c195ff3,conditional,portfolio_day,2025-06-07,0.011439411600000000000000,0.01143941160000000000000,0E-24,,
run_ad71d751b20623006c195ff3,conditional,portfolio_day,2025-06-08,0.000992849400000000000000,0.00099284940000000000000,0E-24,,
run_ad71d751b20623006c195ff3,conditional,portfolio_day,2025-06-09,0.041133096000000000000000,0.04113309600000000000000,0E-24,,
run_ad71d751b20623006c195ff3,conditional,portfolio_day,2025-06-10,0.004922407200000000000000,0.00492240720000000000000,0E-24,,
run_ad71d751b20623006c195ff3,conditional,portfolio_day,2025-06-11,-0.013829440400000000000000,-0.01382944040000000000000,0E-24,,
run_ad71d751b20623006c195ff3,conditional,portfolio_day,2025-06-12,-0.025851040600000000000000,-0.02585104060000000000000,0E-24,,
run_ad71d751b20623006c195ff3,conditional,portfolio_day,2025-06-13,-0.001112806400000000000000,-0.00111280640000000000000,0E-24,,
run_ad71d751b20623006c195ff3,conditional,portfolio_day,2025-06-14,-0.006835384400000000000000,-0.00683538440000000000000,0E-24,,
run_ad71d751b20623006c195ff3,conditional,portfolio_day,2025-06-15,0.001505272800000000000000,0.00150527280000000000000,0E-24,,
run_ad71d751b20623006c195ff3,conditional,portfolio_day,2025-06-16,0.008629686200000000000000,0.00862968620000000000000,0E-24,,
run_ad71d751b20623006c195ff3,conditional,portfolio_day,2025-06-17,-0.017546688800000000000000,-0.01754668880000000000000,0E-24,,
run_ad71d751b20623006c195ff3,conditional,portfolio_day,2025-06-18,0.002905967000000000000000,0.00290596700000000000000,0E-24,,
run_ad71d751b20623006c195ff3,conditional,portfolio_day,2025-06-19,-0.001714248000000000000000,-0.00171424800000000000000,0E-24,,
run_ad71d751b20623006c195ff3,conditional,portfolio_day,2025-06-20,-0.014862052800000000000000,-0.01486205280000000000000,0E-24,,
run_ad71d751b20623006c195ff3,conditional,portfolio_day,2025-06-21,-0.012803045400000000000000,-0.01280304540000000000000,0E-24,,
run_ad71d751b20623006c195ff3,conditional,portfolio_day,2025-06-22,-0.011760815400000000000000,-0.01176081540000000000000,0E-24,,
run_ad71d751b20623006c195ff3,conditional,portfolio_day,2025-06-23,0.041178528000000000000000,0.04117852800000000000000,0E-24,,
run_ad71d751b20623006c195ff3,conditional,portfolio_day,2025-06-24,0.005847338800000000000000,0.00584733880000000000000,0E-24,,
run_ad71d751b20623006c195ff3,conditional,portfolio_day,2025-06-25,0.009393385800000000000000,0.00939338580000000000000,0E-24,,
run_ad71d751b20623006c195ff3,conditional,portfolio_day,2025-06-26,-0.003350854800000000000000,-0.00335085480000000000000,0E-24,,
run_ad71d751b20623006c195ff3,conditional,portfolio_day,2025-06-27,0.001159180800000000000000,0.00115918080000000000000,0E-24,,
run_ad71d751b20623006c195ff3,conditional,portfolio_day,2025-06-28,0.002382682200000000000000,0.00238268220000000000000,0E-24,,
run_ad71d751b20623006c195ff3,conditional,portfolio_day,2025-06-29,0.010539736000000000000000,0.01053973600000000000000,0E-24,,
run_ad71d751b20623006c195ff3,conditional,portfolio_day,2025-06-30,-0.009914055600000000000000,-0.00991405560000000000000,0E-24,,
run_ad71d751b20623006c195ff3,conditional,portfolio_day,2025-07-01,-0.014239239000000000000000,-0.01423923900000000000000,0E-24,,
run_ad71d751b20623006c195ff3,conditional,portfolio_day,2025-07-02,0.030137104000000000000000,0.03013710400000000000000,0E-24,,
run_ad71d751b20623006c195ff3,conditional,portfolio_day,2025-07-03,0.006899320800000000000000,0.00689932080000000000000,0E-24,,
run_ad71d751b20623006c195ff3,conditional,portfolio_day,2025-07-04,-0.015485528400000000000000,-0.01548552840000000000000,0E-24,,
run_ad71d751b20623006c195ff3,conditional,portfolio_day,2025-07-05,0.001977936400000000000000,0.00197793640000000000000,0E-24,,
run_ad71d751b20623006c195ff3,conditional,portfolio_day,2025-07-06,0.009763822600000000000000,0.00976382260000000000000,0E-24,,
run_ad71d751b20623006c195ff3,conditional,portfolio_day,2025-07-07,-0.008011306400000000000000,-0.00801130640000000000000,0E-24,,
run_ad71d751b20623006c195ff3,conditional,portfolio_day,2025-07-08,0.007368134000000000000000,0.00736813400000000000000,0E-24,,
run_ad71d751b20623006c195ff3,conditional,portfolio_day,2025-07-09,0.023607867200000000000000,0.02360786720000000000000,0E-24,,
run_ad71d751b20623006c195ff3,conditional,portfolio_day,2025-07-10,0.043525231600000000000000,0.04352523160000000000000,0E-24,,
run_ad71d751b20623006c195ff3,conditional,portfolio_day,2025-07-11,0.012091505400000000000000,0.01209150540000000000000,0E-24,,
run_ad71d751b20623006c195ff3,conditional,portfolio_day,2025-07-12,-0.001562335200000000000000,-0.00156233520000000000000,0E-24,,
run_ad71d751b20623006c195ff3,conditional,portfolio_day,2025-07-13,0.013836831800000000000000,0.01383683180000000000000,0E-24,,
run_ad71d751b20623006c195ff3,conditional,portfolio_day,2025-07-14,0.007870310800000000000000,0.00787031080000000000000,0E-24,,
run_ad71d751b20623006c195ff3,conditional,portfolio_day,2025-07-15,-0.011583902800000000000000,-0.01158390280000000000000,0E-24,,
run_ad71d751b20623006c195ff3,conditional,portfolio_day,2025-07-16,0.015470575400000000000000,0.01547057540000000000000,0E-24,,
run_ad71d751b20623006c195ff3,conditional,portfolio_day,2025-07-17,0.007710451400000000000000,0.00771045140000000000000,0E-24,,
run_ad71d751b20623006c195ff3,conditional,portfolio_day,2025-07-18,-0.007212328200000000000000,-0.00721232820000000000000,0E-24,,
run_ad71d751b20623006c195ff3,conditional,portfolio_day,2025-07-19,0.001384276200000000000000,0.00138427620000000000000,0E-24,,
run_ad71d751b20623006c195ff3,conditional,portfolio_day,2025-07-20,0.001456703200000000000000,0.00145670320000000000000,0E-24,,
run_ad71d751b20623006c195ff3,conditional,portfolio_day,2025-07-21,0.000769903000000000000000,0.00076990300000000000000,0E-24,,
run_ad71d751b20623006c195ff3,conditional,portfolio_day,2025-07-22,0.019488509400000000000000,0.01948850940000000000000,0E-24,,
run_ad71d751b20623006c195ff3,conditional,portfolio_day,2025-07-23,-0.013889062200000000000000,-0.01388906220000000000000,0E-24,,
run_ad71d751b20623006c195ff3,conditional,portfolio_day,2025-07-24,-0.000576146000000000000000,-0.00057614600000000000000,0E-24,,
run_ad71d751b20623006c195ff3,conditional,portfolio_day,2025-07-25,-0.004356586600000000000000,-0.00435658660000000000000,0E-24,,
run_ad71d751b20623006c195ff3,conditional,portfolio_day,2025-07-26,0.002613551600000000000000,0.00261355160000000000000,0E-24,,
run_ad71d751b20623006c195ff3,conditional,portfolio_day,2025-07-27,0.016552804400000000000000,0.01655280440000000000000,0E-24,,
run_ad71d751b20623006c195ff3,conditional,portfolio_day,2025-07-28,-0.013888723000000000000000,-0.01388872300000000000000,0E-24,,
run_ad71d751b20623006c195ff3,conditional,portfolio_day,2025-07-29,-0.000272756600000000000000,-0.00027275660000000000000,0E-24,,
run_ad71d751b20623006c195ff3,conditional,portfolio_day,2025-07-30,-0.000317757800000000000000,-0.00031775780000000000000,0E-24,,
run_ad71d751b20623006c195ff3,conditional,portfolio_day,2025-07-31,-0.020533778600000000000000,-0.02053377860000000000000,0E-24,,
run_ad71d751b20623006c195ff3,conditional,portfolio_day,2025-08-01,-0.025616736000000000000000,-0.02561673600000000000000,0E-24,,
run_ad71d751b20623006c195ff3,conditional,portfolio_day,2025-08-02,-0.009906908400000000000000,-0.00990690840000000000000,0E-24,,
run_ad71d751b20623006c195ff3,conditional,portfolio_day,2025-08-03,0.016532567800000000000000,0.01653256780000000000000,0E-24,,
run_ad71d751b20623006c195ff3,conditional,portfolio_day,2025-08-04,0.014731073000000000000000,0.01473107300000000000000,0E-24,,
run_ad71d751b20623006c195ff3,conditional,portfolio_day,2025-08-05,-0.011004862600000000000000,-0.01100486260000000000000,0E-24,,
run_ad71d751b20623006c195ff3,conditional,portfolio_day,2025-08-06,0.009156257600000000000000,0.00915625760000000000000,0E-24,,
run_ad71d751b20623006c195ff3,conditional,portfolio_day,2025-08-07,0.027543447400000000000000,0.02754344740000000000000,0E-24,,
run_ad71d751b20623006c195ff3,conditional,portfolio_day,2025-08-08,-0.002668119600000000000000,-0.00266811960000000000000,0E-24,,
run_ad71d751b20623006c195ff3,conditional,portfolio_day,2025-08-09,0.007635051000000000000000,0.00763505100000000000000,0E-24,,
run_ad71d751b20623006c195ff3,conditional,portfolio_day,2025-08-10,0.021508385600000000000000,0.02150838560000000000000,0E-24,,
run_ad71d751b20623006c195ff3,conditional,portfolio_day,2025-08-11,-0.005688844400000000000000,-0.00568884440000000000000,0E-24,,
run_ad71d751b20623006c195ff3,conditional,portfolio_day,2025-08-12,0.024915849600000000000000,0.02491584960000000000000,0E-24,,
run_ad71d751b20623006c195ff3,conditional,portfolio_day,2025-08-13,0.030097268000000000000000,0.03009726800000000000000,0E-24,,
run_ad71d751b20623006c195ff3,conditional,portfolio_day,2025-08-14,-0.046452652400000000000000,-0.04645265240000000000000,0E-24,,
run_ad71d751b20623006c195ff3,conditional,portfolio_day,2025-08-15,-0.011368379000000000000000,-0.01136837900000000000000,0E-24,,
run_ad71d751b20623006c195ff3,conditional,portfolio_day,2025-08-16,0.000092905800000000000000,0.00009290580000000000000,0E-24,,
run_ad71d751b20623006c195ff3,conditional,portfolio_day,2025-08-17,0.001565579400000000000000,0.00156557940000000000000,0E-24,,
run_ad71d751b20623006c195ff3,conditional,portfolio_day,2025-08-18,-0.015006560600000000000000,-0.01500656060000000000000,0E-24,,
run_ad71d751b20623006c195ff3,conditional,portfolio_day,2025-08-19,-0.034870689000000000000000,-0.03487068900000000000000,0E-24,,
run_ad71d751b20623006c195ff3,conditional,portfolio_day,2025-08-20,0.020855951000000000000000,0.02085595100000000000000,0E-24,,
run_ad71d751b20623006c195ff3,conditional,portfolio_day,2025-08-21,-0.018127117800000000000000,-0.01812711780000000000000,0E-24,,
run_ad71d751b20623006c195ff3,conditional,portfolio_day,2025-08-22,0.056771480600000000000000,0.05677148060000000000000,0E-24,,
run_ad71d751b20623006c195ff3,conditional,portfolio_day,2025-08-23,-0.013347818400000000000000,-0.01334781840000000000000,0E-24,,
run_ad71d751b20623006c195ff3,conditional,portfolio_day,2025-08-24,-0.015131010400000000000000,-0.01513101040000000000000,0E-24,,
run_ad71d751b20623006c195ff3,conditional,portfolio_day,2025-08-25,-0.041007551600000000000000,-0.04100755160000000000000,0E-24,,
run_ad71d751b20623006c195ff3,conditional,portfolio_day,2025-08-26,0.020999464000000000000000,0.02099946400000000000000,0E-24,,
run_ad71d751b20623006c195ff3,conditional,portfolio_day,2025-08-27,-0.007358870800000000000000,-0.00735887080000000000000,0E-24,,
run_ad71d751b20623006c195ff3,conditional,portfolio_day,2025-08-28,0.010227251600000000000000,0.01022725160000000000000,0E-24,,
run_ad71d751b20623006c195ff3,conditional,portfolio_day,2025-08-29,-0.037834845000000000000000,-0.03783484500000000000000,0E-24,,
run_ad71d751b20623006c195ff3,conditional,portfolio_day,2025-08-30,0.004027382000000000000000,0.00402738200000000000000,0E-24,,
run_ad71d751b20623006c195ff3,conditional,portfolio_day,2025-08-31,-0.004096170000000000000000,-0.00409617000000000000000,0E-24,,
run_ad71d751b20623006c195ff3,conditional,portfolio_day,2025-09-01,0.005369805000000000000000,0.00536980500000000000000,0E-24,,
run_ad71d751b20623006c195ff3,conditional,portfolio_day,2025-09-02,0.015491042000000000000000,0.01549104200000000000000,0E-24,,
run_ad71d751b20623006c195ff3,conditional,portfolio_day,2025-09-03,0.007996246200000000000000,0.00799624620000000000000,0E-24,,
run_ad71d751b20623006c195ff3,conditional,portfolio_day,2025-09-04,-0.013010681600000000000000,-0.01301068160000000000000,0E-24,,
run_ad71d751b20623006c195ff3,conditional,portfolio_day,2025-09-05,-0.000068684600000000000000,-0.00006868460000000000000,0E-24,,
run_ad71d751b20623006c195ff3,conditional,portfolio_day,2025-09-06,-0.004725013600000000000000,-0.00472501360000000000000,0E-24,,
run_ad71d751b20623006c195ff3,conditional,portfolio_day,2025-09-07,0.008837317200000000000000,0.00883731720000000000000,0E-24,,
run_ad71d751b20623006c195ff3,conditional,portfolio_day,2025-09-08,0.007043567600000000000000,0.00704356760000000000000,0E-24,,
run_ad71d751b20623006c195ff3,conditional,portfolio_day,2025-09-09,-0.004383084800000000000000,-0.00438308480000000000000,0E-24,,
run_ad71d751b20623006c195ff3,conditional,portfolio_day,2025-09-10,0.020447987200000000000000,0.02044798720000000000000,0E-24,,
run_ad71d751b20623006c195ff3,conditional,portfolio_day,2025-09-11,0.015834853200000000000000,0.01583485320000000000000,0E-24,,
run_ad71d751b20623006c195ff3,conditional,portfolio_day,2025-09-12,0.013319126400000000000000,0.01331912640000000000000,0E-24,,
run_ad71d751b20623006c195ff3,conditional,portfolio_day,2025-09-13,-0.002350030000000000000000,-0.00235003000000000000000,0E-24,,
run_ad71d751b20623006c195ff3,conditional,portfolio_day,2025-09-14,-0.006673943800000000000000,-0.00667394380000000000000,0E-24,,
run_ad71d751b20623006c195ff3,conditional,portfolio_day,2025-09-15,-0.002710617200000000000000,-0.00271061720000000000000,0E-24,,
run_ad71d751b20623006c195ff3,conditional,portfolio_day,2025-09-16,0.009943443800000000000000,0.00994344380000000000000,0E-24,,
run_ad71d751b20623006c195ff3,conditional,portfolio_day,2025-09-17,0.000320444800000000000000,0.00032044480000000000000,0E-24,,
run_ad71d751b20623006c195ff3,conditional,portfolio_day,2025-09-18,0.005338139000000000000000,0.00533813900000000000000,0E-24,,
run_ad71d751b20623006c195ff3,conditional,portfolio_day,2025-09-19,-0.015699307600000000000000,-0.01569930760000000000000,0E-24,,
run_ad71d751b20623006c195ff3,conditional,portfolio_day,2025-09-20,0.000856647600000000000000,0.00085664760000000000000,0E-24,,
run_ad71d751b20623006c195ff3,conditional,portfolio_day,2025-09-21,-0.004466620200000000000000,-0.00446662020000000000000,0E-24,,
run_ad71d751b20623006c195ff3,conditional,portfolio_day,2025-09-22,-0.029155005600000000000000,-0.02915500560000000000000,0E-24,,
run_ad71d751b20623006c195ff3,conditional,portfolio_day,2025-09-23,-0.006514604000000000000000,-0.00651460400000000000000,0E-24,,
run_ad71d751b20623006c195ff3,conditional,portfolio_day,2025-09-24,0.009610656200000000000000,0.00961065620000000000000,0E-24,,
run_ad71d751b20623006c195ff3,conditional,portfolio_day,2025-09-25,-0.043595934800000000000000,-0.04359593480000000000000,0E-24,,
run_ad71d751b20623006c195ff3,conditional,portfolio_day,2025-09-26,0.011029564800000000000000,0.01102956480000000000000,0E-24,,
run_ad71d751b20623006c195ff3,conditional,portfolio_day,2025-09-27,-0.000652641000000000000000,-0.00065264100000000000000,0E-24,,
run_ad71d751b20623006c195ff3,conditional,portfolio_day,2025-09-28,0.023733773000000000000000,0.02373377300000000000000,0E-24,,
run_ad71d751b20623006c195ff3,conditional,portfolio_day,2025-09-29,0.020043850400000000000000,0.02004385040000000000000,0E-24,,
run_ad71d751b20623006c195ff3,conditional,portfolio_day,2025-09-30,-0.004931516800000000000000,-0.00493151680000000000000,0E-24,,
run_ad71d751b20623006c195ff3,conditional,portfolio_day,2025-10-01,0.042772758800000000000000,0.04277275880000000000000,0E-24,,
run_ad71d751b20623006c195ff3,conditional,portfolio_day,2025-10-02,0.019927485000000000000000,0.01992748500000000000000,0E-24,,
run_ad71d751b20623006c195ff3,conditional,portfolio_day,2025-10-03,0.013788814800000000000000,0.01378881480000000000000,0E-24,,
run_ad71d751b20623006c195ff3,conditional,portfolio_day,2025-10-04,0.000467950800000000000000,0.00046795080000000000000,0E-24,,
run_ad71d751b20623006c195ff3,conditional,portfolio_day,2025-10-05,0.009436867200000000000000,0.00943686720000000000000,0E-24,,
run_ad71d751b20623006c195ff3,conditional,portfolio_day,2025-10-06,0.015765228600000000000000,0.01576522860000000000000,0E-24,,
run_ad71d751b20623006c195ff3,conditional,portfolio_day,2025-10-07,-0.034367902400000000000000,-0.03436790240000000000000,0E-24,,
run_ad71d751b20623006c195ff3,conditional,portfolio_day,2025-10-08,0.017710711400000000000000,0.01771071140000000000000,0E-24,,
run_ad71d751b20623006c195ff3,conditional,portfolio_day,2025-10-09,-0.018593556800000000000000,-0.01859355680000000000000,0E-24,,
run_ad71d751b20623006c195ff3,conditional,portfolio_day,2025-10-10,-0.086675283200000000000000,-0.08667528320000000000000,0E-24,,
run_ad71d751b20623006c195ff3,conditional,portfolio_day,2025-10-11,-0.020901336600000000000000,-0.02090133660000000000000,0E-24,,
run_ad71d751b20623006c195ff3,conditional,portfolio_day,2025-10-12,0.048519529000000000000000,0.04851952900000000000000,0E-24,,
run_ad71d751b20623006c195ff3,conditional,portfolio_day,2025-10-13,0.004139366600000000000000,0.00413936660000000000000,0E-24,,
run_ad71d751b20623006c195ff3,conditional,portfolio_day,2025-10-14,-0.020513281000000000000000,-0.02051328100000000000000,0E-24,,
run_ad71d751b20623006c195ff3,conditional,portfolio_day,2025-10-15,-0.022872418200000000000000,-0.02287241820000000000000,0E-24,,
run_ad71d751b20623006c195ff3,conditional,portfolio_day,2025-10-16,-0.023550329400000000000000,-0.02355032940000000000000,0E-24,,
run_ad71d751b20623006c195ff3,conditional,portfolio_day,2025-10-17,-0.015309135200000000000000,-0.01530913520000000000000,0E-24,,
run_ad71d751b20623006c195ff3,conditional,portfolio_day,2025-10-18,0.007899812400000000000000,0.00789981240000000000000,0E-24,,
run_ad71d751b20623006c195ff3,conditional,portfolio_day,2025-10-19,0.014427773800000000000000,0.01442777380000000000000,0E-24,,
run_ad71d751b20623006c195ff3,conditional,portfolio_day,2025-10-20,0.014635845400000000000000,0.01463584540000000000000,0E-24,,
run_ad71d751b20623006c195ff3,conditional,portfolio_day,2025-10-21,-0.020189961200000000000000,-0.02018996120000000000000,0E-24,,
run_ad71d751b20623006c195ff3,conditional,portfolio_day,2025-10-22,-0.008679799800000000000000,-0.00867979980000000000000,0E-24,,
run_ad71d751b20623006c195ff3,conditional,portfolio_day,2025-10-23,0.020416997000000000000000,0.02041699700000000000000,0E-24,,
run_ad71d751b20623006c195ff3,conditional,portfolio_day,2025-10-24,0.010457115800000000000000,0.01045711580000000000000,0E-24,,
run_ad71d751b20623006c195ff3,conditional,portfolio_day,2025-10-25,0.005405290200000000000000,0.00540529020000000000000,0E-24,,
run_ad71d751b20623006c195ff3,conditional,portfolio_day,2025-10-26,0.029937283800000000000000,0.02993728380000000000000,0E-24,,
run_ad71d751b20623006c195ff3,conditional,portfolio_day,2025-10-27,-0.004327703200000000000000,-0.00432770320000000000000,0E-24,,
run_ad71d751b20623006c195ff3,conditional,portfolio_day,2025-10-28,-0.014611483000000000000000,-0.01461148300000000000000,0E-24,,
run_ad71d751b20623006c195ff3,conditional,portfolio_day,2025-10-29,-0.025202050000000000000000,-0.02520205000000000000000,0E-24,,
run_ad71d751b20623006c195ff3,conditional,portfolio_day,2025-10-30,-0.016696727400000000000000,-0.01669672740000000000000,0E-24,,
run_ad71d751b20623006c195ff3,conditional,portfolio_day,2025-10-31,0.011567017800000000000000,0.01156701780000000000000,0E-24,,
run_ad71d751b20623006c195ff3,conditional,portfolio_day,2025-11-01,0.005062882200000000000000,0.00506288220000000000000,0E-24,,
run_ad71d751b20623006c195ff3,conditional,portfolio_day,2025-11-02,0.004938741800000000000000,0.00493874180000000000000,0E-24,,
run_ad71d751b20623006c195ff3,conditional,portfolio_day,2025-11-03,-0.042536512400000000000000,-0.04253651240000000000000,0E-24,,
run_ad71d751b20623006c195ff3,conditional,portfolio_day,2025-11-04,-0.050095154600000000000000,-0.05009515460000000000000,0E-24,,
run_ad71d751b20623006c195ff3,conditional,portfolio_day,2025-11-05,0.022966453800000000000000,0.02296645380000000000000,0E-24,,
run_ad71d751b20623006c195ff3,conditional,portfolio_day,2025-11-06,-0.023939750200000000000000,-0.02393975020000000000000,0E-24,,
run_ad71d751b20623006c195ff3,conditional,portfolio_day,2025-11-07,0.020395760600000000000000,0.02039576060000000000000,0E-24,,
run_ad71d751b20623006c195ff3,conditional,portfolio_day,2025-11-08,-0.009608477400000000000000,-0.00960847740000000000000,0E-24,,
run_ad71d751b20623006c195ff3,conditional,portfolio_day,2025-11-09,0.025447486000000000000000,0.02544748600000000000000,0E-24,,
run_ad71d751b20623006c195ff3,conditional,portfolio_day,2025-11-10,0.009414271800000000000000,0.00941427180000000000000,0E-24,,
run_ad71d751b20623006c195ff3,conditional,portfolio_day,2025-11-11,-0.028674086600000000000000,-0.02867408660000000000000,0E-24,,
run_ad71d751b20623006c195ff3,conditional,portfolio_day,2025-11-12,-0.010614427000000000000000,-0.01061442700000000000000,0E-24,,
run_ad71d751b20623006c195ff3,conditional,portfolio_day,2025-11-13,-0.021492018400000000000000,-0.02149201840000000000000,0E-24,,
run_ad71d751b20623006c195ff3,conditional,portfolio_day,2025-11-14,-0.044746341200000000000000,-0.04474634120000000000000,0E-24,,
run_ad71d751b20623006c195ff3,conditional,portfolio_day,2025-11-15,0.010168098200000000000000,0.01016809820000000000000,0E-24,,
run_ad71d751b20623006c195ff3,conditional,portfolio_day,2025-11-16,-0.013223200200000000000000,-0.01322320020000000000000,0E-24,,
run_ad71d751b20623006c195ff3,conditional,portfolio_day,2025-11-17,-0.018077412600000000000000,-0.01807741260000000000000,0E-24,,
run_ad71d751b20623006c195ff3,conditional,portfolio_day,2025-11-18,0.009509411400000000000000,0.00950941140000000000000,0E-24,,
run_ad71d751b20623006c195ff3,conditional,portfolio_day,2025-11-19,-0.014585175800000000000000,-0.01458517580000000000000,0E-24,,
run_ad71d751b20623006c195ff3,conditional,portfolio_day,2025-11-20,-0.045806617400000000000000,-0.04580661740000000000000,0E-24,,
run_ad71d751b20623006c195ff3,conditional,portfolio_day,2025-11-21,-0.013152973800000000000000,-0.01315297380000000000000,0E-24,,
run_ad71d751b20623006c195ff3,conditional,portfolio_day,2025-11-22,-0.003547754800000000000000,-0.00354775480000000000000,0E-24,,
run_ad71d751b20623006c195ff3,conditional,portfolio_day,2025-11-23,0.017646318800000000000000,0.01764631880000000000000,0E-24,,
run_ad71d751b20623006c195ff3,conditional,portfolio_day,2025-11-24,0.017004491400000000000000,0.01700449140000000000000,0E-24,,
run_ad71d751b20623006c195ff3,conditional,portfolio_day,2025-11-25,-0.006943272400000000000000,-0.00694327240000000000000,0E-24,,
run_ad71d751b20623006c195ff3,conditional,portfolio_day,2025-11-26,0.026778642000000000000000,0.02677864200000000000000,0E-24,,
run_ad71d751b20623006c195ff3,conditional,portfolio_day,2025-11-27,0.005544854000000000000000,0.00554485400000000000000,0E-24,,
run_ad71d751b20623006c195ff3,conditional,portfolio_day,2025-11-28,-0.002536421000000000000000,-0.00253642100000000000000,0E-24,,
run_ad71d751b20623006c195ff3,conditional,portfolio_day,2025-11-29,-0.002293793000000000000000,-0.00229379300000000000000,0E-24,,
run_ad71d751b20623006c195ff3,conditional,portfolio_day,2025-11-30,-0.003306249000000000000000,-0.00330624900000000000000,0E-24,,
run_ad71d751b20623006c195ff3,conditional,portfolio_day,2025-12-01,-0.038135518400000000000000,-0.03813551840000000000000,0E-24,,
run_ad71d751b20623006c195ff3,conditional,portfolio_day,2025-12-02,0.045637202600000000000000,0.04563720260000000000000,0E-24,,
run_ad71d751b20623006c195ff3,conditional,portfolio_day,2025-12-03,0.023383690200000000000000,0.02338369020000000000000,0E-24,,
run_ad71d751b20623006c195ff3,conditional,portfolio_day,2025-12-04,-0.012149373000000000000000,-0.01214937300000000000000,0E-24,,
run_ad71d751b20623006c195ff3,conditional,portfolio_day,2025-12-05,-0.025079474400000000000000,-0.02507947440000000000000,0E-24,,
run_ad71d751b20623006c195ff3,conditional,portfolio_day,2025-12-06,-0.000440165600000000000000,-0.00044016560000000000000,0E-24,,
run_ad71d751b20623006c195ff3,conditional,portfolio_day,2025-12-07,0.009965204400000000000000,0.00996520440000000000000,0E-24,,
run_ad71d751b20623006c195ff3,conditional,portfolio_day,2025-12-08,0.003819937600000000000000,0.00381993760000000000000,0E-24,,
run_ad71d751b20623006c195ff3,conditional,portfolio_day,2025-12-09,0.023031039000000000000000,0.02303103900000000000000,0E-24,,
run_ad71d751b20623006c195ff3,conditional,portfolio_day,2025-12-10,-0.005694860600000000000000,-0.00569486060000000000000,0E-24,,
run_ad71d751b20623006c195ff3,conditional,portfolio_day,2025-12-11,0.001123629400000000000000,0.00112362940000000000000,0E-24,,
run_ad71d751b20623006c195ff3,conditional,portfolio_day,2025-12-12,-0.022807568400000000000000,-0.02280756840000000000000,0E-24,,
run_ad71d751b20623006c195ff3,conditional,portfolio_day,2025-12-13,0.001143712800000000000000,0.00114371280000000000000,0E-24,,
run_ad71d751b20623006c195ff3,conditional,portfolio_day,2025-12-14,-0.018353798200000000000000,-0.01835379820000000000000,0E-24,,
run_ad71d751b20623006c195ff3,conditional,portfolio_day,2025-12-15,-0.016797546200000000000000,-0.01679754620000000000000,0E-24,,
run_ad71d751b20623006c195ff3,conditional,portfolio_day,2025-12-16,0.010992384000000000000000,0.01099238400000000000000,0E-24,,
run_ad71d751b20623006c195ff3,conditional,portfolio_day,2025-12-17,-0.017766784600000000000000,-0.01776678460000000000000,0E-24,,
run_ad71d751b20623006c195ff3,conditional,portfolio_day,2025-12-18,-0.005251011600000000000000,-0.00525101160000000000000,0E-24,,
run_ad71d751b20623006c195ff3,conditional,portfolio_day,2025-12-19,0.025771620600000000000000,0.02577162060000000000000,0E-24,,
run_ad71d751b20623006c195ff3,conditional,portfolio_day,2025-12-20,0.001845608000000000000000,0.00184560800000000000000,0E-24,,
run_ad71d751b20623006c195ff3,conditional,portfolio_day,2025-12-21,0.002875089000000000000000,0.00287508900000000000000,0E-24,,
run_ad71d751b20623006c195ff3,conditional,portfolio_day,2025-12-22,-0.000594421600000000000000,-0.00059442160000000000000,0E-24,,
run_ad71d751b20623006c195ff3,conditional,portfolio_day,2025-12-23,-0.009960796600000000000000,-0.00996079660000000000000,0E-24,,
run_ad71d751b20623006c195ff3,conditional,portfolio_day,2025-12-24,0.001047706200000000000000,0.00104770620000000000000,0E-24,,
run_ad71d751b20623006c195ff3,conditional,portfolio_day,2025-12-25,-0.004505765400000000000000,-0.00450576540000000000000,0E-24,,
run_ad71d751b20623006c195ff3,conditional,portfolio_day,2025-12-26,0.001473596800000000000000,0.00147359680000000000000,0E-24,,
run_ad71d751b20623006c195ff3,conditional,portfolio_day,2025-12-27,0.004526011000000000000000,0.00452601100000000000000,0E-24,,
run_ad71d751b20623006c195ff3,conditional,portfolio_day,2025-12-28,0.000469445400000000000000,0.00046944540000000000000,0E-24,,
run_ad71d751b20623006c195ff3,conditional,portfolio_day,2025-12-29,-0.005603419200000000000000,-0.00560341920000000000000,0E-24,,
run_ad71d751b20623006c195ff3,conditional,portfolio_day,2025-12-30,0.011248212400000000000000,0.01124821240000000000000,0E-24,,
run_ad71d751b20623006c195ff3,conditional,portfolio_day,2025-12-31,-0.006931140800000000000000,-0.00693114080000000000000,0E-24,,
run_ad71d751b20623006c195ff3,conditional,portfolio_day,2026-01-01,0.010520980000000000000000,0.01052098000000000000000,0E-24,,
run_ad71d751b20623006c195ff3,conditional,portfolio_day,2026-01-02,0.013135540800000000000000,0.01313554080000000000000,0E-24,,
run_ad71d751b20623006c195ff3,conditional,portfolio_day,2026-01-03,0.005128128400000000000000,0.00512812840000000000000,0E-24,,
run_ad71d751b20623006c195ff3,conditional,portfolio_day,2026-01-04,0.007171929600000000000000,0.00717192960000000000000,0E-24,,
run_ad71d751b20623006c195ff3,conditional,portfolio_day,2026-01-05,0.021524503000000000000000,0.02152450300000000000000,0E-24,,
run_ad71d751b20623006c195ff3,conditional,portfolio_day,2026-01-06,0.001858999400000000000000,0.00185899940000000000000,0E-24,,
run_ad71d751b20623006c195ff3,conditional,portfolio_day,2026-01-07,-0.023044765000000000000000,-0.02304476500000000000000,0E-24,,
run_ad71d751b20623006c195ff3,conditional,portfolio_day,2026-01-08,-0.004564989800000000000000,-0.00456498980000000000000,0E-24,,
run_ad71d751b20623006c195ff3,conditional,portfolio_day,2026-01-09,-0.004391864200000000000000,-0.00439186420000000000000,0E-24,,
run_ad71d751b20623006c195ff3,conditional,portfolio_day,2026-01-10,-0.000988307400000000000000,-0.00098830740000000000000,0E-24,,
run_ad71d751b20623006c195ff3,conditional,portfolio_day,2026-01-11,0.004864047000000000000000,0.00486404700000000000000,0E-24,,
run_ad71d751b20623006c195ff3,conditional,portfolio_day,2026-01-12,0.001602004200000000000000,0.00160200420000000000000,0E-24,,
run_ad71d751b20623006c195ff3,conditional,portfolio_day,2026-01-13,0.039893750600000000000000,0.03989375060000000000000,0E-24,,
run_ad71d751b20623006c195ff3,conditional,portfolio_day,2026-01-14,0.013214514400000000000000,0.01321451440000000000000,0E-24,,
run_ad71d751b20623006c195ff3,conditional,portfolio_day,2026-01-15,-0.011793994200000000000000,-0.01179399420000000000000,0E-24,,
run_ad71d751b20623006c195ff3,conditional,portfolio_day,2026-01-16,-0.000908016400000000000000,-0.00090801640000000000000,0E-24,,
run_ad71d751b20623006c195ff3,conditional,portfolio_day,2026-01-17,-0.002829468200000000000000,-0.00282946820000000000000,0E-24,,
run_ad71d751b20623006c195ff3,conditional,portfolio_day,2026-01-18,-0.012124666200000000000000,-0.01212466620000000000000,0E-24,,
run_ad71d751b20623006c195ff3,conditional,portfolio_day,2026-01-19,-0.011802770400000000000000,-0.01180277040000000000000,0E-24,,
run_ad71d751b20623006c195ff3,conditional,portfolio_day,2026-01-20,-0.041446097000000000000000,-0.04144609700000000000000,0E-24,,
run_ad71d751b20623006c195ff3,conditional,portfolio_day,2026-01-21,0.009369526000000000000000,0.00936952600000000000000,0E-24,,
run_ad71d751b20623006c195ff3,conditional,portfolio_day,2026-01-22,-0.000290282200000000000000,-0.00029028220000000000000,0E-24,,
run_ad71d751b20623006c195ff3,conditional,portfolio_day,2026-01-23,0.000677290600000000000000,0.00067729060000000000000,0E-24,,
run_ad71d751b20623006c195ff3,conditional,portfolio_day,2026-01-24,-0.003301042200000000000000,-0.00330104220000000000000,0E-24,,
run_ad71d751b20623006c195ff3,conditional,portfolio_day,2026-01-25,-0.024758886600000000000000,-0.02475888660000000000000,0E-24,,
run_ad71d751b20623006c195ff3,conditional,portfolio_day,2026-01-26,0.017179234000000000000000,0.01717923400000000000000,0E-24,,
run_ad71d751b20623006c195ff3,conditional,portfolio_day,2026-01-27,0.010513613600000000000000,0.01051361360000000000000,0E-24,,
run_ad71d751b20623006c195ff3,conditional,portfolio_day,2026-01-28,-0.000560812200000000000000,-0.00056081220000000000000,0E-24,,
run_ad71d751b20623006c195ff3,conditional,portfolio_day,2026-01-29,-0.042093294200000000000000,-0.04209329420000000000000,0E-24,,
run_ad71d751b20623006c195ff3,conditional,portfolio_day,2026-01-30,-0.007578556000000000000000,-0.00757855600000000000000,0E-24,,
run_ad71d751b20623006c195ff3,conditional,portfolio_day,2026-01-31,-0.052478852200000000000000,-0.05247885220000000000000,0E-24,,
run_ad71d751b20623006c195ff3,conditional,portfolio_day,2026-02-01,-0.019377434600000000000000,-0.01937743460000000000000,0E-24,,
run_ad71d751b20623006c195ff3,conditional,portfolio_day,2026-02-02,0.015930566800000000000000,0.01593056680000000000000,0E-24,,
run_ad71d751b20623006c195ff3,conditional,portfolio_day,2026-02-03,-0.027437496200000000000000,-0.02743749620000000000000,0E-24,,
run_ad71d751b20623006c195ff3,conditional,portfolio_day,2026-02-04,-0.022970406400000000000000,-0.02297040640000000000000,0E-24,,
run_ad71d751b20623006c195ff3,conditional,portfolio_day,2026-02-05,-0.091984723600000000000000,-0.09198472360000000000000,0E-24,,
run_ad71d751b20623006c195ff3,conditional,portfolio_day,2026-02-06,0.069134368400000000000000,0.06913436840000000000000,0E-24,,
run_ad71d751b20623006c195ff3,conditional,portfolio_day,2026-02-07,-0.008826956800000000000000,-0.00882695680000000000000,0E-24,,
run_ad71d751b20623006c195ff3,conditional,portfolio_day,2026-02-08,0.007387611400000000000000,0.00738761140000000000000,0E-24,,
run_ad71d751b20623006c195ff3,conditional,portfolio_day,2026-02-09,-0.000370543200000000000000,-0.00037054320000000000000,0E-24,,
run_ad71d751b20623006c195ff3,conditional,portfolio_day,2026-02-10,-0.013384598200000000000000,-0.01338459820000000000000,0E-24,,
run_ad71d751b20623006c195ff3,conditional,portfolio_day,2026-02-11,-0.016845016200000000000000,-0.01684501620000000000000,0E-24,,
run_ad71d751b20623006c195ff3,conditional,portfolio_day,2026-02-12,-0.005767531400000000000000,-0.00576753140000000000000,0E-24,,
run_ad71d751b20623006c195ff3,conditional,portfolio_day,2026-02-13,0.024010512000000000000000,0.02401051200000000000000,0E-24,,
run_ad71d751b20623006c195ff3,conditional,portfolio_day,2026-02-14,0.008434272600000000000000,0.00843427260000000000000,0E-24,,
run_ad71d751b20623006c195ff3,conditional,portfolio_day,2026-02-15,-0.011949633600000000000000,-0.01194963360000000000000,0E-24,,
run_ad71d751b20623006c195ff3,conditional,portfolio_day,2026-02-16,0.001547603000000000000000,0.00154760300000000000000,0E-24,,
run_ad71d751b20623006c195ff3,conditional,portfolio_day,2026-02-17,-0.010738135800000000000000,-0.01073813580000000000000,0E-24,,
run_ad71d751b20623006c195ff3,conditional,portfolio_day,2026-02-18,-0.009539438600000000000000,-0.00953943860000000000000,0E-24,,
run_ad71d751b20623006c195ff3,conditional,portfolio_day,2026-02-19,0.003941497600000000000000,0.00394149760000000000000,0E-24,,
run_ad71d751b20623006c195ff3,conditional,portfolio_day,2026-02-20,0.008756406000000000000000,0.00875640600000000000000,0E-24,,
run_ad71d751b20623006c195ff3,conditional,portfolio_day,2026-02-21,0.000083521800000000000000,0.00008352180000000000000,0E-24,,
run_ad71d751b20623006c195ff3,conditional,portfolio_day,2026-02-22,-0.003350452800000000000000,-0.00335045280000000000000,0E-24,,
run_ad71d751b20623006c195ff3,conditional,portfolio_day,2026-02-23,-0.027215836600000000000000,-0.02721583660000000000000,0E-24,,
run_ad71d751b20623006c195ff3,conditional,portfolio_day,2026-02-24,-0.004368315200000000000000,-0.00436831520000000000000,0E-24,,
run_ad71d751b20623006c195ff3,conditional,portfolio_day,2026-02-25,0.037135449600000000000000,0.03713544960000000000000,0E-24,,
run_ad71d751b20623006c195ff3,conditional,portfolio_day,2026-02-26,-0.004666928400000000000000,-0.00466692840000000000000,0E-24,,
run_ad71d751b20623006c195ff3,conditional,portfolio_day,2026-02-27,-0.015672793800000000000000,-0.01567279380000000000000,0E-24,,
run_ad71d751b20623006c195ff3,conditional,portfolio_day,2026-02-28,0.009848182200000000000000,0.00984818220000000000000,0E-24,,
run_ad71d751b20623006c195ff3,conditional,portfolio_day,2026-03-01,-0.010775761800000000000000,-0.01077576180000000000000,0E-24,,
run_ad71d751b20623006c195ff3,conditional,portfolio_day,2026-03-02,0.026831167200000000000000,0.02683116720000000000000,0E-24,,
run_ad71d751b20623006c195ff3,conditional,portfolio_day,2026-03-03,-0.005395213000000000000000,-0.00539521300000000000000,0E-24,,
run_ad71d751b20623006c195ff3,conditional,portfolio_day,2026-03-04,0.039792225200000000000000,0.03979222520000000000000,0E-24,,
run_ad71d751b20623006c195ff3,conditional,portfolio_day,2026-03-05,-0.016940259000000000000000,-0.01694025900000000000000,0E-24,,
run_ad71d751b20623006c195ff3,conditional,portfolio_day,2026-03-06,-0.024202507400000000000000,-0.02420250740000000000000,0E-24,,
run_ad71d751b20623006c195ff3,conditional,portfolio_day,2026-03-07,-0.006992662000000000000000,-0.00699266200000000000000,0E-24,,
run_ad71d751b20623006c195ff3,conditional,portfolio_day,2026-03-08,-0.011458436400000000000000,-0.01145843640000000000000,0E-24,,
run_ad71d751b20623006c195ff3,conditional,portfolio_day,2026-03-09,0.021040081400000000000000,0.02104008140000000000000,0E-24,,
run_ad71d751b20623006c195ff3,conditional,portfolio_day,2026-03-10,0.013339027800000000000000,0.01333902780000000000000,0E-24,,
run_ad71d751b20623006c195ff3,conditional,portfolio_day,2026-03-11,0.002795939000000000000000,0.00279593900000000000000,0E-24,,
run_ad71d751b20623006c195ff3,conditional,portfolio_day,2026-03-12,0.002975078000000000000000,0.00297507800000000000000,0E-24,,
run_ad71d751b20623006c195ff3,conditional,portfolio_day,2026-03-13,0.004332726400000000000000,0.00433272640000000000000,0E-24,,
run_ad71d751b20623006c195ff3,conditional,portfolio_day,2026-03-14,0.001993131600000000000000,0.00199313160000000000000,0E-24,,
run_ad71d751b20623006c195ff3,conditional,portfolio_day,2026-03-15,0.015314510600000000000000,0.01531451060000000000000,0E-24,,
run_ad71d751b20623006c195ff3,conditional,portfolio_day,2026-03-16,0.022182364400000000000000,0.02218236440000000000000,0E-24,,
run_ad71d751b20623006c195ff3,conditional,portfolio_day,2026-03-17,-0.008366067800000000000000,-0.00836606780000000000000,0E-24,,
run_ad71d751b20623006c195ff3,conditional,portfolio_day,2026-03-18,-0.024855701000000000000000,-0.02485570100000000000000,0E-24,,
run_ad71d751b20623006c195ff3,conditional,portfolio_day,2026-03-19,-0.012755685400000000000000,-0.01275568540000000000000,0E-24,,
run_ad71d751b20623006c195ff3,conditional,portfolio_day,2026-03-20,0.005079593800000000000000,0.00507959380000000000000,0E-24,,
run_ad71d751b20623006c195ff3,conditional,portfolio_day,2026-03-21,-0.016299397200000000000000,-0.01629939720000000000000,0E-24,,
run_ad71d751b20623006c195ff3,conditional,portfolio_day,2026-03-22,-0.007789069800000000000000,-0.00778906980000000000000,0E-24,,
run_ad71d751b20623006c195ff3,conditional,portfolio_day,2026-03-23,0.027407721600000000000000,0.02740772160000000000000,0E-24,,
run_ad71d751b20623006c195ff3,conditional,portfolio_day,2026-03-24,-0.002779182200000000000000,-0.00277918220000000000000,0E-24,,
run_ad71d751b20623006c195ff3,conditional,portfolio_day,2026-03-25,0.006540965400000000000000,0.00654096540000000000000,0E-24,,
run_ad71d751b20623006c195ff3,conditional,portfolio_day,2026-03-26,-0.023255094800000000000000,-0.02325509480000000000000,0E-24,,
run_ad71d751b20623006c195ff3,conditional,portfolio_day,2026-03-27,-0.021582713200000000000000,-0.02158271320000000000000,0E-24,,
run_ad71d751b20623006c195ff3,conditional,portfolio_day,2026-03-28,0.000079095000000000000000,0.00007909500000000000000,0E-24,,
run_ad71d751b20623006c195ff3,conditional,portfolio_day,2026-03-29,-0.003024679200000000000000,-0.00302467920000000000000,0E-24,,
run_ad71d751b20623006c195ff3,conditional,portfolio_day,2026-03-30,0.007071658800000000000000,0.00707165880000000000000,0E-24,,
run_ad71d751b20623006c195ff3,conditional,portfolio_day,2026-03-31,0.014917394800000000000000,0.01491739480000000000000,0E-24,,
run_ad71d751b20623006c195ff3,conditional,portfolio_day,2026-04-01,-0.000281928600000000000000,-0.00028192860000000000000,0E-24,,
run_ad71d751b20623006c195ff3,conditional,portfolio_day,2026-04-02,-0.012350254200000000000000,-0.01235025420000000000000,0E-24,,
run_ad71d751b20623006c195ff3,conditional,portfolio_day,2026-04-03,0.000315423600000000000000,0.00031542360000000000000,0E-24,,
run_ad71d751b20623006c195ff3,conditional,portfolio_day,2026-04-04,0.003161795600000000000000,0.00316179560000000000000,0E-24,,
run_ad71d751b20623006c195ff3,conditional,portfolio_day,2026-04-05,0.014933804200000000000000,0.01493380420000000000000,0E-24,,
run_ad71d751b20623006c195ff3,conditional,portfolio_day,2026-04-06,-0.001442599400000000000000,-0.00144259940000000000000,0E-24,,
run_ad71d751b20623006c195ff3,conditional,portfolio_day,2026-04-07,0.029147881200000000000000,0.02914788120000000000000,0E-24,,
run_ad71d751b20623006c195ff3,conditional,portfolio_day,2026-04-08,-0.008477122400000000000000,-0.00847712240000000000000,0E-24,,
run_ad71d751b20623006c195ff3,conditional,portfolio_day,2026-04-09,0.004966406400000000000000,0.00496640640000000000000,0E-24,,
run_ad71d751b20623006c195ff3,conditional,portfolio_day,2026-04-10,0.011100278400000000000000,0.01110027840000000000000,0E-24,,
run_ad71d751b20623006c195ff3,conditional,portfolio_day,2026-04-11,0.002169121600000000000000,0.00216912160000000000000,0E-24,,
run_ad71d751b20623006c195ff3,conditional,portfolio_day,2026-04-12,-0.020936457400000000000000,-0.02093645740000000000000,0E-24,,
run_ad71d751b20623006c195ff3,conditional,portfolio_day,2026-04-13,0.035060371200000000000000,0.03506037120000000000000,0E-24,,
run_ad71d751b20623006c195ff3,conditional,portfolio_day,2026-04-14,-0.004079633200000000000000,-0.00407963320000000000000,0E-24,,
run_ad71d751b20623006c195ff3,conditional,portfolio_day,2026-04-15,0.006339514200000000000000,0.00633951420000000000000,0E-24,,
run_ad71d751b20623006c195ff3,conditional,portfolio_day,2026-04-16,0.002339615200000000000000,0.00233961520000000000000,0E-24,,
run_ad71d751b20623006c195ff3,conditional,portfolio_day,2026-04-17,0.017717523600000000000000,0.01771752360000000000000,0E-24,,
run_ad71d751b20623006c195ff3,conditional,portfolio_day,2026-04-18,-0.013445110800000000000000,-0.01344511080000000000000,0E-24,,
run_ad71d751b20623006c195ff3,conditional,portfolio_day,2026-04-19,-0.017617643600000000000000,-0.01761764360000000000000,0E-24,,
run_ad71d751b20623006c195ff3,conditional,portfolio_day,2026-04-20,0.017478965000000000000000,0.01747896500000000000000,0E-24,,
run_ad71d751b20623006c195ff3,conditional,portfolio_day,2026-04-21,0.004345306400000000000000,0.00434530640000000000000,0E-24,,
run_ad71d751b20623006c195ff3,conditional,portfolio_day,2026-04-22,0.016090258800000000000000,0.01609025880000000000000,0E-24,,
run_ad71d751b20623006c195ff3,conditional,portfolio_day,2026-04-23,-0.001375608200000000000000,-0.00137560820000000000000,0E-24,,
run_ad71d751b20623006c195ff3,conditional,portfolio_day,2026-04-24,-0.006779797800000000000000,-0.00677979780000000000000,0E-24,,
run_ad71d751b20623006c195ff3,conditional,portfolio_day,2026-04-25,0.001433336400000000000000,0.00143333640000000000000,0E-24,,
run_ad71d751b20623006c195ff3,conditional,portfolio_day,2026-04-26,0.009869805200000000000000,0.00986980520000000000000,0E-24,,
run_ad71d751b20623006c195ff3,conditional,portfolio_day,2026-04-27,-0.012288381600000000000000,-0.01228838160000000000000,0E-24,,
run_ad71d751b20623006c195ff3,conditional,portfolio_day,2026-04-28,-0.008221236200000000000000,-0.00822123620000000000000,0E-24,,
run_ad71d751b20623006c195ff3,conditional,portfolio_day,2026-04-29,-0.005609151800000000000000,-0.00560915180000000000000,0E-24,,
run_ad71d751b20623006c195ff3,conditional,portfolio_day,2026-04-30,0.004057412600000000000000,0.00405741260000000000000,0E-24,,
run_ad71d751b20623006c195ff3,conditional,portfolio_day,2026-05-01,0.015891645000000000000000,0.01589164500000000000000,0E-24,,
run_ad71d751b20623006c195ff3,conditional,portfolio_day,2026-05-02,0.004530553200000000000000,0.00453055320000000000000,0E-24,,
run_ad71d751b20623006c195ff3,conditional,portfolio_day,2026-05-03,-0.000720927600000000000000,-0.00072092760000000000000,0E-24,,
run_ad71d751b20623006c195ff3,conditional,portfolio_day,2026-05-04,0.010815978400000000000000,0.01081597840000000000000,0E-24,,
run_ad71d751b20623006c195ff3,conditional,portfolio_day,2026-05-05,0.009103835400000000000000,0.00910383540000000000000,0E-24,,
run_ad71d751b20623006c195ff3,conditional,portfolio_day,2026-05-06,0.003419046200000000000000,0.00341904620000000000000,0E-24,,
run_ad71d751b20623006c195ff3,conditional,portfolio_day,2026-05-07,-0.013099020000000000000000,-0.01309902000000000000000,0E-24,,
run_ad71d751b20623006c195ff3,conditional,portfolio_day,2026-05-08,0.001883641400000000000000,0.00188364140000000000000,0E-24,,
run_ad71d751b20623006c195ff3,conditional,portfolio_day,2026-05-09,0.004590965400000000000000,0.00459096540000000000000,0E-24,,
run_ad71d751b20623006c195ff3,conditional,portfolio_day,2026-05-10,0.012942764400000000000000,0.01294276440000000000000,0E-24,,
run_ad71d751b20623006c195ff3,conditional,portfolio_day,2026-05-11,-0.004352166400000000000000,-0.00435216640000000000000,0E-24,,
run_ad71d751b20623006c195ff3,conditional,portfolio_day,2026-05-12,-0.011956238200000000000000,-0.01195623820000000000000,0E-24,,
run_ad71d751b20623006c195ff3,conditional,portfolio_day,2026-05-13,-0.009834394000000000000000,-0.00983439400000000000000,0E-24,,
run_ad71d751b20623006c195ff3,conditional,portfolio_day,2026-05-14,0.014439236400000000000000,0.01443923640000000000000,0E-24,,
run_ad71d751b20623006c195ff3,conditional,portfolio_day,2026-05-15,-0.017191122800000000000000,-0.01719112280000000000000,0E-24,,
run_ad71d751b20623006c195ff3,conditional,portfolio_day,2026-05-16,-0.008951219200000000000000,-0.00895121920000000000000,0E-24,,
run_ad71d751b20623006c195ff3,conditional,portfolio_day,2026-05-17,-0.007484055800000000000000,-0.00748405580000000000000,0E-24,,
run_ad71d751b20623006c195ff3,conditional,portfolio_day,2026-05-18,-0.003319683800000000000000,-0.00331968380000000000000,0E-24,,
run_ad71d751b20623006c195ff3,conditional,portfolio_day,2026-05-19,-0.002090130200000000000000,-0.00209013020000000000000,0E-24,,
run_ad71d751b20623006c195ff3,conditional,portfolio_day,2026-05-20,0.006112501600000000000000,0.00611250160000000000000,0E-24,,
run_ad71d751b20623006c195ff3,conditional,portfolio_day,2026-05-21,0.000715676200000000000000,0.00071567620000000000000,0E-24,,
run_ad71d751b20623006c195ff3,conditional,portfolio_day,2026-05-22,-0.018135733200000000000000,-0.01813573320000000000000,0E-24,,
run_ad71d751b20623006c195ff3,conditional,portfolio_day,2026-05-23,0.011083476200000000000000,0.01108347620000000000000,0E-24,,
run_ad71d751b20623006c195ff3,conditional,portfolio_day,2026-05-24,0.001757642800000000000000,0.00175764280000000000000,0E-24,,
run_ad71d751b20623006c195ff3,conditional,portfolio_day,2026-05-25,0.002594174800000000000000,0.00259417480000000000000,0E-24,,
run_ad71d751b20623006c195ff3,conditional,portfolio_day,2026-05-26,-0.012460724400000000000000,-0.01246072440000000000000,0E-24,,
run_ad71d751b20623006c195ff3,conditional,portfolio_day,2026-05-27,-0.013163822400000000000000,-0.01316382240000000000000,0E-24,,
run_ad71d751b20623006c195ff3,conditional,portfolio_day,2026-05-28,-0.006822453400000000000000,-0.00682245340000000000000,0E-24,,
run_ad71d751b20623006c195ff3,conditional,portfolio_day,2026-05-29,-0.001212115800000000000000,-0.00121211580000000000000,0E-24,,
run_ad71d751b20623006c195ff3,conditional,portfolio_day,2026-05-30,0.003320890200000000000000,0.00332089020000000000000,0E-24,,
run_ad71d751b20623006c195ff3,conditional,portfolio_day,2026-05-31,-0.002016465600000000000000,-0.00201646560000000000000,0E-24,,
run_ad71d751b20623006c195ff3,conditional,portfolio_day,2026-06-01,-0.017364030000000000000000,-0.01736403000000000000000,0E-24,,
run_ad71d751b20623006c195ff3,conditional,portfolio_day,2026-06-02,-0.041489813000000000000000,-0.04148981300000000000000,0E-24,,
run_ad71d751b20623006c195ff3,conditional,portfolio_day,2026-06-03,-0.022235657800000000000000,-0.02223565780000000000000,0E-24,,
run_ad71d751b20623006c195ff3,conditional,portfolio_day,2026-06-04,-0.003263682000000000000000,-0.00326368200000000000000,0E-24,,
run_ad71d751b20623006c195ff3,conditional,portfolio_day,2026-06-05,-0.029739501200000000000000,-0.02973950120000000000000,0E-24,,
run_ad71d751b20623006c195ff3,conditional,portfolio_day,2026-06-06,-0.000854523600000000000000,-0.00085452360000000000000,0E-24,,
run_ad71d751b20623006c195ff3,conditional,portfolio_day,2026-06-07,0.022720917200000000000000,0.02272091720000000000000,0E-24,,
run_ad71d751b20623006c195ff3,conditional,portfolio_day,2026-06-08,-0.001046322600000000000000,-0.00104632260000000000000,0E-24,,
run_ad71d751b20623006c195ff3,conditional,portfolio_day,2026-06-09,-0.012984450000000000000000,-0.01298445000000000000000,0E-24,,
run_ad71d751b20623006c195ff3,conditional,portfolio_day,2026-06-10,-0.001980716200000000000000,-0.00198071620000000000000,0E-24,,
run_ad71d751b20623006c195ff3,conditional,portfolio_day,2026-06-11,0.018184498200000000000000,0.01818449820000000000000,0E-24,,
run_ad71d751b20623006c195ff3,conditional,portfolio_day,2026-06-12,-0.000603122000000000000000,-0.00060312200000000000000,0E-24,,
run_ad71d751b20623006c195ff3,conditional,portfolio_day,2026-06-13,0.007361507600000000000000,0.00736150760000000000000,0E-24,,
run_ad71d751b20623006c195ff3,conditional,portfolio_day,2026-06-14,0.011706664800000000000000,0.01170666480000000000000,0E-24,,
run_ad71d751b20623006c195ff3,conditional,portfolio_day,2026-06-15,0.007033700400000000000000,0.00703370040000000000000,0E-24,,
run_ad71d751b20623006c195ff3,conditional,portfolio_day,2026-06-16,-0.005260378600000000000000,-0.00526037860000000000000,0E-24,,
run_ad71d751b20623006c195ff3,conditional,portfolio_day,2026-06-17,-0.010726049600000000000000,-0.01072604960000000000000,0E-24,,
run_ad71d751b20623006c195ff3,conditional,portfolio_day,2026-06-18,-0.013143602000000000000000,-0.01314360200000000000000,0E-24,,
run_ad71d751b20623006c195ff3,conditional,portfolio_day,2026-06-19,0.004734877200000000000000,0.00473487720000000000000,0E-24,,
run_ad71d751b20623006c195ff3,conditional,portfolio_day,2026-06-20,0.006812838000000000000000,0.00681283800000000000000,0E-24,,
run_ad71d751b20623006c195ff3,conditional,portfolio_day,2026-06-21,-0.008959960200000000000000,-0.00895996020000000000000,0E-24,,
run_ad71d751b20623006c195ff3,conditional,portfolio_day,2026-06-22,0.006198447400000000000000,0.00619844740000000000000,0E-24,,
run_ad71d751b20623006c195ff3,conditional,portfolio_day,2026-06-23,-0.012083508200000000000000,-0.01208350820000000000000,0E-24,,
run_ad71d751b20623006c195ff3,conditional,portfolio_day,2026-06-24,-0.014527514200000000000000,-0.01452751420000000000000,0E-24,,
run_ad71d751b20623006c195ff3,conditional,portfolio_day,2026-06-25,-0.011987570000000000000000,-0.01198757000000000000000,0E-24,,
run_ad71d751b20623006c195ff3,conditional,portfolio_day,2026-06-26,0.002925535000000000000000,0.00292553500000000000000,0E-24,,
run_ad71d751b20623006c195ff3,conditional,portfolio_day,2026-06-27,-0.000834450800000000000000,-0.00083445080000000000000,0E-24,,
run_ad71d751b20623006c195ff3,conditional,portfolio_day,2026-06-28,-0.003461766800000000000000,-0.00346176680000000000000,0E-24,,
run_ad71d751b20623006c195ff3,conditional,portfolio_day,2026-06-29,0.006352055600000000000000,0.00635205560000000000000,0E-24,,
run_ad71d751b20623006c195ff3,conditional,portfolio_day,2026-06-30,-0.013572487400000000000000,-0.01357248740000000000000,0E-24,,
run_ad71d751b20623006c195ff3,conditional,portfolio_day,2026-07-01,0.012271369400000000000000,0.01227136940000000000000,0E-24,,
run_ad71d751b20623006c195ff3,conditional,portfolio_day,2026-07-02,0.014860605000000000000000,0.01486060500000000000000,0E-24,,
run_ad71d751b20623006c195ff3,conditional,portfolio_day,2026-07-03,0.010261592600000000000000,0.01026159260000000000000,0E-24,,
run_ad71d751b20623006c195ff3,conditional,portfolio_day,2026-07-04,0.004944090600000000000000,0.00494409060000000000000,0E-24,,
run_ad71d751b20623006c195ff3,conditional,portfolio_day,2026-07-05,0.003782181000000000000000,0.00378218100000000000000,0E-24,,
run_ad71d751b20623006c195ff3,conditional,portfolio_day,2026-07-06,0.003762667000000000000000,0.00376266700000000000000,0E-24,,
run_ad71d751b20623006c195ff3,conditional,portfolio_day,2026-07-07,-0.006606698800000000000000,-0.00660669880000000000000,0E-24,,
run_ad71d751b20623006c195ff3,conditional,portfolio_day,2026-07-08,-0.008860825000000000000000,-0.00886082500000000000000,0E-24,,
run_ad71d751b20623006c195ff3,conditional,portfolio_day,2026-07-09,0.007378980000000000000000,0.00737898000000000000000,0E-24,,
run_ad71d751b20623006c195ff3,conditional,portfolio_day,2026-07-10,0.009021427600000000000000,0.00902142760000000000000,0E-24,,
run_ad71d751b20623006c195ff3,conditional,portfolio_day,2026-07-11,-0.002940330600000000000000,-0.00294033060000000000000,0E-24,,
run_ad71d751b20623006c195ff3,conditional,portfolio_day,2026-07-12,0.000450883000000000000000,0.00045088300000000000000,0E-24,,
run_ad71d751b20623006c195ff3,conditional,portfolio_day,2026-07-13,-0.012556912400000000000000,-0.01255691240000000000000,0E-24,,
run_ad71d751b20623006c195ff3,conditional,portfolio_day,2026-07-14,0.025043950000000000000000,0.02504395000000000000000,0E-24,,
run_ad71d751b20623006c195ff3,conditional,portfolio_day,2026-07-15,-0.001000196200000000000000,-0.00100019620000000000000,0E-24,,
run_ad71d751b20623006c195ff3,conditional,portfolio_day,2026-07-16,-0.009029006800000000000000,-0.00902900680000000000000,0E-24,,
run_ad71d751b20623006c195ff3,conditional,portfolio_day,2026-07-17,-0.000133032000000000000000,-0.00013303200000000000000,0E-24,,
run_ad71d751b20623006c195ff3,conditional,portfolio_day,2026-07-18,0.007818209600000000000000,0.00781820960000000000000,0E-24,,
run_ad71d751b20623006c195ff3,conditional,portfolio_day,2026-07-19,-0.000512709400000000000000,-0.00051270940000000000000,0E-24,,
run_ad71d751b20623006c195ff3,conditional,portfolio_day,2026-07-20,0.005312091200000000000000,0.00531209120000000000000,0E-24,,
run_ad71d751b20623006c195ff3,conditional,portfolio_day,2026-07-21,0.010858647000000000000000,0.01085864700000000000000,0E-24,,
run_ad71d751b20623006c195ff3,conditional,portfolio_day,2026-07-22,-0.003071473400000000000000,-0.00307147340000000000000,0E-24,,
run_ad71d751b20623006c195ff3,conditional,portfolio_day,2026-07-23,-0.010025274600000000000000,-0.01002527460000000000000,0E-24,,
run_ad71d751b20623006c195ff3,conditional,portfolio_day,2026-07-24,-0.007946086600000000000000,-0.00794608660000000000000,0E-24,,
run_ad71d751b20623006c195ff3,conditional,portfolio_day,2026-07-25,0.002168301200000000000000,0.00216830120000000000000,0E-24,,
run_ad71d751b20623006c195ff3,conditional,portfolio_day,2026-07-26,0.010836280600000000000000,0.01083628060000000000000,0E-24,,
run_ad71d751b20623006c195ff3,conditional,portfolio_day,2026-07-27,-0.014859577800000000000000,-0.01485957780000000000000,0E-24,,
run_ad71d751b20623006c195ff3,conditional,portfolio_day,2026-07-28,0.002539161000000000000000,0.00253916100000000000000,0E-24,,
run_ad71d751b20623006c195ff3,conditional,portfolio_day,2026-07-29,-0.000208481400000000000000,-0.00020848140000000000000,0E-24,,
run_ad71d751b20623006c195ff3,conditional,portfolio_day,2026-07-30,0.006467062400000000000000,0.00646706240000000000000,0E-24,,
run_ad71d751b20623006c195ff3,conditional,portfolio_day,2026-07-31,-0.016787423200000000000000,-0.01678742320000000000000,0E-24,,
run_ad71d751b20623006c195ff3,conditional,portfolio_day,2026-08-01,-0.001044565600000000000000,-0.00104456560000000000000,0E-24,,
run_ad71d751b20623006c195ff3,conditional,portfolio_day,2026-08-02,0.007213340000000000000000,0.00721334000000000000000,0E-24,,
run_ad71d751b20623006c195ff3,conditional,portfolio_day,2026-08-03,-0.001271423400000000000000,-0.00127142340000000000000,0E-24,,
run_ad71d751b20623006c195ff3,conditional,portfolio_day,2026-08-04,0.004921822400000000000000,0.00492182240000000000000,0E-24,,
run_ad71d751b20623006c195ff3,conditional,portfolio_day,2026-08-05,0.005692145200000000000000,0.00569214520000000000000,0E-24,,
run_ad71d751b20623006c195ff3,conditional,portfolio_day,2026-08-06,-0.002879262000000000000000,-0.00287926200000000000000,0E-24,,
run_ad71d751b20623006c195ff3,conditional,portfolio_day,2026-08-07,0.005048940000000000000000,0.00504894000000000000000,0E-24,,
run_ad71d751b20623006c195ff3,conditional,portfolio_day,2026-08-08,0.000405661000000000000000,0.00040566100000000000000,0E-24,,
run_ad71d751b20623006c195ff3,conditional,portfolio_day,2026-08-09,-0.000686157000000000000000,-0.00068615700000000000000,0E-24,,
run_ad71d751b20623006c195ff3,conditional,portfolio_day,2026-08-10,-0.008558712200000000000000,-0.00855871220000000000000,0E-24,,
run_ad71d751b20623006c195ff3,conditional,portfolio_day,2026-08-11,-0.002471125000000000000000,-0.00247112500000000000000,0E-24,,
run_ad71d751b20623006c195ff3,conditional,portfolio_day,2026-08-12,-0.001037478800000000000000,-0.00103747880000000000000,0E-24,,
run_ad71d751b20623006c195ff3,conditional,portfolio_day,2026-08-13,0.000117513200000000000000,0.00011751320000000000000,0E-24,,
run_ad71d751b20623006c195ff3,conditional,portfolio_day,2026-08-14,-0.003459109600000000000000,-0.00345910960000000000000,0E-24,,
run_ad71d751b20623006c195ff3,conditional,portfolio_day,2026-08-15,0.000363992600000000000000,0.00036399260000000000000,0E-24,,
run_ad71d751b20623006c195ff3,conditional,portfolio_day,2026-08-16,-0.001773033800000000000000,-0.00177303380000000000000,0E-24,,
run_ad71d751b20623006c195ff3,conditional,portfolio_day,2026-08-17,0.014318191200000000000000,0.01431819120000000000000,0E-24,,
run_ad71d751b20623006c195ff3,conditional,portfolio_day,2026-08-18,0.001404508600000000000000,0.00140450860000000000000,0E-24,,
run_ad71d751b20623006c195ff3,conditional,portfolio_day,2026-08-19,0.047721274200000000000000,0.04772127420000000000000,0E-24,,
run_ad71d751b20623006c195ff3,conditional,portfolio_day,2026-08-20,0.031703664600000000000000,0.03170366460000000000000,0E-24,,
run_ad71d751b20623006c195ff3,conditional,portfolio_day,2026-08-21,0.047929560000000000000000,0.04792956000000000000000,0E-24,,
run_ad71d751b20623006c195ff3,conditional,portfolio_day,2026-08-22,-0.013042579800000000000000,-0.01304257980000000000000,0E-24,,
run_ad71d751b20623006c195ff3,conditional,portfolio_day,2026-08-23,0.006358917600000000000000,0.00635891760000000000000,0E-24,,
run_ad71d751b20623006c195ff3,conditional,portfolio_day,2026-08-24,0.010289326400000000000000,0.01028932640000000000000,0E-24,,
run_ad71d751b20623006c195ff3,conditional,portfolio_day,2026-08-25,-0.005011614000000000000000,-0.00501161400000000000000,0E-24,,
run_ad71d751b20623006c195ff3,conditional,portfolio_day,2026-08-26,0.006027612600000000000000,0.00602761260000000000000,0E-24,,
run_ad71d751b20623006c195ff3,conditional,portfolio_day,2026-08-27,0.009914189400000000000000,0.00991418940000000000000,0E-24,,
run_ad71d751b20623006c195ff3,conditional,portfolio_day,2026-08-28,-0.021227965400000000000000,-0.02122796540000000000000,0E-24,,
run_ad71d751b20623006c195ff3,conditional,portfolio_day,2026-08-29,0.003578981000000000000000,0.00357898100000000000000,0E-24,,
run_ad71d751b20623006c195ff3,conditional,portfolio_day,2026-08-30,-0.005625807400000000000000,-0.00562580740000000000000,0E-24,,
run_ad71d751b20623006c195ff3,conditional,portfolio_day,2026-08-31,0.008572317400000000000000,0.00857231740000000000000,0E-24,,
run_ad71d751b20623006c195ff3,conditional,asset_period,full,2536.448942802128693471417312,2536.448942802128693471417312,0E-24,BTCUSDT,spot_realized_pnl_usdt
run_ad71d751b20623006c195ff3,conditional,asset_period,full,-0.014176488728693471417312,-0.014176488728693471417312,0E-24,BTCUSDT,spot_unrealized_pnl_usdt
run_ad71d751b20623006c195ff3,conditional,asset_period,full,-2530.000700000000000000000000,-2530.000700000000000000000000,0E-24,BTCUSDT,futures_realized_pnl_usdt
run_ad71d751b20623006c195ff3,conditional,asset_period,full,0E-25,-0E-11,0E-25,BTCUSDT,futures_unrealized_pnl_usdt
run_ad71d751b20623006c195ff3,conditional,asset_period,full,354.8101028673891782148,354.8101028673891782148,0E-19,BTCUSDT,funding_usdt
run_ad71d751b20623006c195ff3,conditional,asset_period,full,-45.1818994234,-45.1818994234,0E-10,BTCUSDT,fees_usdt
run_ad71d751b20623006c195ff3,conditional,asset_period,full,0,0,0,BTCUSDT,liquidation_fees_usdt
run_ad71d751b20623006c195ff3,conditional,asset_period,full,316.0622697573891782148000000,316.062269757389178214800000,0E-25,BTCUSDT,net_pnl_usdt
run_ad71d751b20623006c195ff3,conditional,asset_period,full,-325.237953822281749922982838,-325.237953822281749922982838,0E-24,ETHUSDT,spot_realized_pnl_usdt
run_ad71d751b20623006c195ff3,conditional,asset_period,full,-0.003208009718250077017162,-0.003208009718250077017162,0E-24,ETHUSDT,spot_unrealized_pnl_usdt
run_ad71d751b20623006c195ff3,conditional,asset_period,full,368.512710000000000000000001,368.512710000000000000000001,0E-24,ETHUSDT,futures_realized_pnl_usdt
run_ad71d751b20623006c195ff3,conditional,asset_period,full,0E-24,-0E-11,0E-24,ETHUSDT,futures_unrealized_pnl_usdt
run_ad71d751b20623006c195ff3,conditional,asset_period,full,496.1449603447767586852,496.1449603447767586852,0E-19,ETHUSDT,funding_usdt
run_ad71d751b20623006c195ff3,conditional,asset_period,full,-69.715728623,-69.715728623,0E-9,ETHUSDT,fees_usdt
run_ad71d751b20623006c195ff3,conditional,asset_period,full,0,0,0,ETHUSDT,liquidation_fees_usdt
run_ad71d751b20623006c195ff3,conditional,asset_period,full,469.7007798897767586852000010,469.700779889776758685200001,0E-25,ETHUSDT,net_pnl_usdt
run_ad71d751b20623006c195ff3,conditional,asset_period,2022-2023,60.0113000,60.0113000,0E-7,BTCUSDT,spot_realized_pnl_usdt
run_ad71d751b20623006c195ff3,conditional,asset_period,2022-2023,353.1822621840000000,353.1822621840000000,0E-16,BTCUSDT,spot_unrealized_pnl_usdt
run_ad71d751b20623006c195ff3,conditional,asset_period,2022-2023,-60.3640,-60.3640,0.0000,BTCUSDT,futures_realized_pnl_usdt
run_ad71d751b20623006c195ff3,conditional,asset_period,2022-2023,-354.4081268935199999999999998,-354.4081268935199999999999998,0E-25,BTCUSDT,futures_unrealized_pnl_usdt
run_ad71d751b20623006c195ff3,conditional,asset_period,2022-2023,70.3567840205436728717,70.3567840205436728717,0E-19,BTCUSDT,funding_usdt
run_ad71d751b20623006c195ff3,conditional,asset_period,2022-2023,-5.4694558330,-5.4694558330,0E-10,BTCUSDT,fees_usdt
run_ad71d751b20623006c195ff3,conditional,asset_period,2022-2023,0,0,0,BTCUSDT,liquidation_fees_usdt
run_ad71d751b20623006c195ff3,conditional,asset_period,2022-2023,63.3087634780236728717000002,63.3087634780236728717000002,0E-25,BTCUSDT,net_pnl_usdt
run_ad71d751b20623006c195ff3,conditional,asset_period,2022-2023,560.6324845934466274456304127,560.6324845934466274456304127,0E-25,ETHUSDT,spot_realized_pnl_usdt
run_ad71d751b20623006c195ff3,conditional,asset_period,2022-2023,311.753180989553372554369587,311.753180989553372554369587,0E-24,ETHUSDT,spot_unrealized_pnl_usdt
run_ad71d751b20623006c195ff3,conditional,asset_period,2022-2023,-520.5288499999999999999999989,-520.5288499999999999999999989,0E-25,ETHUSDT,futures_realized_pnl_usdt
run_ad71d751b20623006c195ff3,conditional,asset_period,2022-2023,-306.0101214784600000000000000,-306.01012147846,0E-25,ETHUSDT,futures_unrealized_pnl_usdt
run_ad71d751b20623006c195ff3,conditional,asset_period,2022-2023,130.5236521762044512580,130.5236521762044512580,0E-19,ETHUSDT,funding_usdt
run_ad71d751b20623006c195ff3,conditional,asset_period,2022-2023,-22.238398696,-22.238398696,0E-9,ETHUSDT,fees_usdt
run_ad71d751b20623006c195ff3,conditional,asset_period,2022-2023,0,0,0,ETHUSDT,liquidation_fees_usdt
run_ad71d751b20623006c195ff3,conditional,asset_period,2022-2023,154.1319475847444512580000008,154.1319475847444512580000008,0E-25,ETHUSDT,net_pnl_usdt
run_ad71d751b20623006c195ff3,conditional,asset_period,2024+,2476.437642802128693471417312,2476.437642802128693471417312,0E-24,BTCUSDT,spot_realized_pnl_usdt
run_ad71d751b20623006c195ff3,conditional,asset_period,2024+,-353.196438672728693471417312,-353.196438672728693471417312,0E-24,BTCUSDT,spot_unrealized_pnl_usdt
run_ad71d751b20623006c195ff3,conditional,asset_period,2024+,-2469.636700000000000000000000,-2469.636700000000000000000000,0E-24,BTCUSDT,futures_realized_pnl_usdt
run_ad71d751b20623006c195ff3,conditional,asset_period,2024+,354.4081268935199999999999998,354.4081268935199999999999998,0E-25,BTCUSDT,futures_unrealized_pnl_usdt
run_ad71d751b20623006c195ff3,conditional,asset_period,2024+,284.4533188468455053431,284.4533188468455053431,0E-19,BTCUSDT,funding_usdt
run_ad71d751b20623006c195ff3,conditional,asset_period,2024+,-39.7124435904,-39.7124435904,0E-10,BTCUSDT,fees_usdt
run_ad71d751b20623006c195ff3,conditional,asset_period,2024+,0,0,0,BTCUSDT,liquidation_fees_usdt
run_ad71d751b20623006c195ff3,conditional,asset_period,2024+,252.7535062793655053430999998,252.7535062793655053430999998,0E-25,BTCUSDT,net_pnl_usdt
run_ad71d751b20623006c195ff3,conditional,asset_period,2024+,-885.870438415728377368613251,-885.8704384157283773686132507,-3E-25,ETHUSDT,spot_realized_pnl_usdt
run_ad71d751b20623006c195ff3,conditional,asset_period,2024+,-311.756388999271622631386749,-311.756388999271622631386749,0E-24,ETHUSDT,spot_unrealized_pnl_usdt
run_ad71d751b20623006c195ff3,conditional,asset_period,2024+,889.041560000000000000000000,889.0415599999999999999999999,1E-25,ETHUSDT,futures_realized_pnl_usdt
run_ad71d751b20623006c195ff3,conditional,asset_period,2024+,306.010121478459999999999998,306.01012147846,-2E-24,ETHUSDT,futures_unrealized_pnl_usdt
run_ad71d751b20623006c195ff3,conditional,asset_period,2024+,365.6213081685723074272,365.6213081685723074272,0E-19,ETHUSDT,funding_usdt
run_ad71d751b20623006c195ff3,conditional,asset_period,2024+,-47.477329927,-47.477329927,0E-9,ETHUSDT,fees_usdt
run_ad71d751b20623006c195ff3,conditional,asset_period,2024+,0,0,0,ETHUSDT,liquidation_fees_usdt
run_ad71d751b20623006c195ff3,conditional,asset_period,2024+,315.5688323050323074272000002,315.5688323050323074272000002,0E-25,ETHUSDT,net_pnl_usdt
run_ad71d751b20623006c195ff3,conditional,asset_period,2022,0,0,0,BTCUSDT,spot_realized_pnl_usdt
run_ad71d751b20623006c195ff3,conditional,asset_period,2022,0E-8,0E-8,0E-8,BTCUSDT,spot_unrealized_pnl_usdt
run_ad71d751b20623006c195ff3,conditional,asset_period,2022,0,0,0,BTCUSDT,futures_realized_pnl_usdt
run_ad71d751b20623006c195ff3,conditional,asset_period,2022,0E-8,-0E-8,0E-8,BTCUSDT,futures_unrealized_pnl_usdt
run_ad71d751b20623006c195ff3,conditional,asset_period,2022,0,0,0,BTCUSDT,funding_usdt
run_ad71d751b20623006c195ff3,conditional,asset_period,2022,0,0,0,BTCUSDT,fees_usdt
run_ad71d751b20623006c195ff3,conditional,asset_period,2022,0,0,0,BTCUSDT,liquidation_fees_usdt
run_ad71d751b20623006c195ff3,conditional,asset_period,2022,0E-8,0E-8,0E-8,BTCUSDT,net_pnl_usdt
run_ad71d751b20623006c195ff3,conditional,asset_period,2022,0,0,0,ETHUSDT,spot_realized_pnl_usdt
run_ad71d751b20623006c195ff3,conditional,asset_period,2022,0E-8,0E-8,0E-8,ETHUSDT,spot_unrealized_pnl_usdt
run_ad71d751b20623006c195ff3,conditional,asset_period,2022,0,0,0,ETHUSDT,futures_realized_pnl_usdt
run_ad71d751b20623006c195ff3,conditional,asset_period,2022,0E-8,-0E-8,0E-8,ETHUSDT,futures_unrealized_pnl_usdt
run_ad71d751b20623006c195ff3,conditional,asset_period,2022,0,0,0,ETHUSDT,funding_usdt
run_ad71d751b20623006c195ff3,conditional,asset_period,2022,0,0,0,ETHUSDT,fees_usdt
run_ad71d751b20623006c195ff3,conditional,asset_period,2022,0,0,0,ETHUSDT,liquidation_fees_usdt
run_ad71d751b20623006c195ff3,conditional,asset_period,2022,0E-8,0E-8,0E-8,ETHUSDT,net_pnl_usdt
run_ad71d751b20623006c195ff3,conditional,asset_period,2023,60.0113000,60.0113000,0E-7,BTCUSDT,spot_realized_pnl_usdt
run_ad71d751b20623006c195ff3,conditional,asset_period,2023,353.1822621840000000,353.1822621840000000,0E-16,BTCUSDT,spot_unrealized_pnl_usdt
run_ad71d751b20623006c195ff3,conditional,asset_period,2023,-60.3640,-60.3640,0.0000,BTCUSDT,futures_realized_pnl_usdt
run_ad71d751b20623006c195ff3,conditional,asset_period,2023,-354.4081268935199999999999998,-354.4081268935199999999999998,0E-25,BTCUSDT,futures_unrealized_pnl_usdt
run_ad71d751b20623006c195ff3,conditional,asset_period,2023,70.3567840205436728717,70.3567840205436728717,0E-19,BTCUSDT,funding_usdt
run_ad71d751b20623006c195ff3,conditional,asset_period,2023,-5.4694558330,-5.4694558330,0E-10,BTCUSDT,fees_usdt
run_ad71d751b20623006c195ff3,conditional,asset_period,2023,0,0,0,BTCUSDT,liquidation_fees_usdt
run_ad71d751b20623006c195ff3,conditional,asset_period,2023,63.3087634780236728717000002,63.3087634780236728717000002,0E-25,BTCUSDT,net_pnl_usdt
run_ad71d751b20623006c195ff3,conditional,asset_period,2023,560.6324845934466274456304127,560.6324845934466274456304127,0E-25,ETHUSDT,spot_realized_pnl_usdt
run_ad71d751b20623006c195ff3,conditional,asset_period,2023,311.753180989553372554369587,311.753180989553372554369587,0E-24,ETHUSDT,spot_unrealized_pnl_usdt
run_ad71d751b20623006c195ff3,conditional,asset_period,2023,-520.5288499999999999999999989,-520.5288499999999999999999989,0E-25,ETHUSDT,futures_realized_pnl_usdt
run_ad71d751b20623006c195ff3,conditional,asset_period,2023,-306.0101214784600000000000000,-306.01012147846,0E-25,ETHUSDT,futures_unrealized_pnl_usdt
run_ad71d751b20623006c195ff3,conditional,asset_period,2023,130.5236521762044512580,130.5236521762044512580,0E-19,ETHUSDT,funding_usdt
run_ad71d751b20623006c195ff3,conditional,asset_period,2023,-22.238398696,-22.238398696,0E-9,ETHUSDT,fees_usdt
run_ad71d751b20623006c195ff3,conditional,asset_period,2023,0,0,0,ETHUSDT,liquidation_fees_usdt
run_ad71d751b20623006c195ff3,conditional,asset_period,2023,154.1319475847444512580000008,154.1319475847444512580000008,0E-25,ETHUSDT,net_pnl_usdt
run_ad71d751b20623006c195ff3,conditional,asset_period,2024,2476.437642802128693471417312,2476.437642802128693471417312,0E-24,BTCUSDT,spot_realized_pnl_usdt
run_ad71d751b20623006c195ff3,conditional,asset_period,2024,-353.080060032728693471417312,-353.080060032728693471417312,0E-24,BTCUSDT,spot_unrealized_pnl_usdt
run_ad71d751b20623006c195ff3,conditional,asset_period,2024,-2469.636700000000000000000000,-2469.636700000000000000000000,0E-24,BTCUSDT,futures_realized_pnl_usdt
run_ad71d751b20623006c195ff3,conditional,asset_period,2024,354.4081268935199999999999998,354.4081268935199999999999998,0E-25,BTCUSDT,futures_unrealized_pnl_usdt
run_ad71d751b20623006c195ff3,conditional,asset_period,2024,284.4533188468455053431,284.4533188468455053431,0E-19,BTCUSDT,funding_usdt
run_ad71d751b20623006c195ff3,conditional,asset_period,2024,-39.7124435904,-39.7124435904,0E-10,BTCUSDT,fees_usdt
run_ad71d751b20623006c195ff3,conditional,asset_period,2024,0,0,0,BTCUSDT,liquidation_fees_usdt
run_ad71d751b20623006c195ff3,conditional,asset_period,2024,252.8698849193655053430999998,252.8698849193655053430999998,0E-25,BTCUSDT,net_pnl_usdt
run_ad71d751b20623006c195ff3,conditional,asset_period,2024,737.384127825147330547224474,737.3841278251473305472244743,-3E-25,ETHUSDT,spot_realized_pnl_usdt
run_ad71d751b20623006c195ff3,conditional,asset_period,2024,-176.434167889147330547224474,-176.434167889147330547224474,0E-24,ETHUSDT,spot_unrealized_pnl_usdt
run_ad71d751b20623006c195ff3,conditional,asset_period,2024,-735.422389999999999999999999,-735.4223899999999999999999991,1E-25,ETHUSDT,futures_realized_pnl_usdt
run_ad71d751b20623006c195ff3,conditional,asset_period,2024,173.6627148220499999999999982,173.6627148220499999999999997,-1.5E-24,ETHUSDT,futures_unrealized_pnl_usdt
run_ad71d751b20623006c195ff3,conditional,asset_period,2024,319.5147526755286076165,319.5147526755286076165,0E-19,ETHUSDT,funding_usdt
run_ad71d751b20623006c195ff3,conditional,asset_period,2024,-36.448661955,-36.448661955,0E-9,ETHUSDT,fees_usdt
run_ad71d751b20623006c195ff3,conditional,asset_period,2024,0,0,0,ETHUSDT,liquidation_fees_usdt
run_ad71d751b20623006c195ff3,conditional,asset_period,2024,282.2563754785786076165000009,282.2563754785786076165000009,0E-25,ETHUSDT,net_pnl_usdt
run_ad71d751b20623006c195ff3,conditional,asset_period,2025,0E-24,0E-24,0E-24,BTCUSDT,spot_realized_pnl_usdt
run_ad71d751b20623006c195ff3,conditional,asset_period,2025,-0.046107721800000000000000,-0.046107721800000000000000,0E-24,BTCUSDT,spot_unrealized_pnl_usdt
run_ad71d751b20623006c195ff3,conditional,asset_period,2025,0E-24,0E-24,0E-24,BTCUSDT,futures_realized_pnl_usdt
run_ad71d751b20623006c195ff3,conditional,asset_period,2025,0E-11,0E-11,0E-11,BTCUSDT,futures_unrealized_pnl_usdt
run_ad71d751b20623006c195ff3,conditional,asset_period,2025,0E-19,0E-19,0E-19,BTCUSDT,funding_usdt
run_ad71d751b20623006c195ff3,conditional,asset_period,2025,0E-10,0E-10,0E-10,BTCUSDT,fees_usdt
run_ad71d751b20623006c195ff3,conditional,asset_period,2025,0,0,0,BTCUSDT,liquidation_fees_usdt
run_ad71d751b20623006c195ff3,conditional,asset_period,2025,-0.046107721800000000000000,-0.046107721800000000000000,0E-24,BTCUSDT,net_pnl_usdt
run_ad71d751b20623006c195ff3,conditional,asset_period,2025,-1623.254566240875707915837725,-1623.254566240875707915837725,0E-24,ETHUSDT,spot_realized_pnl_usdt
run_ad71d751b20623006c195ff3,conditional,asset_period,2025,-135.303811605124292084162275,-135.303811605124292084162275,0E-24,ETHUSDT,spot_unrealized_pnl_usdt
run_ad71d751b20623006c195ff3,conditional,asset_period,2025,1624.463949999999999999999999,1624.463949999999999999999999,0E-24,ETHUSDT,futures_realized_pnl_usdt
run_ad71d751b20623006c195ff3,conditional,asset_period,2025,132.347406656410000000000000,132.3474066564100000000000003,-3E-25,ETHUSDT,futures_unrealized_pnl_usdt
run_ad71d751b20623006c195ff3,conditional,asset_period,2025,46.1065554930436998107,46.1065554930436998107,0E-19,ETHUSDT,funding_usdt
run_ad71d751b20623006c195ff3,conditional,asset_period,2025,-11.028667972,-11.028667972,0E-9,ETHUSDT,fees_usdt
run_ad71d751b20623006c195ff3,conditional,asset_period,2025,0,0,0,ETHUSDT,liquidation_fees_usdt
run_ad71d751b20623006c195ff3,conditional,asset_period,2025,33.3308663314536998106999993,33.3308663314536998106999993,0E-25,ETHUSDT,net_pnl_usdt
run_ad71d751b20623006c195ff3,conditional,asset_period,2026,0E-24,0E-24,0E-24,BTCUSDT,spot_realized_pnl_usdt
run_ad71d751b20623006c195ff3,conditional,asset_period,2026,-0.070270918200000000000000,-0.070270918200000000000000,0E-24,BTCUSDT,spot_unrealized_pnl_usdt
run_ad71d751b20623006c195ff3,conditional,asset_period,2026,0E-24,0E-24,0E-24,BTCUSDT,futures_realized_pnl_usdt
run_ad71d751b20623006c195ff3,conditional,asset_period,2026,0E-11,0E-11,0E-11,BTCUSDT,futures_unrealized_pnl_usdt
run_ad71d751b20623006c195ff3,conditional,asset_period,2026,0E-19,0E-19,0E-19,BTCUSDT,funding_usdt
run_ad71d751b20623006c195ff3,conditional,asset_period,2026,0E-10,0E-10,0E-10,BTCUSDT,fees_usdt
run_ad71d751b20623006c195ff3,conditional,asset_period,2026,0,0,0,BTCUSDT,liquidation_fees_usdt
run_ad71d751b20623006c195ff3,conditional,asset_period,2026,-0.070270918200000000000000,-0.070270918200000000000000,0E-24,BTCUSDT,net_pnl_usdt
run_ad71d751b20623006c195ff3,conditional,asset_period,2026,0E-24,0E-24,0E-24,ETHUSDT,spot_realized_pnl_usdt
run_ad71d751b20623006c195ff3,conditional,asset_period,2026,-0.018409505000000000000000,-0.018409505000000000000000,0E-24,ETHUSDT,spot_unrealized_pnl_usdt
run_ad71d751b20623006c195ff3,conditional,asset_period,2026,0E-24,0E-24,0E-24,ETHUSDT,futures_realized_pnl_usdt
run_ad71d751b20623006c195ff3,conditional,asset_period,2026,0E-11,0E-11,0E-11,ETHUSDT,futures_unrealized_pnl_usdt
run_ad71d751b20623006c195ff3,conditional,asset_period,2026,0E-19,0E-19,0E-19,ETHUSDT,funding_usdt
run_ad71d751b20623006c195ff3,conditional,asset_period,2026,0E-9,0E-9,0E-9,ETHUSDT,fees_usdt
run_ad71d751b20623006c195ff3,conditional,asset_period,2026,0,0,0,ETHUSDT,liquidation_fees_usdt
run_ad71d751b20623006c195ff3,conditional,asset_period,2026,-0.018409505000000000000000,-0.018409505000000000000000,0E-24,ETHUSDT,net_pnl_usdt
