symbol,strategy,funding_filter_enabled,time_ns,timestamp_utc,kind,cause,previous,state,order_id,cycle_id,next_expiry_utc,liquidation,next_expiry,purpose,source_run_id
ETHUSDT,conditional,True,1673683260001000000,2023-01-14T08:01:00.001000000Z,transition,entry,FLAT,OPENING_SPOT,conditional-00000001,ETHUSDT-1673683260001000000,,,,,run_ad71d751b20623006c195ff3
ETHUSDT,conditional,True,1673683380000000000,2023-01-14T08:03:00.000000000Z,attempt_failed,timeout,,,conditional-00000001,,,,,open_spot,run_ad71d751b20623006c195ff3
ETHUSDT,conditional,True,1673683380000000000,2023-01-14T08:03:00.000000000Z,close_requested,opening_or_second_leg_failed,,,,,,False,,,run_ad71d751b20623006c195ff3
ETHUSDT,conditional,True,1673683380000000000,2023-01-14T08:03:00.000000000Z,transition,opening_or_second_leg_failed,OPENING_SPOT,CLOSING_SPOT,,ETHUSDT-1673683260001000000,,,,,run_ad71d751b20623006c195ff3
ETHUSDT,conditional,True,1673683440000000000,2023-01-14T08:04:00.000000000Z,transition,unwind_complete,CLOSING_SPOT,COOLDOWN,,ETHUSDT-1673683260001000000,,,,,run_ad71d751b20623006c195ff3
ETHUSDT,conditional,True,1673798460000000000,2023-01-15T16:01:00.000000000Z,transition,cooldown_elapsed,COOLDOWN,FLAT,,ETHUSDT-1673683260001000000,,,,,run_ad71d751b20623006c195ff3
ETHUSDT,conditional,True,1673798460000000000,2023-01-15T16:01:00.000000000Z,transition,entry,FLAT,OPENING_SPOT,conditional-00000003,ETHUSDT-1673798460000000000,,,,,run_ad71d751b20623006c195ff3
ETHUSDT,conditional,True,1673798520000000000,2023-01-15T16:02:00.000000000Z,transition,spot_filled_waiting_hedge,OPENING_SPOT,OPENING_PERP,,ETHUSDT-1673798460000000000,,,,,run_ad71d751b20623006c195ff3
ETHUSDT,conditional,True,1673798580000000000,2023-01-15T16:03:00.000000000Z,transition,opening_complete,OPENING_PERP,HOLDING,,ETHUSDT-1673798460000000000,,,,,run_ad71d751b20623006c195ff3
ETHUSDT,conditional,True,1674403380000000000,2023-01-22T16:03:00.000000000Z,renewal,,,,,,2023-01-29T16:03:00.000000000Z,,1675008180000000000,,run_ad71d751b20623006c195ff3
ETHUSDT,conditional,True,1675008180000000000,2023-01-29T16:03:00.000000000Z,renewal,,,,,,2023-02-05T16:03:00.000000000Z,,1675612980000000000,,run_ad71d751b20623006c195ff3
ETHUSDT,conditional,True,1675612980000000000,2023-02-05T16:03:00.000000000Z,renewal,,,,,,2023-02-12T16:03:00.000000000Z,,1676217780000000000,,run_ad71d751b20623006c195ff3
ETHUSDT,conditional,True,1675612980000000000,2023-02-05T16:03:00.000000000Z,transition,renewal_rebalance,HOLDING,REBALANCING,,ETHUSDT-1673798460000000000,,,,,run_ad71d751b20623006c195ff3
ETHUSDT,conditional,True,1675613100000000000,2023-02-05T16:05:00.000000000Z,transition,rebalance_complete,REBALANCING,HOLDING,,ETHUSDT-1673798460000000000,,,,,run_ad71d751b20623006c195ff3
ETHUSDT,conditional,True,1676217780000000000,2023-02-12T16:03:00.000000000Z,renewal,,,,,,2023-02-19T16:03:00.000000000Z,,1676822580000000000,,run_ad71d751b20623006c195ff3
ETHUSDT,conditional,True,1676217780000000000,2023-02-12T16:03:00.000000000Z,transition,renewal_rebalance,HOLDING,REBALANCING,,ETHUSDT-1673798460000000000,,,,,run_ad71d751b20623006c195ff3
ETHUSDT,conditional,True,1676217900000000000,2023-02-12T16:05:00.000000000Z,transition,rebalance_complete,REBALANCING,HOLDING,,ETHUSDT-1673798460000000000,,,,,run_ad71d751b20623006c195ff3
ETHUSDT,conditional,True,1676822580000000000,2023-02-19T16:03:00.000000000Z,renewal,,,,,,2023-02-26T16:03:00.000000000Z,,1677427380000000000,,run_ad71d751b20623006c195ff3
ETHUSDT,conditional,True,1676822580000000000,2023-02-19T16:03:00.000000000Z,transition,renewal_rebalance,HOLDING,REBALANCING,,ETHUSDT-1673798460000000000,,,,,run_ad71d751b20623006c195ff3
ETHUSDT,conditional,True,1676822700000000000,2023-02-19T16:05:00.000000000Z,transition,rebalance_complete,REBALANCING,HOLDING,,ETHUSDT-1673798460000000000,,,,,run_ad71d751b20623006c195ff3
ETHUSDT,conditional,True,1677427380000000000,2023-02-26T16:03:00.000000000Z,renewal,,,,,,2023-03-05T16:03:00.000000000Z,,1678032180000000000,,run_ad71d751b20623006c195ff3
ETHUSDT,conditional,True,1677427380000000000,2023-02-26T16:03:00.000000000Z,transition,renewal_rebalance,HOLDING,REBALANCING,,ETHUSDT-1673798460000000000,,,,,run_ad71d751b20623006c195ff3
ETHUSDT,conditional,True,1677427500000000000,2023-02-26T16:05:00.000000000Z,transition,rebalance_complete,REBALANCING,HOLDING,,ETHUSDT-1673798460000000000,,,,,run_ad71d751b20623006c195ff3
ETHUSDT,conditional,True,1678032180000000000,2023-03-05T16:03:00.000000000Z,renewal,,,,,,2023-03-12T16:03:00.000000000Z,,1678636980000000000,,run_ad71d751b20623006c195ff3
ETHUSDT,conditional,True,1678636980000000000,2023-03-12T16:03:00.000000000Z,renewal,,,,,,2023-03-19T16:03:00.000000000Z,,1679241780000000000,,run_ad71d751b20623006c195ff3
ETHUSDT,conditional,True,1678636980000000000,2023-03-12T16:03:00.000000000Z,transition,renewal_rebalance,HOLDING,REBALANCING,,ETHUSDT-1673798460000000000,,,,,run_ad71d751b20623006c195ff3
ETHUSDT,conditional,True,1678637100000000000,2023-03-12T16:05:00.000000000Z,transition,rebalance_complete,REBALANCING,HOLDING,,ETHUSDT-1673798460000000000,,,,,run_ad71d751b20623006c195ff3
ETHUSDT,conditional,True,1679241780000000000,2023-03-19T16:03:00.000000000Z,renewal,,,,,,2023-03-26T16:03:00.000000000Z,,1679846580000000000,,run_ad71d751b20623006c195ff3
ETHUSDT,conditional,True,1679241780000000000,2023-03-19T16:03:00.000000000Z,transition,renewal_rebalance,HOLDING,REBALANCING,,ETHUSDT-1673798460000000000,,,,,run_ad71d751b20623006c195ff3
ETHUSDT,conditional,True,1679241900000000000,2023-03-19T16:05:00.000000000Z,transition,rebalance_complete,REBALANCING,HOLDING,,ETHUSDT-1673798460000000000,,,,,run_ad71d751b20623006c195ff3
ETHUSDT,conditional,True,1679659140000000000,2023-03-24T11:59:00.000000000Z,close_requested,real_market_inactivity,,,,,,False,,,run_ad71d751b20623006c195ff3
ETHUSDT,conditional,True,1679659140000000000,2023-03-24T11:59:00.000000000Z,transition,real_market_inactivity,HOLDING,CLOSING_PERP,,ETHUSDT-1673798460000000000,,,,,run_ad71d751b20623006c195ff3
ETHUSDT,conditional,True,1679659200000000000,2023-03-24T12:00:00.000000000Z,transition,perpetual_closed_waiting_spot,CLOSING_PERP,CLOSING_SPOT,,ETHUSDT-1673798460000000000,,,,,run_ad71d751b20623006c195ff3
ETHUSDT,conditional,True,1679659260000000000,2023-03-24T12:01:00.000000000Z,attempt_failed,timeout,,,conditional-00000018,,,,,close_spot,run_ad71d751b20623006c195ff3
ETHUSDT,conditional,True,1679659320000000000,2023-03-24T12:02:00.000000000Z,attempt_failed,timeout,,,conditional-00000019,,,,,close_spot,run_ad71d751b20623006c195ff3
ETHUSDT,conditional,True,1679659380000000000,2023-03-24T12:03:00.000000000Z,attempt_failed,timeout,,,conditional-00000020,,,,,close_spot,run_ad71d751b20623006c195ff3
ETHUSDT,conditional,True,1679659440000000000,2023-03-24T12:04:00.000000000Z,attempt_failed,timeout,,,conditional-00000021,,,,,close_spot,run_ad71d751b20623006c195ff3
ETHUSDT,conditional,True,1679659500000000000,2023-03-24T12:05:00.000000000Z,attempt_failed,timeout,,,conditional-00000022,,,,,close_spot,run_ad71d751b20623006c195ff3
ETHUSDT,conditional,True,1679659560000000000,2023-03-24T12:06:00.000000000Z,attempt_failed,timeout,,,conditional-00000023,,,,,close_spot,run_ad71d751b20623006c195ff3
ETHUSDT,conditional,True,1679659620000000000,2023-03-24T12:07:00.000000000Z,attempt_failed,timeout,,,conditional-00000024,,,,,close_spot,run_ad71d751b20623006c195ff3
ETHUSDT,conditional,True,1679659680000000000,2023-03-24T12:08:00.000000000Z,attempt_failed,timeout,,,conditional-00000025,,,,,close_spot,run_ad71d751b20623006c195ff3
ETHUSDT,conditional,True,1679659740000000000,2023-03-24T12:09:00.000000000Z,attempt_failed,timeout,,,conditional-00000026,,,,,close_spot,run_ad71d751b20623006c195ff3
ETHUSDT,conditional,True,1679659800000000000,2023-03-24T12:10:00.000000000Z,attempt_failed,timeout,,,conditional-00000027,,,,,close_spot,run_ad71d751b20623006c195ff3
ETHUSDT,conditional,True,1679659860000000000,2023-03-24T12:11:00.000000000Z,attempt_failed,timeout,,,conditional-00000028,,,,,close_spot,run_ad71d751b20623006c195ff3
ETHUSDT,conditional,True,1679659920000000000,2023-03-24T12:12:00.000000000Z,attempt_failed,timeout,,,conditional-00000029,,,,,close_spot,run_ad71d751b20623006c195ff3
ETHUSDT,conditional,True,1679659980000000000,2023-03-24T12:13:00.000000000Z,attempt_failed,timeout,,,conditional-00000030,,,,,close_spot,run_ad71d751b20623006c195ff3
ETHUSDT,conditional,True,1679660040000000000,2023-03-24T12:14:00.000000000Z,attempt_failed,timeout,,,conditional-00000031,,,,,close_spot,run_ad71d751b20623006c195ff3
ETHUSDT,conditional,True,1679660100000000000,2023-03-24T12:15:00.000000000Z,attempt_failed,timeout,,,conditional-00000032,,,,,close_spot,run_ad71d751b20623006c195ff3
ETHUSDT,conditional,True,1679660160000000000,2023-03-24T12:16:00.000000000Z,attempt_failed,timeout,,,conditional-00000033,,,,,close_spot,run_ad71d751b20623006c195ff3
ETHUSDT,conditional,True,1679660220000000000,2023-03-24T12:17:00.000000000Z,attempt_failed,timeout,,,conditional-00000034,,,,,close_spot,run_ad71d751b20623006c195ff3
ETHUSDT,conditional,True,1679660280000000000,2023-03-24T12:18:00.000000000Z,attempt_failed,timeout,,,conditional-00000035,,,,,close_spot,run_ad71d751b20623006c195ff3
ETHUSDT,conditional,True,1679660340000000000,2023-03-24T12:19:00.000000000Z,attempt_failed,timeout,,,conditional-00000036,,,,,close_spot,run_ad71d751b20623006c195ff3
ETHUSDT,conditional,True,1679660400000000000,2023-03-24T12:20:00.000000000Z,attempt_failed,timeout,,,conditional-00000037,,,,,close_spot,run_ad71d751b20623006c195ff3
ETHUSDT,conditional,True,1679660460000000000,2023-03-24T12:21:00.000000000Z,attempt_failed,timeout,,,conditional-00000038,,,,,close_spot,run_ad71d751b20623006c195ff3
ETHUSDT,conditional,True,1679660520000000000,2023-03-24T12:22:00.000000000Z,attempt_failed,timeout,,,conditional-00000039,,,,,close_spot,run_ad71d751b20623006c195ff3
ETHUSDT,conditional,True,1679660580000000000,2023-03-24T12:23:00.000000000Z,attempt_failed,timeout,,,conditional-00000040,,,,,close_spot,run_ad71d751b20623006c195ff3
ETHUSDT,conditional,True,1679660640000000000,2023-03-24T12:24:00.000000000Z,attempt_failed,timeout,,,conditional-00000041,,,,,close_spot,run_ad71d751b20623006c195ff3
ETHUSDT,conditional,True,1679660700000000000,2023-03-24T12:25:00.000000000Z,attempt_failed,timeout,,,conditional-00000042,,,,,close_spot,run_ad71d751b20623006c195ff3
ETHUSDT,conditional,True,1679660760000000000,2023-03-24T12:26:00.000000000Z,attempt_failed,timeout,,,conditional-00000043,,,,,close_spot,run_ad71d751b20623006c195ff3
ETHUSDT,conditional,True,1679660820000000000,2023-03-24T12:27:00.000000000Z,attempt_failed,timeout,,,conditional-00000044,,,,,close_spot,run_ad71d751b20623006c195ff3
ETHUSDT,conditional,True,1679660880000000000,2023-03-24T12:28:00.000000000Z,attempt_failed,timeout,,,conditional-00000045,,,,,close_spot,run_ad71d751b20623006c195ff3
ETHUSDT,conditional,True,1679660940000000000,2023-03-24T12:29:00.000000000Z,attempt_failed,timeout,,,conditional-00000046,,,,,close_spot,run_ad71d751b20623006c195ff3
ETHUSDT,conditional,True,1679661000000000000,2023-03-24T12:30:00.000000000Z,attempt_failed,timeout,,,conditional-00000047,,,,,close_spot,run_ad71d751b20623006c195ff3
ETHUSDT,conditional,True,1679661060000000000,2023-03-24T12:31:00.000000000Z,attempt_failed,timeout,,,conditional-00000048,,,,,close_spot,run_ad71d751b20623006c195ff3
ETHUSDT,conditional,True,1679661120000000000,2023-03-24T12:32:00.000000000Z,attempt_failed,timeout,,,conditional-00000049,,,,,close_spot,run_ad71d751b20623006c195ff3
ETHUSDT,conditional,True,1679661180000000000,2023-03-24T12:33:00.000000000Z,attempt_failed,timeout,,,conditional-00000050,,,,,close_spot,run_ad71d751b20623006c195ff3
ETHUSDT,conditional,True,1679661240000000000,2023-03-24T12:34:00.000000000Z,attempt_failed,timeout,,,conditional-00000051,,,,,close_spot,run_ad71d751b20623006c195ff3
ETHUSDT,conditional,True,1679661300000000000,2023-03-24T12:35:00.000000000Z,attempt_failed,timeout,,,conditional-00000052,,,,,close_spot,run_ad71d751b20623006c195ff3
ETHUSDT,conditional,True,1679661360000000000,2023-03-24T12:36:00.000000000Z,attempt_failed,timeout,,,conditional-00000053,,,,,close_spot,run_ad71d751b20623006c195ff3
ETHUSDT,conditional,True,1679661420000000000,2023-03-24T12:37:00.000000000Z,attempt_failed,timeout,,,conditional-00000054,,,,,close_spot,run_ad71d751b20623006c195ff3
ETHUSDT,conditional,True,1679661480000000000,2023-03-24T12:38:00.000000000Z,attempt_failed,timeout,,,conditional-00000055,,,,,close_spot,run_ad71d751b20623006c195ff3
ETHUSDT,conditional,True,1679661540000000000,2023-03-24T12:39:00.000000000Z,attempt_failed,timeout,,,conditional-00000056,,,,,close_spot,run_ad71d751b20623006c195ff3
ETHUSDT,conditional,True,1679661600000000000,2023-03-24T12:40:00.000000000Z,attempt_failed,timeout,,,conditional-00000057,,,,,close_spot,run_ad71d751b20623006c195ff3
ETHUSDT,conditional,True,1679661660000000000,2023-03-24T12:41:00.000000000Z,attempt_failed,timeout,,,conditional-00000058,,,,,close_spot,run_ad71d751b20623006c195ff3
ETHUSDT,conditional,True,1679661720000000000,2023-03-24T12:42:00.000000000Z,attempt_failed,timeout,,,conditional-00000059,,,,,close_spot,run_ad71d751b20623006c195ff3
ETHUSDT,conditional,True,1679661780000000000,2023-03-24T12:43:00.000000000Z,attempt_failed,timeout,,,conditional-00000060,,,,,close_spot,run_ad71d751b20623006c195ff3
ETHUSDT,conditional,True,1679661840000000000,2023-03-24T12:44:00.000000000Z,attempt_failed,timeout,,,conditional-00000061,,,,,close_spot,run_ad71d751b20623006c195ff3
ETHUSDT,conditional,True,1679661900000000000,2023-03-24T12:45:00.000000000Z,attempt_failed,timeout,,,conditional-00000062,,,,,close_spot,run_ad71d751b20623006c195ff3
ETHUSDT,conditional,True,1679661960000000000,2023-03-24T12:46:00.000000000Z,attempt_failed,timeout,,,conditional-00000063,,,,,close_spot,run_ad71d751b20623006c195ff3
ETHUSDT,conditional,True,1679662020000000000,2023-03-24T12:47:00.000000000Z,attempt_failed,timeout,,,conditional-00000064,,,,,close_spot,run_ad71d751b20623006c195ff3
ETHUSDT,conditional,True,1679662080000000000,2023-03-24T12:48:00.000000000Z,attempt_failed,timeout,,,conditional-00000065,,,,,close_spot,run_ad71d751b20623006c195ff3
ETHUSDT,conditional,True,1679662140000000000,2023-03-24T12:49:00.000000000Z,attempt_failed,timeout,,,conditional-00000066,,,,,close_spot,run_ad71d751b20623006c195ff3
ETHUSDT,conditional,True,1679662200000000000,2023-03-24T12:50:00.000000000Z,attempt_failed,timeout,,,conditional-00000067,,,,,close_spot,run_ad71d751b20623006c195ff3
ETHUSDT,conditional,True,1679662260000000000,2023-03-24T12:51:00.000000000Z,attempt_failed,timeout,,,conditional-00000068,,,,,close_spot,run_ad71d751b20623006c195ff3
ETHUSDT,conditional,True,1679662320000000000,2023-03-24T12:52:00.000000000Z,attempt_failed,timeout,,,conditional-00000069,,,,,close_spot,run_ad71d751b20623006c195ff3
ETHUSDT,conditional,True,1679662380000000000,2023-03-24T12:53:00.000000000Z,attempt_failed,timeout,,,conditional-00000070,,,,,close_spot,run_ad71d751b20623006c195ff3
ETHUSDT,conditional,True,1679662440000000000,2023-03-24T12:54:00.000000000Z,attempt_failed,timeout,,,conditional-00000071,,,,,close_spot,run_ad71d751b20623006c195ff3
ETHUSDT,conditional,True,1679662500000000000,2023-03-24T12:55:00.000000000Z,attempt_failed,timeout,,,conditional-00000072,,,,,close_spot,run_ad71d751b20623006c195ff3
ETHUSDT,conditional,True,1679662560000000000,2023-03-24T12:56:00.000000000Z,attempt_failed,timeout,,,conditional-00000073,,,,,close_spot,run_ad71d751b20623006c195ff3
ETHUSDT,conditional,True,1679662620000000000,2023-03-24T12:57:00.000000000Z,attempt_failed,timeout,,,conditional-00000074,,,,,close_spot,run_ad71d751b20623006c195ff3
ETHUSDT,conditional,True,1679662680000000000,2023-03-24T12:58:00.000000000Z,attempt_failed,timeout,,,conditional-00000075,,,,,close_spot,run_ad71d751b20623006c195ff3
ETHUSDT,conditional,True,1679662740000000000,2023-03-24T12:59:00.000000000Z,attempt_failed,timeout,,,conditional-00000076,,,,,close_spot,run_ad71d751b20623006c195ff3
ETHUSDT,conditional,True,1679662800000000000,2023-03-24T13:00:00.000000000Z,attempt_failed,timeout,,,conditional-00000077,,,,,close_spot,run_ad71d751b20623006c195ff3
ETHUSDT,conditional,True,1679662860000000000,2023-03-24T13:01:00.000000000Z,attempt_failed,timeout,,,conditional-00000078,,,,,close_spot,run_ad71d751b20623006c195ff3
ETHUSDT,conditional,True,1679662920000000000,2023-03-24T13:02:00.000000000Z,attempt_failed,timeout,,,conditional-00000079,,,,,close_spot,run_ad71d751b20623006c195ff3
ETHUSDT,conditional,True,1679662980000000000,2023-03-24T13:03:00.000000000Z,attempt_failed,timeout,,,conditional-00000080,,,,,close_spot,run_ad71d751b20623006c195ff3
ETHUSDT,conditional,True,1679663040000000000,2023-03-24T13:04:00.000000000Z,attempt_failed,timeout,,,conditional-00000081,,,,,close_spot,run_ad71d751b20623006c195ff3
ETHUSDT,conditional,True,1679663100000000000,2023-03-24T13:05:00.000000000Z,attempt_failed,timeout,,,conditional-00000082,,,,,close_spot,run_ad71d751b20623006c195ff3
ETHUSDT,conditional,True,1679663160000000000,2023-03-24T13:06:00.000000000Z,attempt_failed,timeout,,,conditional-00000083,,,,,close_spot,run_ad71d751b20623006c195ff3
ETHUSDT,conditional,True,1679663220000000000,2023-03-24T13:07:00.000000000Z,attempt_failed,timeout,,,conditional-00000084,,,,,close_spot,run_ad71d751b20623006c195ff3
ETHUSDT,conditional,True,1679663280000000000,2023-03-24T13:08:00.000000000Z,attempt_failed,timeout,,,conditional-00000085,,,,,close_spot,run_ad71d751b20623006c195ff3
ETHUSDT,conditional,True,1679663340000000000,2023-03-24T13:09:00.000000000Z,attempt_failed,timeout,,,conditional-00000086,,,,,close_spot,run_ad71d751b20623006c195ff3
ETHUSDT,conditional,True,1679663400000000000,2023-03-24T13:10:00.000000000Z,attempt_failed,timeout,,,conditional-00000087,,,,,close_spot,run_ad71d751b20623006c195ff3
ETHUSDT,conditional,True,1679663460000000000,2023-03-24T13:11:00.000000000Z,attempt_failed,timeout,,,conditional-00000088,,,,,close_spot,run_ad71d751b20623006c195ff3
ETHUSDT,conditional,True,1679663520000000000,2023-03-24T13:12:00.000000000Z,attempt_failed,timeout,,,conditional-00000089,,,,,close_spot,run_ad71d751b20623006c195ff3
ETHUSDT,conditional,True,1679663580000000000,2023-03-24T13:13:00.000000000Z,attempt_failed,timeout,,,conditional-00000090,,,,,close_spot,run_ad71d751b20623006c195ff3
ETHUSDT,conditional,True,1679663640000000000,2023-03-24T13:14:00.000000000Z,attempt_failed,timeout,,,conditional-00000091,,,,,close_spot,run_ad71d751b20623006c195ff3
ETHUSDT,conditional,True,1679663700000000000,2023-03-24T13:15:00.000000000Z,attempt_failed,timeout,,,conditional-00000092,,,,,close_spot,run_ad71d751b20623006c195ff3
ETHUSDT,conditional,True,1679663760000000000,2023-03-24T13:16:00.000000000Z,attempt_failed,timeout,,,conditional-00000093,,,,,close_spot,run_ad71d751b20623006c195ff3
ETHUSDT,conditional,True,1679663820000000000,2023-03-24T13:17:00.000000000Z,attempt_failed,timeout,,,conditional-00000094,,,,,close_spot,run_ad71d751b20623006c195ff3
ETHUSDT,conditional,True,1679663880000000000,2023-03-24T13:18:00.000000000Z,attempt_failed,timeout,,,conditional-00000095,,,,,close_spot,run_ad71d751b20623006c195ff3
ETHUSDT,conditional,True,1679663940000000000,2023-03-24T13:19:00.000000000Z,attempt_failed,timeout,,,conditional-00000096,,,,,close_spot,run_ad71d751b20623006c195ff3
ETHUSDT,conditional,True,1679664000000000000,2023-03-24T13:20:00.000000000Z,attempt_failed,timeout,,,conditional-00000097,,,,,close_spot,run_ad71d751b20623006c195ff3
ETHUSDT,conditional,True,1679664060000000000,2023-03-24T13:21:00.000000000Z,attempt_failed,timeout,,,conditional-00000098,,,,,close_spot,run_ad71d751b20623006c195ff3
ETHUSDT,conditional,True,1679664120000000000,2023-03-24T13:22:00.000000000Z,attempt_failed,timeout,,,conditional-00000099,,,,,close_spot,run_ad71d751b20623006c195ff3
ETHUSDT,conditional,True,1679664180000000000,2023-03-24T13:23:00.000000000Z,attempt_failed,timeout,,,conditional-00000100,,,,,close_spot,run_ad71d751b20623006c195ff3
ETHUSDT,conditional,True,1679664240000000000,2023-03-24T13:24:00.000000000Z,attempt_failed,timeout,,,conditional-00000101,,,,,close_spot,run_ad71d751b20623006c195ff3
ETHUSDT,conditional,True,1679664300000000000,2023-03-24T13:25:00.000000000Z,attempt_failed,timeout,,,conditional-00000102,,,,,close_spot,run_ad71d751b20623006c195ff3
ETHUSDT,conditional,True,1679664360000000000,2023-03-24T13:26:00.000000000Z,attempt_failed,timeout,,,conditional-00000103,,,,,close_spot,run_ad71d751b20623006c195ff3
ETHUSDT,conditional,True,1679664420000000000,2023-03-24T13:27:00.000000000Z,attempt_failed,timeout,,,conditional-00000104,,,,,close_spot,run_ad71d751b20623006c195ff3
ETHUSDT,conditional,True,1679664480000000000,2023-03-24T13:28:00.000000000Z,attempt_failed,timeout,,,conditional-00000105,,,,,close_spot,run_ad71d751b20623006c195ff3
ETHUSDT,conditional,True,1679664540000000000,2023-03-24T13:29:00.000000000Z,attempt_failed,timeout,,,conditional-00000106,,,,,close_spot,run_ad71d751b20623006c195ff3
ETHUSDT,conditional,True,1679664600000000000,2023-03-24T13:30:00.000000000Z,attempt_failed,timeout,,,conditional-00000107,,,,,close_spot,run_ad71d751b20623006c195ff3
ETHUSDT,conditional,True,1679664660000000000,2023-03-24T13:31:00.000000000Z,attempt_failed,timeout,,,conditional-00000108,,,,,close_spot,run_ad71d751b20623006c195ff3
ETHUSDT,conditional,True,1679664720000000000,2023-03-24T13:32:00.000000000Z,attempt_failed,timeout,,,conditional-00000109,,,,,close_spot,run_ad71d751b20623006c195ff3
ETHUSDT,conditional,True,1679664780000000000,2023-03-24T13:33:00.000000000Z,attempt_failed,timeout,,,conditional-00000110,,,,,close_spot,run_ad71d751b20623006c195ff3
ETHUSDT,conditional,True,1679664840000000000,2023-03-24T13:34:00.000000000Z,attempt_failed,timeout,,,conditional-00000111,,,,,close_spot,run_ad71d751b20623006c195ff3
ETHUSDT,conditional,True,1679664900000000000,2023-03-24T13:35:00.000000000Z,attempt_failed,timeout,,,conditional-00000112,,,,,close_spot,run_ad71d751b20623006c195ff3
ETHUSDT,conditional,True,1679664960000000000,2023-03-24T13:36:00.000000000Z,attempt_failed,timeout,,,conditional-00000113,,,,,close_spot,run_ad71d751b20623006c195ff3
ETHUSDT,conditional,True,1679665020000000000,2023-03-24T13:37:00.000000000Z,attempt_failed,timeout,,,conditional-00000114,,,,,close_spot,run_ad71d751b20623006c195ff3
ETHUSDT,conditional,True,1679665080000000000,2023-03-24T13:38:00.000000000Z,attempt_failed,timeout,,,conditional-00000115,,,,,close_spot,run_ad71d751b20623006c195ff3
ETHUSDT,conditional,True,1679665140000000000,2023-03-24T13:39:00.000000000Z,attempt_failed,timeout,,,conditional-00000116,,,,,close_spot,run_ad71d751b20623006c195ff3
ETHUSDT,conditional,True,1679665200000000000,2023-03-24T13:40:00.000000000Z,attempt_failed,timeout,,,conditional-00000117,,,,,close_spot,run_ad71d751b20623006c195ff3
ETHUSDT,conditional,True,1679665260000000000,2023-03-24T13:41:00.000000000Z,attempt_failed,timeout,,,conditional-00000118,,,,,close_spot,run_ad71d751b20623006c195ff3
ETHUSDT,conditional,True,1679665320000000000,2023-03-24T13:42:00.000000000Z,attempt_failed,timeout,,,conditional-00000119,,,,,close_spot,run_ad71d751b20623006c195ff3
ETHUSDT,conditional,True,1679665380000000000,2023-03-24T13:43:00.000000000Z,attempt_failed,timeout,,,conditional-00000120,,,,,close_spot,run_ad71d751b20623006c195ff3
ETHUSDT,conditional,True,1679665440000000000,2023-03-24T13:44:00.000000000Z,attempt_failed,timeout,,,conditional-00000121,,,,,close_spot,run_ad71d751b20623006c195ff3
ETHUSDT,conditional,True,1679665500000000000,2023-03-24T13:45:00.000000000Z,attempt_failed,timeout,,,conditional-00000122,,,,,close_spot,run_ad71d751b20623006c195ff3
ETHUSDT,conditional,True,1679665560000000000,2023-03-24T13:46:00.000000000Z,attempt_failed,timeout,,,conditional-00000123,,,,,close_spot,run_ad71d751b20623006c195ff3
ETHUSDT,conditional,True,1679665620000000000,2023-03-24T13:47:00.000000000Z,attempt_failed,timeout,,,conditional-00000124,,,,,close_spot,run_ad71d751b20623006c195ff3
ETHUSDT,conditional,True,1679665680000000000,2023-03-24T13:48:00.000000000Z,attempt_failed,timeout,,,conditional-00000125,,,,,close_spot,run_ad71d751b20623006c195ff3
ETHUSDT,conditional,True,1679665740000000000,2023-03-24T13:49:00.000000000Z,attempt_failed,timeout,,,conditional-00000126,,,,,close_spot,run_ad71d751b20623006c195ff3
ETHUSDT,conditional,True,1679665800000000000,2023-03-24T13:50:00.000000000Z,attempt_failed,timeout,,,conditional-00000127,,,,,close_spot,run_ad71d751b20623006c195ff3
ETHUSDT,conditional,True,1679665860000000000,2023-03-24T13:51:00.000000000Z,attempt_failed,timeout,,,conditional-00000128,,,,,close_spot,run_ad71d751b20623006c195ff3
ETHUSDT,conditional,True,1679665920000000000,2023-03-24T13:52:00.000000000Z,attempt_failed,timeout,,,conditional-00000129,,,,,close_spot,run_ad71d751b20623006c195ff3
ETHUSDT,conditional,True,1679665980000000000,2023-03-24T13:53:00.000000000Z,attempt_failed,timeout,,,conditional-00000130,,,,,close_spot,run_ad71d751b20623006c195ff3
ETHUSDT,conditional,True,1679666040000000000,2023-03-24T13:54:00.000000000Z,attempt_failed,timeout,,,conditional-00000131,,,,,close_spot,run_ad71d751b20623006c195ff3
ETHUSDT,conditional,True,1679666100000000000,2023-03-24T13:55:00.000000000Z,attempt_failed,timeout,,,conditional-00000132,,,,,close_spot,run_ad71d751b20623006c195ff3
ETHUSDT,conditional,True,1679666160000000000,2023-03-24T13:56:00.000000000Z,attempt_failed,timeout,,,conditional-00000133,,,,,close_spot,run_ad71d751b20623006c195ff3
ETHUSDT,conditional,True,1679666220000000000,2023-03-24T13:57:00.000000000Z,attempt_failed,timeout,,,conditional-00000134,,,,,close_spot,run_ad71d751b20623006c195ff3
ETHUSDT,conditional,True,1679666280000000000,2023-03-24T13:58:00.000000000Z,attempt_failed,timeout,,,conditional-00000135,,,,,close_spot,run_ad71d751b20623006c195ff3
ETHUSDT,conditional,True,1679666340000000000,2023-03-24T13:59:00.000000000Z,attempt_failed,timeout,,,conditional-00000136,,,,,close_spot,run_ad71d751b20623006c195ff3
ETHUSDT,conditional,True,1679666400000000000,2023-03-24T14:00:00.000000000Z,attempt_failed,timeout,,,conditional-00000137,,,,,close_spot,run_ad71d751b20623006c195ff3
ETHUSDT,conditional,True,1679666460000000000,2023-03-24T14:01:00.000000000Z,transition,unwind_complete,CLOSING_SPOT,COOLDOWN,,ETHUSDT-1673798460000000000,,,,,run_ad71d751b20623006c195ff3
ETHUSDT,conditional,True,1679760060011000000,2023-03-25T16:01:00.011000000Z,transition,cooldown_elapsed,COOLDOWN,FLAT,,ETHUSDT-1673798460000000000,,,,,run_ad71d751b20623006c195ff3
ETHUSDT,conditional,True,1699545660000000000,2023-11-09T16:01:00.000000000Z,transition,entry,FLAT,OPENING_SPOT,conditional-00000139,ETHUSDT-1699545660000000000,,,,,run_ad71d751b20623006c195ff3
ETHUSDT,conditional,True,1699545720000000000,2023-11-09T16:02:00.000000000Z,transition,spot_filled_waiting_hedge,OPENING_SPOT,OPENING_PERP,,ETHUSDT-1699545660000000000,,,,,run_ad71d751b20623006c195ff3
ETHUSDT,conditional,True,1699545780000000000,2023-11-09T16:03:00.000000000Z,transition,opening_complete,OPENING_PERP,HOLDING,,ETHUSDT-1699545660000000000,,,,,run_ad71d751b20623006c195ff3
BTCUSDT,conditional,True,1699804860001000000,2023-11-12T16:01:00.001000000Z,transition,entry,FLAT,OPENING_SPOT,conditional-00000141,BTCUSDT-1699804860001000000,,,,,run_ad71d751b20623006c195ff3
BTCUSDT,conditional,True,1699804980000000000,2023-11-12T16:03:00.000000000Z,transition,spot_filled_waiting_hedge,OPENING_SPOT,OPENING_PERP,,BTCUSDT-1699804860001000000,,,,,run_ad71d751b20623006c195ff3
BTCUSDT,conditional,True,1699805040000000000,2023-11-12T16:04:00.000000000Z,transition,opening_complete,OPENING_PERP,HOLDING,,BTCUSDT-1699804860001000000,,,,,run_ad71d751b20623006c195ff3
ETHUSDT,conditional,True,1700150580000000000,2023-11-16T16:03:00.000000000Z,renewal,,,,,,2023-11-23T16:03:00.000000000Z,,1700755380000000000,,run_ad71d751b20623006c195ff3
BTCUSDT,conditional,True,1700409840000000000,2023-11-19T16:04:00.000000000Z,renewal,,,,,,2023-11-26T16:04:00.000000000Z,,1701014640000000000,,run_ad71d751b20623006c195ff3
ETHUSDT,conditional,True,1700755380000000000,2023-11-23T16:03:00.000000000Z,renewal,,,,,,2023-11-30T16:03:00.000000000Z,,1701360180000000000,,run_ad71d751b20623006c195ff3
BTCUSDT,conditional,True,1701014640000000000,2023-11-26T16:04:00.000000000Z,renewal,,,,,,2023-12-03T16:04:00.000000000Z,,1701619440000000000,,run_ad71d751b20623006c195ff3
ETHUSDT,conditional,True,1701360180000000000,2023-11-30T16:03:00.000000000Z,renewal,,,,,,2023-12-07T16:03:00.000000000Z,,1701964980000000000,,run_ad71d751b20623006c195ff3
BTCUSDT,conditional,True,1701619440000000000,2023-12-03T16:04:00.000000000Z,renewal,,,,,,2023-12-10T16:04:00.000000000Z,,1702224240000000000,,run_ad71d751b20623006c195ff3
BTCUSDT,conditional,True,1701619440000000000,2023-12-03T16:04:00.000000000Z,transition,renewal_rebalance,HOLDING,REBALANCING,,BTCUSDT-1699804860001000000,,,,,run_ad71d751b20623006c195ff3
BTCUSDT,conditional,True,1701619560000000000,2023-12-03T16:06:00.000000000Z,transition,rebalance_complete,REBALANCING,HOLDING,,BTCUSDT-1699804860001000000,,,,,run_ad71d751b20623006c195ff3
ETHUSDT,conditional,True,1701964980000000000,2023-12-07T16:03:00.000000000Z,renewal,,,,,,2023-12-14T16:03:00.000000000Z,,1702569780000000000,,run_ad71d751b20623006c195ff3
ETHUSDT,conditional,True,1701964980000000000,2023-12-07T16:03:00.000000000Z,transition,renewal_rebalance,HOLDING,REBALANCING,,ETHUSDT-1699545660000000000,,,,,run_ad71d751b20623006c195ff3
ETHUSDT,conditional,True,1701965100000000000,2023-12-07T16:05:00.000000000Z,transition,rebalance_complete,REBALANCING,HOLDING,,ETHUSDT-1699545660000000000,,,,,run_ad71d751b20623006c195ff3
BTCUSDT,conditional,True,1702224240000000000,2023-12-10T16:04:00.000000000Z,renewal,,,,,,2023-12-17T16:04:00.000000000Z,,1702829040000000000,,run_ad71d751b20623006c195ff3
BTCUSDT,conditional,True,1702224240000000000,2023-12-10T16:04:00.000000000Z,transition,renewal_rebalance,HOLDING,REBALANCING,,BTCUSDT-1699804860001000000,,,,,run_ad71d751b20623006c195ff3
BTCUSDT,conditional,True,1702224360000000000,2023-12-10T16:06:00.000000000Z,transition,rebalance_complete,REBALANCING,HOLDING,,BTCUSDT-1699804860001000000,,,,,run_ad71d751b20623006c195ff3
ETHUSDT,conditional,True,1702569780000000000,2023-12-14T16:03:00.000000000Z,renewal,,,,,,2023-12-21T16:03:00.000000000Z,,1703174580000000000,,run_ad71d751b20623006c195ff3
BTCUSDT,conditional,True,1702829040000000000,2023-12-17T16:04:00.000000000Z,renewal,,,,,,2023-12-24T16:04:00.000000000Z,,1703433840000000000,,run_ad71d751b20623006c195ff3
BTCUSDT,conditional,True,1702829040000000000,2023-12-17T16:04:00.000000000Z,transition,renewal_rebalance,HOLDING,REBALANCING,,BTCUSDT-1699804860001000000,,,,,run_ad71d751b20623006c195ff3
BTCUSDT,conditional,True,1702829160000000000,2023-12-17T16:06:00.000000000Z,transition,rebalance_complete,REBALANCING,HOLDING,,BTCUSDT-1699804860001000000,,,,,run_ad71d751b20623006c195ff3
ETHUSDT,conditional,True,1703174580000000000,2023-12-21T16:03:00.000000000Z,renewal,,,,,,2023-12-28T16:03:00.000000000Z,,1703779380000000000,,run_ad71d751b20623006c195ff3
BTCUSDT,conditional,True,1703433840000000000,2023-12-24T16:04:00.000000000Z,renewal,,,,,,2023-12-31T16:04:00.000000000Z,,1704038640000000000,,run_ad71d751b20623006c195ff3
ETHUSDT,conditional,True,1703779380000000000,2023-12-28T16:03:00.000000000Z,renewal,,,,,,2024-01-04T16:03:00.000000000Z,,1704384180000000000,,run_ad71d751b20623006c195ff3
BTCUSDT,conditional,True,1704038640000000000,2023-12-31T16:04:00.000000000Z,renewal,,,,,,2024-01-07T16:04:00.000000000Z,,1704643440000000000,,run_ad71d751b20623006c195ff3
ETHUSDT,conditional,True,1704384180000000000,2024-01-04T16:03:00.000000000Z,renewal,,,,,,2024-01-11T16:03:00.000000000Z,,1704988980000000000,,run_ad71d751b20623006c195ff3
BTCUSDT,conditional,True,1704643440000000000,2024-01-07T16:04:00.000000000Z,renewal,,,,,,2024-01-14T16:04:00.000000000Z,,1705248240000000000,,run_ad71d751b20623006c195ff3
ETHUSDT,conditional,True,1704973560000000000,2024-01-11T11:46:00.000000000Z,close_requested,margin,,,,,,False,,,run_ad71d751b20623006c195ff3
ETHUSDT,conditional,True,1704973560000000000,2024-01-11T11:46:00.000000000Z,transition,margin,HOLDING,CLOSING_PERP,,ETHUSDT-1699545660000000000,,,,,run_ad71d751b20623006c195ff3
ETHUSDT,conditional,True,1704973620000000000,2024-01-11T11:47:00.000000000Z,transition,perpetual_closed_waiting_spot,CLOSING_PERP,CLOSING_SPOT,,ETHUSDT-1699545660000000000,,,,,run_ad71d751b20623006c195ff3
ETHUSDT,conditional,True,1704973680000000000,2024-01-11T11:48:00.000000000Z,transition,unwind_complete,CLOSING_SPOT,COOLDOWN,,ETHUSDT-1699545660000000000,,,,,run_ad71d751b20623006c195ff3
BTCUSDT,conditional,True,1704984300000000000,2024-01-11T14:45:00.000000000Z,close_requested,margin,,,,,,False,,,run_ad71d751b20623006c195ff3
BTCUSDT,conditional,True,1704984300000000000,2024-01-11T14:45:00.000000000Z,transition,margin,HOLDING,CLOSING_PERP,,BTCUSDT-1699804860001000000,,,,,run_ad71d751b20623006c195ff3
BTCUSDT,conditional,True,1704984360000000000,2024-01-11T14:46:00.000000000Z,transition,perpetual_closed_waiting_spot,CLOSING_PERP,CLOSING_SPOT,,BTCUSDT-1699804860001000000,,,,,run_ad71d751b20623006c195ff3
BTCUSDT,conditional,True,1704984420000000000,2024-01-11T14:47:00.000000000Z,transition,unwind_complete,CLOSING_SPOT,COOLDOWN,,BTCUSDT-1699804860001000000,,,,,run_ad71d751b20623006c195ff3
BTCUSDT,conditional,True,1705075260000000000,2024-01-12T16:01:00.000000000Z,transition,cooldown_elapsed,COOLDOWN,FLAT,,BTCUSDT-1699804860001000000,,,,,run_ad71d751b20623006c195ff3
ETHUSDT,conditional,True,1705075260000000000,2024-01-12T16:01:00.000000000Z,transition,cooldown_elapsed,COOLDOWN,FLAT,,ETHUSDT-1699545660000000000,,,,,run_ad71d751b20623006c195ff3
BTCUSDT,conditional,True,1708329660000000000,2024-02-19T08:01:00.000000000Z,transition,entry,FLAT,OPENING_SPOT,conditional-00000155,BTCUSDT-1708329660000000000,,,,,run_ad71d751b20623006c195ff3
BTCUSDT,conditional,True,1708329720000000000,2024-02-19T08:02:00.000000000Z,transition,spot_filled_waiting_hedge,OPENING_SPOT,OPENING_PERP,,BTCUSDT-1708329660000000000,,,,,run_ad71d751b20623006c195ff3
BTCUSDT,conditional,True,1708329780000000000,2024-02-19T08:03:00.000000000Z,transition,opening_complete,OPENING_PERP,HOLDING,,BTCUSDT-1708329660000000000,,,,,run_ad71d751b20623006c195ff3
ETHUSDT,conditional,True,1708473660000000000,2024-02-21T00:01:00.000000000Z,transition,entry,FLAT,OPENING_SPOT,conditional-00000157,ETHUSDT-1708473660000000000,,,,,run_ad71d751b20623006c195ff3
ETHUSDT,conditional,True,1708473720000000000,2024-02-21T00:02:00.000000000Z,transition,spot_filled_waiting_hedge,OPENING_SPOT,OPENING_PERP,,ETHUSDT-1708473660000000000,,,,,run_ad71d751b20623006c195ff3
ETHUSDT,conditional,True,1708473780000000000,2024-02-21T00:03:00.000000000Z,transition,opening_complete,OPENING_PERP,HOLDING,,ETHUSDT-1708473660000000000,,,,,run_ad71d751b20623006c195ff3
BTCUSDT,conditional,True,1708934580000000000,2024-02-26T08:03:00.000000000Z,renewal,,,,,,2024-03-04T08:03:00.000000000Z,,1709539380000000000,,run_ad71d751b20623006c195ff3
ETHUSDT,conditional,True,1709078580000000000,2024-02-28T00:03:00.000000000Z,renewal,,,,,,2024-03-06T00:03:00.000000000Z,,1709683380000000000,,run_ad71d751b20623006c195ff3
ETHUSDT,conditional,True,1709078580000000000,2024-02-28T00:03:00.000000000Z,transition,renewal_rebalance,HOLDING,REBALANCING,,ETHUSDT-1708473660000000000,,,,,run_ad71d751b20623006c195ff3
ETHUSDT,conditional,True,1709078700000000000,2024-02-28T00:05:00.000000000Z,transition,rebalance_complete,REBALANCING,HOLDING,,ETHUSDT-1708473660000000000,,,,,run_ad71d751b20623006c195ff3
BTCUSDT,conditional,True,1709539380000000000,2024-03-04T08:03:00.000000000Z,renewal,,,,,,2024-03-11T08:03:00.000000000Z,,1710144180000000000,,run_ad71d751b20623006c195ff3
BTCUSDT,conditional,True,1709539380000000000,2024-03-04T08:03:00.000000000Z,transition,renewal_rebalance,HOLDING,REBALANCING,,BTCUSDT-1708329660000000000,,,,,run_ad71d751b20623006c195ff3
BTCUSDT,conditional,True,1709539500000000000,2024-03-04T08:05:00.000000000Z,transition,rebalance_complete,REBALANCING,HOLDING,,BTCUSDT-1708329660000000000,,,,,run_ad71d751b20623006c195ff3
BTCUSDT,conditional,True,1709593380000000000,2024-03-04T23:03:00.000000000Z,close_requested,margin,,,,,,False,,,run_ad71d751b20623006c195ff3
BTCUSDT,conditional,True,1709593380000000000,2024-03-04T23:03:00.000000000Z,transition,margin,HOLDING,CLOSING_PERP,,BTCUSDT-1708329660000000000,,,,,run_ad71d751b20623006c195ff3
BTCUSDT,conditional,True,1709593440000000000,2024-03-04T23:04:00.000000000Z,transition,perpetual_closed_waiting_spot,CLOSING_PERP,CLOSING_SPOT,,BTCUSDT-1708329660000000000,,,,,run_ad71d751b20623006c195ff3
BTCUSDT,conditional,True,1709593500000000000,2024-03-04T23:05:00.000000000Z,transition,unwind_complete,CLOSING_SPOT,COOLDOWN,,BTCUSDT-1708329660000000000,,,,,run_ad71d751b20623006c195ff3
BTCUSDT,conditional,True,1709683260000000000,2024-03-06T00:01:00.000000000Z,transition,cooldown_elapsed,COOLDOWN,FLAT,,BTCUSDT-1708329660000000000,,,,,run_ad71d751b20623006c195ff3
BTCUSDT,conditional,True,1709683260000000000,2024-03-06T00:01:00.000000000Z,transition,entry,FLAT,OPENING_SPOT,conditional-00000165,BTCUSDT-1709683260000000000,,,,,run_ad71d751b20623006c195ff3
BTCUSDT,conditional,True,1709683320000000000,2024-03-06T00:02:00.000000000Z,transition,spot_filled_waiting_hedge,OPENING_SPOT,OPENING_PERP,,BTCUSDT-1709683260000000000,,,,,run_ad71d751b20623006c195ff3
BTCUSDT,conditional,True,1709683380000000000,2024-03-06T00:03:00.000000000Z,transition,opening_complete,OPENING_PERP,HOLDING,,BTCUSDT-1709683260000000000,,,,,run_ad71d751b20623006c195ff3
ETHUSDT,conditional,True,1709683380000000000,2024-03-06T00:03:00.000000000Z,renewal,,,,,,2024-03-13T00:03:00.000000000Z,,1710288180000000000,,run_ad71d751b20623006c195ff3
ETHUSDT,conditional,True,1709683380000000000,2024-03-06T00:03:00.000000000Z,transition,renewal_rebalance,HOLDING,REBALANCING,,ETHUSDT-1708473660000000000,,,,,run_ad71d751b20623006c195ff3
ETHUSDT,conditional,True,1709683500000000000,2024-03-06T00:05:00.000000000Z,transition,rebalance_complete,REBALANCING,HOLDING,,ETHUSDT-1708473660000000000,,,,,run_ad71d751b20623006c195ff3
ETHUSDT,conditional,True,1709843340000000000,2024-03-07T20:29:00.000000000Z,close_requested,margin,,,,,,False,,,run_ad71d751b20623006c195ff3
ETHUSDT,conditional,True,1709843340000000000,2024-03-07T20:29:00.000000000Z,transition,margin,HOLDING,CLOSING_PERP,,ETHUSDT-1708473660000000000,,,,,run_ad71d751b20623006c195ff3
ETHUSDT,conditional,True,1709843400000000000,2024-03-07T20:30:00.000000000Z,transition,perpetual_closed_waiting_spot,CLOSING_PERP,CLOSING_SPOT,,ETHUSDT-1708473660000000000,,,,,run_ad71d751b20623006c195ff3
ETHUSDT,conditional,True,1709843460000000000,2024-03-07T20:31:00.000000000Z,transition,unwind_complete,CLOSING_SPOT,COOLDOWN,,ETHUSDT-1708473660000000000,,,,,run_ad71d751b20623006c195ff3
ETHUSDT,conditional,True,1709942460000000000,2024-03-09T00:01:00.000000000Z,transition,cooldown_elapsed,COOLDOWN,FLAT,,ETHUSDT-1708473660000000000,,,,,run_ad71d751b20623006c195ff3
ETHUSDT,conditional,True,1709942460000000000,2024-03-09T00:01:00.000000000Z,transition,entry,FLAT,OPENING_SPOT,conditional-00000171,ETHUSDT-1709942460000000000,,,,,run_ad71d751b20623006c195ff3
ETHUSDT,conditional,True,1709942520000000000,2024-03-09T00:02:00.000000000Z,transition,spot_filled_waiting_hedge,OPENING_SPOT,OPENING_PERP,,ETHUSDT-1709942460000000000,,,,,run_ad71d751b20623006c195ff3
ETHUSDT,conditional,True,1709942580000000000,2024-03-09T00:03:00.000000000Z,transition,opening_complete,OPENING_PERP,HOLDING,,ETHUSDT-1709942460000000000,,,,,run_ad71d751b20623006c195ff3
BTCUSDT,conditional,True,1710288180000000000,2024-03-13T00:03:00.000000000Z,renewal,,,,,,2024-03-20T00:03:00.000000000Z,,1710892980000000000,,run_ad71d751b20623006c195ff3
BTCUSDT,conditional,True,1710288180000000000,2024-03-13T00:03:00.000000000Z,transition,renewal_rebalance,HOLDING,REBALANCING,,BTCUSDT-1709683260000000000,,,,,run_ad71d751b20623006c195ff3
BTCUSDT,conditional,True,1710288300000000000,2024-03-13T00:05:00.000000000Z,transition,rebalance_complete,REBALANCING,HOLDING,,BTCUSDT-1709683260000000000,,,,,run_ad71d751b20623006c195ff3
ETHUSDT,conditional,True,1710547380000000000,2024-03-16T00:03:00.000000000Z,renewal,,,,,,2024-03-23T00:03:00.000000000Z,,1711152180000000000,,run_ad71d751b20623006c195ff3
BTCUSDT,conditional,True,1710892980000000000,2024-03-20T00:03:00.000000000Z,renewal,,,,,,2024-03-27T00:03:00.000000000Z,,1711497780000000000,,run_ad71d751b20623006c195ff3
BTCUSDT,conditional,True,1710892980000000000,2024-03-20T00:03:00.000000000Z,transition,renewal_rebalance,HOLDING,REBALANCING,,BTCUSDT-1709683260000000000,,,,,run_ad71d751b20623006c195ff3
BTCUSDT,conditional,True,1710893100000000000,2024-03-20T00:05:00.000000000Z,transition,rebalance_complete,REBALANCING,HOLDING,,BTCUSDT-1709683260000000000,,,,,run_ad71d751b20623006c195ff3
ETHUSDT,conditional,True,1711152180000000000,2024-03-23T00:03:00.000000000Z,renewal,,,,,,2024-03-30T00:03:00.000000000Z,,1711756980000000000,,run_ad71d751b20623006c195ff3
ETHUSDT,conditional,True,1711152180000000000,2024-03-23T00:03:00.000000000Z,transition,renewal_rebalance,HOLDING,REBALANCING,,ETHUSDT-1709942460000000000,,,,,run_ad71d751b20623006c195ff3
ETHUSDT,conditional,True,1711152300000000000,2024-03-23T00:05:00.000000000Z,transition,rebalance_complete,REBALANCING,HOLDING,,ETHUSDT-1709942460000000000,,,,,run_ad71d751b20623006c195ff3
BTCUSDT,conditional,True,1711497780000000000,2024-03-27T00:03:00.000000000Z,renewal,,,,,,2024-04-03T00:03:00.000000000Z,,1712102580000000000,,run_ad71d751b20623006c195ff3
BTCUSDT,conditional,True,1711497780000000000,2024-03-27T00:03:00.000000000Z,transition,renewal_rebalance,HOLDING,REBALANCING,,BTCUSDT-1709683260000000000,,,,,run_ad71d751b20623006c195ff3
BTCUSDT,conditional,True,1711497900000000000,2024-03-27T00:05:00.000000000Z,transition,rebalance_complete,REBALANCING,HOLDING,,BTCUSDT-1709683260000000000,,,,,run_ad71d751b20623006c195ff3
ETHUSDT,conditional,True,1711756980000000000,2024-03-30T00:03:00.000000000Z,renewal,,,,,,2024-04-06T00:03:00.000000000Z,,1712361780000000000,,run_ad71d751b20623006c195ff3
ETHUSDT,conditional,True,1711756980000000000,2024-03-30T00:03:00.000000000Z,transition,renewal_rebalance,HOLDING,REBALANCING,,ETHUSDT-1709942460000000000,,,,,run_ad71d751b20623006c195ff3
ETHUSDT,conditional,True,1711757100000000000,2024-03-30T00:05:00.000000000Z,transition,rebalance_complete,REBALANCING,HOLDING,,ETHUSDT-1709942460000000000,,,,,run_ad71d751b20623006c195ff3
BTCUSDT,conditional,True,1712102580000000000,2024-04-03T00:03:00.000000000Z,renewal,,,,,,2024-04-10T00:03:00.000000000Z,,1712707380000000000,,run_ad71d751b20623006c195ff3
BTCUSDT,conditional,True,1712102580000000000,2024-04-03T00:03:00.000000000Z,transition,renewal_rebalance,HOLDING,REBALANCING,,BTCUSDT-1709683260000000000,,,,,run_ad71d751b20623006c195ff3
BTCUSDT,conditional,True,1712102700000000000,2024-04-03T00:05:00.000000000Z,transition,rebalance_complete,REBALANCING,HOLDING,,BTCUSDT-1709683260000000000,,,,,run_ad71d751b20623006c195ff3
ETHUSDT,conditional,True,1712361780000000000,2024-04-06T00:03:00.000000000Z,renewal,,,,,,2024-04-13T00:03:00.000000000Z,,1712966580000000000,,run_ad71d751b20623006c195ff3
ETHUSDT,conditional,True,1712361780000000000,2024-04-06T00:03:00.000000000Z,transition,renewal_rebalance,HOLDING,REBALANCING,,ETHUSDT-1709942460000000000,,,,,run_ad71d751b20623006c195ff3
ETHUSDT,conditional,True,1712361900000000000,2024-04-06T00:05:00.000000000Z,transition,rebalance_complete,REBALANCING,HOLDING,,ETHUSDT-1709942460000000000,,,,,run_ad71d751b20623006c195ff3
BTCUSDT,conditional,True,1712707380000000000,2024-04-10T00:03:00.000000000Z,renewal,,,,,,2024-04-17T00:03:00.000000000Z,,1713312180000000000,,run_ad71d751b20623006c195ff3
ETHUSDT,conditional,True,1712966580000000000,2024-04-13T00:03:00.000000000Z,renewal,,,,,,2024-04-20T00:03:00.000000000Z,,1713571380000000000,,run_ad71d751b20623006c195ff3
BTCUSDT,conditional,True,1713312180000000000,2024-04-17T00:03:00.000000000Z,renewal,,,,,,2024-04-24T00:03:00.000000000Z,,1713916980000000000,,run_ad71d751b20623006c195ff3
ETHUSDT,conditional,True,1713571380000000000,2024-04-20T00:03:00.000000000Z,renewal,,,,,,2024-04-27T00:03:00.000000000Z,,1714176180000000000,,run_ad71d751b20623006c195ff3
ETHUSDT,conditional,True,1713571380000000000,2024-04-20T00:03:00.000000000Z,transition,renewal_rebalance,HOLDING,REBALANCING,,ETHUSDT-1709942460000000000,,,,,run_ad71d751b20623006c195ff3
ETHUSDT,conditional,True,1713571500000000000,2024-04-20T00:05:00.000000000Z,transition,rebalance_complete,REBALANCING,HOLDING,,ETHUSDT-1709942460000000000,,,,,run_ad71d751b20623006c195ff3
BTCUSDT,conditional,True,1713916980000000000,2024-04-24T00:03:00.000000000Z,renewal,,,,,,2024-05-01T00:03:00.000000000Z,,1714521780000000000,,run_ad71d751b20623006c195ff3
ETHUSDT,conditional,True,1714176180000000000,2024-04-27T00:03:00.000000000Z,renewal,,,,,,2024-05-04T00:03:00.000000000Z,,1714780980000000000,,run_ad71d751b20623006c195ff3
BTCUSDT,conditional,True,1714521780000000000,2024-05-01T00:03:00.000000000Z,renewal,,,,,,2024-05-08T00:03:00.000000000Z,,1715126580000000000,,run_ad71d751b20623006c195ff3
BTCUSDT,conditional,True,1714521780000000000,2024-05-01T00:03:00.000000000Z,transition,renewal_rebalance,HOLDING,REBALANCING,,BTCUSDT-1709683260000000000,,,,,run_ad71d751b20623006c195ff3
BTCUSDT,conditional,True,1714521900000000000,2024-05-01T00:05:00.000000000Z,transition,rebalance_complete,REBALANCING,HOLDING,,BTCUSDT-1709683260000000000,,,,,run_ad71d751b20623006c195ff3
ETHUSDT,conditional,True,1714780980000000000,2024-05-04T00:03:00.000000000Z,renewal,,,,,,2024-05-11T00:03:00.000000000Z,,1715385780000000000,,run_ad71d751b20623006c195ff3
BTCUSDT,conditional,True,1715126580000000000,2024-05-08T00:03:00.000000000Z,renewal,,,,,,2024-05-15T00:03:00.000000000Z,,1715731380000000000,,run_ad71d751b20623006c195ff3
ETHUSDT,conditional,True,1715385780000000000,2024-05-11T00:03:00.000000000Z,renewal,,,,,,2024-05-18T00:03:00.000000000Z,,1715990580000000000,,run_ad71d751b20623006c195ff3
BTCUSDT,conditional,True,1715731380000000000,2024-05-15T00:03:00.000000000Z,renewal,,,,,,2024-05-22T00:03:00.000000000Z,,1716336180000000000,,run_ad71d751b20623006c195ff3
ETHUSDT,conditional,True,1715990580000000000,2024-05-18T00:03:00.000000000Z,renewal,,,,,,2024-05-25T00:03:00.000000000Z,,1716595380000000000,,run_ad71d751b20623006c195ff3
BTCUSDT,conditional,True,1716336180000000000,2024-05-22T00:03:00.000000000Z,renewal,,,,,,2024-05-29T00:03:00.000000000Z,,1716940980000000000,,run_ad71d751b20623006c195ff3
BTCUSDT,conditional,True,1716336180000000000,2024-05-22T00:03:00.000000000Z,transition,renewal_rebalance,HOLDING,REBALANCING,,BTCUSDT-1709683260000000000,,,,,run_ad71d751b20623006c195ff3
BTCUSDT,conditional,True,1716336300000000000,2024-05-22T00:05:00.000000000Z,transition,rebalance_complete,REBALANCING,HOLDING,,BTCUSDT-1709683260000000000,,,,,run_ad71d751b20623006c195ff3
ETHUSDT,conditional,True,1716595380000000000,2024-05-25T00:03:00.000000000Z,renewal,,,,,,2024-06-01T00:03:00.000000000Z,,1717200180000000000,,run_ad71d751b20623006c195ff3
ETHUSDT,conditional,True,1716595380000000000,2024-05-25T00:03:00.000000000Z,transition,renewal_rebalance,HOLDING,REBALANCING,,ETHUSDT-1709942460000000000,,,,,run_ad71d751b20623006c195ff3
ETHUSDT,conditional,True,1716595500000000000,2024-05-25T00:05:00.000000000Z,transition,rebalance_complete,REBALANCING,HOLDING,,ETHUSDT-1709942460000000000,,,,,run_ad71d751b20623006c195ff3
BTCUSDT,conditional,True,1716940980000000000,2024-05-29T00:03:00.000000000Z,renewal,,,,,,2024-06-05T00:03:00.000000000Z,,1717545780000000000,,run_ad71d751b20623006c195ff3
ETHUSDT,conditional,True,1717200180000000000,2024-06-01T00:03:00.000000000Z,renewal,,,,,,2024-06-08T00:03:00.000000000Z,,1717804980000000000,,run_ad71d751b20623006c195ff3
BTCUSDT,conditional,True,1717545780000000000,2024-06-05T00:03:00.000000000Z,renewal,,,,,,2024-06-12T00:03:00.000000000Z,,1718150580000000000,,run_ad71d751b20623006c195ff3
ETHUSDT,conditional,True,1717804980000000000,2024-06-08T00:03:00.000000000Z,renewal,,,,,,2024-06-15T00:03:00.000000000Z,,1718409780000000000,,run_ad71d751b20623006c195ff3
BTCUSDT,conditional,True,1718150580000000000,2024-06-12T00:03:00.000000000Z,renewal,,,,,,2024-06-19T00:03:00.000000000Z,,1718755380000000000,,run_ad71d751b20623006c195ff3
ETHUSDT,conditional,True,1718409780000000000,2024-06-15T00:03:00.000000000Z,renewal,,,,,,2024-06-22T00:03:00.000000000Z,,1719014580000000000,,run_ad71d751b20623006c195ff3
ETHUSDT,conditional,True,1718409780000000000,2024-06-15T00:03:00.000000000Z,transition,renewal_rebalance,HOLDING,REBALANCING,,ETHUSDT-1709942460000000000,,,,,run_ad71d751b20623006c195ff3
ETHUSDT,conditional,True,1718409900000000000,2024-06-15T00:05:00.000000000Z,transition,rebalance_complete,REBALANCING,HOLDING,,ETHUSDT-1709942460000000000,,,,,run_ad71d751b20623006c195ff3
BTCUSDT,conditional,True,1718755380000000000,2024-06-19T00:03:00.000000000Z,renewal,,,,,,2024-06-26T00:03:00.000000000Z,,1719360180000000000,,run_ad71d751b20623006c195ff3
BTCUSDT,conditional,True,1718755380000000000,2024-06-19T00:03:00.000000000Z,transition,renewal_rebalance,HOLDING,REBALANCING,,BTCUSDT-1709683260000000000,,,,,run_ad71d751b20623006c195ff3
BTCUSDT,conditional,True,1718755500000000000,2024-06-19T00:05:00.000000000Z,transition,rebalance_complete,REBALANCING,HOLDING,,BTCUSDT-1709683260000000000,,,,,run_ad71d751b20623006c195ff3
ETHUSDT,conditional,True,1719014580000000000,2024-06-22T00:03:00.000000000Z,renewal,,,,,,2024-06-29T00:03:00.000000000Z,,1719619380000000000,,run_ad71d751b20623006c195ff3
BTCUSDT,conditional,True,1719360180000000000,2024-06-26T00:03:00.000000000Z,renewal,,,,,,2024-07-03T00:03:00.000000000Z,,1719964980000000000,,run_ad71d751b20623006c195ff3
BTCUSDT,conditional,True,1719360180000000000,2024-06-26T00:03:00.000000000Z,transition,renewal_rebalance,HOLDING,REBALANCING,,BTCUSDT-1709683260000000000,,,,,run_ad71d751b20623006c195ff3
BTCUSDT,conditional,True,1719360300000000000,2024-06-26T00:05:00.000000000Z,transition,rebalance_complete,REBALANCING,HOLDING,,BTCUSDT-1709683260000000000,,,,,run_ad71d751b20623006c195ff3
ETHUSDT,conditional,True,1719619380000000000,2024-06-29T00:03:00.000000000Z,renewal,,,,,,2024-07-06T00:03:00.000000000Z,,1720224180000000000,,run_ad71d751b20623006c195ff3
BTCUSDT,conditional,True,1719964980000000000,2024-07-03T00:03:00.000000000Z,renewal,,,,,,2024-07-10T00:03:00.000000000Z,,1720569780000000000,,run_ad71d751b20623006c195ff3
ETHUSDT,conditional,True,1720224180000000000,2024-07-06T00:03:00.000000000Z,renewal,,,,,,2024-07-13T00:03:00.000000000Z,,1720828980000000000,,run_ad71d751b20623006c195ff3
ETHUSDT,conditional,True,1720224180000000000,2024-07-06T00:03:00.000000000Z,transition,renewal_rebalance,HOLDING,REBALANCING,,ETHUSDT-1709942460000000000,,,,,run_ad71d751b20623006c195ff3
ETHUSDT,conditional,True,1720224300000000000,2024-07-06T00:05:00.000000000Z,transition,rebalance_complete,REBALANCING,HOLDING,,ETHUSDT-1709942460000000000,,,,,run_ad71d751b20623006c195ff3
BTCUSDT,conditional,True,1720569780000000000,2024-07-10T00:03:00.000000000Z,renewal,,,,,,2024-07-17T00:03:00.000000000Z,,1721174580000000000,,run_ad71d751b20623006c195ff3
BTCUSDT,conditional,True,1720569780000000000,2024-07-10T00:03:00.000000000Z,rebalance_skipped,joint_sizing:insufficient_cash,,,,,,,,,run_ad71d751b20623006c195ff3
ETHUSDT,conditional,True,1720828980000000000,2024-07-13T00:03:00.000000000Z,renewal,,,,,,2024-07-20T00:03:00.000000000Z,,1721433780000000000,,run_ad71d751b20623006c195ff3
BTCUSDT,conditional,True,1721174580000000000,2024-07-17T00:03:00.000000000Z,renewal,,,,,,2024-07-24T00:03:00.000000000Z,,1721779380000000000,,run_ad71d751b20623006c195ff3
ETHUSDT,conditional,True,1721433780000000000,2024-07-20T00:03:00.000000000Z,renewal,,,,,,2024-07-27T00:03:00.000000000Z,,1722038580000000000,,run_ad71d751b20623006c195ff3
ETHUSDT,conditional,True,1721433780000000000,2024-07-20T00:03:00.000000000Z,transition,renewal_rebalance,HOLDING,REBALANCING,,ETHUSDT-1709942460000000000,,,,,run_ad71d751b20623006c195ff3
ETHUSDT,conditional,True,1721433900000000000,2024-07-20T00:05:00.000000000Z,transition,rebalance_complete,REBALANCING,HOLDING,,ETHUSDT-1709942460000000000,,,,,run_ad71d751b20623006c195ff3
BTCUSDT,conditional,True,1721779380000000000,2024-07-24T00:03:00.000000000Z,renewal,,,,,,2024-07-31T00:03:00.000000000Z,,1722384180000000000,,run_ad71d751b20623006c195ff3
BTCUSDT,conditional,True,1721779380000000000,2024-07-24T00:03:00.000000000Z,transition,renewal_rebalance,HOLDING,REBALANCING,,BTCUSDT-1709683260000000000,,,,,run_ad71d751b20623006c195ff3
BTCUSDT,conditional,True,1721779500000000000,2024-07-24T00:05:00.000000000Z,transition,rebalance_complete,REBALANCING,HOLDING,,BTCUSDT-1709683260000000000,,,,,run_ad71d751b20623006c195ff3
ETHUSDT,conditional,True,1722038580000000000,2024-07-27T00:03:00.000000000Z,renewal,,,,,,2024-08-03T00:03:00.000000000Z,,1722643380000000000,,run_ad71d751b20623006c195ff3
ETHUSDT,conditional,True,1722038580000000000,2024-07-27T00:03:00.000000000Z,transition,renewal_rebalance,HOLDING,REBALANCING,,ETHUSDT-1709942460000000000,,,,,run_ad71d751b20623006c195ff3
ETHUSDT,conditional,True,1722038700000000000,2024-07-27T00:05:00.000000000Z,transition,rebalance_complete,REBALANCING,HOLDING,,ETHUSDT-1709942460000000000,,,,,run_ad71d751b20623006c195ff3
BTCUSDT,conditional,True,1722384180000000000,2024-07-31T00:03:00.000000000Z,renewal,,,,,,2024-08-07T00:03:00.000000000Z,,1722988980000000000,,run_ad71d751b20623006c195ff3
ETHUSDT,conditional,True,1722643380000000000,2024-08-03T00:03:00.000000000Z,renewal,,,,,,2024-08-10T00:03:00.000000000Z,,1723248180000000000,,run_ad71d751b20623006c195ff3
ETHUSDT,conditional,True,1722643380000000000,2024-08-03T00:03:00.000000000Z,transition,renewal_rebalance,HOLDING,REBALANCING,,ETHUSDT-1709942460000000000,,,,,run_ad71d751b20623006c195ff3
ETHUSDT,conditional,True,1722643500000000000,2024-08-03T00:05:00.000000000Z,transition,rebalance_complete,REBALANCING,HOLDING,,ETHUSDT-1709942460000000000,,,,,run_ad71d751b20623006c195ff3
BTCUSDT,conditional,True,1722988980000000000,2024-08-07T00:03:00.000000000Z,renewal,,,,,,2024-08-14T00:03:00.000000000Z,,1723593780000000000,,run_ad71d751b20623006c195ff3
BTCUSDT,conditional,True,1722988980000000000,2024-08-07T00:03:00.000000000Z,transition,renewal_rebalance,HOLDING,REBALANCING,,BTCUSDT-1709683260000000000,,,,,run_ad71d751b20623006c195ff3
BTCUSDT,conditional,True,1722989100000000000,2024-08-07T00:05:00.000000000Z,transition,rebalance_complete,REBALANCING,HOLDING,,BTCUSDT-1709683260000000000,,,,,run_ad71d751b20623006c195ff3
ETHUSDT,conditional,True,1723248180000000000,2024-08-10T00:03:00.000000000Z,close_requested,holding_expiry,,,,,,False,,,run_ad71d751b20623006c195ff3
ETHUSDT,conditional,True,1723248180000000000,2024-08-10T00:03:00.000000000Z,transition,holding_expiry,HOLDING,CLOSING_PERP,,ETHUSDT-1709942460000000000,,,,,run_ad71d751b20623006c195ff3
ETHUSDT,conditional,True,1723248240000000000,2024-08-10T00:04:00.000000000Z,transition,perpetual_closed_waiting_spot,CLOSING_PERP,CLOSING_SPOT,,ETHUSDT-1709942460000000000,,,,,run_ad71d751b20623006c195ff3
ETHUSDT,conditional,True,1723248300000000000,2024-08-10T00:05:00.000000000Z,attempt_failed,timeout,,,conditional-00000214,,,,,close_spot,run_ad71d751b20623006c195ff3
ETHUSDT,conditional,True,1723248360000000000,2024-08-10T00:06:00.000000000Z,transition,ordinary_close_complete,CLOSING_SPOT,FLAT,,ETHUSDT-1709942460000000000,,,,,run_ad71d751b20623006c195ff3
BTCUSDT,conditional,True,1723593780000000000,2024-08-14T00:03:00.000000000Z,renewal,,,,,,2024-08-21T00:03:00.000000000Z,,1724198580000000000,,run_ad71d751b20623006c195ff3
BTCUSDT,conditional,True,1724198580000000000,2024-08-21T00:03:00.000000000Z,close_requested,holding_expiry,,,,,,False,,,run_ad71d751b20623006c195ff3
BTCUSDT,conditional,True,1724198580000000000,2024-08-21T00:03:00.000000000Z,transition,holding_expiry,HOLDING,CLOSING_PERP,,BTCUSDT-1709683260000000000,,,,,run_ad71d751b20623006c195ff3
BTCUSDT,conditional,True,1724198640000000000,2024-08-21T00:04:00.000000000Z,transition,perpetual_closed_waiting_spot,CLOSING_PERP,CLOSING_SPOT,,BTCUSDT-1709683260000000000,,,,,run_ad71d751b20623006c195ff3
BTCUSDT,conditional,True,1724198700000000000,2024-08-21T00:05:00.000000000Z,transition,ordinary_close_complete,CLOSING_SPOT,FLAT,,BTCUSDT-1709683260000000000,,,,,run_ad71d751b20623006c195ff3
BTCUSDT,conditional,True,1730147460000000000,2024-10-28T20:31:00.000000000Z,close_requested,real_market_inactivity,,,,,,False,,,run_ad71d751b20623006c195ff3
BTCUSDT,conditional,True,1730147460000000000,2024-10-28T20:31:00.000000000Z,transition,unwind_complete,FLAT,COOLDOWN,,BTCUSDT-1709683260000000000,,,,,run_ad71d751b20623006c195ff3
ETHUSDT,conditional,True,1730147460000000000,2024-10-28T20:31:00.000000000Z,close_requested,real_market_inactivity,,,,,,False,,,run_ad71d751b20623006c195ff3
ETHUSDT,conditional,True,1730147460000000000,2024-10-28T20:31:00.000000000Z,transition,unwind_complete,FLAT,COOLDOWN,,ETHUSDT-1709942460000000000,,,,,run_ad71d751b20623006c195ff3
BTCUSDT,conditional,True,1730147520000000000,2024-10-28T20:32:00.000000000Z,close_requested,real_market_inactivity,,,,,,False,,,run_ad71d751b20623006c195ff3
BTCUSDT,conditional,True,1730147520000000000,2024-10-28T20:32:00.000000000Z,transition,unwind_complete,COOLDOWN,COOLDOWN,,BTCUSDT-1709683260000000000,,,,,run_ad71d751b20623006c195ff3
ETHUSDT,conditional,True,1730147520000000000,2024-10-28T20:32:00.000000000Z,close_requested,real_market_inactivity,,,,,,False,,,run_ad71d751b20623006c195ff3
ETHUSDT,conditional,True,1730147520000000000,2024-10-28T20:32:00.000000000Z,transition,unwind_complete,COOLDOWN,COOLDOWN,,ETHUSDT-1709942460000000000,,,,,run_ad71d751b20623006c195ff3
BTCUSDT,conditional,True,1730147580000000000,2024-10-28T20:33:00.000000000Z,close_requested,real_market_inactivity,,,,,,False,,,run_ad71d751b20623006c195ff3
BTCUSDT,conditional,True,1730147580000000000,2024-10-28T20:33:00.000000000Z,transition,unwind_complete,COOLDOWN,COOLDOWN,,BTCUSDT-1709683260000000000,,,,,run_ad71d751b20623006c195ff3
ETHUSDT,conditional,True,1730147580000000000,2024-10-28T20:33:00.000000000Z,close_requested,real_market_inactivity,,,,,,False,,,run_ad71d751b20623006c195ff3
ETHUSDT,conditional,True,1730147580000000000,2024-10-28T20:33:00.000000000Z,transition,unwind_complete,COOLDOWN,COOLDOWN,,ETHUSDT-1709942460000000000,,,,,run_ad71d751b20623006c195ff3
BTCUSDT,conditional,True,1730147640000000000,2024-10-28T20:34:00.000000000Z,close_requested,real_market_inactivity,,,,,,False,,,run_ad71d751b20623006c195ff3
BTCUSDT,conditional,True,1730147640000000000,2024-10-28T20:34:00.000000000Z,transition,unwind_complete,COOLDOWN,COOLDOWN,,BTCUSDT-1709683260000000000,,,,,run_ad71d751b20623006c195ff3
ETHUSDT,conditional,True,1730147640000000000,2024-10-28T20:34:00.000000000Z,close_requested,real_market_inactivity,,,,,,False,,,run_ad71d751b20623006c195ff3
ETHUSDT,conditional,True,1730147640000000000,2024-10-28T20:34:00.000000000Z,transition,unwind_complete,COOLDOWN,COOLDOWN,,ETHUSDT-1709942460000000000,,,,,run_ad71d751b20623006c195ff3
BTCUSDT,conditional,True,1730147700000000000,2024-10-28T20:35:00.000000000Z,close_requested,real_market_inactivity,,,,,,False,,,run_ad71d751b20623006c195ff3
BTCUSDT,conditional,True,1730147700000000000,2024-10-28T20:35:00.000000000Z,transition,unwind_complete,COOLDOWN,COOLDOWN,,BTCUSDT-1709683260000000000,,,,,run_ad71d751b20623006c195ff3
ETHUSDT,conditional,True,1730147700000000000,2024-10-28T20:35:00.000000000Z,close_requested,real_market_inactivity,,,,,,False,,,run_ad71d751b20623006c195ff3
ETHUSDT,conditional,True,1730147700000000000,2024-10-28T20:35:00.000000000Z,transition,unwind_complete,COOLDOWN,COOLDOWN,,ETHUSDT-1709942460000000000,,,,,run_ad71d751b20623006c195ff3
BTCUSDT,conditional,True,1730147760000000000,2024-10-28T20:36:00.000000000Z,close_requested,real_market_inactivity,,,,,,False,,,run_ad71d751b20623006c195ff3
BTCUSDT,conditional,True,1730147760000000000,2024-10-28T20:36:00.000000000Z,transition,unwind_complete,COOLDOWN,COOLDOWN,,BTCUSDT-1709683260000000000,,,,,run_ad71d751b20623006c195ff3
ETHUSDT,conditional,True,1730147760000000000,2024-10-28T20:36:00.000000000Z,close_requested,real_market_inactivity,,,,,,False,,,run_ad71d751b20623006c195ff3
ETHUSDT,conditional,True,1730147760000000000,2024-10-28T20:36:00.000000000Z,transition,unwind_complete,COOLDOWN,COOLDOWN,,ETHUSDT-1709942460000000000,,,,,run_ad71d751b20623006c195ff3
BTCUSDT,conditional,True,1730147820000000000,2024-10-28T20:37:00.000000000Z,close_requested,real_market_inactivity,,,,,,False,,,run_ad71d751b20623006c195ff3
BTCUSDT,conditional,True,1730147820000000000,2024-10-28T20:37:00.000000000Z,transition,unwind_complete,COOLDOWN,COOLDOWN,,BTCUSDT-1709683260000000000,,,,,run_ad71d751b20623006c195ff3
ETHUSDT,conditional,True,1730147820000000000,2024-10-28T20:37:00.000000000Z,close_requested,real_market_inactivity,,,,,,False,,,run_ad71d751b20623006c195ff3
ETHUSDT,conditional,True,1730147820000000000,2024-10-28T20:37:00.000000000Z,transition,unwind_complete,COOLDOWN,COOLDOWN,,ETHUSDT-1709942460000000000,,,,,run_ad71d751b20623006c195ff3
BTCUSDT,conditional,True,1730147880000000000,2024-10-28T20:38:00.000000000Z,close_requested,real_market_inactivity,,,,,,False,,,run_ad71d751b20623006c195ff3
BTCUSDT,conditional,True,1730147880000000000,2024-10-28T20:38:00.000000000Z,transition,unwind_complete,COOLDOWN,COOLDOWN,,BTCUSDT-1709683260000000000,,,,,run_ad71d751b20623006c195ff3
ETHUSDT,conditional,True,1730147880000000000,2024-10-28T20:38:00.000000000Z,close_requested,real_market_inactivity,,,,,,False,,,run_ad71d751b20623006c195ff3
ETHUSDT,conditional,True,1730147880000000000,2024-10-28T20:38:00.000000000Z,transition,unwind_complete,COOLDOWN,COOLDOWN,,ETHUSDT-1709942460000000000,,,,,run_ad71d751b20623006c195ff3
BTCUSDT,conditional,True,1730147940000000000,2024-10-28T20:39:00.000000000Z,close_requested,real_market_inactivity,,,,,,False,,,run_ad71d751b20623006c195ff3
BTCUSDT,conditional,True,1730147940000000000,2024-10-28T20:39:00.000000000Z,transition,unwind_complete,COOLDOWN,COOLDOWN,,BTCUSDT-1709683260000000000,,,,,run_ad71d751b20623006c195ff3
ETHUSDT,conditional,True,1730147940000000000,2024-10-28T20:39:00.000000000Z,close_requested,real_market_inactivity,,,,,,False,,,run_ad71d751b20623006c195ff3
ETHUSDT,conditional,True,1730147940000000000,2024-10-28T20:39:00.000000000Z,transition,unwind_complete,COOLDOWN,COOLDOWN,,ETHUSDT-1709942460000000000,,,,,run_ad71d751b20623006c195ff3
BTCUSDT,conditional,True,1730148000000000000,2024-10-28T20:40:00.000000000Z,close_requested,real_market_inactivity,,,,,,False,,,run_ad71d751b20623006c195ff3
BTCUSDT,conditional,True,1730148000000000000,2024-10-28T20:40:00.000000000Z,transition,unwind_complete,COOLDOWN,COOLDOWN,,BTCUSDT-1709683260000000000,,,,,run_ad71d751b20623006c195ff3
ETHUSDT,conditional,True,1730148000000000000,2024-10-28T20:40:00.000000000Z,close_requested,real_market_inactivity,,,,,,False,,,run_ad71d751b20623006c195ff3
ETHUSDT,conditional,True,1730148000000000000,2024-10-28T20:40:00.000000000Z,transition,unwind_complete,COOLDOWN,COOLDOWN,,ETHUSDT-1709942460000000000,,,,,run_ad71d751b20623006c195ff3
BTCUSDT,conditional,True,1730148060000000000,2024-10-28T20:41:00.000000000Z,close_requested,real_market_inactivity,,,,,,False,,,run_ad71d751b20623006c195ff3
BTCUSDT,conditional,True,1730148060000000000,2024-10-28T20:41:00.000000000Z,transition,unwind_complete,COOLDOWN,COOLDOWN,,BTCUSDT-1709683260000000000,,,,,run_ad71d751b20623006c195ff3
ETHUSDT,conditional,True,1730148060000000000,2024-10-28T20:41:00.000000000Z,close_requested,real_market_inactivity,,,,,,False,,,run_ad71d751b20623006c195ff3
ETHUSDT,conditional,True,1730148060000000000,2024-10-28T20:41:00.000000000Z,transition,unwind_complete,COOLDOWN,COOLDOWN,,ETHUSDT-1709942460000000000,,,,,run_ad71d751b20623006c195ff3
BTCUSDT,conditional,True,1730148120000000000,2024-10-28T20:42:00.000000000Z,close_requested,real_market_inactivity,,,,,,False,,,run_ad71d751b20623006c195ff3
BTCUSDT,conditional,True,1730148120000000000,2024-10-28T20:42:00.000000000Z,transition,unwind_complete,COOLDOWN,COOLDOWN,,BTCUSDT-1709683260000000000,,,,,run_ad71d751b20623006c195ff3
ETHUSDT,conditional,True,1730148120000000000,2024-10-28T20:42:00.000000000Z,close_requested,real_market_inactivity,,,,,,False,,,run_ad71d751b20623006c195ff3
ETHUSDT,conditional,True,1730148120000000000,2024-10-28T20:42:00.000000000Z,transition,unwind_complete,COOLDOWN,COOLDOWN,,ETHUSDT-1709942460000000000,,,,,run_ad71d751b20623006c195ff3
BTCUSDT,conditional,True,1730148180000000000,2024-10-28T20:43:00.000000000Z,close_requested,real_market_inactivity,,,,,,False,,,run_ad71d751b20623006c195ff3
BTCUSDT,conditional,True,1730148180000000000,2024-10-28T20:43:00.000000000Z,transition,unwind_complete,COOLDOWN,COOLDOWN,,BTCUSDT-1709683260000000000,,,,,run_ad71d751b20623006c195ff3
ETHUSDT,conditional,True,1730148180000000000,2024-10-28T20:43:00.000000000Z,close_requested,real_market_inactivity,,,,,,False,,,run_ad71d751b20623006c195ff3
ETHUSDT,conditional,True,1730148180000000000,2024-10-28T20:43:00.000000000Z,transition,unwind_complete,COOLDOWN,COOLDOWN,,ETHUSDT-1709942460000000000,,,,,run_ad71d751b20623006c195ff3
BTCUSDT,conditional,True,1730148240000000000,2024-10-28T20:44:00.000000000Z,close_requested,real_market_inactivity,,,,,,False,,,run_ad71d751b20623006c195ff3
BTCUSDT,conditional,True,1730148240000000000,2024-10-28T20:44:00.000000000Z,transition,unwind_complete,COOLDOWN,COOLDOWN,,BTCUSDT-1709683260000000000,,,,,run_ad71d751b20623006c195ff3
ETHUSDT,conditional,True,1730148240000000000,2024-10-28T20:44:00.000000000Z,close_requested,real_market_inactivity,,,,,,False,,,run_ad71d751b20623006c195ff3
ETHUSDT,conditional,True,1730148240000000000,2024-10-28T20:44:00.000000000Z,transition,unwind_complete,COOLDOWN,COOLDOWN,,ETHUSDT-1709942460000000000,,,,,run_ad71d751b20623006c195ff3
BTCUSDT,conditional,True,1730148300000000000,2024-10-28T20:45:00.000000000Z,close_requested,real_market_inactivity,,,,,,False,,,run_ad71d751b20623006c195ff3
BTCUSDT,conditional,True,1730148300000000000,2024-10-28T20:45:00.000000000Z,transition,unwind_complete,COOLDOWN,COOLDOWN,,BTCUSDT-1709683260000000000,,,,,run_ad71d751b20623006c195ff3
ETHUSDT,conditional,True,1730148300000000000,2024-10-28T20:45:00.000000000Z,close_requested,real_market_inactivity,,,,,,False,,,run_ad71d751b20623006c195ff3
ETHUSDT,conditional,True,1730148300000000000,2024-10-28T20:45:00.000000000Z,transition,unwind_complete,COOLDOWN,COOLDOWN,,ETHUSDT-1709942460000000000,,,,,run_ad71d751b20623006c195ff3
BTCUSDT,conditional,True,1730148360000000000,2024-10-28T20:46:00.000000000Z,close_requested,real_market_inactivity,,,,,,False,,,run_ad71d751b20623006c195ff3
BTCUSDT,conditional,True,1730148360000000000,2024-10-28T20:46:00.000000000Z,transition,unwind_complete,COOLDOWN,COOLDOWN,,BTCUSDT-1709683260000000000,,,,,run_ad71d751b20623006c195ff3
ETHUSDT,conditional,True,1730148360000000000,2024-10-28T20:46:00.000000000Z,close_requested,real_market_inactivity,,,,,,False,,,run_ad71d751b20623006c195ff3
ETHUSDT,conditional,True,1730148360000000000,2024-10-28T20:46:00.000000000Z,transition,unwind_complete,COOLDOWN,COOLDOWN,,ETHUSDT-1709942460000000000,,,,,run_ad71d751b20623006c195ff3
BTCUSDT,conditional,True,1730148420000000000,2024-10-28T20:47:00.000000000Z,close_requested,real_market_inactivity,,,,,,False,,,run_ad71d751b20623006c195ff3
BTCUSDT,conditional,True,1730148420000000000,2024-10-28T20:47:00.000000000Z,transition,unwind_complete,COOLDOWN,COOLDOWN,,BTCUSDT-1709683260000000000,,,,,run_ad71d751b20623006c195ff3
ETHUSDT,conditional,True,1730148420000000000,2024-10-28T20:47:00.000000000Z,close_requested,real_market_inactivity,,,,,,False,,,run_ad71d751b20623006c195ff3
ETHUSDT,conditional,True,1730148420000000000,2024-10-28T20:47:00.000000000Z,transition,unwind_complete,COOLDOWN,COOLDOWN,,ETHUSDT-1709942460000000000,,,,,run_ad71d751b20623006c195ff3
BTCUSDT,conditional,True,1730148480000000000,2024-10-28T20:48:00.000000000Z,close_requested,real_market_inactivity,,,,,,False,,,run_ad71d751b20623006c195ff3
BTCUSDT,conditional,True,1730148480000000000,2024-10-28T20:48:00.000000000Z,transition,unwind_complete,COOLDOWN,COOLDOWN,,BTCUSDT-1709683260000000000,,,,,run_ad71d751b20623006c195ff3
ETHUSDT,conditional,True,1730148480000000000,2024-10-28T20:48:00.000000000Z,close_requested,real_market_inactivity,,,,,,False,,,run_ad71d751b20623006c195ff3
ETHUSDT,conditional,True,1730148480000000000,2024-10-28T20:48:00.000000000Z,transition,unwind_complete,COOLDOWN,COOLDOWN,,ETHUSDT-1709942460000000000,,,,,run_ad71d751b20623006c195ff3
BTCUSDT,conditional,True,1730148540000000000,2024-10-28T20:49:00.000000000Z,close_requested,real_market_inactivity,,,,,,False,,,run_ad71d751b20623006c195ff3
BTCUSDT,conditional,True,1730148540000000000,2024-10-28T20:49:00.000000000Z,transition,unwind_complete,COOLDOWN,COOLDOWN,,BTCUSDT-1709683260000000000,,,,,run_ad71d751b20623006c195ff3
ETHUSDT,conditional,True,1730148540000000000,2024-10-28T20:49:00.000000000Z,close_requested,real_market_inactivity,,,,,,False,,,run_ad71d751b20623006c195ff3
ETHUSDT,conditional,True,1730148540000000000,2024-10-28T20:49:00.000000000Z,transition,unwind_complete,COOLDOWN,COOLDOWN,,ETHUSDT-1709942460000000000,,,,,run_ad71d751b20623006c195ff3
BTCUSDT,conditional,True,1730148600000000000,2024-10-28T20:50:00.000000000Z,close_requested,real_market_inactivity,,,,,,False,,,run_ad71d751b20623006c195ff3
BTCUSDT,conditional,True,1730148600000000000,2024-10-28T20:50:00.000000000Z,transition,unwind_complete,COOLDOWN,COOLDOWN,,BTCUSDT-1709683260000000000,,,,,run_ad71d751b20623006c195ff3
ETHUSDT,conditional,True,1730148600000000000,2024-10-28T20:50:00.000000000Z,close_requested,real_market_inactivity,,,,,,False,,,run_ad71d751b20623006c195ff3
ETHUSDT,conditional,True,1730148600000000000,2024-10-28T20:50:00.000000000Z,transition,unwind_complete,COOLDOWN,COOLDOWN,,ETHUSDT-1709942460000000000,,,,,run_ad71d751b20623006c195ff3
BTCUSDT,conditional,True,1730148660000000000,2024-10-28T20:51:00.000000000Z,close_requested,real_market_inactivity,,,,,,False,,,run_ad71d751b20623006c195ff3
BTCUSDT,conditional,True,1730148660000000000,2024-10-28T20:51:00.000000000Z,transition,unwind_complete,COOLDOWN,COOLDOWN,,BTCUSDT-1709683260000000000,,,,,run_ad71d751b20623006c195ff3
ETHUSDT,conditional,True,1730148660000000000,2024-10-28T20:51:00.000000000Z,close_requested,real_market_inactivity,,,,,,False,,,run_ad71d751b20623006c195ff3
ETHUSDT,conditional,True,1730148660000000000,2024-10-28T20:51:00.000000000Z,transition,unwind_complete,COOLDOWN,COOLDOWN,,ETHUSDT-1709942460000000000,,,,,run_ad71d751b20623006c195ff3
BTCUSDT,conditional,True,1730148720000000000,2024-10-28T20:52:00.000000000Z,close_requested,real_market_inactivity,,,,,,False,,,run_ad71d751b20623006c195ff3
BTCUSDT,conditional,True,1730148720000000000,2024-10-28T20:52:00.000000000Z,transition,unwind_complete,COOLDOWN,COOLDOWN,,BTCUSDT-1709683260000000000,,,,,run_ad71d751b20623006c195ff3
ETHUSDT,conditional,True,1730148720000000000,2024-10-28T20:52:00.000000000Z,close_requested,real_market_inactivity,,,,,,False,,,run_ad71d751b20623006c195ff3
ETHUSDT,conditional,True,1730148720000000000,2024-10-28T20:52:00.000000000Z,transition,unwind_complete,COOLDOWN,COOLDOWN,,ETHUSDT-1709942460000000000,,,,,run_ad71d751b20623006c195ff3
BTCUSDT,conditional,True,1730148780000000000,2024-10-28T20:53:00.000000000Z,close_requested,real_market_inactivity,,,,,,False,,,run_ad71d751b20623006c195ff3
BTCUSDT,conditional,True,1730148780000000000,2024-10-28T20:53:00.000000000Z,transition,unwind_complete,COOLDOWN,COOLDOWN,,BTCUSDT-1709683260000000000,,,,,run_ad71d751b20623006c195ff3
ETHUSDT,conditional,True,1730148780000000000,2024-10-28T20:53:00.000000000Z,close_requested,real_market_inactivity,,,,,,False,,,run_ad71d751b20623006c195ff3
ETHUSDT,conditional,True,1730148780000000000,2024-10-28T20:53:00.000000000Z,transition,unwind_complete,COOLDOWN,COOLDOWN,,ETHUSDT-1709942460000000000,,,,,run_ad71d751b20623006c195ff3
BTCUSDT,conditional,True,1730148840000000000,2024-10-28T20:54:00.000000000Z,close_requested,real_market_inactivity,,,,,,False,,,run_ad71d751b20623006c195ff3
BTCUSDT,conditional,True,1730148840000000000,2024-10-28T20:54:00.000000000Z,transition,unwind_complete,COOLDOWN,COOLDOWN,,BTCUSDT-1709683260000000000,,,,,run_ad71d751b20623006c195ff3
ETHUSDT,conditional,True,1730148840000000000,2024-10-28T20:54:00.000000000Z,close_requested,real_market_inactivity,,,,,,False,,,run_ad71d751b20623006c195ff3
ETHUSDT,conditional,True,1730148840000000000,2024-10-28T20:54:00.000000000Z,transition,unwind_complete,COOLDOWN,COOLDOWN,,ETHUSDT-1709942460000000000,,,,,run_ad71d751b20623006c195ff3
BTCUSDT,conditional,True,1730148900000000000,2024-10-28T20:55:00.000000000Z,close_requested,real_market_inactivity,,,,,,False,,,run_ad71d751b20623006c195ff3
BTCUSDT,conditional,True,1730148900000000000,2024-10-28T20:55:00.000000000Z,transition,unwind_complete,COOLDOWN,COOLDOWN,,BTCUSDT-1709683260000000000,,,,,run_ad71d751b20623006c195ff3
ETHUSDT,conditional,True,1730148900000000000,2024-10-28T20:55:00.000000000Z,close_requested,real_market_inactivity,,,,,,False,,,run_ad71d751b20623006c195ff3
ETHUSDT,conditional,True,1730148900000000000,2024-10-28T20:55:00.000000000Z,transition,unwind_complete,COOLDOWN,COOLDOWN,,ETHUSDT-1709942460000000000,,,,,run_ad71d751b20623006c195ff3
BTCUSDT,conditional,True,1730148960000000000,2024-10-28T20:56:00.000000000Z,close_requested,real_market_inactivity,,,,,,False,,,run_ad71d751b20623006c195ff3
BTCUSDT,conditional,True,1730148960000000000,2024-10-28T20:56:00.000000000Z,transition,unwind_complete,COOLDOWN,COOLDOWN,,BTCUSDT-1709683260000000000,,,,,run_ad71d751b20623006c195ff3
ETHUSDT,conditional,True,1730148960000000000,2024-10-28T20:56:00.000000000Z,close_requested,real_market_inactivity,,,,,,False,,,run_ad71d751b20623006c195ff3
ETHUSDT,conditional,True,1730148960000000000,2024-10-28T20:56:00.000000000Z,transition,unwind_complete,COOLDOWN,COOLDOWN,,ETHUSDT-1709942460000000000,,,,,run_ad71d751b20623006c195ff3
BTCUSDT,conditional,True,1730149020000000000,2024-10-28T20:57:00.000000000Z,close_requested,real_market_inactivity,,,,,,False,,,run_ad71d751b20623006c195ff3
BTCUSDT,conditional,True,1730149020000000000,2024-10-28T20:57:00.000000000Z,transition,unwind_complete,COOLDOWN,COOLDOWN,,BTCUSDT-1709683260000000000,,,,,run_ad71d751b20623006c195ff3
ETHUSDT,conditional,True,1730149020000000000,2024-10-28T20:57:00.000000000Z,close_requested,real_market_inactivity,,,,,,False,,,run_ad71d751b20623006c195ff3
ETHUSDT,conditional,True,1730149020000000000,2024-10-28T20:57:00.000000000Z,transition,unwind_complete,COOLDOWN,COOLDOWN,,ETHUSDT-1709942460000000000,,,,,run_ad71d751b20623006c195ff3
BTCUSDT,conditional,True,1730149080000000000,2024-10-28T20:58:00.000000000Z,close_requested,real_market_inactivity,,,,,,False,,,run_ad71d751b20623006c195ff3
BTCUSDT,conditional,True,1730149080000000000,2024-10-28T20:58:00.000000000Z,transition,unwind_complete,COOLDOWN,COOLDOWN,,BTCUSDT-1709683260000000000,,,,,run_ad71d751b20623006c195ff3
ETHUSDT,conditional,True,1730149080000000000,2024-10-28T20:58:00.000000000Z,close_requested,real_market_inactivity,,,,,,False,,,run_ad71d751b20623006c195ff3
ETHUSDT,conditional,True,1730149080000000000,2024-10-28T20:58:00.000000000Z,transition,unwind_complete,COOLDOWN,COOLDOWN,,ETHUSDT-1709942460000000000,,,,,run_ad71d751b20623006c195ff3
BTCUSDT,conditional,True,1730149140000000000,2024-10-28T20:59:00.000000000Z,close_requested,real_market_inactivity,,,,,,False,,,run_ad71d751b20623006c195ff3
BTCUSDT,conditional,True,1730149140000000000,2024-10-28T20:59:00.000000000Z,transition,unwind_complete,COOLDOWN,COOLDOWN,,BTCUSDT-1709683260000000000,,,,,run_ad71d751b20623006c195ff3
ETHUSDT,conditional,True,1730149140000000000,2024-10-28T20:59:00.000000000Z,close_requested,real_market_inactivity,,,,,,False,,,run_ad71d751b20623006c195ff3
ETHUSDT,conditional,True,1730149140000000000,2024-10-28T20:59:00.000000000Z,transition,unwind_complete,COOLDOWN,COOLDOWN,,ETHUSDT-1709942460000000000,,,,,run_ad71d751b20623006c195ff3
BTCUSDT,conditional,True,1730149200000000000,2024-10-28T21:00:00.000000000Z,close_requested,real_market_inactivity,,,,,,False,,,run_ad71d751b20623006c195ff3
BTCUSDT,conditional,True,1730149200000000000,2024-10-28T21:00:00.000000000Z,transition,unwind_complete,COOLDOWN,COOLDOWN,,BTCUSDT-1709683260000000000,,,,,run_ad71d751b20623006c195ff3
ETHUSDT,conditional,True,1730149200000000000,2024-10-28T21:00:00.000000000Z,close_requested,real_market_inactivity,,,,,,False,,,run_ad71d751b20623006c195ff3
ETHUSDT,conditional,True,1730149200000000000,2024-10-28T21:00:00.000000000Z,transition,unwind_complete,COOLDOWN,COOLDOWN,,ETHUSDT-1709942460000000000,,,,,run_ad71d751b20623006c195ff3
BTCUSDT,conditional,True,1730149260000000000,2024-10-28T21:01:00.000000000Z,close_requested,real_market_inactivity,,,,,,False,,,run_ad71d751b20623006c195ff3
BTCUSDT,conditional,True,1730149260000000000,2024-10-28T21:01:00.000000000Z,transition,unwind_complete,COOLDOWN,COOLDOWN,,BTCUSDT-1709683260000000000,,,,,run_ad71d751b20623006c195ff3
ETHUSDT,conditional,True,1730149260000000000,2024-10-28T21:01:00.000000000Z,close_requested,real_market_inactivity,,,,,,False,,,run_ad71d751b20623006c195ff3
ETHUSDT,conditional,True,1730149260000000000,2024-10-28T21:01:00.000000000Z,transition,unwind_complete,COOLDOWN,COOLDOWN,,ETHUSDT-1709942460000000000,,,,,run_ad71d751b20623006c195ff3
BTCUSDT,conditional,True,1730149320000000000,2024-10-28T21:02:00.000000000Z,close_requested,real_market_inactivity,,,,,,False,,,run_ad71d751b20623006c195ff3
BTCUSDT,conditional,True,1730149320000000000,2024-10-28T21:02:00.000000000Z,transition,unwind_complete,COOLDOWN,COOLDOWN,,BTCUSDT-1709683260000000000,,,,,run_ad71d751b20623006c195ff3
ETHUSDT,conditional,True,1730149320000000000,2024-10-28T21:02:00.000000000Z,close_requested,real_market_inactivity,,,,,,False,,,run_ad71d751b20623006c195ff3
ETHUSDT,conditional,True,1730149320000000000,2024-10-28T21:02:00.000000000Z,transition,unwind_complete,COOLDOWN,COOLDOWN,,ETHUSDT-1709942460000000000,,,,,run_ad71d751b20623006c195ff3
BTCUSDT,conditional,True,1730149380000000000,2024-10-28T21:03:00.000000000Z,close_requested,real_market_inactivity,,,,,,False,,,run_ad71d751b20623006c195ff3
BTCUSDT,conditional,True,1730149380000000000,2024-10-28T21:03:00.000000000Z,transition,unwind_complete,COOLDOWN,COOLDOWN,,BTCUSDT-1709683260000000000,,,,,run_ad71d751b20623006c195ff3
ETHUSDT,conditional,True,1730149380000000000,2024-10-28T21:03:00.000000000Z,close_requested,real_market_inactivity,,,,,,False,,,run_ad71d751b20623006c195ff3
ETHUSDT,conditional,True,1730149380000000000,2024-10-28T21:03:00.000000000Z,transition,unwind_complete,COOLDOWN,COOLDOWN,,ETHUSDT-1709942460000000000,,,,,run_ad71d751b20623006c195ff3
BTCUSDT,conditional,True,1730149440000000000,2024-10-28T21:04:00.000000000Z,close_requested,real_market_inactivity,,,,,,False,,,run_ad71d751b20623006c195ff3
BTCUSDT,conditional,True,1730149440000000000,2024-10-28T21:04:00.000000000Z,transition,unwind_complete,COOLDOWN,COOLDOWN,,BTCUSDT-1709683260000000000,,,,,run_ad71d751b20623006c195ff3
ETHUSDT,conditional,True,1730149440000000000,2024-10-28T21:04:00.000000000Z,close_requested,real_market_inactivity,,,,,,False,,,run_ad71d751b20623006c195ff3
ETHUSDT,conditional,True,1730149440000000000,2024-10-28T21:04:00.000000000Z,transition,unwind_complete,COOLDOWN,COOLDOWN,,ETHUSDT-1709942460000000000,,,,,run_ad71d751b20623006c195ff3
BTCUSDT,conditional,True,1730149500000000000,2024-10-28T21:05:00.000000000Z,close_requested,real_market_inactivity,,,,,,False,,,run_ad71d751b20623006c195ff3
BTCUSDT,conditional,True,1730149500000000000,2024-10-28T21:05:00.000000000Z,transition,unwind_complete,COOLDOWN,COOLDOWN,,BTCUSDT-1709683260000000000,,,,,run_ad71d751b20623006c195ff3
ETHUSDT,conditional,True,1730149500000000000,2024-10-28T21:05:00.000000000Z,close_requested,real_market_inactivity,,,,,,False,,,run_ad71d751b20623006c195ff3
ETHUSDT,conditional,True,1730149500000000000,2024-10-28T21:05:00.000000000Z,transition,unwind_complete,COOLDOWN,COOLDOWN,,ETHUSDT-1709942460000000000,,,,,run_ad71d751b20623006c195ff3
BTCUSDT,conditional,True,1730149560000000000,2024-10-28T21:06:00.000000000Z,close_requested,real_market_inactivity,,,,,,False,,,run_ad71d751b20623006c195ff3
BTCUSDT,conditional,True,1730149560000000000,2024-10-28T21:06:00.000000000Z,transition,unwind_complete,COOLDOWN,COOLDOWN,,BTCUSDT-1709683260000000000,,,,,run_ad71d751b20623006c195ff3
ETHUSDT,conditional,True,1730149560000000000,2024-10-28T21:06:00.000000000Z,close_requested,real_market_inactivity,,,,,,False,,,run_ad71d751b20623006c195ff3
ETHUSDT,conditional,True,1730149560000000000,2024-10-28T21:06:00.000000000Z,transition,unwind_complete,COOLDOWN,COOLDOWN,,ETHUSDT-1709942460000000000,,,,,run_ad71d751b20623006c195ff3
BTCUSDT,conditional,True,1730149620000000000,2024-10-28T21:07:00.000000000Z,close_requested,real_market_inactivity,,,,,,False,,,run_ad71d751b20623006c195ff3
BTCUSDT,conditional,True,1730149620000000000,2024-10-28T21:07:00.000000000Z,transition,unwind_complete,COOLDOWN,COOLDOWN,,BTCUSDT-1709683260000000000,,,,,run_ad71d751b20623006c195ff3
ETHUSDT,conditional,True,1730149620000000000,2024-10-28T21:07:00.000000000Z,close_requested,real_market_inactivity,,,,,,False,,,run_ad71d751b20623006c195ff3
ETHUSDT,conditional,True,1730149620000000000,2024-10-28T21:07:00.000000000Z,transition,unwind_complete,COOLDOWN,COOLDOWN,,ETHUSDT-1709942460000000000,,,,,run_ad71d751b20623006c195ff3
BTCUSDT,conditional,True,1730149680000000000,2024-10-28T21:08:00.000000000Z,close_requested,real_market_inactivity,,,,,,False,,,run_ad71d751b20623006c195ff3
BTCUSDT,conditional,True,1730149680000000000,2024-10-28T21:08:00.000000000Z,transition,unwind_complete,COOLDOWN,COOLDOWN,,BTCUSDT-1709683260000000000,,,,,run_ad71d751b20623006c195ff3
ETHUSDT,conditional,True,1730149680000000000,2024-10-28T21:08:00.000000000Z,close_requested,real_market_inactivity,,,,,,False,,,run_ad71d751b20623006c195ff3
ETHUSDT,conditional,True,1730149680000000000,2024-10-28T21:08:00.000000000Z,transition,unwind_complete,COOLDOWN,COOLDOWN,,ETHUSDT-1709942460000000000,,,,,run_ad71d751b20623006c195ff3
BTCUSDT,conditional,True,1730149740000000000,2024-10-28T21:09:00.000000000Z,close_requested,real_market_inactivity,,,,,,False,,,run_ad71d751b20623006c195ff3
BTCUSDT,conditional,True,1730149740000000000,2024-10-28T21:09:00.000000000Z,transition,unwind_complete,COOLDOWN,COOLDOWN,,BTCUSDT-1709683260000000000,,,,,run_ad71d751b20623006c195ff3
ETHUSDT,conditional,True,1730149740000000000,2024-10-28T21:09:00.000000000Z,close_requested,real_market_inactivity,,,,,,False,,,run_ad71d751b20623006c195ff3
ETHUSDT,conditional,True,1730149740000000000,2024-10-28T21:09:00.000000000Z,transition,unwind_complete,COOLDOWN,COOLDOWN,,ETHUSDT-1709942460000000000,,,,,run_ad71d751b20623006c195ff3
BTCUSDT,conditional,True,1730149800000000000,2024-10-28T21:10:00.000000000Z,close_requested,real_market_inactivity,,,,,,False,,,run_ad71d751b20623006c195ff3
BTCUSDT,conditional,True,1730149800000000000,2024-10-28T21:10:00.000000000Z,transition,unwind_complete,COOLDOWN,COOLDOWN,,BTCUSDT-1709683260000000000,,,,,run_ad71d751b20623006c195ff3
ETHUSDT,conditional,True,1730149800000000000,2024-10-28T21:10:00.000000000Z,close_requested,real_market_inactivity,,,,,,False,,,run_ad71d751b20623006c195ff3
ETHUSDT,conditional,True,1730149800000000000,2024-10-28T21:10:00.000000000Z,transition,unwind_complete,COOLDOWN,COOLDOWN,,ETHUSDT-1709942460000000000,,,,,run_ad71d751b20623006c195ff3
BTCUSDT,conditional,True,1730149860000000000,2024-10-28T21:11:00.000000000Z,close_requested,real_market_inactivity,,,,,,False,,,run_ad71d751b20623006c195ff3
BTCUSDT,conditional,True,1730149860000000000,2024-10-28T21:11:00.000000000Z,transition,unwind_complete,COOLDOWN,COOLDOWN,,BTCUSDT-1709683260000000000,,,,,run_ad71d751b20623006c195ff3
ETHUSDT,conditional,True,1730149860000000000,2024-10-28T21:11:00.000000000Z,close_requested,real_market_inactivity,,,,,,False,,,run_ad71d751b20623006c195ff3
ETHUSDT,conditional,True,1730149860000000000,2024-10-28T21:11:00.000000000Z,transition,unwind_complete,COOLDOWN,COOLDOWN,,ETHUSDT-1709942460000000000,,,,,run_ad71d751b20623006c195ff3
BTCUSDT,conditional,True,1730149920000000000,2024-10-28T21:12:00.000000000Z,close_requested,real_market_inactivity,,,,,,False,,,run_ad71d751b20623006c195ff3
BTCUSDT,conditional,True,1730149920000000000,2024-10-28T21:12:00.000000000Z,transition,unwind_complete,COOLDOWN,COOLDOWN,,BTCUSDT-1709683260000000000,,,,,run_ad71d751b20623006c195ff3
ETHUSDT,conditional,True,1730149920000000000,2024-10-28T21:12:00.000000000Z,close_requested,real_market_inactivity,,,,,,False,,,run_ad71d751b20623006c195ff3
ETHUSDT,conditional,True,1730149920000000000,2024-10-28T21:12:00.000000000Z,transition,unwind_complete,COOLDOWN,COOLDOWN,,ETHUSDT-1709942460000000000,,,,,run_ad71d751b20623006c195ff3
BTCUSDT,conditional,True,1730149980000000000,2024-10-28T21:13:00.000000000Z,close_requested,real_market_inactivity,,,,,,False,,,run_ad71d751b20623006c195ff3
BTCUSDT,conditional,True,1730149980000000000,2024-10-28T21:13:00.000000000Z,transition,unwind_complete,COOLDOWN,COOLDOWN,,BTCUSDT-1709683260000000000,,,,,run_ad71d751b20623006c195ff3
ETHUSDT,conditional,True,1730149980000000000,2024-10-28T21:13:00.000000000Z,close_requested,real_market_inactivity,,,,,,False,,,run_ad71d751b20623006c195ff3
ETHUSDT,conditional,True,1730149980000000000,2024-10-28T21:13:00.000000000Z,transition,unwind_complete,COOLDOWN,COOLDOWN,,ETHUSDT-1709942460000000000,,,,,run_ad71d751b20623006c195ff3
BTCUSDT,conditional,True,1730150040000000000,2024-10-28T21:14:00.000000000Z,close_requested,real_market_inactivity,,,,,,False,,,run_ad71d751b20623006c195ff3
BTCUSDT,conditional,True,1730150040000000000,2024-10-28T21:14:00.000000000Z,transition,unwind_complete,COOLDOWN,COOLDOWN,,BTCUSDT-1709683260000000000,,,,,run_ad71d751b20623006c195ff3
ETHUSDT,conditional,True,1730150040000000000,2024-10-28T21:14:00.000000000Z,close_requested,real_market_inactivity,,,,,,False,,,run_ad71d751b20623006c195ff3
ETHUSDT,conditional,True,1730150040000000000,2024-10-28T21:14:00.000000000Z,transition,unwind_complete,COOLDOWN,COOLDOWN,,ETHUSDT-1709942460000000000,,,,,run_ad71d751b20623006c195ff3
BTCUSDT,conditional,True,1730246460000000000,2024-10-30T00:01:00.000000000Z,transition,cooldown_elapsed,COOLDOWN,FLAT,,BTCUSDT-1709683260000000000,,,,,run_ad71d751b20623006c195ff3
ETHUSDT,conditional,True,1730246460000000000,2024-10-30T00:01:00.000000000Z,transition,cooldown_elapsed,COOLDOWN,FLAT,,ETHUSDT-1709942460000000000,,,,,run_ad71d751b20623006c195ff3
BTCUSDT,conditional,True,1731283260001000000,2024-11-11T00:01:00.001000000Z,transition,entry,FLAT,OPENING_SPOT,conditional-00000218,BTCUSDT-1731283260001000000,,,,,run_ad71d751b20623006c195ff3
ETHUSDT,conditional,True,1731283260001000000,2024-11-11T00:01:00.001000000Z,transition,entry,FLAT,OPENING_SPOT,conditional-00000219,ETHUSDT-1731283260001000000,,,,,run_ad71d751b20623006c195ff3
BTCUSDT,conditional,True,1731283380000000000,2024-11-11T00:03:00.000000000Z,transition,spot_filled_waiting_hedge,OPENING_SPOT,OPENING_PERP,,BTCUSDT-1731283260001000000,,,,,run_ad71d751b20623006c195ff3
ETHUSDT,conditional,True,1731283380000000000,2024-11-11T00:03:00.000000000Z,transition,spot_filled_waiting_hedge,OPENING_SPOT,OPENING_PERP,,ETHUSDT-1731283260001000000,,,,,run_ad71d751b20623006c195ff3
BTCUSDT,conditional,True,1731283440000000000,2024-11-11T00:04:00.000000000Z,transition,opening_complete,OPENING_PERP,HOLDING,,BTCUSDT-1731283260001000000,,,,,run_ad71d751b20623006c195ff3
ETHUSDT,conditional,True,1731283440000000000,2024-11-11T00:04:00.000000000Z,transition,opening_complete,OPENING_PERP,HOLDING,,ETHUSDT-1731283260001000000,,,,,run_ad71d751b20623006c195ff3
BTCUSDT,conditional,True,1731888240000000000,2024-11-18T00:04:00.000000000Z,renewal,,,,,,2024-11-25T00:04:00.000000000Z,,1732493040000000000,,run_ad71d751b20623006c195ff3
BTCUSDT,conditional,True,1731888240000000000,2024-11-18T00:04:00.000000000Z,transition,renewal_rebalance,HOLDING,REBALANCING,,BTCUSDT-1731283260001000000,,,,,run_ad71d751b20623006c195ff3
ETHUSDT,conditional,True,1731888240000000000,2024-11-18T00:04:00.000000000Z,renewal,,,,,,2024-11-25T00:04:00.000000000Z,,1732493040000000000,,run_ad71d751b20623006c195ff3
BTCUSDT,conditional,True,1731888360000000000,2024-11-18T00:06:00.000000000Z,transition,rebalance_complete,REBALANCING,HOLDING,,BTCUSDT-1731283260001000000,,,,,run_ad71d751b20623006c195ff3
BTCUSDT,conditional,True,1732493040000000000,2024-11-25T00:04:00.000000000Z,renewal,,,,,,2024-12-02T00:04:00.000000000Z,,1733097840000000000,,run_ad71d751b20623006c195ff3
BTCUSDT,conditional,True,1732493040000000000,2024-11-25T00:04:00.000000000Z,transition,renewal_rebalance,HOLDING,REBALANCING,,BTCUSDT-1731283260001000000,,,,,run_ad71d751b20623006c195ff3
ETHUSDT,conditional,True,1732493040000000000,2024-11-25T00:04:00.000000000Z,renewal,,,,,,2024-12-02T00:04:00.000000000Z,,1733097840000000000,,run_ad71d751b20623006c195ff3
BTCUSDT,conditional,True,1732493160000000000,2024-11-25T00:06:00.000000000Z,transition,rebalance_complete,REBALANCING,HOLDING,,BTCUSDT-1731283260001000000,,,,,run_ad71d751b20623006c195ff3
BTCUSDT,conditional,True,1733097840000000000,2024-12-02T00:04:00.000000000Z,renewal,,,,,,2024-12-09T00:04:00.000000000Z,,1733702640000000000,,run_ad71d751b20623006c195ff3
ETHUSDT,conditional,True,1733097840000000000,2024-12-02T00:04:00.000000000Z,renewal,,,,,,2024-12-09T00:04:00.000000000Z,,1733702640000000000,,run_ad71d751b20623006c195ff3
ETHUSDT,conditional,True,1733097840000000000,2024-12-02T00:04:00.000000000Z,transition,renewal_rebalance,HOLDING,REBALANCING,,ETHUSDT-1731283260001000000,,,,,run_ad71d751b20623006c195ff3
ETHUSDT,conditional,True,1733097960000000000,2024-12-02T00:06:00.000000000Z,transition,rebalance_complete,REBALANCING,HOLDING,,ETHUSDT-1731283260001000000,,,,,run_ad71d751b20623006c195ff3
BTCUSDT,conditional,True,1733702640000000000,2024-12-09T00:04:00.000000000Z,renewal,,,,,,2024-12-16T00:04:00.000000000Z,,1734307440000000000,,run_ad71d751b20623006c195ff3
ETHUSDT,conditional,True,1733702640000000000,2024-12-09T00:04:00.000000000Z,renewal,,,,,,2024-12-16T00:04:00.000000000Z,,1734307440000000000,,run_ad71d751b20623006c195ff3
ETHUSDT,conditional,True,1733702640000000000,2024-12-09T00:04:00.000000000Z,transition,renewal_rebalance,HOLDING,REBALANCING,,ETHUSDT-1731283260001000000,,,,,run_ad71d751b20623006c195ff3
ETHUSDT,conditional,True,1733702760000000000,2024-12-09T00:06:00.000000000Z,transition,rebalance_complete,REBALANCING,HOLDING,,ETHUSDT-1731283260001000000,,,,,run_ad71d751b20623006c195ff3
BTCUSDT,conditional,True,1734305040000000000,2024-12-15T23:24:00.000000000Z,close_requested,margin,,,,,,False,,,run_ad71d751b20623006c195ff3
BTCUSDT,conditional,True,1734305040000000000,2024-12-15T23:24:00.000000000Z,transition,margin,HOLDING,CLOSING_PERP,,BTCUSDT-1731283260001000000,,,,,run_ad71d751b20623006c195ff3
BTCUSDT,conditional,True,1734305100000000000,2024-12-15T23:25:00.000000000Z,transition,perpetual_closed_waiting_spot,CLOSING_PERP,CLOSING_SPOT,,BTCUSDT-1731283260001000000,,,,,run_ad71d751b20623006c195ff3
BTCUSDT,conditional,True,1734305160000000000,2024-12-15T23:26:00.000000000Z,transition,unwind_complete,CLOSING_SPOT,COOLDOWN,,BTCUSDT-1731283260001000000,,,,,run_ad71d751b20623006c195ff3
ETHUSDT,conditional,True,1734307440000000000,2024-12-16T00:04:00.000000000Z,renewal,,,,,,2024-12-23T00:04:00.000000000Z,,1734912240000000000,,run_ad71d751b20623006c195ff3
BTCUSDT,conditional,True,1734393660000000000,2024-12-17T00:01:00.000000000Z,transition,cooldown_elapsed,COOLDOWN,FLAT,,BTCUSDT-1731283260001000000,,,,,run_ad71d751b20623006c195ff3
ETHUSDT,conditional,True,1734912240000000000,2024-12-23T00:04:00.000000000Z,renewal,,,,,,2024-12-30T00:04:00.000000000Z,,1735517040000000000,,run_ad71d751b20623006c195ff3
ETHUSDT,conditional,True,1734912240000000000,2024-12-23T00:04:00.000000000Z,transition,renewal_rebalance,HOLDING,REBALANCING,,ETHUSDT-1731283260001000000,,,,,run_ad71d751b20623006c195ff3
ETHUSDT,conditional,True,1734912360000000000,2024-12-23T00:06:00.000000000Z,transition,rebalance_complete,REBALANCING,HOLDING,,ETHUSDT-1731283260001000000,,,,,run_ad71d751b20623006c195ff3
ETHUSDT,conditional,True,1735517040000000000,2024-12-30T00:04:00.000000000Z,renewal,,,,,,2025-01-06T00:04:00.000000000Z,,1736121840000000000,,run_ad71d751b20623006c195ff3
ETHUSDT,conditional,True,1736121840000000000,2025-01-06T00:04:00.000000000Z,renewal,,,,,,2025-01-13T00:04:00.000000000Z,,1736726640000000000,,run_ad71d751b20623006c195ff3
ETHUSDT,conditional,True,1736121840000000000,2025-01-06T00:04:00.000000000Z,transition,renewal_rebalance,HOLDING,REBALANCING,,ETHUSDT-1731283260001000000,,,,,run_ad71d751b20623006c195ff3
ETHUSDT,conditional,True,1736121960000000000,2025-01-06T00:06:00.000000000Z,transition,rebalance_complete,REBALANCING,HOLDING,,ETHUSDT-1731283260001000000,,,,,run_ad71d751b20623006c195ff3
ETHUSDT,conditional,True,1736726640000000000,2025-01-13T00:04:00.000000000Z,renewal,,,,,,2025-01-20T00:04:00.000000000Z,,1737331440000000000,,run_ad71d751b20623006c195ff3
ETHUSDT,conditional,True,1736726640000000000,2025-01-13T00:04:00.000000000Z,transition,renewal_rebalance,HOLDING,REBALANCING,,ETHUSDT-1731283260001000000,,,,,run_ad71d751b20623006c195ff3
ETHUSDT,conditional,True,1736726760000000000,2025-01-13T00:06:00.000000000Z,transition,rebalance_complete,REBALANCING,HOLDING,,ETHUSDT-1731283260001000000,,,,,run_ad71d751b20623006c195ff3
ETHUSDT,conditional,True,1737331440000000000,2025-01-20T00:04:00.000000000Z,renewal,,,,,,2025-01-27T00:04:00.000000000Z,,1737936240000000000,,run_ad71d751b20623006c195ff3
ETHUSDT,conditional,True,1737936240000000000,2025-01-27T00:04:00.000000000Z,renewal,,,,,,2025-02-03T00:04:00.000000000Z,,1738541040000000000,,run_ad71d751b20623006c195ff3
ETHUSDT,conditional,True,1738541040000000000,2025-02-03T00:04:00.000000000Z,renewal,,,,,,2025-02-10T00:04:00.000000000Z,,1739145840000000000,,run_ad71d751b20623006c195ff3
ETHUSDT,conditional,True,1738541040000000000,2025-02-03T00:04:00.000000000Z,transition,renewal_rebalance,HOLDING,REBALANCING,,ETHUSDT-1731283260001000000,,,,,run_ad71d751b20623006c195ff3
ETHUSDT,conditional,True,1738541160000000000,2025-02-03T00:06:00.000000000Z,transition,rebalance_complete,REBALANCING,HOLDING,,ETHUSDT-1731283260001000000,,,,,run_ad71d751b20623006c195ff3
ETHUSDT,conditional,True,1739145840000000000,2025-02-10T00:04:00.000000000Z,renewal,,,,,,2025-02-17T00:04:00.000000000Z,,1739750640000000000,,run_ad71d751b20623006c195ff3
ETHUSDT,conditional,True,1739145840000000000,2025-02-10T00:04:00.000000000Z,transition,renewal_rebalance,HOLDING,REBALANCING,,ETHUSDT-1731283260001000000,,,,,run_ad71d751b20623006c195ff3
ETHUSDT,conditional,True,1739145960000000000,2025-02-10T00:06:00.000000000Z,transition,rebalance_complete,REBALANCING,HOLDING,,ETHUSDT-1731283260001000000,,,,,run_ad71d751b20623006c195ff3
ETHUSDT,conditional,True,1739750640000000000,2025-02-17T00:04:00.000000000Z,renewal,,,,,,2025-02-24T00:04:00.000000000Z,,1740355440000000000,,run_ad71d751b20623006c195ff3
ETHUSDT,conditional,True,1740355440000000000,2025-02-24T00:04:00.000000000Z,renewal,,,,,,2025-03-03T00:04:00.000000000Z,,1740960240000000000,,run_ad71d751b20623006c195ff3
ETHUSDT,conditional,True,1740355440000000000,2025-02-24T00:04:00.000000000Z,transition,renewal_rebalance,HOLDING,REBALANCING,,ETHUSDT-1731283260001000000,,,,,run_ad71d751b20623006c195ff3
ETHUSDT,conditional,True,1740355560000000000,2025-02-24T00:06:00.000000000Z,transition,rebalance_complete,REBALANCING,HOLDING,,ETHUSDT-1731283260001000000,,,,,run_ad71d751b20623006c195ff3
ETHUSDT,conditional,True,1740960240000000000,2025-03-03T00:04:00.000000000Z,renewal,,,,,,2025-03-10T00:04:00.000000000Z,,1741565040000000000,,run_ad71d751b20623006c195ff3
ETHUSDT,conditional,True,1740960240000000000,2025-03-03T00:04:00.000000000Z,transition,renewal_rebalance,HOLDING,REBALANCING,,ETHUSDT-1731283260001000000,,,,,run_ad71d751b20623006c195ff3
ETHUSDT,conditional,True,1740960360000000000,2025-03-03T00:06:00.000000000Z,transition,rebalance_complete,REBALANCING,HOLDING,,ETHUSDT-1731283260001000000,,,,,run_ad71d751b20623006c195ff3
ETHUSDT,conditional,True,1741565040000000000,2025-03-10T00:04:00.000000000Z,renewal,,,,,,2025-03-17T00:04:00.000000000Z,,1742169840000000000,,run_ad71d751b20623006c195ff3
ETHUSDT,conditional,True,1741565040000000000,2025-03-10T00:04:00.000000000Z,transition,renewal_rebalance,HOLDING,REBALANCING,,ETHUSDT-1731283260001000000,,,,,run_ad71d751b20623006c195ff3
ETHUSDT,conditional,True,1741565160000000000,2025-03-10T00:06:00.000000000Z,transition,rebalance_complete,REBALANCING,HOLDING,,ETHUSDT-1731283260001000000,,,,,run_ad71d751b20623006c195ff3
ETHUSDT,conditional,True,1742169840000000000,2025-03-17T00:04:00.000000000Z,renewal,,,,,,2025-03-24T00:04:00.000000000Z,,1742774640000000000,,run_ad71d751b20623006c195ff3
ETHUSDT,conditional,True,1742169840000000000,2025-03-17T00:04:00.000000000Z,transition,renewal_rebalance,HOLDING,REBALANCING,,ETHUSDT-1731283260001000000,,,,,run_ad71d751b20623006c195ff3
ETHUSDT,conditional,True,1742169960000000000,2025-03-17T00:06:00.000000000Z,transition,rebalance_complete,REBALANCING,HOLDING,,ETHUSDT-1731283260001000000,,,,,run_ad71d751b20623006c195ff3
ETHUSDT,conditional,True,1742774640000000000,2025-03-24T00:04:00.000000000Z,renewal,,,,,,2025-03-31T00:04:00.000000000Z,,1743379440000000000,,run_ad71d751b20623006c195ff3
ETHUSDT,conditional,True,1742774640000000000,2025-03-24T00:04:00.000000000Z,transition,renewal_rebalance,HOLDING,REBALANCING,,ETHUSDT-1731283260001000000,,,,,run_ad71d751b20623006c195ff3
ETHUSDT,conditional,True,1742774760000000000,2025-03-24T00:06:00.000000000Z,transition,rebalance_complete,REBALANCING,HOLDING,,ETHUSDT-1731283260001000000,,,,,run_ad71d751b20623006c195ff3
ETHUSDT,conditional,True,1743379440000000000,2025-03-31T00:04:00.000000000Z,renewal,,,,,,2025-04-07T00:04:00.000000000Z,,1743984240000000000,,run_ad71d751b20623006c195ff3
ETHUSDT,conditional,True,1743379440000000000,2025-03-31T00:04:00.000000000Z,transition,renewal_rebalance,HOLDING,REBALANCING,,ETHUSDT-1731283260001000000,,,,,run_ad71d751b20623006c195ff3
ETHUSDT,conditional,True,1743379560000000000,2025-03-31T00:06:00.000000000Z,transition,rebalance_complete,REBALANCING,HOLDING,,ETHUSDT-1731283260001000000,,,,,run_ad71d751b20623006c195ff3
ETHUSDT,conditional,True,1743984240000000000,2025-04-07T00:04:00.000000000Z,renewal,,,,,,2025-04-14T00:04:00.000000000Z,,1744589040000000000,,run_ad71d751b20623006c195ff3
ETHUSDT,conditional,True,1743984240000000000,2025-04-07T00:04:00.000000000Z,transition,renewal_rebalance,HOLDING,REBALANCING,,ETHUSDT-1731283260001000000,,,,,run_ad71d751b20623006c195ff3
ETHUSDT,conditional,True,1743984360000000000,2025-04-07T00:06:00.000000000Z,transition,rebalance_complete,REBALANCING,HOLDING,,ETHUSDT-1731283260001000000,,,,,run_ad71d751b20623006c195ff3
ETHUSDT,conditional,True,1744589040000000000,2025-04-14T00:04:00.000000000Z,renewal,,,,,,2025-04-21T00:04:00.000000000Z,,1745193840000000000,,run_ad71d751b20623006c195ff3
ETHUSDT,conditional,True,1745193840000000000,2025-04-21T00:04:00.000000000Z,renewal,,,,,,2025-04-28T00:04:00.000000000Z,,1745798640000000000,,run_ad71d751b20623006c195ff3
ETHUSDT,conditional,True,1745798640000000000,2025-04-28T00:04:00.000000000Z,close_requested,holding_expiry,,,,,,False,,,run_ad71d751b20623006c195ff3
ETHUSDT,conditional,True,1745798640000000000,2025-04-28T00:04:00.000000000Z,transition,holding_expiry,HOLDING,CLOSING_PERP,,ETHUSDT-1731283260001000000,,,,,run_ad71d751b20623006c195ff3
ETHUSDT,conditional,True,1745798700000000000,2025-04-28T00:05:00.000000000Z,transition,perpetual_closed_waiting_spot,CLOSING_PERP,CLOSING_SPOT,,ETHUSDT-1731283260001000000,,,,,run_ad71d751b20623006c195ff3
ETHUSDT,conditional,True,1745798760000000000,2025-04-28T00:06:00.000000000Z,attempt_failed,timeout,,,conditional-00000257,,,,,close_spot,run_ad71d751b20623006c195ff3
ETHUSDT,conditional,True,1745798820000000000,2025-04-28T00:07:00.000000000Z,transition,ordinary_close_complete,CLOSING_SPOT,FLAT,,ETHUSDT-1731283260001000000,,,,,run_ad71d751b20623006c195ff3
BTCUSDT,permanent,False,1641254460000000000,2022-01-04T00:01:00.000000000Z,transition,entry,FLAT,OPENING_SPOT,permanent-00000001,BTCUSDT-1641254460000000000,,,,,run_dfea4b7ac1475668d5968c97
BTCUSDT,permanent,False,1641254520000000000,2022-01-04T00:02:00.000000000Z,transition,spot_filled_waiting_hedge,OPENING_SPOT,OPENING_PERP,,BTCUSDT-1641254460000000000,,,,,run_dfea4b7ac1475668d5968c97
BTCUSDT,permanent,False,1641254580000000000,2022-01-04T00:03:00.000000000Z,transition,opening_complete,OPENING_PERP,HOLDING,,BTCUSDT-1641254460000000000,,,,,run_dfea4b7ac1475668d5968c97
ETHUSDT,permanent,False,1641369660017000000,2022-01-05T08:01:00.017000000Z,transition,entry,FLAT,OPENING_SPOT,permanent-00000003,ETHUSDT-1641369660017000000,,,,,run_dfea4b7ac1475668d5968c97
ETHUSDT,permanent,False,1641369780000000000,2022-01-05T08:03:00.000000000Z,transition,spot_filled_waiting_hedge,OPENING_SPOT,OPENING_PERP,,ETHUSDT-1641369660017000000,,,,,run_dfea4b7ac1475668d5968c97
ETHUSDT,permanent,False,1641369840000000000,2022-01-05T08:04:00.000000000Z,transition,opening_complete,OPENING_PERP,HOLDING,,ETHUSDT-1641369660017000000,,,,,run_dfea4b7ac1475668d5968c97
BTCUSDT,permanent,False,1641859380000000000,2022-01-11T00:03:00.000000000Z,renewal,,,,,,2022-01-18T00:03:00.000000000Z,,1642464180000000000,,run_dfea4b7ac1475668d5968c97
BTCUSDT,permanent,False,1641859380000000000,2022-01-11T00:03:00.000000000Z,transition,renewal_rebalance,HOLDING,REBALANCING,,BTCUSDT-1641254460000000000,,,,,run_dfea4b7ac1475668d5968c97
BTCUSDT,permanent,False,1641859500000000000,2022-01-11T00:05:00.000000000Z,transition,rebalance_complete,REBALANCING,HOLDING,,BTCUSDT-1641254460000000000,,,,,run_dfea4b7ac1475668d5968c97
ETHUSDT,permanent,False,1641974640000000000,2022-01-12T08:04:00.000000000Z,renewal,,,,,,2022-01-19T08:04:00.000000000Z,,1642579440000000000,,run_dfea4b7ac1475668d5968c97
ETHUSDT,permanent,False,1641974640000000000,2022-01-12T08:04:00.000000000Z,transition,renewal_rebalance,HOLDING,REBALANCING,,ETHUSDT-1641369660017000000,,,,,run_dfea4b7ac1475668d5968c97
ETHUSDT,permanent,False,1641974760000000000,2022-01-12T08:06:00.000000000Z,transition,rebalance_complete,REBALANCING,HOLDING,,ETHUSDT-1641369660017000000,,,,,run_dfea4b7ac1475668d5968c97
BTCUSDT,permanent,False,1642464180000000000,2022-01-18T00:03:00.000000000Z,renewal,,,,,,2022-01-25T00:03:00.000000000Z,,1643068980000000000,,run_dfea4b7ac1475668d5968c97
ETHUSDT,permanent,False,1642579440000000000,2022-01-19T08:04:00.000000000Z,renewal,,,,,,2022-01-26T08:04:00.000000000Z,,1643184240000000000,,run_dfea4b7ac1475668d5968c97
ETHUSDT,permanent,False,1642579440000000000,2022-01-19T08:04:00.000000000Z,rebalance_skipped,joint_sizing:insufficient_cash,,,,,,,,,run_dfea4b7ac1475668d5968c97
BTCUSDT,permanent,False,1643068980000000000,2022-01-25T00:03:00.000000000Z,renewal,,,,,,2022-02-01T00:03:00.000000000Z,,1643673780000000000,,run_dfea4b7ac1475668d5968c97
BTCUSDT,permanent,False,1643068980000000000,2022-01-25T00:03:00.000000000Z,rebalance_skipped,joint_sizing:insufficient_cash,,,,,,,,,run_dfea4b7ac1475668d5968c97
ETHUSDT,permanent,False,1643184240000000000,2022-01-26T08:04:00.000000000Z,renewal,,,,,,2022-02-02T08:04:00.000000000Z,,1643789040000000000,,run_dfea4b7ac1475668d5968c97
ETHUSDT,permanent,False,1643184240000000000,2022-01-26T08:04:00.000000000Z,rebalance_skipped,joint_sizing:insufficient_cash,,,,,,,,,run_dfea4b7ac1475668d5968c97
BTCUSDT,permanent,False,1643673780000000000,2022-02-01T00:03:00.000000000Z,renewal,,,,,,2022-02-08T00:03:00.000000000Z,,1644278580000000000,,run_dfea4b7ac1475668d5968c97
BTCUSDT,permanent,False,1643673780000000000,2022-02-01T00:03:00.000000000Z,rebalance_skipped,joint_sizing:insufficient_cash,,,,,,,,,run_dfea4b7ac1475668d5968c97
ETHUSDT,permanent,False,1643789040000000000,2022-02-02T08:04:00.000000000Z,renewal,,,,,,2022-02-09T08:04:00.000000000Z,,1644393840000000000,,run_dfea4b7ac1475668d5968c97
ETHUSDT,permanent,False,1643789040000000000,2022-02-02T08:04:00.000000000Z,rebalance_skipped,joint_sizing:insufficient_cash,,,,,,,,,run_dfea4b7ac1475668d5968c97
BTCUSDT,permanent,False,1644278580000000000,2022-02-08T00:03:00.000000000Z,renewal,,,,,,2022-02-15T00:03:00.000000000Z,,1644883380000000000,,run_dfea4b7ac1475668d5968c97
ETHUSDT,permanent,False,1644393840000000000,2022-02-09T08:04:00.000000000Z,renewal,,,,,,2022-02-16T08:04:00.000000000Z,,1644998640000000000,,run_dfea4b7ac1475668d5968c97
ETHUSDT,permanent,False,1644393840000000000,2022-02-09T08:04:00.000000000Z,rebalance_skipped,joint_sizing:insufficient_cash,,,,,,,,,run_dfea4b7ac1475668d5968c97
BTCUSDT,permanent,False,1644883380000000000,2022-02-15T00:03:00.000000000Z,renewal,,,,,,2022-02-22T00:03:00.000000000Z,,1645488180000000000,,run_dfea4b7ac1475668d5968c97
ETHUSDT,permanent,False,1644998640000000000,2022-02-16T08:04:00.000000000Z,renewal,,,,,,2022-02-23T08:04:00.000000000Z,,1645603440000000000,,run_dfea4b7ac1475668d5968c97
BTCUSDT,permanent,False,1645488180000000000,2022-02-22T00:03:00.000000000Z,renewal,,,,,,2022-03-01T00:03:00.000000000Z,,1646092980000000000,,run_dfea4b7ac1475668d5968c97
BTCUSDT,permanent,False,1645488180000000000,2022-02-22T00:03:00.000000000Z,rebalance_skipped,joint_sizing:insufficient_cash,,,,,,,,,run_dfea4b7ac1475668d5968c97
ETHUSDT,permanent,False,1645603440000000000,2022-02-23T08:04:00.000000000Z,renewal,,,,,,2022-03-02T08:04:00.000000000Z,,1646208240000000000,,run_dfea4b7ac1475668d5968c97
ETHUSDT,permanent,False,1645603440000000000,2022-02-23T08:04:00.000000000Z,rebalance_skipped,joint_sizing:insufficient_cash,,,,,,,,,run_dfea4b7ac1475668d5968c97
BTCUSDT,permanent,False,1646092980000000000,2022-03-01T00:03:00.000000000Z,renewal,,,,,,2022-03-08T00:03:00.000000000Z,,1646697780000000000,,run_dfea4b7ac1475668d5968c97
ETHUSDT,permanent,False,1646208240000000000,2022-03-02T08:04:00.000000000Z,renewal,,,,,,2022-03-09T08:04:00.000000000Z,,1646813040000000000,,run_dfea4b7ac1475668d5968c97
ETHUSDT,permanent,False,1646208240000000000,2022-03-02T08:04:00.000000000Z,rebalance_skipped,joint_sizing:insufficient_cash,,,,,,,,,run_dfea4b7ac1475668d5968c97
BTCUSDT,permanent,False,1646697780000000000,2022-03-08T00:03:00.000000000Z,renewal,,,,,,2022-03-15T00:03:00.000000000Z,,1647302580000000000,,run_dfea4b7ac1475668d5968c97
BTCUSDT,permanent,False,1646697780000000000,2022-03-08T00:03:00.000000000Z,rebalance_skipped,joint_sizing:insufficient_cash,,,,,,,,,run_dfea4b7ac1475668d5968c97
ETHUSDT,permanent,False,1646813040000000000,2022-03-09T08:04:00.000000000Z,renewal,,,,,,2022-03-16T08:04:00.000000000Z,,1647417840000000000,,run_dfea4b7ac1475668d5968c97
ETHUSDT,permanent,False,1646813040000000000,2022-03-09T08:04:00.000000000Z,transition,renewal_rebalance,HOLDING,REBALANCING,,ETHUSDT-1641369660017000000,,,,,run_dfea4b7ac1475668d5968c97
ETHUSDT,permanent,False,1646813160000000000,2022-03-09T08:06:00.000000000Z,transition,rebalance_complete,REBALANCING,HOLDING,,ETHUSDT-1641369660017000000,,,,,run_dfea4b7ac1475668d5968c97
BTCUSDT,permanent,False,1647302580000000000,2022-03-15T00:03:00.000000000Z,renewal,,,,,,2022-03-22T00:03:00.000000000Z,,1647907380000000000,,run_dfea4b7ac1475668d5968c97
BTCUSDT,permanent,False,1647302580000000000,2022-03-15T00:03:00.000000000Z,rebalance_skipped,joint_sizing:insufficient_cash,,,,,,,,,run_dfea4b7ac1475668d5968c97
ETHUSDT,permanent,False,1647417840000000000,2022-03-16T08:04:00.000000000Z,renewal,,,,,,2022-03-23T08:04:00.000000000Z,,1648022640000000000,,run_dfea4b7ac1475668d5968c97
ETHUSDT,permanent,False,1647417840000000000,2022-03-16T08:04:00.000000000Z,rebalance_skipped,joint_sizing:insufficient_cash,,,,,,,,,run_dfea4b7ac1475668d5968c97
BTCUSDT,permanent,False,1647907380000000000,2022-03-22T00:03:00.000000000Z,renewal,,,,,,2022-03-29T00:03:00.000000000Z,,1648512180000000000,,run_dfea4b7ac1475668d5968c97
ETHUSDT,permanent,False,1648022640000000000,2022-03-23T08:04:00.000000000Z,renewal,,,,,,2022-03-30T08:04:00.000000000Z,,1648627440000000000,,run_dfea4b7ac1475668d5968c97
ETHUSDT,permanent,False,1648022640000000000,2022-03-23T08:04:00.000000000Z,rebalance_skipped,joint_sizing:insufficient_cash,,,,,,,,,run_dfea4b7ac1475668d5968c97
BTCUSDT,permanent,False,1648512180000000000,2022-03-29T00:03:00.000000000Z,renewal,,,,,,2022-04-05T00:03:00.000000000Z,,1649116980000000000,,run_dfea4b7ac1475668d5968c97
BTCUSDT,permanent,False,1648512180000000000,2022-03-29T00:03:00.000000000Z,transition,renewal_rebalance,HOLDING,REBALANCING,,BTCUSDT-1641254460000000000,,,,,run_dfea4b7ac1475668d5968c97
BTCUSDT,permanent,False,1648512300000000000,2022-03-29T00:05:00.000000000Z,transition,rebalance_complete,REBALANCING,HOLDING,,BTCUSDT-1641254460000000000,,,,,run_dfea4b7ac1475668d5968c97
ETHUSDT,permanent,False,1648627440000000000,2022-03-30T08:04:00.000000000Z,renewal,,,,,,2022-04-06T08:04:00.000000000Z,,1649232240000000000,,run_dfea4b7ac1475668d5968c97
BTCUSDT,permanent,False,1649116980000000000,2022-04-05T00:03:00.000000000Z,renewal,,,,,,2022-04-12T00:03:00.000000000Z,,1649721780000000000,,run_dfea4b7ac1475668d5968c97
ETHUSDT,permanent,False,1649232240000000000,2022-04-06T08:04:00.000000000Z,renewal,,,,,,2022-04-13T08:04:00.000000000Z,,1649837040000000000,,run_dfea4b7ac1475668d5968c97
BTCUSDT,permanent,False,1649721780000000000,2022-04-12T00:03:00.000000000Z,renewal,,,,,,2022-04-19T00:03:00.000000000Z,,1650326580000000000,,run_dfea4b7ac1475668d5968c97
BTCUSDT,permanent,False,1649721780000000000,2022-04-12T00:03:00.000000000Z,transition,renewal_rebalance,HOLDING,REBALANCING,,BTCUSDT-1641254460000000000,,,,,run_dfea4b7ac1475668d5968c97
BTCUSDT,permanent,False,1649721900000000000,2022-04-12T00:05:00.000000000Z,transition,rebalance_complete,REBALANCING,HOLDING,,BTCUSDT-1641254460000000000,,,,,run_dfea4b7ac1475668d5968c97
ETHUSDT,permanent,False,1649837040000000000,2022-04-13T08:04:00.000000000Z,renewal,,,,,,2022-04-20T08:04:00.000000000Z,,1650441840000000000,,run_dfea4b7ac1475668d5968c97
ETHUSDT,permanent,False,1649837040000000000,2022-04-13T08:04:00.000000000Z,transition,renewal_rebalance,HOLDING,REBALANCING,,ETHUSDT-1641369660017000000,,,,,run_dfea4b7ac1475668d5968c97
ETHUSDT,permanent,False,1649837160000000000,2022-04-13T08:06:00.000000000Z,transition,rebalance_complete,REBALANCING,HOLDING,,ETHUSDT-1641369660017000000,,,,,run_dfea4b7ac1475668d5968c97
BTCUSDT,permanent,False,1650326580000000000,2022-04-19T00:03:00.000000000Z,renewal,,,,,,2022-04-26T00:03:00.000000000Z,,1650931380000000000,,run_dfea4b7ac1475668d5968c97
ETHUSDT,permanent,False,1650441840000000000,2022-04-20T08:04:00.000000000Z,renewal,,,,,,2022-04-27T08:04:00.000000000Z,,1651046640000000000,,run_dfea4b7ac1475668d5968c97
BTCUSDT,permanent,False,1650931380000000000,2022-04-26T00:03:00.000000000Z,renewal,,,,,,2022-05-03T00:03:00.000000000Z,,1651536180000000000,,run_dfea4b7ac1475668d5968c97
ETHUSDT,permanent,False,1651046640000000000,2022-04-27T08:04:00.000000000Z,renewal,,,,,,2022-05-04T08:04:00.000000000Z,,1651651440000000000,,run_dfea4b7ac1475668d5968c97
ETHUSDT,permanent,False,1651046640000000000,2022-04-27T08:04:00.000000000Z,rebalance_skipped,joint_sizing:insufficient_cash,,,,,,,,,run_dfea4b7ac1475668d5968c97
BTCUSDT,permanent,False,1651536180000000000,2022-05-03T00:03:00.000000000Z,renewal,,,,,,2022-05-10T00:03:00.000000000Z,,1652140980000000000,,run_dfea4b7ac1475668d5968c97
BTCUSDT,permanent,False,1651536180000000000,2022-05-03T00:03:00.000000000Z,rebalance_skipped,joint_sizing:insufficient_cash,,,,,,,,,run_dfea4b7ac1475668d5968c97
ETHUSDT,permanent,False,1651651440000000000,2022-05-04T08:04:00.000000000Z,renewal,,,,,,2022-05-11T08:04:00.000000000Z,,1652256240000000000,,run_dfea4b7ac1475668d5968c97
ETHUSDT,permanent,False,1651651440000000000,2022-05-04T08:04:00.000000000Z,rebalance_skipped,joint_sizing:insufficient_cash,,,,,,,,,run_dfea4b7ac1475668d5968c97
BTCUSDT,permanent,False,1652140980000000000,2022-05-10T00:03:00.000000000Z,renewal,,,,,,2022-05-17T00:03:00.000000000Z,,1652745780000000000,,run_dfea4b7ac1475668d5968c97
BTCUSDT,permanent,False,1652140980000000000,2022-05-10T00:03:00.000000000Z,rebalance_skipped,joint_sizing:insufficient_cash,,,,,,,,,run_dfea4b7ac1475668d5968c97
ETHUSDT,permanent,False,1652256240000000000,2022-05-11T08:04:00.000000000Z,renewal,,,,,,2022-05-18T08:04:00.000000000Z,,1652861040000000000,,run_dfea4b7ac1475668d5968c97
ETHUSDT,permanent,False,1652256240000000000,2022-05-11T08:04:00.000000000Z,rebalance_skipped,joint_sizing:insufficient_cash,,,,,,,,,run_dfea4b7ac1475668d5968c97
BTCUSDT,permanent,False,1652745780000000000,2022-05-17T00:03:00.000000000Z,renewal,,,,,,2022-05-24T00:03:00.000000000Z,,1653350580000000000,,run_dfea4b7ac1475668d5968c97
BTCUSDT,permanent,False,1652745780000000000,2022-05-17T00:03:00.000000000Z,rebalance_skipped,joint_sizing:insufficient_cash,,,,,,,,,run_dfea4b7ac1475668d5968c97
ETHUSDT,permanent,False,1652861040000000000,2022-05-18T08:04:00.000000000Z,renewal,,,,,,2022-05-25T08:04:00.000000000Z,,1653465840000000000,,run_dfea4b7ac1475668d5968c97
ETHUSDT,permanent,False,1652861040000000000,2022-05-18T08:04:00.000000000Z,rebalance_skipped,joint_sizing:insufficient_cash,,,,,,,,,run_dfea4b7ac1475668d5968c97
BTCUSDT,permanent,False,1653350580000000000,2022-05-24T00:03:00.000000000Z,renewal,,,,,,2022-05-31T00:03:00.000000000Z,,1653955380000000000,,run_dfea4b7ac1475668d5968c97
BTCUSDT,permanent,False,1653350580000000000,2022-05-24T00:03:00.000000000Z,rebalance_skipped,joint_sizing:insufficient_cash,,,,,,,,,run_dfea4b7ac1475668d5968c97
ETHUSDT,permanent,False,1653465840000000000,2022-05-25T08:04:00.000000000Z,renewal,,,,,,2022-06-01T08:04:00.000000000Z,,1654070640000000000,,run_dfea4b7ac1475668d5968c97
ETHUSDT,permanent,False,1653465840000000000,2022-05-25T08:04:00.000000000Z,rebalance_skipped,joint_sizing:insufficient_cash,,,,,,,,,run_dfea4b7ac1475668d5968c97
BTCUSDT,permanent,False,1653757860000000000,2022-05-28T17:11:00.000000000Z,close_requested,real_market_inactivity,,,,,,False,,,run_dfea4b7ac1475668d5968c97
BTCUSDT,permanent,False,1653757860000000000,2022-05-28T17:11:00.000000000Z,transition,real_market_inactivity,HOLDING,CLOSING_PERP,,BTCUSDT-1641254460000000000,,,,,run_dfea4b7ac1475668d5968c97
ETHUSDT,permanent,False,1653757860000000000,2022-05-28T17:11:00.000000000Z,close_requested,real_market_inactivity,,,,,,False,,,run_dfea4b7ac1475668d5968c97
ETHUSDT,permanent,False,1653757860000000000,2022-05-28T17:11:00.000000000Z,transition,real_market_inactivity,HOLDING,CLOSING_PERP,,ETHUSDT-1641369660017000000,,,,,run_dfea4b7ac1475668d5968c97
BTCUSDT,permanent,False,1653757920000000000,2022-05-28T17:12:00.000000000Z,attempt_failed,timeout,,,permanent-00000017,,,,,close_perp,run_dfea4b7ac1475668d5968c97
ETHUSDT,permanent,False,1653757920000000000,2022-05-28T17:12:00.000000000Z,attempt_failed,timeout,,,permanent-00000018,,,,,close_perp,run_dfea4b7ac1475668d5968c97
BTCUSDT,permanent,False,1653757980000000000,2022-05-28T17:13:00.000000000Z,attempt_failed,timeout,,,permanent-00000019,,,,,close_perp,run_dfea4b7ac1475668d5968c97
ETHUSDT,permanent,False,1653757980000000000,2022-05-28T17:13:00.000000000Z,attempt_failed,timeout,,,permanent-00000020,,,,,close_perp,run_dfea4b7ac1475668d5968c97
BTCUSDT,permanent,False,1653758040000000000,2022-05-28T17:14:00.000000000Z,attempt_failed,timeout,,,permanent-00000021,,,,,close_perp,run_dfea4b7ac1475668d5968c97
ETHUSDT,permanent,False,1653758040000000000,2022-05-28T17:14:00.000000000Z,attempt_failed,timeout,,,permanent-00000022,,,,,close_perp,run_dfea4b7ac1475668d5968c97
BTCUSDT,permanent,False,1653758100000000000,2022-05-28T17:15:00.000000000Z,attempt_failed,timeout,,,permanent-00000023,,,,,close_perp,run_dfea4b7ac1475668d5968c97
ETHUSDT,permanent,False,1653758100000000000,2022-05-28T17:15:00.000000000Z,attempt_failed,timeout,,,permanent-00000024,,,,,close_perp,run_dfea4b7ac1475668d5968c97
BTCUSDT,permanent,False,1653758160000000000,2022-05-28T17:16:00.000000000Z,transition,perpetual_closed_waiting_spot,CLOSING_PERP,CLOSING_SPOT,,BTCUSDT-1641254460000000000,,,,,run_dfea4b7ac1475668d5968c97
ETHUSDT,permanent,False,1653758160000000000,2022-05-28T17:16:00.000000000Z,transition,perpetual_closed_waiting_spot,CLOSING_PERP,CLOSING_SPOT,,ETHUSDT-1641369660017000000,,,,,run_dfea4b7ac1475668d5968c97
BTCUSDT,permanent,False,1653758220000000000,2022-05-28T17:17:00.000000000Z,transition,unwind_complete,CLOSING_SPOT,COOLDOWN,,BTCUSDT-1641254460000000000,,,,,run_dfea4b7ac1475668d5968c97
ETHUSDT,permanent,False,1653758220000000000,2022-05-28T17:17:00.000000000Z,transition,unwind_complete,CLOSING_SPOT,COOLDOWN,,ETHUSDT-1641369660017000000,,,,,run_dfea4b7ac1475668d5968c97
BTCUSDT,permanent,False,1653868860000000000,2022-05-30T00:01:00.000000000Z,transition,cooldown_elapsed,COOLDOWN,FLAT,,BTCUSDT-1641254460000000000,,,,,run_dfea4b7ac1475668d5968c97
ETHUSDT,permanent,False,1653868860000000000,2022-05-30T00:01:00.000000000Z,transition,cooldown_elapsed,COOLDOWN,FLAT,,ETHUSDT-1641369660017000000,,,,,run_dfea4b7ac1475668d5968c97
BTCUSDT,permanent,False,1654041660000000000,2022-06-01T00:01:00.000000000Z,transition,entry,FLAT,OPENING_SPOT,permanent-00000029,BTCUSDT-1654041660000000000,,,,,run_dfea4b7ac1475668d5968c97
BTCUSDT,permanent,False,1654041720000000000,2022-06-01T00:02:00.000000000Z,transition,spot_filled_waiting_hedge,OPENING_SPOT,OPENING_PERP,,BTCUSDT-1654041660000000000,,,,,run_dfea4b7ac1475668d5968c97
BTCUSDT,permanent,False,1654041780000000000,2022-06-01T00:03:00.000000000Z,transition,opening_complete,OPENING_PERP,HOLDING,,BTCUSDT-1654041660000000000,,,,,run_dfea4b7ac1475668d5968c97
BTCUSDT,permanent,False,1654646580000000000,2022-06-08T00:03:00.000000000Z,renewal,,,,,,2022-06-15T00:03:00.000000000Z,,1655251380000000000,,run_dfea4b7ac1475668d5968c97
BTCUSDT,permanent,False,1655251380000000000,2022-06-15T00:03:00.000000000Z,renewal,,,,,,2022-06-22T00:03:00.000000000Z,,1655856180000000000,,run_dfea4b7ac1475668d5968c97
BTCUSDT,permanent,False,1655251380000000000,2022-06-15T00:03:00.000000000Z,transition,renewal_rebalance,HOLDING,REBALANCING,,BTCUSDT-1654041660000000000,,,,,run_dfea4b7ac1475668d5968c97
BTCUSDT,permanent,False,1655251500000000000,2022-06-15T00:05:00.000000000Z,transition,rebalance_complete,REBALANCING,HOLDING,,BTCUSDT-1654041660000000000,,,,,run_dfea4b7ac1475668d5968c97
BTCUSDT,permanent,False,1655856180000000000,2022-06-22T00:03:00.000000000Z,renewal,,,,,,2022-06-29T00:03:00.000000000Z,,1656460980000000000,,run_dfea4b7ac1475668d5968c97
BTCUSDT,permanent,False,1655856180000000000,2022-06-22T00:03:00.000000000Z,transition,renewal_rebalance,HOLDING,REBALANCING,,BTCUSDT-1654041660000000000,,,,,run_dfea4b7ac1475668d5968c97
BTCUSDT,permanent,False,1655856300000000000,2022-06-22T00:05:00.000000000Z,transition,rebalance_complete,REBALANCING,HOLDING,,BTCUSDT-1654041660000000000,,,,,run_dfea4b7ac1475668d5968c97
BTCUSDT,permanent,False,1656460980000000000,2022-06-29T00:03:00.000000000Z,renewal,,,,,,2022-07-06T00:03:00.000000000Z,,1657065780000000000,,run_dfea4b7ac1475668d5968c97
BTCUSDT,permanent,False,1657065780000000000,2022-07-06T00:03:00.000000000Z,renewal,,,,,,2022-07-13T00:03:00.000000000Z,,1657670580000000000,,run_dfea4b7ac1475668d5968c97
BTCUSDT,permanent,False,1657670580000000000,2022-07-13T00:03:00.000000000Z,renewal,,,,,,2022-07-20T00:03:00.000000000Z,,1658275380000000000,,run_dfea4b7ac1475668d5968c97
BTCUSDT,permanent,False,1657670580000000000,2022-07-13T00:03:00.000000000Z,transition,renewal_rebalance,HOLDING,REBALANCING,,BTCUSDT-1654041660000000000,,,,,run_dfea4b7ac1475668d5968c97
BTCUSDT,permanent,False,1657670700000000000,2022-07-13T00:05:00.000000000Z,transition,rebalance_complete,REBALANCING,HOLDING,,BTCUSDT-1654041660000000000,,,,,run_dfea4b7ac1475668d5968c97
BTCUSDT,permanent,False,1658275380000000000,2022-07-20T00:03:00.000000000Z,renewal,,,,,,2022-07-27T00:03:00.000000000Z,,1658880180000000000,,run_dfea4b7ac1475668d5968c97
BTCUSDT,permanent,False,1658275380000000000,2022-07-20T00:03:00.000000000Z,transition,renewal_rebalance,HOLDING,REBALANCING,,BTCUSDT-1654041660000000000,,,,,run_dfea4b7ac1475668d5968c97
BTCUSDT,permanent,False,1658275500000000000,2022-07-20T00:05:00.000000000Z,transition,rebalance_complete,REBALANCING,HOLDING,,BTCUSDT-1654041660000000000,,,,,run_dfea4b7ac1475668d5968c97
ETHUSDT,permanent,False,1658649660011000000,2022-07-24T08:01:00.011000000Z,transition,entry,FLAT,OPENING_SPOT,permanent-00000039,ETHUSDT-1658649660011000000,,,,,run_dfea4b7ac1475668d5968c97
ETHUSDT,permanent,False,1658649780000000000,2022-07-24T08:03:00.000000000Z,transition,spot_filled_waiting_hedge,OPENING_SPOT,OPENING_PERP,,ETHUSDT-1658649660011000000,,,,,run_dfea4b7ac1475668d5968c97
ETHUSDT,permanent,False,1658649840000000000,2022-07-24T08:04:00.000000000Z,transition,opening_complete,OPENING_PERP,HOLDING,,ETHUSDT-1658649660011000000,,,,,run_dfea4b7ac1475668d5968c97
BTCUSDT,permanent,False,1658880180000000000,2022-07-27T00:03:00.000000000Z,renewal,,,,,,2022-08-03T00:03:00.000000000Z,,1659484980000000000,,run_dfea4b7ac1475668d5968c97
BTCUSDT,permanent,False,1658880180000000000,2022-07-27T00:03:00.000000000Z,transition,renewal_rebalance,HOLDING,REBALANCING,,BTCUSDT-1654041660000000000,,,,,run_dfea4b7ac1475668d5968c97
BTCUSDT,permanent,False,1658880300000000000,2022-07-27T00:05:00.000000000Z,transition,rebalance_complete,REBALANCING,HOLDING,,BTCUSDT-1654041660000000000,,,,,run_dfea4b7ac1475668d5968c97
ETHUSDT,permanent,False,1659254640000000000,2022-07-31T08:04:00.000000000Z,renewal,,,,,,2022-08-07T08:04:00.000000000Z,,1659859440000000000,,run_dfea4b7ac1475668d5968c97
ETHUSDT,permanent,False,1659254640000000000,2022-07-31T08:04:00.000000000Z,transition,renewal_rebalance,HOLDING,REBALANCING,,ETHUSDT-1658649660011000000,,,,,run_dfea4b7ac1475668d5968c97
ETHUSDT,permanent,False,1659254760000000000,2022-07-31T08:06:00.000000000Z,transition,rebalance_complete,REBALANCING,HOLDING,,ETHUSDT-1658649660011000000,,,,,run_dfea4b7ac1475668d5968c97
BTCUSDT,permanent,False,1659484980000000000,2022-08-03T00:03:00.000000000Z,renewal,,,,,,2022-08-10T00:03:00.000000000Z,,1660089780000000000,,run_dfea4b7ac1475668d5968c97
ETHUSDT,permanent,False,1659859440000000000,2022-08-07T08:04:00.000000000Z,renewal,,,,,,2022-08-14T08:04:00.000000000Z,,1660464240000000000,,run_dfea4b7ac1475668d5968c97
BTCUSDT,permanent,False,1660089780000000000,2022-08-10T00:03:00.000000000Z,renewal,,,,,,2022-08-17T00:03:00.000000000Z,,1660694580000000000,,run_dfea4b7ac1475668d5968c97
ETHUSDT,permanent,False,1660464240000000000,2022-08-14T08:04:00.000000000Z,renewal,,,,,,2022-08-21T08:04:00.000000000Z,,1661069040000000000,,run_dfea4b7ac1475668d5968c97
ETHUSDT,permanent,False,1660464240000000000,2022-08-14T08:04:00.000000000Z,transition,renewal_rebalance,HOLDING,REBALANCING,,ETHUSDT-1658649660011000000,,,,,run_dfea4b7ac1475668d5968c97
ETHUSDT,permanent,False,1660464360000000000,2022-08-14T08:06:00.000000000Z,transition,rebalance_complete,REBALANCING,HOLDING,,ETHUSDT-1658649660011000000,,,,,run_dfea4b7ac1475668d5968c97
BTCUSDT,permanent,False,1660694580000000000,2022-08-17T00:03:00.000000000Z,renewal,,,,,,2022-08-24T00:03:00.000000000Z,,1661299380000000000,,run_dfea4b7ac1475668d5968c97
BTCUSDT,permanent,False,1660694580000000000,2022-08-17T00:03:00.000000000Z,transition,renewal_rebalance,HOLDING,REBALANCING,,BTCUSDT-1654041660000000000,,,,,run_dfea4b7ac1475668d5968c97
BTCUSDT,permanent,False,1660694700000000000,2022-08-17T00:05:00.000000000Z,transition,rebalance_complete,REBALANCING,HOLDING,,BTCUSDT-1654041660000000000,,,,,run_dfea4b7ac1475668d5968c97
ETHUSDT,permanent,False,1661069040000000000,2022-08-21T08:04:00.000000000Z,renewal,,,,,,2022-08-28T08:04:00.000000000Z,,1661673840000000000,,run_dfea4b7ac1475668d5968c97
ETHUSDT,permanent,False,1661069040000000000,2022-08-21T08:04:00.000000000Z,transition,renewal_rebalance,HOLDING,REBALANCING,,ETHUSDT-1658649660011000000,,,,,run_dfea4b7ac1475668d5968c97
ETHUSDT,permanent,False,1661069160000000000,2022-08-21T08:06:00.000000000Z,transition,rebalance_complete,REBALANCING,HOLDING,,ETHUSDT-1658649660011000000,,,,,run_dfea4b7ac1475668d5968c97
BTCUSDT,permanent,False,1661299380000000000,2022-08-24T00:03:00.000000000Z,renewal,,,,,,2022-08-31T00:03:00.000000000Z,,1661904180000000000,,run_dfea4b7ac1475668d5968c97
BTCUSDT,permanent,False,1661299380000000000,2022-08-24T00:03:00.000000000Z,transition,renewal_rebalance,HOLDING,REBALANCING,,BTCUSDT-1654041660000000000,,,,,run_dfea4b7ac1475668d5968c97
BTCUSDT,permanent,False,1661299500000000000,2022-08-24T00:05:00.000000000Z,transition,rebalance_complete,REBALANCING,HOLDING,,BTCUSDT-1654041660000000000,,,,,run_dfea4b7ac1475668d5968c97
ETHUSDT,permanent,False,1661673840000000000,2022-08-28T08:04:00.000000000Z,renewal,,,,,,2022-09-04T08:04:00.000000000Z,,1662278640000000000,,run_dfea4b7ac1475668d5968c97
ETHUSDT,permanent,False,1661673840000000000,2022-08-28T08:04:00.000000000Z,rebalance_skipped,joint_sizing:insufficient_cash,,,,,,,,,run_dfea4b7ac1475668d5968c97
BTCUSDT,permanent,False,1661904180000000000,2022-08-31T00:03:00.000000000Z,renewal,,,,,,2022-09-07T00:03:00.000000000Z,,1662508980000000000,,run_dfea4b7ac1475668d5968c97
BTCUSDT,permanent,False,1661904180000000000,2022-08-31T00:03:00.000000000Z,rebalance_skipped,joint_sizing:insufficient_cash,,,,,,,,,run_dfea4b7ac1475668d5968c97
ETHUSDT,permanent,False,1662278640000000000,2022-09-04T08:04:00.000000000Z,renewal,,,,,,2022-09-11T08:04:00.000000000Z,,1662883440000000000,,run_dfea4b7ac1475668d5968c97
BTCUSDT,permanent,False,1662508980000000000,2022-09-07T00:03:00.000000000Z,renewal,,,,,,2022-09-14T00:03:00.000000000Z,,1663113780000000000,,run_dfea4b7ac1475668d5968c97
BTCUSDT,permanent,False,1662508980000000000,2022-09-07T00:03:00.000000000Z,rebalance_skipped,joint_sizing:insufficient_cash,,,,,,,,,run_dfea4b7ac1475668d5968c97
ETHUSDT,permanent,False,1662883440000000000,2022-09-11T08:04:00.000000000Z,renewal,,,,,,2022-09-18T08:04:00.000000000Z,,1663488240000000000,,run_dfea4b7ac1475668d5968c97
ETHUSDT,permanent,False,1662883440000000000,2022-09-11T08:04:00.000000000Z,transition,renewal_rebalance,HOLDING,REBALANCING,,ETHUSDT-1658649660011000000,,,,,run_dfea4b7ac1475668d5968c97
ETHUSDT,permanent,False,1662883560000000000,2022-09-11T08:06:00.000000000Z,transition,rebalance_complete,REBALANCING,HOLDING,,ETHUSDT-1658649660011000000,,,,,run_dfea4b7ac1475668d5968c97
BTCUSDT,permanent,False,1663113780000000000,2022-09-14T00:03:00.000000000Z,renewal,,,,,,2022-09-21T00:03:00.000000000Z,,1663718580000000000,,run_dfea4b7ac1475668d5968c97
BTCUSDT,permanent,False,1663113780000000000,2022-09-14T00:03:00.000000000Z,transition,renewal_rebalance,HOLDING,REBALANCING,,BTCUSDT-1654041660000000000,,,,,run_dfea4b7ac1475668d5968c97
BTCUSDT,permanent,False,1663113900000000000,2022-09-14T00:05:00.000000000Z,transition,rebalance_complete,REBALANCING,HOLDING,,BTCUSDT-1654041660000000000,,,,,run_dfea4b7ac1475668d5968c97
ETHUSDT,permanent,False,1663488240000000000,2022-09-18T08:04:00.000000000Z,renewal,,,,,,2022-09-25T08:04:00.000000000Z,,1664093040000000000,,run_dfea4b7ac1475668d5968c97
ETHUSDT,permanent,False,1663488240000000000,2022-09-18T08:04:00.000000000Z,rebalance_skipped,joint_sizing:insufficient_cash,,,,,,,,,run_dfea4b7ac1475668d5968c97
BTCUSDT,permanent,False,1663718580000000000,2022-09-21T00:03:00.000000000Z,renewal,,,,,,2022-09-28T00:03:00.000000000Z,,1664323380000000000,,run_dfea4b7ac1475668d5968c97
BTCUSDT,permanent,False,1663718580000000000,2022-09-21T00:03:00.000000000Z,rebalance_skipped,joint_sizing:insufficient_cash,,,,,,,,,run_dfea4b7ac1475668d5968c97
ETHUSDT,permanent,False,1664093040000000000,2022-09-25T08:04:00.000000000Z,renewal,,,,,,2022-10-02T08:04:00.000000000Z,,1664697840000000000,,run_dfea4b7ac1475668d5968c97
ETHUSDT,permanent,False,1664093040000000000,2022-09-25T08:04:00.000000000Z,rebalance_skipped,joint_sizing:insufficient_cash,,,,,,,,,run_dfea4b7ac1475668d5968c97
BTCUSDT,permanent,False,1664323380000000000,2022-09-28T00:03:00.000000000Z,renewal,,,,,,2022-10-05T00:03:00.000000000Z,,1664928180000000000,,run_dfea4b7ac1475668d5968c97
BTCUSDT,permanent,False,1664323380000000000,2022-09-28T00:03:00.000000000Z,rebalance_skipped,joint_sizing:insufficient_cash,,,,,,,,,run_dfea4b7ac1475668d5968c97
ETHUSDT,permanent,False,1664697840000000000,2022-10-02T08:04:00.000000000Z,renewal,,,,,,2022-10-09T08:04:00.000000000Z,,1665302640000000000,,run_dfea4b7ac1475668d5968c97
ETHUSDT,permanent,False,1664697840000000000,2022-10-02T08:04:00.000000000Z,transition,renewal_rebalance,HOLDING,REBALANCING,,ETHUSDT-1658649660011000000,,,,,run_dfea4b7ac1475668d5968c97
ETHUSDT,permanent,False,1664697960000000000,2022-10-02T08:06:00.000000000Z,transition,rebalance_complete,REBALANCING,HOLDING,,ETHUSDT-1658649660011000000,,,,,run_dfea4b7ac1475668d5968c97
BTCUSDT,permanent,False,1664928180000000000,2022-10-05T00:03:00.000000000Z,renewal,,,,,,2022-10-12T00:03:00.000000000Z,,1665532980000000000,,run_dfea4b7ac1475668d5968c97
ETHUSDT,permanent,False,1665302640000000000,2022-10-09T08:04:00.000000000Z,renewal,,,,,,2022-10-16T08:04:00.000000000Z,,1665907440000000000,,run_dfea4b7ac1475668d5968c97
ETHUSDT,permanent,False,1665302640000000000,2022-10-09T08:04:00.000000000Z,rebalance_skipped,joint_sizing:insufficient_cash,,,,,,,,,run_dfea4b7ac1475668d5968c97
BTCUSDT,permanent,False,1665532980000000000,2022-10-12T00:03:00.000000000Z,renewal,,,,,,2022-10-19T00:03:00.000000000Z,,1666137780000000000,,run_dfea4b7ac1475668d5968c97
BTCUSDT,permanent,False,1665532980000000000,2022-10-12T00:03:00.000000000Z,rebalance_skipped,joint_sizing:insufficient_cash,,,,,,,,,run_dfea4b7ac1475668d5968c97
ETHUSDT,permanent,False,1665907440000000000,2022-10-16T08:04:00.000000000Z,renewal,,,,,,2022-10-23T08:04:00.000000000Z,,1666512240000000000,,run_dfea4b7ac1475668d5968c97
ETHUSDT,permanent,False,1665907440000000000,2022-10-16T08:04:00.000000000Z,rebalance_skipped,joint_sizing:insufficient_cash,,,,,,,,,run_dfea4b7ac1475668d5968c97
BTCUSDT,permanent,False,1666137780000000000,2022-10-19T00:03:00.000000000Z,renewal,,,,,,2022-10-26T00:03:00.000000000Z,,1666742580000000000,,run_dfea4b7ac1475668d5968c97
ETHUSDT,permanent,False,1666512240000000000,2022-10-23T08:04:00.000000000Z,renewal,,,,,,2022-10-30T08:04:00.000000000Z,,1667117040000000000,,run_dfea4b7ac1475668d5968c97
ETHUSDT,permanent,False,1666512240000000000,2022-10-23T08:04:00.000000000Z,rebalance_skipped,joint_sizing:insufficient_cash,,,,,,,,,run_dfea4b7ac1475668d5968c97
BTCUSDT,permanent,False,1666742580000000000,2022-10-26T00:03:00.000000000Z,renewal,,,,,,2022-11-02T00:03:00.000000000Z,,1667347380000000000,,run_dfea4b7ac1475668d5968c97
ETHUSDT,permanent,False,1667117040000000000,2022-10-30T08:04:00.000000000Z,renewal,,,,,,2022-11-06T08:04:00.000000000Z,,1667721840000000000,,run_dfea4b7ac1475668d5968c97
ETHUSDT,permanent,False,1667117040000000000,2022-10-30T08:04:00.000000000Z,rebalance_skipped,joint_sizing:insufficient_cash,,,,,,,,,run_dfea4b7ac1475668d5968c97
BTCUSDT,permanent,False,1667347380000000000,2022-11-02T00:03:00.000000000Z,renewal,,,,,,2022-11-09T00:03:00.000000000Z,,1667952180000000000,,run_dfea4b7ac1475668d5968c97
ETHUSDT,permanent,False,1667721840000000000,2022-11-06T08:04:00.000000000Z,renewal,,,,,,2022-11-13T08:04:00.000000000Z,,1668326640000000000,,run_dfea4b7ac1475668d5968c97
ETHUSDT,permanent,False,1667721840000000000,2022-11-06T08:04:00.000000000Z,rebalance_skipped,joint_sizing:insufficient_cash,,,,,,,,,run_dfea4b7ac1475668d5968c97
BTCUSDT,permanent,False,1667952180000000000,2022-11-09T00:03:00.000000000Z,renewal,,,,,,2022-11-16T00:03:00.000000000Z,,1668556980000000000,,run_dfea4b7ac1475668d5968c97
BTCUSDT,permanent,False,1667952180000000000,2022-11-09T00:03:00.000000000Z,rebalance_skipped,joint_sizing:insufficient_cash,,,,,,,,,run_dfea4b7ac1475668d5968c97
ETHUSDT,permanent,False,1668326640000000000,2022-11-13T08:04:00.000000000Z,renewal,,,,,,2022-11-20T08:04:00.000000000Z,,1668931440000000000,,run_dfea4b7ac1475668d5968c97
ETHUSDT,permanent,False,1668326640000000000,2022-11-13T08:04:00.000000000Z,rebalance_skipped,joint_sizing:insufficient_cash,,,,,,,,,run_dfea4b7ac1475668d5968c97
BTCUSDT,permanent,False,1668556980000000000,2022-11-16T00:03:00.000000000Z,renewal,,,,,,2022-11-23T00:03:00.000000000Z,,1669161780000000000,,run_dfea4b7ac1475668d5968c97
BTCUSDT,permanent,False,1668556980000000000,2022-11-16T00:03:00.000000000Z,rebalance_skipped,joint_sizing:insufficient_cash,,,,,,,,,run_dfea4b7ac1475668d5968c97
ETHUSDT,permanent,False,1668931440000000000,2022-11-20T08:04:00.000000000Z,renewal,,,,,,2022-11-27T08:04:00.000000000Z,,1669536240000000000,,run_dfea4b7ac1475668d5968c97
ETHUSDT,permanent,False,1668931440000000000,2022-11-20T08:04:00.000000000Z,rebalance_skipped,joint_sizing:insufficient_cash,,,,,,,,,run_dfea4b7ac1475668d5968c97
BTCUSDT,permanent,False,1669161780000000000,2022-11-23T00:03:00.000000000Z,renewal,,,,,,2022-11-30T00:03:00.000000000Z,,1669766580000000000,,run_dfea4b7ac1475668d5968c97
BTCUSDT,permanent,False,1669161780000000000,2022-11-23T00:03:00.000000000Z,rebalance_skipped,joint_sizing:insufficient_cash,,,,,,,,,run_dfea4b7ac1475668d5968c97
ETHUSDT,permanent,False,1669536240000000000,2022-11-27T08:04:00.000000000Z,renewal,,,,,,2022-12-04T08:04:00.000000000Z,,1670141040000000000,,run_dfea4b7ac1475668d5968c97
ETHUSDT,permanent,False,1669536240000000000,2022-11-27T08:04:00.000000000Z,rebalance_skipped,joint_sizing:insufficient_cash,,,,,,,,,run_dfea4b7ac1475668d5968c97
BTCUSDT,permanent,False,1669766580000000000,2022-11-30T00:03:00.000000000Z,renewal,,,,,,2022-12-07T00:03:00.000000000Z,,1670371380000000000,,run_dfea4b7ac1475668d5968c97
BTCUSDT,permanent,False,1669766580000000000,2022-11-30T00:03:00.000000000Z,rebalance_skipped,joint_sizing:insufficient_cash,,,,,,,,,run_dfea4b7ac1475668d5968c97
ETHUSDT,permanent,False,1670141040000000000,2022-12-04T08:04:00.000000000Z,renewal,,,,,,2022-12-11T08:04:00.000000000Z,,1670745840000000000,,run_dfea4b7ac1475668d5968c97
ETHUSDT,permanent,False,1670141040000000000,2022-12-04T08:04:00.000000000Z,rebalance_skipped,joint_sizing:insufficient_cash,,,,,,,,,run_dfea4b7ac1475668d5968c97
BTCUSDT,permanent,False,1670371380000000000,2022-12-07T00:03:00.000000000Z,renewal,,,,,,2022-12-14T00:03:00.000000000Z,,1670976180000000000,,run_dfea4b7ac1475668d5968c97
BTCUSDT,permanent,False,1670371380000000000,2022-12-07T00:03:00.000000000Z,rebalance_skipped,joint_sizing:insufficient_cash,,,,,,,,,run_dfea4b7ac1475668d5968c97
ETHUSDT,permanent,False,1670745840000000000,2022-12-11T08:04:00.000000000Z,renewal,,,,,,2022-12-18T08:04:00.000000000Z,,1671350640000000000,,run_dfea4b7ac1475668d5968c97
ETHUSDT,permanent,False,1670745840000000000,2022-12-11T08:04:00.000000000Z,rebalance_skipped,joint_sizing:insufficient_cash,,,,,,,,,run_dfea4b7ac1475668d5968c97
BTCUSDT,permanent,False,1670976180000000000,2022-12-14T00:03:00.000000000Z,renewal,,,,,,2022-12-21T00:03:00.000000000Z,,1671580980000000000,,run_dfea4b7ac1475668d5968c97
BTCUSDT,permanent,False,1670976180000000000,2022-12-14T00:03:00.000000000Z,rebalance_skipped,joint_sizing:insufficient_cash,,,,,,,,,run_dfea4b7ac1475668d5968c97
ETHUSDT,permanent,False,1671350640000000000,2022-12-18T08:04:00.000000000Z,renewal,,,,,,2022-12-25T08:04:00.000000000Z,,1671955440000000000,,run_dfea4b7ac1475668d5968c97
ETHUSDT,permanent,False,1671350640000000000,2022-12-18T08:04:00.000000000Z,rebalance_skipped,joint_sizing:insufficient_cash,,,,,,,,,run_dfea4b7ac1475668d5968c97
BTCUSDT,permanent,False,1671580980000000000,2022-12-21T00:03:00.000000000Z,renewal,,,,,,2022-12-28T00:03:00.000000000Z,,1672185780000000000,,run_dfea4b7ac1475668d5968c97
BTCUSDT,permanent,False,1671580980000000000,2022-12-21T00:03:00.000000000Z,rebalance_skipped,joint_sizing:insufficient_cash,,,,,,,,,run_dfea4b7ac1475668d5968c97
ETHUSDT,permanent,False,1671955440000000000,2022-12-25T08:04:00.000000000Z,renewal,,,,,,2023-01-01T08:04:00.000000000Z,,1672560240000000000,,run_dfea4b7ac1475668d5968c97
ETHUSDT,permanent,False,1671955440000000000,2022-12-25T08:04:00.000000000Z,rebalance_skipped,joint_sizing:insufficient_cash,,,,,,,,,run_dfea4b7ac1475668d5968c97
BTCUSDT,permanent,False,1672185780000000000,2022-12-28T00:03:00.000000000Z,renewal,,,,,,2023-01-04T00:03:00.000000000Z,,1672790580000000000,,run_dfea4b7ac1475668d5968c97
BTCUSDT,permanent,False,1672185780000000000,2022-12-28T00:03:00.000000000Z,rebalance_skipped,joint_sizing:insufficient_cash,,,,,,,,,run_dfea4b7ac1475668d5968c97
ETHUSDT,permanent,False,1672560240000000000,2023-01-01T08:04:00.000000000Z,renewal,,,,,,2023-01-08T08:04:00.000000000Z,,1673165040000000000,,run_dfea4b7ac1475668d5968c97
ETHUSDT,permanent,False,1672560240000000000,2023-01-01T08:04:00.000000000Z,transition,renewal_rebalance,HOLDING,REBALANCING,,ETHUSDT-1658649660011000000,,,,,run_dfea4b7ac1475668d5968c97
ETHUSDT,permanent,False,1672560360000000000,2023-01-01T08:06:00.000000000Z,transition,rebalance_complete,REBALANCING,HOLDING,,ETHUSDT-1658649660011000000,,,,,run_dfea4b7ac1475668d5968c97
BTCUSDT,permanent,False,1672790580000000000,2023-01-04T00:03:00.000000000Z,renewal,,,,,,2023-01-11T00:03:00.000000000Z,,1673395380000000000,,run_dfea4b7ac1475668d5968c97
BTCUSDT,permanent,False,1672790580000000000,2023-01-04T00:03:00.000000000Z,rebalance_skipped,joint_sizing:insufficient_cash,,,,,,,,,run_dfea4b7ac1475668d5968c97
ETHUSDT,permanent,False,1673165040000000000,2023-01-08T08:04:00.000000000Z,renewal,,,,,,2023-01-15T08:04:00.000000000Z,,1673769840000000000,,run_dfea4b7ac1475668d5968c97
ETHUSDT,permanent,False,1673165040000000000,2023-01-08T08:04:00.000000000Z,rebalance_skipped,joint_sizing:insufficient_cash,,,,,,,,,run_dfea4b7ac1475668d5968c97
BTCUSDT,permanent,False,1673395380000000000,2023-01-11T00:03:00.000000000Z,renewal,,,,,,2023-01-18T00:03:00.000000000Z,,1674000180000000000,,run_dfea4b7ac1475668d5968c97
BTCUSDT,permanent,False,1673395380000000000,2023-01-11T00:03:00.000000000Z,rebalance_skipped,joint_sizing:insufficient_cash,,,,,,,,,run_dfea4b7ac1475668d5968c97
ETHUSDT,permanent,False,1673656740000000000,2023-01-14T00:39:00.000000000Z,close_requested,basis_widening,,,,,,False,,,run_dfea4b7ac1475668d5968c97
ETHUSDT,permanent,False,1673656740000000000,2023-01-14T00:39:00.000000000Z,transition,basis_widening,HOLDING,CLOSING_PERP,,ETHUSDT-1658649660011000000,,,,,run_dfea4b7ac1475668d5968c97
ETHUSDT,permanent,False,1673656800000000000,2023-01-14T00:40:00.000000000Z,transition,perpetual_closed_waiting_spot,CLOSING_PERP,CLOSING_SPOT,,ETHUSDT-1658649660011000000,,,,,run_dfea4b7ac1475668d5968c97
ETHUSDT,permanent,False,1673656860000000000,2023-01-14T00:41:00.000000000Z,transition,unwind_complete,CLOSING_SPOT,COOLDOWN,,ETHUSDT-1658649660011000000,,,,,run_dfea4b7ac1475668d5968c97
ETHUSDT,permanent,False,1673656860000000000,2023-01-14T00:41:00.000000000Z,close_requested,basis_widening,,,,,,False,,,run_dfea4b7ac1475668d5968c97
ETHUSDT,permanent,False,1673656860000000000,2023-01-14T00:41:00.000000000Z,transition,unwind_complete,COOLDOWN,COOLDOWN,,ETHUSDT-1658649660011000000,,,,,run_dfea4b7ac1475668d5968c97
ETHUSDT,permanent,False,1673656920000000000,2023-01-14T00:42:00.000000000Z,close_requested,basis_widening,,,,,,False,,,run_dfea4b7ac1475668d5968c97
ETHUSDT,permanent,False,1673656920000000000,2023-01-14T00:42:00.000000000Z,transition,unwind_complete,COOLDOWN,COOLDOWN,,ETHUSDT-1658649660011000000,,,,,run_dfea4b7ac1475668d5968c97
ETHUSDT,permanent,False,1673769660002000000,2023-01-15T08:01:00.002000000Z,transition,cooldown_elapsed,COOLDOWN,FLAT,,ETHUSDT-1658649660011000000,,,,,run_dfea4b7ac1475668d5968c97
ETHUSDT,permanent,False,1673769660002000000,2023-01-15T08:01:00.002000000Z,transition,entry,FLAT,OPENING_SPOT,permanent-00000063,ETHUSDT-1673769660002000000,,,,,run_dfea4b7ac1475668d5968c97
ETHUSDT,permanent,False,1673769780000000000,2023-01-15T08:03:00.000000000Z,transition,spot_filled_waiting_hedge,OPENING_SPOT,OPENING_PERP,,ETHUSDT-1673769660002000000,,,,,run_dfea4b7ac1475668d5968c97
ETHUSDT,permanent,False,1673769840000000000,2023-01-15T08:04:00.000000000Z,attempt_failed,timeout,,,permanent-00000064,,,,,open_perp,run_dfea4b7ac1475668d5968c97
ETHUSDT,permanent,False,1673769840000000000,2023-01-15T08:04:00.000000000Z,close_requested,opening_or_second_leg_failed,,,,,,False,,,run_dfea4b7ac1475668d5968c97
ETHUSDT,permanent,False,1673769840000000000,2023-01-15T08:04:00.000000000Z,transition,opening_or_second_leg_failed,OPENING_PERP,CLOSING_PERP,,ETHUSDT-1673769660002000000,,,,,run_dfea4b7ac1475668d5968c97
ETHUSDT,permanent,False,1673769900000000000,2023-01-15T08:05:00.000000000Z,transition,perpetual_closed_waiting_spot,CLOSING_PERP,CLOSING_SPOT,,ETHUSDT-1673769660002000000,,,,,run_dfea4b7ac1475668d5968c97
ETHUSDT,permanent,False,1673769960000000000,2023-01-15T08:06:00.000000000Z,attempt_failed,timeout,,,permanent-00000066,,,,,close_spot,run_dfea4b7ac1475668d5968c97
ETHUSDT,permanent,False,1673770020000000000,2023-01-15T08:07:00.000000000Z,attempt_failed,timeout,,,permanent-00000067,,,,,close_spot,run_dfea4b7ac1475668d5968c97
ETHUSDT,permanent,False,1673770080000000000,2023-01-15T08:08:00.000000000Z,transition,unwind_complete,CLOSING_SPOT,COOLDOWN,,ETHUSDT-1673769660002000000,,,,,run_dfea4b7ac1475668d5968c97
ETHUSDT,permanent,False,1673884860000000000,2023-01-16T16:01:00.000000000Z,transition,cooldown_elapsed,COOLDOWN,FLAT,,ETHUSDT-1673769660002000000,,,,,run_dfea4b7ac1475668d5968c97
ETHUSDT,permanent,False,1673884860000000000,2023-01-16T16:01:00.000000000Z,transition,entry,FLAT,OPENING_SPOT,permanent-00000069,ETHUSDT-1673884860000000000,,,,,run_dfea4b7ac1475668d5968c97
ETHUSDT,permanent,False,1673884920000000000,2023-01-16T16:02:00.000000000Z,transition,spot_filled_waiting_hedge,OPENING_SPOT,OPENING_PERP,,ETHUSDT-1673884860000000000,,,,,run_dfea4b7ac1475668d5968c97
ETHUSDT,permanent,False,1673884980000000000,2023-01-16T16:03:00.000000000Z,transition,opening_complete,OPENING_PERP,HOLDING,,ETHUSDT-1673884860000000000,,,,,run_dfea4b7ac1475668d5968c97
BTCUSDT,permanent,False,1674000180000000000,2023-01-18T00:03:00.000000000Z,renewal,,,,,,2023-01-25T00:03:00.000000000Z,,1674604980000000000,,run_dfea4b7ac1475668d5968c97
ETHUSDT,permanent,False,1674489780000000000,2023-01-23T16:03:00.000000000Z,renewal,,,,,,2023-01-30T16:03:00.000000000Z,,1675094580000000000,,run_dfea4b7ac1475668d5968c97
BTCUSDT,permanent,False,1674604980000000000,2023-01-25T00:03:00.000000000Z,renewal,,,,,,2023-02-01T00:03:00.000000000Z,,1675209780000000000,,run_dfea4b7ac1475668d5968c97
BTCUSDT,permanent,False,1674604980000000000,2023-01-25T00:03:00.000000000Z,transition,renewal_rebalance,HOLDING,REBALANCING,,BTCUSDT-1654041660000000000,,,,,run_dfea4b7ac1475668d5968c97
BTCUSDT,permanent,False,1674605100000000000,2023-01-25T00:05:00.000000000Z,transition,rebalance_complete,REBALANCING,HOLDING,,BTCUSDT-1654041660000000000,,,,,run_dfea4b7ac1475668d5968c97
ETHUSDT,permanent,False,1675094580000000000,2023-01-30T16:03:00.000000000Z,renewal,,,,,,2023-02-06T16:03:00.000000000Z,,1675699380000000000,,run_dfea4b7ac1475668d5968c97
ETHUSDT,permanent,False,1675094580000000000,2023-01-30T16:03:00.000000000Z,transition,renewal_rebalance,HOLDING,REBALANCING,,ETHUSDT-1673884860000000000,,,,,run_dfea4b7ac1475668d5968c97
ETHUSDT,permanent,False,1675094700000000000,2023-01-30T16:05:00.000000000Z,transition,rebalance_complete,REBALANCING,HOLDING,,ETHUSDT-1673884860000000000,,,,,run_dfea4b7ac1475668d5968c97
BTCUSDT,permanent,False,1675209780000000000,2023-02-01T00:03:00.000000000Z,renewal,,,,,,2023-02-08T00:03:00.000000000Z,,1675814580000000000,,run_dfea4b7ac1475668d5968c97
ETHUSDT,permanent,False,1675699380000000000,2023-02-06T16:03:00.000000000Z,renewal,,,,,,2023-02-13T16:03:00.000000000Z,,1676304180000000000,,run_dfea4b7ac1475668d5968c97
BTCUSDT,permanent,False,1675814580000000000,2023-02-08T00:03:00.000000000Z,renewal,,,,,,2023-02-15T00:03:00.000000000Z,,1676419380000000000,,run_dfea4b7ac1475668d5968c97
ETHUSDT,permanent,False,1676304180000000000,2023-02-13T16:03:00.000000000Z,renewal,,,,,,2023-02-20T16:03:00.000000000Z,,1676908980000000000,,run_dfea4b7ac1475668d5968c97
ETHUSDT,permanent,False,1676304180000000000,2023-02-13T16:03:00.000000000Z,transition,renewal_rebalance,HOLDING,REBALANCING,,ETHUSDT-1673884860000000000,,,,,run_dfea4b7ac1475668d5968c97
ETHUSDT,permanent,False,1676304300000000000,2023-02-13T16:05:00.000000000Z,transition,rebalance_complete,REBALANCING,HOLDING,,ETHUSDT-1673884860000000000,,,,,run_dfea4b7ac1475668d5968c97
BTCUSDT,permanent,False,1676419380000000000,2023-02-15T00:03:00.000000000Z,renewal,,,,,,2023-02-22T00:03:00.000000000Z,,1677024180000000000,,run_dfea4b7ac1475668d5968c97
ETHUSDT,permanent,False,1676908980000000000,2023-02-20T16:03:00.000000000Z,renewal,,,,,,2023-02-27T16:03:00.000000000Z,,1677513780000000000,,run_dfea4b7ac1475668d5968c97
ETHUSDT,permanent,False,1676908980000000000,2023-02-20T16:03:00.000000000Z,transition,renewal_rebalance,HOLDING,REBALANCING,,ETHUSDT-1673884860000000000,,,,,run_dfea4b7ac1475668d5968c97
ETHUSDT,permanent,False,1676909100000000000,2023-02-20T16:05:00.000000000Z,transition,rebalance_complete,REBALANCING,HOLDING,,ETHUSDT-1673884860000000000,,,,,run_dfea4b7ac1475668d5968c97
BTCUSDT,permanent,False,1677024180000000000,2023-02-22T00:03:00.000000000Z,renewal,,,,,,2023-03-01T00:03:00.000000000Z,,1677628980000000000,,run_dfea4b7ac1475668d5968c97
BTCUSDT,permanent,False,1677024180000000000,2023-02-22T00:03:00.000000000Z,transition,renewal_rebalance,HOLDING,REBALANCING,,BTCUSDT-1654041660000000000,,,,,run_dfea4b7ac1475668d5968c97
BTCUSDT,permanent,False,1677024300000000000,2023-02-22T00:05:00.000000000Z,transition,rebalance_complete,REBALANCING,HOLDING,,BTCUSDT-1654041660000000000,,,,,run_dfea4b7ac1475668d5968c97
ETHUSDT,permanent,False,1677513780000000000,2023-02-27T16:03:00.000000000Z,renewal,,,,,,2023-03-06T16:03:00.000000000Z,,1678118580000000000,,run_dfea4b7ac1475668d5968c97
BTCUSDT,permanent,False,1677628980000000000,2023-03-01T00:03:00.000000000Z,renewal,,,,,,2023-03-08T00:03:00.000000000Z,,1678233780000000000,,run_dfea4b7ac1475668d5968c97
BTCUSDT,permanent,False,1677628980000000000,2023-03-01T00:03:00.000000000Z,transition,renewal_rebalance,HOLDING,REBALANCING,,BTCUSDT-1654041660000000000,,,,,run_dfea4b7ac1475668d5968c97
BTCUSDT,permanent,False,1677629100000000000,2023-03-01T00:05:00.000000000Z,transition,rebalance_complete,REBALANCING,HOLDING,,BTCUSDT-1654041660000000000,,,,,run_dfea4b7ac1475668d5968c97
ETHUSDT,permanent,False,1678118580000000000,2023-03-06T16:03:00.000000000Z,renewal,,,,,,2023-03-13T16:03:00.000000000Z,,1678723380000000000,,run_dfea4b7ac1475668d5968c97
ETHUSDT,permanent,False,1678118580000000000,2023-03-06T16:03:00.000000000Z,transition,renewal_rebalance,HOLDING,REBALANCING,,ETHUSDT-1673884860000000000,,,,,run_dfea4b7ac1475668d5968c97
ETHUSDT,permanent,False,1678118700000000000,2023-03-06T16:05:00.000000000Z,transition,rebalance_complete,REBALANCING,HOLDING,,ETHUSDT-1673884860000000000,,,,,run_dfea4b7ac1475668d5968c97
BTCUSDT,permanent,False,1678233780000000000,2023-03-08T00:03:00.000000000Z,renewal,,,,,,2023-03-15T00:03:00.000000000Z,,1678838580000000000,,run_dfea4b7ac1475668d5968c97
ETHUSDT,permanent,False,1678723380000000000,2023-03-13T16:03:00.000000000Z,renewal,,,,,,2023-03-20T16:03:00.000000000Z,,1679328180000000000,,run_dfea4b7ac1475668d5968c97
ETHUSDT,permanent,False,1678723380000000000,2023-03-13T16:03:00.000000000Z,transition,renewal_rebalance,HOLDING,REBALANCING,,ETHUSDT-1673884860000000000,,,,,run_dfea4b7ac1475668d5968c97
ETHUSDT,permanent,False,1678723500000000000,2023-03-13T16:05:00.000000000Z,transition,rebalance_complete,REBALANCING,HOLDING,,ETHUSDT-1673884860000000000,,,,,run_dfea4b7ac1475668d5968c97
BTCUSDT,permanent,False,1678838580000000000,2023-03-15T00:03:00.000000000Z,renewal,,,,,,2023-03-22T00:03:00.000000000Z,,1679443380000000000,,run_dfea4b7ac1475668d5968c97
BTCUSDT,permanent,False,1678838580000000000,2023-03-15T00:03:00.000000000Z,transition,renewal_rebalance,HOLDING,REBALANCING,,BTCUSDT-1654041660000000000,,,,,run_dfea4b7ac1475668d5968c97
BTCUSDT,permanent,False,1678838700000000000,2023-03-15T00:05:00.000000000Z,transition,rebalance_complete,REBALANCING,HOLDING,,BTCUSDT-1654041660000000000,,,,,run_dfea4b7ac1475668d5968c97
ETHUSDT,permanent,False,1679328180000000000,2023-03-20T16:03:00.000000000Z,renewal,,,,,,2023-03-27T16:03:00.000000000Z,,1679932980000000000,,run_dfea4b7ac1475668d5968c97
ETHUSDT,permanent,False,1679328180000000000,2023-03-20T16:03:00.000000000Z,transition,renewal_rebalance,HOLDING,REBALANCING,,ETHUSDT-1673884860000000000,,,,,run_dfea4b7ac1475668d5968c97
ETHUSDT,permanent,False,1679328300000000000,2023-03-20T16:05:00.000000000Z,transition,rebalance_complete,REBALANCING,HOLDING,,ETHUSDT-1673884860000000000,,,,,run_dfea4b7ac1475668d5968c97
BTCUSDT,permanent,False,1679443380000000000,2023-03-22T00:03:00.000000000Z,renewal,,,,,,2023-03-29T00:03:00.000000000Z,,1680048180000000000,,run_dfea4b7ac1475668d5968c97
BTCUSDT,permanent,False,1679443380000000000,2023-03-22T00:03:00.000000000Z,transition,renewal_rebalance,HOLDING,REBALANCING,,BTCUSDT-1654041660000000000,,,,,run_dfea4b7ac1475668d5968c97
BTCUSDT,permanent,False,1679443500000000000,2023-03-22T00:05:00.000000000Z,transition,rebalance_complete,REBALANCING,HOLDING,,BTCUSDT-1654041660000000000,,,,,run_dfea4b7ac1475668d5968c97
BTCUSDT,permanent,False,1679659140000000000,2023-03-24T11:59:00.000000000Z,close_requested,real_market_inactivity,,,,,,False,,,run_dfea4b7ac1475668d5968c97
BTCUSDT,permanent,False,1679659140000000000,2023-03-24T11:59:00.000000000Z,transition,real_market_inactivity,HOLDING,CLOSING_PERP,,BTCUSDT-1654041660000000000,,,,,run_dfea4b7ac1475668d5968c97
ETHUSDT,permanent,False,1679659140000000000,2023-03-24T11:59:00.000000000Z,close_requested,real_market_inactivity,,,,,,False,,,run_dfea4b7ac1475668d5968c97
ETHUSDT,permanent,False,1679659140000000000,2023-03-24T11:59:00.000000000Z,transition,real_market_inactivity,HOLDING,CLOSING_PERP,,ETHUSDT-1673884860000000000,,,,,run_dfea4b7ac1475668d5968c97
BTCUSDT,permanent,False,1679659200000000000,2023-03-24T12:00:00.000000000Z,transition,perpetual_closed_waiting_spot,CLOSING_PERP,CLOSING_SPOT,,BTCUSDT-1654041660000000000,,,,,run_dfea4b7ac1475668d5968c97
ETHUSDT,permanent,False,1679659200000000000,2023-03-24T12:00:00.000000000Z,transition,perpetual_closed_waiting_spot,CLOSING_PERP,CLOSING_SPOT,,ETHUSDT-1673884860000000000,,,,,run_dfea4b7ac1475668d5968c97
BTCUSDT,permanent,False,1679659260000000000,2023-03-24T12:01:00.000000000Z,attempt_failed,timeout,,,permanent-00000095,,,,,close_spot,run_dfea4b7ac1475668d5968c97
ETHUSDT,permanent,False,1679659260000000000,2023-03-24T12:01:00.000000000Z,attempt_failed,timeout,,,permanent-00000096,,,,,close_spot,run_dfea4b7ac1475668d5968c97
BTCUSDT,permanent,False,1679659320000000000,2023-03-24T12:02:00.000000000Z,attempt_failed,timeout,,,permanent-00000097,,,,,close_spot,run_dfea4b7ac1475668d5968c97
ETHUSDT,permanent,False,1679659320000000000,2023-03-24T12:02:00.000000000Z,attempt_failed,timeout,,,permanent-00000098,,,,,close_spot,run_dfea4b7ac1475668d5968c97
BTCUSDT,permanent,False,1679659380000000000,2023-03-24T12:03:00.000000000Z,attempt_failed,timeout,,,permanent-00000099,,,,,close_spot,run_dfea4b7ac1475668d5968c97
ETHUSDT,permanent,False,1679659380000000000,2023-03-24T12:03:00.000000000Z,attempt_failed,timeout,,,permanent-00000100,,,,,close_spot,run_dfea4b7ac1475668d5968c97
BTCUSDT,permanent,False,1679659440000000000,2023-03-24T12:04:00.000000000Z,attempt_failed,timeout,,,permanent-00000101,,,,,close_spot,run_dfea4b7ac1475668d5968c97
ETHUSDT,permanent,False,1679659440000000000,2023-03-24T12:04:00.000000000Z,attempt_failed,timeout,,,permanent-00000102,,,,,close_spot,run_dfea4b7ac1475668d5968c97
BTCUSDT,permanent,False,1679659500000000000,2023-03-24T12:05:00.000000000Z,attempt_failed,timeout,,,permanent-00000103,,,,,close_spot,run_dfea4b7ac1475668d5968c97
ETHUSDT,permanent,False,1679659500000000000,2023-03-24T12:05:00.000000000Z,attempt_failed,timeout,,,permanent-00000104,,,,,close_spot,run_dfea4b7ac1475668d5968c97
BTCUSDT,permanent,False,1679659560000000000,2023-03-24T12:06:00.000000000Z,attempt_failed,timeout,,,permanent-00000105,,,,,close_spot,run_dfea4b7ac1475668d5968c97
ETHUSDT,permanent,False,1679659560000000000,2023-03-24T12:06:00.000000000Z,attempt_failed,timeout,,,permanent-00000106,,,,,close_spot,run_dfea4b7ac1475668d5968c97
BTCUSDT,permanent,False,1679659620000000000,2023-03-24T12:07:00.000000000Z,attempt_failed,timeout,,,permanent-00000107,,,,,close_spot,run_dfea4b7ac1475668d5968c97
ETHUSDT,permanent,False,1679659620000000000,2023-03-24T12:07:00.000000000Z,attempt_failed,timeout,,,permanent-00000108,,,,,close_spot,run_dfea4b7ac1475668d5968c97
BTCUSDT,permanent,False,1679659680000000000,2023-03-24T12:08:00.000000000Z,attempt_failed,timeout,,,permanent-00000109,,,,,close_spot,run_dfea4b7ac1475668d5968c97
ETHUSDT,permanent,False,1679659680000000000,2023-03-24T12:08:00.000000000Z,attempt_failed,timeout,,,permanent-00000110,,,,,close_spot,run_dfea4b7ac1475668d5968c97
BTCUSDT,permanent,False,1679659740000000000,2023-03-24T12:09:00.000000000Z,attempt_failed,timeout,,,permanent-00000111,,,,,close_spot,run_dfea4b7ac1475668d5968c97
ETHUSDT,permanent,False,1679659740000000000,2023-03-24T12:09:00.000000000Z,attempt_failed,timeout,,,permanent-00000112,,,,,close_spot,run_dfea4b7ac1475668d5968c97
BTCUSDT,permanent,False,1679659800000000000,2023-03-24T12:10:00.000000000Z,attempt_failed,timeout,,,permanent-00000113,,,,,close_spot,run_dfea4b7ac1475668d5968c97
ETHUSDT,permanent,False,1679659800000000000,2023-03-24T12:10:00.000000000Z,attempt_failed,timeout,,,permanent-00000114,,,,,close_spot,run_dfea4b7ac1475668d5968c97
BTCUSDT,permanent,False,1679659860000000000,2023-03-24T12:11:00.000000000Z,attempt_failed,timeout,,,permanent-00000115,,,,,close_spot,run_dfea4b7ac1475668d5968c97
ETHUSDT,permanent,False,1679659860000000000,2023-03-24T12:11:00.000000000Z,attempt_failed,timeout,,,permanent-00000116,,,,,close_spot,run_dfea4b7ac1475668d5968c97
BTCUSDT,permanent,False,1679659920000000000,2023-03-24T12:12:00.000000000Z,attempt_failed,timeout,,,permanent-00000117,,,,,close_spot,run_dfea4b7ac1475668d5968c97
ETHUSDT,permanent,False,1679659920000000000,2023-03-24T12:12:00.000000000Z,attempt_failed,timeout,,,permanent-00000118,,,,,close_spot,run_dfea4b7ac1475668d5968c97
BTCUSDT,permanent,False,1679659980000000000,2023-03-24T12:13:00.000000000Z,attempt_failed,timeout,,,permanent-00000119,,,,,close_spot,run_dfea4b7ac1475668d5968c97
ETHUSDT,permanent,False,1679659980000000000,2023-03-24T12:13:00.000000000Z,attempt_failed,timeout,,,permanent-00000120,,,,,close_spot,run_dfea4b7ac1475668d5968c97
BTCUSDT,permanent,False,1679660040000000000,2023-03-24T12:14:00.000000000Z,attempt_failed,timeout,,,permanent-00000121,,,,,close_spot,run_dfea4b7ac1475668d5968c97
ETHUSDT,permanent,False,1679660040000000000,2023-03-24T12:14:00.000000000Z,attempt_failed,timeout,,,permanent-00000122,,,,,close_spot,run_dfea4b7ac1475668d5968c97
BTCUSDT,permanent,False,1679660100000000000,2023-03-24T12:15:00.000000000Z,attempt_failed,timeout,,,permanent-00000123,,,,,close_spot,run_dfea4b7ac1475668d5968c97
ETHUSDT,permanent,False,1679660100000000000,2023-03-24T12:15:00.000000000Z,attempt_failed,timeout,,,permanent-00000124,,,,,close_spot,run_dfea4b7ac1475668d5968c97
BTCUSDT,permanent,False,1679660160000000000,2023-03-24T12:16:00.000000000Z,attempt_failed,timeout,,,permanent-00000125,,,,,close_spot,run_dfea4b7ac1475668d5968c97
ETHUSDT,permanent,False,1679660160000000000,2023-03-24T12:16:00.000000000Z,attempt_failed,timeout,,,permanent-00000126,,,,,close_spot,run_dfea4b7ac1475668d5968c97
BTCUSDT,permanent,False,1679660220000000000,2023-03-24T12:17:00.000000000Z,attempt_failed,timeout,,,permanent-00000127,,,,,close_spot,run_dfea4b7ac1475668d5968c97
ETHUSDT,permanent,False,1679660220000000000,2023-03-24T12:17:00.000000000Z,attempt_failed,timeout,,,permanent-00000128,,,,,close_spot,run_dfea4b7ac1475668d5968c97
BTCUSDT,permanent,False,1679660280000000000,2023-03-24T12:18:00.000000000Z,attempt_failed,timeout,,,permanent-00000129,,,,,close_spot,run_dfea4b7ac1475668d5968c97
ETHUSDT,permanent,False,1679660280000000000,2023-03-24T12:18:00.000000000Z,attempt_failed,timeout,,,permanent-00000130,,,,,close_spot,run_dfea4b7ac1475668d5968c97
BTCUSDT,permanent,False,1679660340000000000,2023-03-24T12:19:00.000000000Z,attempt_failed,timeout,,,permanent-00000131,,,,,close_spot,run_dfea4b7ac1475668d5968c97
ETHUSDT,permanent,False,1679660340000000000,2023-03-24T12:19:00.000000000Z,attempt_failed,timeout,,,permanent-00000132,,,,,close_spot,run_dfea4b7ac1475668d5968c97
BTCUSDT,permanent,False,1679660400000000000,2023-03-24T12:20:00.000000000Z,attempt_failed,timeout,,,permanent-00000133,,,,,close_spot,run_dfea4b7ac1475668d5968c97
ETHUSDT,permanent,False,1679660400000000000,2023-03-24T12:20:00.000000000Z,attempt_failed,timeout,,,permanent-00000134,,,,,close_spot,run_dfea4b7ac1475668d5968c97
BTCUSDT,permanent,False,1679660460000000000,2023-03-24T12:21:00.000000000Z,attempt_failed,timeout,,,permanent-00000135,,,,,close_spot,run_dfea4b7ac1475668d5968c97
ETHUSDT,permanent,False,1679660460000000000,2023-03-24T12:21:00.000000000Z,attempt_failed,timeout,,,permanent-00000136,,,,,close_spot,run_dfea4b7ac1475668d5968c97
BTCUSDT,permanent,False,1679660520000000000,2023-03-24T12:22:00.000000000Z,attempt_failed,timeout,,,permanent-00000137,,,,,close_spot,run_dfea4b7ac1475668d5968c97
ETHUSDT,permanent,False,1679660520000000000,2023-03-24T12:22:00.000000000Z,attempt_failed,timeout,,,permanent-00000138,,,,,close_spot,run_dfea4b7ac1475668d5968c97
BTCUSDT,permanent,False,1679660580000000000,2023-03-24T12:23:00.000000000Z,attempt_failed,timeout,,,permanent-00000139,,,,,close_spot,run_dfea4b7ac1475668d5968c97
ETHUSDT,permanent,False,1679660580000000000,2023-03-24T12:23:00.000000000Z,attempt_failed,timeout,,,permanent-00000140,,,,,close_spot,run_dfea4b7ac1475668d5968c97
BTCUSDT,permanent,False,1679660640000000000,2023-03-24T12:24:00.000000000Z,attempt_failed,timeout,,,permanent-00000141,,,,,close_spot,run_dfea4b7ac1475668d5968c97
ETHUSDT,permanent,False,1679660640000000000,2023-03-24T12:24:00.000000000Z,attempt_failed,timeout,,,permanent-00000142,,,,,close_spot,run_dfea4b7ac1475668d5968c97
BTCUSDT,permanent,False,1679660700000000000,2023-03-24T12:25:00.000000000Z,attempt_failed,timeout,,,permanent-00000143,,,,,close_spot,run_dfea4b7ac1475668d5968c97
ETHUSDT,permanent,False,1679660700000000000,2023-03-24T12:25:00.000000000Z,attempt_failed,timeout,,,permanent-00000144,,,,,close_spot,run_dfea4b7ac1475668d5968c97
BTCUSDT,permanent,False,1679660760000000000,2023-03-24T12:26:00.000000000Z,attempt_failed,timeout,,,permanent-00000145,,,,,close_spot,run_dfea4b7ac1475668d5968c97
ETHUSDT,permanent,False,1679660760000000000,2023-03-24T12:26:00.000000000Z,attempt_failed,timeout,,,permanent-00000146,,,,,close_spot,run_dfea4b7ac1475668d5968c97
BTCUSDT,permanent,False,1679660820000000000,2023-03-24T12:27:00.000000000Z,attempt_failed,timeout,,,permanent-00000147,,,,,close_spot,run_dfea4b7ac1475668d5968c97
ETHUSDT,permanent,False,1679660820000000000,2023-03-24T12:27:00.000000000Z,attempt_failed,timeout,,,permanent-00000148,,,,,close_spot,run_dfea4b7ac1475668d5968c97
BTCUSDT,permanent,False,1679660880000000000,2023-03-24T12:28:00.000000000Z,attempt_failed,timeout,,,permanent-00000149,,,,,close_spot,run_dfea4b7ac1475668d5968c97
ETHUSDT,permanent,False,1679660880000000000,2023-03-24T12:28:00.000000000Z,attempt_failed,timeout,,,permanent-00000150,,,,,close_spot,run_dfea4b7ac1475668d5968c97
BTCUSDT,permanent,False,1679660940000000000,2023-03-24T12:29:00.000000000Z,attempt_failed,timeout,,,permanent-00000151,,,,,close_spot,run_dfea4b7ac1475668d5968c97
ETHUSDT,permanent,False,1679660940000000000,2023-03-24T12:29:00.000000000Z,attempt_failed,timeout,,,permanent-00000152,,,,,close_spot,run_dfea4b7ac1475668d5968c97
BTCUSDT,permanent,False,1679661000000000000,2023-03-24T12:30:00.000000000Z,attempt_failed,timeout,,,permanent-00000153,,,,,close_spot,run_dfea4b7ac1475668d5968c97
ETHUSDT,permanent,False,1679661000000000000,2023-03-24T12:30:00.000000000Z,attempt_failed,timeout,,,permanent-00000154,,,,,close_spot,run_dfea4b7ac1475668d5968c97
BTCUSDT,permanent,False,1679661060000000000,2023-03-24T12:31:00.000000000Z,attempt_failed,timeout,,,permanent-00000155,,,,,close_spot,run_dfea4b7ac1475668d5968c97
ETHUSDT,permanent,False,1679661060000000000,2023-03-24T12:31:00.000000000Z,attempt_failed,timeout,,,permanent-00000156,,,,,close_spot,run_dfea4b7ac1475668d5968c97
BTCUSDT,permanent,False,1679661120000000000,2023-03-24T12:32:00.000000000Z,attempt_failed,timeout,,,permanent-00000157,,,,,close_spot,run_dfea4b7ac1475668d5968c97
ETHUSDT,permanent,False,1679661120000000000,2023-03-24T12:32:00.000000000Z,attempt_failed,timeout,,,permanent-00000158,,,,,close_spot,run_dfea4b7ac1475668d5968c97
BTCUSDT,permanent,False,1679661180000000000,2023-03-24T12:33:00.000000000Z,attempt_failed,timeout,,,permanent-00000159,,,,,close_spot,run_dfea4b7ac1475668d5968c97
ETHUSDT,permanent,False,1679661180000000000,2023-03-24T12:33:00.000000000Z,attempt_failed,timeout,,,permanent-00000160,,,,,close_spot,run_dfea4b7ac1475668d5968c97
BTCUSDT,permanent,False,1679661240000000000,2023-03-24T12:34:00.000000000Z,attempt_failed,timeout,,,permanent-00000161,,,,,close_spot,run_dfea4b7ac1475668d5968c97
ETHUSDT,permanent,False,1679661240000000000,2023-03-24T12:34:00.000000000Z,attempt_failed,timeout,,,permanent-00000162,,,,,close_spot,run_dfea4b7ac1475668d5968c97
BTCUSDT,permanent,False,1679661300000000000,2023-03-24T12:35:00.000000000Z,attempt_failed,timeout,,,permanent-00000163,,,,,close_spot,run_dfea4b7ac1475668d5968c97
ETHUSDT,permanent,False,1679661300000000000,2023-03-24T12:35:00.000000000Z,attempt_failed,timeout,,,permanent-00000164,,,,,close_spot,run_dfea4b7ac1475668d5968c97
BTCUSDT,permanent,False,1679661360000000000,2023-03-24T12:36:00.000000000Z,attempt_failed,timeout,,,permanent-00000165,,,,,close_spot,run_dfea4b7ac1475668d5968c97
ETHUSDT,permanent,False,1679661360000000000,2023-03-24T12:36:00.000000000Z,attempt_failed,timeout,,,permanent-00000166,,,,,close_spot,run_dfea4b7ac1475668d5968c97
BTCUSDT,permanent,False,1679661420000000000,2023-03-24T12:37:00.000000000Z,attempt_failed,timeout,,,permanent-00000167,,,,,close_spot,run_dfea4b7ac1475668d5968c97
ETHUSDT,permanent,False,1679661420000000000,2023-03-24T12:37:00.000000000Z,attempt_failed,timeout,,,permanent-00000168,,,,,close_spot,run_dfea4b7ac1475668d5968c97
BTCUSDT,permanent,False,1679661480000000000,2023-03-24T12:38:00.000000000Z,attempt_failed,timeout,,,permanent-00000169,,,,,close_spot,run_dfea4b7ac1475668d5968c97
ETHUSDT,permanent,False,1679661480000000000,2023-03-24T12:38:00.000000000Z,attempt_failed,timeout,,,permanent-00000170,,,,,close_spot,run_dfea4b7ac1475668d5968c97
BTCUSDT,permanent,False,1679661540000000000,2023-03-24T12:39:00.000000000Z,attempt_failed,timeout,,,permanent-00000171,,,,,close_spot,run_dfea4b7ac1475668d5968c97
ETHUSDT,permanent,False,1679661540000000000,2023-03-24T12:39:00.000000000Z,attempt_failed,timeout,,,permanent-00000172,,,,,close_spot,run_dfea4b7ac1475668d5968c97
BTCUSDT,permanent,False,1679661600000000000,2023-03-24T12:40:00.000000000Z,attempt_failed,timeout,,,permanent-00000173,,,,,close_spot,run_dfea4b7ac1475668d5968c97
ETHUSDT,permanent,False,1679661600000000000,2023-03-24T12:40:00.000000000Z,attempt_failed,timeout,,,permanent-00000174,,,,,close_spot,run_dfea4b7ac1475668d5968c97
BTCUSDT,permanent,False,1679661660000000000,2023-03-24T12:41:00.000000000Z,attempt_failed,timeout,,,permanent-00000175,,,,,close_spot,run_dfea4b7ac1475668d5968c97
ETHUSDT,permanent,False,1679661660000000000,2023-03-24T12:41:00.000000000Z,attempt_failed,timeout,,,permanent-00000176,,,,,close_spot,run_dfea4b7ac1475668d5968c97
BTCUSDT,permanent,False,1679661720000000000,2023-03-24T12:42:00.000000000Z,attempt_failed,timeout,,,permanent-00000177,,,,,close_spot,run_dfea4b7ac1475668d5968c97
ETHUSDT,permanent,False,1679661720000000000,2023-03-24T12:42:00.000000000Z,attempt_failed,timeout,,,permanent-00000178,,,,,close_spot,run_dfea4b7ac1475668d5968c97
BTCUSDT,permanent,False,1679661780000000000,2023-03-24T12:43:00.000000000Z,attempt_failed,timeout,,,permanent-00000179,,,,,close_spot,run_dfea4b7ac1475668d5968c97
ETHUSDT,permanent,False,1679661780000000000,2023-03-24T12:43:00.000000000Z,attempt_failed,timeout,,,permanent-00000180,,,,,close_spot,run_dfea4b7ac1475668d5968c97
BTCUSDT,permanent,False,1679661840000000000,2023-03-24T12:44:00.000000000Z,attempt_failed,timeout,,,permanent-00000181,,,,,close_spot,run_dfea4b7ac1475668d5968c97
ETHUSDT,permanent,False,1679661840000000000,2023-03-24T12:44:00.000000000Z,attempt_failed,timeout,,,permanent-00000182,,,,,close_spot,run_dfea4b7ac1475668d5968c97
BTCUSDT,permanent,False,1679661900000000000,2023-03-24T12:45:00.000000000Z,attempt_failed,timeout,,,permanent-00000183,,,,,close_spot,run_dfea4b7ac1475668d5968c97
ETHUSDT,permanent,False,1679661900000000000,2023-03-24T12:45:00.000000000Z,attempt_failed,timeout,,,permanent-00000184,,,,,close_spot,run_dfea4b7ac1475668d5968c97
BTCUSDT,permanent,False,1679661960000000000,2023-03-24T12:46:00.000000000Z,attempt_failed,timeout,,,permanent-00000185,,,,,close_spot,run_dfea4b7ac1475668d5968c97
ETHUSDT,permanent,False,1679661960000000000,2023-03-24T12:46:00.000000000Z,attempt_failed,timeout,,,permanent-00000186,,,,,close_spot,run_dfea4b7ac1475668d5968c97
BTCUSDT,permanent,False,1679662020000000000,2023-03-24T12:47:00.000000000Z,attempt_failed,timeout,,,permanent-00000187,,,,,close_spot,run_dfea4b7ac1475668d5968c97
ETHUSDT,permanent,False,1679662020000000000,2023-03-24T12:47:00.000000000Z,attempt_failed,timeout,,,permanent-00000188,,,,,close_spot,run_dfea4b7ac1475668d5968c97
BTCUSDT,permanent,False,1679662080000000000,2023-03-24T12:48:00.000000000Z,attempt_failed,timeout,,,permanent-00000189,,,,,close_spot,run_dfea4b7ac1475668d5968c97
ETHUSDT,permanent,False,1679662080000000000,2023-03-24T12:48:00.000000000Z,attempt_failed,timeout,,,permanent-00000190,,,,,close_spot,run_dfea4b7ac1475668d5968c97
BTCUSDT,permanent,False,1679662140000000000,2023-03-24T12:49:00.000000000Z,attempt_failed,timeout,,,permanent-00000191,,,,,close_spot,run_dfea4b7ac1475668d5968c97
ETHUSDT,permanent,False,1679662140000000000,2023-03-24T12:49:00.000000000Z,attempt_failed,timeout,,,permanent-00000192,,,,,close_spot,run_dfea4b7ac1475668d5968c97
BTCUSDT,permanent,False,1679662200000000000,2023-03-24T12:50:00.000000000Z,attempt_failed,timeout,,,permanent-00000193,,,,,close_spot,run_dfea4b7ac1475668d5968c97
ETHUSDT,permanent,False,1679662200000000000,2023-03-24T12:50:00.000000000Z,attempt_failed,timeout,,,permanent-00000194,,,,,close_spot,run_dfea4b7ac1475668d5968c97
BTCUSDT,permanent,False,1679662260000000000,2023-03-24T12:51:00.000000000Z,attempt_failed,timeout,,,permanent-00000195,,,,,close_spot,run_dfea4b7ac1475668d5968c97
ETHUSDT,permanent,False,1679662260000000000,2023-03-24T12:51:00.000000000Z,attempt_failed,timeout,,,permanent-00000196,,,,,close_spot,run_dfea4b7ac1475668d5968c97
BTCUSDT,permanent,False,1679662320000000000,2023-03-24T12:52:00.000000000Z,attempt_failed,timeout,,,permanent-00000197,,,,,close_spot,run_dfea4b7ac1475668d5968c97
ETHUSDT,permanent,False,1679662320000000000,2023-03-24T12:52:00.000000000Z,attempt_failed,timeout,,,permanent-00000198,,,,,close_spot,run_dfea4b7ac1475668d5968c97
BTCUSDT,permanent,False,1679662380000000000,2023-03-24T12:53:00.000000000Z,attempt_failed,timeout,,,permanent-00000199,,,,,close_spot,run_dfea4b7ac1475668d5968c97
ETHUSDT,permanent,False,1679662380000000000,2023-03-24T12:53:00.000000000Z,attempt_failed,timeout,,,permanent-00000200,,,,,close_spot,run_dfea4b7ac1475668d5968c97
BTCUSDT,permanent,False,1679662440000000000,2023-03-24T12:54:00.000000000Z,attempt_failed,timeout,,,permanent-00000201,,,,,close_spot,run_dfea4b7ac1475668d5968c97
ETHUSDT,permanent,False,1679662440000000000,2023-03-24T12:54:00.000000000Z,attempt_failed,timeout,,,permanent-00000202,,,,,close_spot,run_dfea4b7ac1475668d5968c97
BTCUSDT,permanent,False,1679662500000000000,2023-03-24T12:55:00.000000000Z,attempt_failed,timeout,,,permanent-00000203,,,,,close_spot,run_dfea4b7ac1475668d5968c97
ETHUSDT,permanent,False,1679662500000000000,2023-03-24T12:55:00.000000000Z,attempt_failed,timeout,,,permanent-00000204,,,,,close_spot,run_dfea4b7ac1475668d5968c97
BTCUSDT,permanent,False,1679662560000000000,2023-03-24T12:56:00.000000000Z,attempt_failed,timeout,,,permanent-00000205,,,,,close_spot,run_dfea4b7ac1475668d5968c97
ETHUSDT,permanent,False,1679662560000000000,2023-03-24T12:56:00.000000000Z,attempt_failed,timeout,,,permanent-00000206,,,,,close_spot,run_dfea4b7ac1475668d5968c97
BTCUSDT,permanent,False,1679662620000000000,2023-03-24T12:57:00.000000000Z,attempt_failed,timeout,,,permanent-00000207,,,,,close_spot,run_dfea4b7ac1475668d5968c97
ETHUSDT,permanent,False,1679662620000000000,2023-03-24T12:57:00.000000000Z,attempt_failed,timeout,,,permanent-00000208,,,,,close_spot,run_dfea4b7ac1475668d5968c97
BTCUSDT,permanent,False,1679662680000000000,2023-03-24T12:58:00.000000000Z,attempt_failed,timeout,,,permanent-00000209,,,,,close_spot,run_dfea4b7ac1475668d5968c97
ETHUSDT,permanent,False,1679662680000000000,2023-03-24T12:58:00.000000000Z,attempt_failed,timeout,,,permanent-00000210,,,,,close_spot,run_dfea4b7ac1475668d5968c97
BTCUSDT,permanent,False,1679662740000000000,2023-03-24T12:59:00.000000000Z,attempt_failed,timeout,,,permanent-00000211,,,,,close_spot,run_dfea4b7ac1475668d5968c97
ETHUSDT,permanent,False,1679662740000000000,2023-03-24T12:59:00.000000000Z,attempt_failed,timeout,,,permanent-00000212,,,,,close_spot,run_dfea4b7ac1475668d5968c97
BTCUSDT,permanent,False,1679662800000000000,2023-03-24T13:00:00.000000000Z,attempt_failed,timeout,,,permanent-00000213,,,,,close_spot,run_dfea4b7ac1475668d5968c97
ETHUSDT,permanent,False,1679662800000000000,2023-03-24T13:00:00.000000000Z,attempt_failed,timeout,,,permanent-00000214,,,,,close_spot,run_dfea4b7ac1475668d5968c97
BTCUSDT,permanent,False,1679662860000000000,2023-03-24T13:01:00.000000000Z,attempt_failed,timeout,,,permanent-00000215,,,,,close_spot,run_dfea4b7ac1475668d5968c97
ETHUSDT,permanent,False,1679662860000000000,2023-03-24T13:01:00.000000000Z,attempt_failed,timeout,,,permanent-00000216,,,,,close_spot,run_dfea4b7ac1475668d5968c97
BTCUSDT,permanent,False,1679662920000000000,2023-03-24T13:02:00.000000000Z,attempt_failed,timeout,,,permanent-00000217,,,,,close_spot,run_dfea4b7ac1475668d5968c97
ETHUSDT,permanent,False,1679662920000000000,2023-03-24T13:02:00.000000000Z,attempt_failed,timeout,,,permanent-00000218,,,,,close_spot,run_dfea4b7ac1475668d5968c97
BTCUSDT,permanent,False,1679662980000000000,2023-03-24T13:03:00.000000000Z,attempt_failed,timeout,,,permanent-00000219,,,,,close_spot,run_dfea4b7ac1475668d5968c97
ETHUSDT,permanent,False,1679662980000000000,2023-03-24T13:03:00.000000000Z,attempt_failed,timeout,,,permanent-00000220,,,,,close_spot,run_dfea4b7ac1475668d5968c97
BTCUSDT,permanent,False,1679663040000000000,2023-03-24T13:04:00.000000000Z,attempt_failed,timeout,,,permanent-00000221,,,,,close_spot,run_dfea4b7ac1475668d5968c97
ETHUSDT,permanent,False,1679663040000000000,2023-03-24T13:04:00.000000000Z,attempt_failed,timeout,,,permanent-00000222,,,,,close_spot,run_dfea4b7ac1475668d5968c97
BTCUSDT,permanent,False,1679663100000000000,2023-03-24T13:05:00.000000000Z,attempt_failed,timeout,,,permanent-00000223,,,,,close_spot,run_dfea4b7ac1475668d5968c97
ETHUSDT,permanent,False,1679663100000000000,2023-03-24T13:05:00.000000000Z,attempt_failed,timeout,,,permanent-00000224,,,,,close_spot,run_dfea4b7ac1475668d5968c97
BTCUSDT,permanent,False,1679663160000000000,2023-03-24T13:06:00.000000000Z,attempt_failed,timeout,,,permanent-00000225,,,,,close_spot,run_dfea4b7ac1475668d5968c97
ETHUSDT,permanent,False,1679663160000000000,2023-03-24T13:06:00.000000000Z,attempt_failed,timeout,,,permanent-00000226,,,,,close_spot,run_dfea4b7ac1475668d5968c97
BTCUSDT,permanent,False,1679663220000000000,2023-03-24T13:07:00.000000000Z,attempt_failed,timeout,,,permanent-00000227,,,,,close_spot,run_dfea4b7ac1475668d5968c97
ETHUSDT,permanent,False,1679663220000000000,2023-03-24T13:07:00.000000000Z,attempt_failed,timeout,,,permanent-00000228,,,,,close_spot,run_dfea4b7ac1475668d5968c97
BTCUSDT,permanent,False,1679663280000000000,2023-03-24T13:08:00.000000000Z,attempt_failed,timeout,,,permanent-00000229,,,,,close_spot,run_dfea4b7ac1475668d5968c97
ETHUSDT,permanent,False,1679663280000000000,2023-03-24T13:08:00.000000000Z,attempt_failed,timeout,,,permanent-00000230,,,,,close_spot,run_dfea4b7ac1475668d5968c97
BTCUSDT,permanent,False,1679663340000000000,2023-03-24T13:09:00.000000000Z,attempt_failed,timeout,,,permanent-00000231,,,,,close_spot,run_dfea4b7ac1475668d5968c97
ETHUSDT,permanent,False,1679663340000000000,2023-03-24T13:09:00.000000000Z,attempt_failed,timeout,,,permanent-00000232,,,,,close_spot,run_dfea4b7ac1475668d5968c97
BTCUSDT,permanent,False,1679663400000000000,2023-03-24T13:10:00.000000000Z,attempt_failed,timeout,,,permanent-00000233,,,,,close_spot,run_dfea4b7ac1475668d5968c97
ETHUSDT,permanent,False,1679663400000000000,2023-03-24T13:10:00.000000000Z,attempt_failed,timeout,,,permanent-00000234,,,,,close_spot,run_dfea4b7ac1475668d5968c97
BTCUSDT,permanent,False,1679663460000000000,2023-03-24T13:11:00.000000000Z,attempt_failed,timeout,,,permanent-00000235,,,,,close_spot,run_dfea4b7ac1475668d5968c97
ETHUSDT,permanent,False,1679663460000000000,2023-03-24T13:11:00.000000000Z,attempt_failed,timeout,,,permanent-00000236,,,,,close_spot,run_dfea4b7ac1475668d5968c97
BTCUSDT,permanent,False,1679663520000000000,2023-03-24T13:12:00.000000000Z,attempt_failed,timeout,,,permanent-00000237,,,,,close_spot,run_dfea4b7ac1475668d5968c97
ETHUSDT,permanent,False,1679663520000000000,2023-03-24T13:12:00.000000000Z,attempt_failed,timeout,,,permanent-00000238,,,,,close_spot,run_dfea4b7ac1475668d5968c97
BTCUSDT,permanent,False,1679663580000000000,2023-03-24T13:13:00.000000000Z,attempt_failed,timeout,,,permanent-00000239,,,,,close_spot,run_dfea4b7ac1475668d5968c97
ETHUSDT,permanent,False,1679663580000000000,2023-03-24T13:13:00.000000000Z,attempt_failed,timeout,,,permanent-00000240,,,,,close_spot,run_dfea4b7ac1475668d5968c97
BTCUSDT,permanent,False,1679663640000000000,2023-03-24T13:14:00.000000000Z,attempt_failed,timeout,,,permanent-00000241,,,,,close_spot,run_dfea4b7ac1475668d5968c97
ETHUSDT,permanent,False,1679663640000000000,2023-03-24T13:14:00.000000000Z,attempt_failed,timeout,,,permanent-00000242,,,,,close_spot,run_dfea4b7ac1475668d5968c97
BTCUSDT,permanent,False,1679663700000000000,2023-03-24T13:15:00.000000000Z,attempt_failed,timeout,,,permanent-00000243,,,,,close_spot,run_dfea4b7ac1475668d5968c97
ETHUSDT,permanent,False,1679663700000000000,2023-03-24T13:15:00.000000000Z,attempt_failed,timeout,,,permanent-00000244,,,,,close_spot,run_dfea4b7ac1475668d5968c97
BTCUSDT,permanent,False,1679663760000000000,2023-03-24T13:16:00.000000000Z,attempt_failed,timeout,,,permanent-00000245,,,,,close_spot,run_dfea4b7ac1475668d5968c97
ETHUSDT,permanent,False,1679663760000000000,2023-03-24T13:16:00.000000000Z,attempt_failed,timeout,,,permanent-00000246,,,,,close_spot,run_dfea4b7ac1475668d5968c97
BTCUSDT,permanent,False,1679663820000000000,2023-03-24T13:17:00.000000000Z,attempt_failed,timeout,,,permanent-00000247,,,,,close_spot,run_dfea4b7ac1475668d5968c97
ETHUSDT,permanent,False,1679663820000000000,2023-03-24T13:17:00.000000000Z,attempt_failed,timeout,,,permanent-00000248,,,,,close_spot,run_dfea4b7ac1475668d5968c97
BTCUSDT,permanent,False,1679663880000000000,2023-03-24T13:18:00.000000000Z,attempt_failed,timeout,,,permanent-00000249,,,,,close_spot,run_dfea4b7ac1475668d5968c97
ETHUSDT,permanent,False,1679663880000000000,2023-03-24T13:18:00.000000000Z,attempt_failed,timeout,,,permanent-00000250,,,,,close_spot,run_dfea4b7ac1475668d5968c97
BTCUSDT,permanent,False,1679663940000000000,2023-03-24T13:19:00.000000000Z,attempt_failed,timeout,,,permanent-00000251,,,,,close_spot,run_dfea4b7ac1475668d5968c97
ETHUSDT,permanent,False,1679663940000000000,2023-03-24T13:19:00.000000000Z,attempt_failed,timeout,,,permanent-00000252,,,,,close_spot,run_dfea4b7ac1475668d5968c97
BTCUSDT,permanent,False,1679664000000000000,2023-03-24T13:20:00.000000000Z,attempt_failed,timeout,,,permanent-00000253,,,,,close_spot,run_dfea4b7ac1475668d5968c97
ETHUSDT,permanent,False,1679664000000000000,2023-03-24T13:20:00.000000000Z,attempt_failed,timeout,,,permanent-00000254,,,,,close_spot,run_dfea4b7ac1475668d5968c97
BTCUSDT,permanent,False,1679664060000000000,2023-03-24T13:21:00.000000000Z,attempt_failed,timeout,,,permanent-00000255,,,,,close_spot,run_dfea4b7ac1475668d5968c97
ETHUSDT,permanent,False,1679664060000000000,2023-03-24T13:21:00.000000000Z,attempt_failed,timeout,,,permanent-00000256,,,,,close_spot,run_dfea4b7ac1475668d5968c97
BTCUSDT,permanent,False,1679664120000000000,2023-03-24T13:22:00.000000000Z,attempt_failed,timeout,,,permanent-00000257,,,,,close_spot,run_dfea4b7ac1475668d5968c97
ETHUSDT,permanent,False,1679664120000000000,2023-03-24T13:22:00.000000000Z,attempt_failed,timeout,,,permanent-00000258,,,,,close_spot,run_dfea4b7ac1475668d5968c97
BTCUSDT,permanent,False,1679664180000000000,2023-03-24T13:23:00.000000000Z,attempt_failed,timeout,,,permanent-00000259,,,,,close_spot,run_dfea4b7ac1475668d5968c97
ETHUSDT,permanent,False,1679664180000000000,2023-03-24T13:23:00.000000000Z,attempt_failed,timeout,,,permanent-00000260,,,,,close_spot,run_dfea4b7ac1475668d5968c97
BTCUSDT,permanent,False,1679664240000000000,2023-03-24T13:24:00.000000000Z,attempt_failed,timeout,,,permanent-00000261,,,,,close_spot,run_dfea4b7ac1475668d5968c97
ETHUSDT,permanent,False,1679664240000000000,2023-03-24T13:24:00.000000000Z,attempt_failed,timeout,,,permanent-00000262,,,,,close_spot,run_dfea4b7ac1475668d5968c97
BTCUSDT,permanent,False,1679664300000000000,2023-03-24T13:25:00.000000000Z,attempt_failed,timeout,,,permanent-00000263,,,,,close_spot,run_dfea4b7ac1475668d5968c97
ETHUSDT,permanent,False,1679664300000000000,2023-03-24T13:25:00.000000000Z,attempt_failed,timeout,,,permanent-00000264,,,,,close_spot,run_dfea4b7ac1475668d5968c97
BTCUSDT,permanent,False,1679664360000000000,2023-03-24T13:26:00.000000000Z,attempt_failed,timeout,,,permanent-00000265,,,,,close_spot,run_dfea4b7ac1475668d5968c97
ETHUSDT,permanent,False,1679664360000000000,2023-03-24T13:26:00.000000000Z,attempt_failed,timeout,,,permanent-00000266,,,,,close_spot,run_dfea4b7ac1475668d5968c97
BTCUSDT,permanent,False,1679664420000000000,2023-03-24T13:27:00.000000000Z,attempt_failed,timeout,,,permanent-00000267,,,,,close_spot,run_dfea4b7ac1475668d5968c97
ETHUSDT,permanent,False,1679664420000000000,2023-03-24T13:27:00.000000000Z,attempt_failed,timeout,,,permanent-00000268,,,,,close_spot,run_dfea4b7ac1475668d5968c97
BTCUSDT,permanent,False,1679664480000000000,2023-03-24T13:28:00.000000000Z,attempt_failed,timeout,,,permanent-00000269,,,,,close_spot,run_dfea4b7ac1475668d5968c97
ETHUSDT,permanent,False,1679664480000000000,2023-03-24T13:28:00.000000000Z,attempt_failed,timeout,,,permanent-00000270,,,,,close_spot,run_dfea4b7ac1475668d5968c97
BTCUSDT,permanent,False,1679664540000000000,2023-03-24T13:29:00.000000000Z,attempt_failed,timeout,,,permanent-00000271,,,,,close_spot,run_dfea4b7ac1475668d5968c97
ETHUSDT,permanent,False,1679664540000000000,2023-03-24T13:29:00.000000000Z,attempt_failed,timeout,,,permanent-00000272,,,,,close_spot,run_dfea4b7ac1475668d5968c97
BTCUSDT,permanent,False,1679664600000000000,2023-03-24T13:30:00.000000000Z,attempt_failed,timeout,,,permanent-00000273,,,,,close_spot,run_dfea4b7ac1475668d5968c97
ETHUSDT,permanent,False,1679664600000000000,2023-03-24T13:30:00.000000000Z,attempt_failed,timeout,,,permanent-00000274,,,,,close_spot,run_dfea4b7ac1475668d5968c97
BTCUSDT,permanent,False,1679664660000000000,2023-03-24T13:31:00.000000000Z,attempt_failed,timeout,,,permanent-00000275,,,,,close_spot,run_dfea4b7ac1475668d5968c97
ETHUSDT,permanent,False,1679664660000000000,2023-03-24T13:31:00.000000000Z,attempt_failed,timeout,,,permanent-00000276,,,,,close_spot,run_dfea4b7ac1475668d5968c97
BTCUSDT,permanent,False,1679664720000000000,2023-03-24T13:32:00.000000000Z,attempt_failed,timeout,,,permanent-00000277,,,,,close_spot,run_dfea4b7ac1475668d5968c97
ETHUSDT,permanent,False,1679664720000000000,2023-03-24T13:32:00.000000000Z,attempt_failed,timeout,,,permanent-00000278,,,,,close_spot,run_dfea4b7ac1475668d5968c97
BTCUSDT,permanent,False,1679664780000000000,2023-03-24T13:33:00.000000000Z,attempt_failed,timeout,,,permanent-00000279,,,,,close_spot,run_dfea4b7ac1475668d5968c97
ETHUSDT,permanent,False,1679664780000000000,2023-03-24T13:33:00.000000000Z,attempt_failed,timeout,,,permanent-00000280,,,,,close_spot,run_dfea4b7ac1475668d5968c97
BTCUSDT,permanent,False,1679664840000000000,2023-03-24T13:34:00.000000000Z,attempt_failed,timeout,,,permanent-00000281,,,,,close_spot,run_dfea4b7ac1475668d5968c97
ETHUSDT,permanent,False,1679664840000000000,2023-03-24T13:34:00.000000000Z,attempt_failed,timeout,,,permanent-00000282,,,,,close_spot,run_dfea4b7ac1475668d5968c97
BTCUSDT,permanent,False,1679664900000000000,2023-03-24T13:35:00.000000000Z,attempt_failed,timeout,,,permanent-00000283,,,,,close_spot,run_dfea4b7ac1475668d5968c97
ETHUSDT,permanent,False,1679664900000000000,2023-03-24T13:35:00.000000000Z,attempt_failed,timeout,,,permanent-00000284,,,,,close_spot,run_dfea4b7ac1475668d5968c97
BTCUSDT,permanent,False,1679664960000000000,2023-03-24T13:36:00.000000000Z,attempt_failed,timeout,,,permanent-00000285,,,,,close_spot,run_dfea4b7ac1475668d5968c97
ETHUSDT,permanent,False,1679664960000000000,2023-03-24T13:36:00.000000000Z,attempt_failed,timeout,,,permanent-00000286,,,,,close_spot,run_dfea4b7ac1475668d5968c97
BTCUSDT,permanent,False,1679665020000000000,2023-03-24T13:37:00.000000000Z,attempt_failed,timeout,,,permanent-00000287,,,,,close_spot,run_dfea4b7ac1475668d5968c97
ETHUSDT,permanent,False,1679665020000000000,2023-03-24T13:37:00.000000000Z,attempt_failed,timeout,,,permanent-00000288,,,,,close_spot,run_dfea4b7ac1475668d5968c97
BTCUSDT,permanent,False,1679665080000000000,2023-03-24T13:38:00.000000000Z,attempt_failed,timeout,,,permanent-00000289,,,,,close_spot,run_dfea4b7ac1475668d5968c97
ETHUSDT,permanent,False,1679665080000000000,2023-03-24T13:38:00.000000000Z,attempt_failed,timeout,,,permanent-00000290,,,,,close_spot,run_dfea4b7ac1475668d5968c97
BTCUSDT,permanent,False,1679665140000000000,2023-03-24T13:39:00.000000000Z,attempt_failed,timeout,,,permanent-00000291,,,,,close_spot,run_dfea4b7ac1475668d5968c97
ETHUSDT,permanent,False,1679665140000000000,2023-03-24T13:39:00.000000000Z,attempt_failed,timeout,,,permanent-00000292,,,,,close_spot,run_dfea4b7ac1475668d5968c97
BTCUSDT,permanent,False,1679665200000000000,2023-03-24T13:40:00.000000000Z,attempt_failed,timeout,,,permanent-00000293,,,,,close_spot,run_dfea4b7ac1475668d5968c97
ETHUSDT,permanent,False,1679665200000000000,2023-03-24T13:40:00.000000000Z,attempt_failed,timeout,,,permanent-00000294,,,,,close_spot,run_dfea4b7ac1475668d5968c97
BTCUSDT,permanent,False,1679665260000000000,2023-03-24T13:41:00.000000000Z,attempt_failed,timeout,,,permanent-00000295,,,,,close_spot,run_dfea4b7ac1475668d5968c97
ETHUSDT,permanent,False,1679665260000000000,2023-03-24T13:41:00.000000000Z,attempt_failed,timeout,,,permanent-00000296,,,,,close_spot,run_dfea4b7ac1475668d5968c97
BTCUSDT,permanent,False,1679665320000000000,2023-03-24T13:42:00.000000000Z,attempt_failed,timeout,,,permanent-00000297,,,,,close_spot,run_dfea4b7ac1475668d5968c97
ETHUSDT,permanent,False,1679665320000000000,2023-03-24T13:42:00.000000000Z,attempt_failed,timeout,,,permanent-00000298,,,,,close_spot,run_dfea4b7ac1475668d5968c97
BTCUSDT,permanent,False,1679665380000000000,2023-03-24T13:43:00.000000000Z,attempt_failed,timeout,,,permanent-00000299,,,,,close_spot,run_dfea4b7ac1475668d5968c97
ETHUSDT,permanent,False,1679665380000000000,2023-03-24T13:43:00.000000000Z,attempt_failed,timeout,,,permanent-00000300,,,,,close_spot,run_dfea4b7ac1475668d5968c97
BTCUSDT,permanent,False,1679665440000000000,2023-03-24T13:44:00.000000000Z,attempt_failed,timeout,,,permanent-00000301,,,,,close_spot,run_dfea4b7ac1475668d5968c97
ETHUSDT,permanent,False,1679665440000000000,2023-03-24T13:44:00.000000000Z,attempt_failed,timeout,,,permanent-00000302,,,,,close_spot,run_dfea4b7ac1475668d5968c97
BTCUSDT,permanent,False,1679665500000000000,2023-03-24T13:45:00.000000000Z,attempt_failed,timeout,,,permanent-00000303,,,,,close_spot,run_dfea4b7ac1475668d5968c97
ETHUSDT,permanent,False,1679665500000000000,2023-03-24T13:45:00.000000000Z,attempt_failed,timeout,,,permanent-00000304,,,,,close_spot,run_dfea4b7ac1475668d5968c97
BTCUSDT,permanent,False,1679665560000000000,2023-03-24T13:46:00.000000000Z,attempt_failed,timeout,,,permanent-00000305,,,,,close_spot,run_dfea4b7ac1475668d5968c97
ETHUSDT,permanent,False,1679665560000000000,2023-03-24T13:46:00.000000000Z,attempt_failed,timeout,,,permanent-00000306,,,,,close_spot,run_dfea4b7ac1475668d5968c97
BTCUSDT,permanent,False,1679665620000000000,2023-03-24T13:47:00.000000000Z,attempt_failed,timeout,,,permanent-00000307,,,,,close_spot,run_dfea4b7ac1475668d5968c97
ETHUSDT,permanent,False,1679665620000000000,2023-03-24T13:47:00.000000000Z,attempt_failed,timeout,,,permanent-00000308,,,,,close_spot,run_dfea4b7ac1475668d5968c97
BTCUSDT,permanent,False,1679665680000000000,2023-03-24T13:48:00.000000000Z,attempt_failed,timeout,,,permanent-00000309,,,,,close_spot,run_dfea4b7ac1475668d5968c97
ETHUSDT,permanent,False,1679665680000000000,2023-03-24T13:48:00.000000000Z,attempt_failed,timeout,,,permanent-00000310,,,,,close_spot,run_dfea4b7ac1475668d5968c97
BTCUSDT,permanent,False,1679665740000000000,2023-03-24T13:49:00.000000000Z,attempt_failed,timeout,,,permanent-00000311,,,,,close_spot,run_dfea4b7ac1475668d5968c97
ETHUSDT,permanent,False,1679665740000000000,2023-03-24T13:49:00.000000000Z,attempt_failed,timeout,,,permanent-00000312,,,,,close_spot,run_dfea4b7ac1475668d5968c97
BTCUSDT,permanent,False,1679665800000000000,2023-03-24T13:50:00.000000000Z,attempt_failed,timeout,,,permanent-00000313,,,,,close_spot,run_dfea4b7ac1475668d5968c97
ETHUSDT,permanent,False,1679665800000000000,2023-03-24T13:50:00.000000000Z,attempt_failed,timeout,,,permanent-00000314,,,,,close_spot,run_dfea4b7ac1475668d5968c97
BTCUSDT,permanent,False,1679665860000000000,2023-03-24T13:51:00.000000000Z,attempt_failed,timeout,,,permanent-00000315,,,,,close_spot,run_dfea4b7ac1475668d5968c97
ETHUSDT,permanent,False,1679665860000000000,2023-03-24T13:51:00.000000000Z,attempt_failed,timeout,,,permanent-00000316,,,,,close_spot,run_dfea4b7ac1475668d5968c97
BTCUSDT,permanent,False,1679665920000000000,2023-03-24T13:52:00.000000000Z,attempt_failed,timeout,,,permanent-00000317,,,,,close_spot,run_dfea4b7ac1475668d5968c97
ETHUSDT,permanent,False,1679665920000000000,2023-03-24T13:52:00.000000000Z,attempt_failed,timeout,,,permanent-00000318,,,,,close_spot,run_dfea4b7ac1475668d5968c97
BTCUSDT,permanent,False,1679665980000000000,2023-03-24T13:53:00.000000000Z,attempt_failed,timeout,,,permanent-00000319,,,,,close_spot,run_dfea4b7ac1475668d5968c97
ETHUSDT,permanent,False,1679665980000000000,2023-03-24T13:53:00.000000000Z,attempt_failed,timeout,,,permanent-00000320,,,,,close_spot,run_dfea4b7ac1475668d5968c97
BTCUSDT,permanent,False,1679666040000000000,2023-03-24T13:54:00.000000000Z,attempt_failed,timeout,,,permanent-00000321,,,,,close_spot,run_dfea4b7ac1475668d5968c97
ETHUSDT,permanent,False,1679666040000000000,2023-03-24T13:54:00.000000000Z,attempt_failed,timeout,,,permanent-00000322,,,,,close_spot,run_dfea4b7ac1475668d5968c97
BTCUSDT,permanent,False,1679666100000000000,2023-03-24T13:55:00.000000000Z,attempt_failed,timeout,,,permanent-00000323,,,,,close_spot,run_dfea4b7ac1475668d5968c97
ETHUSDT,permanent,False,1679666100000000000,2023-03-24T13:55:00.000000000Z,attempt_failed,timeout,,,permanent-00000324,,,,,close_spot,run_dfea4b7ac1475668d5968c97
BTCUSDT,permanent,False,1679666160000000000,2023-03-24T13:56:00.000000000Z,attempt_failed,timeout,,,permanent-00000325,,,,,close_spot,run_dfea4b7ac1475668d5968c97
ETHUSDT,permanent,False,1679666160000000000,2023-03-24T13:56:00.000000000Z,attempt_failed,timeout,,,permanent-00000326,,,,,close_spot,run_dfea4b7ac1475668d5968c97
BTCUSDT,permanent,False,1679666220000000000,2023-03-24T13:57:00.000000000Z,attempt_failed,timeout,,,permanent-00000327,,,,,close_spot,run_dfea4b7ac1475668d5968c97
ETHUSDT,permanent,False,1679666220000000000,2023-03-24T13:57:00.000000000Z,attempt_failed,timeout,,,permanent-00000328,,,,,close_spot,run_dfea4b7ac1475668d5968c97
BTCUSDT,permanent,False,1679666280000000000,2023-03-24T13:58:00.000000000Z,attempt_failed,timeout,,,permanent-00000329,,,,,close_spot,run_dfea4b7ac1475668d5968c97
ETHUSDT,permanent,False,1679666280000000000,2023-03-24T13:58:00.000000000Z,attempt_failed,timeout,,,permanent-00000330,,,,,close_spot,run_dfea4b7ac1475668d5968c97
BTCUSDT,permanent,False,1679666340000000000,2023-03-24T13:59:00.000000000Z,attempt_failed,timeout,,,permanent-00000331,,,,,close_spot,run_dfea4b7ac1475668d5968c97
ETHUSDT,permanent,False,1679666340000000000,2023-03-24T13:59:00.000000000Z,attempt_failed,timeout,,,permanent-00000332,,,,,close_spot,run_dfea4b7ac1475668d5968c97
BTCUSDT,permanent,False,1679666400000000000,2023-03-24T14:00:00.000000000Z,attempt_failed,timeout,,,permanent-00000333,,,,,close_spot,run_dfea4b7ac1475668d5968c97
ETHUSDT,permanent,False,1679666400000000000,2023-03-24T14:00:00.000000000Z,attempt_failed,timeout,,,permanent-00000334,,,,,close_spot,run_dfea4b7ac1475668d5968c97
BTCUSDT,permanent,False,1679666460000000000,2023-03-24T14:01:00.000000000Z,transition,unwind_complete,CLOSING_SPOT,COOLDOWN,,BTCUSDT-1654041660000000000,,,,,run_dfea4b7ac1475668d5968c97
ETHUSDT,permanent,False,1679666460000000000,2023-03-24T14:01:00.000000000Z,transition,unwind_complete,CLOSING_SPOT,COOLDOWN,,ETHUSDT-1673884860000000000,,,,,run_dfea4b7ac1475668d5968c97
BTCUSDT,permanent,False,1679760060011000000,2023-03-25T16:01:00.011000000Z,transition,cooldown_elapsed,COOLDOWN,FLAT,,BTCUSDT-1654041660000000000,,,,,run_dfea4b7ac1475668d5968c97
ETHUSDT,permanent,False,1679760060011000000,2023-03-25T16:01:00.011000000Z,transition,cooldown_elapsed,COOLDOWN,FLAT,,ETHUSDT-1673884860000000000,,,,,run_dfea4b7ac1475668d5968c97
BTCUSDT,permanent,False,1681459260008000000,2023-04-14T08:01:00.008000000Z,transition,entry,FLAT,OPENING_SPOT,permanent-00000337,BTCUSDT-1681459260008000000,,,,,run_dfea4b7ac1475668d5968c97
ETHUSDT,permanent,False,1681459260008000000,2023-04-14T08:01:00.008000000Z,transition,entry,FLAT,OPENING_SPOT,permanent-00000338,ETHUSDT-1681459260008000000,,,,,run_dfea4b7ac1475668d5968c97
BTCUSDT,permanent,False,1681459380000000000,2023-04-14T08:03:00.000000000Z,transition,spot_filled_waiting_hedge,OPENING_SPOT,OPENING_PERP,,BTCUSDT-1681459260008000000,,,,,run_dfea4b7ac1475668d5968c97
ETHUSDT,permanent,False,1681459380000000000,2023-04-14T08:03:00.000000000Z,transition,spot_filled_waiting_hedge,OPENING_SPOT,OPENING_PERP,,ETHUSDT-1681459260008000000,,,,,run_dfea4b7ac1475668d5968c97
BTCUSDT,permanent,False,1681459440000000000,2023-04-14T08:04:00.000000000Z,transition,opening_complete,OPENING_PERP,HOLDING,,BTCUSDT-1681459260008000000,,,,,run_dfea4b7ac1475668d5968c97
ETHUSDT,permanent,False,1681459440000000000,2023-04-14T08:04:00.000000000Z,transition,opening_complete,OPENING_PERP,HOLDING,,ETHUSDT-1681459260008000000,,,,,run_dfea4b7ac1475668d5968c97
BTCUSDT,permanent,False,1682064240000000000,2023-04-21T08:04:00.000000000Z,renewal,,,,,,2023-04-28T08:04:00.000000000Z,,1682669040000000000,,run_dfea4b7ac1475668d5968c97
BTCUSDT,permanent,False,1682064240000000000,2023-04-21T08:04:00.000000000Z,transition,renewal_rebalance,HOLDING,REBALANCING,,BTCUSDT-1681459260008000000,,,,,run_dfea4b7ac1475668d5968c97
ETHUSDT,permanent,False,1682064240000000000,2023-04-21T08:04:00.000000000Z,renewal,,,,,,2023-04-28T08:04:00.000000000Z,,1682669040000000000,,run_dfea4b7ac1475668d5968c97
ETHUSDT,permanent,False,1682064240000000000,2023-04-21T08:04:00.000000000Z,transition,renewal_rebalance,HOLDING,REBALANCING,,ETHUSDT-1681459260008000000,,,,,run_dfea4b7ac1475668d5968c97
BTCUSDT,permanent,False,1682064360000000000,2023-04-21T08:06:00.000000000Z,transition,rebalance_complete,REBALANCING,HOLDING,,BTCUSDT-1681459260008000000,,,,,run_dfea4b7ac1475668d5968c97
ETHUSDT,permanent,False,1682064360000000000,2023-04-21T08:06:00.000000000Z,transition,rebalance_complete,REBALANCING,HOLDING,,ETHUSDT-1681459260008000000,,,,,run_dfea4b7ac1475668d5968c97
BTCUSDT,permanent,False,1682669040000000000,2023-04-28T08:04:00.000000000Z,renewal,,,,,,2023-05-05T08:04:00.000000000Z,,1683273840000000000,,run_dfea4b7ac1475668d5968c97
ETHUSDT,permanent,False,1682669040000000000,2023-04-28T08:04:00.000000000Z,renewal,,,,,,2023-05-05T08:04:00.000000000Z,,1683273840000000000,,run_dfea4b7ac1475668d5968c97
BTCUSDT,permanent,False,1683273840000000000,2023-05-05T08:04:00.000000000Z,renewal,,,,,,2023-05-12T08:04:00.000000000Z,,1683878640000000000,,run_dfea4b7ac1475668d5968c97
ETHUSDT,permanent,False,1683273840000000000,2023-05-05T08:04:00.000000000Z,renewal,,,,,,2023-05-12T08:04:00.000000000Z,,1683878640000000000,,run_dfea4b7ac1475668d5968c97
BTCUSDT,permanent,False,1683878640000000000,2023-05-12T08:04:00.000000000Z,renewal,,,,,,2023-05-19T08:04:00.000000000Z,,1684483440000000000,,run_dfea4b7ac1475668d5968c97
BTCUSDT,permanent,False,1683878640000000000,2023-05-12T08:04:00.000000000Z,transition,renewal_rebalance,HOLDING,REBALANCING,,BTCUSDT-1681459260008000000,,,,,run_dfea4b7ac1475668d5968c97
ETHUSDT,permanent,False,1683878640000000000,2023-05-12T08:04:00.000000000Z,renewal,,,,,,2023-05-19T08:04:00.000000000Z,,1684483440000000000,,run_dfea4b7ac1475668d5968c97
ETHUSDT,permanent,False,1683878640000000000,2023-05-12T08:04:00.000000000Z,rebalance_skipped,joint_sizing:insufficient_cash,,,,,,,,,run_dfea4b7ac1475668d5968c97
BTCUSDT,permanent,False,1683878760000000000,2023-05-12T08:06:00.000000000Z,transition,rebalance_complete,REBALANCING,HOLDING,,BTCUSDT-1681459260008000000,,,,,run_dfea4b7ac1475668d5968c97
BTCUSDT,permanent,False,1684483440000000000,2023-05-19T08:04:00.000000000Z,renewal,,,,,,2023-05-26T08:04:00.000000000Z,,1685088240000000000,,run_dfea4b7ac1475668d5968c97
ETHUSDT,permanent,False,1684483440000000000,2023-05-19T08:04:00.000000000Z,renewal,,,,,,2023-05-26T08:04:00.000000000Z,,1685088240000000000,,run_dfea4b7ac1475668d5968c97
ETHUSDT,permanent,False,1684483440000000000,2023-05-19T08:04:00.000000000Z,rebalance_skipped,joint_sizing:insufficient_cash,,,,,,,,,run_dfea4b7ac1475668d5968c97
BTCUSDT,permanent,False,1685088240000000000,2023-05-26T08:04:00.000000000Z,renewal,,,,,,2023-06-02T08:04:00.000000000Z,,1685693040000000000,,run_dfea4b7ac1475668d5968c97
ETHUSDT,permanent,False,1685088240000000000,2023-05-26T08:04:00.000000000Z,renewal,,,,,,2023-06-02T08:04:00.000000000Z,,1685693040000000000,,run_dfea4b7ac1475668d5968c97
ETHUSDT,permanent,False,1685088240000000000,2023-05-26T08:04:00.000000000Z,rebalance_skipped,joint_sizing:insufficient_cash,,,,,,,,,run_dfea4b7ac1475668d5968c97
BTCUSDT,permanent,False,1685693040000000000,2023-06-02T08:04:00.000000000Z,renewal,,,,,,2023-06-09T08:04:00.000000000Z,,1686297840000000000,,run_dfea4b7ac1475668d5968c97
ETHUSDT,permanent,False,1685693040000000000,2023-06-02T08:04:00.000000000Z,renewal,,,,,,2023-06-09T08:04:00.000000000Z,,1686297840000000000,,run_dfea4b7ac1475668d5968c97
BTCUSDT,permanent,False,1686297840000000000,2023-06-09T08:04:00.000000000Z,renewal,,,,,,2023-06-16T08:04:00.000000000Z,,1686902640000000000,,run_dfea4b7ac1475668d5968c97
ETHUSDT,permanent,False,1686297840000000000,2023-06-09T08:04:00.000000000Z,renewal,,,,,,2023-06-16T08:04:00.000000000Z,,1686902640000000000,,run_dfea4b7ac1475668d5968c97
ETHUSDT,permanent,False,1686297840000000000,2023-06-09T08:04:00.000000000Z,transition,renewal_rebalance,HOLDING,REBALANCING,,ETHUSDT-1681459260008000000,,,,,run_dfea4b7ac1475668d5968c97
ETHUSDT,permanent,False,1686297960000000000,2023-06-09T08:06:00.000000000Z,transition,rebalance_complete,REBALANCING,HOLDING,,ETHUSDT-1681459260008000000,,,,,run_dfea4b7ac1475668d5968c97
BTCUSDT,permanent,False,1686902640000000000,2023-06-16T08:04:00.000000000Z,renewal,,,,,,2023-06-23T08:04:00.000000000Z,,1687507440000000000,,run_dfea4b7ac1475668d5968c97
ETHUSDT,permanent,False,1686902640000000000,2023-06-16T08:04:00.000000000Z,renewal,,,,,,2023-06-23T08:04:00.000000000Z,,1687507440000000000,,run_dfea4b7ac1475668d5968c97
ETHUSDT,permanent,False,1686902640000000000,2023-06-16T08:04:00.000000000Z,rebalance_skipped,joint_sizing:insufficient_cash,,,,,,,,,run_dfea4b7ac1475668d5968c97
BTCUSDT,permanent,False,1687507440000000000,2023-06-23T08:04:00.000000000Z,renewal,,,,,,2023-06-30T08:04:00.000000000Z,,1688112240000000000,,run_dfea4b7ac1475668d5968c97
BTCUSDT,permanent,False,1687507440000000000,2023-06-23T08:04:00.000000000Z,transition,renewal_rebalance,HOLDING,REBALANCING,,BTCUSDT-1681459260008000000,,,,,run_dfea4b7ac1475668d5968c97
ETHUSDT,permanent,False,1687507440000000000,2023-06-23T08:04:00.000000000Z,renewal,,,,,,2023-06-30T08:04:00.000000000Z,,1688112240000000000,,run_dfea4b7ac1475668d5968c97
BTCUSDT,permanent,False,1687507560000000000,2023-06-23T08:06:00.000000000Z,transition,rebalance_complete,REBALANCING,HOLDING,,BTCUSDT-1681459260008000000,,,,,run_dfea4b7ac1475668d5968c97
BTCUSDT,permanent,False,1688112240000000000,2023-06-30T08:04:00.000000000Z,renewal,,,,,,2023-07-07T08:04:00.000000000Z,,1688717040000000000,,run_dfea4b7ac1475668d5968c97
ETHUSDT,permanent,False,1688112240000000000,2023-06-30T08:04:00.000000000Z,renewal,,,,,,2023-07-07T08:04:00.000000000Z,,1688717040000000000,,run_dfea4b7ac1475668d5968c97
BTCUSDT,permanent,False,1688717040000000000,2023-07-07T08:04:00.000000000Z,renewal,,,,,,2023-07-14T08:04:00.000000000Z,,1689321840000000000,,run_dfea4b7ac1475668d5968c97
ETHUSDT,permanent,False,1688717040000000000,2023-07-07T08:04:00.000000000Z,renewal,,,,,,2023-07-14T08:04:00.000000000Z,,1689321840000000000,,run_dfea4b7ac1475668d5968c97
BTCUSDT,permanent,False,1689321840000000000,2023-07-14T08:04:00.000000000Z,renewal,,,,,,2023-07-21T08:04:00.000000000Z,,1689926640000000000,,run_dfea4b7ac1475668d5968c97
ETHUSDT,permanent,False,1689321840000000000,2023-07-14T08:04:00.000000000Z,renewal,,,,,,2023-07-21T08:04:00.000000000Z,,1689926640000000000,,run_dfea4b7ac1475668d5968c97
BTCUSDT,permanent,False,1689926640000000000,2023-07-21T08:04:00.000000000Z,renewal,,,,,,2023-07-28T08:04:00.000000000Z,,1690531440000000000,,run_dfea4b7ac1475668d5968c97
ETHUSDT,permanent,False,1689926640000000000,2023-07-21T08:04:00.000000000Z,renewal,,,,,,2023-07-28T08:04:00.000000000Z,,1690531440000000000,,run_dfea4b7ac1475668d5968c97
BTCUSDT,permanent,False,1690531440000000000,2023-07-28T08:04:00.000000000Z,renewal,,,,,,2023-08-04T08:04:00.000000000Z,,1691136240000000000,,run_dfea4b7ac1475668d5968c97
ETHUSDT,permanent,False,1690531440000000000,2023-07-28T08:04:00.000000000Z,renewal,,,,,,2023-08-04T08:04:00.000000000Z,,1691136240000000000,,run_dfea4b7ac1475668d5968c97
BTCUSDT,permanent,False,1691136240000000000,2023-08-04T08:04:00.000000000Z,renewal,,,,,,2023-08-11T08:04:00.000000000Z,,1691741040000000000,,run_dfea4b7ac1475668d5968c97
ETHUSDT,permanent,False,1691136240000000000,2023-08-04T08:04:00.000000000Z,renewal,,,,,,2023-08-11T08:04:00.000000000Z,,1691741040000000000,,run_dfea4b7ac1475668d5968c97
BTCUSDT,permanent,False,1691741040000000000,2023-08-11T08:04:00.000000000Z,renewal,,,,,,2023-08-18T08:04:00.000000000Z,,1692345840000000000,,run_dfea4b7ac1475668d5968c97
ETHUSDT,permanent,False,1691741040000000000,2023-08-11T08:04:00.000000000Z,renewal,,,,,,2023-08-18T08:04:00.000000000Z,,1692345840000000000,,run_dfea4b7ac1475668d5968c97
BTCUSDT,permanent,False,1692345840000000000,2023-08-18T08:04:00.000000000Z,renewal,,,,,,2023-08-25T08:04:00.000000000Z,,1692950640000000000,,run_dfea4b7ac1475668d5968c97
BTCUSDT,permanent,False,1692345840000000000,2023-08-18T08:04:00.000000000Z,transition,renewal_rebalance,HOLDING,REBALANCING,,BTCUSDT-1681459260008000000,,,,,run_dfea4b7ac1475668d5968c97
ETHUSDT,permanent,False,1692345840000000000,2023-08-18T08:04:00.000000000Z,renewal,,,,,,2023-08-25T08:04:00.000000000Z,,1692950640000000000,,run_dfea4b7ac1475668d5968c97
ETHUSDT,permanent,False,1692345840000000000,2023-08-18T08:04:00.000000000Z,transition,renewal_rebalance,HOLDING,REBALANCING,,ETHUSDT-1681459260008000000,,,,,run_dfea4b7ac1475668d5968c97
BTCUSDT,permanent,False,1692345960000000000,2023-08-18T08:06:00.000000000Z,transition,rebalance_complete,REBALANCING,HOLDING,,BTCUSDT-1681459260008000000,,,,,run_dfea4b7ac1475668d5968c97
ETHUSDT,permanent,False,1692345960000000000,2023-08-18T08:06:00.000000000Z,transition,rebalance_complete,REBALANCING,HOLDING,,ETHUSDT-1681459260008000000,,,,,run_dfea4b7ac1475668d5968c97
BTCUSDT,permanent,False,1692950640000000000,2023-08-25T08:04:00.000000000Z,renewal,,,,,,2023-09-01T08:04:00.000000000Z,,1693555440000000000,,run_dfea4b7ac1475668d5968c97
ETHUSDT,permanent,False,1692950640000000000,2023-08-25T08:04:00.000000000Z,renewal,,,,,,2023-09-01T08:04:00.000000000Z,,1693555440000000000,,run_dfea4b7ac1475668d5968c97
ETHUSDT,permanent,False,1692950640000000000,2023-08-25T08:04:00.000000000Z,rebalance_skipped,joint_sizing:insufficient_cash,,,,,,,,,run_dfea4b7ac1475668d5968c97
BTCUSDT,permanent,False,1693555440000000000,2023-09-01T08:04:00.000000000Z,renewal,,,,,,2023-09-08T08:04:00.000000000Z,,1694160240000000000,,run_dfea4b7ac1475668d5968c97
ETHUSDT,permanent,False,1693555440000000000,2023-09-01T08:04:00.000000000Z,renewal,,,,,,2023-09-08T08:04:00.000000000Z,,1694160240000000000,,run_dfea4b7ac1475668d5968c97
ETHUSDT,permanent,False,1693555440000000000,2023-09-01T08:04:00.000000000Z,rebalance_skipped,joint_sizing:insufficient_cash,,,,,,,,,run_dfea4b7ac1475668d5968c97
BTCUSDT,permanent,False,1694160240000000000,2023-09-08T08:04:00.000000000Z,renewal,,,,,,2023-09-15T08:04:00.000000000Z,,1694765040000000000,,run_dfea4b7ac1475668d5968c97
ETHUSDT,permanent,False,1694160240000000000,2023-09-08T08:04:00.000000000Z,renewal,,,,,,2023-09-15T08:04:00.000000000Z,,1694765040000000000,,run_dfea4b7ac1475668d5968c97
ETHUSDT,permanent,False,1694160240000000000,2023-09-08T08:04:00.000000000Z,rebalance_skipped,joint_sizing:insufficient_cash,,,,,,,,,run_dfea4b7ac1475668d5968c97
BTCUSDT,permanent,False,1694765040000000000,2023-09-15T08:04:00.000000000Z,renewal,,,,,,2023-09-22T08:04:00.000000000Z,,1695369840000000000,,run_dfea4b7ac1475668d5968c97
ETHUSDT,permanent,False,1694765040000000000,2023-09-15T08:04:00.000000000Z,renewal,,,,,,2023-09-22T08:04:00.000000000Z,,1695369840000000000,,run_dfea4b7ac1475668d5968c97
ETHUSDT,permanent,False,1694765040000000000,2023-09-15T08:04:00.000000000Z,rebalance_skipped,joint_sizing:insufficient_cash,,,,,,,,,run_dfea4b7ac1475668d5968c97
BTCUSDT,permanent,False,1695369840000000000,2023-09-22T08:04:00.000000000Z,renewal,,,,,,2023-09-29T08:04:00.000000000Z,,1695974640000000000,,run_dfea4b7ac1475668d5968c97
ETHUSDT,permanent,False,1695369840000000000,2023-09-22T08:04:00.000000000Z,renewal,,,,,,2023-09-29T08:04:00.000000000Z,,1695974640000000000,,run_dfea4b7ac1475668d5968c97
ETHUSDT,permanent,False,1695369840000000000,2023-09-22T08:04:00.000000000Z,rebalance_skipped,joint_sizing:insufficient_cash,,,,,,,,,run_dfea4b7ac1475668d5968c97
BTCUSDT,permanent,False,1695974640000000000,2023-09-29T08:04:00.000000000Z,renewal,,,,,,2023-10-06T08:04:00.000000000Z,,1696579440000000000,,run_dfea4b7ac1475668d5968c97
ETHUSDT,permanent,False,1695974640000000000,2023-09-29T08:04:00.000000000Z,renewal,,,,,,2023-10-06T08:04:00.000000000Z,,1696579440000000000,,run_dfea4b7ac1475668d5968c97
ETHUSDT,permanent,False,1695974640000000000,2023-09-29T08:04:00.000000000Z,rebalance_skipped,joint_sizing:insufficient_cash,,,,,,,,,run_dfea4b7ac1475668d5968c97
BTCUSDT,permanent,False,1696579440000000000,2023-10-06T08:04:00.000000000Z,renewal,,,,,,2023-10-13T08:04:00.000000000Z,,1697184240000000000,,run_dfea4b7ac1475668d5968c97
ETHUSDT,permanent,False,1696579440000000000,2023-10-06T08:04:00.000000000Z,renewal,,,,,,2023-10-13T08:04:00.000000000Z,,1697184240000000000,,run_dfea4b7ac1475668d5968c97
ETHUSDT,permanent,False,1696579440000000000,2023-10-06T08:04:00.000000000Z,rebalance_skipped,joint_sizing:insufficient_cash,,,,,,,,,run_dfea4b7ac1475668d5968c97
BTCUSDT,permanent,False,1697184240000000000,2023-10-13T08:04:00.000000000Z,renewal,,,,,,2023-10-20T08:04:00.000000000Z,,1697789040000000000,,run_dfea4b7ac1475668d5968c97
ETHUSDT,permanent,False,1697184240000000000,2023-10-13T08:04:00.000000000Z,renewal,,,,,,2023-10-20T08:04:00.000000000Z,,1697789040000000000,,run_dfea4b7ac1475668d5968c97
ETHUSDT,permanent,False,1697184240000000000,2023-10-13T08:04:00.000000000Z,rebalance_skipped,joint_sizing:insufficient_cash,,,,,,,,,run_dfea4b7ac1475668d5968c97
BTCUSDT,permanent,False,1697789040000000000,2023-10-20T08:04:00.000000000Z,renewal,,,,,,2023-10-27T08:04:00.000000000Z,,1698393840000000000,,run_dfea4b7ac1475668d5968c97
BTCUSDT,permanent,False,1697789040000000000,2023-10-20T08:04:00.000000000Z,transition,renewal_rebalance,HOLDING,REBALANCING,,BTCUSDT-1681459260008000000,,,,,run_dfea4b7ac1475668d5968c97
ETHUSDT,permanent,False,1697789040000000000,2023-10-20T08:04:00.000000000Z,renewal,,,,,,2023-10-27T08:04:00.000000000Z,,1698393840000000000,,run_dfea4b7ac1475668d5968c97
ETHUSDT,permanent,False,1697789040000000000,2023-10-20T08:04:00.000000000Z,rebalance_skipped,joint_sizing:insufficient_cash,,,,,,,,,run_dfea4b7ac1475668d5968c97
BTCUSDT,permanent,False,1697789160000000000,2023-10-20T08:06:00.000000000Z,transition,rebalance_complete,REBALANCING,HOLDING,,BTCUSDT-1681459260008000000,,,,,run_dfea4b7ac1475668d5968c97
BTCUSDT,permanent,False,1698393840000000000,2023-10-27T08:04:00.000000000Z,renewal,,,,,,2023-11-03T08:04:00.000000000Z,,1698998640000000000,,run_dfea4b7ac1475668d5968c97
BTCUSDT,permanent,False,1698393840000000000,2023-10-27T08:04:00.000000000Z,transition,renewal_rebalance,HOLDING,REBALANCING,,BTCUSDT-1681459260008000000,,,,,run_dfea4b7ac1475668d5968c97
ETHUSDT,permanent,False,1698393840000000000,2023-10-27T08:04:00.000000000Z,renewal,,,,,,2023-11-03T08:04:00.000000000Z,,1698998640000000000,,run_dfea4b7ac1475668d5968c97
ETHUSDT,permanent,False,1698393840000000000,2023-10-27T08:04:00.000000000Z,transition,renewal_rebalance,HOLDING,REBALANCING,,ETHUSDT-1681459260008000000,,,,,run_dfea4b7ac1475668d5968c97
BTCUSDT,permanent,False,1698393960000000000,2023-10-27T08:06:00.000000000Z,transition,rebalance_complete,REBALANCING,HOLDING,,BTCUSDT-1681459260008000000,,,,,run_dfea4b7ac1475668d5968c97
ETHUSDT,permanent,False,1698393960000000000,2023-10-27T08:06:00.000000000Z,transition,rebalance_complete,REBALANCING,HOLDING,,ETHUSDT-1681459260008000000,,,,,run_dfea4b7ac1475668d5968c97
BTCUSDT,permanent,False,1698998640000000000,2023-11-03T08:04:00.000000000Z,renewal,,,,,,2023-11-10T08:04:00.000000000Z,,1699603440000000000,,run_dfea4b7ac1475668d5968c97
ETHUSDT,permanent,False,1698998640000000000,2023-11-03T08:04:00.000000000Z,renewal,,,,,,2023-11-10T08:04:00.000000000Z,,1699603440000000000,,run_dfea4b7ac1475668d5968c97
BTCUSDT,permanent,False,1699603440000000000,2023-11-10T08:04:00.000000000Z,renewal,,,,,,2023-11-17T08:04:00.000000000Z,,1700208240000000000,,run_dfea4b7ac1475668d5968c97
BTCUSDT,permanent,False,1699603440000000000,2023-11-10T08:04:00.000000000Z,transition,renewal_rebalance,HOLDING,REBALANCING,,BTCUSDT-1681459260008000000,,,,,run_dfea4b7ac1475668d5968c97
ETHUSDT,permanent,False,1699603440000000000,2023-11-10T08:04:00.000000000Z,renewal,,,,,,2023-11-17T08:04:00.000000000Z,,1700208240000000000,,run_dfea4b7ac1475668d5968c97
ETHUSDT,permanent,False,1699603440000000000,2023-11-10T08:04:00.000000000Z,transition,renewal_rebalance,HOLDING,REBALANCING,,ETHUSDT-1681459260008000000,,,,,run_dfea4b7ac1475668d5968c97
BTCUSDT,permanent,False,1699603560000000000,2023-11-10T08:06:00.000000000Z,transition,rebalance_complete,REBALANCING,HOLDING,,BTCUSDT-1681459260008000000,,,,,run_dfea4b7ac1475668d5968c97
ETHUSDT,permanent,False,1699603560000000000,2023-11-10T08:06:00.000000000Z,transition,rebalance_complete,REBALANCING,HOLDING,,ETHUSDT-1681459260008000000,,,,,run_dfea4b7ac1475668d5968c97
BTCUSDT,permanent,False,1699630680000000000,2023-11-10T15:38:00.000000000Z,close_requested,real_market_inactivity,,,,,,False,,,run_dfea4b7ac1475668d5968c97
BTCUSDT,permanent,False,1699630680000000000,2023-11-10T15:38:00.000000000Z,transition,real_market_inactivity,HOLDING,CLOSING_PERP,,BTCUSDT-1681459260008000000,,,,,run_dfea4b7ac1475668d5968c97
BTCUSDT,permanent,False,1699630740000000000,2023-11-10T15:39:00.000000000Z,attempt_failed,timeout,,,permanent-00000365,,,,,close_perp,run_dfea4b7ac1475668d5968c97
BTCUSDT,permanent,False,1699630800000000000,2023-11-10T15:40:00.000000000Z,attempt_failed,timeout,,,permanent-00000366,,,,,close_perp,run_dfea4b7ac1475668d5968c97
BTCUSDT,permanent,False,1699630860000000000,2023-11-10T15:41:00.000000000Z,attempt_failed,timeout,,,permanent-00000367,,,,,close_perp,run_dfea4b7ac1475668d5968c97
BTCUSDT,permanent,False,1699630920000000000,2023-11-10T15:42:00.000000000Z,attempt_failed,timeout,,,permanent-00000368,,,,,close_perp,run_dfea4b7ac1475668d5968c97
BTCUSDT,permanent,False,1699630980000000000,2023-11-10T15:43:00.000000000Z,attempt_failed,timeout,,,permanent-00000369,,,,,close_perp,run_dfea4b7ac1475668d5968c97
BTCUSDT,permanent,False,1699631040000000000,2023-11-10T15:44:00.000000000Z,attempt_failed,timeout,,,permanent-00000370,,,,,close_perp,run_dfea4b7ac1475668d5968c97
BTCUSDT,permanent,False,1699631100000000000,2023-11-10T15:45:00.000000000Z,attempt_failed,timeout,,,permanent-00000371,,,,,close_perp,run_dfea4b7ac1475668d5968c97
BTCUSDT,permanent,False,1699631160000000000,2023-11-10T15:46:00.000000000Z,attempt_failed,timeout,,,permanent-00000372,,,,,close_perp,run_dfea4b7ac1475668d5968c97
BTCUSDT,permanent,False,1699631220000000000,2023-11-10T15:47:00.000000000Z,attempt_failed,timeout,,,permanent-00000373,,,,,close_perp,run_dfea4b7ac1475668d5968c97
BTCUSDT,permanent,False,1699631280000000000,2023-11-10T15:48:00.000000000Z,attempt_failed,timeout,,,permanent-00000374,,,,,close_perp,run_dfea4b7ac1475668d5968c97
BTCUSDT,permanent,False,1699631340000000000,2023-11-10T15:49:00.000000000Z,attempt_failed,timeout,,,permanent-00000375,,,,,close_perp,run_dfea4b7ac1475668d5968c97
BTCUSDT,permanent,False,1699631400000000000,2023-11-10T15:50:00.000000000Z,attempt_failed,timeout,,,permanent-00000376,,,,,close_perp,run_dfea4b7ac1475668d5968c97
BTCUSDT,permanent,False,1699631460000000000,2023-11-10T15:51:00.000000000Z,attempt_failed,timeout,,,permanent-00000377,,,,,close_perp,run_dfea4b7ac1475668d5968c97
BTCUSDT,permanent,False,1699631520000000000,2023-11-10T15:52:00.000000000Z,attempt_failed,timeout,,,permanent-00000378,,,,,close_perp,run_dfea4b7ac1475668d5968c97
BTCUSDT,permanent,False,1699631580000000000,2023-11-10T15:53:00.000000000Z,attempt_failed,timeout,,,permanent-00000379,,,,,close_perp,run_dfea4b7ac1475668d5968c97
BTCUSDT,permanent,False,1699631640000000000,2023-11-10T15:54:00.000000000Z,attempt_failed,timeout,,,permanent-00000380,,,,,close_perp,run_dfea4b7ac1475668d5968c97
BTCUSDT,permanent,False,1699631700000000000,2023-11-10T15:55:00.000000000Z,attempt_failed,timeout,,,permanent-00000381,,,,,close_perp,run_dfea4b7ac1475668d5968c97
BTCUSDT,permanent,False,1699631760000000000,2023-11-10T15:56:00.000000000Z,attempt_failed,timeout,,,permanent-00000382,,,,,close_perp,run_dfea4b7ac1475668d5968c97
BTCUSDT,permanent,False,1699631820000000000,2023-11-10T15:57:00.000000000Z,attempt_failed,timeout,,,permanent-00000383,,,,,close_perp,run_dfea4b7ac1475668d5968c97
BTCUSDT,permanent,False,1699631880000000000,2023-11-10T15:58:00.000000000Z,attempt_failed,timeout,,,permanent-00000384,,,,,close_perp,run_dfea4b7ac1475668d5968c97
BTCUSDT,permanent,False,1699631940000000000,2023-11-10T15:59:00.000000000Z,attempt_failed,timeout,,,permanent-00000385,,,,,close_perp,run_dfea4b7ac1475668d5968c97
BTCUSDT,permanent,False,1699632000000000000,2023-11-10T16:00:00.000000000Z,attempt_failed,timeout,,,permanent-00000386,,,,,close_perp,run_dfea4b7ac1475668d5968c97
BTCUSDT,permanent,False,1699632060000000000,2023-11-10T16:01:00.000000000Z,attempt_failed,timeout,,,permanent-00000387,,,,,close_perp,run_dfea4b7ac1475668d5968c97
BTCUSDT,permanent,False,1699632120000000000,2023-11-10T16:02:00.000000000Z,attempt_failed,timeout,,,permanent-00000388,,,,,close_perp,run_dfea4b7ac1475668d5968c97
BTCUSDT,permanent,False,1699632180000000000,2023-11-10T16:03:00.000000000Z,attempt_failed,timeout,,,permanent-00000389,,,,,close_perp,run_dfea4b7ac1475668d5968c97
BTCUSDT,permanent,False,1699632240000000000,2023-11-10T16:04:00.000000000Z,attempt_failed,timeout,,,permanent-00000390,,,,,close_perp,run_dfea4b7ac1475668d5968c97
BTCUSDT,permanent,False,1699632300000000000,2023-11-10T16:05:00.000000000Z,attempt_failed,timeout,,,permanent-00000391,,,,,close_perp,run_dfea4b7ac1475668d5968c97
BTCUSDT,permanent,False,1699632360000000000,2023-11-10T16:06:00.000000000Z,attempt_failed,timeout,,,permanent-00000392,,,,,close_perp,run_dfea4b7ac1475668d5968c97
BTCUSDT,permanent,False,1699632420000000000,2023-11-10T16:07:00.000000000Z,attempt_failed,timeout,,,permanent-00000393,,,,,close_perp,run_dfea4b7ac1475668d5968c97
BTCUSDT,permanent,False,1699632480000000000,2023-11-10T16:08:00.000000000Z,attempt_failed,timeout,,,permanent-00000394,,,,,close_perp,run_dfea4b7ac1475668d5968c97
BTCUSDT,permanent,False,1699632540000000000,2023-11-10T16:09:00.000000000Z,attempt_failed,timeout,,,permanent-00000395,,,,,close_perp,run_dfea4b7ac1475668d5968c97
BTCUSDT,permanent,False,1699632600000000000,2023-11-10T16:10:00.000000000Z,attempt_failed,timeout,,,permanent-00000396,,,,,close_perp,run_dfea4b7ac1475668d5968c97
BTCUSDT,permanent,False,1699632660000000000,2023-11-10T16:11:00.000000000Z,attempt_failed,timeout,,,permanent-00000397,,,,,close_perp,run_dfea4b7ac1475668d5968c97
BTCUSDT,permanent,False,1699632720000000000,2023-11-10T16:12:00.000000000Z,attempt_failed,timeout,,,permanent-00000398,,,,,close_perp,run_dfea4b7ac1475668d5968c97
BTCUSDT,permanent,False,1699632780000000000,2023-11-10T16:13:00.000000000Z,attempt_failed,timeout,,,permanent-00000399,,,,,close_perp,run_dfea4b7ac1475668d5968c97
BTCUSDT,permanent,False,1699632840000000000,2023-11-10T16:14:00.000000000Z,attempt_failed,timeout,,,permanent-00000400,,,,,close_perp,run_dfea4b7ac1475668d5968c97
BTCUSDT,permanent,False,1699632900000000000,2023-11-10T16:15:00.000000000Z,attempt_failed,timeout,,,permanent-00000401,,,,,close_perp,run_dfea4b7ac1475668d5968c97
BTCUSDT,permanent,False,1699632960000000000,2023-11-10T16:16:00.000000000Z,attempt_failed,timeout,,,permanent-00000402,,,,,close_perp,run_dfea4b7ac1475668d5968c97
BTCUSDT,permanent,False,1699633020000000000,2023-11-10T16:17:00.000000000Z,attempt_failed,timeout,,,permanent-00000403,,,,,close_perp,run_dfea4b7ac1475668d5968c97
BTCUSDT,permanent,False,1699633080000000000,2023-11-10T16:18:00.000000000Z,attempt_failed,timeout,,,permanent-00000404,,,,,close_perp,run_dfea4b7ac1475668d5968c97
BTCUSDT,permanent,False,1699633140000000000,2023-11-10T16:19:00.000000000Z,attempt_failed,timeout,,,permanent-00000405,,,,,close_perp,run_dfea4b7ac1475668d5968c97
BTCUSDT,permanent,False,1699633200000000000,2023-11-10T16:20:00.000000000Z,attempt_failed,timeout,,,permanent-00000406,,,,,close_perp,run_dfea4b7ac1475668d5968c97
BTCUSDT,permanent,False,1699633260000000000,2023-11-10T16:21:00.000000000Z,attempt_failed,timeout,,,permanent-00000407,,,,,close_perp,run_dfea4b7ac1475668d5968c97
BTCUSDT,permanent,False,1699633320000000000,2023-11-10T16:22:00.000000000Z,attempt_failed,timeout,,,permanent-00000408,,,,,close_perp,run_dfea4b7ac1475668d5968c97
BTCUSDT,permanent,False,1699633380000000000,2023-11-10T16:23:00.000000000Z,attempt_failed,timeout,,,permanent-00000409,,,,,close_perp,run_dfea4b7ac1475668d5968c97
BTCUSDT,permanent,False,1699633440000000000,2023-11-10T16:24:00.000000000Z,attempt_failed,timeout,,,permanent-00000410,,,,,close_perp,run_dfea4b7ac1475668d5968c97
BTCUSDT,permanent,False,1699633500000000000,2023-11-10T16:25:00.000000000Z,attempt_failed,timeout,,,permanent-00000411,,,,,close_perp,run_dfea4b7ac1475668d5968c97
BTCUSDT,permanent,False,1699633560000000000,2023-11-10T16:26:00.000000000Z,attempt_failed,timeout,,,permanent-00000412,,,,,close_perp,run_dfea4b7ac1475668d5968c97
BTCUSDT,permanent,False,1699633620000000000,2023-11-10T16:27:00.000000000Z,attempt_failed,timeout,,,permanent-00000413,,,,,close_perp,run_dfea4b7ac1475668d5968c97
BTCUSDT,permanent,False,1699633680000000000,2023-11-10T16:28:00.000000000Z,attempt_failed,timeout,,,permanent-00000414,,,,,close_perp,run_dfea4b7ac1475668d5968c97
BTCUSDT,permanent,False,1699633740000000000,2023-11-10T16:29:00.000000000Z,attempt_failed,timeout,,,permanent-00000415,,,,,close_perp,run_dfea4b7ac1475668d5968c97
BTCUSDT,permanent,False,1699633800000000000,2023-11-10T16:30:00.000000000Z,attempt_failed,timeout,,,permanent-00000416,,,,,close_perp,run_dfea4b7ac1475668d5968c97
BTCUSDT,permanent,False,1699633860000000000,2023-11-10T16:31:00.000000000Z,attempt_failed,timeout,,,permanent-00000417,,,,,close_perp,run_dfea4b7ac1475668d5968c97
BTCUSDT,permanent,False,1699633920000000000,2023-11-10T16:32:00.000000000Z,attempt_failed,timeout,,,permanent-00000418,,,,,close_perp,run_dfea4b7ac1475668d5968c97
BTCUSDT,permanent,False,1699633980000000000,2023-11-10T16:33:00.000000000Z,attempt_failed,timeout,,,permanent-00000419,,,,,close_perp,run_dfea4b7ac1475668d5968c97
BTCUSDT,permanent,False,1699634040000000000,2023-11-10T16:34:00.000000000Z,attempt_failed,timeout,,,permanent-00000420,,,,,close_perp,run_dfea4b7ac1475668d5968c97
BTCUSDT,permanent,False,1699634100000000000,2023-11-10T16:35:00.000000000Z,attempt_failed,timeout,,,permanent-00000421,,,,,close_perp,run_dfea4b7ac1475668d5968c97
BTCUSDT,permanent,False,1699634160000000000,2023-11-10T16:36:00.000000000Z,attempt_failed,timeout,,,permanent-00000422,,,,,close_perp,run_dfea4b7ac1475668d5968c97
BTCUSDT,permanent,False,1699634220000000000,2023-11-10T16:37:00.000000000Z,attempt_failed,timeout,,,permanent-00000423,,,,,close_perp,run_dfea4b7ac1475668d5968c97
BTCUSDT,permanent,False,1699634280000000000,2023-11-10T16:38:00.000000000Z,attempt_failed,timeout,,,permanent-00000424,,,,,close_perp,run_dfea4b7ac1475668d5968c97
BTCUSDT,permanent,False,1699634340000000000,2023-11-10T16:39:00.000000000Z,attempt_failed,timeout,,,permanent-00000425,,,,,close_perp,run_dfea4b7ac1475668d5968c97
BTCUSDT,permanent,False,1699634400000000000,2023-11-10T16:40:00.000000000Z,attempt_failed,timeout,,,permanent-00000426,,,,,close_perp,run_dfea4b7ac1475668d5968c97
BTCUSDT,permanent,False,1699634460000000000,2023-11-10T16:41:00.000000000Z,attempt_failed,timeout,,,permanent-00000427,,,,,close_perp,run_dfea4b7ac1475668d5968c97
BTCUSDT,permanent,False,1699634520000000000,2023-11-10T16:42:00.000000000Z,attempt_failed,timeout,,,permanent-00000428,,,,,close_perp,run_dfea4b7ac1475668d5968c97
BTCUSDT,permanent,False,1699634580000000000,2023-11-10T16:43:00.000000000Z,attempt_failed,timeout,,,permanent-00000429,,,,,close_perp,run_dfea4b7ac1475668d5968c97
BTCUSDT,permanent,False,1699634640000000000,2023-11-10T16:44:00.000000000Z,attempt_failed,timeout,,,permanent-00000430,,,,,close_perp,run_dfea4b7ac1475668d5968c97
BTCUSDT,permanent,False,1699634700000000000,2023-11-10T16:45:00.000000000Z,attempt_failed,timeout,,,permanent-00000431,,,,,close_perp,run_dfea4b7ac1475668d5968c97
BTCUSDT,permanent,False,1699634760000000000,2023-11-10T16:46:00.000000000Z,attempt_failed,timeout,,,permanent-00000432,,,,,close_perp,run_dfea4b7ac1475668d5968c97
BTCUSDT,permanent,False,1699634820000000000,2023-11-10T16:47:00.000000000Z,transition,perpetual_closed_waiting_spot,CLOSING_PERP,CLOSING_SPOT,,BTCUSDT-1681459260008000000,,,,,run_dfea4b7ac1475668d5968c97
BTCUSDT,permanent,False,1699634880000000000,2023-11-10T16:48:00.000000000Z,transition,unwind_complete,CLOSING_SPOT,COOLDOWN,,BTCUSDT-1681459260008000000,,,,,run_dfea4b7ac1475668d5968c97
BTCUSDT,permanent,False,1699747260000000000,2023-11-12T00:01:00.000000000Z,transition,cooldown_elapsed,COOLDOWN,FLAT,,BTCUSDT-1681459260008000000,,,,,run_dfea4b7ac1475668d5968c97
BTCUSDT,permanent,False,1699747260000000000,2023-11-12T00:01:00.000000000Z,transition,entry,FLAT,OPENING_SPOT,permanent-00000435,BTCUSDT-1699747260000000000,,,,,run_dfea4b7ac1475668d5968c97
BTCUSDT,permanent,False,1699747320000000000,2023-11-12T00:02:00.000000000Z,transition,spot_filled_waiting_hedge,OPENING_SPOT,OPENING_PERP,,BTCUSDT-1699747260000000000,,,,,run_dfea4b7ac1475668d5968c97
BTCUSDT,permanent,False,1699747380000000000,2023-11-12T00:03:00.000000000Z,transition,opening_complete,OPENING_PERP,HOLDING,,BTCUSDT-1699747260000000000,,,,,run_dfea4b7ac1475668d5968c97
ETHUSDT,permanent,False,1700208240000000000,2023-11-17T08:04:00.000000000Z,renewal,,,,,,2023-11-24T08:04:00.000000000Z,,1700813040000000000,,run_dfea4b7ac1475668d5968c97
ETHUSDT,permanent,False,1700208240000000000,2023-11-17T08:04:00.000000000Z,transition,renewal_rebalance,HOLDING,REBALANCING,,ETHUSDT-1681459260008000000,,,,,run_dfea4b7ac1475668d5968c97
ETHUSDT,permanent,False,1700208360000000000,2023-11-17T08:06:00.000000000Z,transition,rebalance_complete,REBALANCING,HOLDING,,ETHUSDT-1681459260008000000,,,,,run_dfea4b7ac1475668d5968c97
BTCUSDT,permanent,False,1700352180000000000,2023-11-19T00:03:00.000000000Z,renewal,,,,,,2023-11-26T00:03:00.000000000Z,,1700956980000000000,,run_dfea4b7ac1475668d5968c97
ETHUSDT,permanent,False,1700813040000000000,2023-11-24T08:04:00.000000000Z,renewal,,,,,,2023-12-01T08:04:00.000000000Z,,1701417840000000000,,run_dfea4b7ac1475668d5968c97
ETHUSDT,permanent,False,1700813040000000000,2023-11-24T08:04:00.000000000Z,transition,renewal_rebalance,HOLDING,REBALANCING,,ETHUSDT-1681459260008000000,,,,,run_dfea4b7ac1475668d5968c97
ETHUSDT,permanent,False,1700813160000000000,2023-11-24T08:06:00.000000000Z,transition,rebalance_complete,REBALANCING,HOLDING,,ETHUSDT-1681459260008000000,,,,,run_dfea4b7ac1475668d5968c97
BTCUSDT,permanent,False,1700956980000000000,2023-11-26T00:03:00.000000000Z,renewal,,,,,,2023-12-03T00:03:00.000000000Z,,1701561780000000000,,run_dfea4b7ac1475668d5968c97
ETHUSDT,permanent,False,1701417840000000000,2023-12-01T08:04:00.000000000Z,renewal,,,,,,2023-12-08T08:04:00.000000000Z,,1702022640000000000,,run_dfea4b7ac1475668d5968c97
BTCUSDT,permanent,False,1701561780000000000,2023-12-03T00:03:00.000000000Z,renewal,,,,,,2023-12-10T00:03:00.000000000Z,,1702166580000000000,,run_dfea4b7ac1475668d5968c97
ETHUSDT,permanent,False,1702022640000000000,2023-12-08T08:04:00.000000000Z,renewal,,,,,,2023-12-15T08:04:00.000000000Z,,1702627440000000000,,run_dfea4b7ac1475668d5968c97
ETHUSDT,permanent,False,1702022640000000000,2023-12-08T08:04:00.000000000Z,transition,renewal_rebalance,HOLDING,REBALANCING,,ETHUSDT-1681459260008000000,,,,,run_dfea4b7ac1475668d5968c97
ETHUSDT,permanent,False,1702022760000000000,2023-12-08T08:06:00.000000000Z,transition,rebalance_complete,REBALANCING,HOLDING,,ETHUSDT-1681459260008000000,,,,,run_dfea4b7ac1475668d5968c97
BTCUSDT,permanent,False,1702166580000000000,2023-12-10T00:03:00.000000000Z,renewal,,,,,,2023-12-17T00:03:00.000000000Z,,1702771380000000000,,run_dfea4b7ac1475668d5968c97
BTCUSDT,permanent,False,1702166580000000000,2023-12-10T00:03:00.000000000Z,transition,renewal_rebalance,HOLDING,REBALANCING,,BTCUSDT-1699747260000000000,,,,,run_dfea4b7ac1475668d5968c97
BTCUSDT,permanent,False,1702166700000000000,2023-12-10T00:05:00.000000000Z,transition,rebalance_complete,REBALANCING,HOLDING,,BTCUSDT-1699747260000000000,,,,,run_dfea4b7ac1475668d5968c97
ETHUSDT,permanent,False,1702627440000000000,2023-12-15T08:04:00.000000000Z,renewal,,,,,,2023-12-22T08:04:00.000000000Z,,1703232240000000000,,run_dfea4b7ac1475668d5968c97
BTCUSDT,permanent,False,1702771380000000000,2023-12-17T00:03:00.000000000Z,renewal,,,,,,2023-12-24T00:03:00.000000000Z,,1703376180000000000,,run_dfea4b7ac1475668d5968c97
ETHUSDT,permanent,False,1703232240000000000,2023-12-22T08:04:00.000000000Z,renewal,,,,,,2023-12-29T08:04:00.000000000Z,,1703837040000000000,,run_dfea4b7ac1475668d5968c97
BTCUSDT,permanent,False,1703376180000000000,2023-12-24T00:03:00.000000000Z,renewal,,,,,,2023-12-31T00:03:00.000000000Z,,1703980980000000000,,run_dfea4b7ac1475668d5968c97
ETHUSDT,permanent,False,1703837040000000000,2023-12-29T08:04:00.000000000Z,renewal,,,,,,2024-01-05T08:04:00.000000000Z,,1704441840000000000,,run_dfea4b7ac1475668d5968c97
BTCUSDT,permanent,False,1703980980000000000,2023-12-31T00:03:00.000000000Z,renewal,,,,,,2024-01-07T00:03:00.000000000Z,,1704585780000000000,,run_dfea4b7ac1475668d5968c97
ETHUSDT,permanent,False,1704441840000000000,2024-01-05T08:04:00.000000000Z,renewal,,,,,,2024-01-12T08:04:00.000000000Z,,1705046640000000000,,run_dfea4b7ac1475668d5968c97
ETHUSDT,permanent,False,1704441840000000000,2024-01-05T08:04:00.000000000Z,transition,renewal_rebalance,HOLDING,REBALANCING,,ETHUSDT-1681459260008000000,,,,,run_dfea4b7ac1475668d5968c97
ETHUSDT,permanent,False,1704441960000000000,2024-01-05T08:06:00.000000000Z,transition,rebalance_complete,REBALANCING,HOLDING,,ETHUSDT-1681459260008000000,,,,,run_dfea4b7ac1475668d5968c97
BTCUSDT,permanent,False,1704585780000000000,2024-01-07T00:03:00.000000000Z,renewal,,,,,,2024-01-14T00:03:00.000000000Z,,1705190580000000000,,run_dfea4b7ac1475668d5968c97
BTCUSDT,permanent,False,1704984120000000000,2024-01-11T14:42:00.000000000Z,close_requested,margin,,,,,,False,,,run_dfea4b7ac1475668d5968c97
BTCUSDT,permanent,False,1704984120000000000,2024-01-11T14:42:00.000000000Z,transition,margin,HOLDING,CLOSING_PERP,,BTCUSDT-1699747260000000000,,,,,run_dfea4b7ac1475668d5968c97
BTCUSDT,permanent,False,1704984180000000000,2024-01-11T14:43:00.000000000Z,transition,perpetual_closed_waiting_spot,CLOSING_PERP,CLOSING_SPOT,,BTCUSDT-1699747260000000000,,,,,run_dfea4b7ac1475668d5968c97
BTCUSDT,permanent,False,1704984240000000000,2024-01-11T14:44:00.000000000Z,transition,unwind_complete,CLOSING_SPOT,COOLDOWN,,BTCUSDT-1699747260000000000,,,,,run_dfea4b7ac1475668d5968c97
ETHUSDT,permanent,False,1704984600000000000,2024-01-11T14:50:00.000000000Z,close_requested,margin,,,,,,False,,,run_dfea4b7ac1475668d5968c97
ETHUSDT,permanent,False,1704984600000000000,2024-01-11T14:50:00.000000000Z,transition,margin,HOLDING,CLOSING_PERP,,ETHUSDT-1681459260008000000,,,,,run_dfea4b7ac1475668d5968c97
ETHUSDT,permanent,False,1704984660000000000,2024-01-11T14:51:00.000000000Z,transition,perpetual_closed_waiting_spot,CLOSING_PERP,CLOSING_SPOT,,ETHUSDT-1681459260008000000,,,,,run_dfea4b7ac1475668d5968c97
ETHUSDT,permanent,False,1704984720000000000,2024-01-11T14:52:00.000000000Z,transition,unwind_complete,CLOSING_SPOT,COOLDOWN,,ETHUSDT-1681459260008000000,,,,,run_dfea4b7ac1475668d5968c97
BTCUSDT,permanent,False,1705075260000000000,2024-01-12T16:01:00.000000000Z,transition,cooldown_elapsed,COOLDOWN,FLAT,,BTCUSDT-1699747260000000000,,,,,run_dfea4b7ac1475668d5968c97
BTCUSDT,permanent,False,1705075260000000000,2024-01-12T16:01:00.000000000Z,transition,entry,FLAT,OPENING_SPOT,permanent-00000451,BTCUSDT-1705075260000000000,,,,,run_dfea4b7ac1475668d5968c97
ETHUSDT,permanent,False,1705075260000000000,2024-01-12T16:01:00.000000000Z,transition,cooldown_elapsed,COOLDOWN,FLAT,,ETHUSDT-1681459260008000000,,,,,run_dfea4b7ac1475668d5968c97
ETHUSDT,permanent,False,1705075260000000000,2024-01-12T16:01:00.000000000Z,transition,entry,FLAT,OPENING_SPOT,permanent-00000452,ETHUSDT-1705075260000000000,,,,,run_dfea4b7ac1475668d5968c97
BTCUSDT,permanent,False,1705075320000000000,2024-01-12T16:02:00.000000000Z,transition,spot_filled_waiting_hedge,OPENING_SPOT,OPENING_PERP,,BTCUSDT-1705075260000000000,,,,,run_dfea4b7ac1475668d5968c97
ETHUSDT,permanent,False,1705075320000000000,2024-01-12T16:02:00.000000000Z,transition,spot_filled_waiting_hedge,OPENING_SPOT,OPENING_PERP,,ETHUSDT-1705075260000000000,,,,,run_dfea4b7ac1475668d5968c97
BTCUSDT,permanent,False,1705075380000000000,2024-01-12T16:03:00.000000000Z,transition,opening_complete,OPENING_PERP,HOLDING,,BTCUSDT-1705075260000000000,,,,,run_dfea4b7ac1475668d5968c97
ETHUSDT,permanent,False,1705075380000000000,2024-01-12T16:03:00.000000000Z,transition,opening_complete,OPENING_PERP,HOLDING,,ETHUSDT-1705075260000000000,,,,,run_dfea4b7ac1475668d5968c97
BTCUSDT,permanent,False,1705680180000000000,2024-01-19T16:03:00.000000000Z,renewal,,,,,,2024-01-26T16:03:00.000000000Z,,1706284980000000000,,run_dfea4b7ac1475668d5968c97
BTCUSDT,permanent,False,1705680180000000000,2024-01-19T16:03:00.000000000Z,transition,renewal_rebalance,HOLDING,REBALANCING,,BTCUSDT-1705075260000000000,,,,,run_dfea4b7ac1475668d5968c97
ETHUSDT,permanent,False,1705680180000000000,2024-01-19T16:03:00.000000000Z,renewal,,,,,,2024-01-26T16:03:00.000000000Z,,1706284980000000000,,run_dfea4b7ac1475668d5968c97
ETHUSDT,permanent,False,1705680180000000000,2024-01-19T16:03:00.000000000Z,transition,renewal_rebalance,HOLDING,REBALANCING,,ETHUSDT-1705075260000000000,,,,,run_dfea4b7ac1475668d5968c97
BTCUSDT,permanent,False,1705680300000000000,2024-01-19T16:05:00.000000000Z,transition,rebalance_complete,REBALANCING,HOLDING,,BTCUSDT-1705075260000000000,,,,,run_dfea4b7ac1475668d5968c97
ETHUSDT,permanent,False,1705680300000000000,2024-01-19T16:05:00.000000000Z,transition,rebalance_complete,REBALANCING,HOLDING,,ETHUSDT-1705075260000000000,,,,,run_dfea4b7ac1475668d5968c97
BTCUSDT,permanent,False,1706284980000000000,2024-01-26T16:03:00.000000000Z,renewal,,,,,,2024-02-02T16:03:00.000000000Z,,1706889780000000000,,run_dfea4b7ac1475668d5968c97
ETHUSDT,permanent,False,1706284980000000000,2024-01-26T16:03:00.000000000Z,renewal,,,,,,2024-02-02T16:03:00.000000000Z,,1706889780000000000,,run_dfea4b7ac1475668d5968c97
ETHUSDT,permanent,False,1706284980000000000,2024-01-26T16:03:00.000000000Z,transition,renewal_rebalance,HOLDING,REBALANCING,,ETHUSDT-1705075260000000000,,,,,run_dfea4b7ac1475668d5968c97
ETHUSDT,permanent,False,1706285100000000000,2024-01-26T16:05:00.000000000Z,transition,rebalance_complete,REBALANCING,HOLDING,,ETHUSDT-1705075260000000000,,,,,run_dfea4b7ac1475668d5968c97
BTCUSDT,permanent,False,1706889780000000000,2024-02-02T16:03:00.000000000Z,renewal,,,,,,2024-02-09T16:03:00.000000000Z,,1707494580000000000,,run_dfea4b7ac1475668d5968c97
BTCUSDT,permanent,False,1706889780000000000,2024-02-02T16:03:00.000000000Z,transition,renewal_rebalance,HOLDING,REBALANCING,,BTCUSDT-1705075260000000000,,,,,run_dfea4b7ac1475668d5968c97
ETHUSDT,permanent,False,1706889780000000000,2024-02-02T16:03:00.000000000Z,renewal,,,,,,2024-02-09T16:03:00.000000000Z,,1707494580000000000,,run_dfea4b7ac1475668d5968c97
BTCUSDT,permanent,False,1706889900000000000,2024-02-02T16:05:00.000000000Z,transition,rebalance_complete,REBALANCING,HOLDING,,BTCUSDT-1705075260000000000,,,,,run_dfea4b7ac1475668d5968c97
BTCUSDT,permanent,False,1707494580000000000,2024-02-09T16:03:00.000000000Z,renewal,,,,,,2024-02-16T16:03:00.000000000Z,,1708099380000000000,,run_dfea4b7ac1475668d5968c97
BTCUSDT,permanent,False,1707494580000000000,2024-02-09T16:03:00.000000000Z,transition,renewal_rebalance,HOLDING,REBALANCING,,BTCUSDT-1705075260000000000,,,,,run_dfea4b7ac1475668d5968c97
ETHUSDT,permanent,False,1707494580000000000,2024-02-09T16:03:00.000000000Z,renewal,,,,,,2024-02-16T16:03:00.000000000Z,,1708099380000000000,,run_dfea4b7ac1475668d5968c97
ETHUSDT,permanent,False,1707494580000000000,2024-02-09T16:03:00.000000000Z,transition,renewal_rebalance,HOLDING,REBALANCING,,ETHUSDT-1705075260000000000,,,,,run_dfea4b7ac1475668d5968c97
BTCUSDT,permanent,False,1707494700000000000,2024-02-09T16:05:00.000000000Z,transition,rebalance_complete,REBALANCING,HOLDING,,BTCUSDT-1705075260000000000,,,,,run_dfea4b7ac1475668d5968c97
ETHUSDT,permanent,False,1707494700000000000,2024-02-09T16:05:00.000000000Z,transition,rebalance_complete,REBALANCING,HOLDING,,ETHUSDT-1705075260000000000,,,,,run_dfea4b7ac1475668d5968c97
BTCUSDT,permanent,False,1708099380000000000,2024-02-16T16:03:00.000000000Z,renewal,,,,,,2024-02-23T16:03:00.000000000Z,,1708704180000000000,,run_dfea4b7ac1475668d5968c97
BTCUSDT,permanent,False,1708099380000000000,2024-02-16T16:03:00.000000000Z,transition,renewal_rebalance,HOLDING,REBALANCING,,BTCUSDT-1705075260000000000,,,,,run_dfea4b7ac1475668d5968c97
ETHUSDT,permanent,False,1708099380000000000,2024-02-16T16:03:00.000000000Z,renewal,,,,,,2024-02-23T16:03:00.000000000Z,,1708704180000000000,,run_dfea4b7ac1475668d5968c97
ETHUSDT,permanent,False,1708099380000000000,2024-02-16T16:03:00.000000000Z,transition,renewal_rebalance,HOLDING,REBALANCING,,ETHUSDT-1705075260000000000,,,,,run_dfea4b7ac1475668d5968c97
BTCUSDT,permanent,False,1708099500000000000,2024-02-16T16:05:00.000000000Z,transition,rebalance_complete,REBALANCING,HOLDING,,BTCUSDT-1705075260000000000,,,,,run_dfea4b7ac1475668d5968c97
ETHUSDT,permanent,False,1708099500000000000,2024-02-16T16:05:00.000000000Z,transition,rebalance_complete,REBALANCING,HOLDING,,ETHUSDT-1705075260000000000,,,,,run_dfea4b7ac1475668d5968c97
BTCUSDT,permanent,False,1708704180000000000,2024-02-23T16:03:00.000000000Z,renewal,,,,,,2024-03-01T16:03:00.000000000Z,,1709308980000000000,,run_dfea4b7ac1475668d5968c97
ETHUSDT,permanent,False,1708704180000000000,2024-02-23T16:03:00.000000000Z,renewal,,,,,,2024-03-01T16:03:00.000000000Z,,1709308980000000000,,run_dfea4b7ac1475668d5968c97
ETHUSDT,permanent,False,1708704180000000000,2024-02-23T16:03:00.000000000Z,transition,renewal_rebalance,HOLDING,REBALANCING,,ETHUSDT-1705075260000000000,,,,,run_dfea4b7ac1475668d5968c97
ETHUSDT,permanent,False,1708704300000000000,2024-02-23T16:05:00.000000000Z,transition,rebalance_complete,REBALANCING,HOLDING,,ETHUSDT-1705075260000000000,,,,,run_dfea4b7ac1475668d5968c97
BTCUSDT,permanent,False,1709037900000000000,2024-02-27T12:45:00.000000000Z,close_requested,margin,,,,,,False,,,run_dfea4b7ac1475668d5968c97
BTCUSDT,permanent,False,1709037900000000000,2024-02-27T12:45:00.000000000Z,transition,margin,HOLDING,CLOSING_PERP,,BTCUSDT-1705075260000000000,,,,,run_dfea4b7ac1475668d5968c97
BTCUSDT,permanent,False,1709037960000000000,2024-02-27T12:46:00.000000000Z,transition,perpetual_closed_waiting_spot,CLOSING_PERP,CLOSING_SPOT,,BTCUSDT-1705075260000000000,,,,,run_dfea4b7ac1475668d5968c97
BTCUSDT,permanent,False,1709038020000000000,2024-02-27T12:47:00.000000000Z,transition,unwind_complete,CLOSING_SPOT,COOLDOWN,,BTCUSDT-1705075260000000000,,,,,run_dfea4b7ac1475668d5968c97
BTCUSDT,permanent,False,1709136060000000000,2024-02-28T16:01:00.000000000Z,transition,cooldown_elapsed,COOLDOWN,FLAT,,BTCUSDT-1705075260000000000,,,,,run_dfea4b7ac1475668d5968c97
BTCUSDT,permanent,False,1709136060000000000,2024-02-28T16:01:00.000000000Z,transition,entry,FLAT,OPENING_SPOT,permanent-00000475,BTCUSDT-1709136060000000000,,,,,run_dfea4b7ac1475668d5968c97
BTCUSDT,permanent,False,1709136120000000000,2024-02-28T16:02:00.000000000Z,transition,spot_filled_waiting_hedge,OPENING_SPOT,OPENING_PERP,,BTCUSDT-1709136060000000000,,,,,run_dfea4b7ac1475668d5968c97
BTCUSDT,permanent,False,1709136180000000000,2024-02-28T16:03:00.000000000Z,transition,opening_complete,OPENING_PERP,HOLDING,,BTCUSDT-1709136060000000000,,,,,run_dfea4b7ac1475668d5968c97
ETHUSDT,permanent,False,1709137860000000000,2024-02-28T16:31:00.000000000Z,close_requested,margin,,,,,,False,,,run_dfea4b7ac1475668d5968c97
ETHUSDT,permanent,False,1709137860000000000,2024-02-28T16:31:00.000000000Z,transition,margin,HOLDING,CLOSING_PERP,,ETHUSDT-1705075260000000000,,,,,run_dfea4b7ac1475668d5968c97
ETHUSDT,permanent,False,1709137920000000000,2024-02-28T16:32:00.000000000Z,transition,perpetual_closed_waiting_spot,CLOSING_PERP,CLOSING_SPOT,,ETHUSDT-1705075260000000000,,,,,run_dfea4b7ac1475668d5968c97
ETHUSDT,permanent,False,1709137980000000000,2024-02-28T16:33:00.000000000Z,transition,unwind_complete,CLOSING_SPOT,COOLDOWN,,ETHUSDT-1705075260000000000,,,,,run_dfea4b7ac1475668d5968c97
ETHUSDT,permanent,False,1709251260000000000,2024-03-01T00:01:00.000000000Z,transition,cooldown_elapsed,COOLDOWN,FLAT,,ETHUSDT-1705075260000000000,,,,,run_dfea4b7ac1475668d5968c97
ETHUSDT,permanent,False,1709251260000000000,2024-03-01T00:01:00.000000000Z,transition,entry,FLAT,OPENING_SPOT,permanent-00000479,ETHUSDT-1709251260000000000,,,,,run_dfea4b7ac1475668d5968c97
ETHUSDT,permanent,False,1709251320000000000,2024-03-01T00:02:00.000000000Z,transition,spot_filled_waiting_hedge,OPENING_SPOT,OPENING_PERP,,ETHUSDT-1709251260000000000,,,,,run_dfea4b7ac1475668d5968c97
ETHUSDT,permanent,False,1709251380000000000,2024-03-01T00:03:00.000000000Z,transition,opening_complete,OPENING_PERP,HOLDING,,ETHUSDT-1709251260000000000,,,,,run_dfea4b7ac1475668d5968c97
BTCUSDT,permanent,False,1709740980000000000,2024-03-06T16:03:00.000000000Z,renewal,,,,,,2024-03-13T16:03:00.000000000Z,,1710345780000000000,,run_dfea4b7ac1475668d5968c97
BTCUSDT,permanent,False,1709740980000000000,2024-03-06T16:03:00.000000000Z,transition,renewal_rebalance,HOLDING,REBALANCING,,BTCUSDT-1709136060000000000,,,,,run_dfea4b7ac1475668d5968c97
BTCUSDT,permanent,False,1709741100000000000,2024-03-06T16:05:00.000000000Z,transition,rebalance_complete,REBALANCING,HOLDING,,BTCUSDT-1709136060000000000,,,,,run_dfea4b7ac1475668d5968c97
ETHUSDT,permanent,False,1709856180000000000,2024-03-08T00:03:00.000000000Z,renewal,,,,,,2024-03-15T00:03:00.000000000Z,,1710460980000000000,,run_dfea4b7ac1475668d5968c97
ETHUSDT,permanent,False,1709856180000000000,2024-03-08T00:03:00.000000000Z,transition,renewal_rebalance,HOLDING,REBALANCING,,ETHUSDT-1709251260000000000,,,,,run_dfea4b7ac1475668d5968c97
ETHUSDT,permanent,False,1709856300000000000,2024-03-08T00:05:00.000000000Z,transition,rebalance_complete,REBALANCING,HOLDING,,ETHUSDT-1709251260000000000,,,,,run_dfea4b7ac1475668d5968c97
BTCUSDT,permanent,False,1710345780000000000,2024-03-13T16:03:00.000000000Z,renewal,,,,,,2024-03-20T16:03:00.000000000Z,,1710950580000000000,,run_dfea4b7ac1475668d5968c97
BTCUSDT,permanent,False,1710345780000000000,2024-03-13T16:03:00.000000000Z,transition,renewal_rebalance,HOLDING,REBALANCING,,BTCUSDT-1709136060000000000,,,,,run_dfea4b7ac1475668d5968c97
BTCUSDT,permanent,False,1710345900000000000,2024-03-13T16:05:00.000000000Z,transition,rebalance_complete,REBALANCING,HOLDING,,BTCUSDT-1709136060000000000,,,,,run_dfea4b7ac1475668d5968c97
ETHUSDT,permanent,False,1710460980000000000,2024-03-15T00:03:00.000000000Z,renewal,,,,,,2024-03-22T00:03:00.000000000Z,,1711065780000000000,,run_dfea4b7ac1475668d5968c97
BTCUSDT,permanent,False,1710950580000000000,2024-03-20T16:03:00.000000000Z,renewal,,,,,,2024-03-27T16:03:00.000000000Z,,1711555380000000000,,run_dfea4b7ac1475668d5968c97
BTCUSDT,permanent,False,1710950580000000000,2024-03-20T16:03:00.000000000Z,transition,renewal_rebalance,HOLDING,REBALANCING,,BTCUSDT-1709136060000000000,,,,,run_dfea4b7ac1475668d5968c97
BTCUSDT,permanent,False,1710950700000000000,2024-03-20T16:05:00.000000000Z,transition,rebalance_complete,REBALANCING,HOLDING,,BTCUSDT-1709136060000000000,,,,,run_dfea4b7ac1475668d5968c97
ETHUSDT,permanent,False,1711065780000000000,2024-03-22T00:03:00.000000000Z,renewal,,,,,,2024-03-29T00:03:00.000000000Z,,1711670580000000000,,run_dfea4b7ac1475668d5968c97
ETHUSDT,permanent,False,1711065780000000000,2024-03-22T00:03:00.000000000Z,transition,renewal_rebalance,HOLDING,REBALANCING,,ETHUSDT-1709251260000000000,,,,,run_dfea4b7ac1475668d5968c97
ETHUSDT,permanent,False,1711065900000000000,2024-03-22T00:05:00.000000000Z,transition,rebalance_complete,REBALANCING,HOLDING,,ETHUSDT-1709251260000000000,,,,,run_dfea4b7ac1475668d5968c97
BTCUSDT,permanent,False,1711555380000000000,2024-03-27T16:03:00.000000000Z,renewal,,,,,,2024-04-03T16:03:00.000000000Z,,1712160180000000000,,run_dfea4b7ac1475668d5968c97
BTCUSDT,permanent,False,1711555380000000000,2024-03-27T16:03:00.000000000Z,transition,renewal_rebalance,HOLDING,REBALANCING,,BTCUSDT-1709136060000000000,,,,,run_dfea4b7ac1475668d5968c97
BTCUSDT,permanent,False,1711555500000000000,2024-03-27T16:05:00.000000000Z,transition,rebalance_complete,REBALANCING,HOLDING,,BTCUSDT-1709136060000000000,,,,,run_dfea4b7ac1475668d5968c97
ETHUSDT,permanent,False,1711670580000000000,2024-03-29T00:03:00.000000000Z,renewal,,,,,,2024-04-05T00:03:00.000000000Z,,1712275380000000000,,run_dfea4b7ac1475668d5968c97
BTCUSDT,permanent,False,1712160180000000000,2024-04-03T16:03:00.000000000Z,renewal,,,,,,2024-04-10T16:03:00.000000000Z,,1712764980000000000,,run_dfea4b7ac1475668d5968c97
BTCUSDT,permanent,False,1712160180000000000,2024-04-03T16:03:00.000000000Z,transition,renewal_rebalance,HOLDING,REBALANCING,,BTCUSDT-1709136060000000000,,,,,run_dfea4b7ac1475668d5968c97
BTCUSDT,permanent,False,1712160300000000000,2024-04-03T16:05:00.000000000Z,transition,rebalance_complete,REBALANCING,HOLDING,,BTCUSDT-1709136060000000000,,,,,run_dfea4b7ac1475668d5968c97
ETHUSDT,permanent,False,1712275380000000000,2024-04-05T00:03:00.000000000Z,renewal,,,,,,2024-04-12T00:03:00.000000000Z,,1712880180000000000,,run_dfea4b7ac1475668d5968c97
ETHUSDT,permanent,False,1712275380000000000,2024-04-05T00:03:00.000000000Z,transition,renewal_rebalance,HOLDING,REBALANCING,,ETHUSDT-1709251260000000000,,,,,run_dfea4b7ac1475668d5968c97
ETHUSDT,permanent,False,1712275500000000000,2024-04-05T00:05:00.000000000Z,transition,rebalance_complete,REBALANCING,HOLDING,,ETHUSDT-1709251260000000000,,,,,run_dfea4b7ac1475668d5968c97
BTCUSDT,permanent,False,1712764980000000000,2024-04-10T16:03:00.000000000Z,renewal,,,,,,2024-04-17T16:03:00.000000000Z,,1713369780000000000,,run_dfea4b7ac1475668d5968c97
ETHUSDT,permanent,False,1712880180000000000,2024-04-12T00:03:00.000000000Z,renewal,,,,,,2024-04-19T00:03:00.000000000Z,,1713484980000000000,,run_dfea4b7ac1475668d5968c97
ETHUSDT,permanent,False,1712880180000000000,2024-04-12T00:03:00.000000000Z,transition,renewal_rebalance,HOLDING,REBALANCING,,ETHUSDT-1709251260000000000,,,,,run_dfea4b7ac1475668d5968c97
ETHUSDT,permanent,False,1712880300000000000,2024-04-12T00:05:00.000000000Z,transition,rebalance_complete,REBALANCING,HOLDING,,ETHUSDT-1709251260000000000,,,,,run_dfea4b7ac1475668d5968c97
BTCUSDT,permanent,False,1713369780000000000,2024-04-17T16:03:00.000000000Z,renewal,,,,,,2024-04-24T16:03:00.000000000Z,,1713974580000000000,,run_dfea4b7ac1475668d5968c97
BTCUSDT,permanent,False,1713369780000000000,2024-04-17T16:03:00.000000000Z,transition,renewal_rebalance,HOLDING,REBALANCING,,BTCUSDT-1709136060000000000,,,,,run_dfea4b7ac1475668d5968c97
BTCUSDT,permanent,False,1713369900000000000,2024-04-17T16:05:00.000000000Z,transition,rebalance_complete,REBALANCING,HOLDING,,BTCUSDT-1709136060000000000,,,,,run_dfea4b7ac1475668d5968c97
ETHUSDT,permanent,False,1713484980000000000,2024-04-19T00:03:00.000000000Z,renewal,,,,,,2024-04-26T00:03:00.000000000Z,,1714089780000000000,,run_dfea4b7ac1475668d5968c97
ETHUSDT,permanent,False,1713484980000000000,2024-04-19T00:03:00.000000000Z,transition,renewal_rebalance,HOLDING,REBALANCING,,ETHUSDT-1709251260000000000,,,,,run_dfea4b7ac1475668d5968c97
ETHUSDT,permanent,False,1713485100000000000,2024-04-19T00:05:00.000000000Z,transition,rebalance_complete,REBALANCING,HOLDING,,ETHUSDT-1709251260000000000,,,,,run_dfea4b7ac1475668d5968c97
BTCUSDT,permanent,False,1713974580000000000,2024-04-24T16:03:00.000000000Z,renewal,,,,,,2024-05-01T16:03:00.000000000Z,,1714579380000000000,,run_dfea4b7ac1475668d5968c97
BTCUSDT,permanent,False,1713974580000000000,2024-04-24T16:03:00.000000000Z,transition,renewal_rebalance,HOLDING,REBALANCING,,BTCUSDT-1709136060000000000,,,,,run_dfea4b7ac1475668d5968c97
BTCUSDT,permanent,False,1713974700000000000,2024-04-24T16:05:00.000000000Z,transition,rebalance_complete,REBALANCING,HOLDING,,BTCUSDT-1709136060000000000,,,,,run_dfea4b7ac1475668d5968c97
ETHUSDT,permanent,False,1714089780000000000,2024-04-26T00:03:00.000000000Z,renewal,,,,,,2024-05-03T00:03:00.000000000Z,,1714694580000000000,,run_dfea4b7ac1475668d5968c97
BTCUSDT,permanent,False,1714579380000000000,2024-05-01T16:03:00.000000000Z,renewal,,,,,,2024-05-08T16:03:00.000000000Z,,1715184180000000000,,run_dfea4b7ac1475668d5968c97
BTCUSDT,permanent,False,1714579380000000000,2024-05-01T16:03:00.000000000Z,transition,renewal_rebalance,HOLDING,REBALANCING,,BTCUSDT-1709136060000000000,,,,,run_dfea4b7ac1475668d5968c97
BTCUSDT,permanent,False,1714579500000000000,2024-05-01T16:05:00.000000000Z,transition,rebalance_complete,REBALANCING,HOLDING,,BTCUSDT-1709136060000000000,,,,,run_dfea4b7ac1475668d5968c97
ETHUSDT,permanent,False,1714694580000000000,2024-05-03T00:03:00.000000000Z,renewal,,,,,,2024-05-10T00:03:00.000000000Z,,1715299380000000000,,run_dfea4b7ac1475668d5968c97
BTCUSDT,permanent,False,1715184180000000000,2024-05-08T16:03:00.000000000Z,renewal,,,,,,2024-05-15T16:03:00.000000000Z,,1715788980000000000,,run_dfea4b7ac1475668d5968c97
BTCUSDT,permanent,False,1715184180000000000,2024-05-08T16:03:00.000000000Z,transition,renewal_rebalance,HOLDING,REBALANCING,,BTCUSDT-1709136060000000000,,,,,run_dfea4b7ac1475668d5968c97
BTCUSDT,permanent,False,1715184300000000000,2024-05-08T16:05:00.000000000Z,transition,rebalance_complete,REBALANCING,HOLDING,,BTCUSDT-1709136060000000000,,,,,run_dfea4b7ac1475668d5968c97
ETHUSDT,permanent,False,1715299380000000000,2024-05-10T00:03:00.000000000Z,renewal,,,,,,2024-05-17T00:03:00.000000000Z,,1715904180000000000,,run_dfea4b7ac1475668d5968c97
BTCUSDT,permanent,False,1715788980000000000,2024-05-15T16:03:00.000000000Z,renewal,,,,,,2024-05-22T16:03:00.000000000Z,,1716393780000000000,,run_dfea4b7ac1475668d5968c97
ETHUSDT,permanent,False,1715904180000000000,2024-05-17T00:03:00.000000000Z,renewal,,,,,,2024-05-24T00:03:00.000000000Z,,1716508980000000000,,run_dfea4b7ac1475668d5968c97
BTCUSDT,permanent,False,1716393780000000000,2024-05-22T16:03:00.000000000Z,renewal,,,,,,2024-05-29T16:03:00.000000000Z,,1716998580000000000,,run_dfea4b7ac1475668d5968c97
BTCUSDT,permanent,False,1716393780000000000,2024-05-22T16:03:00.000000000Z,transition,renewal_rebalance,HOLDING,REBALANCING,,BTCUSDT-1709136060000000000,,,,,run_dfea4b7ac1475668d5968c97
BTCUSDT,permanent,False,1716393900000000000,2024-05-22T16:05:00.000000000Z,transition,rebalance_complete,REBALANCING,HOLDING,,BTCUSDT-1709136060000000000,,,,,run_dfea4b7ac1475668d5968c97
ETHUSDT,permanent,False,1716508980000000000,2024-05-24T00:03:00.000000000Z,renewal,,,,,,2024-05-31T00:03:00.000000000Z,,1717113780000000000,,run_dfea4b7ac1475668d5968c97
ETHUSDT,permanent,False,1716508980000000000,2024-05-24T00:03:00.000000000Z,transition,renewal_rebalance,HOLDING,REBALANCING,,ETHUSDT-1709251260000000000,,,,,run_dfea4b7ac1475668d5968c97
ETHUSDT,permanent,False,1716509100000000000,2024-05-24T00:05:00.000000000Z,transition,rebalance_complete,REBALANCING,HOLDING,,ETHUSDT-1709251260000000000,,,,,run_dfea4b7ac1475668d5968c97
BTCUSDT,permanent,False,1716998580000000000,2024-05-29T16:03:00.000000000Z,renewal,,,,,,2024-06-05T16:03:00.000000000Z,,1717603380000000000,,run_dfea4b7ac1475668d5968c97
BTCUSDT,permanent,False,1716998580000000000,2024-05-29T16:03:00.000000000Z,transition,renewal_rebalance,HOLDING,REBALANCING,,BTCUSDT-1709136060000000000,,,,,run_dfea4b7ac1475668d5968c97
BTCUSDT,permanent,False,1716998700000000000,2024-05-29T16:05:00.000000000Z,transition,rebalance_complete,REBALANCING,HOLDING,,BTCUSDT-1709136060000000000,,,,,run_dfea4b7ac1475668d5968c97
ETHUSDT,permanent,False,1717113780000000000,2024-05-31T00:03:00.000000000Z,renewal,,,,,,2024-06-07T00:03:00.000000000Z,,1717718580000000000,,run_dfea4b7ac1475668d5968c97
BTCUSDT,permanent,False,1717603380000000000,2024-06-05T16:03:00.000000000Z,renewal,,,,,,2024-06-12T16:03:00.000000000Z,,1718208180000000000,,run_dfea4b7ac1475668d5968c97
BTCUSDT,permanent,False,1717603380000000000,2024-06-05T16:03:00.000000000Z,transition,renewal_rebalance,HOLDING,REBALANCING,,BTCUSDT-1709136060000000000,,,,,run_dfea4b7ac1475668d5968c97
BTCUSDT,permanent,False,1717603500000000000,2024-06-05T16:05:00.000000000Z,transition,rebalance_complete,REBALANCING,HOLDING,,BTCUSDT-1709136060000000000,,,,,run_dfea4b7ac1475668d5968c97
ETHUSDT,permanent,False,1717718580000000000,2024-06-07T00:03:00.000000000Z,renewal,,,,,,2024-06-14T00:03:00.000000000Z,,1718323380000000000,,run_dfea4b7ac1475668d5968c97
BTCUSDT,permanent,False,1718208180000000000,2024-06-12T16:03:00.000000000Z,renewal,,,,,,2024-06-19T16:03:00.000000000Z,,1718812980000000000,,run_dfea4b7ac1475668d5968c97
ETHUSDT,permanent,False,1718323380000000000,2024-06-14T00:03:00.000000000Z,renewal,,,,,,2024-06-21T00:03:00.000000000Z,,1718928180000000000,,run_dfea4b7ac1475668d5968c97
ETHUSDT,permanent,False,1718323380000000000,2024-06-14T00:03:00.000000000Z,transition,renewal_rebalance,HOLDING,REBALANCING,,ETHUSDT-1709251260000000000,,,,,run_dfea4b7ac1475668d5968c97
ETHUSDT,permanent,False,1718323500000000000,2024-06-14T00:05:00.000000000Z,transition,rebalance_complete,REBALANCING,HOLDING,,ETHUSDT-1709251260000000000,,,,,run_dfea4b7ac1475668d5968c97
BTCUSDT,permanent,False,1718812980000000000,2024-06-19T16:03:00.000000000Z,renewal,,,,,,2024-06-26T16:03:00.000000000Z,,1719417780000000000,,run_dfea4b7ac1475668d5968c97
BTCUSDT,permanent,False,1718812980000000000,2024-06-19T16:03:00.000000000Z,transition,renewal_rebalance,HOLDING,REBALANCING,,BTCUSDT-1709136060000000000,,,,,run_dfea4b7ac1475668d5968c97
BTCUSDT,permanent,False,1718813100000000000,2024-06-19T16:05:00.000000000Z,transition,rebalance_complete,REBALANCING,HOLDING,,BTCUSDT-1709136060000000000,,,,,run_dfea4b7ac1475668d5968c97
ETHUSDT,permanent,False,1718928180000000000,2024-06-21T00:03:00.000000000Z,renewal,,,,,,2024-06-28T00:03:00.000000000Z,,1719532980000000000,,run_dfea4b7ac1475668d5968c97
BTCUSDT,permanent,False,1719417780000000000,2024-06-26T16:03:00.000000000Z,renewal,,,,,,2024-07-03T16:03:00.000000000Z,,1720022580000000000,,run_dfea4b7ac1475668d5968c97
BTCUSDT,permanent,False,1719417780000000000,2024-06-26T16:03:00.000000000Z,transition,renewal_rebalance,HOLDING,REBALANCING,,BTCUSDT-1709136060000000000,,,,,run_dfea4b7ac1475668d5968c97
BTCUSDT,permanent,False,1719417900000000000,2024-06-26T16:05:00.000000000Z,transition,rebalance_complete,REBALANCING,HOLDING,,BTCUSDT-1709136060000000000,,,,,run_dfea4b7ac1475668d5968c97
ETHUSDT,permanent,False,1719532980000000000,2024-06-28T00:03:00.000000000Z,renewal,,,,,,2024-07-05T00:03:00.000000000Z,,1720137780000000000,,run_dfea4b7ac1475668d5968c97
BTCUSDT,permanent,False,1720022580000000000,2024-07-03T16:03:00.000000000Z,renewal,,,,,,2024-07-10T16:03:00.000000000Z,,1720627380000000000,,run_dfea4b7ac1475668d5968c97
ETHUSDT,permanent,False,1720137780000000000,2024-07-05T00:03:00.000000000Z,renewal,,,,,,2024-07-12T00:03:00.000000000Z,,1720742580000000000,,run_dfea4b7ac1475668d5968c97
ETHUSDT,permanent,False,1720137780000000000,2024-07-05T00:03:00.000000000Z,transition,renewal_rebalance,HOLDING,REBALANCING,,ETHUSDT-1709251260000000000,,,,,run_dfea4b7ac1475668d5968c97
ETHUSDT,permanent,False,1720137900000000000,2024-07-05T00:05:00.000000000Z,transition,rebalance_complete,REBALANCING,HOLDING,,ETHUSDT-1709251260000000000,,,,,run_dfea4b7ac1475668d5968c97
BTCUSDT,permanent,False,1720627380000000000,2024-07-10T16:03:00.000000000Z,renewal,,,,,,2024-07-17T16:03:00.000000000Z,,1721232180000000000,,run_dfea4b7ac1475668d5968c97
BTCUSDT,permanent,False,1720627380000000000,2024-07-10T16:03:00.000000000Z,transition,renewal_rebalance,HOLDING,REBALANCING,,BTCUSDT-1709136060000000000,,,,,run_dfea4b7ac1475668d5968c97
BTCUSDT,permanent,False,1720627500000000000,2024-07-10T16:05:00.000000000Z,transition,rebalance_complete,REBALANCING,HOLDING,,BTCUSDT-1709136060000000000,,,,,run_dfea4b7ac1475668d5968c97
ETHUSDT,permanent,False,1720742580000000000,2024-07-12T00:03:00.000000000Z,renewal,,,,,,2024-07-19T00:03:00.000000000Z,,1721347380000000000,,run_dfea4b7ac1475668d5968c97
BTCUSDT,permanent,False,1721232180000000000,2024-07-17T16:03:00.000000000Z,renewal,,,,,,2024-07-24T16:03:00.000000000Z,,1721836980000000000,,run_dfea4b7ac1475668d5968c97
BTCUSDT,permanent,False,1721232180000000000,2024-07-17T16:03:00.000000000Z,transition,renewal_rebalance,HOLDING,REBALANCING,,BTCUSDT-1709136060000000000,,,,,run_dfea4b7ac1475668d5968c97
BTCUSDT,permanent,False,1721232300000000000,2024-07-17T16:05:00.000000000Z,transition,rebalance_complete,REBALANCING,HOLDING,,BTCUSDT-1709136060000000000,,,,,run_dfea4b7ac1475668d5968c97
ETHUSDT,permanent,False,1721347380000000000,2024-07-19T00:03:00.000000000Z,renewal,,,,,,2024-07-26T00:03:00.000000000Z,,1721952180000000000,,run_dfea4b7ac1475668d5968c97
ETHUSDT,permanent,False,1721347380000000000,2024-07-19T00:03:00.000000000Z,transition,renewal_rebalance,HOLDING,REBALANCING,,ETHUSDT-1709251260000000000,,,,,run_dfea4b7ac1475668d5968c97
ETHUSDT,permanent,False,1721347500000000000,2024-07-19T00:05:00.000000000Z,transition,rebalance_complete,REBALANCING,HOLDING,,ETHUSDT-1709251260000000000,,,,,run_dfea4b7ac1475668d5968c97
BTCUSDT,permanent,False,1721836980000000000,2024-07-24T16:03:00.000000000Z,renewal,,,,,,2024-07-31T16:03:00.000000000Z,,1722441780000000000,,run_dfea4b7ac1475668d5968c97
ETHUSDT,permanent,False,1721952180000000000,2024-07-26T00:03:00.000000000Z,renewal,,,,,,2024-08-02T00:03:00.000000000Z,,1722556980000000000,,run_dfea4b7ac1475668d5968c97
ETHUSDT,permanent,False,1721952180000000000,2024-07-26T00:03:00.000000000Z,transition,renewal_rebalance,HOLDING,REBALANCING,,ETHUSDT-1709251260000000000,,,,,run_dfea4b7ac1475668d5968c97
ETHUSDT,permanent,False,1721952300000000000,2024-07-26T00:05:00.000000000Z,transition,rebalance_complete,REBALANCING,HOLDING,,ETHUSDT-1709251260000000000,,,,,run_dfea4b7ac1475668d5968c97
BTCUSDT,permanent,False,1722441780000000000,2024-07-31T16:03:00.000000000Z,renewal,,,,,,2024-08-07T16:03:00.000000000Z,,1723046580000000000,,run_dfea4b7ac1475668d5968c97
ETHUSDT,permanent,False,1722556980000000000,2024-08-02T00:03:00.000000000Z,renewal,,,,,,2024-08-09T00:03:00.000000000Z,,1723161780000000000,,run_dfea4b7ac1475668d5968c97
BTCUSDT,permanent,False,1723046580000000000,2024-08-07T16:03:00.000000000Z,renewal,,,,,,2024-08-14T16:03:00.000000000Z,,1723651380000000000,,run_dfea4b7ac1475668d5968c97
BTCUSDT,permanent,False,1723046580000000000,2024-08-07T16:03:00.000000000Z,transition,renewal_rebalance,HOLDING,REBALANCING,,BTCUSDT-1709136060000000000,,,,,run_dfea4b7ac1475668d5968c97
BTCUSDT,permanent,False,1723046700000000000,2024-08-07T16:05:00.000000000Z,transition,rebalance_complete,REBALANCING,HOLDING,,BTCUSDT-1709136060000000000,,,,,run_dfea4b7ac1475668d5968c97
ETHUSDT,permanent,False,1723161780000000000,2024-08-09T00:03:00.000000000Z,renewal,,,,,,2024-08-16T00:03:00.000000000Z,,1723766580000000000,,run_dfea4b7ac1475668d5968c97
ETHUSDT,permanent,False,1723161780000000000,2024-08-09T00:03:00.000000000Z,transition,renewal_rebalance,HOLDING,REBALANCING,,ETHUSDT-1709251260000000000,,,,,run_dfea4b7ac1475668d5968c97
ETHUSDT,permanent,False,1723161900000000000,2024-08-09T00:05:00.000000000Z,transition,rebalance_complete,REBALANCING,HOLDING,,ETHUSDT-1709251260000000000,,,,,run_dfea4b7ac1475668d5968c97
BTCUSDT,permanent,False,1723651380000000000,2024-08-14T16:03:00.000000000Z,renewal,,,,,,2024-08-21T16:03:00.000000000Z,,1724256180000000000,,run_dfea4b7ac1475668d5968c97
ETHUSDT,permanent,False,1723766580000000000,2024-08-16T00:03:00.000000000Z,renewal,,,,,,2024-08-23T00:03:00.000000000Z,,1724371380000000000,,run_dfea4b7ac1475668d5968c97
ETHUSDT,permanent,False,1723766580000000000,2024-08-16T00:03:00.000000000Z,rebalance_skipped,joint_sizing:insufficient_cash,,,,,,,,,run_dfea4b7ac1475668d5968c97
BTCUSDT,permanent,False,1724256180000000000,2024-08-21T16:03:00.000000000Z,renewal,,,,,,2024-08-28T16:03:00.000000000Z,,1724860980000000000,,run_dfea4b7ac1475668d5968c97
BTCUSDT,permanent,False,1724256180000000000,2024-08-21T16:03:00.000000000Z,transition,renewal_rebalance,HOLDING,REBALANCING,,BTCUSDT-1709136060000000000,,,,,run_dfea4b7ac1475668d5968c97
BTCUSDT,permanent,False,1724256300000000000,2024-08-21T16:05:00.000000000Z,transition,rebalance_complete,REBALANCING,HOLDING,,BTCUSDT-1709136060000000000,,,,,run_dfea4b7ac1475668d5968c97
ETHUSDT,permanent,False,1724371380000000000,2024-08-23T00:03:00.000000000Z,renewal,,,,,,2024-08-30T00:03:00.000000000Z,,1724976180000000000,,run_dfea4b7ac1475668d5968c97
ETHUSDT,permanent,False,1724371380000000000,2024-08-23T00:03:00.000000000Z,transition,renewal_rebalance,HOLDING,REBALANCING,,ETHUSDT-1709251260000000000,,,,,run_dfea4b7ac1475668d5968c97
ETHUSDT,permanent,False,1724371500000000000,2024-08-23T00:05:00.000000000Z,transition,rebalance_complete,REBALANCING,HOLDING,,ETHUSDT-1709251260000000000,,,,,run_dfea4b7ac1475668d5968c97
BTCUSDT,permanent,False,1724860980000000000,2024-08-28T16:03:00.000000000Z,renewal,,,,,,2024-09-04T16:03:00.000000000Z,,1725465780000000000,,run_dfea4b7ac1475668d5968c97
ETHUSDT,permanent,False,1724976180000000000,2024-08-30T00:03:00.000000000Z,renewal,,,,,,2024-09-06T00:03:00.000000000Z,,1725580980000000000,,run_dfea4b7ac1475668d5968c97
BTCUSDT,permanent,False,1725465780000000000,2024-09-04T16:03:00.000000000Z,renewal,,,,,,2024-09-11T16:03:00.000000000Z,,1726070580000000000,,run_dfea4b7ac1475668d5968c97
ETHUSDT,permanent,False,1725580980000000000,2024-09-06T00:03:00.000000000Z,renewal,,,,,,2024-09-13T00:03:00.000000000Z,,1726185780000000000,,run_dfea4b7ac1475668d5968c97
ETHUSDT,permanent,False,1725580980000000000,2024-09-06T00:03:00.000000000Z,rebalance_skipped,joint_sizing:insufficient_cash,,,,,,,,,run_dfea4b7ac1475668d5968c97
BTCUSDT,permanent,False,1726070580000000000,2024-09-11T16:03:00.000000000Z,renewal,,,,,,2024-09-18T16:03:00.000000000Z,,1726675380000000000,,run_dfea4b7ac1475668d5968c97
ETHUSDT,permanent,False,1726185780000000000,2024-09-13T00:03:00.000000000Z,renewal,,,,,,2024-09-20T00:03:00.000000000Z,,1726790580000000000,,run_dfea4b7ac1475668d5968c97
ETHUSDT,permanent,False,1726185780000000000,2024-09-13T00:03:00.000000000Z,rebalance_skipped,joint_sizing:insufficient_cash,,,,,,,,,run_dfea4b7ac1475668d5968c97
BTCUSDT,permanent,False,1726675380000000000,2024-09-18T16:03:00.000000000Z,renewal,,,,,,2024-09-25T16:03:00.000000000Z,,1727280180000000000,,run_dfea4b7ac1475668d5968c97
ETHUSDT,permanent,False,1726790580000000000,2024-09-20T00:03:00.000000000Z,renewal,,,,,,2024-09-27T00:03:00.000000000Z,,1727395380000000000,,run_dfea4b7ac1475668d5968c97
ETHUSDT,permanent,False,1726790580000000000,2024-09-20T00:03:00.000000000Z,rebalance_skipped,joint_sizing:insufficient_cash,,,,,,,,,run_dfea4b7ac1475668d5968c97
BTCUSDT,permanent,False,1727280180000000000,2024-09-25T16:03:00.000000000Z,renewal,,,,,,2024-10-02T16:03:00.000000000Z,,1727884980000000000,,run_dfea4b7ac1475668d5968c97
BTCUSDT,permanent,False,1727280180000000000,2024-09-25T16:03:00.000000000Z,transition,renewal_rebalance,HOLDING,REBALANCING,,BTCUSDT-1709136060000000000,,,,,run_dfea4b7ac1475668d5968c97
BTCUSDT,permanent,False,1727280300000000000,2024-09-25T16:05:00.000000000Z,transition,rebalance_complete,REBALANCING,HOLDING,,BTCUSDT-1709136060000000000,,,,,run_dfea4b7ac1475668d5968c97
ETHUSDT,permanent,False,1727395380000000000,2024-09-27T00:03:00.000000000Z,renewal,,,,,,2024-10-04T00:03:00.000000000Z,,1728000180000000000,,run_dfea4b7ac1475668d5968c97
BTCUSDT,permanent,False,1727884980000000000,2024-10-02T16:03:00.000000000Z,renewal,,,,,,2024-10-09T16:03:00.000000000Z,,1728489780000000000,,run_dfea4b7ac1475668d5968c97
ETHUSDT,permanent,False,1728000180000000000,2024-10-04T00:03:00.000000000Z,renewal,,,,,,2024-10-11T00:03:00.000000000Z,,1728604980000000000,,run_dfea4b7ac1475668d5968c97
ETHUSDT,permanent,False,1728000180000000000,2024-10-04T00:03:00.000000000Z,transition,renewal_rebalance,HOLDING,REBALANCING,,ETHUSDT-1709251260000000000,,,,,run_dfea4b7ac1475668d5968c97
ETHUSDT,permanent,False,1728000300000000000,2024-10-04T00:05:00.000000000Z,transition,rebalance_complete,REBALANCING,HOLDING,,ETHUSDT-1709251260000000000,,,,,run_dfea4b7ac1475668d5968c97
BTCUSDT,permanent,False,1728489780000000000,2024-10-09T16:03:00.000000000Z,renewal,,,,,,2024-10-16T16:03:00.000000000Z,,1729094580000000000,,run_dfea4b7ac1475668d5968c97
ETHUSDT,permanent,False,1728604980000000000,2024-10-11T00:03:00.000000000Z,renewal,,,,,,2024-10-18T00:03:00.000000000Z,,1729209780000000000,,run_dfea4b7ac1475668d5968c97
BTCUSDT,permanent,False,1729094580000000000,2024-10-16T16:03:00.000000000Z,renewal,,,,,,2024-10-23T16:03:00.000000000Z,,1729699380000000000,,run_dfea4b7ac1475668d5968c97
BTCUSDT,permanent,False,1729094580000000000,2024-10-16T16:03:00.000000000Z,transition,renewal_rebalance,HOLDING,REBALANCING,,BTCUSDT-1709136060000000000,,,,,run_dfea4b7ac1475668d5968c97
BTCUSDT,permanent,False,1729094700000000000,2024-10-16T16:05:00.000000000Z,transition,rebalance_complete,REBALANCING,HOLDING,,BTCUSDT-1709136060000000000,,,,,run_dfea4b7ac1475668d5968c97
ETHUSDT,permanent,False,1729209780000000000,2024-10-18T00:03:00.000000000Z,renewal,,,,,,2024-10-25T00:03:00.000000000Z,,1729814580000000000,,run_dfea4b7ac1475668d5968c97
ETHUSDT,permanent,False,1729209780000000000,2024-10-18T00:03:00.000000000Z,transition,renewal_rebalance,HOLDING,REBALANCING,,ETHUSDT-1709251260000000000,,,,,run_dfea4b7ac1475668d5968c97
ETHUSDT,permanent,False,1729209900000000000,2024-10-18T00:05:00.000000000Z,transition,rebalance_complete,REBALANCING,HOLDING,,ETHUSDT-1709251260000000000,,,,,run_dfea4b7ac1475668d5968c97
BTCUSDT,permanent,False,1729699380000000000,2024-10-23T16:03:00.000000000Z,renewal,,,,,,2024-10-30T16:03:00.000000000Z,,1730304180000000000,,run_dfea4b7ac1475668d5968c97
ETHUSDT,permanent,False,1729814580000000000,2024-10-25T00:03:00.000000000Z,renewal,,,,,,2024-11-01T00:03:00.000000000Z,,1730419380000000000,,run_dfea4b7ac1475668d5968c97
BTCUSDT,permanent,False,1730147460000000000,2024-10-28T20:31:00.000000000Z,close_requested,real_market_inactivity,,,,,,False,,,run_dfea4b7ac1475668d5968c97
BTCUSDT,permanent,False,1730147460000000000,2024-10-28T20:31:00.000000000Z,transition,real_market_inactivity,HOLDING,CLOSING_PERP,,BTCUSDT-1709136060000000000,,,,,run_dfea4b7ac1475668d5968c97
ETHUSDT,permanent,False,1730147460000000000,2024-10-28T20:31:00.000000000Z,close_requested,real_market_inactivity,,,,,,False,,,run_dfea4b7ac1475668d5968c97
ETHUSDT,permanent,False,1730147460000000000,2024-10-28T20:31:00.000000000Z,transition,real_market_inactivity,HOLDING,CLOSING_PERP,,ETHUSDT-1709251260000000000,,,,,run_dfea4b7ac1475668d5968c97
BTCUSDT,permanent,False,1730147520000000000,2024-10-28T20:32:00.000000000Z,attempt_failed,timeout,,,permanent-00000549,,,,,close_perp,run_dfea4b7ac1475668d5968c97
ETHUSDT,permanent,False,1730147520000000000,2024-10-28T20:32:00.000000000Z,attempt_failed,timeout,,,permanent-00000550,,,,,close_perp,run_dfea4b7ac1475668d5968c97
BTCUSDT,permanent,False,1730147580000000000,2024-10-28T20:33:00.000000000Z,attempt_failed,timeout,,,permanent-00000551,,,,,close_perp,run_dfea4b7ac1475668d5968c97
ETHUSDT,permanent,False,1730147580000000000,2024-10-28T20:33:00.000000000Z,attempt_failed,timeout,,,permanent-00000552,,,,,close_perp,run_dfea4b7ac1475668d5968c97
BTCUSDT,permanent,False,1730147640000000000,2024-10-28T20:34:00.000000000Z,attempt_failed,timeout,,,permanent-00000553,,,,,close_perp,run_dfea4b7ac1475668d5968c97
ETHUSDT,permanent,False,1730147640000000000,2024-10-28T20:34:00.000000000Z,attempt_failed,timeout,,,permanent-00000554,,,,,close_perp,run_dfea4b7ac1475668d5968c97
BTCUSDT,permanent,False,1730147700000000000,2024-10-28T20:35:00.000000000Z,attempt_failed,timeout,,,permanent-00000555,,,,,close_perp,run_dfea4b7ac1475668d5968c97
ETHUSDT,permanent,False,1730147700000000000,2024-10-28T20:35:00.000000000Z,attempt_failed,timeout,,,permanent-00000556,,,,,close_perp,run_dfea4b7ac1475668d5968c97
BTCUSDT,permanent,False,1730147760000000000,2024-10-28T20:36:00.000000000Z,attempt_failed,timeout,,,permanent-00000557,,,,,close_perp,run_dfea4b7ac1475668d5968c97
ETHUSDT,permanent,False,1730147760000000000,2024-10-28T20:36:00.000000000Z,attempt_failed,timeout,,,permanent-00000558,,,,,close_perp,run_dfea4b7ac1475668d5968c97
BTCUSDT,permanent,False,1730147820000000000,2024-10-28T20:37:00.000000000Z,attempt_failed,timeout,,,permanent-00000559,,,,,close_perp,run_dfea4b7ac1475668d5968c97
ETHUSDT,permanent,False,1730147820000000000,2024-10-28T20:37:00.000000000Z,attempt_failed,timeout,,,permanent-00000560,,,,,close_perp,run_dfea4b7ac1475668d5968c97
BTCUSDT,permanent,False,1730147880000000000,2024-10-28T20:38:00.000000000Z,attempt_failed,timeout,,,permanent-00000561,,,,,close_perp,run_dfea4b7ac1475668d5968c97
ETHUSDT,permanent,False,1730147880000000000,2024-10-28T20:38:00.000000000Z,attempt_failed,timeout,,,permanent-00000562,,,,,close_perp,run_dfea4b7ac1475668d5968c97
BTCUSDT,permanent,False,1730147940000000000,2024-10-28T20:39:00.000000000Z,attempt_failed,timeout,,,permanent-00000563,,,,,close_perp,run_dfea4b7ac1475668d5968c97
ETHUSDT,permanent,False,1730147940000000000,2024-10-28T20:39:00.000000000Z,attempt_failed,timeout,,,permanent-00000564,,,,,close_perp,run_dfea4b7ac1475668d5968c97
BTCUSDT,permanent,False,1730148000000000000,2024-10-28T20:40:00.000000000Z,attempt_failed,timeout,,,permanent-00000565,,,,,close_perp,run_dfea4b7ac1475668d5968c97
ETHUSDT,permanent,False,1730148000000000000,2024-10-28T20:40:00.000000000Z,attempt_failed,timeout,,,permanent-00000566,,,,,close_perp,run_dfea4b7ac1475668d5968c97
BTCUSDT,permanent,False,1730148060000000000,2024-10-28T20:41:00.000000000Z,attempt_failed,timeout,,,permanent-00000567,,,,,close_perp,run_dfea4b7ac1475668d5968c97
ETHUSDT,permanent,False,1730148060000000000,2024-10-28T20:41:00.000000000Z,attempt_failed,timeout,,,permanent-00000568,,,,,close_perp,run_dfea4b7ac1475668d5968c97
BTCUSDT,permanent,False,1730148120000000000,2024-10-28T20:42:00.000000000Z,attempt_failed,timeout,,,permanent-00000569,,,,,close_perp,run_dfea4b7ac1475668d5968c97
ETHUSDT,permanent,False,1730148120000000000,2024-10-28T20:42:00.000000000Z,attempt_failed,timeout,,,permanent-00000570,,,,,close_perp,run_dfea4b7ac1475668d5968c97
BTCUSDT,permanent,False,1730148180000000000,2024-10-28T20:43:00.000000000Z,attempt_failed,timeout,,,permanent-00000571,,,,,close_perp,run_dfea4b7ac1475668d5968c97
ETHUSDT,permanent,False,1730148180000000000,2024-10-28T20:43:00.000000000Z,attempt_failed,timeout,,,permanent-00000572,,,,,close_perp,run_dfea4b7ac1475668d5968c97
BTCUSDT,permanent,False,1730148240000000000,2024-10-28T20:44:00.000000000Z,attempt_failed,timeout,,,permanent-00000573,,,,,close_perp,run_dfea4b7ac1475668d5968c97
ETHUSDT,permanent,False,1730148240000000000,2024-10-28T20:44:00.000000000Z,attempt_failed,timeout,,,permanent-00000574,,,,,close_perp,run_dfea4b7ac1475668d5968c97
BTCUSDT,permanent,False,1730148300000000000,2024-10-28T20:45:00.000000000Z,attempt_failed,timeout,,,permanent-00000575,,,,,close_perp,run_dfea4b7ac1475668d5968c97
ETHUSDT,permanent,False,1730148300000000000,2024-10-28T20:45:00.000000000Z,attempt_failed,timeout,,,permanent-00000576,,,,,close_perp,run_dfea4b7ac1475668d5968c97
BTCUSDT,permanent,False,1730148360000000000,2024-10-28T20:46:00.000000000Z,attempt_failed,timeout,,,permanent-00000577,,,,,close_perp,run_dfea4b7ac1475668d5968c97
ETHUSDT,permanent,False,1730148360000000000,2024-10-28T20:46:00.000000000Z,attempt_failed,timeout,,,permanent-00000578,,,,,close_perp,run_dfea4b7ac1475668d5968c97
BTCUSDT,permanent,False,1730148420000000000,2024-10-28T20:47:00.000000000Z,attempt_failed,timeout,,,permanent-00000579,,,,,close_perp,run_dfea4b7ac1475668d5968c97
ETHUSDT,permanent,False,1730148420000000000,2024-10-28T20:47:00.000000000Z,attempt_failed,timeout,,,permanent-00000580,,,,,close_perp,run_dfea4b7ac1475668d5968c97
BTCUSDT,permanent,False,1730148480000000000,2024-10-28T20:48:00.000000000Z,attempt_failed,timeout,,,permanent-00000581,,,,,close_perp,run_dfea4b7ac1475668d5968c97
ETHUSDT,permanent,False,1730148480000000000,2024-10-28T20:48:00.000000000Z,attempt_failed,timeout,,,permanent-00000582,,,,,close_perp,run_dfea4b7ac1475668d5968c97
BTCUSDT,permanent,False,1730148540000000000,2024-10-28T20:49:00.000000000Z,attempt_failed,timeout,,,permanent-00000583,,,,,close_perp,run_dfea4b7ac1475668d5968c97
ETHUSDT,permanent,False,1730148540000000000,2024-10-28T20:49:00.000000000Z,attempt_failed,timeout,,,permanent-00000584,,,,,close_perp,run_dfea4b7ac1475668d5968c97
BTCUSDT,permanent,False,1730148600000000000,2024-10-28T20:50:00.000000000Z,attempt_failed,timeout,,,permanent-00000585,,,,,close_perp,run_dfea4b7ac1475668d5968c97
ETHUSDT,permanent,False,1730148600000000000,2024-10-28T20:50:00.000000000Z,attempt_failed,timeout,,,permanent-00000586,,,,,close_perp,run_dfea4b7ac1475668d5968c97
BTCUSDT,permanent,False,1730148660000000000,2024-10-28T20:51:00.000000000Z,attempt_failed,timeout,,,permanent-00000587,,,,,close_perp,run_dfea4b7ac1475668d5968c97
ETHUSDT,permanent,False,1730148660000000000,2024-10-28T20:51:00.000000000Z,attempt_failed,timeout,,,permanent-00000588,,,,,close_perp,run_dfea4b7ac1475668d5968c97
BTCUSDT,permanent,False,1730148720000000000,2024-10-28T20:52:00.000000000Z,attempt_failed,timeout,,,permanent-00000589,,,,,close_perp,run_dfea4b7ac1475668d5968c97
ETHUSDT,permanent,False,1730148720000000000,2024-10-28T20:52:00.000000000Z,attempt_failed,timeout,,,permanent-00000590,,,,,close_perp,run_dfea4b7ac1475668d5968c97
BTCUSDT,permanent,False,1730148780000000000,2024-10-28T20:53:00.000000000Z,attempt_failed,timeout,,,permanent-00000591,,,,,close_perp,run_dfea4b7ac1475668d5968c97
ETHUSDT,permanent,False,1730148780000000000,2024-10-28T20:53:00.000000000Z,attempt_failed,timeout,,,permanent-00000592,,,,,close_perp,run_dfea4b7ac1475668d5968c97
BTCUSDT,permanent,False,1730148840000000000,2024-10-28T20:54:00.000000000Z,attempt_failed,timeout,,,permanent-00000593,,,,,close_perp,run_dfea4b7ac1475668d5968c97
ETHUSDT,permanent,False,1730148840000000000,2024-10-28T20:54:00.000000000Z,attempt_failed,timeout,,,permanent-00000594,,,,,close_perp,run_dfea4b7ac1475668d5968c97
BTCUSDT,permanent,False,1730148900000000000,2024-10-28T20:55:00.000000000Z,attempt_failed,timeout,,,permanent-00000595,,,,,close_perp,run_dfea4b7ac1475668d5968c97
ETHUSDT,permanent,False,1730148900000000000,2024-10-28T20:55:00.000000000Z,attempt_failed,timeout,,,permanent-00000596,,,,,close_perp,run_dfea4b7ac1475668d5968c97
BTCUSDT,permanent,False,1730148960000000000,2024-10-28T20:56:00.000000000Z,attempt_failed,timeout,,,permanent-00000597,,,,,close_perp,run_dfea4b7ac1475668d5968c97
ETHUSDT,permanent,False,1730148960000000000,2024-10-28T20:56:00.000000000Z,attempt_failed,timeout,,,permanent-00000598,,,,,close_perp,run_dfea4b7ac1475668d5968c97
BTCUSDT,permanent,False,1730149020000000000,2024-10-28T20:57:00.000000000Z,attempt_failed,timeout,,,permanent-00000599,,,,,close_perp,run_dfea4b7ac1475668d5968c97
ETHUSDT,permanent,False,1730149020000000000,2024-10-28T20:57:00.000000000Z,attempt_failed,timeout,,,permanent-00000600,,,,,close_perp,run_dfea4b7ac1475668d5968c97
BTCUSDT,permanent,False,1730149080000000000,2024-10-28T20:58:00.000000000Z,attempt_failed,timeout,,,permanent-00000601,,,,,close_perp,run_dfea4b7ac1475668d5968c97
ETHUSDT,permanent,False,1730149080000000000,2024-10-28T20:58:00.000000000Z,attempt_failed,timeout,,,permanent-00000602,,,,,close_perp,run_dfea4b7ac1475668d5968c97
BTCUSDT,permanent,False,1730149140000000000,2024-10-28T20:59:00.000000000Z,attempt_failed,timeout,,,permanent-00000603,,,,,close_perp,run_dfea4b7ac1475668d5968c97
ETHUSDT,permanent,False,1730149140000000000,2024-10-28T20:59:00.000000000Z,attempt_failed,timeout,,,permanent-00000604,,,,,close_perp,run_dfea4b7ac1475668d5968c97
BTCUSDT,permanent,False,1730149200000000000,2024-10-28T21:00:00.000000000Z,attempt_failed,timeout,,,permanent-00000605,,,,,close_perp,run_dfea4b7ac1475668d5968c97
ETHUSDT,permanent,False,1730149200000000000,2024-10-28T21:00:00.000000000Z,attempt_failed,timeout,,,permanent-00000606,,,,,close_perp,run_dfea4b7ac1475668d5968c97
BTCUSDT,permanent,False,1730149260000000000,2024-10-28T21:01:00.000000000Z,attempt_failed,timeout,,,permanent-00000607,,,,,close_perp,run_dfea4b7ac1475668d5968c97
ETHUSDT,permanent,False,1730149260000000000,2024-10-28T21:01:00.000000000Z,attempt_failed,timeout,,,permanent-00000608,,,,,close_perp,run_dfea4b7ac1475668d5968c97
BTCUSDT,permanent,False,1730149320000000000,2024-10-28T21:02:00.000000000Z,attempt_failed,timeout,,,permanent-00000609,,,,,close_perp,run_dfea4b7ac1475668d5968c97
ETHUSDT,permanent,False,1730149320000000000,2024-10-28T21:02:00.000000000Z,attempt_failed,timeout,,,permanent-00000610,,,,,close_perp,run_dfea4b7ac1475668d5968c97
BTCUSDT,permanent,False,1730149380000000000,2024-10-28T21:03:00.000000000Z,attempt_failed,timeout,,,permanent-00000611,,,,,close_perp,run_dfea4b7ac1475668d5968c97
ETHUSDT,permanent,False,1730149380000000000,2024-10-28T21:03:00.000000000Z,attempt_failed,timeout,,,permanent-00000612,,,,,close_perp,run_dfea4b7ac1475668d5968c97
BTCUSDT,permanent,False,1730149440000000000,2024-10-28T21:04:00.000000000Z,attempt_failed,timeout,,,permanent-00000613,,,,,close_perp,run_dfea4b7ac1475668d5968c97
ETHUSDT,permanent,False,1730149440000000000,2024-10-28T21:04:00.000000000Z,attempt_failed,timeout,,,permanent-00000614,,,,,close_perp,run_dfea4b7ac1475668d5968c97
BTCUSDT,permanent,False,1730149500000000000,2024-10-28T21:05:00.000000000Z,attempt_failed,timeout,,,permanent-00000615,,,,,close_perp,run_dfea4b7ac1475668d5968c97
ETHUSDT,permanent,False,1730149500000000000,2024-10-28T21:05:00.000000000Z,attempt_failed,timeout,,,permanent-00000616,,,,,close_perp,run_dfea4b7ac1475668d5968c97
BTCUSDT,permanent,False,1730149560000000000,2024-10-28T21:06:00.000000000Z,attempt_failed,timeout,,,permanent-00000617,,,,,close_perp,run_dfea4b7ac1475668d5968c97
ETHUSDT,permanent,False,1730149560000000000,2024-10-28T21:06:00.000000000Z,attempt_failed,timeout,,,permanent-00000618,,,,,close_perp,run_dfea4b7ac1475668d5968c97
BTCUSDT,permanent,False,1730149620000000000,2024-10-28T21:07:00.000000000Z,attempt_failed,timeout,,,permanent-00000619,,,,,close_perp,run_dfea4b7ac1475668d5968c97
ETHUSDT,permanent,False,1730149620000000000,2024-10-28T21:07:00.000000000Z,attempt_failed,timeout,,,permanent-00000620,,,,,close_perp,run_dfea4b7ac1475668d5968c97
BTCUSDT,permanent,False,1730149680000000000,2024-10-28T21:08:00.000000000Z,attempt_failed,timeout,,,permanent-00000621,,,,,close_perp,run_dfea4b7ac1475668d5968c97
ETHUSDT,permanent,False,1730149680000000000,2024-10-28T21:08:00.000000000Z,attempt_failed,timeout,,,permanent-00000622,,,,,close_perp,run_dfea4b7ac1475668d5968c97
BTCUSDT,permanent,False,1730149740000000000,2024-10-28T21:09:00.000000000Z,attempt_failed,timeout,,,permanent-00000623,,,,,close_perp,run_dfea4b7ac1475668d5968c97
ETHUSDT,permanent,False,1730149740000000000,2024-10-28T21:09:00.000000000Z,attempt_failed,timeout,,,permanent-00000624,,,,,close_perp,run_dfea4b7ac1475668d5968c97
BTCUSDT,permanent,False,1730149800000000000,2024-10-28T21:10:00.000000000Z,attempt_failed,timeout,,,permanent-00000625,,,,,close_perp,run_dfea4b7ac1475668d5968c97
ETHUSDT,permanent,False,1730149800000000000,2024-10-28T21:10:00.000000000Z,attempt_failed,timeout,,,permanent-00000626,,,,,close_perp,run_dfea4b7ac1475668d5968c97
BTCUSDT,permanent,False,1730149860000000000,2024-10-28T21:11:00.000000000Z,attempt_failed,timeout,,,permanent-00000627,,,,,close_perp,run_dfea4b7ac1475668d5968c97
ETHUSDT,permanent,False,1730149860000000000,2024-10-28T21:11:00.000000000Z,attempt_failed,timeout,,,permanent-00000628,,,,,close_perp,run_dfea4b7ac1475668d5968c97
BTCUSDT,permanent,False,1730149920000000000,2024-10-28T21:12:00.000000000Z,attempt_failed,timeout,,,permanent-00000629,,,,,close_perp,run_dfea4b7ac1475668d5968c97
ETHUSDT,permanent,False,1730149920000000000,2024-10-28T21:12:00.000000000Z,attempt_failed,timeout,,,permanent-00000630,,,,,close_perp,run_dfea4b7ac1475668d5968c97
BTCUSDT,permanent,False,1730149980000000000,2024-10-28T21:13:00.000000000Z,attempt_failed,timeout,,,permanent-00000631,,,,,close_perp,run_dfea4b7ac1475668d5968c97
ETHUSDT,permanent,False,1730149980000000000,2024-10-28T21:13:00.000000000Z,attempt_failed,timeout,,,permanent-00000632,,,,,close_perp,run_dfea4b7ac1475668d5968c97
BTCUSDT,permanent,False,1730150040000000000,2024-10-28T21:14:00.000000000Z,attempt_failed,timeout,,,permanent-00000633,,,,,close_perp,run_dfea4b7ac1475668d5968c97
ETHUSDT,permanent,False,1730150040000000000,2024-10-28T21:14:00.000000000Z,attempt_failed,timeout,,,permanent-00000634,,,,,close_perp,run_dfea4b7ac1475668d5968c97
BTCUSDT,permanent,False,1730150100000000000,2024-10-28T21:15:00.000000000Z,transition,perpetual_closed_waiting_spot,CLOSING_PERP,CLOSING_SPOT,,BTCUSDT-1709136060000000000,,,,,run_dfea4b7ac1475668d5968c97
ETHUSDT,permanent,False,1730150100000000000,2024-10-28T21:15:00.000000000Z,transition,perpetual_closed_waiting_spot,CLOSING_PERP,CLOSING_SPOT,,ETHUSDT-1709251260000000000,,,,,run_dfea4b7ac1475668d5968c97
BTCUSDT,permanent,False,1730150160000000000,2024-10-28T21:16:00.000000000Z,transition,unwind_complete,CLOSING_SPOT,COOLDOWN,,BTCUSDT-1709136060000000000,,,,,run_dfea4b7ac1475668d5968c97
ETHUSDT,permanent,False,1730150160000000000,2024-10-28T21:16:00.000000000Z,transition,unwind_complete,CLOSING_SPOT,COOLDOWN,,ETHUSDT-1709251260000000000,,,,,run_dfea4b7ac1475668d5968c97
BTCUSDT,permanent,False,1730246460000000000,2024-10-30T00:01:00.000000000Z,transition,cooldown_elapsed,COOLDOWN,FLAT,,BTCUSDT-1709136060000000000,,,,,run_dfea4b7ac1475668d5968c97
BTCUSDT,permanent,False,1730246460000000000,2024-10-30T00:01:00.000000000Z,transition,entry,FLAT,OPENING_SPOT,permanent-00000639,BTCUSDT-1730246460000000000,,,,,run_dfea4b7ac1475668d5968c97
ETHUSDT,permanent,False,1730246460000000000,2024-10-30T00:01:00.000000000Z,transition,cooldown_elapsed,COOLDOWN,FLAT,,ETHUSDT-1709251260000000000,,,,,run_dfea4b7ac1475668d5968c97
ETHUSDT,permanent,False,1730246460000000000,2024-10-30T00:01:00.000000000Z,transition,entry,FLAT,OPENING_SPOT,permanent-00000640,ETHUSDT-1730246460000000000,,,,,run_dfea4b7ac1475668d5968c97
BTCUSDT,permanent,False,1730246520000000000,2024-10-30T00:02:00.000000000Z,transition,spot_filled_waiting_hedge,OPENING_SPOT,OPENING_PERP,,BTCUSDT-1730246460000000000,,,,,run_dfea4b7ac1475668d5968c97
ETHUSDT,permanent,False,1730246520000000000,2024-10-30T00:02:00.000000000Z,attempt_failed,timeout,,,permanent-00000640,,,,,open_spot,run_dfea4b7ac1475668d5968c97
ETHUSDT,permanent,False,1730246520000000000,2024-10-30T00:02:00.000000000Z,close_requested,opening_or_second_leg_failed,,,,,,False,,,run_dfea4b7ac1475668d5968c97
ETHUSDT,permanent,False,1730246520000000000,2024-10-30T00:02:00.000000000Z,transition,opening_or_second_leg_failed,OPENING_SPOT,CLOSING_SPOT,,ETHUSDT-1730246460000000000,,,,,run_dfea4b7ac1475668d5968c97
ETHUSDT,permanent,False,1730246580000000000,2024-10-30T00:03:00.000000000Z,transition,unwind_complete,CLOSING_SPOT,COOLDOWN,,ETHUSDT-1730246460000000000,,,,,run_dfea4b7ac1475668d5968c97
BTCUSDT,permanent,False,1730246580000000000,2024-10-30T00:03:00.000000000Z,attempt_failed,timeout,,,permanent-00000641,,,,,open_perp,run_dfea4b7ac1475668d5968c97
BTCUSDT,permanent,False,1730246580000000000,2024-10-30T00:03:00.000000000Z,close_requested,opening_or_second_leg_failed,,,,,,False,,,run_dfea4b7ac1475668d5968c97
BTCUSDT,permanent,False,1730246580000000000,2024-10-30T00:03:00.000000000Z,transition,opening_or_second_leg_failed,OPENING_PERP,CLOSING_SPOT,,BTCUSDT-1730246460000000000,,,,,run_dfea4b7ac1475668d5968c97
BTCUSDT,permanent,False,1730246640000000000,2024-10-30T00:04:00.000000000Z,transition,unwind_complete,CLOSING_SPOT,COOLDOWN,,BTCUSDT-1730246460000000000,,,,,run_dfea4b7ac1475668d5968c97
BTCUSDT,permanent,False,1730361660000000000,2024-10-31T08:01:00.000000000Z,transition,cooldown_elapsed,COOLDOWN,FLAT,,BTCUSDT-1730246460000000000,,,,,run_dfea4b7ac1475668d5968c97
BTCUSDT,permanent,False,1730361660000000000,2024-10-31T08:01:00.000000000Z,transition,entry,FLAT,OPENING_SPOT,permanent-00000644,BTCUSDT-1730361660000000000,,,,,run_dfea4b7ac1475668d5968c97
ETHUSDT,permanent,False,1730361660000000000,2024-10-31T08:01:00.000000000Z,transition,cooldown_elapsed,COOLDOWN,FLAT,,ETHUSDT-1730246460000000000,,,,,run_dfea4b7ac1475668d5968c97
ETHUSDT,permanent,False,1730361660000000000,2024-10-31T08:01:00.000000000Z,transition,entry,FLAT,OPENING_SPOT,permanent-00000645,ETHUSDT-1730361660000000000,,,,,run_dfea4b7ac1475668d5968c97
BTCUSDT,permanent,False,1730361720000000000,2024-10-31T08:02:00.000000000Z,transition,spot_filled_waiting_hedge,OPENING_SPOT,OPENING_PERP,,BTCUSDT-1730361660000000000,,,,,run_dfea4b7ac1475668d5968c97
ETHUSDT,permanent,False,1730361720000000000,2024-10-31T08:02:00.000000000Z,transition,spot_filled_waiting_hedge,OPENING_SPOT,OPENING_PERP,,ETHUSDT-1730361660000000000,,,,,run_dfea4b7ac1475668d5968c97
BTCUSDT,permanent,False,1730361780000000000,2024-10-31T08:03:00.000000000Z,transition,opening_complete,OPENING_PERP,HOLDING,,BTCUSDT-1730361660000000000,,,,,run_dfea4b7ac1475668d5968c97
ETHUSDT,permanent,False,1730361780000000000,2024-10-31T08:03:00.000000000Z,transition,opening_complete,OPENING_PERP,HOLDING,,ETHUSDT-1730361660000000000,,,,,run_dfea4b7ac1475668d5968c97
BTCUSDT,permanent,False,1730966580000000000,2024-11-07T08:03:00.000000000Z,renewal,,,,,,2024-11-14T08:03:00.000000000Z,,1731571380000000000,,run_dfea4b7ac1475668d5968c97
ETHUSDT,permanent,False,1730966580000000000,2024-11-07T08:03:00.000000000Z,renewal,,,,,,2024-11-14T08:03:00.000000000Z,,1731571380000000000,,run_dfea4b7ac1475668d5968c97
ETHUSDT,permanent,False,1730966580000000000,2024-11-07T08:03:00.000000000Z,transition,renewal_rebalance,HOLDING,REBALANCING,,ETHUSDT-1730361660000000000,,,,,run_dfea4b7ac1475668d5968c97
ETHUSDT,permanent,False,1730966700000000000,2024-11-07T08:05:00.000000000Z,transition,rebalance_complete,REBALANCING,HOLDING,,ETHUSDT-1730361660000000000,,,,,run_dfea4b7ac1475668d5968c97
ETHUSDT,permanent,False,1731402000000000000,2024-11-12T09:00:00.000000000Z,close_requested,margin,,,,,,False,,,run_dfea4b7ac1475668d5968c97
ETHUSDT,permanent,False,1731402000000000000,2024-11-12T09:00:00.000000000Z,transition,margin,HOLDING,CLOSING_PERP,,ETHUSDT-1730361660000000000,,,,,run_dfea4b7ac1475668d5968c97
ETHUSDT,permanent,False,1731402060000000000,2024-11-12T09:01:00.000000000Z,transition,perpetual_closed_waiting_spot,CLOSING_PERP,CLOSING_SPOT,,ETHUSDT-1730361660000000000,,,,,run_dfea4b7ac1475668d5968c97
ETHUSDT,permanent,False,1731402120000000000,2024-11-12T09:02:00.000000000Z,transition,unwind_complete,CLOSING_SPOT,COOLDOWN,,ETHUSDT-1730361660000000000,,,,,run_dfea4b7ac1475668d5968c97
ETHUSDT,permanent,False,1731513660000000000,2024-11-13T16:01:00.000000000Z,transition,cooldown_elapsed,COOLDOWN,FLAT,,ETHUSDT-1730361660000000000,,,,,run_dfea4b7ac1475668d5968c97
ETHUSDT,permanent,False,1731513660000000000,2024-11-13T16:01:00.000000000Z,transition,entry,FLAT,OPENING_SPOT,permanent-00000652,ETHUSDT-1731513660000000000,,,,,run_dfea4b7ac1475668d5968c97
ETHUSDT,permanent,False,1731513720000000000,2024-11-13T16:02:00.000000000Z,transition,spot_filled_waiting_hedge,OPENING_SPOT,OPENING_PERP,,ETHUSDT-1731513660000000000,,,,,run_dfea4b7ac1475668d5968c97
ETHUSDT,permanent,False,1731513780000000000,2024-11-13T16:03:00.000000000Z,transition,opening_complete,OPENING_PERP,HOLDING,,ETHUSDT-1731513660000000000,,,,,run_dfea4b7ac1475668d5968c97
BTCUSDT,permanent,False,1731571380000000000,2024-11-14T08:03:00.000000000Z,renewal,,,,,,2024-11-21T08:03:00.000000000Z,,1732176180000000000,,run_dfea4b7ac1475668d5968c97
BTCUSDT,permanent,False,1731571380000000000,2024-11-14T08:03:00.000000000Z,transition,renewal_rebalance,HOLDING,REBALANCING,,BTCUSDT-1730361660000000000,,,,,run_dfea4b7ac1475668d5968c97
BTCUSDT,permanent,False,1731571500000000000,2024-11-14T08:05:00.000000000Z,transition,rebalance_complete,REBALANCING,HOLDING,,BTCUSDT-1730361660000000000,,,,,run_dfea4b7ac1475668d5968c97
BTCUSDT,permanent,False,1732108560000000000,2024-11-20T13:16:00.000000000Z,close_requested,margin,,,,,,False,,,run_dfea4b7ac1475668d5968c97
BTCUSDT,permanent,False,1732108560000000000,2024-11-20T13:16:00.000000000Z,transition,margin,HOLDING,CLOSING_PERP,,BTCUSDT-1730361660000000000,,,,,run_dfea4b7ac1475668d5968c97
BTCUSDT,permanent,False,1732108620000000000,2024-11-20T13:17:00.000000000Z,transition,perpetual_closed_waiting_spot,CLOSING_PERP,CLOSING_SPOT,,BTCUSDT-1730361660000000000,,,,,run_dfea4b7ac1475668d5968c97
BTCUSDT,permanent,False,1732108680000000000,2024-11-20T13:18:00.000000000Z,transition,unwind_complete,CLOSING_SPOT,COOLDOWN,,BTCUSDT-1730361660000000000,,,,,run_dfea4b7ac1475668d5968c97
ETHUSDT,permanent,False,1732118580000000000,2024-11-20T16:03:00.000000000Z,renewal,,,,,,2024-11-27T16:03:00.000000000Z,,1732723380000000000,,run_dfea4b7ac1475668d5968c97
ETHUSDT,permanent,False,1732118580000000000,2024-11-20T16:03:00.000000000Z,transition,renewal_rebalance,HOLDING,REBALANCING,,ETHUSDT-1731513660000000000,,,,,run_dfea4b7ac1475668d5968c97
ETHUSDT,permanent,False,1732118700000000000,2024-11-20T16:05:00.000000000Z,transition,rebalance_complete,REBALANCING,HOLDING,,ETHUSDT-1731513660000000000,,,,,run_dfea4b7ac1475668d5968c97
BTCUSDT,permanent,False,1732204860001000000,2024-11-21T16:01:00.001000000Z,transition,cooldown_elapsed,COOLDOWN,FLAT,,BTCUSDT-1730361660000000000,,,,,run_dfea4b7ac1475668d5968c97
BTCUSDT,permanent,False,1732204860001000000,2024-11-21T16:01:00.001000000Z,transition,entry,FLAT,OPENING_SPOT,permanent-00000660,BTCUSDT-1732204860001000000,,,,,run_dfea4b7ac1475668d5968c97
BTCUSDT,permanent,False,1732204980000000000,2024-11-21T16:03:00.000000000Z,transition,spot_filled_waiting_hedge,OPENING_SPOT,OPENING_PERP,,BTCUSDT-1732204860001000000,,,,,run_dfea4b7ac1475668d5968c97
BTCUSDT,permanent,False,1732205040000000000,2024-11-21T16:04:00.000000000Z,transition,opening_complete,OPENING_PERP,HOLDING,,BTCUSDT-1732204860001000000,,,,,run_dfea4b7ac1475668d5968c97
ETHUSDT,permanent,False,1732723380000000000,2024-11-27T16:03:00.000000000Z,renewal,,,,,,2024-12-04T16:03:00.000000000Z,,1733328180000000000,,run_dfea4b7ac1475668d5968c97
ETHUSDT,permanent,False,1732723380000000000,2024-11-27T16:03:00.000000000Z,transition,renewal_rebalance,HOLDING,REBALANCING,,ETHUSDT-1731513660000000000,,,,,run_dfea4b7ac1475668d5968c97
ETHUSDT,permanent,False,1732723500000000000,2024-11-27T16:05:00.000000000Z,transition,rebalance_complete,REBALANCING,HOLDING,,ETHUSDT-1731513660000000000,,,,,run_dfea4b7ac1475668d5968c97
BTCUSDT,permanent,False,1732809840000000000,2024-11-28T16:04:00.000000000Z,renewal,,,,,,2024-12-05T16:04:00.000000000Z,,1733414640000000000,,run_dfea4b7ac1475668d5968c97
ETHUSDT,permanent,False,1733328180000000000,2024-12-04T16:03:00.000000000Z,renewal,,,,,,2024-12-11T16:03:00.000000000Z,,1733932980000000000,,run_dfea4b7ac1475668d5968c97
ETHUSDT,permanent,False,1733328180000000000,2024-12-04T16:03:00.000000000Z,transition,renewal_rebalance,HOLDING,REBALANCING,,ETHUSDT-1731513660000000000,,,,,run_dfea4b7ac1475668d5968c97
ETHUSDT,permanent,False,1733328300000000000,2024-12-04T16:05:00.000000000Z,transition,rebalance_complete,REBALANCING,HOLDING,,ETHUSDT-1731513660000000000,,,,,run_dfea4b7ac1475668d5968c97
BTCUSDT,permanent,False,1733414640000000000,2024-12-05T16:04:00.000000000Z,renewal,,,,,,2024-12-12T16:04:00.000000000Z,,1734019440000000000,,run_dfea4b7ac1475668d5968c97
ETHUSDT,permanent,False,1733932980000000000,2024-12-11T16:03:00.000000000Z,renewal,,,,,,2024-12-18T16:03:00.000000000Z,,1734537780000000000,,run_dfea4b7ac1475668d5968c97
BTCUSDT,permanent,False,1734019440000000000,2024-12-12T16:04:00.000000000Z,renewal,,,,,,2024-12-19T16:04:00.000000000Z,,1734624240000000000,,run_dfea4b7ac1475668d5968c97
ETHUSDT,permanent,False,1734537780000000000,2024-12-18T16:03:00.000000000Z,renewal,,,,,,2024-12-25T16:03:00.000000000Z,,1735142580000000000,,run_dfea4b7ac1475668d5968c97
BTCUSDT,permanent,False,1734624240000000000,2024-12-19T16:04:00.000000000Z,renewal,,,,,,2024-12-26T16:04:00.000000000Z,,1735229040000000000,,run_dfea4b7ac1475668d5968c97
ETHUSDT,permanent,False,1735142580000000000,2024-12-25T16:03:00.000000000Z,renewal,,,,,,2025-01-01T16:03:00.000000000Z,,1735747380000000000,,run_dfea4b7ac1475668d5968c97
ETHUSDT,permanent,False,1735142580000000000,2024-12-25T16:03:00.000000000Z,transition,renewal_rebalance,HOLDING,REBALANCING,,ETHUSDT-1731513660000000000,,,,,run_dfea4b7ac1475668d5968c97
ETHUSDT,permanent,False,1735142700000000000,2024-12-25T16:05:00.000000000Z,transition,rebalance_complete,REBALANCING,HOLDING,,ETHUSDT-1731513660000000000,,,,,run_dfea4b7ac1475668d5968c97
BTCUSDT,permanent,False,1735229040000000000,2024-12-26T16:04:00.000000000Z,renewal,,,,,,2025-01-02T16:04:00.000000000Z,,1735833840000000000,,run_dfea4b7ac1475668d5968c97
ETHUSDT,permanent,False,1735747380000000000,2025-01-01T16:03:00.000000000Z,renewal,,,,,,2025-01-08T16:03:00.000000000Z,,1736352180000000000,,run_dfea4b7ac1475668d5968c97
BTCUSDT,permanent,False,1735833840000000000,2025-01-02T16:04:00.000000000Z,renewal,,,,,,2025-01-09T16:04:00.000000000Z,,1736438640000000000,,run_dfea4b7ac1475668d5968c97
ETHUSDT,permanent,False,1736352180000000000,2025-01-08T16:03:00.000000000Z,renewal,,,,,,2025-01-15T16:03:00.000000000Z,,1736956980000000000,,run_dfea4b7ac1475668d5968c97
BTCUSDT,permanent,False,1736438640000000000,2025-01-09T16:04:00.000000000Z,renewal,,,,,,2025-01-16T16:04:00.000000000Z,,1737043440000000000,,run_dfea4b7ac1475668d5968c97
BTCUSDT,permanent,False,1736438640000000000,2025-01-09T16:04:00.000000000Z,rebalance_skipped,joint_sizing:market_rules,,,,,,,,,run_dfea4b7ac1475668d5968c97
ETHUSDT,permanent,False,1736956980000000000,2025-01-15T16:03:00.000000000Z,renewal,,,,,,2025-01-22T16:03:00.000000000Z,,1737561780000000000,,run_dfea4b7ac1475668d5968c97
BTCUSDT,permanent,False,1737043440000000000,2025-01-16T16:04:00.000000000Z,renewal,,,,,,2025-01-23T16:04:00.000000000Z,,1737648240000000000,,run_dfea4b7ac1475668d5968c97
ETHUSDT,permanent,False,1737561780000000000,2025-01-22T16:03:00.000000000Z,renewal,,,,,,2025-01-29T16:03:00.000000000Z,,1738166580000000000,,run_dfea4b7ac1475668d5968c97
ETHUSDT,permanent,False,1737561780000000000,2025-01-22T16:03:00.000000000Z,transition,renewal_rebalance,HOLDING,REBALANCING,,ETHUSDT-1731513660000000000,,,,,run_dfea4b7ac1475668d5968c97
ETHUSDT,permanent,False,1737561900000000000,2025-01-22T16:05:00.000000000Z,transition,rebalance_complete,REBALANCING,HOLDING,,ETHUSDT-1731513660000000000,,,,,run_dfea4b7ac1475668d5968c97
BTCUSDT,permanent,False,1737648240000000000,2025-01-23T16:04:00.000000000Z,renewal,,,,,,2025-01-30T16:04:00.000000000Z,,1738253040000000000,,run_dfea4b7ac1475668d5968c97
BTCUSDT,permanent,False,1737648240000000000,2025-01-23T16:04:00.000000000Z,transition,renewal_rebalance,HOLDING,REBALANCING,,BTCUSDT-1732204860001000000,,,,,run_dfea4b7ac1475668d5968c97
BTCUSDT,permanent,False,1737648360000000000,2025-01-23T16:06:00.000000000Z,transition,rebalance_complete,REBALANCING,HOLDING,,BTCUSDT-1732204860001000000,,,,,run_dfea4b7ac1475668d5968c97
ETHUSDT,permanent,False,1738166580000000000,2025-01-29T16:03:00.000000000Z,renewal,,,,,,2025-02-05T16:03:00.000000000Z,,1738771380000000000,,run_dfea4b7ac1475668d5968c97
ETHUSDT,permanent,False,1738166580000000000,2025-01-29T16:03:00.000000000Z,transition,renewal_rebalance,HOLDING,REBALANCING,,ETHUSDT-1731513660000000000,,,,,run_dfea4b7ac1475668d5968c97
ETHUSDT,permanent,False,1738166700000000000,2025-01-29T16:05:00.000000000Z,transition,rebalance_complete,REBALANCING,HOLDING,,ETHUSDT-1731513660000000000,,,,,run_dfea4b7ac1475668d5968c97
BTCUSDT,permanent,False,1738253040000000000,2025-01-30T16:04:00.000000000Z,renewal,,,,,,2025-02-06T16:04:00.000000000Z,,1738857840000000000,,run_dfea4b7ac1475668d5968c97
ETHUSDT,permanent,False,1738771380000000000,2025-02-05T16:03:00.000000000Z,renewal,,,,,,2025-02-12T16:03:00.000000000Z,,1739376180000000000,,run_dfea4b7ac1475668d5968c97
ETHUSDT,permanent,False,1738771380000000000,2025-02-05T16:03:00.000000000Z,transition,renewal_rebalance,HOLDING,REBALANCING,,ETHUSDT-1731513660000000000,,,,,run_dfea4b7ac1475668d5968c97
ETHUSDT,permanent,False,1738771500000000000,2025-02-05T16:05:00.000000000Z,transition,rebalance_complete,REBALANCING,HOLDING,,ETHUSDT-1731513660000000000,,,,,run_dfea4b7ac1475668d5968c97
BTCUSDT,permanent,False,1738857840000000000,2025-02-06T16:04:00.000000000Z,renewal,,,,,,2025-02-13T16:04:00.000000000Z,,1739462640000000000,,run_dfea4b7ac1475668d5968c97
BTCUSDT,permanent,False,1738857840000000000,2025-02-06T16:04:00.000000000Z,transition,renewal_rebalance,HOLDING,REBALANCING,,BTCUSDT-1732204860001000000,,,,,run_dfea4b7ac1475668d5968c97
BTCUSDT,permanent,False,1738857960000000000,2025-02-06T16:06:00.000000000Z,transition,rebalance_complete,REBALANCING,HOLDING,,BTCUSDT-1732204860001000000,,,,,run_dfea4b7ac1475668d5968c97
ETHUSDT,permanent,False,1739376180000000000,2025-02-12T16:03:00.000000000Z,renewal,,,,,,2025-02-19T16:03:00.000000000Z,,1739980980000000000,,run_dfea4b7ac1475668d5968c97
ETHUSDT,permanent,False,1739376180000000000,2025-02-12T16:03:00.000000000Z,transition,renewal_rebalance,HOLDING,REBALANCING,,ETHUSDT-1731513660000000000,,,,,run_dfea4b7ac1475668d5968c97
ETHUSDT,permanent,False,1739376300000000000,2025-02-12T16:05:00.000000000Z,transition,rebalance_complete,REBALANCING,HOLDING,,ETHUSDT-1731513660000000000,,,,,run_dfea4b7ac1475668d5968c97
BTCUSDT,permanent,False,1739462640000000000,2025-02-13T16:04:00.000000000Z,renewal,,,,,,2025-02-20T16:04:00.000000000Z,,1740067440000000000,,run_dfea4b7ac1475668d5968c97
ETHUSDT,permanent,False,1739980980000000000,2025-02-19T16:03:00.000000000Z,renewal,,,,,,2025-02-26T16:03:00.000000000Z,,1740585780000000000,,run_dfea4b7ac1475668d5968c97
BTCUSDT,permanent,False,1740067440000000000,2025-02-20T16:04:00.000000000Z,renewal,,,,,,2025-02-27T16:04:00.000000000Z,,1740672240000000000,,run_dfea4b7ac1475668d5968c97
ETHUSDT,permanent,False,1740585780000000000,2025-02-26T16:03:00.000000000Z,renewal,,,,,,2025-03-05T16:03:00.000000000Z,,1741190580000000000,,run_dfea4b7ac1475668d5968c97
ETHUSDT,permanent,False,1740585780000000000,2025-02-26T16:03:00.000000000Z,transition,renewal_rebalance,HOLDING,REBALANCING,,ETHUSDT-1731513660000000000,,,,,run_dfea4b7ac1475668d5968c97
ETHUSDT,permanent,False,1740585900000000000,2025-02-26T16:05:00.000000000Z,transition,rebalance_complete,REBALANCING,HOLDING,,ETHUSDT-1731513660000000000,,,,,run_dfea4b7ac1475668d5968c97
BTCUSDT,permanent,False,1740672240000000000,2025-02-27T16:04:00.000000000Z,renewal,,,,,,2025-03-06T16:04:00.000000000Z,,1741277040000000000,,run_dfea4b7ac1475668d5968c97
BTCUSDT,permanent,False,1740672240000000000,2025-02-27T16:04:00.000000000Z,rebalance_skipped,joint_sizing:insufficient_cash,,,,,,,,,run_dfea4b7ac1475668d5968c97
ETHUSDT,permanent,False,1741190580000000000,2025-03-05T16:03:00.000000000Z,renewal,,,,,,2025-03-12T16:03:00.000000000Z,,1741795380000000000,,run_dfea4b7ac1475668d5968c97
ETHUSDT,permanent,False,1741190580000000000,2025-03-05T16:03:00.000000000Z,rebalance_skipped,joint_sizing:insufficient_cash,,,,,,,,,run_dfea4b7ac1475668d5968c97
BTCUSDT,permanent,False,1741277040000000000,2025-03-06T16:04:00.000000000Z,renewal,,,,,,2025-03-13T16:04:00.000000000Z,,1741881840000000000,,run_dfea4b7ac1475668d5968c97
BTCUSDT,permanent,False,1741277040000000000,2025-03-06T16:04:00.000000000Z,rebalance_skipped,joint_sizing:insufficient_cash,,,,,,,,,run_dfea4b7ac1475668d5968c97
ETHUSDT,permanent,False,1741795380000000000,2025-03-12T16:03:00.000000000Z,renewal,,,,,,2025-03-19T16:03:00.000000000Z,,1742400180000000000,,run_dfea4b7ac1475668d5968c97
ETHUSDT,permanent,False,1741795380000000000,2025-03-12T16:03:00.000000000Z,rebalance_skipped,joint_sizing:insufficient_cash,,,,,,,,,run_dfea4b7ac1475668d5968c97
BTCUSDT,permanent,False,1741881840000000000,2025-03-13T16:04:00.000000000Z,renewal,,,,,,2025-03-20T16:04:00.000000000Z,,1742486640000000000,,run_dfea4b7ac1475668d5968c97
BTCUSDT,permanent,False,1741881840000000000,2025-03-13T16:04:00.000000000Z,rebalance_skipped,joint_sizing:insufficient_cash,,,,,,,,,run_dfea4b7ac1475668d5968c97
ETHUSDT,permanent,False,1742400180000000000,2025-03-19T16:03:00.000000000Z,renewal,,,,,,2025-03-26T16:03:00.000000000Z,,1743004980000000000,,run_dfea4b7ac1475668d5968c97
ETHUSDT,permanent,False,1742400180000000000,2025-03-19T16:03:00.000000000Z,rebalance_skipped,joint_sizing:insufficient_cash,,,,,,,,,run_dfea4b7ac1475668d5968c97
BTCUSDT,permanent,False,1742486640000000000,2025-03-20T16:04:00.000000000Z,renewal,,,,,,2025-03-27T16:04:00.000000000Z,,1743091440000000000,,run_dfea4b7ac1475668d5968c97
BTCUSDT,permanent,False,1742486640000000000,2025-03-20T16:04:00.000000000Z,rebalance_skipped,joint_sizing:insufficient_cash,,,,,,,,,run_dfea4b7ac1475668d5968c97
ETHUSDT,permanent,False,1743004980000000000,2025-03-26T16:03:00.000000000Z,renewal,,,,,,2025-04-02T16:03:00.000000000Z,,1743609780000000000,,run_dfea4b7ac1475668d5968c97
ETHUSDT,permanent,False,1743004980000000000,2025-03-26T16:03:00.000000000Z,rebalance_skipped,joint_sizing:insufficient_cash,,,,,,,,,run_dfea4b7ac1475668d5968c97
BTCUSDT,permanent,False,1743091440000000000,2025-03-27T16:04:00.000000000Z,renewal,,,,,,2025-04-03T16:04:00.000000000Z,,1743696240000000000,,run_dfea4b7ac1475668d5968c97
BTCUSDT,permanent,False,1743091440000000000,2025-03-27T16:04:00.000000000Z,rebalance_skipped,joint_sizing:insufficient_cash,,,,,,,,,run_dfea4b7ac1475668d5968c97
ETHUSDT,permanent,False,1743609780000000000,2025-04-02T16:03:00.000000000Z,renewal,,,,,,2025-04-09T16:03:00.000000000Z,,1744214580000000000,,run_dfea4b7ac1475668d5968c97
ETHUSDT,permanent,False,1743609780000000000,2025-04-02T16:03:00.000000000Z,rebalance_skipped,joint_sizing:insufficient_cash,,,,,,,,,run_dfea4b7ac1475668d5968c97
BTCUSDT,permanent,False,1743696240000000000,2025-04-03T16:04:00.000000000Z,renewal,,,,,,2025-04-10T16:04:00.000000000Z,,1744301040000000000,,run_dfea4b7ac1475668d5968c97
BTCUSDT,permanent,False,1743696240000000000,2025-04-03T16:04:00.000000000Z,rebalance_skipped,joint_sizing:insufficient_cash,,,,,,,,,run_dfea4b7ac1475668d5968c97
ETHUSDT,permanent,False,1744214580000000000,2025-04-09T16:03:00.000000000Z,renewal,,,,,,2025-04-16T16:03:00.000000000Z,,1744819380000000000,,run_dfea4b7ac1475668d5968c97
ETHUSDT,permanent,False,1744214580000000000,2025-04-09T16:03:00.000000000Z,rebalance_skipped,joint_sizing:insufficient_cash,,,,,,,,,run_dfea4b7ac1475668d5968c97
BTCUSDT,permanent,False,1744301040000000000,2025-04-10T16:04:00.000000000Z,renewal,,,,,,2025-04-17T16:04:00.000000000Z,,1744905840000000000,,run_dfea4b7ac1475668d5968c97
BTCUSDT,permanent,False,1744301040000000000,2025-04-10T16:04:00.000000000Z,rebalance_skipped,joint_sizing:insufficient_cash,,,,,,,,,run_dfea4b7ac1475668d5968c97
ETHUSDT,permanent,False,1744819380000000000,2025-04-16T16:03:00.000000000Z,renewal,,,,,,2025-04-23T16:03:00.000000000Z,,1745424180000000000,,run_dfea4b7ac1475668d5968c97
ETHUSDT,permanent,False,1744819380000000000,2025-04-16T16:03:00.000000000Z,rebalance_skipped,joint_sizing:insufficient_cash,,,,,,,,,run_dfea4b7ac1475668d5968c97
BTCUSDT,permanent,False,1744905840000000000,2025-04-17T16:04:00.000000000Z,renewal,,,,,,2025-04-24T16:04:00.000000000Z,,1745510640000000000,,run_dfea4b7ac1475668d5968c97
BTCUSDT,permanent,False,1744905840000000000,2025-04-17T16:04:00.000000000Z,rebalance_skipped,joint_sizing:insufficient_cash,,,,,,,,,run_dfea4b7ac1475668d5968c97
ETHUSDT,permanent,False,1745424180000000000,2025-04-23T16:03:00.000000000Z,renewal,,,,,,2025-04-30T16:03:00.000000000Z,,1746028980000000000,,run_dfea4b7ac1475668d5968c97
ETHUSDT,permanent,False,1745424180000000000,2025-04-23T16:03:00.000000000Z,rebalance_skipped,joint_sizing:insufficient_cash,,,,,,,,,run_dfea4b7ac1475668d5968c97
BTCUSDT,permanent,False,1745510640000000000,2025-04-24T16:04:00.000000000Z,renewal,,,,,,2025-05-01T16:04:00.000000000Z,,1746115440000000000,,run_dfea4b7ac1475668d5968c97
BTCUSDT,permanent,False,1745510640000000000,2025-04-24T16:04:00.000000000Z,rebalance_skipped,joint_sizing:insufficient_cash,,,,,,,,,run_dfea4b7ac1475668d5968c97
ETHUSDT,permanent,False,1746028980000000000,2025-04-30T16:03:00.000000000Z,renewal,,,,,,2025-05-07T16:03:00.000000000Z,,1746633780000000000,,run_dfea4b7ac1475668d5968c97
ETHUSDT,permanent,False,1746028980000000000,2025-04-30T16:03:00.000000000Z,rebalance_skipped,joint_sizing:insufficient_cash,,,,,,,,,run_dfea4b7ac1475668d5968c97
BTCUSDT,permanent,False,1746115440000000000,2025-05-01T16:04:00.000000000Z,renewal,,,,,,2025-05-08T16:04:00.000000000Z,,1746720240000000000,,run_dfea4b7ac1475668d5968c97
ETHUSDT,permanent,False,1746633780000000000,2025-05-07T16:03:00.000000000Z,renewal,,,,,,2025-05-14T16:03:00.000000000Z,,1747238580000000000,,run_dfea4b7ac1475668d5968c97
ETHUSDT,permanent,False,1746633780000000000,2025-05-07T16:03:00.000000000Z,rebalance_skipped,joint_sizing:insufficient_cash,,,,,,,,,run_dfea4b7ac1475668d5968c97
BTCUSDT,permanent,False,1746720240000000000,2025-05-08T16:04:00.000000000Z,renewal,,,,,,2025-05-15T16:04:00.000000000Z,,1747325040000000000,,run_dfea4b7ac1475668d5968c97
ETHUSDT,permanent,False,1747238580000000000,2025-05-14T16:03:00.000000000Z,renewal,,,,,,2025-05-21T16:03:00.000000000Z,,1747843380000000000,,run_dfea4b7ac1475668d5968c97
BTCUSDT,permanent,False,1747325040000000000,2025-05-15T16:04:00.000000000Z,renewal,,,,,,2025-05-22T16:04:00.000000000Z,,1747929840000000000,,run_dfea4b7ac1475668d5968c97
ETHUSDT,permanent,False,1747843380000000000,2025-05-21T16:03:00.000000000Z,renewal,,,,,,2025-05-28T16:03:00.000000000Z,,1748448180000000000,,run_dfea4b7ac1475668d5968c97
BTCUSDT,permanent,False,1747929840000000000,2025-05-22T16:04:00.000000000Z,renewal,,,,,,2025-05-29T16:04:00.000000000Z,,1748534640000000000,,run_dfea4b7ac1475668d5968c97
BTCUSDT,permanent,False,1747929840000000000,2025-05-22T16:04:00.000000000Z,transition,renewal_rebalance,HOLDING,REBALANCING,,BTCUSDT-1732204860001000000,,,,,run_dfea4b7ac1475668d5968c97
BTCUSDT,permanent,False,1747929960000000000,2025-05-22T16:06:00.000000000Z,transition,rebalance_complete,REBALANCING,HOLDING,,BTCUSDT-1732204860001000000,,,,,run_dfea4b7ac1475668d5968c97
ETHUSDT,permanent,False,1748448180000000000,2025-05-28T16:03:00.000000000Z,renewal,,,,,,2025-06-04T16:03:00.000000000Z,,1749052980000000000,,run_dfea4b7ac1475668d5968c97
BTCUSDT,permanent,False,1748534640000000000,2025-05-29T16:04:00.000000000Z,renewal,,,,,,2025-06-05T16:04:00.000000000Z,,1749139440000000000,,run_dfea4b7ac1475668d5968c97
BTCUSDT,permanent,False,1748534640000000000,2025-05-29T16:04:00.000000000Z,transition,renewal_rebalance,HOLDING,REBALANCING,,BTCUSDT-1732204860001000000,,,,,run_dfea4b7ac1475668d5968c97
BTCUSDT,permanent,False,1748534760000000000,2025-05-29T16:06:00.000000000Z,transition,rebalance_complete,REBALANCING,HOLDING,,BTCUSDT-1732204860001000000,,,,,run_dfea4b7ac1475668d5968c97
ETHUSDT,permanent,False,1749052980000000000,2025-06-04T16:03:00.000000000Z,renewal,,,,,,2025-06-11T16:03:00.000000000Z,,1749657780000000000,,run_dfea4b7ac1475668d5968c97
BTCUSDT,permanent,False,1749139440000000000,2025-06-05T16:04:00.000000000Z,renewal,,,,,,2025-06-12T16:04:00.000000000Z,,1749744240000000000,,run_dfea4b7ac1475668d5968c97
BTCUSDT,permanent,False,1749139440000000000,2025-06-05T16:04:00.000000000Z,transition,renewal_rebalance,HOLDING,REBALANCING,,BTCUSDT-1732204860001000000,,,,,run_dfea4b7ac1475668d5968c97
BTCUSDT,permanent,False,1749139560000000000,2025-06-05T16:06:00.000000000Z,transition,rebalance_complete,REBALANCING,HOLDING,,BTCUSDT-1732204860001000000,,,,,run_dfea4b7ac1475668d5968c97
ETHUSDT,permanent,False,1749657780000000000,2025-06-11T16:03:00.000000000Z,renewal,,,,,,2025-06-18T16:03:00.000000000Z,,1750262580000000000,,run_dfea4b7ac1475668d5968c97
ETHUSDT,permanent,False,1749657780000000000,2025-06-11T16:03:00.000000000Z,transition,renewal_rebalance,HOLDING,REBALANCING,,ETHUSDT-1731513660000000000,,,,,run_dfea4b7ac1475668d5968c97
ETHUSDT,permanent,False,1749657900000000000,2025-06-11T16:05:00.000000000Z,transition,rebalance_complete,REBALANCING,HOLDING,,ETHUSDT-1731513660000000000,,,,,run_dfea4b7ac1475668d5968c97
BTCUSDT,permanent,False,1749744240000000000,2025-06-12T16:04:00.000000000Z,renewal,,,,,,2025-06-19T16:04:00.000000000Z,,1750349040000000000,,run_dfea4b7ac1475668d5968c97
ETHUSDT,permanent,False,1750262580000000000,2025-06-18T16:03:00.000000000Z,renewal,,,,,,2025-06-25T16:03:00.000000000Z,,1750867380000000000,,run_dfea4b7ac1475668d5968c97
ETHUSDT,permanent,False,1750262580000000000,2025-06-18T16:03:00.000000000Z,transition,renewal_rebalance,HOLDING,REBALANCING,,ETHUSDT-1731513660000000000,,,,,run_dfea4b7ac1475668d5968c97
ETHUSDT,permanent,False,1750262700000000000,2025-06-18T16:05:00.000000000Z,transition,rebalance_complete,REBALANCING,HOLDING,,ETHUSDT-1731513660000000000,,,,,run_dfea4b7ac1475668d5968c97
BTCUSDT,permanent,False,1750349040000000000,2025-06-19T16:04:00.000000000Z,renewal,,,,,,2025-06-26T16:04:00.000000000Z,,1750953840000000000,,run_dfea4b7ac1475668d5968c97
ETHUSDT,permanent,False,1750867380000000000,2025-06-25T16:03:00.000000000Z,renewal,,,,,,2025-07-02T16:03:00.000000000Z,,1751472180000000000,,run_dfea4b7ac1475668d5968c97
BTCUSDT,permanent,False,1750953840000000000,2025-06-26T16:04:00.000000000Z,renewal,,,,,,2025-07-03T16:04:00.000000000Z,,1751558640000000000,,run_dfea4b7ac1475668d5968c97
ETHUSDT,permanent,False,1751472180000000000,2025-07-02T16:03:00.000000000Z,renewal,,,,,,2025-07-09T16:03:00.000000000Z,,1752076980000000000,,run_dfea4b7ac1475668d5968c97
BTCUSDT,permanent,False,1751558640000000000,2025-07-03T16:04:00.000000000Z,renewal,,,,,,2025-07-10T16:04:00.000000000Z,,1752163440000000000,,run_dfea4b7ac1475668d5968c97
ETHUSDT,permanent,False,1752076980000000000,2025-07-09T16:03:00.000000000Z,renewal,,,,,,2025-07-16T16:03:00.000000000Z,,1752681780000000000,,run_dfea4b7ac1475668d5968c97
ETHUSDT,permanent,False,1752076980000000000,2025-07-09T16:03:00.000000000Z,transition,renewal_rebalance,HOLDING,REBALANCING,,ETHUSDT-1731513660000000000,,,,,run_dfea4b7ac1475668d5968c97
ETHUSDT,permanent,False,1752077100000000000,2025-07-09T16:05:00.000000000Z,transition,rebalance_complete,REBALANCING,HOLDING,,ETHUSDT-1731513660000000000,,,,,run_dfea4b7ac1475668d5968c97
BTCUSDT,permanent,False,1752163440000000000,2025-07-10T16:04:00.000000000Z,renewal,,,,,,2025-07-17T16:04:00.000000000Z,,1752768240000000000,,run_dfea4b7ac1475668d5968c97
ETHUSDT,permanent,False,1752681780000000000,2025-07-16T16:03:00.000000000Z,renewal,,,,,,2025-07-23T16:03:00.000000000Z,,1753286580000000000,,run_dfea4b7ac1475668d5968c97
ETHUSDT,permanent,False,1752681780000000000,2025-07-16T16:03:00.000000000Z,transition,renewal_rebalance,HOLDING,REBALANCING,,ETHUSDT-1731513660000000000,,,,,run_dfea4b7ac1475668d5968c97
ETHUSDT,permanent,False,1752681900000000000,2025-07-16T16:05:00.000000000Z,transition,rebalance_complete,REBALANCING,HOLDING,,ETHUSDT-1731513660000000000,,,,,run_dfea4b7ac1475668d5968c97
BTCUSDT,permanent,False,1752768240000000000,2025-07-17T16:04:00.000000000Z,renewal,,,,,,2025-07-24T16:04:00.000000000Z,,1753373040000000000,,run_dfea4b7ac1475668d5968c97
BTCUSDT,permanent,False,1752768240000000000,2025-07-17T16:04:00.000000000Z,transition,renewal_rebalance,HOLDING,REBALANCING,,BTCUSDT-1732204860001000000,,,,,run_dfea4b7ac1475668d5968c97
BTCUSDT,permanent,False,1752768360000000000,2025-07-17T16:06:00.000000000Z,transition,rebalance_complete,REBALANCING,HOLDING,,BTCUSDT-1732204860001000000,,,,,run_dfea4b7ac1475668d5968c97
ETHUSDT,permanent,False,1753286580000000000,2025-07-23T16:03:00.000000000Z,renewal,,,,,,2025-07-30T16:03:00.000000000Z,,1753891380000000000,,run_dfea4b7ac1475668d5968c97
ETHUSDT,permanent,False,1753286580000000000,2025-07-23T16:03:00.000000000Z,transition,renewal_rebalance,HOLDING,REBALANCING,,ETHUSDT-1731513660000000000,,,,,run_dfea4b7ac1475668d5968c97
ETHUSDT,permanent,False,1753286700000000000,2025-07-23T16:05:00.000000000Z,transition,rebalance_complete,REBALANCING,HOLDING,,ETHUSDT-1731513660000000000,,,,,run_dfea4b7ac1475668d5968c97
BTCUSDT,permanent,False,1753373040000000000,2025-07-24T16:04:00.000000000Z,renewal,,,,,,2025-07-31T16:04:00.000000000Z,,1753977840000000000,,run_dfea4b7ac1475668d5968c97
ETHUSDT,permanent,False,1753891380000000000,2025-07-30T16:03:00.000000000Z,renewal,,,,,,2025-08-06T16:03:00.000000000Z,,1754496180000000000,,run_dfea4b7ac1475668d5968c97
BTCUSDT,permanent,False,1753977840000000000,2025-07-31T16:04:00.000000000Z,renewal,,,,,,2025-08-07T16:04:00.000000000Z,,1754582640000000000,,run_dfea4b7ac1475668d5968c97
ETHUSDT,permanent,False,1754496180000000000,2025-08-06T16:03:00.000000000Z,renewal,,,,,,2025-08-13T16:03:00.000000000Z,,1755100980000000000,,run_dfea4b7ac1475668d5968c97
BTCUSDT,permanent,False,1754582640000000000,2025-08-07T16:04:00.000000000Z,renewal,,,,,,2025-08-14T16:04:00.000000000Z,,1755187440000000000,,run_dfea4b7ac1475668d5968c97
BTCUSDT,permanent,False,1754582640000000000,2025-08-07T16:04:00.000000000Z,transition,renewal_rebalance,HOLDING,REBALANCING,,BTCUSDT-1732204860001000000,,,,,run_dfea4b7ac1475668d5968c97
BTCUSDT,permanent,False,1754582760000000000,2025-08-07T16:06:00.000000000Z,transition,rebalance_complete,REBALANCING,HOLDING,,BTCUSDT-1732204860001000000,,,,,run_dfea4b7ac1475668d5968c97
ETHUSDT,permanent,False,1754674740000000000,2025-08-08T17:39:00.000000000Z,close_requested,margin,,,,,,False,,,run_dfea4b7ac1475668d5968c97
ETHUSDT,permanent,False,1754674740000000000,2025-08-08T17:39:00.000000000Z,transition,margin,HOLDING,CLOSING_PERP,,ETHUSDT-1731513660000000000,,,,,run_dfea4b7ac1475668d5968c97
ETHUSDT,permanent,False,1754674800000000000,2025-08-08T17:40:00.000000000Z,transition,perpetual_closed_waiting_spot,CLOSING_PERP,CLOSING_SPOT,,ETHUSDT-1731513660000000000,,,,,run_dfea4b7ac1475668d5968c97
ETHUSDT,permanent,False,1754674860000000000,2025-08-08T17:41:00.000000000Z,transition,unwind_complete,CLOSING_SPOT,COOLDOWN,,ETHUSDT-1731513660000000000,,,,,run_dfea4b7ac1475668d5968c97
ETHUSDT,permanent,False,1754784060003000000,2025-08-10T00:01:00.003000000Z,transition,cooldown_elapsed,COOLDOWN,FLAT,,ETHUSDT-1731513660000000000,,,,,run_dfea4b7ac1475668d5968c97
ETHUSDT,permanent,False,1755100860006000000,2025-08-13T16:01:00.006000000Z,transition,entry,FLAT,OPENING_SPOT,permanent-00000704,ETHUSDT-1755100860006000000,,,,,run_dfea4b7ac1475668d5968c97
ETHUSDT,permanent,False,1755100980000000000,2025-08-13T16:03:00.000000000Z,transition,spot_filled_waiting_hedge,OPENING_SPOT,OPENING_PERP,,ETHUSDT-1755100860006000000,,,,,run_dfea4b7ac1475668d5968c97
ETHUSDT,permanent,False,1755101040000000000,2025-08-13T16:04:00.000000000Z,transition,opening_complete,OPENING_PERP,HOLDING,,ETHUSDT-1755100860006000000,,,,,run_dfea4b7ac1475668d5968c97
BTCUSDT,permanent,False,1755187440000000000,2025-08-14T16:04:00.000000000Z,renewal,,,,,,2025-08-21T16:04:00.000000000Z,,1755792240000000000,,run_dfea4b7ac1475668d5968c97
ETHUSDT,permanent,False,1755705840000000000,2025-08-20T16:04:00.000000000Z,renewal,,,,,,2025-08-27T16:04:00.000000000Z,,1756310640000000000,,run_dfea4b7ac1475668d5968c97
ETHUSDT,permanent,False,1755705840000000000,2025-08-20T16:04:00.000000000Z,transition,renewal_rebalance,HOLDING,REBALANCING,,ETHUSDT-1755100860006000000,,,,,run_dfea4b7ac1475668d5968c97
ETHUSDT,permanent,False,1755705960000000000,2025-08-20T16:06:00.000000000Z,transition,rebalance_complete,REBALANCING,HOLDING,,ETHUSDT-1755100860006000000,,,,,run_dfea4b7ac1475668d5968c97
BTCUSDT,permanent,False,1755792240000000000,2025-08-21T16:04:00.000000000Z,renewal,,,,,,2025-08-28T16:04:00.000000000Z,,1756397040000000000,,run_dfea4b7ac1475668d5968c97
BTCUSDT,permanent,False,1755792240000000000,2025-08-21T16:04:00.000000000Z,transition,renewal_rebalance,HOLDING,REBALANCING,,BTCUSDT-1732204860001000000,,,,,run_dfea4b7ac1475668d5968c97
BTCUSDT,permanent,False,1755792360000000000,2025-08-21T16:06:00.000000000Z,transition,rebalance_complete,REBALANCING,HOLDING,,BTCUSDT-1732204860001000000,,,,,run_dfea4b7ac1475668d5968c97
ETHUSDT,permanent,False,1756310640000000000,2025-08-27T16:04:00.000000000Z,renewal,,,,,,2025-09-03T16:04:00.000000000Z,,1756915440000000000,,run_dfea4b7ac1475668d5968c97
ETHUSDT,permanent,False,1756310640000000000,2025-08-27T16:04:00.000000000Z,transition,renewal_rebalance,HOLDING,REBALANCING,,ETHUSDT-1755100860006000000,,,,,run_dfea4b7ac1475668d5968c97
ETHUSDT,permanent,False,1756310760000000000,2025-08-27T16:06:00.000000000Z,transition,rebalance_complete,REBALANCING,HOLDING,,ETHUSDT-1755100860006000000,,,,,run_dfea4b7ac1475668d5968c97
BTCUSDT,permanent,False,1756397040000000000,2025-08-28T16:04:00.000000000Z,renewal,,,,,,2025-09-04T16:04:00.000000000Z,,1757001840000000000,,run_dfea4b7ac1475668d5968c97
ETHUSDT,permanent,False,1756915440000000000,2025-09-03T16:04:00.000000000Z,renewal,,,,,,2025-09-10T16:04:00.000000000Z,,1757520240000000000,,run_dfea4b7ac1475668d5968c97
BTCUSDT,permanent,False,1757001840000000000,2025-09-04T16:04:00.000000000Z,renewal,,,,,,2025-09-11T16:04:00.000000000Z,,1757606640000000000,,run_dfea4b7ac1475668d5968c97
ETHUSDT,permanent,False,1757520240000000000,2025-09-10T16:04:00.000000000Z,renewal,,,,,,2025-09-17T16:04:00.000000000Z,,1758125040000000000,,run_dfea4b7ac1475668d5968c97
ETHUSDT,permanent,False,1757520240000000000,2025-09-10T16:04:00.000000000Z,transition,renewal_rebalance,HOLDING,REBALANCING,,ETHUSDT-1755100860006000000,,,,,run_dfea4b7ac1475668d5968c97
ETHUSDT,permanent,False,1757520360000000000,2025-09-10T16:06:00.000000000Z,transition,rebalance_complete,REBALANCING,HOLDING,,ETHUSDT-1755100860006000000,,,,,run_dfea4b7ac1475668d5968c97
BTCUSDT,permanent,False,1757606640000000000,2025-09-11T16:04:00.000000000Z,renewal,,,,,,2025-09-18T16:04:00.000000000Z,,1758211440000000000,,run_dfea4b7ac1475668d5968c97
ETHUSDT,permanent,False,1758125040000000000,2025-09-17T16:04:00.000000000Z,renewal,,,,,,2025-09-24T16:04:00.000000000Z,,1758729840000000000,,run_dfea4b7ac1475668d5968c97
BTCUSDT,permanent,False,1758211440000000000,2025-09-18T16:04:00.000000000Z,renewal,,,,,,2025-09-25T16:04:00.000000000Z,,1758816240000000000,,run_dfea4b7ac1475668d5968c97
ETHUSDT,permanent,False,1758729840000000000,2025-09-24T16:04:00.000000000Z,renewal,,,,,,2025-10-01T16:04:00.000000000Z,,1759334640000000000,,run_dfea4b7ac1475668d5968c97
ETHUSDT,permanent,False,1758729840000000000,2025-09-24T16:04:00.000000000Z,transition,renewal_rebalance,HOLDING,REBALANCING,,ETHUSDT-1755100860006000000,,,,,run_dfea4b7ac1475668d5968c97
ETHUSDT,permanent,False,1758729960000000000,2025-09-24T16:06:00.000000000Z,transition,rebalance_complete,REBALANCING,HOLDING,,ETHUSDT-1755100860006000000,,,,,run_dfea4b7ac1475668d5968c97
BTCUSDT,permanent,False,1758816240000000000,2025-09-25T16:04:00.000000000Z,renewal,,,,,,2025-10-02T16:04:00.000000000Z,,1759421040000000000,,run_dfea4b7ac1475668d5968c97
ETHUSDT,permanent,False,1759334640000000000,2025-10-01T16:04:00.000000000Z,renewal,,,,,,2025-10-08T16:04:00.000000000Z,,1759939440000000000,,run_dfea4b7ac1475668d5968c97
BTCUSDT,permanent,False,1759421040000000000,2025-10-02T16:04:00.000000000Z,renewal,,,,,,2025-10-09T16:04:00.000000000Z,,1760025840000000000,,run_dfea4b7ac1475668d5968c97
ETHUSDT,permanent,False,1759939440000000000,2025-10-08T16:04:00.000000000Z,renewal,,,,,,2025-10-15T16:04:00.000000000Z,,1760544240000000000,,run_dfea4b7ac1475668d5968c97
ETHUSDT,permanent,False,1759939440000000000,2025-10-08T16:04:00.000000000Z,transition,renewal_rebalance,HOLDING,REBALANCING,,ETHUSDT-1755100860006000000,,,,,run_dfea4b7ac1475668d5968c97
ETHUSDT,permanent,False,1759939560000000000,2025-10-08T16:06:00.000000000Z,transition,rebalance_complete,REBALANCING,HOLDING,,ETHUSDT-1755100860006000000,,,,,run_dfea4b7ac1475668d5968c97
BTCUSDT,permanent,False,1760025840000000000,2025-10-09T16:04:00.000000000Z,renewal,,,,,,2025-10-16T16:04:00.000000000Z,,1760630640000000000,,run_dfea4b7ac1475668d5968c97
BTCUSDT,permanent,False,1760025840000000000,2025-10-09T16:04:00.000000000Z,transition,renewal_rebalance,HOLDING,REBALANCING,,BTCUSDT-1732204860001000000,,,,,run_dfea4b7ac1475668d5968c97
BTCUSDT,permanent,False,1760025960000000000,2025-10-09T16:06:00.000000000Z,transition,rebalance_complete,REBALANCING,HOLDING,,BTCUSDT-1732204860001000000,,,,,run_dfea4b7ac1475668d5968c97
ETHUSDT,permanent,False,1760544240000000000,2025-10-15T16:04:00.000000000Z,renewal,,,,,,2025-10-22T16:04:00.000000000Z,,1761149040000000000,,run_dfea4b7ac1475668d5968c97
ETHUSDT,permanent,False,1760544240000000000,2025-10-15T16:04:00.000000000Z,transition,renewal_rebalance,HOLDING,REBALANCING,,ETHUSDT-1755100860006000000,,,,,run_dfea4b7ac1475668d5968c97
ETHUSDT,permanent,False,1760544360000000000,2025-10-15T16:06:00.000000000Z,transition,rebalance_complete,REBALANCING,HOLDING,,ETHUSDT-1755100860006000000,,,,,run_dfea4b7ac1475668d5968c97
BTCUSDT,permanent,False,1760630640000000000,2025-10-16T16:04:00.000000000Z,renewal,,,,,,2025-10-23T16:04:00.000000000Z,,1761235440000000000,,run_dfea4b7ac1475668d5968c97
BTCUSDT,permanent,False,1760630640000000000,2025-10-16T16:04:00.000000000Z,transition,renewal_rebalance,HOLDING,REBALANCING,,BTCUSDT-1732204860001000000,,,,,run_dfea4b7ac1475668d5968c97
BTCUSDT,permanent,False,1760630760000000000,2025-10-16T16:06:00.000000000Z,transition,rebalance_complete,REBALANCING,HOLDING,,BTCUSDT-1732204860001000000,,,,,run_dfea4b7ac1475668d5968c97
ETHUSDT,permanent,False,1761149040000000000,2025-10-22T16:04:00.000000000Z,renewal,,,,,,2025-10-29T16:04:00.000000000Z,,1761753840000000000,,run_dfea4b7ac1475668d5968c97
BTCUSDT,permanent,False,1761235440000000000,2025-10-23T16:04:00.000000000Z,renewal,,,,,,2025-10-30T16:04:00.000000000Z,,1761840240000000000,,run_dfea4b7ac1475668d5968c97
ETHUSDT,permanent,False,1761753840000000000,2025-10-29T16:04:00.000000000Z,renewal,,,,,,2025-11-05T16:04:00.000000000Z,,1762358640000000000,,run_dfea4b7ac1475668d5968c97
BTCUSDT,permanent,False,1761840240000000000,2025-10-30T16:04:00.000000000Z,renewal,,,,,,2025-11-06T16:04:00.000000000Z,,1762445040000000000,,run_dfea4b7ac1475668d5968c97
ETHUSDT,permanent,False,1762358640000000000,2025-11-05T16:04:00.000000000Z,renewal,,,,,,2025-11-12T16:04:00.000000000Z,,1762963440000000000,,run_dfea4b7ac1475668d5968c97
ETHUSDT,permanent,False,1762358640000000000,2025-11-05T16:04:00.000000000Z,transition,renewal_rebalance,HOLDING,REBALANCING,,ETHUSDT-1755100860006000000,,,,,run_dfea4b7ac1475668d5968c97
ETHUSDT,permanent,False,1762358760000000000,2025-11-05T16:06:00.000000000Z,transition,rebalance_complete,REBALANCING,HOLDING,,ETHUSDT-1755100860006000000,,,,,run_dfea4b7ac1475668d5968c97
BTCUSDT,permanent,False,1762445040000000000,2025-11-06T16:04:00.000000000Z,renewal,,,,,,2025-11-13T16:04:00.000000000Z,,1763049840000000000,,run_dfea4b7ac1475668d5968c97
BTCUSDT,permanent,False,1762445040000000000,2025-11-06T16:04:00.000000000Z,transition,renewal_rebalance,HOLDING,REBALANCING,,BTCUSDT-1732204860001000000,,,,,run_dfea4b7ac1475668d5968c97
BTCUSDT,permanent,False,1762445160000000000,2025-11-06T16:06:00.000000000Z,transition,rebalance_complete,REBALANCING,HOLDING,,BTCUSDT-1732204860001000000,,,,,run_dfea4b7ac1475668d5968c97
ETHUSDT,permanent,False,1762963440000000000,2025-11-12T16:04:00.000000000Z,renewal,,,,,,2025-11-19T16:04:00.000000000Z,,1763568240000000000,,run_dfea4b7ac1475668d5968c97
BTCUSDT,permanent,False,1763049840000000000,2025-11-13T16:04:00.000000000Z,renewal,,,,,,2025-11-20T16:04:00.000000000Z,,1763654640000000000,,run_dfea4b7ac1475668d5968c97
BTCUSDT,permanent,False,1763049840000000000,2025-11-13T16:04:00.000000000Z,rebalance_skipped,joint_sizing:insufficient_cash,,,,,,,,,run_dfea4b7ac1475668d5968c97
ETHUSDT,permanent,False,1763568240000000000,2025-11-19T16:04:00.000000000Z,renewal,,,,,,2025-11-26T16:04:00.000000000Z,,1764173040000000000,,run_dfea4b7ac1475668d5968c97
ETHUSDT,permanent,False,1763568240000000000,2025-11-19T16:04:00.000000000Z,transition,renewal_rebalance,HOLDING,REBALANCING,,ETHUSDT-1755100860006000000,,,,,run_dfea4b7ac1475668d5968c97
ETHUSDT,permanent,False,1763568360000000000,2025-11-19T16:06:00.000000000Z,transition,rebalance_complete,REBALANCING,HOLDING,,ETHUSDT-1755100860006000000,,,,,run_dfea4b7ac1475668d5968c97
BTCUSDT,permanent,False,1763654640000000000,2025-11-20T16:04:00.000000000Z,renewal,,,,,,2025-11-27T16:04:00.000000000Z,,1764259440000000000,,run_dfea4b7ac1475668d5968c97
BTCUSDT,permanent,False,1763654640000000000,2025-11-20T16:04:00.000000000Z,rebalance_skipped,joint_sizing:insufficient_cash,,,,,,,,,run_dfea4b7ac1475668d5968c97
ETHUSDT,permanent,False,1764173040000000000,2025-11-26T16:04:00.000000000Z,renewal,,,,,,2025-12-03T16:04:00.000000000Z,,1764777840000000000,,run_dfea4b7ac1475668d5968c97
ETHUSDT,permanent,False,1764173040000000000,2025-11-26T16:04:00.000000000Z,rebalance_skipped,joint_sizing:insufficient_cash,,,,,,,,,run_dfea4b7ac1475668d5968c97
BTCUSDT,permanent,False,1764259440000000000,2025-11-27T16:04:00.000000000Z,renewal,,,,,,2025-12-04T16:04:00.000000000Z,,1764864240000000000,,run_dfea4b7ac1475668d5968c97
BTCUSDT,permanent,False,1764259440000000000,2025-11-27T16:04:00.000000000Z,rebalance_skipped,joint_sizing:insufficient_cash,,,,,,,,,run_dfea4b7ac1475668d5968c97
ETHUSDT,permanent,False,1764777840000000000,2025-12-03T16:04:00.000000000Z,renewal,,,,,,2025-12-10T16:04:00.000000000Z,,1765382640000000000,,run_dfea4b7ac1475668d5968c97
ETHUSDT,permanent,False,1764777840000000000,2025-12-03T16:04:00.000000000Z,rebalance_skipped,joint_sizing:insufficient_cash,,,,,,,,,run_dfea4b7ac1475668d5968c97
BTCUSDT,permanent,False,1764864240000000000,2025-12-04T16:04:00.000000000Z,renewal,,,,,,2025-12-11T16:04:00.000000000Z,,1765469040000000000,,run_dfea4b7ac1475668d5968c97
BTCUSDT,permanent,False,1764864240000000000,2025-12-04T16:04:00.000000000Z,rebalance_skipped,joint_sizing:insufficient_cash,,,,,,,,,run_dfea4b7ac1475668d5968c97
ETHUSDT,permanent,False,1765382640000000000,2025-12-10T16:04:00.000000000Z,renewal,,,,,,2025-12-17T16:04:00.000000000Z,,1765987440000000000,,run_dfea4b7ac1475668d5968c97
BTCUSDT,permanent,False,1765469040000000000,2025-12-11T16:04:00.000000000Z,renewal,,,,,,2025-12-18T16:04:00.000000000Z,,1766073840000000000,,run_dfea4b7ac1475668d5968c97
BTCUSDT,permanent,False,1765469040000000000,2025-12-11T16:04:00.000000000Z,rebalance_skipped,joint_sizing:insufficient_cash,,,,,,,,,run_dfea4b7ac1475668d5968c97
ETHUSDT,permanent,False,1765987440000000000,2025-12-17T16:04:00.000000000Z,renewal,,,,,,2025-12-24T16:04:00.000000000Z,,1766592240000000000,,run_dfea4b7ac1475668d5968c97
ETHUSDT,permanent,False,1765987440000000000,2025-12-17T16:04:00.000000000Z,rebalance_skipped,joint_sizing:insufficient_cash,,,,,,,,,run_dfea4b7ac1475668d5968c97
BTCUSDT,permanent,False,1766073840000000000,2025-12-18T16:04:00.000000000Z,renewal,,,,,,2025-12-25T16:04:00.000000000Z,,1766678640000000000,,run_dfea4b7ac1475668d5968c97
BTCUSDT,permanent,False,1766073840000000000,2025-12-18T16:04:00.000000000Z,rebalance_skipped,joint_sizing:insufficient_cash,,,,,,,,,run_dfea4b7ac1475668d5968c97
ETHUSDT,permanent,False,1766592240000000000,2025-12-24T16:04:00.000000000Z,renewal,,,,,,2025-12-31T16:04:00.000000000Z,,1767197040000000000,,run_dfea4b7ac1475668d5968c97
ETHUSDT,permanent,False,1766592240000000000,2025-12-24T16:04:00.000000000Z,rebalance_skipped,joint_sizing:insufficient_cash,,,,,,,,,run_dfea4b7ac1475668d5968c97
BTCUSDT,permanent,False,1766678640000000000,2025-12-25T16:04:00.000000000Z,renewal,,,,,,2026-01-01T16:04:00.000000000Z,,1767283440000000000,,run_dfea4b7ac1475668d5968c97
BTCUSDT,permanent,False,1766678640000000000,2025-12-25T16:04:00.000000000Z,rebalance_skipped,joint_sizing:insufficient_cash,,,,,,,,,run_dfea4b7ac1475668d5968c97
ETHUSDT,permanent,False,1767197040000000000,2025-12-31T16:04:00.000000000Z,renewal,,,,,,2026-01-07T16:04:00.000000000Z,,1767801840000000000,,run_dfea4b7ac1475668d5968c97
ETHUSDT,permanent,False,1767197040000000000,2025-12-31T16:04:00.000000000Z,transition,renewal_rebalance,HOLDING,REBALANCING,,ETHUSDT-1755100860006000000,,,,,run_dfea4b7ac1475668d5968c97
ETHUSDT,permanent,False,1767197160000000000,2025-12-31T16:06:00.000000000Z,transition,rebalance_complete,REBALANCING,HOLDING,,ETHUSDT-1755100860006000000,,,,,run_dfea4b7ac1475668d5968c97
BTCUSDT,permanent,False,1767283440000000000,2026-01-01T16:04:00.000000000Z,renewal,,,,,,2026-01-08T16:04:00.000000000Z,,1767888240000000000,,run_dfea4b7ac1475668d5968c97
BTCUSDT,permanent,False,1767283440000000000,2026-01-01T16:04:00.000000000Z,rebalance_skipped,joint_sizing:insufficient_cash,,,,,,,,,run_dfea4b7ac1475668d5968c97
ETHUSDT,permanent,False,1767801840000000000,2026-01-07T16:04:00.000000000Z,renewal,,,,,,2026-01-14T16:04:00.000000000Z,,1768406640000000000,,run_dfea4b7ac1475668d5968c97
BTCUSDT,permanent,False,1767888240000000000,2026-01-08T16:04:00.000000000Z,renewal,,,,,,2026-01-15T16:04:00.000000000Z,,1768493040000000000,,run_dfea4b7ac1475668d5968c97
BTCUSDT,permanent,False,1767888240000000000,2026-01-08T16:04:00.000000000Z,rebalance_skipped,joint_sizing:insufficient_cash,,,,,,,,,run_dfea4b7ac1475668d5968c97
ETHUSDT,permanent,False,1768406640000000000,2026-01-14T16:04:00.000000000Z,renewal,,,,,,2026-01-21T16:04:00.000000000Z,,1769011440000000000,,run_dfea4b7ac1475668d5968c97
BTCUSDT,permanent,False,1768493040000000000,2026-01-15T16:04:00.000000000Z,renewal,,,,,,2026-01-22T16:04:00.000000000Z,,1769097840000000000,,run_dfea4b7ac1475668d5968c97
BTCUSDT,permanent,False,1768493040000000000,2026-01-15T16:04:00.000000000Z,rebalance_skipped,joint_sizing:insufficient_cash,,,,,,,,,run_dfea4b7ac1475668d5968c97
ETHUSDT,permanent,False,1769011440000000000,2026-01-21T16:04:00.000000000Z,renewal,,,,,,2026-01-28T16:04:00.000000000Z,,1769616240000000000,,run_dfea4b7ac1475668d5968c97
ETHUSDT,permanent,False,1769011440000000000,2026-01-21T16:04:00.000000000Z,rebalance_skipped,joint_sizing:insufficient_cash,,,,,,,,,run_dfea4b7ac1475668d5968c97
BTCUSDT,permanent,False,1769097840000000000,2026-01-22T16:04:00.000000000Z,renewal,,,,,,2026-01-29T16:04:00.000000000Z,,1769702640000000000,,run_dfea4b7ac1475668d5968c97
BTCUSDT,permanent,False,1769097840000000000,2026-01-22T16:04:00.000000000Z,rebalance_skipped,joint_sizing:insufficient_cash,,,,,,,,,run_dfea4b7ac1475668d5968c97
ETHUSDT,permanent,False,1769616240000000000,2026-01-28T16:04:00.000000000Z,renewal,,,,,,2026-02-04T16:04:00.000000000Z,,1770221040000000000,,run_dfea4b7ac1475668d5968c97
ETHUSDT,permanent,False,1769616240000000000,2026-01-28T16:04:00.000000000Z,rebalance_skipped,joint_sizing:insufficient_cash,,,,,,,,,run_dfea4b7ac1475668d5968c97
BTCUSDT,permanent,False,1769702640000000000,2026-01-29T16:04:00.000000000Z,renewal,,,,,,2026-02-05T16:04:00.000000000Z,,1770307440000000000,,run_dfea4b7ac1475668d5968c97
BTCUSDT,permanent,False,1769702640000000000,2026-01-29T16:04:00.000000000Z,rebalance_skipped,joint_sizing:insufficient_cash,,,,,,,,,run_dfea4b7ac1475668d5968c97
ETHUSDT,permanent,False,1770221040000000000,2026-02-04T16:04:00.000000000Z,renewal,,,,,,2026-02-11T16:04:00.000000000Z,,1770825840000000000,,run_dfea4b7ac1475668d5968c97
ETHUSDT,permanent,False,1770221040000000000,2026-02-04T16:04:00.000000000Z,rebalance_skipped,joint_sizing:insufficient_cash,,,,,,,,,run_dfea4b7ac1475668d5968c97
BTCUSDT,permanent,False,1770307440000000000,2026-02-05T16:04:00.000000000Z,renewal,,,,,,2026-02-12T16:04:00.000000000Z,,1770912240000000000,,run_dfea4b7ac1475668d5968c97
BTCUSDT,permanent,False,1770307440000000000,2026-02-05T16:04:00.000000000Z,rebalance_skipped,joint_sizing:insufficient_cash,,,,,,,,,run_dfea4b7ac1475668d5968c97
ETHUSDT,permanent,False,1770825840000000000,2026-02-11T16:04:00.000000000Z,renewal,,,,,,2026-02-18T16:04:00.000000000Z,,1771430640000000000,,run_dfea4b7ac1475668d5968c97
ETHUSDT,permanent,False,1770825840000000000,2026-02-11T16:04:00.000000000Z,rebalance_skipped,joint_sizing:insufficient_cash,,,,,,,,,run_dfea4b7ac1475668d5968c97
BTCUSDT,permanent,False,1770912240000000000,2026-02-12T16:04:00.000000000Z,renewal,,,,,,2026-02-19T16:04:00.000000000Z,,1771517040000000000,,run_dfea4b7ac1475668d5968c97
BTCUSDT,permanent,False,1770912240000000000,2026-02-12T16:04:00.000000000Z,rebalance_skipped,joint_sizing:insufficient_cash,,,,,,,,,run_dfea4b7ac1475668d5968c97
ETHUSDT,permanent,False,1771430640000000000,2026-02-18T16:04:00.000000000Z,renewal,,,,,,2026-02-25T16:04:00.000000000Z,,1772035440000000000,,run_dfea4b7ac1475668d5968c97
ETHUSDT,permanent,False,1771430640000000000,2026-02-18T16:04:00.000000000Z,rebalance_skipped,joint_sizing:insufficient_cash,,,,,,,,,run_dfea4b7ac1475668d5968c97
BTCUSDT,permanent,False,1771517040000000000,2026-02-19T16:04:00.000000000Z,renewal,,,,,,2026-02-26T16:04:00.000000000Z,,1772121840000000000,,run_dfea4b7ac1475668d5968c97
BTCUSDT,permanent,False,1771517040000000000,2026-02-19T16:04:00.000000000Z,rebalance_skipped,joint_sizing:insufficient_cash,,,,,,,,,run_dfea4b7ac1475668d5968c97
ETHUSDT,permanent,False,1772035440000000000,2026-02-25T16:04:00.000000000Z,renewal,,,,,,2026-03-04T16:04:00.000000000Z,,1772640240000000000,,run_dfea4b7ac1475668d5968c97
ETHUSDT,permanent,False,1772035440000000000,2026-02-25T16:04:00.000000000Z,rebalance_skipped,joint_sizing:insufficient_cash,,,,,,,,,run_dfea4b7ac1475668d5968c97
BTCUSDT,permanent,False,1772121840000000000,2026-02-26T16:04:00.000000000Z,renewal,,,,,,2026-03-05T16:04:00.000000000Z,,1772726640000000000,,run_dfea4b7ac1475668d5968c97
BTCUSDT,permanent,False,1772121840000000000,2026-02-26T16:04:00.000000000Z,rebalance_skipped,joint_sizing:insufficient_cash,,,,,,,,,run_dfea4b7ac1475668d5968c97
ETHUSDT,permanent,False,1772640240000000000,2026-03-04T16:04:00.000000000Z,renewal,,,,,,2026-03-11T16:04:00.000000000Z,,1773245040000000000,,run_dfea4b7ac1475668d5968c97
ETHUSDT,permanent,False,1772640240000000000,2026-03-04T16:04:00.000000000Z,rebalance_skipped,joint_sizing:insufficient_cash,,,,,,,,,run_dfea4b7ac1475668d5968c97
BTCUSDT,permanent,False,1772726640000000000,2026-03-05T16:04:00.000000000Z,renewal,,,,,,2026-03-12T16:04:00.000000000Z,,1773331440000000000,,run_dfea4b7ac1475668d5968c97
BTCUSDT,permanent,False,1772726640000000000,2026-03-05T16:04:00.000000000Z,rebalance_skipped,joint_sizing:insufficient_cash,,,,,,,,,run_dfea4b7ac1475668d5968c97
ETHUSDT,permanent,False,1773245040000000000,2026-03-11T16:04:00.000000000Z,renewal,,,,,,2026-03-18T16:04:00.000000000Z,,1773849840000000000,,run_dfea4b7ac1475668d5968c97
ETHUSDT,permanent,False,1773245040000000000,2026-03-11T16:04:00.000000000Z,rebalance_skipped,joint_sizing:insufficient_cash,,,,,,,,,run_dfea4b7ac1475668d5968c97
BTCUSDT,permanent,False,1773331440000000000,2026-03-12T16:04:00.000000000Z,renewal,,,,,,2026-03-19T16:04:00.000000000Z,,1773936240000000000,,run_dfea4b7ac1475668d5968c97
BTCUSDT,permanent,False,1773331440000000000,2026-03-12T16:04:00.000000000Z,rebalance_skipped,joint_sizing:insufficient_cash,,,,,,,,,run_dfea4b7ac1475668d5968c97
ETHUSDT,permanent,False,1773849840000000000,2026-03-18T16:04:00.000000000Z,renewal,,,,,,2026-03-25T16:04:00.000000000Z,,1774454640000000000,,run_dfea4b7ac1475668d5968c97
ETHUSDT,permanent,False,1773849840000000000,2026-03-18T16:04:00.000000000Z,rebalance_skipped,joint_sizing:insufficient_cash,,,,,,,,,run_dfea4b7ac1475668d5968c97
BTCUSDT,permanent,False,1773936240000000000,2026-03-19T16:04:00.000000000Z,renewal,,,,,,2026-03-26T16:04:00.000000000Z,,1774541040000000000,,run_dfea4b7ac1475668d5968c97
BTCUSDT,permanent,False,1773936240000000000,2026-03-19T16:04:00.000000000Z,rebalance_skipped,joint_sizing:insufficient_cash,,,,,,,,,run_dfea4b7ac1475668d5968c97
ETHUSDT,permanent,False,1774454640000000000,2026-03-25T16:04:00.000000000Z,renewal,,,,,,2026-04-01T16:04:00.000000000Z,,1775059440000000000,,run_dfea4b7ac1475668d5968c97
ETHUSDT,permanent,False,1774454640000000000,2026-03-25T16:04:00.000000000Z,rebalance_skipped,joint_sizing:insufficient_cash,,,,,,,,,run_dfea4b7ac1475668d5968c97
BTCUSDT,permanent,False,1774541040000000000,2026-03-26T16:04:00.000000000Z,renewal,,,,,,2026-04-02T16:04:00.000000000Z,,1775145840000000000,,run_dfea4b7ac1475668d5968c97
BTCUSDT,permanent,False,1774541040000000000,2026-03-26T16:04:00.000000000Z,rebalance_skipped,joint_sizing:insufficient_cash,,,,,,,,,run_dfea4b7ac1475668d5968c97
ETHUSDT,permanent,False,1775059440000000000,2026-04-01T16:04:00.000000000Z,renewal,,,,,,2026-04-08T16:04:00.000000000Z,,1775664240000000000,,run_dfea4b7ac1475668d5968c97
ETHUSDT,permanent,False,1775059440000000000,2026-04-01T16:04:00.000000000Z,rebalance_skipped,joint_sizing:insufficient_cash,,,,,,,,,run_dfea4b7ac1475668d5968c97
BTCUSDT,permanent,False,1775145840000000000,2026-04-02T16:04:00.000000000Z,renewal,,,,,,2026-04-09T16:04:00.000000000Z,,1775750640000000000,,run_dfea4b7ac1475668d5968c97
BTCUSDT,permanent,False,1775145840000000000,2026-04-02T16:04:00.000000000Z,rebalance_skipped,joint_sizing:insufficient_cash,,,,,,,,,run_dfea4b7ac1475668d5968c97
ETHUSDT,permanent,False,1775664240000000000,2026-04-08T16:04:00.000000000Z,renewal,,,,,,2026-04-15T16:04:00.000000000Z,,1776269040000000000,,run_dfea4b7ac1475668d5968c97
ETHUSDT,permanent,False,1775664240000000000,2026-04-08T16:04:00.000000000Z,rebalance_skipped,joint_sizing:insufficient_cash,,,,,,,,,run_dfea4b7ac1475668d5968c97
BTCUSDT,permanent,False,1775750640000000000,2026-04-09T16:04:00.000000000Z,renewal,,,,,,2026-04-16T16:04:00.000000000Z,,1776355440000000000,,run_dfea4b7ac1475668d5968c97
BTCUSDT,permanent,False,1775750640000000000,2026-04-09T16:04:00.000000000Z,rebalance_skipped,joint_sizing:insufficient_cash,,,,,,,,,run_dfea4b7ac1475668d5968c97
ETHUSDT,permanent,False,1776269040000000000,2026-04-15T16:04:00.000000000Z,renewal,,,,,,2026-04-22T16:04:00.000000000Z,,1776873840000000000,,run_dfea4b7ac1475668d5968c97
ETHUSDT,permanent,False,1776269040000000000,2026-04-15T16:04:00.000000000Z,rebalance_skipped,joint_sizing:insufficient_cash,,,,,,,,,run_dfea4b7ac1475668d5968c97
BTCUSDT,permanent,False,1776355440000000000,2026-04-16T16:04:00.000000000Z,renewal,,,,,,2026-04-23T16:04:00.000000000Z,,1776960240000000000,,run_dfea4b7ac1475668d5968c97
BTCUSDT,permanent,False,1776355440000000000,2026-04-16T16:04:00.000000000Z,rebalance_skipped,joint_sizing:insufficient_cash,,,,,,,,,run_dfea4b7ac1475668d5968c97
ETHUSDT,permanent,False,1776873840000000000,2026-04-22T16:04:00.000000000Z,renewal,,,,,,2026-04-29T16:04:00.000000000Z,,1777478640000000000,,run_dfea4b7ac1475668d5968c97
ETHUSDT,permanent,False,1776873840000000000,2026-04-22T16:04:00.000000000Z,rebalance_skipped,joint_sizing:insufficient_cash,,,,,,,,,run_dfea4b7ac1475668d5968c97
BTCUSDT,permanent,False,1776960240000000000,2026-04-23T16:04:00.000000000Z,renewal,,,,,,2026-04-30T16:04:00.000000000Z,,1777565040000000000,,run_dfea4b7ac1475668d5968c97
BTCUSDT,permanent,False,1776960240000000000,2026-04-23T16:04:00.000000000Z,rebalance_skipped,joint_sizing:insufficient_cash,,,,,,,,,run_dfea4b7ac1475668d5968c97
ETHUSDT,permanent,False,1777478640000000000,2026-04-29T16:04:00.000000000Z,renewal,,,,,,2026-05-06T16:04:00.000000000Z,,1778083440000000000,,run_dfea4b7ac1475668d5968c97
ETHUSDT,permanent,False,1777478640000000000,2026-04-29T16:04:00.000000000Z,rebalance_skipped,joint_sizing:insufficient_cash,,,,,,,,,run_dfea4b7ac1475668d5968c97
BTCUSDT,permanent,False,1777565040000000000,2026-04-30T16:04:00.000000000Z,renewal,,,,,,2026-05-07T16:04:00.000000000Z,,1778169840000000000,,run_dfea4b7ac1475668d5968c97
BTCUSDT,permanent,False,1777565040000000000,2026-04-30T16:04:00.000000000Z,rebalance_skipped,joint_sizing:insufficient_cash,,,,,,,,,run_dfea4b7ac1475668d5968c97
ETHUSDT,permanent,False,1778083440000000000,2026-05-06T16:04:00.000000000Z,renewal,,,,,,2026-05-13T16:04:00.000000000Z,,1778688240000000000,,run_dfea4b7ac1475668d5968c97
ETHUSDT,permanent,False,1778083440000000000,2026-05-06T16:04:00.000000000Z,rebalance_skipped,joint_sizing:insufficient_cash,,,,,,,,,run_dfea4b7ac1475668d5968c97
BTCUSDT,permanent,False,1778169840000000000,2026-05-07T16:04:00.000000000Z,renewal,,,,,,2026-05-14T16:04:00.000000000Z,,1778774640000000000,,run_dfea4b7ac1475668d5968c97
BTCUSDT,permanent,False,1778169840000000000,2026-05-07T16:04:00.000000000Z,rebalance_skipped,joint_sizing:insufficient_cash,,,,,,,,,run_dfea4b7ac1475668d5968c97
ETHUSDT,permanent,False,1778688240000000000,2026-05-13T16:04:00.000000000Z,renewal,,,,,,2026-05-20T16:04:00.000000000Z,,1779293040000000000,,run_dfea4b7ac1475668d5968c97
ETHUSDT,permanent,False,1778688240000000000,2026-05-13T16:04:00.000000000Z,rebalance_skipped,joint_sizing:insufficient_cash,,,,,,,,,run_dfea4b7ac1475668d5968c97
BTCUSDT,permanent,False,1778774640000000000,2026-05-14T16:04:00.000000000Z,renewal,,,,,,2026-05-21T16:04:00.000000000Z,,1779379440000000000,,run_dfea4b7ac1475668d5968c97
BTCUSDT,permanent,False,1778774640000000000,2026-05-14T16:04:00.000000000Z,rebalance_skipped,joint_sizing:insufficient_cash,,,,,,,,,run_dfea4b7ac1475668d5968c97
ETHUSDT,permanent,False,1779293040000000000,2026-05-20T16:04:00.000000000Z,renewal,,,,,,2026-05-27T16:04:00.000000000Z,,1779897840000000000,,run_dfea4b7ac1475668d5968c97
ETHUSDT,permanent,False,1779293040000000000,2026-05-20T16:04:00.000000000Z,rebalance_skipped,joint_sizing:insufficient_cash,,,,,,,,,run_dfea4b7ac1475668d5968c97
BTCUSDT,permanent,False,1779379440000000000,2026-05-21T16:04:00.000000000Z,renewal,,,,,,2026-05-28T16:04:00.000000000Z,,1779984240000000000,,run_dfea4b7ac1475668d5968c97
BTCUSDT,permanent,False,1779379440000000000,2026-05-21T16:04:00.000000000Z,rebalance_skipped,joint_sizing:insufficient_cash,,,,,,,,,run_dfea4b7ac1475668d5968c97
ETHUSDT,permanent,False,1779897840000000000,2026-05-27T16:04:00.000000000Z,renewal,,,,,,2026-06-03T16:04:00.000000000Z,,1780502640000000000,,run_dfea4b7ac1475668d5968c97
ETHUSDT,permanent,False,1779897840000000000,2026-05-27T16:04:00.000000000Z,rebalance_skipped,joint_sizing:insufficient_cash,,,,,,,,,run_dfea4b7ac1475668d5968c97
BTCUSDT,permanent,False,1779984240000000000,2026-05-28T16:04:00.000000000Z,renewal,,,,,,2026-06-04T16:04:00.000000000Z,,1780589040000000000,,run_dfea4b7ac1475668d5968c97
BTCUSDT,permanent,False,1779984240000000000,2026-05-28T16:04:00.000000000Z,rebalance_skipped,joint_sizing:insufficient_cash,,,,,,,,,run_dfea4b7ac1475668d5968c97
ETHUSDT,permanent,False,1780502640000000000,2026-06-03T16:04:00.000000000Z,renewal,,,,,,2026-06-10T16:04:00.000000000Z,,1781107440000000000,,run_dfea4b7ac1475668d5968c97
ETHUSDT,permanent,False,1780502640000000000,2026-06-03T16:04:00.000000000Z,rebalance_skipped,joint_sizing:insufficient_cash,,,,,,,,,run_dfea4b7ac1475668d5968c97
BTCUSDT,permanent,False,1780589040000000000,2026-06-04T16:04:00.000000000Z,renewal,,,,,,2026-06-11T16:04:00.000000000Z,,1781193840000000000,,run_dfea4b7ac1475668d5968c97
BTCUSDT,permanent,False,1780589040000000000,2026-06-04T16:04:00.000000000Z,rebalance_skipped,joint_sizing:insufficient_cash,,,,,,,,,run_dfea4b7ac1475668d5968c97
ETHUSDT,permanent,False,1781107440000000000,2026-06-10T16:04:00.000000000Z,renewal,,,,,,2026-06-17T16:04:00.000000000Z,,1781712240000000000,,run_dfea4b7ac1475668d5968c97
ETHUSDT,permanent,False,1781107440000000000,2026-06-10T16:04:00.000000000Z,rebalance_skipped,joint_sizing:insufficient_cash,,,,,,,,,run_dfea4b7ac1475668d5968c97
BTCUSDT,permanent,False,1781193840000000000,2026-06-11T16:04:00.000000000Z,renewal,,,,,,2026-06-18T16:04:00.000000000Z,,1781798640000000000,,run_dfea4b7ac1475668d5968c97
BTCUSDT,permanent,False,1781193840000000000,2026-06-11T16:04:00.000000000Z,rebalance_skipped,joint_sizing:insufficient_cash,,,,,,,,,run_dfea4b7ac1475668d5968c97
ETHUSDT,permanent,False,1781712240000000000,2026-06-17T16:04:00.000000000Z,renewal,,,,,,2026-06-24T16:04:00.000000000Z,,1782317040000000000,,run_dfea4b7ac1475668d5968c97
ETHUSDT,permanent,False,1781712240000000000,2026-06-17T16:04:00.000000000Z,rebalance_skipped,joint_sizing:insufficient_cash,,,,,,,,,run_dfea4b7ac1475668d5968c97
BTCUSDT,permanent,False,1781798640000000000,2026-06-18T16:04:00.000000000Z,renewal,,,,,,2026-06-25T16:04:00.000000000Z,,1782403440000000000,,run_dfea4b7ac1475668d5968c97
BTCUSDT,permanent,False,1781798640000000000,2026-06-18T16:04:00.000000000Z,rebalance_skipped,joint_sizing:insufficient_cash,,,,,,,,,run_dfea4b7ac1475668d5968c97
ETHUSDT,permanent,False,1782317040000000000,2026-06-24T16:04:00.000000000Z,renewal,,,,,,2026-07-01T16:04:00.000000000Z,,1782921840000000000,,run_dfea4b7ac1475668d5968c97
ETHUSDT,permanent,False,1782317040000000000,2026-06-24T16:04:00.000000000Z,rebalance_skipped,joint_sizing:insufficient_cash,,,,,,,,,run_dfea4b7ac1475668d5968c97
BTCUSDT,permanent,False,1782403440000000000,2026-06-25T16:04:00.000000000Z,renewal,,,,,,2026-07-02T16:04:00.000000000Z,,1783008240000000000,,run_dfea4b7ac1475668d5968c97
BTCUSDT,permanent,False,1782403440000000000,2026-06-25T16:04:00.000000000Z,rebalance_skipped,joint_sizing:insufficient_cash,,,,,,,,,run_dfea4b7ac1475668d5968c97
ETHUSDT,permanent,False,1782921840000000000,2026-07-01T16:04:00.000000000Z,renewal,,,,,,2026-07-08T16:04:00.000000000Z,,1783526640000000000,,run_dfea4b7ac1475668d5968c97
ETHUSDT,permanent,False,1782921840000000000,2026-07-01T16:04:00.000000000Z,rebalance_skipped,joint_sizing:insufficient_cash,,,,,,,,,run_dfea4b7ac1475668d5968c97
BTCUSDT,permanent,False,1783008240000000000,2026-07-02T16:04:00.000000000Z,renewal,,,,,,2026-07-09T16:04:00.000000000Z,,1783613040000000000,,run_dfea4b7ac1475668d5968c97
BTCUSDT,permanent,False,1783008240000000000,2026-07-02T16:04:00.000000000Z,rebalance_skipped,joint_sizing:insufficient_cash,,,,,,,,,run_dfea4b7ac1475668d5968c97
ETHUSDT,permanent,False,1783526640000000000,2026-07-08T16:04:00.000000000Z,renewal,,,,,,2026-07-15T16:04:00.000000000Z,,1784131440000000000,,run_dfea4b7ac1475668d5968c97
ETHUSDT,permanent,False,1783526640000000000,2026-07-08T16:04:00.000000000Z,transition,renewal_rebalance,HOLDING,REBALANCING,,ETHUSDT-1755100860006000000,,,,,run_dfea4b7ac1475668d5968c97
ETHUSDT,permanent,False,1783526760000000000,2026-07-08T16:06:00.000000000Z,transition,rebalance_complete,REBALANCING,HOLDING,,ETHUSDT-1755100860006000000,,,,,run_dfea4b7ac1475668d5968c97
BTCUSDT,permanent,False,1783613040000000000,2026-07-09T16:04:00.000000000Z,renewal,,,,,,2026-07-16T16:04:00.000000000Z,,1784217840000000000,,run_dfea4b7ac1475668d5968c97
BTCUSDT,permanent,False,1783613040000000000,2026-07-09T16:04:00.000000000Z,rebalance_skipped,joint_sizing:insufficient_cash,,,,,,,,,run_dfea4b7ac1475668d5968c97
ETHUSDT,permanent,False,1784131440000000000,2026-07-15T16:04:00.000000000Z,renewal,,,,,,2026-07-22T16:04:00.000000000Z,,1784736240000000000,,run_dfea4b7ac1475668d5968c97
ETHUSDT,permanent,False,1784131440000000000,2026-07-15T16:04:00.000000000Z,rebalance_skipped,joint_sizing:insufficient_cash,,,,,,,,,run_dfea4b7ac1475668d5968c97
BTCUSDT,permanent,False,1784217840000000000,2026-07-16T16:04:00.000000000Z,renewal,,,,,,2026-07-23T16:04:00.000000000Z,,1784822640000000000,,run_dfea4b7ac1475668d5968c97
BTCUSDT,permanent,False,1784217840000000000,2026-07-16T16:04:00.000000000Z,rebalance_skipped,joint_sizing:insufficient_cash,,,,,,,,,run_dfea4b7ac1475668d5968c97
ETHUSDT,permanent,False,1784736240000000000,2026-07-22T16:04:00.000000000Z,renewal,,,,,,2026-07-29T16:04:00.000000000Z,,1785341040000000000,,run_dfea4b7ac1475668d5968c97
ETHUSDT,permanent,False,1784736240000000000,2026-07-22T16:04:00.000000000Z,rebalance_skipped,joint_sizing:insufficient_cash,,,,,,,,,run_dfea4b7ac1475668d5968c97
BTCUSDT,permanent,False,1784822640000000000,2026-07-23T16:04:00.000000000Z,renewal,,,,,,2026-07-30T16:04:00.000000000Z,,1785427440000000000,,run_dfea4b7ac1475668d5968c97
BTCUSDT,permanent,False,1784822640000000000,2026-07-23T16:04:00.000000000Z,rebalance_skipped,joint_sizing:insufficient_cash,,,,,,,,,run_dfea4b7ac1475668d5968c97
ETHUSDT,permanent,False,1785341040000000000,2026-07-29T16:04:00.000000000Z,renewal,,,,,,2026-08-05T16:04:00.000000000Z,,1785945840000000000,,run_dfea4b7ac1475668d5968c97
ETHUSDT,permanent,False,1785341040000000000,2026-07-29T16:04:00.000000000Z,rebalance_skipped,joint_sizing:insufficient_cash,,,,,,,,,run_dfea4b7ac1475668d5968c97
BTCUSDT,permanent,False,1785427440000000000,2026-07-30T16:04:00.000000000Z,renewal,,,,,,2026-08-06T16:04:00.000000000Z,,1786032240000000000,,run_dfea4b7ac1475668d5968c97
BTCUSDT,permanent,False,1785427440000000000,2026-07-30T16:04:00.000000000Z,rebalance_skipped,joint_sizing:insufficient_cash,,,,,,,,,run_dfea4b7ac1475668d5968c97
ETHUSDT,permanent,False,1785945840000000000,2026-08-05T16:04:00.000000000Z,renewal,,,,,,2026-08-12T16:04:00.000000000Z,,1786550640000000000,,run_dfea4b7ac1475668d5968c97
ETHUSDT,permanent,False,1785945840000000000,2026-08-05T16:04:00.000000000Z,rebalance_skipped,joint_sizing:insufficient_cash,,,,,,,,,run_dfea4b7ac1475668d5968c97
BTCUSDT,permanent,False,1786032240000000000,2026-08-06T16:04:00.000000000Z,renewal,,,,,,2026-08-13T16:04:00.000000000Z,,1786637040000000000,,run_dfea4b7ac1475668d5968c97
BTCUSDT,permanent,False,1786032240000000000,2026-08-06T16:04:00.000000000Z,rebalance_skipped,joint_sizing:insufficient_cash,,,,,,,,,run_dfea4b7ac1475668d5968c97
ETHUSDT,permanent,False,1786550640000000000,2026-08-12T16:04:00.000000000Z,renewal,,,,,,2026-08-19T16:04:00.000000000Z,,1787155440000000000,,run_dfea4b7ac1475668d5968c97
ETHUSDT,permanent,False,1786550640000000000,2026-08-12T16:04:00.000000000Z,rebalance_skipped,joint_sizing:insufficient_cash,,,,,,,,,run_dfea4b7ac1475668d5968c97
BTCUSDT,permanent,False,1786637040000000000,2026-08-13T16:04:00.000000000Z,renewal,,,,,,2026-08-20T16:04:00.000000000Z,,1787241840000000000,,run_dfea4b7ac1475668d5968c97
BTCUSDT,permanent,False,1786637040000000000,2026-08-13T16:04:00.000000000Z,rebalance_skipped,joint_sizing:insufficient_cash,,,,,,,,,run_dfea4b7ac1475668d5968c97
ETHUSDT,permanent,False,1787155440000000000,2026-08-19T16:04:00.000000000Z,renewal,,,,,,2026-08-26T16:04:00.000000000Z,,1787760240000000000,,run_dfea4b7ac1475668d5968c97
ETHUSDT,permanent,False,1787155440000000000,2026-08-19T16:04:00.000000000Z,rebalance_skipped,joint_sizing:insufficient_cash,,,,,,,,,run_dfea4b7ac1475668d5968c97
BTCUSDT,permanent,False,1787241840000000000,2026-08-20T16:04:00.000000000Z,renewal,,,,,,2026-08-27T16:04:00.000000000Z,,1787846640000000000,,run_dfea4b7ac1475668d5968c97
BTCUSDT,permanent,False,1787241840000000000,2026-08-20T16:04:00.000000000Z,rebalance_skipped,joint_sizing:insufficient_cash,,,,,,,,,run_dfea4b7ac1475668d5968c97
ETHUSDT,permanent,False,1787760240000000000,2026-08-26T16:04:00.000000000Z,renewal,,,,,,2026-09-02T16:04:00.000000000Z,,1788365040000000000,,run_dfea4b7ac1475668d5968c97
ETHUSDT,permanent,False,1787760240000000000,2026-08-26T16:04:00.000000000Z,transition,renewal_rebalance,HOLDING,REBALANCING,,ETHUSDT-1755100860006000000,,,,,run_dfea4b7ac1475668d5968c97
ETHUSDT,permanent,False,1787760360000000000,2026-08-26T16:06:00.000000000Z,transition,rebalance_complete,REBALANCING,HOLDING,,ETHUSDT-1755100860006000000,,,,,run_dfea4b7ac1475668d5968c97
BTCUSDT,permanent,False,1787846640000000000,2026-08-27T16:04:00.000000000Z,renewal,,,,,,2026-09-03T16:04:00.000000000Z,,1788451440000000000,,run_dfea4b7ac1475668d5968c97
BTCUSDT,permanent,False,1787846640000000000,2026-08-27T16:04:00.000000000Z,rebalance_skipped,joint_sizing:insufficient_cash,,,,,,,,,run_dfea4b7ac1475668d5968c97
